ply
format ascii 1.0
element vertex 3200
property float x
property float y
property float z
element face 6368
property list uchar int vertex_indices
end_header
0.70000 -1.92483 -0.02737
0.64347 -1.94756 -0.02133
0.62006 -2.00101 -0.00279
0.64347 -2.05387 0.01739
0.70000 -2.07517 0.02737
0.75653 -2.05244 0.02133
0.77994 -1.99899 0.00279
0.75653 -1.94613 -0.01739
0.69782 -1.90478 0.02767
0.64160 -1.92895 0.02984
0.61831 -1.98295 0.04686
0.64160 -2.03517 0.06876
0.69782 -2.05502 0.08272
0.75404 -2.03085 0.08056
0.77733 -1.97684 0.06353
0.75404 -1.92462 0.04163
0.69130 -1.88480 0.08222
0.63570 -1.91039 0.08060
0.61266 -1.96493 0.09623
0.63570 -2.01646 0.11996
0.69130 -2.03480 0.13788
0.74690 -2.00921 0.13950
0.76993 -1.95467 0.12387
0.74690 -1.90314 0.10014
0.68046 -1.86487 0.13592
0.62579 -1.89192 0.13064
0.60314 -1.94695 0.14504
0.62579 -1.99774 0.17067
0.68046 -2.01453 0.19252
0.73514 -1.98748 0.19779
0.75779 -1.93244 0.18340
0.73514 -1.88166 0.15777
0.72323 -1.86432 0.21736
0.67185 -1.84448 0.19061
0.61670 -1.86864 0.17952
0.59007 -1.92265 0.19061
0.60756 -1.97487 0.21736
0.65894 -1.99471 0.24412
0.71410 -1.97055 0.25520
0.74073 -1.91654 0.24412
0.69853 -1.83899 0.26915
0.64672 -1.82516 0.23959
0.59460 -1.85488 0.22734
0.57270 -1.91073 0.23959
0.59385 -1.96000 0.26915
0.64565 -1.97383 0.29872
0.69777 -1.94412 0.31097
0.71967 -1.88827 0.29872
0.67059 -1.81513 0.31927
0.61943 -1.80637 0.28679
0.57033 -1.84039 0.27333
0.55206 -1.89726 0.28679
0.57531 -1.94366 0.31927
0.62647 -1.95242 0.35175
0.67557 -1.91840 0.36520
0.69384 -1.86153 0.35175
0.63953 -1.79228 0.36740
0.58978 -1.78782 0.33198
0.54358 -1.82522 0.31731
0.52799 -1.88259 0.33198
0.55214 -1.92631 0.36740
0.60189 -1.93078 0.40281
0.64809 -1.89337 0.41748
0.66368 -1.83601 0.40281
0.60542 -1.77015 0.41324
0.55765 -1.76934 0.37494
0.51419 -1.80945 0.35908
0.50050 -1.86699 0.37494
0.52460 -1.90824 0.41324
0.57237 -1.90905 0.45153
0.61583 -1.86894 0.46739
0.62952 -1.81141 0.45153
0.56834 -1.74852 0.45650
0.52299 -1.75087 0.41543
0.48214 -1.79319 0.39842
0.46971 -1.85068 0.41543
0.49299 -1.88967 0.45650
0.53834 -1.88732 0.49757
0.57920 -1.84501 0.51458
0.59162 -1.78751 0.49757
0.52843 -1.72726 0.49692
0.48585 -1.73237 0.45323
0.44746 -1.77651 0.43512
0.43577 -1.83382 0.45323
0.45761 -1.87073 0.49692
0.50019 -1.86562 0.54062
0.53857 -1.82148 0.55872
0.55027 -1.76417 0.54062
0.48583 -1.70626 0.53425
0.44630 -1.71382 0.48811
0.41029 -1.75950 0.46899
0.39888 -1.81654 0.48811
0.41876 -1.85153 0.53425
0.45829 -1.84397 0.58040
0.49431 -1.79829 0.59951
0.50572 -1.74125 0.58040
0.44075 -1.68547 0.56825
0.40451 -1.69522 0.51987
0.37076 -1.74222 0.49983
0.35928 -1.79892 0.51987
0.37678 -1.83212 0.56825
0.41302 -1.82237 0.61663
0.44676 -1.77537 0.63667
0.45825 -1.71866 0.61663
0.39340 -1.66483 0.59872
0.36065 -1.67658 0.54834
0.32909 -1.72472 0.52747
0.31721 -1.78105 0.54834
0.33197 -1.81256 0.59872
0.36472 -1.80080 0.64910
0.39628 -1.75266 0.66996
0.40816 -1.69634 0.64910
0.34403 -1.64431 0.62545
0.31493 -1.65791 0.57333
0.28548 -1.70706 0.55174
0.27294 -1.76297 0.57333
0.28465 -1.79288 0.62545
0.31376 -1.77928 0.67758
0.34321 -1.73013 0.69917
0.35574 -1.67422 0.67758
0.29292 -1.62388 0.64829
0.26759 -1.63921 0.59469
0.24018 -1.68926 0.57249
0.22676 -1.74472 0.59469
0.23517 -1.77310 0.64829
0.26050 -1.75778 0.70189
0.28791 -1.70773 0.72409
0.30134 -1.65227 0.70189
0.24035 -1.60354 0.66709
0.21889 -1.62049 0.61231
0.19345 -1.67135 0.58962
0.17894 -1.72634 0.61231
0.18386 -1.75324 0.66709
0.20532 -1.73629 0.72188
0.23075 -1.68543 0.74457
0.24526 -1.63044 0.72188
0.18664 -1.58327 0.68174
0.16911 -1.60177 0.62606
0.14557 -1.65337 0.60300
0.12980 -1.70786 0.62606
0.13105 -1.73331 0.68174
0.14857 -1.71481 0.73742
0.17212 -1.66321 0.76048
0.18788 -1.60872 0.73742
0.13209 -1.56307 0.69214
0.11853 -1.58306 0.63588
0.09680 -1.63534 0.61257
0.07964 -1.68930 0.63588
0.07709 -1.71331 0.69214
0.09065 -1.69333 0.74841
0.11238 -1.64104 0.77171
0.12954 -1.58709 0.74841
0.07705 -1.54292 0.69823
0.06746 -1.56436 0.64169
0.04746 -1.61728 0.61827
0.02876 -1.67067 0.64169
0.02232 -1.69326 0.69823
0.03191 -1.67182 0.75478
0.05192 -1.61890 0.77820
0.07062 -1.56551 0.75478
0.02186 -1.52282 0.69998
0.01620 -1.54570 0.64347
-0.00218 -1.59921 0.62006
-0.02252 -1.65200 0.64347
-0.03291 -1.67316 0.69998
-0.02725 -1.65028 0.75649
-0.00887 -1.59677 0.77990
0.01147 -1.54398 0.75649
-0.03315 -1.50278 0.69736
-0.03494 -1.52709 0.64119
-0.05181 -1.58115 0.61793
-0.07390 -1.63330 0.64119
-0.08825 -1.65300 0.69736
-0.08647 -1.62869 0.75353
-0.06959 -1.57463 0.77680
-0.04751 -1.52248 0.75353
-0.08763 -1.48280 0.69040
-0.08564 -1.50854 0.63488
-0.10114 -1.56313 0.61189
-0.12506 -1.61459 0.63488
-0.14337 -1.63278 0.69040
-0.14537 -1.60704 0.74593
-0.12986 -1.55245 0.76892
-0.10595 -1.50099 0.74593
-0.14123 -1.46288 0.67915
-0.13560 -1.49008 0.62458
-0.14988 -1.54516 0.60197
-0.17570 -1.59587 0.62458
-0.19794 -1.61249 0.67915
-0.20357 -1.58530 0.73372
-0.18929 -1.53022 0.75632
-0.16347 -1.47951 0.73372
-0.19359 -1.44304 0.66366
-0.18449 -1.47172 0.61034
-0.19773 -1.52727 0.58825
-0.22553 -1.57715 0.61034
-0.25163 -1.59214 0.66366
-0.26072 -1.56345 0.71699
-0.24749 -1.50790 0.73907
-0.21968 -1.45802 0.71699
-0.24437 -1.42328 0.64404
-0.23203 -1.45350 0.59224
-0.24441 -1.50950 0.57079
-0.27428 -1.55846 0.59224
-0.30412 -1.57170 0.64404
-0.31647 -1.54147 0.69584
-0.30408 -1.48548 0.71729
-0.27422 -1.43652 0.69584
-0.29323 -1.40362 0.62041
-0.27789 -1.43546 0.57041
-0.28967 -1.49186 0.54970
-0.32166 -1.53979 0.57041
-0.35513 -1.55116 0.62041
-0.37046 -1.51932 0.67041
-0.35868 -1.46291 0.69112
-0.32669 -1.41499 0.67041
-0.33982 -1.38408 0.59292
-0.32181 -1.41763 0.54497
-0.33325 -1.47441 0.52510
-0.36745 -1.52115 0.54497
-0.40436 -1.53049 0.59292
-0.42237 -1.49694 0.64087
-0.41092 -1.44017 0.66073
-0.37673 -1.39342 0.64087
-0.38380 -1.36472 0.56173
-0.36349 -1.40008 0.51606
-0.37492 -1.45718 0.49714
-0.41140 -1.50257 0.51606
-0.45156 -1.50966 0.56173
-0.47188 -1.47429 0.60740
-0.46044 -1.41719 0.62632
-0.42396 -1.37181 0.60740
-0.42484 -1.34556 0.52705
-0.40267 -1.38287 0.48386
-0.41448 -1.44023 0.46597
-0.45335 -1.48403 0.48386
-0.49651 -1.48861 0.52705
-0.51868 -1.45130 0.57023
-0.50687 -1.39394 0.58812
-0.46801 -1.35014 0.57023
-0.46262 -1.32669 0.48908
-0.43912 -1.36611 0.44855
-0.45175 -1.42363 0.43177
-0.49312 -1.46553 0.44855
-0.53898 -1.46728 0.48908
-0.56248 -1.42786 0.52961
-0.54985 -1.37034 0.54639
-0.50848 -1.32844 0.52961
-0.49679 -1.30820 0.44807
-0.47261 -1.34993 0.41034
-0.48663 -1.40745 0.39472
-0.53062 -1.44706 0.41034
-0.57883 -1.44557 0.44807
-0.60300 -1.40384 0.48579
-0.58899 -1.34632 0.50142
-0.54499 -1.30670 0.48579
-0.52703 -1.29026 0.40426
-0.50298 -1.33450 0.36944
-0.51904 -1.39179 0.35501
-0.56581 -1.42858 0.36944
-0.61589 -1.42331 0.40426
-0.63995 -1.37907 0.43909
-0.62389 -1.32177 0.45352
-0.57711 -1.28499 0.43909
-0.55304 -1.27308 0.35794
-0.53011 -1.32004 0.32605
-0.54903 -1.37675 0.31284
-0.59872 -1.41000 0.32605
-0.65008 -1.40029 0.35794
-0.67302 -1.35333 0.38984
-0.65409 -1.29661 0.40305
-0.60440 -1.26337 0.38984
-0.57454 -1.25699 0.30940
-0.55399 -1.30685 0.28040
-0.57674 -1.36241 0.26839
-0.62947 -1.39113 0.28040
-0.68129 -1.37617 0.30940
-0.70184 -1.32631 0.33839
-0.67908 -1.27075 0.35040
-0.62635 -1.24204 0.33839
-0.59133 -1.24248 0.25892
-0.57478 -1.29528 0.23270
-0.60250 -1.34878 0.22184
-0.65825 -1.37165 0.23270
-0.70938 -1.35049 0.25892
-0.72593 -1.29769 0.28514
-0.69821 -1.24418 0.29600
-0.64246 -1.22131 0.28514
-0.66875 -1.35125 0.17864
-0.72363 -1.33415 0.19971
-0.74637 -1.28321 0.22495
-0.72363 -1.22827 0.23958
-0.66875 -1.20151 0.23503
-0.61386 -1.21862 0.21395
-0.59112 -1.26956 0.18871
-0.61386 -1.32450 0.17408
-0.68297 -1.33131 0.12570
-0.73872 -1.31267 0.14283
-0.76181 -1.26099 0.16619
-0.73872 -1.20656 0.18208
-0.68297 -1.18125 0.18121
-0.62722 -1.19990 0.16408
-0.60413 -1.25157 0.14072
-0.62722 -1.30601 0.12483
-0.69295 -1.31131 0.07164
-0.74925 -1.29118 0.08480
-0.77257 -1.23883 0.10636
-0.74925 -1.18493 0.12367
-0.69295 -1.16105 0.12661
-0.63664 -1.18118 0.11344
-0.61332 -1.23354 0.09189
-0.63664 -1.28744 0.07458
-0.69860 -1.29126 0.01681
-0.75516 -1.26967 0.02601
-0.77858 -1.21669 0.04585
-0.75516 -1.16335 0.06470
-0.69860 -1.14091 0.07154
-0.64205 -1.16249 0.06234
-0.61862 -1.21547 0.04250
-0.64205 -1.26881 0.02364
-0.69991 -1.27114 -0.03844
-0.75641 -1.24812 -0.03318
-0.77980 -1.19456 -0.01495
-0.75641 -1.14183 0.00556
-0.69991 -1.12082 0.01634
-0.64342 -1.14384 0.01108
-0.62002 -1.19740 -0.00715
-0.64342 -1.25013 -0.02766
-0.69686 -1.25098 -0.09378
-0.75298 -1.22653 -0.09238
-0.77623 -1.17241 -0.07565
-0.75298 -1.12033 -0.05338
-0.69686 -1.10078 -0.03863
-0.64074 -1.12523 -0.04003
-0.61750 -1.17935 -0.05676
-0.64074 -1.23143 -0.07903
-0.68947 -1.23075 -0.14886
-0.74491 -1.20487 -0.15122
-0.76788 -1.15023 -0.13585
-0.74491 -1.09884 -0.11175
-0.68947 -1.08081 -0.09304
-0.63403 -1.10669 -0.09067
-0.61107 -1.16133 -0.10605
-0.63403 -1.21272 -0.13015
-0.61505 -1.18532 -0.17494
-0.66502 -1.21070 -0.19961
-0.72246 -1.19214 -0.20982
-0.75374 -1.14050 -0.19961
-0.74052 -1.08604 -0.17494
-0.69056 -1.06066 -0.15027
-0.63311 -1.07922 -0.14006
-0.60184 -1.13086 -0.15027
-0.60521 -1.17204 -0.22784
-0.65678 -1.19060 -0.25514
-0.71133 -1.16521 -0.26646
-0.73692 -1.11075 -0.25514
-0.71856 -1.05911 -0.22784
-0.66699 -1.04056 -0.20053
-0.61243 -1.06594 -0.18922
-0.58684 -1.12041 -0.20053
-0.59052 -1.15683 -0.27932
-0.64227 -1.16958 -0.30946
-0.69378 -1.13892 -0.32195
-0.71487 -1.08281 -0.30946
-0.69319 -1.03412 -0.27932
-0.64144 -1.02137 -0.24918
-0.58994 -1.05204 -0.23669
-0.56884 -1.10815 -0.24918
-0.57104 -1.14026 -0.32906
-0.62197 -1.14810 -0.36213
-0.67048 -1.11334 -0.37583
-0.68815 -1.05634 -0.36213
-0.66463 -1.01049 -0.32906
-0.61370 -1.00265 -0.29600
-0.56519 -1.03741 -0.28230
-0.54752 -1.09441 -0.29600
-0.54697 -1.12274 -0.37676
-0.59636 -1.12643 -0.41275
-0.64201 -1.08844 -0.42766
-0.65716 -1.03102 -0.41275
-0.63295 -0.98781 -0.37676
-0.58356 -0.98412 -0.34076
-0.53792 -1.02211 -0.32585
-0.52276 -1.07953 -0.34076
-0.51859 -1.10456 -0.42210
-0.56591 -1.10470 -0.46096
-0.60884 -1.06411 -0.47706
-0.62223 -1.00658 -0.46096
-0.59824 -0.96579 -0.42210
-0.55092 -0.96565 -0.38324
-0.50799 -1.00624 -0.36715
-0.49460 -1.06378 -0.38324
-0.48620 -1.08591 -0.46482
-0.53103 -1.08298 -0.50643
-0.57138 -1.04027 -0.52367
-0.58362 -0.98281 -0.50643
-0.56058 -0.94425 -0.46482
-0.51576 -0.94718 -0.42321
-0.47541 -0.98988 -0.40598
-0.46317 -1.04734 -0.42321
-0.45010 -1.06691 -0.50465
-0.49210 -1.06129 -0.54885
-0.53000 -1.01682 -0.56716
-0.54161 -0.95956 -0.54885
-0.52012 -0.92304 -0.50465
-0.47813 -0.92866 -0.46044
-0.44022 -0.97313 -0.44213
-0.42862 -1.03039 -0.46044
-0.41061 -1.04766 -0.54133
-0.44950 -1.03964 -0.58794
-0.48505 -0.99369 -0.60724
-0.49645 -0.93671 -0.58794
-0.47701 -0.90209 -0.54133
-0.43812 -0.91010 -0.49472
-0.40256 -0.95606 -0.47541
-0.39117 -1.01304 -0.49472
-0.36803 -1.02822 -0.57464
-0.40359 -1.01805 -0.62344
-0.43689 -0.97081 -0.64365
-0.44843 -0.91418 -0.62344
-0.43145 -0.88133 -0.57464
-0.39590 -0.89150 -0.52584
-0.36259 -0.93874 -0.50562
-0.35105 -0.99537 -0.52584
-0.32269 -1.00863 -0.60437
-0.35473 -0.99650 -0.65512
-0.38586 -0.94814 -0.67614
-0.39785 -0.89190 -0.65512
-0.38368 -0.86071 -0.60437
-0.35164 -0.87285 -0.55362
-0.32051 -0.92120 -0.53260
-0.30852 -0.97745 -0.55362
-0.27492 -0.98893 -0.63034
-0.30328 -0.97498 -0.68278
-0.33231 -0.92564 -0.70450
-0.34501 -0.86982 -0.68278
-0.33394 -0.84021 -0.63034
-0.30558 -0.85417 -0.57789
-0.27655 -0.90351 -0.55617
-0.26385 -0.95933 -0.57789
-0.22505 -0.96913 -0.65238
-0.24961 -0.95348 -0.70624
-0.27661 -0.90326 -0.72854
-0.29024 -0.84789 -0.70624
-0.28251 -0.81981 -0.65238
-0.25795 -0.83546 -0.59852
-0.23094 -0.88568 -0.57621
-0.21731 -0.94105 -0.59852
-0.17340 -0.94926 -0.67036
-0.19408 -0.93200 -0.72534
-0.21913 -0.88098 -0.74812
-0.23388 -0.82609 -0.72534
-0.22969 -0.79949 -0.67036
-0.20901 -0.81675 -0.61537
-0.18396 -0.86776 -0.59259
-0.16921 -0.92265 -0.61537
-0.12034 -0.92931 -0.68416
-0.13707 -0.91052 -0.73998
-0.16024 -0.85877 -0.76310
-0.17628 -0.80439 -0.73998
-0.17578 -0.77923 -0.68416
-0.15905 -0.79803 -0.62834
-0.13587 -0.84977 -0.60522
-0.11984 -0.90415 -0.62834
-0.06619 -0.90931 -0.69371
-0.07895 -0.88903 -0.75005
-0.10033 -0.83661 -0.77339
-0.11779 -0.78277 -0.75005
-0.12111 -0.75903 -0.69371
-0.10835 -0.77931 -0.63736
-0.08697 -0.83173 -0.61402
-0.06951 -0.88558 -0.63736
-0.01130 -0.88925 -0.69893
-0.02010 -0.86752 -0.75549
-0.03977 -0.81448 -0.77892
-0.05879 -0.76120 -0.75549
-0.06602 -0.73889 -0.69893
-0.05721 -0.76063 -0.64237
-0.03754 -0.81366 -0.61894
-0.01852 -0.86694 -0.64237
0.04398 -0.86913 -0.69980
0.03910 -0.84597 -0.75627
0.02103 -0.79234 -0.77966
0.00035 -0.73967 -0.75627
-0.01083 -0.71881 -0.69980
-0.00595 -0.74197 -0.64333
0.01212 -0.79559 -0.61994
0.03280 -0.84827 -0.64333
0.09931 -0.84896 -0.69632
0.09829 -0.82437 -0.75238
0.08170 -0.77020 -0.77561
0.05925 -0.71818 -0.75238
0.04410 -0.69878 -0.69632
0.04512 -0.72337 -0.64025
0.06171 -0.77754 -0.61703
0.08416 -0.82956 -0.64025
0.15434 -0.82873 -0.68850
0.15707 -0.80270 -0.74385
0.14183 -0.74801 -0.76678
0.11754 -0.69669 -0.74385
0.09843 -0.67881 -0.68850
0.09570 -0.70484 -0.63314
0.11095 -0.75953 -0.61021
0.13524 -0.81084 -0.63314
0.20876 -0.80843 -0.67639
0.21510 -0.78094 -0.73073
0.20104 -0.72576 -0.75324
0.17483 -0.67521 -0.73073
0.15181 -0.65891 -0.67639
0.14547 -0.68640 -0.62204
0.15953 -0.74157 -0.59953
0.18574 -0.79212 -0.62204
0.26223 -0.78806 -0.66006
0.27200 -0.75907 -0.71311
0.25895 -0.70343 -0.73508
0.23074 -0.65372 -0.71311
0.20388 -0.63908 -0.66006
0.19412 -0.66807 -0.60702
0.20716 -0.72371 -0.58505
0.23538 -0.77341 -0.60702
0.31445 -0.76760 -0.63963
0.32742 -0.73706 -0.69109
0.31517 -0.68098 -0.71240
0.28489 -0.63222 -0.69109
0.25431 -0.61933 -0.63963
0.24134 -0.64988 -0.58817
0.25359 -0.70596 -0.56686
0.28387 -0.75472 -0.58817
0.36512 -0.74704 -0.61522
0.38102 -0.71486 -0.66483
0.36933 -0.65838 -0.68537
0.33690 -0.61068 -0.66483
0.30274 -0.59970 -0.61522
0.28684 -0.63187 -0.56561
0.29853 -0.68836 -0.54506
0.33096 -0.73606 -0.56561
0.41397 -0.72634 -0.58697
0.43247 -0.69244 -0.63448
0.42106 -0.63559 -0.65416
0.38641 -0.58910 -0.63448
0.34883 -0.58020 -0.58697
0.33033 -0.61410 -0.53946
0.34175 -0.67094 -0.51978
0.37639 -0.71743 -0.53946
0.46074 -0.70547 -0.55507
0.48146 -0.66973 -0.60026
0.46999 -0.61257 -0.61898
0.43304 -0.56748 -0.60026
0.39226 -0.56086 -0.55507
0.37153 -0.59661 -0.50988
0.38301 -0.65376 -0.49116
0.41996 -0.69885 -0.50988
0.50521 -0.68437 -0.51971
0.52769 -0.64665 -0.56238
0.51576 -0.58925 -0.58005
0.47640 -0.54581 -0.56238
0.43267 -0.54176 -0.51971
0.41019 -0.57948 -0.47704
0.42212 -0.63688 -0.45937
0.46148 -0.68032 -0.47704
0.54717 -0.66298 -0.48111
0.57086 -0.62310 -0.52109
0.55799 -0.56558 -0.53765
0.51611 -0.52409 -0.52109
0.46975 -0.52295 -0.48111
0.44606 -0.56283 -0.44114
0.45892 -0.62035 -0.42458
0.50080 -0.66184 -0.44114
0.58646 -0.64117 -0.43952
0.61069 -0.59895 -0.47667
0.59632 -0.54145 -0.49206
0.55178 -0.50236 -0.47667
0.50316 -0.50456 -0.43952
0.47894 -0.54678 -0.40237
0.49331 -0.60427 -0.38698
0.53784 -0.64337 -0.40237
0.62296 -0.61878 -0.39519
0.64688 -0.57401 -0.42944
0.63032 -0.51679 -0.44362
0.58297 -0.48065 -0.42944
0.53258 -0.48675 -0.39519
0.50866 -0.53152 -0.36095
0.52523 -0.58873 -0.34677
0.57257 -0.62488 -0.36095
0.65656 -0.59557 -0.34840
0.67913 -0.54804 -0.37971
0.65953 -0.49150 -0.39268
0.60923 -0.45907 -0.37971
0.55771 -0.46976 -0.34840
0.53514 -0.51729 -0.31710
0.55474 -0.57383 -0.30413
0.60504 -0.60625 -0.31710
0.68716 -0.57118 -0.29944
0.70705 -0.52073 -0.32787
0.68340 -0.46549 -0.33964
0.63006 -0.43783 -0.32787
0.57828 -0.45395 -0.29944
0.55839 -0.50440 -0.27102
0.58204 -0.55963 -0.25925
0.63538 -0.58730 -0.27102
0.71460 -0.54511 -0.24862
0.73012 -0.49174 -0.27431
0.70126 -0.43879 -0.28495
0.64493 -0.41729 -0.27431
0.59412 -0.43982 -0.24862
0.57860 -0.49319 -0.22293
0.60746 -0.54613 -0.21229
0.66379 -0.56764 -0.22293
0.67193 -0.39746 -0.22434
0.61684 -0.41487 -0.20406
0.59403 -0.46597 -0.17920
0.61684 -0.52081 -0.16433
0.67193 -0.54727 -0.16816
0.72701 -0.52985 -0.18844
0.74983 -0.47876 -0.21330
0.72701 -0.42392 -0.22817
0.68531 -0.37721 -0.17034
0.62943 -0.39615 -0.15401
0.60628 -0.44797 -0.13102
0.62943 -0.50230 -0.11485
0.68531 -0.52732 -0.11496
0.74119 -0.50837 -0.13130
0.76434 -0.45655 -0.15429
0.74119 -0.40223 -0.17046
0.69442 -0.35702 -0.11562
0.63804 -0.37744 -0.10325
0.61469 -0.42992 -0.08205
0.63804 -0.48371 -0.06443
0.69442 -0.50731 -0.06073
0.75081 -0.48688 -0.07309
0.77416 -0.43440 -0.09430
0.75081 -0.38061 -0.11191
0.69922 -0.33688 -0.06050
0.64265 -0.35876 -0.05209
0.61922 -0.41186 -0.03258
0.64265 -0.46508 -0.01340
0.69922 -0.48724 -0.00578
0.75578 -0.46536 -0.01419
0.77921 -0.41226 -0.03370
0.75578 -0.35905 -0.05288
0.69965 -0.31680 -0.00532
0.64321 -0.34011 -0.00083
0.61983 -0.39379 0.01708
0.64321 -0.44640 0.03794
0.69965 -0.46712 0.04951
0.75609 -0.44381 0.04503
0.77947 -0.39013 0.02711
0.75609 -0.33752 0.00626
0.69573 -0.29678 0.04957
0.63972 -0.32151 0.05021
0.61652 -0.37574 0.06666
0.63972 -0.42769 0.08928
0.69573 -0.44694 0.10483
0.75174 -0.42220 0.10419
0.77494 -0.36798 0.08774
0.75174 -0.31603 0.06512
0.68748 -0.27682 0.10382
0.63221 -0.30299 0.10072
0.60932 -0.35773 0.11584
0.63221 -0.40897 0.14032
0.68748 -0.42670 0.15982
0.74274 -0.40053 0.16292
0.76564 -0.34579 0.14780
0.74274 -0.29455 0.12332
0.73642 -0.28047 0.18562
0.68599 -0.25653 0.16045
0.62910 -0.27660 0.15002
0.59905 -0.32893 0.16045
0.61347 -0.38285 0.18562
0.66389 -0.40679 0.21079
0.72079 -0.38671 0.22121
0.75083 -0.33439 0.21079
0.71375 -0.25398 0.23826
0.66205 -0.23666 0.21040
0.60809 -0.26322 0.19886
0.58350 -0.31809 0.21040
0.60266 -0.36913 0.23826
0.65436 -0.38645 0.26612
0.70831 -0.35990 0.27766
0.73291 -0.30503 0.26612
0.68773 -0.22930 0.28942
0.63608 -0.21760 0.25869
0.58518 -0.24917 0.24597
0.56485 -0.30551 0.25869
0.58700 -0.35361 0.28942
0.63866 -0.36531 0.32014
0.68956 -0.33375 0.33287
0.70988 -0.27741 0.32014
0.65854 -0.20589 0.33878
0.60786 -0.19893 0.30512
0.55994 -0.23440 0.29118
0.54284 -0.29152 0.30512
0.56658 -0.33682 0.33878
0.61726 -0.34378 0.37243
0.66518 -0.30831 0.38637
0.68228 -0.25120 0.37243
0.62625 -0.18336 0.38602
0.57723 -0.18042 0.34945
0.53214 -0.21898 0.33430
0.51740 -0.27644 0.34945
0.54163 -0.31915 0.38602
0.59065 -0.32209 0.42260
0.63574 -0.28353 0.43775
0.65048 -0.22607 0.42260
0.59094 -0.16145 0.43087
0.54409 -0.16196 0.39145
0.50169 -0.20300 0.37512
0.48857 -0.26054 0.39145
0.51243 -0.30086 0.43087
0.55928 -0.30035 0.47029
0.60168 -0.25931 0.48661
0.61479 -0.20177 0.47029
0.55271 -0.13998 0.47303
0.50843 -0.14348 0.43088
0.46858 -0.18656 0.41343
0.45650 -0.24399 0.43088
0.47927 -0.28213 0.47303
0.52355 -0.27863 0.51517
0.56340 -0.23555 0.53262
0.57548 -0.17812 0.51517
0.51170 -0.11883 0.51224
0.47031 -0.12496 0.46754
0.43289 -0.16974 0.44902
0.42135 -0.22695 0.46754
0.44247 -0.26308 0.51224
0.48386 -0.25695 0.55694
0.52128 -0.21217 0.57546
0.53282 -0.15496 0.55694
0.46809 -0.09792 0.54826
0.42985 -0.10639 0.50120
0.39475 -0.15261 0.48170
0.38335 -0.20953 0.50120
0.40233 -0.24379 0.54826
0.44057 -0.23532 0.59533
0.47567 -0.18909 0.61483
0.48706 -0.13218 0.59533
0.42207 -0.07719 0.58088
0.38720 -0.08777 0.53167
0.35434 -0.13524 0.51128
0.34273 -0.19180 0.53167
0.35917 -0.22431 0.58088
0.39404 -0.21374 0.63008
0.42690 -0.16626 0.65047
0.43851 -0.10971 0.63008
0.37388 -0.05660 0.60987
0.34257 -0.06912 0.55876
0.31186 -0.11768 0.53759
0.29975 -0.17384 0.55876
0.31332 -0.20470 0.60987
0.34463 -0.19219 0.66098
0.37534 -0.14363 0.68215
0.38745 -0.08747 0.66098
0.32378 -0.03613 0.63506
0.29617 -0.05043 0.58232
0.26755 -0.09995 0.56047
0.25468 -0.15568 0.58232
0.26510 -0.18498 0.63506
0.29271 -0.17068 0.68781
0.32133 -0.12115 0.70966
0.33420 -0.06542 0.68781
0.27205 -0.01574 0.65630
0.24826 -0.03172 0.60220
0.22165 -0.08211 0.57978
0.20781 -0.13738 0.60220
0.21485 -0.16517 0.65630
0.23864 -0.14918 0.71041
0.26525 -0.09880 0.73282
0.27909 -0.04352 0.71041
0.21898 0.00457 0.67346
0.19909 -0.01300 0.61828
0.17442 -0.06417 0.59542
0.15943 -0.11896 0.61828
0.16289 -0.14527 0.67346
0.18279 -0.12770 0.72863
0.20746 -0.07653 0.75149
0.22245 -0.02175 0.72863
0.16490 0.02482 0.68641
0.14896 0.00572 0.63047
0.12615 -0.04616 0.60729
0.10984 -0.10044 0.63047
0.10958 -0.12532 0.68641
0.12552 -0.10622 0.74236
0.14833 -0.05434 0.76554
0.16464 -0.00006 0.74236
0.11012 0.04500 0.69510
0.09815 0.02443 0.63869
0.07712 -0.02812 0.61532
0.05935 -0.08185 0.63869
0.05526 -0.10530 0.69510
0.06723 -0.08473 0.75151
0.08826 -0.03218 0.77488
0.10602 0.02155 0.75151
0.05498 0.06513 0.69945
0.04696 0.04311 0.64289
0.02762 -0.01005 0.61945
0.00828 -0.06321 0.64289
0.00026 -0.08523 0.69945
0.00828 -0.06321 0.75602
0.02762 -0.01005 0.77945
0.04696 0.04311 0.75602
-0.00019 0.08520 0.69945
-0.00429 0.06175 0.64304
-0.02205 0.00802 0.61967
-0.04308 -0.04453 0.64304
-0.05505 -0.06510 0.69945
-0.05095 -0.04165 0.75587
-0.03319 0.01208 0.77923
-0.01216 0.06463 0.75587
-0.05503 0.10522 0.69510
-0.05529 0.08034 0.63915
-0.07160 0.02606 0.61598
-0.09440 -0.02582 0.63915
-0.11035 -0.04492 0.69510
-0.11009 -0.02004 0.75105
-0.09378 0.03424 0.77422
-0.07097 0.08612 0.75105
-0.10920 0.12517 0.68641
-0.10573 0.09886 0.63124
-0.12072 0.04407 0.60838
-0.14539 -0.00710 0.63124
-0.16529 -0.02467 0.68641
-0.16875 0.00164 0.74159
-0.15376 0.05643 0.76445
-0.12909 0.10760 0.74159
-0.16234 0.14506 0.67346
-0.15530 0.11728 0.61935
-0.16914 0.06201 0.59694
-0.19575 0.01162 0.61935
-0.21954 -0.00436 0.67346
-0.22658 0.02342 0.72756
-0.21274 0.07870 0.74997
-0.18613 0.12908 0.72756
-0.21411 0.16488 0.65630
-0.20369 0.13558 0.60356
-0.21656 0.07985 0.58171
-0.24518 0.03033 0.60356
-0.27279 0.01603 0.65630
-0.28321 0.04532 0.70905
-0.27034 0.10105 0.73090
-0.24172 0.15058 0.70905
-0.26416 0.18460 0.63506
-0.25059 0.15374 0.58395
-0.26270 0.09758 0.56278
-0.29341 0.04902 0.58395
-0.32472 0.03650 0.63506
-0.33829 0.06737 0.68617
-0.32618 0.12353 0.70734
-0.29547 0.17209 0.68617
-0.31215 0.20421 0.60987
-0.29571 0.17170 0.56066
-0.30732 0.11514 0.54028
-0.34018 0.06767 0.56066
-0.37505 0.05709 0.60987
-0.39149 0.08961 0.65908
-0.37988 0.14616 0.67946
-0.34702 0.19364 0.65908
-0.35774 0.22369 0.58088
-0.33876 0.18943 0.53381
-0.35016 0.13251 0.51431
-0.38526 0.08629 0.53381
-0.42350 0.07782 0.58088
-0.44248 0.11208 0.62794
-0.43108 0.16899 0.64744
-0.39598 0.21522 0.62794
-0.40059 0.24298 0.54826
-0.37948 0.20685 0.50356
-0.39101 0.14964 0.48505
-0.42843 0.10485 0.50356
-0.46983 0.09873 0.54826
-0.49094 0.13486 0.59297
-0.47941 0.19207 0.61148
-0.44198 0.23685 0.59297
-0.44036 0.26203 0.51224
-0.41759 0.22389 0.47010
-0.42967 0.16646 0.45264
-0.46952 0.12338 0.47010
-0.51380 0.11988 0.51224
-0.53658 0.15802 0.55438
-0.52450 0.21545 0.57184
-0.48465 0.25853 0.55438
-0.47673 0.28076 0.47303
-0.45288 0.24044 0.43361
-0.46600 0.18290 0.41728
-0.50840 0.14186 0.43361
-0.55525 0.14135 0.47303
-0.57910 0.18167 0.51245
-0.56598 0.23921 0.52877
-0.52358 0.28025 0.51245
-0.50937 0.29905 0.43087
-0.48514 0.25634 0.39429
-0.49989 0.19888 0.37914
-0.54497 0.16032 0.39429
-0.59399 0.16326 0.43087
-0.61822 0.20597 0.46744
-0.60348 0.26343 0.48259
-0.55839 0.30199 0.46744
-0.53796 0.31672 0.38602
-0.51422 0.27142 0.35237
-0.53132 0.21430 0.33843
-0.57924 0.17883 0.35237
-0.62992 0.18579 0.38602
-0.65366 0.23109 0.41968
-0.63656 0.28821 0.43362
-0.58864 0.32368 0.41968
-0.56220 0.33351 0.33878
-0.54004 0.28540 0.30805
-0.56037 0.22907 0.29532
-0.61127 0.19750 0.30805
-0.66293 0.20920 0.33878
-0.68508 0.25731 0.36950
-0.66475 0.31365 0.38223
-0.61385 0.34521 0.36950
-0.58182 0.34903 0.28942
-0.56266 0.29799 0.26156
-0.58726 0.24312 0.25002
-0.64121 0.21656 0.26156
-0.69291 0.23388 0.28942
-0.71207 0.28492 0.31728
-0.68748 0.33980 0.32882
-0.63353 0.36635 0.31728
-0.59673 0.36275 0.23826
-0.58232 0.30883 0.21309
-0.61236 0.25650 0.20266
-0.66926 0.23643 0.21309
-0.71968 0.26037 0.23826
-0.73409 0.31429 0.26343
-0.70405 0.36661 0.27386
-0.64715 0.38669 0.26343
-0.67494 0.25672 0.15762
-0.73021 0.27445 0.17712
-0.75310 0.32569 0.20160
-0.73021 0.38043 0.21672
-0.67494 0.40660 0.21362
-0.61967 0.38887 0.19412
-0.59678 0.33763 0.16964
-0.61967 0.28289 0.15452
-0.68748 0.27668 0.10419
-0.74348 0.29593 0.11974
-0.76668 0.34788 0.14236
-0.74348 0.40210 0.15881
-0.68748 0.42684 0.15945
-0.63147 0.40759 0.14390
-0.60827 0.35564 0.12128
-0.63147 0.30141 0.10483
-0.69573 0.29670 0.04978
-0.75217 0.31742 0.06136
-0.77555 0.37003 0.08221
-0.75217 0.42371 0.10013
-0.69573 0.44701 0.10461
-0.63929 0.42630 0.09304
-0.61591 0.37369 0.07219
-0.63929 0.32001 0.05427
-0.69965 0.31678 -0.00526
-0.75622 0.33894 0.00236
-0.77965 0.39216 0.02154
-0.75622 0.44526 0.04105
-0.69965 0.46714 0.04945
-0.64308 0.44497 0.04184
-0.61965 0.39176 0.02266
-0.64308 0.33866 0.00315
-0.69922 0.33692 -0.06059
-0.75560 0.36051 -0.05688
-0.77895 0.41430 -0.03926
-0.75560 0.46678 -0.01806
-0.69922 0.48720 -0.00569
-0.64283 0.46361 -0.00940
-0.61948 0.40982 -0.02702
-0.64283 0.35734 -0.04822
-0.69442 0.35711 -0.11586
-0.75031 0.38212 -0.11598
-0.77346 0.43645 -0.09981
-0.75031 0.48827 -0.07682
-0.69442 0.50722 -0.06048
-0.63854 0.48220 -0.06036
-0.61539 0.42787 -0.07653
-0.63854 0.37605 -0.09952
-0.68531 0.37736 -0.17075
-0.74039 0.40382 -0.17458
-0.76321 0.45866 -0.15971
-0.74039 0.50975 -0.13485
-0.68531 0.52717 -0.11456
-0.63023 0.50070 -0.11073
-0.60741 0.44587 -0.12560
-0.63023 0.39477 -0.15046
-0.61169 0.41972 -0.19625
-0.66250 0.39719 -0.22194
-0.71883 0.41869 -0.23258
-0.74769 0.47164 -0.22194
-0.73216 0.52501 -0.19625
-0.68136 0.54754 -0.17056
-0.62502 0.52603 -0.15992
-0.59617 0.47309 -0.17056
-0.59992 0.43384 -0.24862
-0.65170 0.41773 -0.27704
-0.70504 0.44539 -0.28882
-0.72869 0.50063 -0.27704
-0.70880 0.55108 -0.24862
-0.65702 0.56720 -0.22020
-0.60368 0.53953 -0.20842
-0.58003 0.48430 -0.22020
-0.58329 0.44966 -0.29944
-0.63482 0.43897 -0.33075
-0.68511 0.47140 -0.34372
-0.70472 0.52793 -0.33075
-0.68214 0.57547 -0.29944
-0.63062 0.58615 -0.26814
-0.58033 0.55373 -0.25517
-0.56072 0.49719 -0.26814
-0.56195 0.46665 -0.34840
-0.61234 0.46055 -0.38265
-0.65968 0.49669 -0.39683
-0.67625 0.55391 -0.38265
-0.65233 0.59868 -0.34840
-0.60194 0.60478 -0.31416
-0.55459 0.56863 -0.29998
-0.53803 0.51142 -0.31416
-0.53612 0.48446 -0.39519
-0.58474 0.48226 -0.43235
-0.62928 0.52135 -0.44773
-0.64365 0.57885 -0.43235
-0.61943 0.62107 -0.39519
-0.57081 0.62327 -0.35804
-0.52627 0.58417 -0.34265
-0.51190 0.52668 -0.35804
-0.50610 0.50285 -0.43952
-0.55247 0.50399 -0.47950
-0.59435 0.54548 -0.49606
-0.60721 0.60300 -0.47950
-0.58352 0.64288 -0.43952
-0.53716 0.64174 -0.39955
-0.49528 0.60025 -0.38299
-0.48241 0.54273 -0.39955
-0.47219 0.52166 -0.48111
-0.51592 0.52571 -0.52378
-0.55528 0.56915 -0.54145
-0.56721 0.62655 -0.52378
-0.54473 0.66427 -0.48111
-0.50100 0.66022 -0.43845
-0.46164 0.61678 -0.42077
-0.44971 0.55938 -0.43845
-0.43470 0.54076 -0.51971
-0.47548 0.54738 -0.56490
-0.51243 0.59247 -0.58362
-0.52390 0.64963 -0.56490
-0.50318 0.68537 -0.51971
-0.46240 0.67875 -0.47452
-0.42545 0.63366 -0.45580
-0.41397 0.57651 -0.47452
-0.39393 0.56010 -0.55507
-0.43151 0.56900 -0.60258
-0.46615 0.61549 -0.62226
-0.47757 0.67234 -0.60258
-0.45907 0.70624 -0.55507
-0.42149 0.69733 -0.50755
-0.38684 0.65084 -0.48787
-0.37543 0.59400 -0.50755
-0.35021 0.57960 -0.58697
-0.38438 0.59058 -0.63658
-0.41680 0.63828 -0.65713
-0.42849 0.69476 -0.63658
-0.41259 0.72693 -0.58697
-0.37843 0.71596 -0.53736
-0.34600 0.66826 -0.51681
-0.33431 0.61177 -0.53736
-0.30386 0.59923 -0.61522
-0.33444 0.61211 -0.66667
-0.36472 0.66088 -0.68799
-0.37697 0.71695 -0.66667
-0.36400 0.74750 -0.61522
-0.33342 0.73462 -0.56376
-0.30314 0.68586 -0.54244
-0.29089 0.62978 -0.56376
-0.25520 0.61898 -0.63963
-0.28206 0.63362 -0.69267
-0.31027 0.68333 -0.71464
-0.32332 0.73897 -0.69267
-0.31355 0.76796 -0.63963
-0.28670 0.75331 -0.58659
-0.25849 0.70361 -0.56462
-0.24544 0.64797 -0.58659
-0.20458 0.63881 -0.66006
-0.22760 0.65511 -0.71441
-0.25382 0.70566 -0.73692
-0.26787 0.76084 -0.71441
-0.26153 0.78833 -0.66006
-0.23851 0.77202 -0.60572
-0.21230 0.72147 -0.58321
-0.19824 0.66629 -0.60572
-0.15233 0.65871 -0.67639
-0.17144 0.67659 -0.73174
-0.19573 0.72791 -0.75467
-0.21097 0.78260 -0.73174
-0.20824 0.80863 -0.67639
-0.18913 0.79074 -0.62103
-0.16484 0.73943 -0.59810
-0.14960 0.68474 -0.62103
-0.09879 0.67868 -0.68850
-0.11394 0.69808 -0.74456
-0.13638 0.75010 -0.76778
-0.15297 0.80427 -0.74456
-0.15399 0.82886 -0.68850
-0.13884 0.80946 -0.63243
-0.11640 0.75744 -0.60921
-0.09981 0.70327 -0.63243
-0.04430 0.69871 -0.69632
-0.05548 0.71957 -0.75279
-0.07616 0.77224 -0.77618
-0.09423 0.82587 -0.75279
-0.09911 0.84903 -0.69632
-0.08793 0.82816 -0.63985
-0.06725 0.77549 -0.61646
-0.04918 0.72187 -0.63985
0.01078 0.71879 -0.69980
0.00356 0.74110 -0.75637
-0.01546 0.79438 -0.77979
-0.03513 0.84741 -0.75637
-0.04393 0.86915 -0.69980
-0.03671 0.84684 -0.64324
-0.01769 0.79356 -0.61981
0.00198 0.74053 -0.64324
0.06612 0.73893 -0.69893
0.06280 0.76267 -0.75528
0.04534 0.81651 -0.77862
0.02396 0.86893 -0.75528
0.01119 0.88921 -0.69893
0.01452 0.86547 -0.64259
0.03198 0.81163 -0.61925
0.05336 0.75921 -0.64259
0.12137 0.75913 -0.69371
0.12187 0.78429 -0.74953
0.10584 0.83867 -0.77265
0.08266 0.89042 -0.74953
0.06593 0.90921 -0.69371
0.06543 0.88405 -0.63789
0.08147 0.82967 -0.61477
0.10464 0.77792 -0.63789
0.17620 0.77938 -0.68416
0.18040 0.80599 -0.73915
0.16565 0.86088 -0.76193
0.14060 0.91190 -0.73915
0.11992 0.92916 -0.68416
0.11572 0.90255 -0.62918
0.13047 0.84766 -0.60640
0.15552 0.79665 -0.62918
0.23028 0.79971 -0.67036
0.23801 0.82779 -0.72421
0.22438 0.88316 -0.74652
0.19738 0.93338 -0.72421
0.17281 0.94903 -0.67036
0.16508 0.92095 -0.61650
0.17871 0.86558 -0.59419
0.20572 0.81536 -0.61650
0.28329 0.82011 -0.65238
0.29436 0.84972 -0.70482
0.28166 0.90554 -0.72654
0.25263 0.95488 -0.70482
0.22427 0.96883 -0.65238
0.21320 0.93923 -0.59994
0.22590 0.88341 -0.57821
0.25493 0.83407 -0.59994
0.33492 0.84061 -0.63034
0.34909 0.87180 -0.68109
0.33710 0.92804 -0.70211
0.30597 0.97640 -0.68109
0.27394 0.98853 -0.63034
0.25977 0.95735 -0.57959
0.27176 0.90110 -0.55856
0.30289 0.85275 -0.57959
0.38490 0.86123 -0.60437
0.40188 0.89408 -0.65317
0.39033 0.95071 -0.67338
0.35703 0.99795 -0.65317
0.32147 1.00812 -0.60437
0.30449 0.97527 -0.55557
0.31604 0.91863 -0.53535
0.34934 0.87140 -0.55557
0.43294 0.88199 -0.57464
0.45238 0.91661 -0.62125
0.44099 0.97359 -0.64055
0.40543 1.01954 -0.62125
0.36654 1.02756 -0.57464
0.34710 0.99294 -0.52803
0.35850 0.93596 -0.50872
0.39405 0.89000 -0.52803
0.47882 0.90294 -0.54133
0.50030 0.93946 -0.58553
0.48870 0.99672 -0.60384
0.45079 1.04119 -0.58553
0.40880 1.04681 -0.54133
0.38731 1.01029 -0.49712
0.39892 0.95303 -0.47881
0.43682 0.90856 -0.49712
0.52230 0.92414 -0.50465
0.54534 0.96271 -0.54625
0.53310 1.02017 -0.56349
0.49274 1.06287 -0.54625
0.44792 1.06580 -0.50465
0.42488 1.02724 -0.46304
0.43713 0.96978 -0.44580
0.47748 0.92707 -0.46304
0.56322 0.94569 -0.46482
0.58721 0.98648 -0.50368
0.57382 1.04401 -0.51978
0.53089 1.08460 -0.50368
0.48357 1.08446 -0.46482
0.45958 1.04367 -0.42596
0.47297 0.98614 -0.40987
0.51590 0.94555 -0.42596
0.60141 0.96771 -0.42210
0.62562 1.01092 -0.45810
0.61046 1.06834 -0.47301
0.56482 1.10633 -0.45810
0.51543 1.10264 -0.42210
0.49122 1.05943 -0.38611
0.50637 1.00201 -0.37120
0.55201 0.96402 -0.38611
0.63676 0.99039 -0.37676
0.66028 1.03624 -0.40983
0.64261 1.09324 -0.42352
0.59410 1.12800 -0.40983
0.54317 1.12016 -0.37676
0.51965 1.07431 -0.34369
0.53732 1.01731 -0.32999
0.58583 0.98255 -0.34369
0.66917 1.01402 -0.32906
0.69085 1.06271 -0.35921
0.66975 1.11882 -0.37169
0.61825 1.14948 -0.35921
0.56650 1.13673 -0.32906
0.54482 1.08805 -0.29892
0.56591 1.03194 -0.28643
0.61742 1.00127 -0.29892
0.69853 1.03901 -0.27932
0.71690 1.09065 -0.30663
0.69131 1.14511 -0.31794
0.63675 1.17050 -0.30663
0.58518 1.15194 -0.27932
0.56682 1.10031 -0.25202
0.59241 1.04584 -0.24071
0.64696 1.02046 -0.25202
0.72462 1.06594 -0.22784
0.73783 1.12040 -0.25251
0.70656 1.17204 -0.26272
0.64911 1.19060 -0.25251
0.59915 1.16522 -0.22784
0.58593 1.11076 -0.20317
0.61721 1.05912 -0.19296
0.67466 1.04055 -0.20317
0.67779 1.21065 -0.20285
0.62235 1.19262 -0.18414
0.59938 1.14123 -0.16004
0.62235 1.08659 -0.14466
0.67779 1.06071 -0.14703
0.73323 1.07874 -0.16574
0.75619 1.13013 -0.18984
0.73323 1.18477 -0.20521
0.68947 1.23088 -0.14852
0.63335 1.21133 -0.13377
0.61011 1.15925 -0.11151
0.63335 1.10513 -0.09478
0.68947 1.08068 -0.09337
0.74559 1.10023 -0.10813
0.76884 1.15231 -0.13039
0.74559 1.20643 -0.14712
0.69686 1.25104 -0.09360
0.64037 1.23003 -0.08282
0.61697 1.17730 -0.06231
0.64037 1.12374 -0.04408
0.69686 1.10072 -0.03881
0.75335 1.12173 -0.04959
0.77675 1.17446 -0.07011
0.75335 1.22802 -0.08833
0.69991 1.27116 -0.03841
0.64336 1.24871 -0.03158
0.61993 1.19537 -0.01272
0.64336 1.14239 0.00711
0.69991 1.12080 0.01631
0.75647 1.14325 0.00948
0.77989 1.19659 -0.00938
0.75647 1.24957 -0.02922
0.69860 1.29121 0.01669
0.64230 1.26734 0.01963
0.61898 1.21343 0.03694
0.64230 1.16108 0.05849
0.69860 1.14095 0.07166
0.75491 1.16483 0.06872
0.77823 1.21873 0.05141
0.75491 1.27108 0.02985
0.69295 1.31121 0.07137
0.63720 1.28590 0.07049
0.61411 1.23147 0.08639
0.63720 1.17980 0.10975
0.69295 1.16115 0.12688
0.74869 1.18646 0.12775
0.77179 1.24089 0.11185
0.74869 1.29257 0.08850
0.68297 1.33115 0.12526
0.62809 1.30440 0.12071
0.60535 1.24946 0.13534
0.62809 1.19852 0.16058
0.68297 1.18141 0.18165
0.73786 1.20817 0.18620
0.76059 1.26310 0.17157
0.73786 1.31405 0.14633
0.72777 1.33039 0.20683
0.67664 1.35155 0.18061
0.62089 1.32868 0.16975
0.59317 1.27518 0.18061
0.60972 1.22238 0.20683
0.66085 1.20121 0.23305
0.71660 1.22408 0.24391
0.74432 1.27759 0.23305
0.70373 1.35607 0.25892
0.65191 1.37103 0.22993
0.59918 1.34231 0.21792
0.57643 1.28675 0.22993
0.59698 1.23689 0.25892
0.64879 1.22194 0.28791
0.70152 1.25065 0.29992
0.72428 1.30621 0.28791
0.67643 1.38019 0.30940
0.62507 1.38990 0.27750
0.57538 1.35665 0.26429
0.55646 1.29994 0.27750
0.57939 1.25298 0.30940
0.63075 1.24327 0.34129
0.68045 1.27651 0.35450
0.69937 1.33323 0.34129
0.64599 1.40321 0.35794
0.59591 1.40848 0.32312
0.54914 1.37169 0.30869
0.53308 1.31440 0.32312
0.55713 1.27016 0.35794
0.60721 1.26489 0.39277
0.65398 1.30167 0.40720
0.67005 1.35897 0.39277
0.61248 1.42547 0.40426
0.56428 1.42696 0.36654
0.52028 1.38735 0.35091
0.50627 1.32983 0.36654
0.53044 1.28810 0.40426
0.57865 1.28660 0.44199
0.62264 1.32622 0.45762
0.63666 1.38374 0.44199
0.57599 1.44718 0.44807
0.53013 1.44543 0.40754
0.48876 1.40353 0.39076
0.47612 1.34601 0.40754
0.49962 1.30659 0.44807
0.54549 1.30834 0.48859
0.58685 1.35024 0.50538
0.59949 1.40776 0.48859
0.53663 1.46851 0.48908
0.49347 1.46393 0.44589
0.45460 1.42013 0.42800
0.44280 1.36277 0.44589
0.46497 1.32546 0.48908
0.50813 1.33004 0.53227
0.54700 1.37384 0.55016
0.55880 1.43120 0.53227
0.49456 1.48956 0.52705
0.45440 1.48247 0.48137
0.41792 1.43708 0.46246
0.40648 1.37998 0.48137
0.42679 1.34461 0.52705
0.46695 1.35170 0.57272
0.50344 1.39709 0.59164
0.51487 1.45419 0.57272
0.44995 1.51039 0.56173
0.41304 1.50105 0.51378
0.37885 1.45431 0.49392
0.36740 1.39753 0.51378
0.38541 1.36398 0.56173
0.42232 1.37332 0.60968
0.45652 1.42006 0.62954
0.46796 1.47684 0.60968
0.40304 1.53106 0.59292
0.36957 1.51969 0.54292
0.33758 1.47176 0.52221
0.32581 1.41536 0.54292
0.34114 1.38352 0.59292
0.37460 1.39489 0.64292
0.40659 1.44281 0.66363
0.41837 1.49921 0.64292
0.35405 1.55160 0.62041
0.32421 1.53836 0.56861
0.29434 1.48940 0.54716
0.28196 1.43340 0.56861
0.29430 1.40317 0.62041
0.32415 1.41642 0.67221
0.35401 1.46538 0.69366
0.36640 1.52137 0.67221
0.30327 1.57204 0.64404
0.27717 1.55705 0.59072
0.24936 1.50717 0.56863
0.23613 1.45162 0.59072
0.24523 1.42294 0.64404
0.27132 1.43792 0.69737
0.29913 1.48780 0.71945
0.31236 1.54335 0.69737
0.25097 1.59239 0.66366
0.22872 1.57577 0.60909
0.20290 1.52506 0.58649
0.18862 1.46998 0.60909
0.19425 1.44278 0.66366
0.21649 1.45941 0.71823
0.24232 1.51012 0.74083
0.25660 1.56520 0.71823
0.19745 1.61268 0.67915
0.17914 1.59449 0.62363
0.15522 1.54303 0.60063
0.13972 1.48844 0.62363
0.14171 1.46270 0.67915
0.16003 1.48089 0.73467
0.18394 1.53235 0.75767
0.19945 1.58694 0.73467
0.14305 1.63290 0.69040
0.12870 1.61320 0.63423
0.10661 1.56105 0.61097
0.08974 1.50699 0.63423
0.08795 1.48268 0.69040
0.10231 1.50237 0.74658
0.12439 1.55453 0.76984
0.14127 1.60859 0.74658
0.08809 1.65306 0.69736
0.07770 1.63190 0.64085
0.05736 1.57911 0.61744
0.03898 1.52560 0.64085
0.03332 1.50272 0.69736
0.04371 1.52388 0.75388
0.06405 1.57667 0.77728
0.08243 1.63018 0.75388
0.03289 1.67316 0.69998
0.02645 1.65057 0.64343
0.00776 1.59718 0.62001
-0.01225 1.54426 0.64343
-0.02184 1.52282 0.69998
-0.01540 1.54541 0.75652
0.00330 1.59880 0.77994
0.02330 1.65172 0.75652
-0.02218 1.69321 0.69823
-0.02473 1.66920 0.64197
-0.04190 1.61524 0.61867
-0.06363 1.56295 0.64197
-0.07719 1.54297 0.69823
-0.07464 1.56699 0.75450
-0.05747 1.62094 0.77780
-0.03574 1.67323 0.75450
-0.07680 1.71321 0.69214
-0.07555 1.68776 0.63647
-0.09131 1.63327 0.61340
-0.11486 1.58167 0.63647
-0.13238 1.56317 0.69214
-0.13363 1.58862 0.74782
-0.11786 1.64311 0.77088
-0.09432 1.69471 0.74782
-0.13059 1.73314 0.68174
-0.12568 1.70624 0.62696
-0.14019 1.65125 0.60426
-0.16563 1.60039 0.62696
-0.18709 1.58344 0.68174
-0.19200 1.61034 0.73652
-0.17749 1.66533 0.75922
-0.15206 1.71619 0.73652
-0.18323 1.75300 0.66709
-0.17481 1.72462 0.61350
-0.18824 1.66916 0.59129
-0.21565 1.61911 0.61350
-0.24098 1.60378 0.66709
-0.24939 1.63217 0.72069
-0.23597 1.68763 0.74289
-0.20856 1.73768 0.72069
-0.23436 1.77278 0.64829
-0.22264 1.74287 0.59617
-0.23518 1.68696 0.57458
-0.26463 1.63781 0.59617
-0.29373 1.62420 0.64829
-0.30545 1.65412 0.70041
-0.29291 1.71003 0.72200
-0.26346 1.75918 0.70041
-0.28363 1.79246 0.62545
-0.26887 1.76095 0.57507
-0.28075 1.70462 0.55420
-0.31231 1.65648 0.57507
-0.34506 1.64472 0.62545
-0.35982 1.67624 0.67583
-0.34794 1.73256 0.69670
-0.31638 1.78070 0.67583
-0.33070 1.81202 0.59872
-0.31319 1.77882 0.55034
-0.32468 1.72212 0.53030
-0.35843 1.67512 0.55034
-0.39467 1.66537 0.59872
-0.41217 1.69856 0.64710
-0.40068 1.75527 0.66714
-0.36693 1.80226 0.64710
-0.37523 1.83143 0.56825
-0.35534 1.79644 0.52211
-0.36675 1.73940 0.50300
-0.40277 1.69372 0.52211
-0.44230 1.68616 0.56825
-0.46218 1.72115 0.61440
-0.45077 1.77819 0.63351
-0.41476 1.82387 0.61440
-0.41689 1.85063 0.53425
-0.39505 1.81372 0.49055
-0.40675 1.75641 0.47245
-0.44513 1.71227 0.49055
-0.48771 1.70716 0.53425
-0.50955 1.74407 0.57795
-0.49785 1.80138 0.59605
-0.45947 1.84552 0.57795
-0.45534 1.86957 0.49692
-0.43206 1.83058 0.45585
-0.44449 1.77309 0.43884
-0.48534 1.73077 0.45585
-0.53070 1.72842 0.49692
-0.55398 1.76741 0.53799
-0.54155 1.82490 0.55501
-0.50069 1.86722 0.53799
-0.49026 1.88814 0.45650
-0.46616 1.84689 0.41821
-0.47985 1.78935 0.40234
-0.52331 1.74924 0.41821
-0.57108 1.75005 0.45650
-0.59517 1.79130 0.49480
-0.58148 1.84884 0.51066
-0.53803 1.88895 0.49480
-0.52131 1.90621 0.41324
-0.49716 1.86249 0.37782
-0.51275 1.80512 0.36315
-0.55896 1.76772 0.37782
-0.60871 1.77218 0.41324
-0.63286 1.81591 0.44865
-0.61727 1.87327 0.46332
-0.57106 1.91068 0.44865
-0.54819 1.92356 0.36740
-0.52494 1.87716 0.33492
-0.54322 1.82029 0.32146
-0.59232 1.78627 0.33492
-0.64348 1.79503 0.36740
-0.66673 1.84143 0.39988
-0.64845 1.89830 0.41333
-0.59935 1.93232 0.39988
-0.57061 1.93990 0.31927
-0.54947 1.89063 0.28970
-0.57137 1.83478 0.27746
-0.62349 1.80506 0.28970
-0.67529 1.81889 0.31927
-0.69643 1.86817 0.34884
-0.67453 1.92402 0.36108
-0.62241 1.95373 0.34884
-0.58835 1.95477 0.26915
-0.57086 1.90255 0.24240
-0.59749 1.84854 0.23131
-0.65264 1.82438 0.24240
-0.70402 1.84422 0.26915
-0.72152 1.89644 0.29591
-0.69489 1.95045 0.30699
-0.63973 1.97461 0.29591
-0.66540 1.84477 0.18906
-0.72008 1.86156 0.21091
-0.74272 1.91234 0.23654
-0.72008 1.96738 0.25094
-0.66540 1.99442 0.24566
-0.61072 1.97764 0.22381
-0.58807 1.92685 0.19818
-0.61072 1.87182 0.18379
-0.68046 1.86470 0.13639
-0.73607 1.88304 0.15431
-0.75910 1.93457 0.17804
-0.73607 1.98911 0.19367
-0.68046 2.01470 0.19205
-0.62486 1.99636 0.17413
-0.60183 1.94483 0.15040
-0.62486 1.89029 0.13477
-0.69130 1.88468 0.08252
-0.74751 1.90452 0.09648
-0.77080 1.95674 0.11839
-0.74751 2.01075 0.13541
-0.69130 2.03491 0.13758
-0.63508 2.01507 0.12362
-0.61179 1.96285 0.10171
-0.63508 1.90884 0.08469
-0.69782 1.90473 0.02782
-0.75435 1.92603 0.03781
-0.77777 1.97888 0.05798
-0.75435 2.03234 0.07652
-0.69782 2.05507 0.08257
-0.64129 2.03377 0.07258
-0.61788 1.98091 0.05241
-0.64129 1.92746 0.03387
-0.70000 2.00000 0.00000
-0.70000 2.00000 0.00000
-0.70000 2.00000 0.00000
-0.70000 2.00000 0.00000
-0.70000 2.00000 0.00000
-0.70000 2.00000 0.00000
-0.70000 2.00000 0.00000
-0.70000 2.00000 0.00000
-0.70000 -2.07517 -0.02737
-0.75653 -2.05244 -0.02133
-0.77994 -1.99899 -0.00279
-0.75653 -1.94613 0.01739
-0.70000 -1.92483 0.02737
-0.64347 -1.94756 0.02133
-0.62006 -2.00101 0.00279
-0.64347 -2.05387 -0.01739
-0.69782 -2.05502 -0.08272
-0.75404 -2.03085 -0.08056
-0.77733 -1.97684 -0.06353
-0.75404 -1.92462 -0.04163
-0.69782 -1.90478 -0.02767
-0.64160 -1.92895 -0.02984
-0.61831 -1.98295 -0.04686
-0.64160 -2.03517 -0.06876
-0.69130 -2.03480 -0.13788
-0.74690 -2.00921 -0.13950
-0.76993 -1.95467 -0.12387
-0.74690 -1.90314 -0.10014
-0.69130 -1.88480 -0.08222
-0.63570 -1.91039 -0.08060
-0.61266 -1.96493 -0.09623
-0.63570 -2.01646 -0.11996
-0.68046 -2.01453 -0.19252
-0.73514 -1.98748 -0.19779
-0.75779 -1.93244 -0.18340
-0.73514 -1.88166 -0.15777
-0.68046 -1.86487 -0.13592
-0.62579 -1.89192 -0.13064
-0.60314 -1.94695 -0.14504
-0.62579 -1.99774 -0.17067
-0.60756 -1.97487 -0.21736
-0.65894 -1.99471 -0.24412
-0.71410 -1.97055 -0.25520
-0.74073 -1.91654 -0.24412
-0.72323 -1.86432 -0.21736
-0.67185 -1.84448 -0.19061
-0.61670 -1.86864 -0.17952
-0.59007 -1.92265 -0.19061
-0.59385 -1.96000 -0.26915
-0.64565 -1.97383 -0.29872
-0.69777 -1.94412 -0.31097
-0.71967 -1.88827 -0.29872
-0.69853 -1.83899 -0.26915
-0.64672 -1.82516 -0.23959
-0.59460 -1.85488 -0.22734
-0.57270 -1.91073 -0.23959
-0.57531 -1.94366 -0.31927
-0.62647 -1.95242 -0.35175
-0.67557 -1.91840 -0.36520
-0.69384 -1.86153 -0.35175
-0.67059 -1.81513 -0.31927
-0.61943 -1.80637 -0.28679
-0.57033 -1.84039 -0.27333
-0.55206 -1.89726 -0.28679
-0.55214 -1.92631 -0.36740
-0.60189 -1.93078 -0.40281
-0.64809 -1.89337 -0.41748
-0.66368 -1.83601 -0.40281
-0.63953 -1.79228 -0.36740
-0.58978 -1.78782 -0.33198
-0.54358 -1.82522 -0.31731
-0.52799 -1.88259 -0.33198
-0.52460 -1.90824 -0.41324
-0.57237 -1.90905 -0.45153
-0.61583 -1.86894 -0.46739
-0.62952 -1.81141 -0.45153
-0.60542 -1.77015 -0.41324
-0.55765 -1.76934 -0.37494
-0.51419 -1.80945 -0.35908
-0.50050 -1.86699 -0.37494
-0.49299 -1.88967 -0.45650
-0.53834 -1.88732 -0.49757
-0.57920 -1.84501 -0.51458
-0.59162 -1.78751 -0.49757
-0.56834 -1.74852 -0.45650
-0.52299 -1.75087 -0.41543
-0.48214 -1.79319 -0.39842
-0.46971 -1.85068 -0.41543
-0.45761 -1.87073 -0.49692
-0.50019 -1.86562 -0.54062
-0.53857 -1.82148 -0.55872
-0.55027 -1.76417 -0.54062
-0.52843 -1.72726 -0.49692
-0.48585 -1.73237 -0.45323
-0.44746 -1.77651 -0.43512
-0.43577 -1.83382 -0.45323
-0.41876 -1.85153 -0.53425
-0.45829 -1.84397 -0.58040
-0.49431 -1.79829 -0.59951
-0.50572 -1.74125 -0.58040
-0.48583 -1.70626 -0.53425
-0.44630 -1.71382 -0.48811
-0.41029 -1.75950 -0.46899
-0.39888 -1.81654 -0.48811
-0.37678 -1.83212 -0.56825
-0.41302 -1.82237 -0.61663
-0.44676 -1.77537 -0.63667
-0.45825 -1.71866 -0.61663
-0.44075 -1.68547 -0.56825
-0.40451 -1.69522 -0.51987
-0.37076 -1.74222 -0.49983
-0.35928 -1.79892 -0.51987
-0.33197 -1.81256 -0.59872
-0.36472 -1.80080 -0.64910
-0.39628 -1.75266 -0.66996
-0.40816 -1.69634 -0.64910
-0.39340 -1.66483 -0.59872
-0.36065 -1.67658 -0.54834
-0.32909 -1.72472 -0.52747
-0.31721 -1.78105 -0.54834
-0.28465 -1.79288 -0.62545
-0.31376 -1.77928 -0.67758
-0.34321 -1.73013 -0.69917
-0.35574 -1.67422 -0.67758
-0.34403 -1.64431 -0.62545
-0.31493 -1.65791 -0.57333
-0.28548 -1.70706 -0.55174
-0.27294 -1.76297 -0.57333
-0.23517 -1.77310 -0.64829
-0.26050 -1.75778 -0.70189
-0.28791 -1.70773 -0.72409
-0.30134 -1.65227 -0.70189
-0.29292 -1.62388 -0.64829
-0.26759 -1.63921 -0.59469
-0.24018 -1.68926 -0.57249
-0.22676 -1.74472 -0.59469
-0.18386 -1.75324 -0.66709
-0.20532 -1.73629 -0.72188
-0.23075 -1.68543 -0.74457
-0.24526 -1.63044 -0.72188
-0.24035 -1.60354 -0.66709
-0.21889 -1.62049 -0.61231
-0.19345 -1.67135 -0.58962
-0.17894 -1.72634 -0.61231
-0.13105 -1.73331 -0.68174
-0.14857 -1.71481 -0.73742
-0.17212 -1.66321 -0.76048
-0.18788 -1.60872 -0.73742
-0.18664 -1.58327 -0.68174
-0.16911 -1.60177 -0.62606
-0.14557 -1.65337 -0.60300
-0.12980 -1.70786 -0.62606
-0.07709 -1.71331 -0.69214
-0.09065 -1.69333 -0.74841
-0.11238 -1.64104 -0.77171
-0.12954 -1.58709 -0.74841
-0.13209 -1.56307 -0.69214
-0.11853 -1.58306 -0.63588
-0.09680 -1.63534 -0.61257
-0.07964 -1.68930 -0.63588
-0.02232 -1.69326 -0.69823
-0.03191 -1.67182 -0.75478
-0.05192 -1.61890 -0.77820
-0.07062 -1.56551 -0.75478
-0.07705 -1.54292 -0.69823
-0.06746 -1.56436 -0.64169
-0.04746 -1.61728 -0.61827
-0.02876 -1.67067 -0.64169
0.03291 -1.67316 -0.69998
0.02725 -1.65028 -0.75649
0.00887 -1.59677 -0.77990
-0.01147 -1.54398 -0.75649
-0.02186 -1.52282 -0.69998
-0.01620 -1.54570 -0.64347
0.00218 -1.59921 -0.62006
0.02252 -1.65200 -0.64347
0.08825 -1.65300 -0.69736
0.08647 -1.62869 -0.75353
0.06959 -1.57463 -0.77680
0.04751 -1.52248 -0.75353
0.03315 -1.50278 -0.69736
0.03494 -1.52709 -0.64119
0.05181 -1.58115 -0.61793
0.07390 -1.63330 -0.64119
0.14337 -1.63278 -0.69040
0.14537 -1.60704 -0.74593
0.12986 -1.55245 -0.76892
0.10595 -1.50099 -0.74593
0.08763 -1.48280 -0.69040
0.08564 -1.50854 -0.63488
0.10114 -1.56313 -0.61189
0.12506 -1.61459 -0.63488
0.19794 -1.61249 -0.67915
0.20357 -1.58530 -0.73372
0.18929 -1.53022 -0.75632
0.16347 -1.47951 -0.73372
0.14123 -1.46288 -0.67915
0.13560 -1.49008 -0.62458
0.14988 -1.54516 -0.60197
0.17570 -1.59587 -0.62458
0.25163 -1.59214 -0.66366
0.26072 -1.56345 -0.71699
0.24749 -1.50790 -0.73907
0.21968 -1.45802 -0.71699
0.19359 -1.44304 -0.66366
0.18449 -1.47172 -0.61034
0.19773 -1.52727 -0.58825
0.22553 -1.57715 -0.61034
0.30412 -1.57170 -0.64404
0.31647 -1.54147 -0.69584
0.30408 -1.48548 -0.71729
0.27422 -1.43652 -0.69584
0.24437 -1.42328 -0.64404
0.23203 -1.45350 -0.59224
0.24441 -1.50950 -0.57079
0.27428 -1.55846 -0.59224
0.35513 -1.55116 -0.62041
0.37046 -1.51932 -0.67041
0.35868 -1.46291 -0.69112
0.32669 -1.41499 -0.67041
0.29323 -1.40362 -0.62041
0.27789 -1.43546 -0.57041
0.28967 -1.49186 -0.54970
0.32166 -1.53979 -0.57041
0.40436 -1.53049 -0.59292
0.42237 -1.49694 -0.64087
0.41092 -1.44017 -0.66073
0.37673 -1.39342 -0.64087
0.33982 -1.38408 -0.59292
0.32181 -1.41763 -0.54497
0.33325 -1.47441 -0.52510
0.36745 -1.52115 -0.54497
0.45156 -1.50966 -0.56173
0.47188 -1.47429 -0.60740
0.46044 -1.41719 -0.62632
0.42396 -1.37181 -0.60740
0.38380 -1.36472 -0.56173
0.36349 -1.40008 -0.51606
0.37492 -1.45718 -0.49714
0.41140 -1.50257 -0.51606
0.49651 -1.48861 -0.52705
0.51868 -1.45130 -0.57023
0.50687 -1.39394 -0.58812
0.46801 -1.35014 -0.57023
0.42484 -1.34556 -0.52705
0.40267 -1.38287 -0.48386
0.41448 -1.44023 -0.46597
0.45335 -1.48403 -0.48386
0.53898 -1.46728 -0.48908
0.56248 -1.42786 -0.52961
0.54985 -1.37034 -0.54639
0.50848 -1.32844 -0.52961
0.46262 -1.32669 -0.48908
0.43912 -1.36611 -0.44855
0.45175 -1.42363 -0.43177
0.49312 -1.46553 -0.44855
0.57883 -1.44557 -0.44807
0.60300 -1.40384 -0.48579
0.58899 -1.34632 -0.50142
0.54499 -1.30670 -0.48579
0.49679 -1.30820 -0.44807
0.47261 -1.34993 -0.41034
0.48663 -1.40745 -0.39472
0.53062 -1.44706 -0.41034
0.61589 -1.42331 -0.40426
0.63995 -1.37907 -0.43909
0.62389 -1.32177 -0.45352
0.57711 -1.28499 -0.43909
0.52703 -1.29026 -0.40426
0.50298 -1.33450 -0.36944
0.51904 -1.39179 -0.35501
0.56581 -1.42858 -0.36944
0.65008 -1.40029 -0.35794
0.67302 -1.35333 -0.38984
0.65409 -1.29661 -0.40305
0.60440 -1.26337 -0.38984
0.55304 -1.27308 -0.35794
0.53011 -1.32004 -0.32605
0.54903 -1.37675 -0.31284
0.59872 -1.41000 -0.32605
0.68129 -1.37617 -0.30940
0.70184 -1.32631 -0.33839
0.67908 -1.27075 -0.35040
0.62635 -1.24204 -0.33839
0.57454 -1.25699 -0.30940
0.55399 -1.30685 -0.28040
0.57674 -1.36241 -0.26839
0.62947 -1.39113 -0.28040
0.70938 -1.35049 -0.25892
0.72593 -1.29769 -0.28514
0.69821 -1.24418 -0.29600
0.64246 -1.22131 -0.28514
0.59133 -1.24248 -0.25892
0.57478 -1.29528 -0.23270
0.60250 -1.34878 -0.22184
0.65825 -1.37165 -0.23270
0.66875 -1.20151 -0.23503
0.61386 -1.21862 -0.21395
0.59112 -1.26956 -0.18871
0.61386 -1.32450 -0.17408
0.66875 -1.35125 -0.17864
0.72363 -1.33415 -0.19971
0.74637 -1.28321 -0.22495
0.72363 -1.22827 -0.23958
0.68297 -1.18125 -0.18121
0.62722 -1.19990 -0.16408
0.60413 -1.25157 -0.14072
0.62722 -1.30601 -0.12483
0.68297 -1.33131 -0.12570
0.73872 -1.31267 -0.14283
0.76181 -1.26099 -0.16619
0.73872 -1.20656 -0.18208
0.69295 -1.16105 -0.12661
0.63664 -1.18118 -0.11344
0.61332 -1.23354 -0.09189
0.63664 -1.28744 -0.07458
0.69295 -1.31131 -0.07164
0.74925 -1.29118 -0.08480
0.77257 -1.23883 -0.10636
0.74925 -1.18493 -0.12367
0.69860 -1.14091 -0.07154
0.64205 -1.16249 -0.06234
0.61862 -1.21547 -0.04250
0.64205 -1.26881 -0.02364
0.69860 -1.29126 -0.01681
0.75516 -1.26967 -0.02601
0.77858 -1.21669 -0.04585
0.75516 -1.16335 -0.06470
0.69991 -1.12082 -0.01634
0.64342 -1.14384 -0.01108
0.62002 -1.19740 0.00715
0.64342 -1.25013 0.02766
0.69991 -1.27114 0.03844
0.75641 -1.24812 0.03318
0.77980 -1.19456 0.01495
0.75641 -1.14183 -0.00556
0.69686 -1.10078 0.03863
0.64074 -1.12523 0.04003
0.61750 -1.17935 0.05676
0.64074 -1.23143 0.07903
0.69686 -1.25098 0.09378
0.75298 -1.22653 0.09238
0.77623 -1.17241 0.07565
0.75298 -1.12033 0.05338
0.68947 -1.08081 0.09304
0.63403 -1.10669 0.09067
0.61107 -1.16133 0.10605
0.63403 -1.21272 0.13015
0.68947 -1.23075 0.14886
0.74491 -1.20487 0.15122
0.76788 -1.15023 0.13585
0.74491 -1.09884 0.11175
0.74052 -1.08604 0.17494
0.69056 -1.06066 0.15027
0.63311 -1.07922 0.14006
0.60184 -1.13086 0.15027
0.61505 -1.18532 0.17494
0.66502 -1.21070 0.19961
0.72246 -1.19214 0.20982
0.75374 -1.14050 0.19961
0.71856 -1.05911 0.22784
0.66699 -1.04056 0.20053
0.61243 -1.06594 0.18922
0.58684 -1.12041 0.20053
0.60521 -1.17204 0.22784
0.65678 -1.19060 0.25514
0.71133 -1.16521 0.26646
0.73692 -1.11075 0.25514
0.69319 -1.03412 0.27932
0.64144 -1.02137 0.24918
0.58994 -1.05204 0.23669
0.56884 -1.10815 0.24918
0.59052 -1.15683 0.27932
0.64227 -1.16958 0.30946
0.69378 -1.13892 0.32195
0.71487 -1.08281 0.30946
0.66463 -1.01049 0.32906
0.61370 -1.00265 0.29600
0.56519 -1.03741 0.28230
0.54752 -1.09441 0.29600
0.57104 -1.14026 0.32906
0.62197 -1.14810 0.36213
0.67048 -1.11334 0.37583
0.68815 -1.05634 0.36213
0.63295 -0.98781 0.37676
0.58356 -0.98412 0.34076
0.53792 -1.02211 0.32585
0.52276 -1.07953 0.34076
0.54697 -1.12274 0.37676
0.59636 -1.12643 0.41275
0.64201 -1.08844 0.42766
0.65716 -1.03102 0.41275
0.59824 -0.96579 0.42210
0.55092 -0.96565 0.38324
0.50799 -1.00624 0.36715
0.49460 -1.06378 0.38324
0.51859 -1.10456 0.42210
0.56591 -1.10470 0.46096
0.60884 -1.06411 0.47706
0.62223 -1.00658 0.46096
0.56058 -0.94425 0.46482
0.51576 -0.94718 0.42321
0.47541 -0.98988 0.40598
0.46317 -1.04734 0.42321
0.48620 -1.08591 0.46482
0.53103 -1.08298 0.50643
0.57138 -1.04027 0.52367
0.58362 -0.98281 0.50643
0.52012 -0.92304 0.50465
0.47813 -0.92866 0.46044
0.44022 -0.97313 0.44213
0.42862 -1.03039 0.46044
0.45010 -1.06691 0.50465
0.49210 -1.06129 0.54885
0.53000 -1.01682 0.56716
0.54161 -0.95956 0.54885
0.47701 -0.90209 0.54133
0.43812 -0.91010 0.49472
0.40256 -0.95606 0.47541
0.39117 -1.01304 0.49472
0.41061 -1.04766 0.54133
0.44950 -1.03964 0.58794
0.48505 -0.99369 0.60724
0.49645 -0.93671 0.58794
0.43145 -0.88133 0.57464
0.39590 -0.89150 0.52584
0.36259 -0.93874 0.50562
0.35105 -0.99537 0.52584
0.36803 -1.02822 0.57464
0.40359 -1.01805 0.62344
0.43689 -0.97081 0.64365
0.44843 -0.91418 0.62344
0.38368 -0.86071 0.60437
0.35164 -0.87285 0.55362
0.32051 -0.92120 0.53260
0.30852 -0.97745 0.55362
0.32269 -1.00863 0.60437
0.35473 -0.99650 0.65512
0.38586 -0.94814 0.67614
0.39785 -0.89190 0.65512
0.33394 -0.84021 0.63034
0.30558 -0.85417 0.57789
0.27655 -0.90351 0.55617
0.26385 -0.95933 0.57789
0.27492 -0.98893 0.63034
0.30328 -0.97498 0.68278
0.33231 -0.92564 0.70450
0.34501 -0.86982 0.68278
0.28251 -0.81981 0.65238
0.25795 -0.83546 0.59852
0.23094 -0.88568 0.57621
0.21731 -0.94105 0.59852
0.22505 -0.96913 0.65238
0.24961 -0.95348 0.70624
0.27661 -0.90326 0.72854
0.29024 -0.84789 0.70624
0.22969 -0.79949 0.67036
0.20901 -0.81675 0.61537
0.18396 -0.86776 0.59259
0.16921 -0.92265 0.61537
0.17340 -0.94926 0.67036
0.19408 -0.93200 0.72534
0.21913 -0.88098 0.74812
0.23388 -0.82609 0.72534
0.17578 -0.77923 0.68416
0.15905 -0.79803 0.62834
0.13587 -0.84977 0.60522
0.11984 -0.90415 0.62834
0.12034 -0.92931 0.68416
0.13707 -0.91052 0.73998
0.16024 -0.85877 0.76310
0.17628 -0.80439 0.73998
0.12111 -0.75903 0.69371
0.10835 -0.77931 0.63736
0.08697 -0.83173 0.61402
0.06951 -0.88558 0.63736
0.06619 -0.90931 0.69371
0.07895 -0.88903 0.75005
0.10033 -0.83661 0.77339
0.11779 -0.78277 0.75005
0.06602 -0.73889 0.69893
0.05721 -0.76063 0.64237
0.03754 -0.81366 0.61894
0.01852 -0.86694 0.64237
0.01130 -0.88925 0.69893
0.02010 -0.86752 0.75549
0.03977 -0.81448 0.77892
0.05879 -0.76120 0.75549
0.01083 -0.71881 0.69980
0.00595 -0.74197 0.64333
-0.01212 -0.79559 0.61994
-0.03280 -0.84827 0.64333
-0.04398 -0.86913 0.69980
-0.03910 -0.84597 0.75627
-0.02103 -0.79234 0.77966
-0.00035 -0.73967 0.75627
-0.04410 -0.69878 0.69632
-0.04512 -0.72337 0.64025
-0.06171 -0.77754 0.61703
-0.08416 -0.82956 0.64025
-0.09931 -0.84896 0.69632
-0.09829 -0.82437 0.75238
-0.08170 -0.77020 0.77561
-0.05925 -0.71818 0.75238
-0.09843 -0.67881 0.68850
-0.09570 -0.70484 0.63314
-0.11095 -0.75953 0.61021
-0.13524 -0.81084 0.63314
-0.15434 -0.82873 0.68850
-0.15707 -0.80270 0.74385
-0.14183 -0.74801 0.76678
-0.11754 -0.69669 0.74385
-0.15181 -0.65891 0.67639
-0.14547 -0.68640 0.62204
-0.15953 -0.74157 0.59953
-0.18574 -0.79212 0.62204
-0.20876 -0.80843 0.67639
-0.21510 -0.78094 0.73073
-0.20104 -0.72576 0.75324
-0.17483 -0.67521 0.73073
-0.20388 -0.63908 0.66006
-0.19412 -0.66807 0.60702
-0.20716 -0.72371 0.58505
-0.23538 -0.77341 0.60702
-0.26223 -0.78806 0.66006
-0.27200 -0.75907 0.71311
-0.25895 -0.70343 0.73508
-0.23074 -0.65372 0.71311
-0.25431 -0.61933 0.63963
-0.24134 -0.64988 0.58817
-0.25359 -0.70596 0.56686
-0.28387 -0.75472 0.58817
-0.31445 -0.76760 0.63963
-0.32742 -0.73706 0.69109
-0.31517 -0.68098 0.71240
-0.28489 -0.63222 0.69109
-0.30274 -0.59970 0.61522
-0.28684 -0.63187 0.56561
-0.29853 -0.68836 0.54506
-0.33096 -0.73606 0.56561
-0.36512 -0.74704 0.61522
-0.38102 -0.71486 0.66483
-0.36933 -0.65838 0.68537
-0.33690 -0.61068 0.66483
-0.34883 -0.58020 0.58697
-0.33033 -0.61410 0.53946
-0.34175 -0.67094 0.51978
-0.37639 -0.71743 0.53946
-0.41397 -0.72634 0.58697
-0.43247 -0.69244 0.63448
-0.42106 -0.63559 0.65416
-0.38641 -0.58910 0.63448
-0.39226 -0.56086 0.55507
-0.37153 -0.59661 0.50988
-0.38301 -0.65376 0.49116
-0.41996 -0.69885 0.50988
-0.46074 -0.70547 0.55507
-0.48146 -0.66973 0.60026
-0.46999 -0.61257 0.61898
-0.43304 -0.56748 0.60026
-0.43267 -0.54176 0.51971
-0.41019 -0.57948 0.47704
-0.42212 -0.63688 0.45937
-0.46148 -0.68032 0.47704
-0.50521 -0.68437 0.51971
-0.52769 -0.64665 0.56238
-0.51576 -0.58925 0.58005
-0.47640 -0.54581 0.56238
-0.46975 -0.52295 0.48111
-0.44606 -0.56283 0.44114
-0.45892 -0.62035 0.42458
-0.50080 -0.66184 0.44114
-0.54717 -0.66298 0.48111
-0.57086 -0.62310 0.52109
-0.55799 -0.56558 0.53765
-0.51611 -0.52409 0.52109
-0.50316 -0.50456 0.43952
-0.47894 -0.54678 0.40237
-0.49331 -0.60427 0.38698
-0.53784 -0.64337 0.40237
-0.58646 -0.64117 0.43952
-0.61069 -0.59895 0.47667
-0.59632 -0.54145 0.49206
-0.55178 -0.50236 0.47667
-0.53258 -0.48675 0.39519
-0.50866 -0.53152 0.36095
-0.52523 -0.58873 0.34677
-0.57257 -0.62488 0.36095
-0.62296 -0.61878 0.39519
-0.64688 -0.57401 0.42944
-0.63032 -0.51679 0.44362
-0.58297 -0.48065 0.42944
-0.55771 -0.46976 0.34840
-0.53514 -0.51729 0.31710
-0.55474 -0.57383 0.30413
-0.60504 -0.60625 0.31710
-0.65656 -0.59557 0.34840
-0.67913 -0.54804 0.37971
-0.65953 -0.49150 0.39268
-0.60923 -0.45907 0.37971
-0.57828 -0.45395 0.29944
-0.55839 -0.50440 0.27102
-0.58204 -0.55963 0.25925
-0.63538 -0.58730 0.27102
-0.68716 -0.57118 0.29944
-0.70705 -0.52073 0.32787
-0.68340 -0.46549 0.33964
-0.63006 -0.43783 0.32787
-0.59412 -0.43982 0.24862
-0.57860 -0.49319 0.22293
-0.60746 -0.54613 0.21229
-0.66379 -0.56764 0.22293
-0.71460 -0.54511 0.24862
-0.73012 -0.49174 0.27431
-0.70126 -0.43879 0.28495
-0.64493 -0.41729 0.27431
-0.67193 -0.54727 0.16816
-0.72701 -0.52985 0.18844
-0.74983 -0.47876 0.21330
-0.72701 -0.42392 0.22817
-0.67193 -0.39746 0.22434
-0.61684 -0.41487 0.20406
-0.59403 -0.46597 0.17920
-0.61684 -0.52081 0.16433
-0.68531 -0.52732 0.11496
-0.74119 -0.50837 0.13130
-0.76434 -0.45655 0.15429
-0.74119 -0.40223 0.17046
-0.68531 -0.37721 0.17034
-0.62943 -0.39615 0.15401
-0.60628 -0.44797 0.13102
-0.62943 -0.50230 0.11485
-0.69442 -0.50731 0.06073
-0.75081 -0.48688 0.07309
-0.77416 -0.43440 0.09430
-0.75081 -0.38061 0.11191
-0.69442 -0.35702 0.11562
-0.63804 -0.37744 0.10325
-0.61469 -0.42992 0.08205
-0.63804 -0.48371 0.06443
-0.69922 -0.48724 0.00578
-0.75578 -0.46536 0.01419
-0.77921 -0.41226 0.03370
-0.75578 -0.35905 0.05288
-0.69922 -0.33688 0.06050
-0.64265 -0.35876 0.05209
-0.61922 -0.41186 0.03258
-0.64265 -0.46508 0.01340
-0.69965 -0.46712 -0.04951
-0.75609 -0.44381 -0.04503
-0.77947 -0.39013 -0.02711
-0.75609 -0.33752 -0.00626
-0.69965 -0.31680 0.00532
-0.64321 -0.34011 0.00083
-0.61983 -0.39379 -0.01708
-0.64321 -0.44640 -0.03794
-0.69573 -0.44694 -0.10483
-0.75174 -0.42220 -0.10419
-0.77494 -0.36798 -0.08774
-0.75174 -0.31603 -0.06512
-0.69573 -0.29678 -0.04957
-0.63972 -0.32151 -0.05021
-0.61652 -0.37574 -0.06666
-0.63972 -0.42769 -0.08928
-0.68748 -0.42670 -0.15982
-0.74274 -0.40053 -0.16292
-0.76564 -0.34579 -0.14780
-0.74274 -0.29455 -0.12332
-0.68748 -0.27682 -0.10382
-0.63221 -0.30299 -0.10072
-0.60932 -0.35773 -0.11584
-0.63221 -0.40897 -0.14032
-0.61347 -0.38285 -0.18562
-0.66389 -0.40679 -0.21079
-0.72079 -0.38671 -0.22121
-0.75083 -0.33439 -0.21079
-0.73642 -0.28047 -0.18562
-0.68599 -0.25653 -0.16045
-0.62910 -0.27660 -0.15002
-0.59905 -0.32893 -0.16045
-0.60266 -0.36913 -0.23826
-0.65436 -0.38645 -0.26612
-0.70831 -0.35990 -0.27766
-0.73291 -0.30503 -0.26612
-0.71375 -0.25398 -0.23826
-0.66205 -0.23666 -0.21040
-0.60809 -0.26322 -0.19886
-0.58350 -0.31809 -0.21040
-0.58700 -0.35361 -0.28942
-0.63866 -0.36531 -0.32014
-0.68956 -0.33375 -0.33287
-0.70988 -0.27741 -0.32014
-0.68773 -0.22930 -0.28942
-0.63608 -0.21760 -0.25869
-0.58518 -0.24917 -0.24597
-0.56485 -0.30551 -0.25869
-0.56658 -0.33682 -0.33878
-0.61726 -0.34378 -0.37243
-0.66518 -0.30831 -0.38637
-0.68228 -0.25120 -0.37243
-0.65854 -0.20589 -0.33878
-0.60786 -0.19893 -0.30512
-0.55994 -0.23440 -0.29118
-0.54284 -0.29152 -0.30512
-0.54163 -0.31915 -0.38602
-0.59065 -0.32209 -0.42260
-0.63574 -0.28353 -0.43775
-0.65048 -0.22607 -0.42260
-0.62625 -0.18336 -0.38602
-0.57723 -0.18042 -0.34945
-0.53214 -0.21898 -0.33430
-0.51740 -0.27644 -0.34945
-0.51243 -0.30086 -0.43087
-0.55928 -0.30035 -0.47029
-0.60168 -0.25931 -0.48661
-0.61479 -0.20177 -0.47029
-0.59094 -0.16145 -0.43087
-0.54409 -0.16196 -0.39145
-0.50169 -0.20300 -0.37512
-0.48857 -0.26054 -0.39145
-0.47927 -0.28213 -0.47303
-0.52355 -0.27863 -0.51517
-0.56340 -0.23555 -0.53262
-0.57548 -0.17812 -0.51517
-0.55271 -0.13998 -0.47303
-0.50843 -0.14348 -0.43088
-0.46858 -0.18656 -0.41343
-0.45650 -0.24399 -0.43088
-0.44247 -0.26308 -0.51224
-0.48386 -0.25695 -0.55694
-0.52128 -0.21217 -0.57546
-0.53282 -0.15496 -0.55694
-0.51170 -0.11883 -0.51224
-0.47031 -0.12496 -0.46754
-0.43289 -0.16974 -0.44902
-0.42135 -0.22695 -0.46754
-0.40233 -0.24379 -0.54826
-0.44057 -0.23532 -0.59533
-0.47567 -0.18909 -0.61483
-0.48706 -0.13218 -0.59533
-0.46809 -0.09792 -0.54826
-0.42985 -0.10639 -0.50120
-0.39475 -0.15261 -0.48170
-0.38335 -0.20953 -0.50120
-0.35917 -0.22431 -0.58088
-0.39404 -0.21374 -0.63008
-0.42690 -0.16626 -0.65047
-0.43851 -0.10971 -0.63008
-0.42207 -0.07719 -0.58088
-0.38720 -0.08777 -0.53167
-0.35434 -0.13524 -0.51128
-0.34273 -0.19180 -0.53167
-0.31332 -0.20470 -0.60987
-0.34463 -0.19219 -0.66098
-0.37534 -0.14363 -0.68215
-0.38745 -0.08747 -0.66098
-0.37388 -0.05660 -0.60987
-0.34257 -0.06912 -0.55876
-0.31186 -0.11768 -0.53759
-0.29975 -0.17384 -0.55876
-0.26510 -0.18498 -0.63506
-0.29271 -0.17068 -0.68781
-0.32133 -0.12115 -0.70966
-0.33420 -0.06542 -0.68781
-0.32378 -0.03613 -0.63506
-0.29617 -0.05043 -0.58232
-0.26755 -0.09995 -0.56047
-0.25468 -0.15568 -0.58232
-0.21485 -0.16517 -0.65630
-0.23864 -0.14918 -0.71041
-0.26525 -0.09880 -0.73282
-0.27909 -0.04352 -0.71041
-0.27205 -0.01574 -0.65630
-0.24826 -0.03172 -0.60220
-0.22165 -0.08211 -0.57978
-0.20781 -0.13738 -0.60220
-0.16289 -0.14527 -0.67346
-0.18279 -0.12770 -0.72863
-0.20746 -0.07653 -0.75149
-0.22245 -0.02175 -0.72863
-0.21898 0.00457 -0.67346
-0.19909 -0.01300 -0.61828
-0.17442 -0.06417 -0.59542
-0.15943 -0.11896 -0.61828
-0.10958 -0.12532 -0.68641
-0.12552 -0.10622 -0.74236
-0.14833 -0.05434 -0.76554
-0.16464 -0.00006 -0.74236
-0.16490 0.02482 -0.68641
-0.14896 0.00572 -0.63047
-0.12615 -0.04616 -0.60729
-0.10984 -0.10044 -0.63047
-0.05526 -0.10530 -0.69510
-0.06723 -0.08473 -0.75151
-0.08826 -0.03218 -0.77488
-0.10602 0.02155 -0.75151
-0.11012 0.04500 -0.69510
-0.09815 0.02443 -0.63869
-0.07712 -0.02812 -0.61532
-0.05935 -0.08185 -0.63869
-0.00026 -0.08523 -0.69945
-0.00828 -0.06321 -0.75602
-0.02762 -0.01005 -0.77945
-0.04696 0.04311 -0.75602
-0.05498 0.06513 -0.69945
-0.04696 0.04311 -0.64289
-0.02762 -0.01005 -0.61945
-0.00828 -0.06321 -0.64289
0.05505 -0.06510 -0.69945
0.05095 -0.04165 -0.75587
0.03319 0.01208 -0.77923
0.01216 0.06463 -0.75587
0.00019 0.08520 -0.69945
0.00429 0.06175 -0.64304
0.02205 0.00802 -0.61967
0.04308 -0.04453 -0.64304
0.11035 -0.04492 -0.69510
0.11009 -0.02004 -0.75105
0.09378 0.03424 -0.77422
0.07097 0.08612 -0.75105
0.05503 0.10522 -0.69510
0.05529 0.08034 -0.63915
0.07160 0.02606 -0.61598
0.09440 -0.02582 -0.63915
0.16529 -0.02467 -0.68641
0.16875 0.00164 -0.74159
0.15376 0.05643 -0.76445
0.12909 0.10760 -0.74159
0.10920 0.12517 -0.68641
0.10573 0.09886 -0.63124
0.12072 0.04407 -0.60838
0.14539 -0.00710 -0.63124
0.21954 -0.00436 -0.67346
0.22658 0.02342 -0.72756
0.21274 0.07870 -0.74997
0.18613 0.12908 -0.72756
0.16234 0.14506 -0.67346
0.15530 0.11728 -0.61935
0.16914 0.06201 -0.59694
0.19575 0.01162 -0.61935
0.27279 0.01603 -0.65630
0.28321 0.04532 -0.70905
0.27034 0.10105 -0.73090
0.24172 0.15058 -0.70905
0.21411 0.16488 -0.65630
0.20369 0.13558 -0.60356
0.21656 0.07985 -0.58171
0.24518 0.03033 -0.60356
0.32472 0.03650 -0.63506
0.33829 0.06737 -0.68617
0.32618 0.12353 -0.70734
0.29547 0.17209 -0.68617
0.26416 0.18460 -0.63506
0.25059 0.15374 -0.58395
0.26270 0.09758 -0.56278
0.29341 0.04902 -0.58395
0.37505 0.05709 -0.60987
0.39149 0.08961 -0.65908
0.37988 0.14616 -0.67946
0.34702 0.19364 -0.65908
0.31215 0.20421 -0.60987
0.29571 0.17170 -0.56066
0.30732 0.11514 -0.54028
0.34018 0.06767 -0.56066
0.42350 0.07782 -0.58088
0.44248 0.11208 -0.62794
0.43108 0.16899 -0.64744
0.39598 0.21522 -0.62794
0.35774 0.22369 -0.58088
0.33876 0.18943 -0.53381
0.35016 0.13251 -0.51431
0.38526 0.08629 -0.53381
0.46983 0.09873 -0.54826
0.49094 0.13486 -0.59297
0.47941 0.19207 -0.61148
0.44198 0.23685 -0.59297
0.40059 0.24298 -0.54826
0.37948 0.20685 -0.50356
0.39101 0.14964 -0.48505
0.42843 0.10485 -0.50356
0.51380 0.11988 -0.51224
0.53658 0.15802 -0.55438
0.52450 0.21545 -0.57184
0.48465 0.25853 -0.55438
0.44036 0.26203 -0.51224
0.41759 0.22389 -0.47010
0.42967 0.16646 -0.45264
0.46952 0.12338 -0.47010
0.55525 0.14135 -0.47303
0.57910 0.18167 -0.51245
0.56598 0.23921 -0.52877
0.52358 0.28025 -0.51245
0.47673 0.28076 -0.47303
0.45288 0.24044 -0.43361
0.46600 0.18290 -0.41728
0.50840 0.14186 -0.43361
0.59399 0.16326 -0.43087
0.61822 0.20597 -0.46744
0.60348 0.26343 -0.48259
0.55839 0.30199 -0.46744
0.50937 0.29905 -0.43087
0.48514 0.25634 -0.39429
0.49989 0.19888 -0.37914
0.54497 0.16032 -0.39429
0.62992 0.18579 -0.38602
0.65366 0.23109 -0.41968
0.63656 0.28821 -0.43362
0.58864 0.32368 -0.41968
0.53796 0.31672 -0.38602
0.51422 0.27142 -0.35237
0.53132 0.21430 -0.33843
0.57924 0.17883 -0.35237
0.66293 0.20920 -0.33878
0.68508 0.25731 -0.36950
0.66475 0.31365 -0.38223
0.61385 0.34521 -0.36950
0.56220 0.33351 -0.33878
0.54004 0.28540 -0.30805
0.56037 0.22907 -0.29532
0.61127 0.19750 -0.30805
0.69291 0.23388 -0.28942
0.71207 0.28492 -0.31728
0.68748 0.33980 -0.32882
0.63353 0.36635 -0.31728
0.58182 0.34903 -0.28942
0.56266 0.29799 -0.26156
0.58726 0.24312 -0.25002
0.64121 0.21656 -0.26156
0.71968 0.26037 -0.23826
0.73409 0.31429 -0.26343
0.70405 0.36661 -0.27386
0.64715 0.38669 -0.26343
0.59673 0.36275 -0.23826
0.58232 0.30883 -0.21309
0.61236 0.25650 -0.20266
0.66926 0.23643 -0.21309
0.67494 0.40660 -0.21362
0.61967 0.38887 -0.19412
0.59678 0.33763 -0.16964
0.61967 0.28289 -0.15452
0.67494 0.25672 -0.15762
0.73021 0.27445 -0.17712
0.75310 0.32569 -0.20160
0.73021 0.38043 -0.21672
0.68748 0.42684 -0.15945
0.63147 0.40759 -0.14390
0.60827 0.35564 -0.12128
0.63147 0.30141 -0.10483
0.68748 0.27668 -0.10419
0.74348 0.29593 -0.11974
0.76668 0.34788 -0.14236
0.74348 0.40210 -0.15881
0.69573 0.44701 -0.10461
0.63929 0.42630 -0.09304
0.61591 0.37369 -0.07219
0.63929 0.32001 -0.05427
0.69573 0.29670 -0.04978
0.75217 0.31742 -0.06136
0.77555 0.37003 -0.08221
0.75217 0.42371 -0.10013
0.69965 0.46714 -0.04945
0.64308 0.44497 -0.04184
0.61965 0.39176 -0.02266
0.64308 0.33866 -0.00315
0.69965 0.31678 0.00526
0.75622 0.33894 -0.00236
0.77965 0.39216 -0.02154
0.75622 0.44526 -0.04105
0.69922 0.48720 0.00569
0.64283 0.46361 0.00940
0.61948 0.40982 0.02702
0.64283 0.35734 0.04822
0.69922 0.33692 0.06059
0.75560 0.36051 0.05688
0.77895 0.41430 0.03926
0.75560 0.46678 0.01806
0.69442 0.50722 0.06048
0.63854 0.48220 0.06036
0.61539 0.42787 0.07653
0.63854 0.37605 0.09952
0.69442 0.35711 0.11586
0.75031 0.38212 0.11598
0.77346 0.43645 0.09981
0.75031 0.48827 0.07682
0.68531 0.52717 0.11456
0.63023 0.50070 0.11073
0.60741 0.44587 0.12560
0.63023 0.39477 0.15046
0.68531 0.37736 0.17075
0.74039 0.40382 0.17458
0.76321 0.45866 0.15971
0.74039 0.50975 0.13485
0.73216 0.52501 0.19625
0.68136 0.54754 0.17056
0.62502 0.52603 0.15992
0.59617 0.47309 0.17056
0.61169 0.41972 0.19625
0.66250 0.39719 0.22194
0.71883 0.41869 0.23258
0.74769 0.47164 0.22194
0.70880 0.55108 0.24862
0.65702 0.56720 0.22020
0.60368 0.53953 0.20842
0.58003 0.48430 0.22020
0.59992 0.43384 0.24862
0.65170 0.41773 0.27704
0.70504 0.44539 0.28882
0.72869 0.50063 0.27704
0.68214 0.57547 0.29944
0.63062 0.58615 0.26814
0.58033 0.55373 0.25517
0.56072 0.49719 0.26814
0.58329 0.44966 0.29944
0.63482 0.43897 0.33075
0.68511 0.47140 0.34372
0.70472 0.52793 0.33075
0.65233 0.59868 0.34840
0.60194 0.60478 0.31416
0.55459 0.56863 0.29998
0.53803 0.51142 0.31416
0.56195 0.46665 0.34840
0.61234 0.46055 0.38265
0.65968 0.49669 0.39683
0.67625 0.55391 0.38265
0.61943 0.62107 0.39519
0.57081 0.62327 0.35804
0.52627 0.58417 0.34265
0.51190 0.52668 0.35804
0.53612 0.48446 0.39519
0.58474 0.48226 0.43235
0.62928 0.52135 0.44773
0.64365 0.57885 0.43235
0.58352 0.64288 0.43952
0.53716 0.64174 0.39955
0.49528 0.60025 0.38299
0.48241 0.54273 0.39955
0.50610 0.50285 0.43952
0.55247 0.50399 0.47950
0.59435 0.54548 0.49606
0.60721 0.60300 0.47950
0.54473 0.66427 0.48111
0.50100 0.66022 0.43845
0.46164 0.61678 0.42077
0.44971 0.55938 0.43845
0.47219 0.52166 0.48111
0.51592 0.52571 0.52378
0.55528 0.56915 0.54145
0.56721 0.62655 0.52378
0.50318 0.68537 0.51971
0.46240 0.67875 0.47452
0.42545 0.63366 0.45580
0.41397 0.57651 0.47452
0.43470 0.54076 0.51971
0.47548 0.54738 0.56490
0.51243 0.59247 0.58362
0.52390 0.64963 0.56490
0.45907 0.70624 0.55507
0.42149 0.69733 0.50755
0.38684 0.65084 0.48787
0.37543 0.59400 0.50755
0.39393 0.56010 0.55507
0.43151 0.56900 0.60258
0.46615 0.61549 0.62226
0.47757 0.67234 0.60258
0.41259 0.72693 0.58697
0.37843 0.71596 0.53736
0.34600 0.66826 0.51681
0.33431 0.61177 0.53736
0.35021 0.57960 0.58697
0.38438 0.59058 0.63658
0.41680 0.63828 0.65713
0.42849 0.69476 0.63658
0.36400 0.74750 0.61522
0.33342 0.73462 0.56376
0.30314 0.68586 0.54244
0.29089 0.62978 0.56376
0.30386 0.59923 0.61522
0.33444 0.61211 0.66667
0.36472 0.66088 0.68799
0.37697 0.71695 0.66667
0.31355 0.76796 0.63963
0.28670 0.75331 0.58659
0.25849 0.70361 0.56462
0.24544 0.64797 0.58659
0.25520 0.61898 0.63963
0.28206 0.63362 0.69267
0.31027 0.68333 0.71464
0.32332 0.73897 0.69267
0.26153 0.78833 0.66006
0.23851 0.77202 0.60572
0.21230 0.72147 0.58321
0.19824 0.66629 0.60572
0.20458 0.63881 0.66006
0.22760 0.65511 0.71441
0.25382 0.70566 0.73692
0.26787 0.76084 0.71441
0.20824 0.80863 0.67639
0.18913 0.79074 0.62103
0.16484 0.73943 0.59810
0.14960 0.68474 0.62103
0.15233 0.65871 0.67639
0.17144 0.67659 0.73174
0.19573 0.72791 0.75467
0.21097 0.78260 0.73174
0.15399 0.82886 0.68850
0.13884 0.80946 0.63243
0.11640 0.75744 0.60921
0.09981 0.70327 0.63243
0.09879 0.67868 0.68850
0.11394 0.69808 0.74456
0.13638 0.75010 0.76778
0.15297 0.80427 0.74456
0.09911 0.84903 0.69632
0.08793 0.82816 0.63985
0.06725 0.77549 0.61646
0.04918 0.72187 0.63985
0.04430 0.69871 0.69632
0.05548 0.71957 0.75279
0.07616 0.77224 0.77618
0.09423 0.82587 0.75279
0.04393 0.86915 0.69980
0.03671 0.84684 0.64324
0.01769 0.79356 0.61981
-0.00198 0.74053 0.64324
-0.01078 0.71879 0.69980
-0.00356 0.74110 0.75637
0.01546 0.79438 0.77979
0.03513 0.84741 0.75637
-0.01119 0.88921 0.69893
-0.01452 0.86547 0.64259
-0.03198 0.81163 0.61925
-0.05336 0.75921 0.64259
-0.06612 0.73893 0.69893
-0.06280 0.76267 0.75528
-0.04534 0.81651 0.77862
-0.02396 0.86893 0.75528
-0.06593 0.90921 0.69371
-0.06543 0.88405 0.63789
-0.08147 0.82967 0.61477
-0.10464 0.77792 0.63789
-0.12137 0.75913 0.69371
-0.12187 0.78429 0.74953
-0.10584 0.83867 0.77265
-0.08266 0.89042 0.74953
-0.11992 0.92916 0.68416
-0.11572 0.90255 0.62918
-0.13047 0.84766 0.60640
-0.15552 0.79665 0.62918
-0.17620 0.77938 0.68416
-0.18040 0.80599 0.73915
-0.16565 0.86088 0.76193
-0.14060 0.91190 0.73915
-0.17281 0.94903 0.67036
-0.16508 0.92095 0.61650
-0.17871 0.86558 0.59419
-0.20572 0.81536 0.61650
-0.23028 0.79971 0.67036
-0.23801 0.82779 0.72421
-0.22438 0.88316 0.74652
-0.19738 0.93338 0.72421
-0.22427 0.96883 0.65238
-0.21320 0.93923 0.59994
-0.22590 0.88341 0.57821
-0.25493 0.83407 0.59994
-0.28329 0.82011 0.65238
-0.29436 0.84972 0.70482
-0.28166 0.90554 0.72654
-0.25263 0.95488 0.70482
-0.27394 0.98853 0.63034
-0.25977 0.95735 0.57959
-0.27176 0.90110 0.55856
-0.30289 0.85275 0.57959
-0.33492 0.84061 0.63034
-0.34909 0.87180 0.68109
-0.33710 0.92804 0.70211
-0.30597 0.97640 0.68109
-0.32147 1.00812 0.60437
-0.30449 0.97527 0.55557
-0.31604 0.91863 0.53535
-0.34934 0.87140 0.55557
-0.38490 0.86123 0.60437
-0.40188 0.89408 0.65317
-0.39033 0.95071 0.67338
-0.35703 0.99795 0.65317
-0.36654 1.02756 0.57464
-0.34710 0.99294 0.52803
-0.35850 0.93596 0.50872
-0.39405 0.89000 0.52803
-0.43294 0.88199 0.57464
-0.45238 0.91661 0.62125
-0.44099 0.97359 0.64055
-0.40543 1.01954 0.62125
-0.40880 1.04681 0.54133
-0.38731 1.01029 0.49712
-0.39892 0.95303 0.47881
-0.43682 0.90856 0.49712
-0.47882 0.90294 0.54133
-0.50030 0.93946 0.58553
-0.48870 0.99672 0.60384
-0.45079 1.04119 0.58553
-0.44792 1.06580 0.50465
-0.42488 1.02724 0.46304
-0.43713 0.96978 0.44580
-0.47748 0.92707 0.46304
-0.52230 0.92414 0.50465
-0.54534 0.96271 0.54625
-0.53310 1.02017 0.56349
-0.49274 1.06287 0.54625
-0.48357 1.08446 0.46482
-0.45958 1.04367 0.42596
-0.47297 0.98614 0.40987
-0.51590 0.94555 0.42596
-0.56322 0.94569 0.46482
-0.58721 0.98648 0.50368
-0.57382 1.04401 0.51978
-0.53089 1.08460 0.50368
-0.51543 1.10264 0.42210
-0.49122 1.05943 0.38611
-0.50637 1.00201 0.37120
-0.55201 0.96402 0.38611
-0.60141 0.96771 0.42210
-0.62562 1.01092 0.45810
-0.61046 1.06834 0.47301
-0.56482 1.10633 0.45810
-0.54317 1.12016 0.37676
-0.51965 1.07431 0.34369
-0.53732 1.01731 0.32999
-0.58583 0.98255 0.34369
-0.63676 0.99039 0.37676
-0.66028 1.03624 0.40983
-0.64261 1.09324 0.42352
-0.59410 1.12800 0.40983
-0.56650 1.13673 0.32906
-0.54482 1.08805 0.29892
-0.56591 1.03194 0.28643
-0.61742 1.00127 0.29892
-0.66917 1.01402 0.32906
-0.69085 1.06271 0.35921
-0.66975 1.11882 0.37169
-0.61825 1.14948 0.35921
-0.58518 1.15194 0.27932
-0.56682 1.10031 0.25202
-0.59241 1.04584 0.24071
-0.64696 1.02046 0.25202
-0.69853 1.03901 0.27932
-0.71690 1.09065 0.30663
-0.69131 1.14511 0.31794
-0.63675 1.17050 0.30663
-0.59915 1.16522 0.22784
-0.58593 1.11076 0.20317
-0.61721 1.05912 0.19296
-0.67466 1.04055 0.20317
-0.72462 1.06594 0.22784
-0.73783 1.12040 0.25251
-0.70656 1.17204 0.26272
-0.64911 1.19060 0.25251
-0.67779 1.06071 0.14703
-0.73323 1.07874 0.16574
-0.75619 1.13013 0.18984
-0.73323 1.18477 0.20521
-0.67779 1.21065 0.20285
-0.62235 1.19262 0.18414
-0.59938 1.14123 0.16004
-0.62235 1.08659 0.14466
-0.68947 1.08068 0.09337
-0.74559 1.10023 0.10813
-0.76884 1.15231 0.13039
-0.74559 1.20643 0.14712
-0.68947 1.23088 0.14852
-0.63335 1.21133 0.13377
-0.61011 1.15925 0.11151
-0.63335 1.10513 0.09478
-0.69686 1.10072 0.03881
-0.75335 1.12173 0.04959
-0.77675 1.17446 0.07011
-0.75335 1.22802 0.08833
-0.69686 1.25104 0.09360
-0.64037 1.23003 0.08282
-0.61697 1.17730 0.06231
-0.64037 1.12374 0.04408
-0.69991 1.12080 -0.01631
-0.75647 1.14325 -0.00948
-0.77989 1.19659 0.00938
-0.75647 1.24957 0.02922
-0.69991 1.27116 0.03841
-0.64336 1.24871 0.03158
-0.61993 1.19537 0.01272
-0.64336 1.14239 -0.00711
-0.69860 1.14095 -0.07166
-0.75491 1.16483 -0.06872
-0.77823 1.21873 -0.05141
-0.75491 1.27108 -0.02985
-0.69860 1.29121 -0.01669
-0.64230 1.26734 -0.01963
-0.61898 1.21343 -0.03694
-0.64230 1.16108 -0.05849
-0.69295 1.16115 -0.12688
-0.74869 1.18646 -0.12775
-0.77179 1.24089 -0.11185
-0.74869 1.29257 -0.08850
-0.69295 1.31121 -0.07137
-0.63720 1.28590 -0.07049
-0.61411 1.23147 -0.08639
-0.63720 1.17980 -0.10975
-0.68297 1.18141 -0.18165
-0.73786 1.20817 -0.18620
-0.76059 1.26310 -0.17157
-0.73786 1.31405 -0.14633
-0.68297 1.33115 -0.12526
-0.62809 1.30440 -0.12071
-0.60535 1.24946 -0.13534
-0.62809 1.19852 -0.16058
-0.60972 1.22238 -0.20683
-0.66085 1.20121 -0.23305
-0.71660 1.22408 -0.24391
-0.74432 1.27759 -0.23305
-0.72777 1.33039 -0.20683
-0.67664 1.35155 -0.18061
-0.62089 1.32868 -0.16975
-0.59317 1.27518 -0.18061
-0.59698 1.23689 -0.25892
-0.64879 1.22194 -0.28791
-0.70152 1.25065 -0.29992
-0.72428 1.30621 -0.28791
-0.70373 1.35607 -0.25892
-0.65191 1.37103 -0.22993
-0.59918 1.34231 -0.21792
-0.57643 1.28675 -0.22993
-0.57939 1.25298 -0.30940
-0.63075 1.24327 -0.34129
-0.68045 1.27651 -0.35450
-0.69937 1.33323 -0.34129
-0.67643 1.38019 -0.30940
-0.62507 1.38990 -0.27750
-0.57538 1.35665 -0.26429
-0.55646 1.29994 -0.27750
-0.55713 1.27016 -0.35794
-0.60721 1.26489 -0.39277
-0.65398 1.30167 -0.40720
-0.67005 1.35897 -0.39277
-0.64599 1.40321 -0.35794
-0.59591 1.40848 -0.32312
-0.54914 1.37169 -0.30869
-0.53308 1.31440 -0.32312
-0.53044 1.28810 -0.40426
-0.57865 1.28660 -0.44199
-0.62264 1.32622 -0.45762
-0.63666 1.38374 -0.44199
-0.61248 1.42547 -0.40426
-0.56428 1.42696 -0.36654
-0.52028 1.38735 -0.35091
-0.50627 1.32983 -0.36654
-0.49962 1.30659 -0.44807
-0.54549 1.30834 -0.48859
-0.58685 1.35024 -0.50538
-0.59949 1.40776 -0.48859
-0.57599 1.44718 -0.44807
-0.53013 1.44543 -0.40754
-0.48876 1.40353 -0.39076
-0.47612 1.34601 -0.40754
-0.46497 1.32546 -0.48908
-0.50813 1.33004 -0.53227
-0.54700 1.37384 -0.55016
-0.55880 1.43120 -0.53227
-0.53663 1.46851 -0.48908
-0.49347 1.46393 -0.44589
-0.45460 1.42013 -0.42800
-0.44280 1.36277 -0.44589
-0.42679 1.34461 -0.52705
-0.46695 1.35170 -0.57272
-0.50344 1.39709 -0.59164
-0.51487 1.45419 -0.57272
-0.49456 1.48956 -0.52705
-0.45440 1.48247 -0.48137
-0.41792 1.43708 -0.46246
-0.40648 1.37998 -0.48137
-0.38541 1.36398 -0.56173
-0.42232 1.37332 -0.60968
-0.45652 1.42006 -0.62954
-0.46796 1.47684 -0.60968
-0.44995 1.51039 -0.56173
-0.41304 1.50105 -0.51378
-0.37885 1.45431 -0.49392
-0.36740 1.39753 -0.51378
-0.34114 1.38352 -0.59292
-0.37460 1.39489 -0.64292
-0.40659 1.44281 -0.66363
-0.41837 1.49921 -0.64292
-0.40304 1.53106 -0.59292
-0.36957 1.51969 -0.54292
-0.33758 1.47176 -0.52221
-0.32581 1.41536 -0.54292
-0.29430 1.40317 -0.62041
-0.32415 1.41642 -0.67221
-0.35401 1.46538 -0.69366
-0.36640 1.52137 -0.67221
-0.35405 1.55160 -0.62041
-0.32421 1.53836 -0.56861
-0.29434 1.48940 -0.54716
-0.28196 1.43340 -0.56861
-0.24523 1.42294 -0.64404
-0.27132 1.43792 -0.69737
-0.29913 1.48780 -0.71945
-0.31236 1.54335 -0.69737
-0.30327 1.57204 -0.64404
-0.27717 1.55705 -0.59072
-0.24936 1.50717 -0.56863
-0.23613 1.45162 -0.59072
-0.19425 1.44278 -0.66366
-0.21649 1.45941 -0.71823
-0.24232 1.51012 -0.74083
-0.25660 1.56520 -0.71823
-0.25097 1.59239 -0.66366
-0.22872 1.57577 -0.60909
-0.20290 1.52506 -0.58649
-0.18862 1.46998 -0.60909
-0.14171 1.46270 -0.67915
-0.16003 1.48089 -0.73467
-0.18394 1.53235 -0.75767
-0.19945 1.58694 -0.73467
-0.19745 1.61268 -0.67915
-0.17914 1.59449 -0.62363
-0.15522 1.54303 -0.60063
-0.13972 1.48844 -0.62363
-0.08795 1.48268 -0.69040
-0.10231 1.50237 -0.74658
-0.12439 1.55453 -0.76984
-0.14127 1.60859 -0.74658
-0.14305 1.63290 -0.69040
-0.12870 1.61320 -0.63423
-0.10661 1.56105 -0.61097
-0.08974 1.50699 -0.63423
-0.03332 1.50272 -0.69736
-0.04371 1.52388 -0.75388
-0.06405 1.57667 -0.77728
-0.08243 1.63018 -0.75388
-0.08809 1.65306 -0.69736
-0.07770 1.63190 -0.64085
-0.05736 1.57911 -0.61744
-0.03898 1.52560 -0.64085
0.02184 1.52282 -0.69998
0.01540 1.54541 -0.75652
-0.00330 1.59880 -0.77994
-0.02330 1.65172 -0.75652
-0.03289 1.67316 -0.69998
-0.02645 1.65057 -0.64343
-0.00776 1.59718 -0.62001
0.01225 1.54426 -0.64343
0.07719 1.54297 -0.69823
0.07464 1.56699 -0.75450
0.05747 1.62094 -0.77780
0.03574 1.67323 -0.75450
0.02218 1.69321 -0.69823
0.02473 1.66920 -0.64197
0.04190 1.61524 -0.61867
0.06363 1.56295 -0.64197
0.13238 1.56317 -0.69214
0.13363 1.58862 -0.74782
0.11786 1.64311 -0.77088
0.09432 1.69471 -0.74782
0.07680 1.71321 -0.69214
0.07555 1.68776 -0.63647
0.09131 1.63327 -0.61340
0.11486 1.58167 -0.63647
0.18709 1.58344 -0.68174
0.19200 1.61034 -0.73652
0.17749 1.66533 -0.75922
0.15206 1.71619 -0.73652
0.13059 1.73314 -0.68174
0.12568 1.70624 -0.62696
0.14019 1.65125 -0.60426
0.16563 1.60039 -0.62696
0.24098 1.60378 -0.66709
0.24939 1.63217 -0.72069
0.23597 1.68763 -0.74289
0.20856 1.73768 -0.72069
0.18323 1.75300 -0.66709
0.17481 1.72462 -0.61350
0.18824 1.66916 -0.59129
0.21565 1.61911 -0.61350
0.29373 1.62420 -0.64829
0.30545 1.65412 -0.70041
0.29291 1.71003 -0.72200
0.26346 1.75918 -0.70041
0.23436 1.77278 -0.64829
0.22264 1.74287 -0.59617
0.23518 1.68696 -0.57458
0.26463 1.63781 -0.59617
0.34506 1.64472 -0.62545
0.35982 1.67624 -0.67583
0.34794 1.73256 -0.69670
0.31638 1.78070 -0.67583
0.28363 1.79246 -0.62545
0.26887 1.76095 -0.57507
0.28075 1.70462 -0.55420
0.31231 1.65648 -0.57507
0.39467 1.66537 -0.59872
0.41217 1.69856 -0.64710
0.40068 1.75527 -0.66714
0.36693 1.80226 -0.64710
0.33070 1.81202 -0.59872
0.31319 1.77882 -0.55034
0.32468 1.72212 -0.53030
0.35843 1.67512 -0.55034
0.44230 1.68616 -0.56825
0.46218 1.72115 -0.61440
0.45077 1.77819 -0.63351
0.41476 1.82387 -0.61440
0.37523 1.83143 -0.56825
0.35534 1.79644 -0.52211
0.36675 1.73940 -0.50300
0.40277 1.69372 -0.52211
0.48771 1.70716 -0.53425
0.50955 1.74407 -0.57795
0.49785 1.80138 -0.59605
0.45947 1.84552 -0.57795
0.41689 1.85063 -0.53425
0.39505 1.81372 -0.49055
0.40675 1.75641 -0.47245
0.44513 1.71227 -0.49055
0.53070 1.72842 -0.49692
0.55398 1.76741 -0.53799
0.54155 1.82490 -0.55501
0.50069 1.86722 -0.53799
0.45534 1.86957 -0.49692
0.43206 1.83058 -0.45585
0.44449 1.77309 -0.43884
0.48534 1.73077 -0.45585
0.57108 1.75005 -0.45650
0.59517 1.79130 -0.49480
0.58148 1.84884 -0.51066
0.53803 1.88895 -0.49480
0.49026 1.88814 -0.45650
0.46616 1.84689 -0.41821
0.47985 1.78935 -0.40234
0.52331 1.74924 -0.41821
0.60871 1.77218 -0.41324
0.63286 1.81591 -0.44865
0.61727 1.87327 -0.46332
0.57106 1.91068 -0.44865
0.52131 1.90621 -0.41324
0.49716 1.86249 -0.37782
0.51275 1.80512 -0.36315
0.55896 1.76772 -0.37782
0.64348 1.79503 -0.36740
0.66673 1.84143 -0.39988
0.64845 1.89830 -0.41333
0.59935 1.93232 -0.39988
0.54819 1.92356 -0.36740
0.52494 1.87716 -0.33492
0.54322 1.82029 -0.32146
0.59232 1.78627 -0.33492
0.67529 1.81889 -0.31927
0.69643 1.86817 -0.34884
0.67453 1.92402 -0.36108
0.62241 1.95373 -0.34884
0.57061 1.93990 -0.31927
0.54947 1.89063 -0.28970
0.57137 1.83478 -0.27746
0.62349 1.80506 -0.28970
0.70402 1.84422 -0.26915
0.72152 1.89644 -0.29591
0.69489 1.95045 -0.30699
0.63973 1.97461 -0.29591
0.58835 1.95477 -0.26915
0.57086 1.90255 -0.24240
0.59749 1.84854 -0.23131
0.65264 1.82438 -0.24240
0.66540 1.99442 -0.24566
0.61072 1.97764 -0.22381
0.58807 1.92685 -0.19818
0.61072 1.87182 -0.18379
0.66540 1.84477 -0.18906
0.72008 1.86156 -0.21091
0.74272 1.91234 -0.23654
0.72008 1.96738 -0.25094
0.68046 2.01470 -0.19205
0.62486 1.99636 -0.17413
0.60183 1.94483 -0.15040
0.62486 1.89029 -0.13477
0.68046 1.86470 -0.13639
0.73607 1.88304 -0.15431
0.75910 1.93457 -0.17804
0.73607 1.98911 -0.19367
0.69130 2.03491 -0.13758
0.63508 2.01507 -0.12362
0.61179 1.96285 -0.10171
0.63508 1.90884 -0.08469
0.69130 1.88468 -0.08252
0.74751 1.90452 -0.09648
0.77080 1.95674 -0.11839
0.74751 2.01075 -0.13541
0.69782 2.05507 -0.08257
0.64129 2.03377 -0.07258
0.61788 1.98091 -0.05241
0.64129 1.92746 -0.03387
0.69782 1.90473 -0.02782
0.75435 1.92603 -0.03781
0.77777 1.97888 -0.05798
0.75435 2.03234 -0.07652
0.70000 2.00000 -0.00000
0.70000 2.00000 -0.00000
0.70000 2.00000 -0.00000
0.70000 2.00000 -0.00000
0.70000 2.00000 -0.00000
0.70000 2.00000 -0.00000
0.70000 2.00000 -0.00000
0.70000 2.00000 -0.00000
3 0 8 9
3 0 9 1
3 1 9 10
3 1 10 2
3 2 10 11
3 2 11 3
3 3 11 12
3 3 12 4
3 4 12 13
3 4 13 5
3 5 13 14
3 5 14 6
3 6 14 15
3 6 15 7
3 7 15 8
3 7 8 0
3 8 16 17
3 8 17 9
3 9 17 18
3 9 18 10
3 10 18 19
3 10 19 11
3 11 19 20
3 11 20 12
3 12 20 21
3 12 21 13
3 13 21 22
3 13 22 14
3 14 22 23
3 14 23 15
3 15 23 16
3 15 16 8
3 16 24 25
3 16 25 17
3 17 25 26
3 17 26 18
3 18 26 27
3 18 27 19
3 19 27 28
3 19 28 20
3 20 28 29
3 20 29 21
3 21 29 30
3 21 30 22
3 22 30 31
3 22 31 23
3 23 31 24
3 23 24 16
3 24 32 33
3 24 33 25
3 25 33 34
3 25 34 26
3 26 34 35
3 26 35 27
3 27 35 36
3 27 36 28
3 28 36 37
3 28 37 29
3 29 37 38
3 29 38 30
3 30 38 39
3 30 39 31
3 31 39 32
3 31 32 24
3 32 40 41
3 32 41 33
3 33 41 42
3 33 42 34
3 34 42 43
3 34 43 35
3 35 43 44
3 35 44 36
3 36 44 45
3 36 45 37
3 37 45 46
3 37 46 38
3 38 46 47
3 38 47 39
3 39 47 40
3 39 40 32
3 40 48 49
3 40 49 41
3 41 49 50
3 41 50 42
3 42 50 51
3 42 51 43
3 43 51 52
3 43 52 44
3 44 52 53
3 44 53 45
3 45 53 54
3 45 54 46
3 46 54 55
3 46 55 47
3 47 55 48
3 47 48 40
3 48 56 57
3 48 57 49
3 49 57 58
3 49 58 50
3 50 58 59
3 50 59 51
3 51 59 60
3 51 60 52
3 52 60 61
3 52 61 53
3 53 61 62
3 53 62 54
3 54 62 63
3 54 63 55
3 55 63 56
3 55 56 48
3 56 64 65
3 56 65 57
3 57 65 66
3 57 66 58
3 58 66 67
3 58 67 59
3 59 67 68
3 59 68 60
3 60 68 69
3 60 69 61
3 61 69 70
3 61 70 62
3 62 70 71
3 62 71 63
3 63 71 64
3 63 64 56
3 64 72 73
3 64 73 65
3 65 73 74
3 65 74 66
3 66 74 75
3 66 75 67
3 67 75 76
3 67 76 68
3 68 76 77
3 68 77 69
3 69 77 78
3 69 78 70
3 70 78 79
3 70 79 71
3 71 79 72
3 71 72 64
3 72 80 81
3 72 81 73
3 73 81 82
3 73 82 74
3 74 82 83
3 74 83 75
3 75 83 84
3 75 84 76
3 76 84 85
3 76 85 77
3 77 85 86
3 77 86 78
3 78 86 87
3 78 87 79
3 79 87 80
3 79 80 72
3 80 88 89
3 80 89 81
3 81 89 90
3 81 90 82
3 82 90 91
3 82 91 83
3 83 91 92
3 83 92 84
3 84 92 93
3 84 93 85
3 85 93 94
3 85 94 86
3 86 94 95
3 86 95 87
3 87 95 88
3 87 88 80
3 88 96 97
3 88 97 89
3 89 97 98
3 89 98 90
3 90 98 99
3 90 99 91
3 91 99 100
3 91 100 92
3 92 100 101
3 92 101 93
3 93 101 102
3 93 102 94
3 94 102 103
3 94 103 95
3 95 103 96
3 95 96 88
3 96 104 105
3 96 105 97
3 97 105 106
3 97 106 98
3 98 106 107
3 98 107 99
3 99 107 108
3 99 108 100
3 100 108 109
3 100 109 101
3 101 109 110
3 101 110 102
3 102 110 111
3 102 111 103
3 103 111 104
3 103 104 96
3 104 112 113
3 104 113 105
3 105 113 114
3 105 114 106
3 106 114 115
3 106 115 107
3 107 115 116
3 107 116 108
3 108 116 117
3 108 117 109
3 109 117 118
3 109 118 110
3 110 118 119
3 110 119 111
3 111 119 112
3 111 112 104
3 112 120 121
3 112 121 113
3 113 121 122
3 113 122 114
3 114 122 123
3 114 123 115
3 115 123 124
3 115 124 116
3 116 124 125
3 116 125 117
3 117 125 126
3 117 126 118
3 118 126 127
3 118 127 119
3 119 127 120
3 119 120 112
3 120 128 129
3 120 129 121
3 121 129 130
3 121 130 122
3 122 130 131
3 122 131 123
3 123 131 132
3 123 132 124
3 124 132 133
3 124 133 125
3 125 133 134
3 125 134 126
3 126 134 135
3 126 135 127
3 127 135 128
3 127 128 120
3 128 136 137
3 128 137 129
3 129 137 138
3 129 138 130
3 130 138 139
3 130 139 131
3 131 139 140
3 131 140 132
3 132 140 141
3 132 141 133
3 133 141 142
3 133 142 134
3 134 142 143
3 134 143 135
3 135 143 136
3 135 136 128
3 136 144 145
3 136 145 137
3 137 145 146
3 137 146 138
3 138 146 147
3 138 147 139
3 139 147 148
3 139 148 140
3 140 148 149
3 140 149 141
3 141 149 150
3 141 150 142
3 142 150 151
3 142 151 143
3 143 151 144
3 143 144 136
3 144 152 153
3 144 153 145
3 145 153 154
3 145 154 146
3 146 154 155
3 146 155 147
3 147 155 156
3 147 156 148
3 148 156 157
3 148 157 149
3 149 157 158
3 149 158 150
3 150 158 159
3 150 159 151
3 151 159 152
3 151 152 144
3 152 160 161
3 152 161 153
3 153 161 162
3 153 162 154
3 154 162 163
3 154 163 155
3 155 163 164
3 155 164 156
3 156 164 165
3 156 165 157
3 157 165 166
3 157 166 158
3 158 166 167
3 158 167 159
3 159 167 160
3 159 160 152
3 160 168 169
3 160 169 161
3 161 169 170
3 161 170 162
3 162 170 171
3 162 171 163
3 163 171 172
3 163 172 164
3 164 172 173
3 164 173 165
3 165 173 174
3 165 174 166
3 166 174 175
3 166 175 167
3 167 175 168
3 167 168 160
3 168 176 177
3 168 177 169
3 169 177 178
3 169 178 170
3 170 178 179
3 170 179 171
3 171 179 180
3 171 180 172
3 172 180 181
3 172 181 173
3 173 181 182
3 173 182 174
3 174 182 183
3 174 183 175
3 175 183 176
3 175 176 168
3 176 184 185
3 176 185 177
3 177 185 186
3 177 186 178
3 178 186 187
3 178 187 179
3 179 187 188
3 179 188 180
3 180 188 189
3 180 189 181
3 181 189 190
3 181 190 182
3 182 190 191
3 182 191 183
3 183 191 184
3 183 184 176
3 184 192 193
3 184 193 185
3 185 193 194
3 185 194 186
3 186 194 195
3 186 195 187
3 187 195 196
3 187 196 188
3 188 196 197
3 188 197 189
3 189 197 198
3 189 198 190
3 190 198 199
3 190 199 191
3 191 199 192
3 191 192 184
3 192 200 201
3 192 201 193
3 193 201 202
3 193 202 194
3 194 202 203
3 194 203 195
3 195 203 204
3 195 204 196
3 196 204 205
3 196 205 197
3 197 205 206
3 197 206 198
3 198 206 207
3 198 207 199
3 199 207 200
3 199 200 192
3 200 208 209
3 200 209 201
3 201 209 210
3 201 210 202
3 202 210 211
3 202 211 203
3 203 211 212
3 203 212 204
3 204 212 213
3 204 213 205
3 205 213 214
3 205 214 206
3 206 214 215
3 206 215 207
3 207 215 208
3 207 208 200
3 208 216 217
3 208 217 209
3 209 217 218
3 209 218 210
3 210 218 219
3 210 219 211
3 211 219 220
3 211 220 212
3 212 220 221
3 212 221 213
3 213 221 222
3 213 222 214
3 214 222 223
3 214 223 215
3 215 223 216
3 215 216 208
3 216 224 225
3 216 225 217
3 217 225 226
3 217 226 218
3 218 226 227
3 218 227 219
3 219 227 228
3 219 228 220
3 220 228 229
3 220 229 221
3 221 229 230
3 221 230 222
3 222 230 231
3 222 231 223
3 223 231 224
3 223 224 216
3 224 232 233
3 224 233 225
3 225 233 234
3 225 234 226
3 226 234 235
3 226 235 227
3 227 235 236
3 227 236 228
3 228 236 237
3 228 237 229
3 229 237 238
3 229 238 230
3 230 238 239
3 230 239 231
3 231 239 232
3 231 232 224
3 232 240 241
3 232 241 233
3 233 241 242
3 233 242 234
3 234 242 243
3 234 243 235
3 235 243 244
3 235 244 236
3 236 244 245
3 236 245 237
3 237 245 246
3 237 246 238
3 238 246 247
3 238 247 239
3 239 247 240
3 239 240 232
3 240 248 249
3 240 249 241
3 241 249 250
3 241 250 242
3 242 250 251
3 242 251 243
3 243 251 252
3 243 252 244
3 244 252 253
3 244 253 245
3 245 253 254
3 245 254 246
3 246 254 255
3 246 255 247
3 247 255 248
3 247 248 240
3 248 256 257
3 248 257 249
3 249 257 258
3 249 258 250
3 250 258 259
3 250 259 251
3 251 259 260
3 251 260 252
3 252 260 261
3 252 261 253
3 253 261 262
3 253 262 254
3 254 262 263
3 254 263 255
3 255 263 256
3 255 256 248
3 256 264 265
3 256 265 257
3 257 265 266
3 257 266 258
3 258 266 267
3 258 267 259
3 259 267 268
3 259 268 260
3 260 268 269
3 260 269 261
3 261 269 270
3 261 270 262
3 262 270 271
3 262 271 263
3 263 271 264
3 263 264 256
3 264 272 273
3 264 273 265
3 265 273 274
3 265 274 266
3 266 274 275
3 266 275 267
3 267 275 276
3 267 276 268
3 268 276 277
3 268 277 269
3 269 277 278
3 269 278 270
3 270 278 279
3 270 279 271
3 271 279 272
3 271 272 264
3 272 280 281
3 272 281 273
3 273 281 282
3 273 282 274
3 274 282 283
3 274 283 275
3 275 283 284
3 275 284 276
3 276 284 285
3 276 285 277
3 277 285 286
3 277 286 278
3 278 286 287
3 278 287 279
3 279 287 280
3 279 280 272
3 280 288 289
3 280 289 281
3 281 289 290
3 281 290 282
3 282 290 291
3 282 291 283
3 283 291 292
3 283 292 284
3 284 292 293
3 284 293 285
3 285 293 294
3 285 294 286
3 286 294 295
3 286 295 287
3 287 295 288
3 287 288 280
3 288 296 297
3 288 297 289
3 289 297 298
3 289 298 290
3 290 298 299
3 290 299 291
3 291 299 300
3 291 300 292
3 292 300 301
3 292 301 293
3 293 301 302
3 293 302 294
3 294 302 303
3 294 303 295
3 295 303 296
3 295 296 288
3 296 304 305
3 296 305 297
3 297 305 306
3 297 306 298
3 298 306 307
3 298 307 299
3 299 307 308
3 299 308 300
3 300 308 309
3 300 309 301
3 301 309 310
3 301 310 302
3 302 310 311
3 302 311 303
3 303 311 304
3 303 304 296
3 304 312 313
3 304 313 305
3 305 313 314
3 305 314 306
3 306 314 315
3 306 315 307
3 307 315 316
3 307 316 308
3 308 316 317
3 308 317 309
3 309 317 318
3 309 318 310
3 310 318 319
3 310 319 311
3 311 319 312
3 311 312 304
3 312 320 321
3 312 321 313
3 313 321 322
3 313 322 314
3 314 322 323
3 314 323 315
3 315 323 324
3 315 324 316
3 316 324 325
3 316 325 317
3 317 325 326
3 317 326 318
3 318 326 327
3 318 327 319
3 319 327 320
3 319 320 312
3 320 328 329
3 320 329 321
3 321 329 330
3 321 330 322
3 322 330 331
3 322 331 323
3 323 331 332
3 323 332 324
3 324 332 333
3 324 333 325
3 325 333 334
3 325 334 326
3 326 334 335
3 326 335 327
3 327 335 328
3 327 328 320
3 328 336 337
3 328 337 329
3 329 337 338
3 329 338 330
3 330 338 339
3 330 339 331
3 331 339 340
3 331 340 332
3 332 340 341
3 332 341 333
3 333 341 342
3 333 342 334
3 334 342 343
3 334 343 335
3 335 343 336
3 335 336 328
3 336 344 345
3 336 345 337
3 337 345 346
3 337 346 338
3 338 346 347
3 338 347 339
3 339 347 348
3 339 348 340
3 340 348 349
3 340 349 341
3 341 349 350
3 341 350 342
3 342 350 351
3 342 351 343
3 343 351 344
3 343 344 336
3 344 352 353
3 344 353 345
3 345 353 354
3 345 354 346
3 346 354 355
3 346 355 347
3 347 355 356
3 347 356 348
3 348 356 357
3 348 357 349
3 349 357 358
3 349 358 350
3 350 358 359
3 350 359 351
3 351 359 352
3 351 352 344
3 352 360 361
3 352 361 353
3 353 361 362
3 353 362 354
3 354 362 363
3 354 363 355
3 355 363 364
3 355 364 356
3 356 364 365
3 356 365 357
3 357 365 366
3 357 366 358
3 358 366 367
3 358 367 359
3 359 367 360
3 359 360 352
3 360 368 369
3 360 369 361
3 361 369 370
3 361 370 362
3 362 370 371
3 362 371 363
3 363 371 372
3 363 372 364
3 364 372 373
3 364 373 365
3 365 373 374
3 365 374 366
3 366 374 375
3 366 375 367
3 367 375 368
3 367 368 360
3 368 376 377
3 368 377 369
3 369 377 378
3 369 378 370
3 370 378 379
3 370 379 371
3 371 379 380
3 371 380 372
3 372 380 381
3 372 381 373
3 373 381 382
3 373 382 374
3 374 382 383
3 374 383 375
3 375 383 376
3 375 376 368
3 376 384 385
3 376 385 377
3 377 385 386
3 377 386 378
3 378 386 387
3 378 387 379
3 379 387 388
3 379 388 380
3 380 388 389
3 380 389 381
3 381 389 390
3 381 390 382
3 382 390 391
3 382 391 383
3 383 391 384
3 383 384 376
3 384 392 393
3 384 393 385
3 385 393 394
3 385 394 386
3 386 394 395
3 386 395 387
3 387 395 396
3 387 396 388
3 388 396 397
3 388 397 389
3 389 397 398
3 389 398 390
3 390 398 399
3 390 399 391
3 391 399 392
3 391 392 384
3 392 400 401
3 392 401 393
3 393 401 402
3 393 402 394
3 394 402 403
3 394 403 395
3 395 403 404
3 395 404 396
3 396 404 405
3 396 405 397
3 397 405 406
3 397 406 398
3 398 406 407
3 398 407 399
3 399 407 400
3 399 400 392
3 400 408 409
3 400 409 401
3 401 409 410
3 401 410 402
3 402 410 411
3 402 411 403
3 403 411 412
3 403 412 404
3 404 412 413
3 404 413 405
3 405 413 414
3 405 414 406
3 406 414 415
3 406 415 407
3 407 415 408
3 407 408 400
3 408 416 417
3 408 417 409
3 409 417 418
3 409 418 410
3 410 418 419
3 410 419 411
3 411 419 420
3 411 420 412
3 412 420 421
3 412 421 413
3 413 421 422
3 413 422 414
3 414 422 423
3 414 423 415
3 415 423 416
3 415 416 408
3 416 424 425
3 416 425 417
3 417 425 426
3 417 426 418
3 418 426 427
3 418 427 419
3 419 427 428
3 419 428 420
3 420 428 429
3 420 429 421
3 421 429 430
3 421 430 422
3 422 430 431
3 422 431 423
3 423 431 424
3 423 424 416
3 424 432 433
3 424 433 425
3 425 433 434
3 425 434 426
3 426 434 435
3 426 435 427
3 427 435 436
3 427 436 428
3 428 436 437
3 428 437 429
3 429 437 438
3 429 438 430
3 430 438 439
3 430 439 431
3 431 439 432
3 431 432 424
3 432 440 441
3 432 441 433
3 433 441 442
3 433 442 434
3 434 442 443
3 434 443 435
3 435 443 444
3 435 444 436
3 436 444 445
3 436 445 437
3 437 445 446
3 437 446 438
3 438 446 447
3 438 447 439
3 439 447 440
3 439 440 432
3 440 448 449
3 440 449 441
3 441 449 450
3 441 450 442
3 442 450 451
3 442 451 443
3 443 451 452
3 443 452 444
3 444 452 453
3 444 453 445
3 445 453 454
3 445 454 446
3 446 454 455
3 446 455 447
3 447 455 448
3 447 448 440
3 448 456 457
3 448 457 449
3 449 457 458
3 449 458 450
3 450 458 459
3 450 459 451
3 451 459 460
3 451 460 452
3 452 460 461
3 452 461 453
3 453 461 462
3 453 462 454
3 454 462 463
3 454 463 455
3 455 463 456
3 455 456 448
3 456 464 465
3 456 465 457
3 457 465 466
3 457 466 458
3 458 466 467
3 458 467 459
3 459 467 468
3 459 468 460
3 460 468 469
3 460 469 461
3 461 469 470
3 461 470 462
3 462 470 471
3 462 471 463
3 463 471 464
3 463 464 456
3 464 472 473
3 464 473 465
3 465 473 474
3 465 474 466
3 466 474 475
3 466 475 467
3 467 475 476
3 467 476 468
3 468 476 477
3 468 477 469
3 469 477 478
3 469 478 470
3 470 478 479
3 470 479 471
3 471 479 472
3 471 472 464
3 472 480 481
3 472 481 473
3 473 481 482
3 473 482 474
3 474 482 483
3 474 483 475
3 475 483 484
3 475 484 476
3 476 484 485
3 476 485 477
3 477 485 486
3 477 486 478
3 478 486 487
3 478 487 479
3 479 487 480
3 479 480 472
3 480 488 489
3 480 489 481
3 481 489 490
3 481 490 482
3 482 490 491
3 482 491 483
3 483 491 492
3 483 492 484
3 484 492 493
3 484 493 485
3 485 493 494
3 485 494 486
3 486 494 495
3 486 495 487
3 487 495 488
3 487 488 480
3 488 496 497
3 488 497 489
3 489 497 498
3 489 498 490
3 490 498 499
3 490 499 491
3 491 499 500
3 491 500 492
3 492 500 501
3 492 501 493
3 493 501 502
3 493 502 494
3 494 502 503
3 494 503 495
3 495 503 496
3 495 496 488
3 496 504 505
3 496 505 497
3 497 505 506
3 497 506 498
3 498 506 507
3 498 507 499
3 499 507 508
3 499 508 500
3 500 508 509
3 500 509 501
3 501 509 510
3 501 510 502
3 502 510 511
3 502 511 503
3 503 511 504
3 503 504 496
3 504 512 513
3 504 513 505
3 505 513 514
3 505 514 506
3 506 514 515
3 506 515 507
3 507 515 516
3 507 516 508
3 508 516 517
3 508 517 509
3 509 517 518
3 509 518 510
3 510 518 519
3 510 519 511
3 511 519 512
3 511 512 504
3 512 520 521
3 512 521 513
3 513 521 522
3 513 522 514
3 514 522 523
3 514 523 515
3 515 523 524
3 515 524 516
3 516 524 525
3 516 525 517
3 517 525 526
3 517 526 518
3 518 526 527
3 518 527 519
3 519 527 520
3 519 520 512
3 520 528 529
3 520 529 521
3 521 529 530
3 521 530 522
3 522 530 531
3 522 531 523
3 523 531 532
3 523 532 524
3 524 532 533
3 524 533 525
3 525 533 534
3 525 534 526
3 526 534 535
3 526 535 527
3 527 535 528
3 527 528 520
3 528 536 537
3 528 537 529
3 529 537 538
3 529 538 530
3 530 538 539
3 530 539 531
3 531 539 540
3 531 540 532
3 532 540 541
3 532 541 533
3 533 541 542
3 533 542 534
3 534 542 543
3 534 543 535
3 535 543 536
3 535 536 528
3 536 544 545
3 536 545 537
3 537 545 546
3 537 546 538
3 538 546 547
3 538 547 539
3 539 547 548
3 539 548 540
3 540 548 549
3 540 549 541
3 541 549 550
3 541 550 542
3 542 550 551
3 542 551 543
3 543 551 544
3 543 544 536
3 544 552 553
3 544 553 545
3 545 553 554
3 545 554 546
3 546 554 555
3 546 555 547
3 547 555 556
3 547 556 548
3 548 556 557
3 548 557 549
3 549 557 558
3 549 558 550
3 550 558 559
3 550 559 551
3 551 559 552
3 551 552 544
3 552 560 561
3 552 561 553
3 553 561 562
3 553 562 554
3 554 562 563
3 554 563 555
3 555 563 564
3 555 564 556
3 556 564 565
3 556 565 557
3 557 565 566
3 557 566 558
3 558 566 567
3 558 567 559
3 559 567 560
3 559 560 552
3 560 568 569
3 560 569 561
3 561 569 570
3 561 570 562
3 562 570 571
3 562 571 563
3 563 571 572
3 563 572 564
3 564 572 573
3 564 573 565
3 565 573 574
3 565 574 566
3 566 574 575
3 566 575 567
3 567 575 568
3 567 568 560
3 568 576 577
3 568 577 569
3 569 577 578
3 569 578 570
3 570 578 579
3 570 579 571
3 571 579 580
3 571 580 572
3 572 580 581
3 572 581 573
3 573 581 582
3 573 582 574
3 574 582 583
3 574 583 575
3 575 583 576
3 575 576 568
3 576 584 585
3 576 585 577
3 577 585 586
3 577 586 578
3 578 586 587
3 578 587 579
3 579 587 588
3 579 588 580
3 580 588 589
3 580 589 581
3 581 589 590
3 581 590 582
3 582 590 591
3 582 591 583
3 583 591 584
3 583 584 576
3 584 592 593
3 584 593 585
3 585 593 594
3 585 594 586
3 586 594 595
3 586 595 587
3 587 595 596
3 587 596 588
3 588 596 597
3 588 597 589
3 589 597 598
3 589 598 590
3 590 598 599
3 590 599 591
3 591 599 592
3 591 592 584
3 592 600 601
3 592 601 593
3 593 601 602
3 593 602 594
3 594 602 603
3 594 603 595
3 595 603 604
3 595 604 596
3 596 604 605
3 596 605 597
3 597 605 606
3 597 606 598
3 598 606 607
3 598 607 599
3 599 607 600
3 599 600 592
3 600 608 609
3 600 609 601
3 601 609 610
3 601 610 602
3 602 610 611
3 602 611 603
3 603 611 612
3 603 612 604
3 604 612 613
3 604 613 605
3 605 613 614
3 605 614 606
3 606 614 615
3 606 615 607
3 607 615 608
3 607 608 600
3 608 616 617
3 608 617 609
3 609 617 618
3 609 618 610
3 610 618 619
3 610 619 611
3 611 619 620
3 611 620 612
3 612 620 621
3 612 621 613
3 613 621 622
3 613 622 614
3 614 622 623
3 614 623 615
3 615 623 616
3 615 616 608
3 616 624 625
3 616 625 617
3 617 625 626
3 617 626 618
3 618 626 627
3 618 627 619
3 619 627 628
3 619 628 620
3 620 628 629
3 620 629 621
3 621 629 630
3 621 630 622
3 622 630 631
3 622 631 623
3 623 631 624
3 623 624 616
3 624 632 633
3 624 633 625
3 625 633 634
3 625 634 626
3 626 634 635
3 626 635 627
3 627 635 636
3 627 636 628
3 628 636 637
3 628 637 629
3 629 637 638
3 629 638 630
3 630 638 639
3 630 639 631
3 631 639 632
3 631 632 624
3 632 640 641
3 632 641 633
3 633 641 642
3 633 642 634
3 634 642 643
3 634 643 635
3 635 643 644
3 635 644 636
3 636 644 645
3 636 645 637
3 637 645 646
3 637 646 638
3 638 646 647
3 638 647 639
3 639 647 640
3 639 640 632
3 640 648 649
3 640 649 641
3 641 649 650
3 641 650 642
3 642 650 651
3 642 651 643
3 643 651 652
3 643 652 644
3 644 652 653
3 644 653 645
3 645 653 654
3 645 654 646
3 646 654 655
3 646 655 647
3 647 655 648
3 647 648 640
3 648 656 657
3 648 657 649
3 649 657 658
3 649 658 650
3 650 658 659
3 650 659 651
3 651 659 660
3 651 660 652
3 652 660 661
3 652 661 653
3 653 661 662
3 653 662 654
3 654 662 663
3 654 663 655
3 655 663 656
3 655 656 648
3 656 664 665
3 656 665 657
3 657 665 666
3 657 666 658
3 658 666 667
3 658 667 659
3 659 667 668
3 659 668 660
3 660 668 669
3 660 669 661
3 661 669 670
3 661 670 662
3 662 670 671
3 662 671 663
3 663 671 664
3 663 664 656
3 664 672 673
3 664 673 665
3 665 673 674
3 665 674 666
3 666 674 675
3 666 675 667
3 667 675 676
3 667 676 668
3 668 676 677
3 668 677 669
3 669 677 678
3 669 678 670
3 670 678 679
3 670 679 671
3 671 679 672
3 671 672 664
3 672 680 681
3 672 681 673
3 673 681 682
3 673 682 674
3 674 682 683
3 674 683 675
3 675 683 684
3 675 684 676
3 676 684 685
3 676 685 677
3 677 685 686
3 677 686 678
3 678 686 687
3 678 687 679
3 679 687 680
3 679 680 672
3 680 688 689
3 680 689 681
3 681 689 690
3 681 690 682
3 682 690 691
3 682 691 683
3 683 691 692
3 683 692 684
3 684 692 693
3 684 693 685
3 685 693 694
3 685 694 686
3 686 694 695
3 686 695 687
3 687 695 688
3 687 688 680
3 688 696 697
3 688 697 689
3 689 697 698
3 689 698 690
3 690 698 699
3 690 699 691
3 691 699 700
3 691 700 692
3 692 700 701
3 692 701 693
3 693 701 702
3 693 702 694
3 694 702 703
3 694 703 695
3 695 703 696
3 695 696 688
3 696 704 705
3 696 705 697
3 697 705 706
3 697 706 698
3 698 706 707
3 698 707 699
3 699 707 708
3 699 708 700
3 700 708 709
3 700 709 701
3 701 709 710
3 701 710 702
3 702 710 711
3 702 711 703
3 703 711 704
3 703 704 696
3 704 712 713
3 704 713 705
3 705 713 714
3 705 714 706
3 706 714 715
3 706 715 707
3 707 715 716
3 707 716 708
3 708 716 717
3 708 717 709
3 709 717 718
3 709 718 710
3 710 718 719
3 710 719 711
3 711 719 712
3 711 712 704
3 712 720 721
3 712 721 713
3 713 721 722
3 713 722 714
3 714 722 723
3 714 723 715
3 715 723 724
3 715 724 716
3 716 724 725
3 716 725 717
3 717 725 726
3 717 726 718
3 718 726 727
3 718 727 719
3 719 727 720
3 719 720 712
3 720 728 729
3 720 729 721
3 721 729 730
3 721 730 722
3 722 730 731
3 722 731 723
3 723 731 732
3 723 732 724
3 724 732 733
3 724 733 725
3 725 733 734
3 725 734 726
3 726 734 735
3 726 735 727
3 727 735 728
3 727 728 720
3 728 736 737
3 728 737 729
3 729 737 738
3 729 738 730
3 730 738 739
3 730 739 731
3 731 739 740
3 731 740 732
3 732 740 741
3 732 741 733
3 733 741 742
3 733 742 734
3 734 742 743
3 734 743 735
3 735 743 736
3 735 736 728
3 736 744 745
3 736 745 737
3 737 745 746
3 737 746 738
3 738 746 747
3 738 747 739
3 739 747 748
3 739 748 740
3 740 748 749
3 740 749 741
3 741 749 750
3 741 750 742
3 742 750 751
3 742 751 743
3 743 751 744
3 743 744 736
3 744 752 753
3 744 753 745
3 745 753 754
3 745 754 746
3 746 754 755
3 746 755 747
3 747 755 756
3 747 756 748
3 748 756 757
3 748 757 749
3 749 757 758
3 749 758 750
3 750 758 759
3 750 759 751
3 751 759 752
3 751 752 744
3 752 760 761
3 752 761 753
3 753 761 762
3 753 762 754
3 754 762 763
3 754 763 755
3 755 763 764
3 755 764 756
3 756 764 765
3 756 765 757
3 757 765 766
3 757 766 758
3 758 766 767
3 758 767 759
3 759 767 760
3 759 760 752
3 760 768 769
3 760 769 761
3 761 769 770
3 761 770 762
3 762 770 771
3 762 771 763
3 763 771 772
3 763 772 764
3 764 772 773
3 764 773 765
3 765 773 774
3 765 774 766
3 766 774 775
3 766 775 767
3 767 775 768
3 767 768 760
3 768 776 777
3 768 777 769
3 769 777 778
3 769 778 770
3 770 778 779
3 770 779 771
3 771 779 780
3 771 780 772
3 772 780 781
3 772 781 773
3 773 781 782
3 773 782 774
3 774 782 783
3 774 783 775
3 775 783 776
3 775 776 768
3 776 784 785
3 776 785 777
3 777 785 786
3 777 786 778
3 778 786 787
3 778 787 779
3 779 787 788
3 779 788 780
3 780 788 789
3 780 789 781
3 781 789 790
3 781 790 782
3 782 790 791
3 782 791 783
3 783 791 784
3 783 784 776
3 784 792 793
3 784 793 785
3 785 793 794
3 785 794 786
3 786 794 795
3 786 795 787
3 787 795 796
3 787 796 788
3 788 796 797
3 788 797 789
3 789 797 798
3 789 798 790
3 790 798 799
3 790 799 791
3 791 799 792
3 791 792 784
3 792 800 801
3 792 801 793
3 793 801 802
3 793 802 794
3 794 802 803
3 794 803 795
3 795 803 804
3 795 804 796
3 796 804 805
3 796 805 797
3 797 805 806
3 797 806 798
3 798 806 807
3 798 807 799
3 799 807 800
3 799 800 792
3 800 808 809
3 800 809 801
3 801 809 810
3 801 810 802
3 802 810 811
3 802 811 803
3 803 811 812
3 803 812 804
3 804 812 813
3 804 813 805
3 805 813 814
3 805 814 806
3 806 814 815
3 806 815 807
3 807 815 808
3 807 808 800
3 808 816 817
3 808 817 809
3 809 817 818
3 809 818 810
3 810 818 819
3 810 819 811
3 811 819 820
3 811 820 812
3 812 820 821
3 812 821 813
3 813 821 822
3 813 822 814
3 814 822 823
3 814 823 815
3 815 823 816
3 815 816 808
3 816 824 825
3 816 825 817
3 817 825 826
3 817 826 818
3 818 826 827
3 818 827 819
3 819 827 828
3 819 828 820
3 820 828 829
3 820 829 821
3 821 829 830
3 821 830 822
3 822 830 831
3 822 831 823
3 823 831 824
3 823 824 816
3 824 832 833
3 824 833 825
3 825 833 834
3 825 834 826
3 826 834 835
3 826 835 827
3 827 835 836
3 827 836 828
3 828 836 837
3 828 837 829
3 829 837 838
3 829 838 830
3 830 838 839
3 830 839 831
3 831 839 832
3 831 832 824
3 832 840 841
3 832 841 833
3 833 841 842
3 833 842 834
3 834 842 843
3 834 843 835
3 835 843 844
3 835 844 836
3 836 844 845
3 836 845 837
3 837 845 846
3 837 846 838
3 838 846 847
3 838 847 839
3 839 847 840
3 839 840 832
3 840 848 849
3 840 849 841
3 841 849 850
3 841 850 842
3 842 850 851
3 842 851 843
3 843 851 852
3 843 852 844
3 844 852 853
3 844 853 845
3 845 853 854
3 845 854 846
3 846 854 855
3 846 855 847
3 847 855 848
3 847 848 840
3 848 856 857
3 848 857 849
3 849 857 858
3 849 858 850
3 850 858 859
3 850 859 851
3 851 859 860
3 851 860 852
3 852 860 861
3 852 861 853
3 853 861 862
3 853 862 854
3 854 862 863
3 854 863 855
3 855 863 856
3 855 856 848
3 856 864 865
3 856 865 857
3 857 865 866
3 857 866 858
3 858 866 867
3 858 867 859
3 859 867 868
3 859 868 860
3 860 868 869
3 860 869 861
3 861 869 870
3 861 870 862
3 862 870 871
3 862 871 863
3 863 871 864
3 863 864 856
3 864 872 873
3 864 873 865
3 865 873 874
3 865 874 866
3 866 874 875
3 866 875 867
3 867 875 876
3 867 876 868
3 868 876 877
3 868 877 869
3 869 877 878
3 869 878 870
3 870 878 879
3 870 879 871
3 871 879 872
3 871 872 864
3 872 880 881
3 872 881 873
3 873 881 882
3 873 882 874
3 874 882 883
3 874 883 875
3 875 883 884
3 875 884 876
3 876 884 885
3 876 885 877
3 877 885 886
3 877 886 878
3 878 886 887
3 878 887 879
3 879 887 880
3 879 880 872
3 880 888 889
3 880 889 881
3 881 889 890
3 881 890 882
3 882 890 891
3 882 891 883
3 883 891 892
3 883 892 884
3 884 892 893
3 884 893 885
3 885 893 894
3 885 894 886
3 886 894 895
3 886 895 887
3 887 895 888
3 887 888 880
3 888 896 897
3 888 897 889
3 889 897 898
3 889 898 890
3 890 898 899
3 890 899 891
3 891 899 900
3 891 900 892
3 892 900 901
3 892 901 893
3 893 901 902
3 893 902 894
3 894 902 903
3 894 903 895
3 895 903 896
3 895 896 888
3 896 904 905
3 896 905 897
3 897 905 906
3 897 906 898
3 898 906 907
3 898 907 899
3 899 907 908
3 899 908 900
3 900 908 909
3 900 909 901
3 901 909 910
3 901 910 902
3 902 910 911
3 902 911 903
3 903 911 904
3 903 904 896
3 904 912 913
3 904 913 905
3 905 913 914
3 905 914 906
3 906 914 915
3 906 915 907
3 907 915 916
3 907 916 908
3 908 916 917
3 908 917 909
3 909 917 918
3 909 918 910
3 910 918 919
3 910 919 911
3 911 919 912
3 911 912 904
3 912 920 921
3 912 921 913
3 913 921 922
3 913 922 914
3 914 922 923
3 914 923 915
3 915 923 924
3 915 924 916
3 916 924 925
3 916 925 917
3 917 925 926
3 917 926 918
3 918 926 927
3 918 927 919
3 919 927 920
3 919 920 912
3 920 928 929
3 920 929 921
3 921 929 930
3 921 930 922
3 922 930 931
3 922 931 923
3 923 931 932
3 923 932 924
3 924 932 933
3 924 933 925
3 925 933 934
3 925 934 926
3 926 934 935
3 926 935 927
3 927 935 928
3 927 928 920
3 928 936 937
3 928 937 929
3 929 937 938
3 929 938 930
3 930 938 939
3 930 939 931
3 931 939 940
3 931 940 932
3 932 940 941
3 932 941 933
3 933 941 942
3 933 942 934
3 934 942 943
3 934 943 935
3 935 943 936
3 935 936 928
3 936 944 945
3 936 945 937
3 937 945 946
3 937 946 938
3 938 946 947
3 938 947 939
3 939 947 948
3 939 948 940
3 940 948 949
3 940 949 941
3 941 949 950
3 941 950 942
3 942 950 951
3 942 951 943
3 943 951 944
3 943 944 936
3 944 952 953
3 944 953 945
3 945 953 954
3 945 954 946
3 946 954 955
3 946 955 947
3 947 955 956
3 947 956 948
3 948 956 957
3 948 957 949
3 949 957 958
3 949 958 950
3 950 958 959
3 950 959 951
3 951 959 952
3 951 952 944
3 952 960 961
3 952 961 953
3 953 961 962
3 953 962 954
3 954 962 963
3 954 963 955
3 955 963 964
3 955 964 956
3 956 964 965
3 956 965 957
3 957 965 966
3 957 966 958
3 958 966 967
3 958 967 959
3 959 967 960
3 959 960 952
3 960 968 969
3 960 969 961
3 961 969 970
3 961 970 962
3 962 970 971
3 962 971 963
3 963 971 972
3 963 972 964
3 964 972 973
3 964 973 965
3 965 973 974
3 965 974 966
3 966 974 975
3 966 975 967
3 967 975 968
3 967 968 960
3 968 976 977
3 968 977 969
3 969 977 978
3 969 978 970
3 970 978 979
3 970 979 971
3 971 979 980
3 971 980 972
3 972 980 981
3 972 981 973
3 973 981 982
3 973 982 974
3 974 982 983
3 974 983 975
3 975 983 976
3 975 976 968
3 976 984 985
3 976 985 977
3 977 985 986
3 977 986 978
3 978 986 987
3 978 987 979
3 979 987 988
3 979 988 980
3 980 988 989
3 980 989 981
3 981 989 990
3 981 990 982
3 982 990 991
3 982 991 983
3 983 991 984
3 983 984 976
3 984 992 993
3 984 993 985
3 985 993 994
3 985 994 986
3 986 994 995
3 986 995 987
3 987 995 996
3 987 996 988
3 988 996 997
3 988 997 989
3 989 997 998
3 989 998 990
3 990 998 999
3 990 999 991
3 991 999 992
3 991 992 984
3 992 1000 1001
3 992 1001 993
3 993 1001 1002
3 993 1002 994
3 994 1002 1003
3 994 1003 995
3 995 1003 1004
3 995 1004 996
3 996 1004 1005
3 996 1005 997
3 997 1005 1006
3 997 1006 998
3 998 1006 1007
3 998 1007 999
3 999 1007 1000
3 999 1000 992
3 1000 1008 1009
3 1000 1009 1001
3 1001 1009 1010
3 1001 1010 1002
3 1002 1010 1011
3 1002 1011 1003
3 1003 1011 1012
3 1003 1012 1004
3 1004 1012 1013
3 1004 1013 1005
3 1005 1013 1014
3 1005 1014 1006
3 1006 1014 1015
3 1006 1015 1007
3 1007 1015 1008
3 1007 1008 1000
3 1008 1016 1017
3 1008 1017 1009
3 1009 1017 1018
3 1009 1018 1010
3 1010 1018 1019
3 1010 1019 1011
3 1011 1019 1020
3 1011 1020 1012
3 1012 1020 1021
3 1012 1021 1013
3 1013 1021 1022
3 1013 1022 1014
3 1014 1022 1023
3 1014 1023 1015
3 1015 1023 1016
3 1015 1016 1008
3 1016 1024 1025
3 1016 1025 1017
3 1017 1025 1026
3 1017 1026 1018
3 1018 1026 1027
3 1018 1027 1019
3 1019 1027 1028
3 1019 1028 1020
3 1020 1028 1029
3 1020 1029 1021
3 1021 1029 1030
3 1021 1030 1022
3 1022 1030 1031
3 1022 1031 1023
3 1023 1031 1024
3 1023 1024 1016
3 1024 1032 1033
3 1024 1033 1025
3 1025 1033 1034
3 1025 1034 1026
3 1026 1034 1035
3 1026 1035 1027
3 1027 1035 1036
3 1027 1036 1028
3 1028 1036 1037
3 1028 1037 1029
3 1029 1037 1038
3 1029 1038 1030
3 1030 1038 1039
3 1030 1039 1031
3 1031 1039 1032
3 1031 1032 1024
3 1032 1040 1041
3 1032 1041 1033
3 1033 1041 1042
3 1033 1042 1034
3 1034 1042 1043
3 1034 1043 1035
3 1035 1043 1044
3 1035 1044 1036
3 1036 1044 1045
3 1036 1045 1037
3 1037 1045 1046
3 1037 1046 1038
3 1038 1046 1047
3 1038 1047 1039
3 1039 1047 1040
3 1039 1040 1032
3 1040 1048 1049
3 1040 1049 1041
3 1041 1049 1050
3 1041 1050 1042
3 1042 1050 1051
3 1042 1051 1043
3 1043 1051 1052
3 1043 1052 1044
3 1044 1052 1053
3 1044 1053 1045
3 1045 1053 1054
3 1045 1054 1046
3 1046 1054 1055
3 1046 1055 1047
3 1047 1055 1048
3 1047 1048 1040
3 1048 1056 1057
3 1048 1057 1049
3 1049 1057 1058
3 1049 1058 1050
3 1050 1058 1059
3 1050 1059 1051
3 1051 1059 1060
3 1051 1060 1052
3 1052 1060 1061
3 1052 1061 1053
3 1053 1061 1062
3 1053 1062 1054
3 1054 1062 1063
3 1054 1063 1055
3 1055 1063 1056
3 1055 1056 1048
3 1056 1064 1065
3 1056 1065 1057
3 1057 1065 1066
3 1057 1066 1058
3 1058 1066 1067
3 1058 1067 1059
3 1059 1067 1068
3 1059 1068 1060
3 1060 1068 1069
3 1060 1069 1061
3 1061 1069 1070
3 1061 1070 1062
3 1062 1070 1071
3 1062 1071 1063
3 1063 1071 1064
3 1063 1064 1056
3 1064 1072 1073
3 1064 1073 1065
3 1065 1073 1074
3 1065 1074 1066
3 1066 1074 1075
3 1066 1075 1067
3 1067 1075 1076
3 1067 1076 1068
3 1068 1076 1077
3 1068 1077 1069
3 1069 1077 1078
3 1069 1078 1070
3 1070 1078 1079
3 1070 1079 1071
3 1071 1079 1072
3 1071 1072 1064
3 1072 1080 1081
3 1072 1081 1073
3 1073 1081 1082
3 1073 1082 1074
3 1074 1082 1083
3 1074 1083 1075
3 1075 1083 1084
3 1075 1084 1076
3 1076 1084 1085
3 1076 1085 1077
3 1077 1085 1086
3 1077 1086 1078
3 1078 1086 1087
3 1078 1087 1079
3 1079 1087 1080
3 1079 1080 1072
3 1080 1088 1089
3 1080 1089 1081
3 1081 1089 1090
3 1081 1090 1082
3 1082 1090 1091
3 1082 1091 1083
3 1083 1091 1092
3 1083 1092 1084
3 1084 1092 1093
3 1084 1093 1085
3 1085 1093 1094
3 1085 1094 1086
3 1086 1094 1095
3 1086 1095 1087
3 1087 1095 1088
3 1087 1088 1080
3 1088 1096 1097
3 1088 1097 1089
3 1089 1097 1098
3 1089 1098 1090
3 1090 1098 1099
3 1090 1099 1091
3 1091 1099 1100
3 1091 1100 1092
3 1092 1100 1101
3 1092 1101 1093
3 1093 1101 1102
3 1093 1102 1094
3 1094 1102 1103
3 1094 1103 1095
3 1095 1103 1096
3 1095 1096 1088
3 1096 1104 1105
3 1096 1105 1097
3 1097 1105 1106
3 1097 1106 1098
3 1098 1106 1107
3 1098 1107 1099
3 1099 1107 1108
3 1099 1108 1100
3 1100 1108 1109
3 1100 1109 1101
3 1101 1109 1110
3 1101 1110 1102
3 1102 1110 1111
3 1102 1111 1103
3 1103 1111 1104
3 1103 1104 1096
3 1104 1112 1113
3 1104 1113 1105
3 1105 1113 1114
3 1105 1114 1106
3 1106 1114 1115
3 1106 1115 1107
3 1107 1115 1116
3 1107 1116 1108
3 1108 1116 1117
3 1108 1117 1109
3 1109 1117 1118
3 1109 1118 1110
3 1110 1118 1119
3 1110 1119 1111
3 1111 1119 1112
3 1111 1112 1104
3 1112 1120 1121
3 1112 1121 1113
3 1113 1121 1122
3 1113 1122 1114
3 1114 1122 1123
3 1114 1123 1115
3 1115 1123 1124
3 1115 1124 1116
3 1116 1124 1125
3 1116 1125 1117
3 1117 1125 1126
3 1117 1126 1118
3 1118 1126 1127
3 1118 1127 1119
3 1119 1127 1120
3 1119 1120 1112
3 1120 1128 1129
3 1120 1129 1121
3 1121 1129 1130
3 1121 1130 1122
3 1122 1130 1131
3 1122 1131 1123
3 1123 1131 1132
3 1123 1132 1124
3 1124 1132 1133
3 1124 1133 1125
3 1125 1133 1134
3 1125 1134 1126
3 1126 1134 1135
3 1126 1135 1127
3 1127 1135 1128
3 1127 1128 1120
3 1128 1136 1137
3 1128 1137 1129
3 1129 1137 1138
3 1129 1138 1130
3 1130 1138 1139
3 1130 1139 1131
3 1131 1139 1140
3 1131 1140 1132
3 1132 1140 1141
3 1132 1141 1133
3 1133 1141 1142
3 1133 1142 1134
3 1134 1142 1143
3 1134 1143 1135
3 1135 1143 1136
3 1135 1136 1128
3 1136 1144 1145
3 1136 1145 1137
3 1137 1145 1146
3 1137 1146 1138
3 1138 1146 1147
3 1138 1147 1139
3 1139 1147 1148
3 1139 1148 1140
3 1140 1148 1149
3 1140 1149 1141
3 1141 1149 1150
3 1141 1150 1142
3 1142 1150 1151
3 1142 1151 1143
3 1143 1151 1144
3 1143 1144 1136
3 1144 1152 1153
3 1144 1153 1145
3 1145 1153 1154
3 1145 1154 1146
3 1146 1154 1155
3 1146 1155 1147
3 1147 1155 1156
3 1147 1156 1148
3 1148 1156 1157
3 1148 1157 1149
3 1149 1157 1158
3 1149 1158 1150
3 1150 1158 1159
3 1150 1159 1151
3 1151 1159 1152
3 1151 1152 1144
3 1152 1160 1161
3 1152 1161 1153
3 1153 1161 1162
3 1153 1162 1154
3 1154 1162 1163
3 1154 1163 1155
3 1155 1163 1164
3 1155 1164 1156
3 1156 1164 1165
3 1156 1165 1157
3 1157 1165 1166
3 1157 1166 1158
3 1158 1166 1167
3 1158 1167 1159
3 1159 1167 1160
3 1159 1160 1152
3 1160 1168 1169
3 1160 1169 1161
3 1161 1169 1170
3 1161 1170 1162
3 1162 1170 1171
3 1162 1171 1163
3 1163 1171 1172
3 1163 1172 1164
3 1164 1172 1173
3 1164 1173 1165
3 1165 1173 1174
3 1165 1174 1166
3 1166 1174 1175
3 1166 1175 1167
3 1167 1175 1168
3 1167 1168 1160
3 1168 1176 1177
3 1168 1177 1169
3 1169 1177 1178
3 1169 1178 1170
3 1170 1178 1179
3 1170 1179 1171
3 1171 1179 1180
3 1171 1180 1172
3 1172 1180 1181
3 1172 1181 1173
3 1173 1181 1182
3 1173 1182 1174
3 1174 1182 1183
3 1174 1183 1175
3 1175 1183 1176
3 1175 1176 1168
3 1176 1184 1185
3 1176 1185 1177
3 1177 1185 1186
3 1177 1186 1178
3 1178 1186 1187
3 1178 1187 1179
3 1179 1187 1188
3 1179 1188 1180
3 1180 1188 1189
3 1180 1189 1181
3 1181 1189 1190
3 1181 1190 1182
3 1182 1190 1191
3 1182 1191 1183
3 1183 1191 1184
3 1183 1184 1176
3 1184 1192 1193
3 1184 1193 1185
3 1185 1193 1194
3 1185 1194 1186
3 1186 1194 1195
3 1186 1195 1187
3 1187 1195 1196
3 1187 1196 1188
3 1188 1196 1197
3 1188 1197 1189
3 1189 1197 1198
3 1189 1198 1190
3 1190 1198 1199
3 1190 1199 1191
3 1191 1199 1192
3 1191 1192 1184
3 1192 1200 1201
3 1192 1201 1193
3 1193 1201 1202
3 1193 1202 1194
3 1194 1202 1203
3 1194 1203 1195
3 1195 1203 1204
3 1195 1204 1196
3 1196 1204 1205
3 1196 1205 1197
3 1197 1205 1206
3 1197 1206 1198
3 1198 1206 1207
3 1198 1207 1199
3 1199 1207 1200
3 1199 1200 1192
3 1200 1208 1209
3 1200 1209 1201
3 1201 1209 1210
3 1201 1210 1202
3 1202 1210 1211
3 1202 1211 1203
3 1203 1211 1212
3 1203 1212 1204
3 1204 1212 1213
3 1204 1213 1205
3 1205 1213 1214
3 1205 1214 1206
3 1206 1214 1215
3 1206 1215 1207
3 1207 1215 1208
3 1207 1208 1200
3 1208 1216 1217
3 1208 1217 1209
3 1209 1217 1218
3 1209 1218 1210
3 1210 1218 1219
3 1210 1219 1211
3 1211 1219 1220
3 1211 1220 1212
3 1212 1220 1221
3 1212 1221 1213
3 1213 1221 1222
3 1213 1222 1214
3 1214 1222 1223
3 1214 1223 1215
3 1215 1223 1216
3 1215 1216 1208
3 1216 1224 1225
3 1216 1225 1217
3 1217 1225 1226
3 1217 1226 1218
3 1218 1226 1227
3 1218 1227 1219
3 1219 1227 1228
3 1219 1228 1220
3 1220 1228 1229
3 1220 1229 1221
3 1221 1229 1230
3 1221 1230 1222
3 1222 1230 1231
3 1222 1231 1223
3 1223 1231 1224
3 1223 1224 1216
3 1224 1232 1233
3 1224 1233 1225
3 1225 1233 1234
3 1225 1234 1226
3 1226 1234 1235
3 1226 1235 1227
3 1227 1235 1236
3 1227 1236 1228
3 1228 1236 1237
3 1228 1237 1229
3 1229 1237 1238
3 1229 1238 1230
3 1230 1238 1239
3 1230 1239 1231
3 1231 1239 1232
3 1231 1232 1224
3 1232 1240 1241
3 1232 1241 1233
3 1233 1241 1242
3 1233 1242 1234
3 1234 1242 1243
3 1234 1243 1235
3 1235 1243 1244
3 1235 1244 1236
3 1236 1244 1245
3 1236 1245 1237
3 1237 1245 1246
3 1237 1246 1238
3 1238 1246 1247
3 1238 1247 1239
3 1239 1247 1240
3 1239 1240 1232
3 1240 1248 1249
3 1240 1249 1241
3 1241 1249 1250
3 1241 1250 1242
3 1242 1250 1251
3 1242 1251 1243
3 1243 1251 1252
3 1243 1252 1244
3 1244 1252 1253
3 1244 1253 1245
3 1245 1253 1254
3 1245 1254 1246
3 1246 1254 1255
3 1246 1255 1247
3 1247 1255 1248
3 1247 1248 1240
3 1248 1256 1257
3 1248 1257 1249
3 1249 1257 1258
3 1249 1258 1250
3 1250 1258 1259
3 1250 1259 1251
3 1251 1259 1260
3 1251 1260 1252
3 1252 1260 1261
3 1252 1261 1253
3 1253 1261 1262
3 1253 1262 1254
3 1254 1262 1263
3 1254 1263 1255
3 1255 1263 1256
3 1255 1256 1248
3 1256 1264 1265
3 1256 1265 1257
3 1257 1265 1266
3 1257 1266 1258
3 1258 1266 1267
3 1258 1267 1259
3 1259 1267 1268
3 1259 1268 1260
3 1260 1268 1269
3 1260 1269 1261
3 1261 1269 1270
3 1261 1270 1262
3 1262 1270 1271
3 1262 1271 1263
3 1263 1271 1264
3 1263 1264 1256
3 1264 1272 1273
3 1264 1273 1265
3 1265 1273 1274
3 1265 1274 1266
3 1266 1274 1275
3 1266 1275 1267
3 1267 1275 1276
3 1267 1276 1268
3 1268 1276 1277
3 1268 1277 1269
3 1269 1277 1278
3 1269 1278 1270
3 1270 1278 1279
3 1270 1279 1271
3 1271 1279 1272
3 1271 1272 1264
3 1272 1280 1281
3 1272 1281 1273
3 1273 1281 1282
3 1273 1282 1274
3 1274 1282 1283
3 1274 1283 1275
3 1275 1283 1284
3 1275 1284 1276
3 1276 1284 1285
3 1276 1285 1277
3 1277 1285 1286
3 1277 1286 1278
3 1278 1286 1287
3 1278 1287 1279
3 1279 1287 1280
3 1279 1280 1272
3 1280 1288 1289
3 1280 1289 1281
3 1281 1289 1290
3 1281 1290 1282
3 1282 1290 1291
3 1282 1291 1283
3 1283 1291 1292
3 1283 1292 1284
3 1284 1292 1293
3 1284 1293 1285
3 1285 1293 1294
3 1285 1294 1286
3 1286 1294 1295
3 1286 1295 1287
3 1287 1295 1288
3 1287 1288 1280
3 1288 1296 1297
3 1288 1297 1289
3 1289 1297 1298
3 1289 1298 1290
3 1290 1298 1299
3 1290 1299 1291
3 1291 1299 1300
3 1291 1300 1292
3 1292 1300 1301
3 1292 1301 1293
3 1293 1301 1302
3 1293 1302 1294
3 1294 1302 1303
3 1294 1303 1295
3 1295 1303 1296
3 1295 1296 1288
3 1296 1304 1305
3 1296 1305 1297
3 1297 1305 1306
3 1297 1306 1298
3 1298 1306 1307
3 1298 1307 1299
3 1299 1307 1308
3 1299 1308 1300
3 1300 1308 1309
3 1300 1309 1301
3 1301 1309 1310
3 1301 1310 1302
3 1302 1310 1311
3 1302 1311 1303
3 1303 1311 1304
3 1303 1304 1296
3 1304 1312 1313
3 1304 1313 1305
3 1305 1313 1314
3 1305 1314 1306
3 1306 1314 1315
3 1306 1315 1307
3 1307 1315 1316
3 1307 1316 1308
3 1308 1316 1317
3 1308 1317 1309
3 1309 1317 1318
3 1309 1318 1310
3 1310 1318 1319
3 1310 1319 1311
3 1311 1319 1312
3 1311 1312 1304
3 1312 1320 1321
3 1312 1321 1313
3 1313 1321 1322
3 1313 1322 1314
3 1314 1322 1323
3 1314 1323 1315
3 1315 1323 1324
3 1315 1324 1316
3 1316 1324 1325
3 1316 1325 1317
3 1317 1325 1326
3 1317 1326 1318
3 1318 1326 1327
3 1318 1327 1319
3 1319 1327 1320
3 1319 1320 1312
3 1320 1328 1329
3 1320 1329 1321
3 1321 1329 1330
3 1321 1330 1322
3 1322 1330 1331
3 1322 1331 1323
3 1323 1331 1332
3 1323 1332 1324
3 1324 1332 1333
3 1324 1333 1325
3 1325 1333 1334
3 1325 1334 1326
3 1326 1334 1335
3 1326 1335 1327
3 1327 1335 1328
3 1327 1328 1320
3 1328 1336 1337
3 1328 1337 1329
3 1329 1337 1338
3 1329 1338 1330
3 1330 1338 1339
3 1330 1339 1331
3 1331 1339 1340
3 1331 1340 1332
3 1332 1340 1341
3 1332 1341 1333
3 1333 1341 1342
3 1333 1342 1334
3 1334 1342 1343
3 1334 1343 1335
3 1335 1343 1336
3 1335 1336 1328
3 1336 1344 1345
3 1336 1345 1337
3 1337 1345 1346
3 1337 1346 1338
3 1338 1346 1347
3 1338 1347 1339
3 1339 1347 1348
3 1339 1348 1340
3 1340 1348 1349
3 1340 1349 1341
3 1341 1349 1350
3 1341 1350 1342
3 1342 1350 1351
3 1342 1351 1343
3 1343 1351 1344
3 1343 1344 1336
3 1344 1352 1353
3 1344 1353 1345
3 1345 1353 1354
3 1345 1354 1346
3 1346 1354 1355
3 1346 1355 1347
3 1347 1355 1356
3 1347 1356 1348
3 1348 1356 1357
3 1348 1357 1349
3 1349 1357 1358
3 1349 1358 1350
3 1350 1358 1359
3 1350 1359 1351
3 1351 1359 1352
3 1351 1352 1344
3 1352 1360 1361
3 1352 1361 1353
3 1353 1361 1362
3 1353 1362 1354
3 1354 1362 1363
3 1354 1363 1355
3 1355 1363 1364
3 1355 1364 1356
3 1356 1364 1365
3 1356 1365 1357
3 1357 1365 1366
3 1357 1366 1358
3 1358 1366 1367
3 1358 1367 1359
3 1359 1367 1360
3 1359 1360 1352
3 1360 1368 1369
3 1360 1369 1361
3 1361 1369 1370
3 1361 1370 1362
3 1362 1370 1371
3 1362 1371 1363
3 1363 1371 1372
3 1363 1372 1364
3 1364 1372 1373
3 1364 1373 1365
3 1365 1373 1374
3 1365 1374 1366
3 1366 1374 1375
3 1366 1375 1367
3 1367 1375 1368
3 1367 1368 1360
3 1368 1376 1377
3 1368 1377 1369
3 1369 1377 1378
3 1369 1378 1370
3 1370 1378 1379
3 1370 1379 1371
3 1371 1379 1380
3 1371 1380 1372
3 1372 1380 1381
3 1372 1381 1373
3 1373 1381 1382
3 1373 1382 1374
3 1374 1382 1383
3 1374 1383 1375
3 1375 1383 1376
3 1375 1376 1368
3 1376 1384 1385
3 1376 1385 1377
3 1377 1385 1386
3 1377 1386 1378
3 1378 1386 1387
3 1378 1387 1379
3 1379 1387 1388
3 1379 1388 1380
3 1380 1388 1389
3 1380 1389 1381
3 1381 1389 1390
3 1381 1390 1382
3 1382 1390 1391
3 1382 1391 1383
3 1383 1391 1384
3 1383 1384 1376
3 1384 1392 1393
3 1384 1393 1385
3 1385 1393 1394
3 1385 1394 1386
3 1386 1394 1395
3 1386 1395 1387
3 1387 1395 1396
3 1387 1396 1388
3 1388 1396 1397
3 1388 1397 1389
3 1389 1397 1398
3 1389 1398 1390
3 1390 1398 1399
3 1390 1399 1391
3 1391 1399 1392
3 1391 1392 1384
3 1392 1400 1401
3 1392 1401 1393
3 1393 1401 1402
3 1393 1402 1394
3 1394 1402 1403
3 1394 1403 1395
3 1395 1403 1404
3 1395 1404 1396
3 1396 1404 1405
3 1396 1405 1397
3 1397 1405 1406
3 1397 1406 1398
3 1398 1406 1407
3 1398 1407 1399
3 1399 1407 1400
3 1399 1400 1392
3 1400 1408 1409
3 1400 1409 1401
3 1401 1409 1410
3 1401 1410 1402
3 1402 1410 1411
3 1402 1411 1403
3 1403 1411 1412
3 1403 1412 1404
3 1404 1412 1413
3 1404 1413 1405
3 1405 1413 1414
3 1405 1414 1406
3 1406 1414 1415
3 1406 1415 1407
3 1407 1415 1408
3 1407 1408 1400
3 1408 1416 1417
3 1408 1417 1409
3 1409 1417 1418
3 1409 1418 1410
3 1410 1418 1419
3 1410 1419 1411
3 1411 1419 1420
3 1411 1420 1412
3 1412 1420 1421
3 1412 1421 1413
3 1413 1421 1422
3 1413 1422 1414
3 1414 1422 1423
3 1414 1423 1415
3 1415 1423 1416
3 1415 1416 1408
3 1416 1424 1425
3 1416 1425 1417
3 1417 1425 1426
3 1417 1426 1418
3 1418 1426 1427
3 1418 1427 1419
3 1419 1427 1428
3 1419 1428 1420
3 1420 1428 1429
3 1420 1429 1421
3 1421 1429 1430
3 1421 1430 1422
3 1422 1430 1431
3 1422 1431 1423
3 1423 1431 1424
3 1423 1424 1416
3 1424 1432 1433
3 1424 1433 1425
3 1425 1433 1434
3 1425 1434 1426
3 1426 1434 1435
3 1426 1435 1427
3 1427 1435 1436
3 1427 1436 1428
3 1428 1436 1437
3 1428 1437 1429
3 1429 1437 1438
3 1429 1438 1430
3 1430 1438 1439
3 1430 1439 1431
3 1431 1439 1432
3 1431 1432 1424
3 1432 1440 1441
3 1432 1441 1433
3 1433 1441 1442
3 1433 1442 1434
3 1434 1442 1443
3 1434 1443 1435
3 1435 1443 1444
3 1435 1444 1436
3 1436 1444 1445
3 1436 1445 1437
3 1437 1445 1446
3 1437 1446 1438
3 1438 1446 1447
3 1438 1447 1439
3 1439 1447 1440
3 1439 1440 1432
3 1440 1448 1449
3 1440 1449 1441
3 1441 1449 1450
3 1441 1450 1442
3 1442 1450 1451
3 1442 1451 1443
3 1443 1451 1452
3 1443 1452 1444
3 1444 1452 1453
3 1444 1453 1445
3 1445 1453 1454
3 1445 1454 1446
3 1446 1454 1455
3 1446 1455 1447
3 1447 1455 1448
3 1447 1448 1440
3 1448 1456 1457
3 1448 1457 1449
3 1449 1457 1458
3 1449 1458 1450
3 1450 1458 1459
3 1450 1459 1451
3 1451 1459 1460
3 1451 1460 1452
3 1452 1460 1461
3 1452 1461 1453
3 1453 1461 1462
3 1453 1462 1454
3 1454 1462 1463
3 1454 1463 1455
3 1455 1463 1456
3 1455 1456 1448
3 1456 1464 1465
3 1456 1465 1457
3 1457 1465 1466
3 1457 1466 1458
3 1458 1466 1467
3 1458 1467 1459
3 1459 1467 1468
3 1459 1468 1460
3 1460 1468 1469
3 1460 1469 1461
3 1461 1469 1470
3 1461 1470 1462
3 1462 1470 1471
3 1462 1471 1463
3 1463 1471 1464
3 1463 1464 1456
3 1464 1472 1473
3 1464 1473 1465
3 1465 1473 1474
3 1465 1474 1466
3 1466 1474 1475
3 1466 1475 1467
3 1467 1475 1476
3 1467 1476 1468
3 1468 1476 1477
3 1468 1477 1469
3 1469 1477 1478
3 1469 1478 1470
3 1470 1478 1479
3 1470 1479 1471
3 1471 1479 1472
3 1471 1472 1464
3 1472 1480 1481
3 1472 1481 1473
3 1473 1481 1482
3 1473 1482 1474
3 1474 1482 1483
3 1474 1483 1475
3 1475 1483 1484
3 1475 1484 1476
3 1476 1484 1485
3 1476 1485 1477
3 1477 1485 1486
3 1477 1486 1478
3 1478 1486 1487
3 1478 1487 1479
3 1479 1487 1480
3 1479 1480 1472
3 1480 1488 1489
3 1480 1489 1481
3 1481 1489 1490
3 1481 1490 1482
3 1482 1490 1491
3 1482 1491 1483
3 1483 1491 1492
3 1483 1492 1484
3 1484 1492 1493
3 1484 1493 1485
3 1485 1493 1494
3 1485 1494 1486
3 1486 1494 1495
3 1486 1495 1487
3 1487 1495 1488
3 1487 1488 1480
3 1488 1496 1497
3 1488 1497 1489
3 1489 1497 1498
3 1489 1498 1490
3 1490 1498 1499
3 1490 1499 1491
3 1491 1499 1500
3 1491 1500 1492
3 1492 1500 1501
3 1492 1501 1493
3 1493 1501 1502
3 1493 1502 1494
3 1494 1502 1503
3 1494 1503 1495
3 1495 1503 1496
3 1495 1496 1488
3 1496 1504 1505
3 1496 1505 1497
3 1497 1505 1506
3 1497 1506 1498
3 1498 1506 1507
3 1498 1507 1499
3 1499 1507 1508
3 1499 1508 1500
3 1500 1508 1509
3 1500 1509 1501
3 1501 1509 1510
3 1501 1510 1502
3 1502 1510 1511
3 1502 1511 1503
3 1503 1511 1504
3 1503 1504 1496
3 1504 1512 1513
3 1504 1513 1505
3 1505 1513 1514
3 1505 1514 1506
3 1506 1514 1515
3 1506 1515 1507
3 1507 1515 1516
3 1507 1516 1508
3 1508 1516 1517
3 1508 1517 1509
3 1509 1517 1518
3 1509 1518 1510
3 1510 1518 1519
3 1510 1519 1511
3 1511 1519 1512
3 1511 1512 1504
3 1512 1520 1521
3 1512 1521 1513
3 1513 1521 1522
3 1513 1522 1514
3 1514 1522 1523
3 1514 1523 1515
3 1515 1523 1524
3 1515 1524 1516
3 1516 1524 1525
3 1516 1525 1517
3 1517 1525 1526
3 1517 1526 1518
3 1518 1526 1527
3 1518 1527 1519
3 1519 1527 1520
3 1519 1520 1512
3 1520 1528 1529
3 1520 1529 1521
3 1521 1529 1530
3 1521 1530 1522
3 1522 1530 1531
3 1522 1531 1523
3 1523 1531 1532
3 1523 1532 1524
3 1524 1532 1533
3 1524 1533 1525
3 1525 1533 1534
3 1525 1534 1526
3 1526 1534 1535
3 1526 1535 1527
3 1527 1535 1528
3 1527 1528 1520
3 1528 1536 1537
3 1528 1537 1529
3 1529 1537 1538
3 1529 1538 1530
3 1530 1538 1539
3 1530 1539 1531
3 1531 1539 1540
3 1531 1540 1532
3 1532 1540 1541
3 1532 1541 1533
3 1533 1541 1542
3 1533 1542 1534
3 1534 1542 1543
3 1534 1543 1535
3 1535 1543 1536
3 1535 1536 1528
3 1536 1544 1545
3 1536 1545 1537
3 1537 1545 1546
3 1537 1546 1538
3 1538 1546 1547
3 1538 1547 1539
3 1539 1547 1548
3 1539 1548 1540
3 1540 1548 1549
3 1540 1549 1541
3 1541 1549 1550
3 1541 1550 1542
3 1542 1550 1551
3 1542 1551 1543
3 1543 1551 1544
3 1543 1544 1536
3 1544 1552 1553
3 1544 1553 1545
3 1545 1553 1554
3 1545 1554 1546
3 1546 1554 1555
3 1546 1555 1547
3 1547 1555 1556
3 1547 1556 1548
3 1548 1556 1557
3 1548 1557 1549
3 1549 1557 1558
3 1549 1558 1550
3 1550 1558 1559
3 1550 1559 1551
3 1551 1559 1552
3 1551 1552 1544
3 1552 1560 1561
3 1552 1561 1553
3 1553 1561 1562
3 1553 1562 1554
3 1554 1562 1563
3 1554 1563 1555
3 1555 1563 1564
3 1555 1564 1556
3 1556 1564 1565
3 1556 1565 1557
3 1557 1565 1566
3 1557 1566 1558
3 1558 1566 1567
3 1558 1567 1559
3 1559 1567 1560
3 1559 1560 1552
3 1560 1568 1569
3 1560 1569 1561
3 1561 1569 1570
3 1561 1570 1562
3 1562 1570 1571
3 1562 1571 1563
3 1563 1571 1572
3 1563 1572 1564
3 1564 1572 1573
3 1564 1573 1565
3 1565 1573 1574
3 1565 1574 1566
3 1566 1574 1575
3 1566 1575 1567
3 1567 1575 1568
3 1567 1568 1560
3 1568 1576 1577
3 1568 1577 1569
3 1569 1577 1578
3 1569 1578 1570
3 1570 1578 1579
3 1570 1579 1571
3 1571 1579 1580
3 1571 1580 1572
3 1572 1580 1581
3 1572 1581 1573
3 1573 1581 1582
3 1573 1582 1574
3 1574 1582 1583
3 1574 1583 1575
3 1575 1583 1576
3 1575 1576 1568
3 1576 1584 1585
3 1576 1585 1577
3 1577 1585 1586
3 1577 1586 1578
3 1578 1586 1587
3 1578 1587 1579
3 1579 1587 1588
3 1579 1588 1580
3 1580 1588 1589
3 1580 1589 1581
3 1581 1589 1590
3 1581 1590 1582
3 1582 1590 1591
3 1582 1591 1583
3 1583 1591 1584
3 1583 1584 1576
3 1584 1592 1593
3 1584 1593 1585
3 1585 1593 1594
3 1585 1594 1586
3 1586 1594 1595
3 1586 1595 1587
3 1587 1595 1596
3 1587 1596 1588
3 1588 1596 1597
3 1588 1597 1589
3 1589 1597 1598
3 1589 1598 1590
3 1590 1598 1599
3 1590 1599 1591
3 1591 1599 1592
3 1591 1592 1584
3 1600 1608 1609
3 1600 1609 1601
3 1601 1609 1610
3 1601 1610 1602
3 1602 1610 1611
3 1602 1611 1603
3 1603 1611 1612
3 1603 1612 1604
3 1604 1612 1613
3 1604 1613 1605
3 1605 1613 1614
3 1605 1614 1606
3 1606 1614 1615
3 1606 1615 1607
3 1607 1615 1608
3 1607 1608 1600
3 1608 1616 1617
3 1608 1617 1609
3 1609 1617 1618
3 1609 1618 1610
3 1610 1618 1619
3 1610 1619 1611
3 1611 1619 1620
3 1611 1620 1612
3 1612 1620 1621
3 1612 1621 1613
3 1613 1621 1622
3 1613 1622 1614
3 1614 1622 1623
3 1614 1623 1615
3 1615 1623 1616
3 1615 1616 1608
3 1616 1624 1625
3 1616 1625 1617
3 1617 1625 1626
3 1617 1626 1618
3 1618 1626 1627
3 1618 1627 1619
3 1619 1627 1628
3 1619 1628 1620
3 1620 1628 1629
3 1620 1629 1621
3 1621 1629 1630
3 1621 1630 1622
3 1622 1630 1631
3 1622 1631 1623
3 1623 1631 1624
3 1623 1624 1616
3 1624 1632 1633
3 1624 1633 1625
3 1625 1633 1634
3 1625 1634 1626
3 1626 1634 1635
3 1626 1635 1627
3 1627 1635 1636
3 1627 1636 1628
3 1628 1636 1637
3 1628 1637 1629
3 1629 1637 1638
3 1629 1638 1630
3 1630 1638 1639
3 1630 1639 1631
3 1631 1639 1632
3 1631 1632 1624
3 1632 1640 1641
3 1632 1641 1633
3 1633 1641 1642
3 1633 1642 1634
3 1634 1642 1643
3 1634 1643 1635
3 1635 1643 1644
3 1635 1644 1636
3 1636 1644 1645
3 1636 1645 1637
3 1637 1645 1646
3 1637 1646 1638
3 1638 1646 1647
3 1638 1647 1639
3 1639 1647 1640
3 1639 1640 1632
3 1640 1648 1649
3 1640 1649 1641
3 1641 1649 1650
3 1641 1650 1642
3 1642 1650 1651
3 1642 1651 1643
3 1643 1651 1652
3 1643 1652 1644
3 1644 1652 1653
3 1644 1653 1645
3 1645 1653 1654
3 1645 1654 1646
3 1646 1654 1655
3 1646 1655 1647
3 1647 1655 1648
3 1647 1648 1640
3 1648 1656 1657
3 1648 1657 1649
3 1649 1657 1658
3 1649 1658 1650
3 1650 1658 1659
3 1650 1659 1651
3 1651 1659 1660
3 1651 1660 1652
3 1652 1660 1661
3 1652 1661 1653
3 1653 1661 1662
3 1653 1662 1654
3 1654 1662 1663
3 1654 1663 1655
3 1655 1663 1656
3 1655 1656 1648
3 1656 1664 1665
3 1656 1665 1657
3 1657 1665 1666
3 1657 1666 1658
3 1658 1666 1667
3 1658 1667 1659
3 1659 1667 1668
3 1659 1668 1660
3 1660 1668 1669
3 1660 1669 1661
3 1661 1669 1670
3 1661 1670 1662
3 1662 1670 1671
3 1662 1671 1663
3 1663 1671 1664
3 1663 1664 1656
3 1664 1672 1673
3 1664 1673 1665
3 1665 1673 1674
3 1665 1674 1666
3 1666 1674 1675
3 1666 1675 1667
3 1667 1675 1676
3 1667 1676 1668
3 1668 1676 1677
3 1668 1677 1669
3 1669 1677 1678
3 1669 1678 1670
3 1670 1678 1679
3 1670 1679 1671
3 1671 1679 1672
3 1671 1672 1664
3 1672 1680 1681
3 1672 1681 1673
3 1673 1681 1682
3 1673 1682 1674
3 1674 1682 1683
3 1674 1683 1675
3 1675 1683 1684
3 1675 1684 1676
3 1676 1684 1685
3 1676 1685 1677
3 1677 1685 1686
3 1677 1686 1678
3 1678 1686 1687
3 1678 1687 1679
3 1679 1687 1680
3 1679 1680 1672
3 1680 1688 1689
3 1680 1689 1681
3 1681 1689 1690
3 1681 1690 1682
3 1682 1690 1691
3 1682 1691 1683
3 1683 1691 1692
3 1683 1692 1684
3 1684 1692 1693
3 1684 1693 1685
3 1685 1693 1694
3 1685 1694 1686
3 1686 1694 1695
3 1686 1695 1687
3 1687 1695 1688
3 1687 1688 1680
3 1688 1696 1697
3 1688 1697 1689
3 1689 1697 1698
3 1689 1698 1690
3 1690 1698 1699
3 1690 1699 1691
3 1691 1699 1700
3 1691 1700 1692
3 1692 1700 1701
3 1692 1701 1693
3 1693 1701 1702
3 1693 1702 1694
3 1694 1702 1703
3 1694 1703 1695
3 1695 1703 1696
3 1695 1696 1688
3 1696 1704 1705
3 1696 1705 1697
3 1697 1705 1706
3 1697 1706 1698
3 1698 1706 1707
3 1698 1707 1699
3 1699 1707 1708
3 1699 1708 1700
3 1700 1708 1709
3 1700 1709 1701
3 1701 1709 1710
3 1701 1710 1702
3 1702 1710 1711
3 1702 1711 1703
3 1703 1711 1704
3 1703 1704 1696
3 1704 1712 1713
3 1704 1713 1705
3 1705 1713 1714
3 1705 1714 1706
3 1706 1714 1715
3 1706 1715 1707
3 1707 1715 1716
3 1707 1716 1708
3 1708 1716 1717
3 1708 1717 1709
3 1709 1717 1718
3 1709 1718 1710
3 1710 1718 1719
3 1710 1719 1711
3 1711 1719 1712
3 1711 1712 1704
3 1712 1720 1721
3 1712 1721 1713
3 1713 1721 1722
3 1713 1722 1714
3 1714 1722 1723
3 1714 1723 1715
3 1715 1723 1724
3 1715 1724 1716
3 1716 1724 1725
3 1716 1725 1717
3 1717 1725 1726
3 1717 1726 1718
3 1718 1726 1727
3 1718 1727 1719
3 1719 1727 1720
3 1719 1720 1712
3 1720 1728 1729
3 1720 1729 1721
3 1721 1729 1730
3 1721 1730 1722
3 1722 1730 1731
3 1722 1731 1723
3 1723 1731 1732
3 1723 1732 1724
3 1724 1732 1733
3 1724 1733 1725
3 1725 1733 1734
3 1725 1734 1726
3 1726 1734 1735
3 1726 1735 1727
3 1727 1735 1728
3 1727 1728 1720
3 1728 1736 1737
3 1728 1737 1729
3 1729 1737 1738
3 1729 1738 1730
3 1730 1738 1739
3 1730 1739 1731
3 1731 1739 1740
3 1731 1740 1732
3 1732 1740 1741
3 1732 1741 1733
3 1733 1741 1742
3 1733 1742 1734
3 1734 1742 1743
3 1734 1743 1735
3 1735 1743 1736
3 1735 1736 1728
3 1736 1744 1745
3 1736 1745 1737
3 1737 1745 1746
3 1737 1746 1738
3 1738 1746 1747
3 1738 1747 1739
3 1739 1747 1748
3 1739 1748 1740
3 1740 1748 1749
3 1740 1749 1741
3 1741 1749 1750
3 1741 1750 1742
3 1742 1750 1751
3 1742 1751 1743
3 1743 1751 1744
3 1743 1744 1736
3 1744 1752 1753
3 1744 1753 1745
3 1745 1753 1754
3 1745 1754 1746
3 1746 1754 1755
3 1746 1755 1747
3 1747 1755 1756
3 1747 1756 1748
3 1748 1756 1757
3 1748 1757 1749
3 1749 1757 1758
3 1749 1758 1750
3 1750 1758 1759
3 1750 1759 1751
3 1751 1759 1752
3 1751 1752 1744
3 1752 1760 1761
3 1752 1761 1753
3 1753 1761 1762
3 1753 1762 1754
3 1754 1762 1763
3 1754 1763 1755
3 1755 1763 1764
3 1755 1764 1756
3 1756 1764 1765
3 1756 1765 1757
3 1757 1765 1766
3 1757 1766 1758
3 1758 1766 1767
3 1758 1767 1759
3 1759 1767 1760
3 1759 1760 1752
3 1760 1768 1769
3 1760 1769 1761
3 1761 1769 1770
3 1761 1770 1762
3 1762 1770 1771
3 1762 1771 1763
3 1763 1771 1772
3 1763 1772 1764
3 1764 1772 1773
3 1764 1773 1765
3 1765 1773 1774
3 1765 1774 1766
3 1766 1774 1775
3 1766 1775 1767
3 1767 1775 1768
3 1767 1768 1760
3 1768 1776 1777
3 1768 1777 1769
3 1769 1777 1778
3 1769 1778 1770
3 1770 1778 1779
3 1770 1779 1771
3 1771 1779 1780
3 1771 1780 1772
3 1772 1780 1781
3 1772 1781 1773
3 1773 1781 1782
3 1773 1782 1774
3 1774 1782 1783
3 1774 1783 1775
3 1775 1783 1776
3 1775 1776 1768
3 1776 1784 1785
3 1776 1785 1777
3 1777 1785 1786
3 1777 1786 1778
3 1778 1786 1787
3 1778 1787 1779
3 1779 1787 1788
3 1779 1788 1780
3 1780 1788 1789
3 1780 1789 1781
3 1781 1789 1790
3 1781 1790 1782
3 1782 1790 1791
3 1782 1791 1783
3 1783 1791 1784
3 1783 1784 1776
3 1784 1792 1793
3 1784 1793 1785
3 1785 1793 1794
3 1785 1794 1786
3 1786 1794 1795
3 1786 1795 1787
3 1787 1795 1796
3 1787 1796 1788
3 1788 1796 1797
3 1788 1797 1789
3 1789 1797 1798
3 1789 1798 1790
3 1790 1798 1799
3 1790 1799 1791
3 1791 1799 1792
3 1791 1792 1784
3 1792 1800 1801
3 1792 1801 1793
3 1793 1801 1802
3 1793 1802 1794
3 1794 1802 1803
3 1794 1803 1795
3 1795 1803 1804
3 1795 1804 1796
3 1796 1804 1805
3 1796 1805 1797
3 1797 1805 1806
3 1797 1806 1798
3 1798 1806 1807
3 1798 1807 1799
3 1799 1807 1800
3 1799 1800 1792
3 1800 1808 1809
3 1800 1809 1801
3 1801 1809 1810
3 1801 1810 1802
3 1802 1810 1811
3 1802 1811 1803
3 1803 1811 1812
3 1803 1812 1804
3 1804 1812 1813
3 1804 1813 1805
3 1805 1813 1814
3 1805 1814 1806
3 1806 1814 1815
3 1806 1815 1807
3 1807 1815 1808
3 1807 1808 1800
3 1808 1816 1817
3 1808 1817 1809
3 1809 1817 1818
3 1809 1818 1810
3 1810 1818 1819
3 1810 1819 1811
3 1811 1819 1820
3 1811 1820 1812
3 1812 1820 1821
3 1812 1821 1813
3 1813 1821 1822
3 1813 1822 1814
3 1814 1822 1823
3 1814 1823 1815
3 1815 1823 1816
3 1815 1816 1808
3 1816 1824 1825
3 1816 1825 1817
3 1817 1825 1826
3 1817 1826 1818
3 1818 1826 1827
3 1818 1827 1819
3 1819 1827 1828
3 1819 1828 1820
3 1820 1828 1829
3 1820 1829 1821
3 1821 1829 1830
3 1821 1830 1822
3 1822 1830 1831
3 1822 1831 1823
3 1823 1831 1824
3 1823 1824 1816
3 1824 1832 1833
3 1824 1833 1825
3 1825 1833 1834
3 1825 1834 1826
3 1826 1834 1835
3 1826 1835 1827
3 1827 1835 1836
3 1827 1836 1828
3 1828 1836 1837
3 1828 1837 1829
3 1829 1837 1838
3 1829 1838 1830
3 1830 1838 1839
3 1830 1839 1831
3 1831 1839 1832
3 1831 1832 1824
3 1832 1840 1841
3 1832 1841 1833
3 1833 1841 1842
3 1833 1842 1834
3 1834 1842 1843
3 1834 1843 1835
3 1835 1843 1844
3 1835 1844 1836
3 1836 1844 1845
3 1836 1845 1837
3 1837 1845 1846
3 1837 1846 1838
3 1838 1846 1847
3 1838 1847 1839
3 1839 1847 1840
3 1839 1840 1832
3 1840 1848 1849
3 1840 1849 1841
3 1841 1849 1850
3 1841 1850 1842
3 1842 1850 1851
3 1842 1851 1843
3 1843 1851 1852
3 1843 1852 1844
3 1844 1852 1853
3 1844 1853 1845
3 1845 1853 1854
3 1845 1854 1846
3 1846 1854 1855
3 1846 1855 1847
3 1847 1855 1848
3 1847 1848 1840
3 1848 1856 1857
3 1848 1857 1849
3 1849 1857 1858
3 1849 1858 1850
3 1850 1858 1859
3 1850 1859 1851
3 1851 1859 1860
3 1851 1860 1852
3 1852 1860 1861
3 1852 1861 1853
3 1853 1861 1862
3 1853 1862 1854
3 1854 1862 1863
3 1854 1863 1855
3 1855 1863 1856
3 1855 1856 1848
3 1856 1864 1865
3 1856 1865 1857
3 1857 1865 1866
3 1857 1866 1858
3 1858 1866 1867
3 1858 1867 1859
3 1859 1867 1868
3 1859 1868 1860
3 1860 1868 1869
3 1860 1869 1861
3 1861 1869 1870
3 1861 1870 1862
3 1862 1870 1871
3 1862 1871 1863
3 1863 1871 1864
3 1863 1864 1856
3 1864 1872 1873
3 1864 1873 1865
3 1865 1873 1874
3 1865 1874 1866
3 1866 1874 1875
3 1866 1875 1867
3 1867 1875 1876
3 1867 1876 1868
3 1868 1876 1877
3 1868 1877 1869
3 1869 1877 1878
3 1869 1878 1870
3 1870 1878 1879
3 1870 1879 1871
3 1871 1879 1872
3 1871 1872 1864
3 1872 1880 1881
3 1872 1881 1873
3 1873 1881 1882
3 1873 1882 1874
3 1874 1882 1883
3 1874 1883 1875
3 1875 1883 1884
3 1875 1884 1876
3 1876 1884 1885
3 1876 1885 1877
3 1877 1885 1886
3 1877 1886 1878
3 1878 1886 1887
3 1878 1887 1879
3 1879 1887 1880
3 1879 1880 1872
3 1880 1888 1889
3 1880 1889 1881
3 1881 1889 1890
3 1881 1890 1882
3 1882 1890 1891
3 1882 1891 1883
3 1883 1891 1892
3 1883 1892 1884
3 1884 1892 1893
3 1884 1893 1885
3 1885 1893 1894
3 1885 1894 1886
3 1886 1894 1895
3 1886 1895 1887
3 1887 1895 1888
3 1887 1888 1880
3 1888 1896 1897
3 1888 1897 1889
3 1889 1897 1898
3 1889 1898 1890
3 1890 1898 1899
3 1890 1899 1891
3 1891 1899 1900
3 1891 1900 1892
3 1892 1900 1901
3 1892 1901 1893
3 1893 1901 1902
3 1893 1902 1894
3 1894 1902 1903
3 1894 1903 1895
3 1895 1903 1896
3 1895 1896 1888
3 1896 1904 1905
3 1896 1905 1897
3 1897 1905 1906
3 1897 1906 1898
3 1898 1906 1907
3 1898 1907 1899
3 1899 1907 1908
3 1899 1908 1900
3 1900 1908 1909
3 1900 1909 1901
3 1901 1909 1910
3 1901 1910 1902
3 1902 1910 1911
3 1902 1911 1903
3 1903 1911 1904
3 1903 1904 1896
3 1904 1912 1913
3 1904 1913 1905
3 1905 1913 1914
3 1905 1914 1906
3 1906 1914 1915
3 1906 1915 1907
3 1907 1915 1916
3 1907 1916 1908
3 1908 1916 1917
3 1908 1917 1909
3 1909 1917 1918
3 1909 1918 1910
3 1910 1918 1919
3 1910 1919 1911
3 1911 1919 1912
3 1911 1912 1904
3 1912 1920 1921
3 1912 1921 1913
3 1913 1921 1922
3 1913 1922 1914
3 1914 1922 1923
3 1914 1923 1915
3 1915 1923 1924
3 1915 1924 1916
3 1916 1924 1925
3 1916 1925 1917
3 1917 1925 1926
3 1917 1926 1918
3 1918 1926 1927
3 1918 1927 1919
3 1919 1927 1920
3 1919 1920 1912
3 1920 1928 1929
3 1920 1929 1921
3 1921 1929 1930
3 1921 1930 1922
3 1922 1930 1931
3 1922 1931 1923
3 1923 1931 1932
3 1923 1932 1924
3 1924 1932 1933
3 1924 1933 1925
3 1925 1933 1934
3 1925 1934 1926
3 1926 1934 1935
3 1926 1935 1927
3 1927 1935 1928
3 1927 1928 1920
3 1928 1936 1937
3 1928 1937 1929
3 1929 1937 1938
3 1929 1938 1930
3 1930 1938 1939
3 1930 1939 1931
3 1931 1939 1940
3 1931 1940 1932
3 1932 1940 1941
3 1932 1941 1933
3 1933 1941 1942
3 1933 1942 1934
3 1934 1942 1943
3 1934 1943 1935
3 1935 1943 1936
3 1935 1936 1928
3 1936 1944 1945
3 1936 1945 1937
3 1937 1945 1946
3 1937 1946 1938
3 1938 1946 1947
3 1938 1947 1939
3 1939 1947 1948
3 1939 1948 1940
3 1940 1948 1949
3 1940 1949 1941
3 1941 1949 1950
3 1941 1950 1942
3 1942 1950 1951
3 1942 1951 1943
3 1943 1951 1944
3 1943 1944 1936
3 1944 1952 1953
3 1944 1953 1945
3 1945 1953 1954
3 1945 1954 1946
3 1946 1954 1955
3 1946 1955 1947
3 1947 1955 1956
3 1947 1956 1948
3 1948 1956 1957
3 1948 1957 1949
3 1949 1957 1958
3 1949 1958 1950
3 1950 1958 1959
3 1950 1959 1951
3 1951 1959 1952
3 1951 1952 1944
3 1952 1960 1961
3 1952 1961 1953
3 1953 1961 1962
3 1953 1962 1954
3 1954 1962 1963
3 1954 1963 1955
3 1955 1963 1964
3 1955 1964 1956
3 1956 1964 1965
3 1956 1965 1957
3 1957 1965 1966
3 1957 1966 1958
3 1958 1966 1967
3 1958 1967 1959
3 1959 1967 1960
3 1959 1960 1952
3 1960 1968 1969
3 1960 1969 1961
3 1961 1969 1970
3 1961 1970 1962
3 1962 1970 1971
3 1962 1971 1963
3 1963 1971 1972
3 1963 1972 1964
3 1964 1972 1973
3 1964 1973 1965
3 1965 1973 1974
3 1965 1974 1966
3 1966 1974 1975
3 1966 1975 1967
3 1967 1975 1968
3 1967 1968 1960
3 1968 1976 1977
3 1968 1977 1969
3 1969 1977 1978
3 1969 1978 1970
3 1970 1978 1979
3 1970 1979 1971
3 1971 1979 1980
3 1971 1980 1972
3 1972 1980 1981
3 1972 1981 1973
3 1973 1981 1982
3 1973 1982 1974
3 1974 1982 1983
3 1974 1983 1975
3 1975 1983 1976
3 1975 1976 1968
3 1976 1984 1985
3 1976 1985 1977
3 1977 1985 1986
3 1977 1986 1978
3 1978 1986 1987
3 1978 1987 1979
3 1979 1987 1988
3 1979 1988 1980
3 1980 1988 1989
3 1980 1989 1981
3 1981 1989 1990
3 1981 1990 1982
3 1982 1990 1991
3 1982 1991 1983
3 1983 1991 1984
3 1983 1984 1976
3 1984 1992 1993
3 1984 1993 1985
3 1985 1993 1994
3 1985 1994 1986
3 1986 1994 1995
3 1986 1995 1987
3 1987 1995 1996
3 1987 1996 1988
3 1988 1996 1997
3 1988 1997 1989
3 1989 1997 1998
3 1989 1998 1990
3 1990 1998 1999
3 1990 1999 1991
3 1991 1999 1992
3 1991 1992 1984
3 1992 2000 2001
3 1992 2001 1993
3 1993 2001 2002
3 1993 2002 1994
3 1994 2002 2003
3 1994 2003 1995
3 1995 2003 2004
3 1995 2004 1996
3 1996 2004 2005
3 1996 2005 1997
3 1997 2005 2006
3 1997 2006 1998
3 1998 2006 2007
3 1998 2007 1999
3 1999 2007 2000
3 1999 2000 1992
3 2000 2008 2009
3 2000 2009 2001
3 2001 2009 2010
3 2001 2010 2002
3 2002 2010 2011
3 2002 2011 2003
3 2003 2011 2012
3 2003 2012 2004
3 2004 2012 2013
3 2004 2013 2005
3 2005 2013 2014
3 2005 2014 2006
3 2006 2014 2015
3 2006 2015 2007
3 2007 2015 2008
3 2007 2008 2000
3 2008 2016 2017
3 2008 2017 2009
3 2009 2017 2018
3 2009 2018 2010
3 2010 2018 2019
3 2010 2019 2011
3 2011 2019 2020
3 2011 2020 2012
3 2012 2020 2021
3 2012 2021 2013
3 2013 2021 2022
3 2013 2022 2014
3 2014 2022 2023
3 2014 2023 2015
3 2015 2023 2016
3 2015 2016 2008
3 2016 2024 2025
3 2016 2025 2017
3 2017 2025 2026
3 2017 2026 2018
3 2018 2026 2027
3 2018 2027 2019
3 2019 2027 2028
3 2019 2028 2020
3 2020 2028 2029
3 2020 2029 2021
3 2021 2029 2030
3 2021 2030 2022
3 2022 2030 2031
3 2022 2031 2023
3 2023 2031 2024
3 2023 2024 2016
3 2024 2032 2033
3 2024 2033 2025
3 2025 2033 2034
3 2025 2034 2026
3 2026 2034 2035
3 2026 2035 2027
3 2027 2035 2036
3 2027 2036 2028
3 2028 2036 2037
3 2028 2037 2029
3 2029 2037 2038
3 2029 2038 2030
3 2030 2038 2039
3 2030 2039 2031
3 2031 2039 2032
3 2031 2032 2024
3 2032 2040 2041
3 2032 2041 2033
3 2033 2041 2042
3 2033 2042 2034
3 2034 2042 2043
3 2034 2043 2035
3 2035 2043 2044
3 2035 2044 2036
3 2036 2044 2045
3 2036 2045 2037
3 2037 2045 2046
3 2037 2046 2038
3 2038 2046 2047
3 2038 2047 2039
3 2039 2047 2040
3 2039 2040 2032
3 2040 2048 2049
3 2040 2049 2041
3 2041 2049 2050
3 2041 2050 2042
3 2042 2050 2051
3 2042 2051 2043
3 2043 2051 2052
3 2043 2052 2044
3 2044 2052 2053
3 2044 2053 2045
3 2045 2053 2054
3 2045 2054 2046
3 2046 2054 2055
3 2046 2055 2047
3 2047 2055 2048
3 2047 2048 2040
3 2048 2056 2057
3 2048 2057 2049
3 2049 2057 2058
3 2049 2058 2050
3 2050 2058 2059
3 2050 2059 2051
3 2051 2059 2060
3 2051 2060 2052
3 2052 2060 2061
3 2052 2061 2053
3 2053 2061 2062
3 2053 2062 2054
3 2054 2062 2063
3 2054 2063 2055
3 2055 2063 2056
3 2055 2056 2048
3 2056 2064 2065
3 2056 2065 2057
3 2057 2065 2066
3 2057 2066 2058
3 2058 2066 2067
3 2058 2067 2059
3 2059 2067 2068
3 2059 2068 2060
3 2060 2068 2069
3 2060 2069 2061
3 2061 2069 2070
3 2061 2070 2062
3 2062 2070 2071
3 2062 2071 2063
3 2063 2071 2064
3 2063 2064 2056
3 2064 2072 2073
3 2064 2073 2065
3 2065 2073 2074
3 2065 2074 2066
3 2066 2074 2075
3 2066 2075 2067
3 2067 2075 2076
3 2067 2076 2068
3 2068 2076 2077
3 2068 2077 2069
3 2069 2077 2078
3 2069 2078 2070
3 2070 2078 2079
3 2070 2079 2071
3 2071 2079 2072
3 2071 2072 2064
3 2072 2080 2081
3 2072 2081 2073
3 2073 2081 2082
3 2073 2082 2074
3 2074 2082 2083
3 2074 2083 2075
3 2075 2083 2084
3 2075 2084 2076
3 2076 2084 2085
3 2076 2085 2077
3 2077 2085 2086
3 2077 2086 2078
3 2078 2086 2087
3 2078 2087 2079
3 2079 2087 2080
3 2079 2080 2072
3 2080 2088 2089
3 2080 2089 2081
3 2081 2089 2090
3 2081 2090 2082
3 2082 2090 2091
3 2082 2091 2083
3 2083 2091 2092
3 2083 2092 2084
3 2084 2092 2093
3 2084 2093 2085
3 2085 2093 2094
3 2085 2094 2086
3 2086 2094 2095
3 2086 2095 2087
3 2087 2095 2088
3 2087 2088 2080
3 2088 2096 2097
3 2088 2097 2089
3 2089 2097 2098
3 2089 2098 2090
3 2090 2098 2099
3 2090 2099 2091
3 2091 2099 2100
3 2091 2100 2092
3 2092 2100 2101
3 2092 2101 2093
3 2093 2101 2102
3 2093 2102 2094
3 2094 2102 2103
3 2094 2103 2095
3 2095 2103 2096
3 2095 2096 2088
3 2096 2104 2105
3 2096 2105 2097
3 2097 2105 2106
3 2097 2106 2098
3 2098 2106 2107
3 2098 2107 2099
3 2099 2107 2108
3 2099 2108 2100
3 2100 2108 2109
3 2100 2109 2101
3 2101 2109 2110
3 2101 2110 2102
3 2102 2110 2111
3 2102 2111 2103
3 2103 2111 2104
3 2103 2104 2096
3 2104 2112 2113
3 2104 2113 2105
3 2105 2113 2114
3 2105 2114 2106
3 2106 2114 2115
3 2106 2115 2107
3 2107 2115 2116
3 2107 2116 2108
3 2108 2116 2117
3 2108 2117 2109
3 2109 2117 2118
3 2109 2118 2110
3 2110 2118 2119
3 2110 2119 2111
3 2111 2119 2112
3 2111 2112 2104
3 2112 2120 2121
3 2112 2121 2113
3 2113 2121 2122
3 2113 2122 2114
3 2114 2122 2123
3 2114 2123 2115
3 2115 2123 2124
3 2115 2124 2116
3 2116 2124 2125
3 2116 2125 2117
3 2117 2125 2126
3 2117 2126 2118
3 2118 2126 2127
3 2118 2127 2119
3 2119 2127 2120
3 2119 2120 2112
3 2120 2128 2129
3 2120 2129 2121
3 2121 2129 2130
3 2121 2130 2122
3 2122 2130 2131
3 2122 2131 2123
3 2123 2131 2132
3 2123 2132 2124
3 2124 2132 2133
3 2124 2133 2125
3 2125 2133 2134
3 2125 2134 2126
3 2126 2134 2135
3 2126 2135 2127
3 2127 2135 2128
3 2127 2128 2120
3 2128 2136 2137
3 2128 2137 2129
3 2129 2137 2138
3 2129 2138 2130
3 2130 2138 2139
3 2130 2139 2131
3 2131 2139 2140
3 2131 2140 2132
3 2132 2140 2141
3 2132 2141 2133
3 2133 2141 2142
3 2133 2142 2134
3 2134 2142 2143
3 2134 2143 2135
3 2135 2143 2136
3 2135 2136 2128
3 2136 2144 2145
3 2136 2145 2137
3 2137 2145 2146
3 2137 2146 2138
3 2138 2146 2147
3 2138 2147 2139
3 2139 2147 2148
3 2139 2148 2140
3 2140 2148 2149
3 2140 2149 2141
3 2141 2149 2150
3 2141 2150 2142
3 2142 2150 2151
3 2142 2151 2143
3 2143 2151 2144
3 2143 2144 2136
3 2144 2152 2153
3 2144 2153 2145
3 2145 2153 2154
3 2145 2154 2146
3 2146 2154 2155
3 2146 2155 2147
3 2147 2155 2156
3 2147 2156 2148
3 2148 2156 2157
3 2148 2157 2149
3 2149 2157 2158
3 2149 2158 2150
3 2150 2158 2159
3 2150 2159 2151
3 2151 2159 2152
3 2151 2152 2144
3 2152 2160 2161
3 2152 2161 2153
3 2153 2161 2162
3 2153 2162 2154
3 2154 2162 2163
3 2154 2163 2155
3 2155 2163 2164
3 2155 2164 2156
3 2156 2164 2165
3 2156 2165 2157
3 2157 2165 2166
3 2157 2166 2158
3 2158 2166 2167
3 2158 2167 2159
3 2159 2167 2160
3 2159 2160 2152
3 2160 2168 2169
3 2160 2169 2161
3 2161 2169 2170
3 2161 2170 2162
3 2162 2170 2171
3 2162 2171 2163
3 2163 2171 2172
3 2163 2172 2164
3 2164 2172 2173
3 2164 2173 2165
3 2165 2173 2174
3 2165 2174 2166
3 2166 2174 2175
3 2166 2175 2167
3 2167 2175 2168
3 2167 2168 2160
3 2168 2176 2177
3 2168 2177 2169
3 2169 2177 2178
3 2169 2178 2170
3 2170 2178 2179
3 2170 2179 2171
3 2171 2179 2180
3 2171 2180 2172
3 2172 2180 2181
3 2172 2181 2173
3 2173 2181 2182
3 2173 2182 2174
3 2174 2182 2183
3 2174 2183 2175
3 2175 2183 2176
3 2175 2176 2168
3 2176 2184 2185
3 2176 2185 2177
3 2177 2185 2186
3 2177 2186 2178
3 2178 2186 2187
3 2178 2187 2179
3 2179 2187 2188
3 2179 2188 2180
3 2180 2188 2189
3 2180 2189 2181
3 2181 2189 2190
3 2181 2190 2182
3 2182 2190 2191
3 2182 2191 2183
3 2183 2191 2184
3 2183 2184 2176
3 2184 2192 2193
3 2184 2193 2185
3 2185 2193 2194
3 2185 2194 2186
3 2186 2194 2195
3 2186 2195 2187
3 2187 2195 2196
3 2187 2196 2188
3 2188 2196 2197
3 2188 2197 2189
3 2189 2197 2198
3 2189 2198 2190
3 2190 2198 2199
3 2190 2199 2191
3 2191 2199 2192
3 2191 2192 2184
3 2192 2200 2201
3 2192 2201 2193
3 2193 2201 2202
3 2193 2202 2194
3 2194 2202 2203
3 2194 2203 2195
3 2195 2203 2204
3 2195 2204 2196
3 2196 2204 2205
3 2196 2205 2197
3 2197 2205 2206
3 2197 2206 2198
3 2198 2206 2207
3 2198 2207 2199
3 2199 2207 2200
3 2199 2200 2192
3 2200 2208 2209
3 2200 2209 2201
3 2201 2209 2210
3 2201 2210 2202
3 2202 2210 2211
3 2202 2211 2203
3 2203 2211 2212
3 2203 2212 2204
3 2204 2212 2213
3 2204 2213 2205
3 2205 2213 2214
3 2205 2214 2206
3 2206 2214 2215
3 2206 2215 2207
3 2207 2215 2208
3 2207 2208 2200
3 2208 2216 2217
3 2208 2217 2209
3 2209 2217 2218
3 2209 2218 2210
3 2210 2218 2219
3 2210 2219 2211
3 2211 2219 2220
3 2211 2220 2212
3 2212 2220 2221
3 2212 2221 2213
3 2213 2221 2222
3 2213 2222 2214
3 2214 2222 2223
3 2214 2223 2215
3 2215 2223 2216
3 2215 2216 2208
3 2216 2224 2225
3 2216 2225 2217
3 2217 2225 2226
3 2217 2226 2218
3 2218 2226 2227
3 2218 2227 2219
3 2219 2227 2228
3 2219 2228 2220
3 2220 2228 2229
3 2220 2229 2221
3 2221 2229 2230
3 2221 2230 2222
3 2222 2230 2231
3 2222 2231 2223
3 2223 2231 2224
3 2223 2224 2216
3 2224 2232 2233
3 2224 2233 2225
3 2225 2233 2234
3 2225 2234 2226
3 2226 2234 2235
3 2226 2235 2227
3 2227 2235 2236
3 2227 2236 2228
3 2228 2236 2237
3 2228 2237 2229
3 2229 2237 2238
3 2229 2238 2230
3 2230 2238 2239
3 2230 2239 2231
3 2231 2239 2232
3 2231 2232 2224
3 2232 2240 2241
3 2232 2241 2233
3 2233 2241 2242
3 2233 2242 2234
3 2234 2242 2243
3 2234 2243 2235
3 2235 2243 2244
3 2235 2244 2236
3 2236 2244 2245
3 2236 2245 2237
3 2237 2245 2246
3 2237 2246 2238
3 2238 2246 2247
3 2238 2247 2239
3 2239 2247 2240
3 2239 2240 2232
3 2240 2248 2249
3 2240 2249 2241
3 2241 2249 2250
3 2241 2250 2242
3 2242 2250 2251
3 2242 2251 2243
3 2243 2251 2252
3 2243 2252 2244
3 2244 2252 2253
3 2244 2253 2245
3 2245 2253 2254
3 2245 2254 2246
3 2246 2254 2255
3 2246 2255 2247
3 2247 2255 2248
3 2247 2248 2240
3 2248 2256 2257
3 2248 2257 2249
3 2249 2257 2258
3 2249 2258 2250
3 2250 2258 2259
3 2250 2259 2251
3 2251 2259 2260
3 2251 2260 2252
3 2252 2260 2261
3 2252 2261 2253
3 2253 2261 2262
3 2253 2262 2254
3 2254 2262 2263
3 2254 2263 2255
3 2255 2263 2256
3 2255 2256 2248
3 2256 2264 2265
3 2256 2265 2257
3 2257 2265 2266
3 2257 2266 2258
3 2258 2266 2267
3 2258 2267 2259
3 2259 2267 2268
3 2259 2268 2260
3 2260 2268 2269
3 2260 2269 2261
3 2261 2269 2270
3 2261 2270 2262
3 2262 2270 2271
3 2262 2271 2263
3 2263 2271 2264
3 2263 2264 2256
3 2264 2272 2273
3 2264 2273 2265
3 2265 2273 2274
3 2265 2274 2266
3 2266 2274 2275
3 2266 2275 2267
3 2267 2275 2276
3 2267 2276 2268
3 2268 2276 2277
3 2268 2277 2269
3 2269 2277 2278
3 2269 2278 2270
3 2270 2278 2279
3 2270 2279 2271
3 2271 2279 2272
3 2271 2272 2264
3 2272 2280 2281
3 2272 2281 2273
3 2273 2281 2282
3 2273 2282 2274
3 2274 2282 2283
3 2274 2283 2275
3 2275 2283 2284
3 2275 2284 2276
3 2276 2284 2285
3 2276 2285 2277
3 2277 2285 2286
3 2277 2286 2278
3 2278 2286 2287
3 2278 2287 2279
3 2279 2287 2280
3 2279 2280 2272
3 2280 2288 2289
3 2280 2289 2281
3 2281 2289 2290
3 2281 2290 2282
3 2282 2290 2291
3 2282 2291 2283
3 2283 2291 2292
3 2283 2292 2284
3 2284 2292 2293
3 2284 2293 2285
3 2285 2293 2294
3 2285 2294 2286
3 2286 2294 2295
3 2286 2295 2287
3 2287 2295 2288
3 2287 2288 2280
3 2288 2296 2297
3 2288 2297 2289
3 2289 2297 2298
3 2289 2298 2290
3 2290 2298 2299
3 2290 2299 2291
3 2291 2299 2300
3 2291 2300 2292
3 2292 2300 2301
3 2292 2301 2293
3 2293 2301 2302
3 2293 2302 2294
3 2294 2302 2303
3 2294 2303 2295
3 2295 2303 2296
3 2295 2296 2288
3 2296 2304 2305
3 2296 2305 2297
3 2297 2305 2306
3 2297 2306 2298
3 2298 2306 2307
3 2298 2307 2299
3 2299 2307 2308
3 2299 2308 2300
3 2300 2308 2309
3 2300 2309 2301
3 2301 2309 2310
3 2301 2310 2302
3 2302 2310 2311
3 2302 2311 2303
3 2303 2311 2304
3 2303 2304 2296
3 2304 2312 2313
3 2304 2313 2305
3 2305 2313 2314
3 2305 2314 2306
3 2306 2314 2315
3 2306 2315 2307
3 2307 2315 2316
3 2307 2316 2308
3 2308 2316 2317
3 2308 2317 2309
3 2309 2317 2318
3 2309 2318 2310
3 2310 2318 2319
3 2310 2319 2311
3 2311 2319 2312
3 2311 2312 2304
3 2312 2320 2321
3 2312 2321 2313
3 2313 2321 2322
3 2313 2322 2314
3 2314 2322 2323
3 2314 2323 2315
3 2315 2323 2324
3 2315 2324 2316
3 2316 2324 2325
3 2316 2325 2317
3 2317 2325 2326
3 2317 2326 2318
3 2318 2326 2327
3 2318 2327 2319
3 2319 2327 2320
3 2319 2320 2312
3 2320 2328 2329
3 2320 2329 2321
3 2321 2329 2330
3 2321 2330 2322
3 2322 2330 2331
3 2322 2331 2323
3 2323 2331 2332
3 2323 2332 2324
3 2324 2332 2333
3 2324 2333 2325
3 2325 2333 2334
3 2325 2334 2326
3 2326 2334 2335
3 2326 2335 2327
3 2327 2335 2328
3 2327 2328 2320
3 2328 2336 2337
3 2328 2337 2329
3 2329 2337 2338
3 2329 2338 2330
3 2330 2338 2339
3 2330 2339 2331
3 2331 2339 2340
3 2331 2340 2332
3 2332 2340 2341
3 2332 2341 2333
3 2333 2341 2342
3 2333 2342 2334
3 2334 2342 2343
3 2334 2343 2335
3 2335 2343 2336
3 2335 2336 2328
3 2336 2344 2345
3 2336 2345 2337
3 2337 2345 2346
3 2337 2346 2338
3 2338 2346 2347
3 2338 2347 2339
3 2339 2347 2348
3 2339 2348 2340
3 2340 2348 2349
3 2340 2349 2341
3 2341 2349 2350
3 2341 2350 2342
3 2342 2350 2351
3 2342 2351 2343
3 2343 2351 2344
3 2343 2344 2336
3 2344 2352 2353
3 2344 2353 2345
3 2345 2353 2354
3 2345 2354 2346
3 2346 2354 2355
3 2346 2355 2347
3 2347 2355 2356
3 2347 2356 2348
3 2348 2356 2357
3 2348 2357 2349
3 2349 2357 2358
3 2349 2358 2350
3 2350 2358 2359
3 2350 2359 2351
3 2351 2359 2352
3 2351 2352 2344
3 2352 2360 2361
3 2352 2361 2353
3 2353 2361 2362
3 2353 2362 2354
3 2354 2362 2363
3 2354 2363 2355
3 2355 2363 2364
3 2355 2364 2356
3 2356 2364 2365
3 2356 2365 2357
3 2357 2365 2366
3 2357 2366 2358
3 2358 2366 2367
3 2358 2367 2359
3 2359 2367 2360
3 2359 2360 2352
3 2360 2368 2369
3 2360 2369 2361
3 2361 2369 2370
3 2361 2370 2362
3 2362 2370 2371
3 2362 2371 2363
3 2363 2371 2372
3 2363 2372 2364
3 2364 2372 2373
3 2364 2373 2365
3 2365 2373 2374
3 2365 2374 2366
3 2366 2374 2375
3 2366 2375 2367
3 2367 2375 2368
3 2367 2368 2360
3 2368 2376 2377
3 2368 2377 2369
3 2369 2377 2378
3 2369 2378 2370
3 2370 2378 2379
3 2370 2379 2371
3 2371 2379 2380
3 2371 2380 2372
3 2372 2380 2381
3 2372 2381 2373
3 2373 2381 2382
3 2373 2382 2374
3 2374 2382 2383
3 2374 2383 2375
3 2375 2383 2376
3 2375 2376 2368
3 2376 2384 2385
3 2376 2385 2377
3 2377 2385 2386
3 2377 2386 2378
3 2378 2386 2387
3 2378 2387 2379
3 2379 2387 2388
3 2379 2388 2380
3 2380 2388 2389
3 2380 2389 2381
3 2381 2389 2390
3 2381 2390 2382
3 2382 2390 2391
3 2382 2391 2383
3 2383 2391 2384
3 2383 2384 2376
3 2384 2392 2393
3 2384 2393 2385
3 2385 2393 2394
3 2385 2394 2386
3 2386 2394 2395
3 2386 2395 2387
3 2387 2395 2396
3 2387 2396 2388
3 2388 2396 2397
3 2388 2397 2389
3 2389 2397 2398
3 2389 2398 2390
3 2390 2398 2399
3 2390 2399 2391
3 2391 2399 2392
3 2391 2392 2384
3 2392 2400 2401
3 2392 2401 2393
3 2393 2401 2402
3 2393 2402 2394
3 2394 2402 2403
3 2394 2403 2395
3 2395 2403 2404
3 2395 2404 2396
3 2396 2404 2405
3 2396 2405 2397
3 2397 2405 2406
3 2397 2406 2398
3 2398 2406 2407
3 2398 2407 2399
3 2399 2407 2400
3 2399 2400 2392
3 2400 2408 2409
3 2400 2409 2401
3 2401 2409 2410
3 2401 2410 2402
3 2402 2410 2411
3 2402 2411 2403
3 2403 2411 2412
3 2403 2412 2404
3 2404 2412 2413
3 2404 2413 2405
3 2405 2413 2414
3 2405 2414 2406
3 2406 2414 2415
3 2406 2415 2407
3 2407 2415 2408
3 2407 2408 2400
3 2408 2416 2417
3 2408 2417 2409
3 2409 2417 2418
3 2409 2418 2410
3 2410 2418 2419
3 2410 2419 2411
3 2411 2419 2420
3 2411 2420 2412
3 2412 2420 2421
3 2412 2421 2413
3 2413 2421 2422
3 2413 2422 2414
3 2414 2422 2423
3 2414 2423 2415
3 2415 2423 2416
3 2415 2416 2408
3 2416 2424 2425
3 2416 2425 2417
3 2417 2425 2426
3 2417 2426 2418
3 2418 2426 2427
3 2418 2427 2419
3 2419 2427 2428
3 2419 2428 2420
3 2420 2428 2429
3 2420 2429 2421
3 2421 2429 2430
3 2421 2430 2422
3 2422 2430 2431
3 2422 2431 2423
3 2423 2431 2424
3 2423 2424 2416
3 2424 2432 2433
3 2424 2433 2425
3 2425 2433 2434
3 2425 2434 2426
3 2426 2434 2435
3 2426 2435 2427
3 2427 2435 2436
3 2427 2436 2428
3 2428 2436 2437
3 2428 2437 2429
3 2429 2437 2438
3 2429 2438 2430
3 2430 2438 2439
3 2430 2439 2431
3 2431 2439 2432
3 2431 2432 2424
3 2432 2440 2441
3 2432 2441 2433
3 2433 2441 2442
3 2433 2442 2434
3 2434 2442 2443
3 2434 2443 2435
3 2435 2443 2444
3 2435 2444 2436
3 2436 2444 2445
3 2436 2445 2437
3 2437 2445 2446
3 2437 2446 2438
3 2438 2446 2447
3 2438 2447 2439
3 2439 2447 2440
3 2439 2440 2432
3 2440 2448 2449
3 2440 2449 2441
3 2441 2449 2450
3 2441 2450 2442
3 2442 2450 2451
3 2442 2451 2443
3 2443 2451 2452
3 2443 2452 2444
3 2444 2452 2453
3 2444 2453 2445
3 2445 2453 2454
3 2445 2454 2446
3 2446 2454 2455
3 2446 2455 2447
3 2447 2455 2448
3 2447 2448 2440
3 2448 2456 2457
3 2448 2457 2449
3 2449 2457 2458
3 2449 2458 2450
3 2450 2458 2459
3 2450 2459 2451
3 2451 2459 2460
3 2451 2460 2452
3 2452 2460 2461
3 2452 2461 2453
3 2453 2461 2462
3 2453 2462 2454
3 2454 2462 2463
3 2454 2463 2455
3 2455 2463 2456
3 2455 2456 2448
3 2456 2464 2465
3 2456 2465 2457
3 2457 2465 2466
3 2457 2466 2458
3 2458 2466 2467
3 2458 2467 2459
3 2459 2467 2468
3 2459 2468 2460
3 2460 2468 2469
3 2460 2469 2461
3 2461 2469 2470
3 2461 2470 2462
3 2462 2470 2471
3 2462 2471 2463
3 2463 2471 2464
3 2463 2464 2456
3 2464 2472 2473
3 2464 2473 2465
3 2465 2473 2474
3 2465 2474 2466
3 2466 2474 2475
3 2466 2475 2467
3 2467 2475 2476
3 2467 2476 2468
3 2468 2476 2477
3 2468 2477 2469
3 2469 2477 2478
3 2469 2478 2470
3 2470 2478 2479
3 2470 2479 2471
3 2471 2479 2472
3 2471 2472 2464
3 2472 2480 2481
3 2472 2481 2473
3 2473 2481 2482
3 2473 2482 2474
3 2474 2482 2483
3 2474 2483 2475
3 2475 2483 2484
3 2475 2484 2476
3 2476 2484 2485
3 2476 2485 2477
3 2477 2485 2486
3 2477 2486 2478
3 2478 2486 2487
3 2478 2487 2479
3 2479 2487 2480
3 2479 2480 2472
3 2480 2488 2489
3 2480 2489 2481
3 2481 2489 2490
3 2481 2490 2482
3 2482 2490 2491
3 2482 2491 2483
3 2483 2491 2492
3 2483 2492 2484
3 2484 2492 2493
3 2484 2493 2485
3 2485 2493 2494
3 2485 2494 2486
3 2486 2494 2495
3 2486 2495 2487
3 2487 2495 2488
3 2487 2488 2480
3 2488 2496 2497
3 2488 2497 2489
3 2489 2497 2498
3 2489 2498 2490
3 2490 2498 2499
3 2490 2499 2491
3 2491 2499 2500
3 2491 2500 2492
3 2492 2500 2501
3 2492 2501 2493
3 2493 2501 2502
3 2493 2502 2494
3 2494 2502 2503
3 2494 2503 2495
3 2495 2503 2496
3 2495 2496 2488
3 2496 2504 2505
3 2496 2505 2497
3 2497 2505 2506
3 2497 2506 2498
3 2498 2506 2507
3 2498 2507 2499
3 2499 2507 2508
3 2499 2508 2500
3 2500 2508 2509
3 2500 2509 2501
3 2501 2509 2510
3 2501 2510 2502
3 2502 2510 2511
3 2502 2511 2503
3 2503 2511 2504
3 2503 2504 2496
3 2504 2512 2513
3 2504 2513 2505
3 2505 2513 2514
3 2505 2514 2506
3 2506 2514 2515
3 2506 2515 2507
3 2507 2515 2516
3 2507 2516 2508
3 2508 2516 2517
3 2508 2517 2509
3 2509 2517 2518
3 2509 2518 2510
3 2510 2518 2519
3 2510 2519 2511
3 2511 2519 2512
3 2511 2512 2504
3 2512 2520 2521
3 2512 2521 2513
3 2513 2521 2522
3 2513 2522 2514
3 2514 2522 2523
3 2514 2523 2515
3 2515 2523 2524
3 2515 2524 2516
3 2516 2524 2525
3 2516 2525 2517
3 2517 2525 2526
3 2517 2526 2518
3 2518 2526 2527
3 2518 2527 2519
3 2519 2527 2520
3 2519 2520 2512
3 2520 2528 2529
3 2520 2529 2521
3 2521 2529 2530
3 2521 2530 2522
3 2522 2530 2531
3 2522 2531 2523
3 2523 2531 2532
3 2523 2532 2524
3 2524 2532 2533
3 2524 2533 2525
3 2525 2533 2534
3 2525 2534 2526
3 2526 2534 2535
3 2526 2535 2527
3 2527 2535 2528
3 2527 2528 2520
3 2528 2536 2537
3 2528 2537 2529
3 2529 2537 2538
3 2529 2538 2530
3 2530 2538 2539
3 2530 2539 2531
3 2531 2539 2540
3 2531 2540 2532
3 2532 2540 2541
3 2532 2541 2533
3 2533 2541 2542
3 2533 2542 2534
3 2534 2542 2543
3 2534 2543 2535
3 2535 2543 2536
3 2535 2536 2528
3 2536 2544 2545
3 2536 2545 2537
3 2537 2545 2546
3 2537 2546 2538
3 2538 2546 2547
3 2538 2547 2539
3 2539 2547 2548
3 2539 2548 2540
3 2540 2548 2549
3 2540 2549 2541
3 2541 2549 2550
3 2541 2550 2542
3 2542 2550 2551
3 2542 2551 2543
3 2543 2551 2544
3 2543 2544 2536
3 2544 2552 2553
3 2544 2553 2545
3 2545 2553 2554
3 2545 2554 2546
3 2546 2554 2555
3 2546 2555 2547
3 2547 2555 2556
3 2547 2556 2548
3 2548 2556 2557
3 2548 2557 2549
3 2549 2557 2558
3 2549 2558 2550
3 2550 2558 2559
3 2550 2559 2551
3 2551 2559 2552
3 2551 2552 2544
3 2552 2560 2561
3 2552 2561 2553
3 2553 2561 2562
3 2553 2562 2554
3 2554 2562 2563
3 2554 2563 2555
3 2555 2563 2564
3 2555 2564 2556
3 2556 2564 2565
3 2556 2565 2557
3 2557 2565 2566
3 2557 2566 2558
3 2558 2566 2567
3 2558 2567 2559
3 2559 2567 2560
3 2559 2560 2552
3 2560 2568 2569
3 2560 2569 2561
3 2561 2569 2570
3 2561 2570 2562
3 2562 2570 2571
3 2562 2571 2563
3 2563 2571 2572
3 2563 2572 2564
3 2564 2572 2573
3 2564 2573 2565
3 2565 2573 2574
3 2565 2574 2566
3 2566 2574 2575
3 2566 2575 2567
3 2567 2575 2568
3 2567 2568 2560
3 2568 2576 2577
3 2568 2577 2569
3 2569 2577 2578
3 2569 2578 2570
3 2570 2578 2579
3 2570 2579 2571
3 2571 2579 2580
3 2571 2580 2572
3 2572 2580 2581
3 2572 2581 2573
3 2573 2581 2582
3 2573 2582 2574
3 2574 2582 2583
3 2574 2583 2575
3 2575 2583 2576
3 2575 2576 2568
3 2576 2584 2585
3 2576 2585 2577
3 2577 2585 2586
3 2577 2586 2578
3 2578 2586 2587
3 2578 2587 2579
3 2579 2587 2588
3 2579 2588 2580
3 2580 2588 2589
3 2580 2589 2581
3 2581 2589 2590
3 2581 2590 2582
3 2582 2590 2591
3 2582 2591 2583
3 2583 2591 2584
3 2583 2584 2576
3 2584 2592 2593
3 2584 2593 2585
3 2585 2593 2594
3 2585 2594 2586
3 2586 2594 2595
3 2586 2595 2587
3 2587 2595 2596
3 2587 2596 2588
3 2588 2596 2597
3 2588 2597 2589
3 2589 2597 2598
3 2589 2598 2590
3 2590 2598 2599
3 2590 2599 2591
3 2591 2599 2592
3 2591 2592 2584
3 2592 2600 2601
3 2592 2601 2593
3 2593 2601 2602
3 2593 2602 2594
3 2594 2602 2603
3 2594 2603 2595
3 2595 2603 2604
3 2595 2604 2596
3 2596 2604 2605
3 2596 2605 2597
3 2597 2605 2606
3 2597 2606 2598
3 2598 2606 2607
3 2598 2607 2599
3 2599 2607 2600
3 2599 2600 2592
3 2600 2608 2609
3 2600 2609 2601
3 2601 2609 2610
3 2601 2610 2602
3 2602 2610 2611
3 2602 2611 2603
3 2603 2611 2612
3 2603 2612 2604
3 2604 2612 2613
3 2604 2613 2605
3 2605 2613 2614
3 2605 2614 2606
3 2606 2614 2615
3 2606 2615 2607
3 2607 2615 2608
3 2607 2608 2600
3 2608 2616 2617
3 2608 2617 2609
3 2609 2617 2618
3 2609 2618 2610
3 2610 2618 2619
3 2610 2619 2611
3 2611 2619 2620
3 2611 2620 2612
3 2612 2620 2621
3 2612 2621 2613
3 2613 2621 2622
3 2613 2622 2614
3 2614 2622 2623
3 2614 2623 2615
3 2615 2623 2616
3 2615 2616 2608
3 2616 2624 2625
3 2616 2625 2617
3 2617 2625 2626
3 2617 2626 2618
3 2618 2626 2627
3 2618 2627 2619
3 2619 2627 2628
3 2619 2628 2620
3 2620 2628 2629
3 2620 2629 2621
3 2621 2629 2630
3 2621 2630 2622
3 2622 2630 2631
3 2622 2631 2623
3 2623 2631 2624
3 2623 2624 2616
3 2624 2632 2633
3 2624 2633 2625
3 2625 2633 2634
3 2625 2634 2626
3 2626 2634 2635
3 2626 2635 2627
3 2627 2635 2636
3 2627 2636 2628
3 2628 2636 2637
3 2628 2637 2629
3 2629 2637 2638
3 2629 2638 2630
3 2630 2638 2639
3 2630 2639 2631
3 2631 2639 2632
3 2631 2632 2624
3 2632 2640 2641
3 2632 2641 2633
3 2633 2641 2642
3 2633 2642 2634
3 2634 2642 2643
3 2634 2643 2635
3 2635 2643 2644
3 2635 2644 2636
3 2636 2644 2645
3 2636 2645 2637
3 2637 2645 2646
3 2637 2646 2638
3 2638 2646 2647
3 2638 2647 2639
3 2639 2647 2640
3 2639 2640 2632
3 2640 2648 2649
3 2640 2649 2641
3 2641 2649 2650
3 2641 2650 2642
3 2642 2650 2651
3 2642 2651 2643
3 2643 2651 2652
3 2643 2652 2644
3 2644 2652 2653
3 2644 2653 2645
3 2645 2653 2654
3 2645 2654 2646
3 2646 2654 2655
3 2646 2655 2647
3 2647 2655 2648
3 2647 2648 2640
3 2648 2656 2657
3 2648 2657 2649
3 2649 2657 2658
3 2649 2658 2650
3 2650 2658 2659
3 2650 2659 2651
3 2651 2659 2660
3 2651 2660 2652
3 2652 2660 2661
3 2652 2661 2653
3 2653 2661 2662
3 2653 2662 2654
3 2654 2662 2663
3 2654 2663 2655
3 2655 2663 2656
3 2655 2656 2648
3 2656 2664 2665
3 2656 2665 2657
3 2657 2665 2666
3 2657 2666 2658
3 2658 2666 2667
3 2658 2667 2659
3 2659 2667 2668
3 2659 2668 2660
3 2660 2668 2669
3 2660 2669 2661
3 2661 2669 2670
3 2661 2670 2662
3 2662 2670 2671
3 2662 2671 2663
3 2663 2671 2664
3 2663 2664 2656
3 2664 2672 2673
3 2664 2673 2665
3 2665 2673 2674
3 2665 2674 2666
3 2666 2674 2675
3 2666 2675 2667
3 2667 2675 2676
3 2667 2676 2668
3 2668 2676 2677
3 2668 2677 2669
3 2669 2677 2678
3 2669 2678 2670
3 2670 2678 2679
3 2670 2679 2671
3 2671 2679 2672
3 2671 2672 2664
3 2672 2680 2681
3 2672 2681 2673
3 2673 2681 2682
3 2673 2682 2674
3 2674 2682 2683
3 2674 2683 2675
3 2675 2683 2684
3 2675 2684 2676
3 2676 2684 2685
3 2676 2685 2677
3 2677 2685 2686
3 2677 2686 2678
3 2678 2686 2687
3 2678 2687 2679
3 2679 2687 2680
3 2679 2680 2672
3 2680 2688 2689
3 2680 2689 2681
3 2681 2689 2690
3 2681 2690 2682
3 2682 2690 2691
3 2682 2691 2683
3 2683 2691 2692
3 2683 2692 2684
3 2684 2692 2693
3 2684 2693 2685
3 2685 2693 2694
3 2685 2694 2686
3 2686 2694 2695
3 2686 2695 2687
3 2687 2695 2688
3 2687 2688 2680
3 2688 2696 2697
3 2688 2697 2689
3 2689 2697 2698
3 2689 2698 2690
3 2690 2698 2699
3 2690 2699 2691
3 2691 2699 2700
3 2691 2700 2692
3 2692 2700 2701
3 2692 2701 2693
3 2693 2701 2702
3 2693 2702 2694
3 2694 2702 2703
3 2694 2703 2695
3 2695 2703 2696
3 2695 2696 2688
3 2696 2704 2705
3 2696 2705 2697
3 2697 2705 2706
3 2697 2706 2698
3 2698 2706 2707
3 2698 2707 2699
3 2699 2707 2708
3 2699 2708 2700
3 2700 2708 2709
3 2700 2709 2701
3 2701 2709 2710
3 2701 2710 2702
3 2702 2710 2711
3 2702 2711 2703
3 2703 2711 2704
3 2703 2704 2696
3 2704 2712 2713
3 2704 2713 2705
3 2705 2713 2714
3 2705 2714 2706
3 2706 2714 2715
3 2706 2715 2707
3 2707 2715 2716
3 2707 2716 2708
3 2708 2716 2717
3 2708 2717 2709
3 2709 2717 2718
3 2709 2718 2710
3 2710 2718 2719
3 2710 2719 2711
3 2711 2719 2712
3 2711 2712 2704
3 2712 2720 2721
3 2712 2721 2713
3 2713 2721 2722
3 2713 2722 2714
3 2714 2722 2723
3 2714 2723 2715
3 2715 2723 2724
3 2715 2724 2716
3 2716 2724 2725
3 2716 2725 2717
3 2717 2725 2726
3 2717 2726 2718
3 2718 2726 2727
3 2718 2727 2719
3 2719 2727 2720
3 2719 2720 2712
3 2720 2728 2729
3 2720 2729 2721
3 2721 2729 2730
3 2721 2730 2722
3 2722 2730 2731
3 2722 2731 2723
3 2723 2731 2732
3 2723 2732 2724
3 2724 2732 2733
3 2724 2733 2725
3 2725 2733 2734
3 2725 2734 2726
3 2726 2734 2735
3 2726 2735 2727
3 2727 2735 2728
3 2727 2728 2720
3 2728 2736 2737
3 2728 2737 2729
3 2729 2737 2738
3 2729 2738 2730
3 2730 2738 2739
3 2730 2739 2731
3 2731 2739 2740
3 2731 2740 2732
3 2732 2740 2741
3 2732 2741 2733
3 2733 2741 2742
3 2733 2742 2734
3 2734 2742 2743
3 2734 2743 2735
3 2735 2743 2736
3 2735 2736 2728
3 2736 2744 2745
3 2736 2745 2737
3 2737 2745 2746
3 2737 2746 2738
3 2738 2746 2747
3 2738 2747 2739
3 2739 2747 2748
3 2739 2748 2740
3 2740 2748 2749
3 2740 2749 2741
3 2741 2749 2750
3 2741 2750 2742
3 2742 2750 2751
3 2742 2751 2743
3 2743 2751 2744
3 2743 2744 2736
3 2744 2752 2753
3 2744 2753 2745
3 2745 2753 2754
3 2745 2754 2746
3 2746 2754 2755
3 2746 2755 2747
3 2747 2755 2756
3 2747 2756 2748
3 2748 2756 2757
3 2748 2757 2749
3 2749 2757 2758
3 2749 2758 2750
3 2750 2758 2759
3 2750 2759 2751
3 2751 2759 2752
3 2751 2752 2744
3 2752 2760 2761
3 2752 2761 2753
3 2753 2761 2762
3 2753 2762 2754
3 2754 2762 2763
3 2754 2763 2755
3 2755 2763 2764
3 2755 2764 2756
3 2756 2764 2765
3 2756 2765 2757
3 2757 2765 2766
3 2757 2766 2758
3 2758 2766 2767
3 2758 2767 2759
3 2759 2767 2760
3 2759 2760 2752
3 2760 2768 2769
3 2760 2769 2761
3 2761 2769 2770
3 2761 2770 2762
3 2762 2770 2771
3 2762 2771 2763
3 2763 2771 2772
3 2763 2772 2764
3 2764 2772 2773
3 2764 2773 2765
3 2765 2773 2774
3 2765 2774 2766
3 2766 2774 2775
3 2766 2775 2767
3 2767 2775 2768
3 2767 2768 2760
3 2768 2776 2777
3 2768 2777 2769
3 2769 2777 2778
3 2769 2778 2770
3 2770 2778 2779
3 2770 2779 2771
3 2771 2779 2780
3 2771 2780 2772
3 2772 2780 2781
3 2772 2781 2773
3 2773 2781 2782
3 2773 2782 2774
3 2774 2782 2783
3 2774 2783 2775
3 2775 2783 2776
3 2775 2776 2768
3 2776 2784 2785
3 2776 2785 2777
3 2777 2785 2786
3 2777 2786 2778
3 2778 2786 2787
3 2778 2787 2779
3 2779 2787 2788
3 2779 2788 2780
3 2780 2788 2789
3 2780 2789 2781
3 2781 2789 2790
3 2781 2790 2782
3 2782 2790 2791
3 2782 2791 2783
3 2783 2791 2784
3 2783 2784 2776
3 2784 2792 2793
3 2784 2793 2785
3 2785 2793 2794
3 2785 2794 2786
3 2786 2794 2795
3 2786 2795 2787
3 2787 2795 2796
3 2787 2796 2788
3 2788 2796 2797
3 2788 2797 2789
3 2789 2797 2798
3 2789 2798 2790
3 2790 2798 2799
3 2790 2799 2791
3 2791 2799 2792
3 2791 2792 2784
3 2792 2800 2801
3 2792 2801 2793
3 2793 2801 2802
3 2793 2802 2794
3 2794 2802 2803
3 2794 2803 2795
3 2795 2803 2804
3 2795 2804 2796
3 2796 2804 2805
3 2796 2805 2797
3 2797 2805 2806
3 2797 2806 2798
3 2798 2806 2807
3 2798 2807 2799
3 2799 2807 2800
3 2799 2800 2792
3 2800 2808 2809
3 2800 2809 2801
3 2801 2809 2810
3 2801 2810 2802
3 2802 2810 2811
3 2802 2811 2803
3 2803 2811 2812
3 2803 2812 2804
3 2804 2812 2813
3 2804 2813 2805
3 2805 2813 2814
3 2805 2814 2806
3 2806 2814 2815
3 2806 2815 2807
3 2807 2815 2808
3 2807 2808 2800
3 2808 2816 2817
3 2808 2817 2809
3 2809 2817 2818
3 2809 2818 2810
3 2810 2818 2819
3 2810 2819 2811
3 2811 2819 2820
3 2811 2820 2812
3 2812 2820 2821
3 2812 2821 2813
3 2813 2821 2822
3 2813 2822 2814
3 2814 2822 2823
3 2814 2823 2815
3 2815 2823 2816
3 2815 2816 2808
3 2816 2824 2825
3 2816 2825 2817
3 2817 2825 2826
3 2817 2826 2818
3 2818 2826 2827
3 2818 2827 2819
3 2819 2827 2828
3 2819 2828 2820
3 2820 2828 2829
3 2820 2829 2821
3 2821 2829 2830
3 2821 2830 2822
3 2822 2830 2831
3 2822 2831 2823
3 2823 2831 2824
3 2823 2824 2816
3 2824 2832 2833
3 2824 2833 2825
3 2825 2833 2834
3 2825 2834 2826
3 2826 2834 2835
3 2826 2835 2827
3 2827 2835 2836
3 2827 2836 2828
3 2828 2836 2837
3 2828 2837 2829
3 2829 2837 2838
3 2829 2838 2830
3 2830 2838 2839
3 2830 2839 2831
3 2831 2839 2832
3 2831 2832 2824
3 2832 2840 2841
3 2832 2841 2833
3 2833 2841 2842
3 2833 2842 2834
3 2834 2842 2843
3 2834 2843 2835
3 2835 2843 2844
3 2835 2844 2836
3 2836 2844 2845
3 2836 2845 2837
3 2837 2845 2846
3 2837 2846 2838
3 2838 2846 2847
3 2838 2847 2839
3 2839 2847 2840
3 2839 2840 2832
3 2840 2848 2849
3 2840 2849 2841
3 2841 2849 2850
3 2841 2850 2842
3 2842 2850 2851
3 2842 2851 2843
3 2843 2851 2852
3 2843 2852 2844
3 2844 2852 2853
3 2844 2853 2845
3 2845 2853 2854
3 2845 2854 2846
3 2846 2854 2855
3 2846 2855 2847
3 2847 2855 2848
3 2847 2848 2840
3 2848 2856 2857
3 2848 2857 2849
3 2849 2857 2858
3 2849 2858 2850
3 2850 2858 2859
3 2850 2859 2851
3 2851 2859 2860
3 2851 2860 2852
3 2852 2860 2861
3 2852 2861 2853
3 2853 2861 2862
3 2853 2862 2854
3 2854 2862 2863
3 2854 2863 2855
3 2855 2863 2856
3 2855 2856 2848
3 2856 2864 2865
3 2856 2865 2857
3 2857 2865 2866
3 2857 2866 2858
3 2858 2866 2867
3 2858 2867 2859
3 2859 2867 2868
3 2859 2868 2860
3 2860 2868 2869
3 2860 2869 2861
3 2861 2869 2870
3 2861 2870 2862
3 2862 2870 2871
3 2862 2871 2863
3 2863 2871 2864
3 2863 2864 2856
3 2864 2872 2873
3 2864 2873 2865
3 2865 2873 2874
3 2865 2874 2866
3 2866 2874 2875
3 2866 2875 2867
3 2867 2875 2876
3 2867 2876 2868
3 2868 2876 2877
3 2868 2877 2869
3 2869 2877 2878
3 2869 2878 2870
3 2870 2878 2879
3 2870 2879 2871
3 2871 2879 2872
3 2871 2872 2864
3 2872 2880 2881
3 2872 2881 2873
3 2873 2881 2882
3 2873 2882 2874
3 2874 2882 2883
3 2874 2883 2875
3 2875 2883 2884
3 2875 2884 2876
3 2876 2884 2885
3 2876 2885 2877
3 2877 2885 2886
3 2877 2886 2878
3 2878 2886 2887
3 2878 2887 2879
3 2879 2887 2880
3 2879 2880 2872
3 2880 2888 2889
3 2880 2889 2881
3 2881 2889 2890
3 2881 2890 2882
3 2882 2890 2891
3 2882 2891 2883
3 2883 2891 2892
3 2883 2892 2884
3 2884 2892 2893
3 2884 2893 2885
3 2885 2893 2894
3 2885 2894 2886
3 2886 2894 2895
3 2886 2895 2887
3 2887 2895 2888
3 2887 2888 2880
3 2888 2896 2897
3 2888 2897 2889
3 2889 2897 2898
3 2889 2898 2890
3 2890 2898 2899
3 2890 2899 2891
3 2891 2899 2900
3 2891 2900 2892
3 2892 2900 2901
3 2892 2901 2893
3 2893 2901 2902
3 2893 2902 2894
3 2894 2902 2903
3 2894 2903 2895
3 2895 2903 2896
3 2895 2896 2888
3 2896 2904 2905
3 2896 2905 2897
3 2897 2905 2906
3 2897 2906 2898
3 2898 2906 2907
3 2898 2907 2899
3 2899 2907 2908
3 2899 2908 2900
3 2900 2908 2909
3 2900 2909 2901
3 2901 2909 2910
3 2901 2910 2902
3 2902 2910 2911
3 2902 2911 2903
3 2903 2911 2904
3 2903 2904 2896
3 2904 2912 2913
3 2904 2913 2905
3 2905 2913 2914
3 2905 2914 2906
3 2906 2914 2915
3 2906 2915 2907
3 2907 2915 2916
3 2907 2916 2908
3 2908 2916 2917
3 2908 2917 2909
3 2909 2917 2918
3 2909 2918 2910
3 2910 2918 2919
3 2910 2919 2911
3 2911 2919 2912
3 2911 2912 2904
3 2912 2920 2921
3 2912 2921 2913
3 2913 2921 2922
3 2913 2922 2914
3 2914 2922 2923
3 2914 2923 2915
3 2915 2923 2924
3 2915 2924 2916
3 2916 2924 2925
3 2916 2925 2917
3 2917 2925 2926
3 2917 2926 2918
3 2918 2926 2927
3 2918 2927 2919
3 2919 2927 2920
3 2919 2920 2912
3 2920 2928 2929
3 2920 2929 2921
3 2921 2929 2930
3 2921 2930 2922
3 2922 2930 2931
3 2922 2931 2923
3 2923 2931 2932
3 2923 2932 2924
3 2924 2932 2933
3 2924 2933 2925
3 2925 2933 2934
3 2925 2934 2926
3 2926 2934 2935
3 2926 2935 2927
3 2927 2935 2928
3 2927 2928 2920
3 2928 2936 2937
3 2928 2937 2929
3 2929 2937 2938
3 2929 2938 2930
3 2930 2938 2939
3 2930 2939 2931
3 2931 2939 2940
3 2931 2940 2932
3 2932 2940 2941
3 2932 2941 2933
3 2933 2941 2942
3 2933 2942 2934
3 2934 2942 2943
3 2934 2943 2935
3 2935 2943 2936
3 2935 2936 2928
3 2936 2944 2945
3 2936 2945 2937
3 2937 2945 2946
3 2937 2946 2938
3 2938 2946 2947
3 2938 2947 2939
3 2939 2947 2948
3 2939 2948 2940
3 2940 2948 2949
3 2940 2949 2941
3 2941 2949 2950
3 2941 2950 2942
3 2942 2950 2951
3 2942 2951 2943
3 2943 2951 2944
3 2943 2944 2936
3 2944 2952 2953
3 2944 2953 2945
3 2945 2953 2954
3 2945 2954 2946
3 2946 2954 2955
3 2946 2955 2947
3 2947 2955 2956
3 2947 2956 2948
3 2948 2956 2957
3 2948 2957 2949
3 2949 2957 2958
3 2949 2958 2950
3 2950 2958 2959
3 2950 2959 2951
3 2951 2959 2952
3 2951 2952 2944
3 2952 2960 2961
3 2952 2961 2953
3 2953 2961 2962
3 2953 2962 2954
3 2954 2962 2963
3 2954 2963 2955
3 2955 2963 2964
3 2955 2964 2956
3 2956 2964 2965
3 2956 2965 2957
3 2957 2965 2966
3 2957 2966 2958
3 2958 2966 2967
3 2958 2967 2959
3 2959 2967 2960
3 2959 2960 2952
3 2960 2968 2969
3 2960 2969 2961
3 2961 2969 2970
3 2961 2970 2962
3 2962 2970 2971
3 2962 2971 2963
3 2963 2971 2972
3 2963 2972 2964
3 2964 2972 2973
3 2964 2973 2965
3 2965 2973 2974
3 2965 2974 2966
3 2966 2974 2975
3 2966 2975 2967
3 2967 2975 2968
3 2967 2968 2960
3 2968 2976 2977
3 2968 2977 2969
3 2969 2977 2978
3 2969 2978 2970
3 2970 2978 2979
3 2970 2979 2971
3 2971 2979 2980
3 2971 2980 2972
3 2972 2980 2981
3 2972 2981 2973
3 2973 2981 2982
3 2973 2982 2974
3 2974 2982 2983
3 2974 2983 2975
3 2975 2983 2976
3 2975 2976 2968
3 2976 2984 2985
3 2976 2985 2977
3 2977 2985 2986
3 2977 2986 2978
3 2978 2986 2987
3 2978 2987 2979
3 2979 2987 2988
3 2979 2988 2980
3 2980 2988 2989
3 2980 2989 2981
3 2981 2989 2990
3 2981 2990 2982
3 2982 2990 2991
3 2982 2991 2983
3 2983 2991 2984
3 2983 2984 2976
3 2984 2992 2993
3 2984 2993 2985
3 2985 2993 2994
3 2985 2994 2986
3 2986 2994 2995
3 2986 2995 2987
3 2987 2995 2996
3 2987 2996 2988
3 2988 2996 2997
3 2988 2997 2989
3 2989 2997 2998
3 2989 2998 2990
3 2990 2998 2999
3 2990 2999 2991
3 2991 2999 2992
3 2991 2992 2984
3 2992 3000 3001
3 2992 3001 2993
3 2993 3001 3002
3 2993 3002 2994
3 2994 3002 3003
3 2994 3003 2995
3 2995 3003 3004
3 2995 3004 2996
3 2996 3004 3005
3 2996 3005 2997
3 2997 3005 3006
3 2997 3006 2998
3 2998 3006 3007
3 2998 3007 2999
3 2999 3007 3000
3 2999 3000 2992
3 3000 3008 3009
3 3000 3009 3001
3 3001 3009 3010
3 3001 3010 3002
3 3002 3010 3011
3 3002 3011 3003
3 3003 3011 3012
3 3003 3012 3004
3 3004 3012 3013
3 3004 3013 3005
3 3005 3013 3014
3 3005 3014 3006
3 3006 3014 3015
3 3006 3015 3007
3 3007 3015 3008
3 3007 3008 3000
3 3008 3016 3017
3 3008 3017 3009
3 3009 3017 3018
3 3009 3018 3010
3 3010 3018 3019
3 3010 3019 3011
3 3011 3019 3020
3 3011 3020 3012
3 3012 3020 3021
3 3012 3021 3013
3 3013 3021 3022
3 3013 3022 3014
3 3014 3022 3023
3 3014 3023 3015
3 3015 3023 3016
3 3015 3016 3008
3 3016 3024 3025
3 3016 3025 3017
3 3017 3025 3026
3 3017 3026 3018
3 3018 3026 3027
3 3018 3027 3019
3 3019 3027 3028
3 3019 3028 3020
3 3020 3028 3029
3 3020 3029 3021
3 3021 3029 3030
3 3021 3030 3022
3 3022 3030 3031
3 3022 3031 3023
3 3023 3031 3024
3 3023 3024 3016
3 3024 3032 3033
3 3024 3033 3025
3 3025 3033 3034
3 3025 3034 3026
3 3026 3034 3035
3 3026 3035 3027
3 3027 3035 3036
3 3027 3036 3028
3 3028 3036 3037
3 3028 3037 3029
3 3029 3037 3038
3 3029 3038 3030
3 3030 3038 3039
3 3030 3039 3031
3 3031 3039 3032
3 3031 3032 3024
3 3032 3040 3041
3 3032 3041 3033
3 3033 3041 3042
3 3033 3042 3034
3 3034 3042 3043
3 3034 3043 3035
3 3035 3043 3044
3 3035 3044 3036
3 3036 3044 3045
3 3036 3045 3037
3 3037 3045 3046
3 3037 3046 3038
3 3038 3046 3047
3 3038 3047 3039
3 3039 3047 3040
3 3039 3040 3032
3 3040 3048 3049
3 3040 3049 3041
3 3041 3049 3050
3 3041 3050 3042
3 3042 3050 3051
3 3042 3051 3043
3 3043 3051 3052
3 3043 3052 3044
3 3044 3052 3053
3 3044 3053 3045
3 3045 3053 3054
3 3045 3054 3046
3 3046 3054 3055
3 3046 3055 3047
3 3047 3055 3048
3 3047 3048 3040
3 3048 3056 3057
3 3048 3057 3049
3 3049 3057 3058
3 3049 3058 3050
3 3050 3058 3059
3 3050 3059 3051
3 3051 3059 3060
3 3051 3060 3052
3 3052 3060 3061
3 3052 3061 3053
3 3053 3061 3062
3 3053 3062 3054
3 3054 3062 3063
3 3054 3063 3055
3 3055 3063 3056
3 3055 3056 3048
3 3056 3064 3065
3 3056 3065 3057
3 3057 3065 3066
3 3057 3066 3058
3 3058 3066 3067
3 3058 3067 3059
3 3059 3067 3068
3 3059 3068 3060
3 3060 3068 3069
3 3060 3069 3061
3 3061 3069 3070
3 3061 3070 3062
3 3062 3070 3071
3 3062 3071 3063
3 3063 3071 3064
3 3063 3064 3056
3 3064 3072 3073
3 3064 3073 3065
3 3065 3073 3074
3 3065 3074 3066
3 3066 3074 3075
3 3066 3075 3067
3 3067 3075 3076
3 3067 3076 3068
3 3068 3076 3077
3 3068 3077 3069
3 3069 3077 3078
3 3069 3078 3070
3 3070 3078 3079
3 3070 3079 3071
3 3071 3079 3072
3 3071 3072 3064
3 3072 3080 3081
3 3072 3081 3073
3 3073 3081 3082
3 3073 3082 3074
3 3074 3082 3083
3 3074 3083 3075
3 3075 3083 3084
3 3075 3084 3076
3 3076 3084 3085
3 3076 3085 3077
3 3077 3085 3086
3 3077 3086 3078
3 3078 3086 3087
3 3078 3087 3079
3 3079 3087 3080
3 3079 3080 3072
3 3080 3088 3089
3 3080 3089 3081
3 3081 3089 3090
3 3081 3090 3082
3 3082 3090 3091
3 3082 3091 3083
3 3083 3091 3092
3 3083 3092 3084
3 3084 3092 3093
3 3084 3093 3085
3 3085 3093 3094
3 3085 3094 3086
3 3086 3094 3095
3 3086 3095 3087
3 3087 3095 3088
3 3087 3088 3080
3 3088 3096 3097
3 3088 3097 3089
3 3089 3097 3098
3 3089 3098 3090
3 3090 3098 3099
3 3090 3099 3091
3 3091 3099 3100
3 3091 3100 3092
3 3092 3100 3101
3 3092 3101 3093
3 3093 3101 3102
3 3093 3102 3094
3 3094 3102 3103
3 3094 3103 3095
3 3095 3103 3096
3 3095 3096 3088
3 3096 3104 3105
3 3096 3105 3097
3 3097 3105 3106
3 3097 3106 3098
3 3098 3106 3107
3 3098 3107 3099
3 3099 3107 3108
3 3099 3108 3100
3 3100 3108 3109
3 3100 3109 3101
3 3101 3109 3110
3 3101 3110 3102
3 3102 3110 3111
3 3102 3111 3103
3 3103 3111 3104
3 3103 3104 3096
3 3104 3112 3113
3 3104 3113 3105
3 3105 3113 3114
3 3105 3114 3106
3 3106 3114 3115
3 3106 3115 3107
3 3107 3115 3116
3 3107 3116 3108
3 3108 3116 3117
3 3108 3117 3109
3 3109 3117 3118
3 3109 3118 3110
3 3110 3118 3119
3 3110 3119 3111
3 3111 3119 3112
3 3111 3112 3104
3 3112 3120 3121
3 3112 3121 3113
3 3113 3121 3122
3 3113 3122 3114
3 3114 3122 3123
3 3114 3123 3115
3 3115 3123 3124
3 3115 3124 3116
3 3116 3124 3125
3 3116 3125 3117
3 3117 3125 3126
3 3117 3126 3118
3 3118 3126 3127
3 3118 3127 3119
3 3119 3127 3120
3 3119 3120 3112
3 3120 3128 3129
3 3120 3129 3121
3 3121 3129 3130
3 3121 3130 3122
3 3122 3130 3131
3 3122 3131 3123
3 3123 3131 3132
3 3123 3132 3124
3 3124 3132 3133
3 3124 3133 3125
3 3125 3133 3134
3 3125 3134 3126
3 3126 3134 3135
3 3126 3135 3127
3 3127 3135 3128
3 3127 3128 3120
3 3128 3136 3137
3 3128 3137 3129
3 3129 3137 3138
3 3129 3138 3130
3 3130 3138 3139
3 3130 3139 3131
3 3131 3139 3140
3 3131 3140 3132
3 3132 3140 3141
3 3132 3141 3133
3 3133 3141 3142
3 3133 3142 3134
3 3134 3142 3143
3 3134 3143 3135
3 3135 3143 3136
3 3135 3136 3128
3 3136 3144 3145
3 3136 3145 3137
3 3137 3145 3146
3 3137 3146 3138
3 3138 3146 3147
3 3138 3147 3139
3 3139 3147 3148
3 3139 3148 3140
3 3140 3148 3149
3 3140 3149 3141
3 3141 3149 3150
3 3141 3150 3142
3 3142 3150 3151
3 3142 3151 3143
3 3143 3151 3144
3 3143 3144 3136
3 3144 3152 3153
3 3144 3153 3145
3 3145 3153 3154
3 3145 3154 3146
3 3146 3154 3155
3 3146 3155 3147
3 3147 3155 3156
3 3147 3156 3148
3 3148 3156 3157
3 3148 3157 3149
3 3149 3157 3158
3 3149 3158 3150
3 3150 3158 3159
3 3150 3159 3151
3 3151 3159 3152
3 3151 3152 3144
3 3152 3160 3161
3 3152 3161 3153
3 3153 3161 3162
3 3153 3162 3154
3 3154 3162 3163
3 3154 3163 3155
3 3155 3163 3164
3 3155 3164 3156
3 3156 3164 3165
3 3156 3165 3157
3 3157 3165 3166
3 3157 3166 3158
3 3158 3166 3167
3 3158 3167 3159
3 3159 3167 3160
3 3159 3160 3152
3 3160 3168 3169
3 3160 3169 3161
3 3161 3169 3170
3 3161 3170 3162
3 3162 3170 3171
3 3162 3171 3163
3 3163 3171 3172
3 3163 3172 3164
3 3164 3172 3173
3 3164 3173 3165
3 3165 3173 3174
3 3165 3174 3166
3 3166 3174 3175
3 3166 3175 3167
3 3167 3175 3168
3 3167 3168 3160
3 3168 3176 3177
3 3168 3177 3169
3 3169 3177 3178
3 3169 3178 3170
3 3170 3178 3179
3 3170 3179 3171
3 3171 3179 3180
3 3171 3180 3172
3 3172 3180 3181
3 3172 3181 3173
3 3173 3181 3182
3 3173 3182 3174
3 3174 3182 3183
3 3174 3183 3175
3 3175 3183 3176
3 3175 3176 3168
3 3176 3184 3185
3 3176 3185 3177
3 3177 3185 3186
3 3177 3186 3178
3 3178 3186 3187
3 3178 3187 3179
3 3179 3187 3188
3 3179 3188 3180
3 3180 3188 3189
3 3180 3189 3181
3 3181 3189 3190
3 3181 3190 3182
3 3182 3190 3191
3 3182 3191 3183
3 3183 3191 3184
3 3183 3184 3176
3 3184 3192 3193
3 3184 3193 3185
3 3185 3193 3194
3 3185 3194 3186
3 3186 3194 3195
3 3186 3195 3187
3 3187 3195 3196
3 3187 3196 3188
3 3188 3196 3197
3 3188 3197 3189
3 3189 3197 3198
3 3189 3198 3190
3 3190 3198 3199
3 3190 3199 3191
3 3191 3199 3192
3 3191 3192 3184
