ply
format ascii 1.0
element vertex 3600
property float x
property float y
property float z
element face 7176
property list uchar int vertex_indices
end_header
1.57984 0.00756 -2.00000
1.55532 0.01671 -2.08942
1.48918 0.02138 -2.15489
1.39915 0.02032 -2.17885
1.30934 0.01382 -2.15489
1.24383 0.00361 -2.08942
1.22016 -0.00756 -2.00000
1.24468 -0.01671 -1.91058
1.31082 -0.02138 -1.84511
1.40085 -0.02032 -1.82115
1.49066 -0.01382 -1.84511
1.55617 -0.00361 -1.91058
1.57363 0.14017 -1.98662
1.54843 0.14723 -2.07605
1.48213 0.14633 -2.14151
1.39250 0.13772 -2.16547
1.30356 0.12370 -2.14151
1.23913 0.10803 -2.07605
1.21649 0.09490 -1.98662
1.24169 0.08785 -1.89720
1.30799 0.08875 -1.83174
1.39761 0.09736 -1.80777
1.48656 0.11138 -1.83174
1.55098 0.12705 -1.89720
1.55630 0.27180 -1.97324
1.53060 0.27671 -2.06267
1.46461 0.27025 -2.12813
1.37602 0.25414 -2.15209
1.28857 0.23270 -2.12813
1.22569 0.21168 -2.06267
1.20422 0.19670 -1.97324
1.22993 0.19179 -1.88382
1.29592 0.19825 -1.81836
1.38451 0.21436 -1.79440
1.47196 0.23580 -1.81836
1.53484 0.25682 -1.88382
1.52799 0.40150 -1.95987
1.50196 0.40424 -2.04929
1.43675 0.39226 -2.11475
1.34983 0.36877 -2.13871
1.26448 0.34006 -2.11475
1.20359 0.31384 -2.04929
1.18346 0.29711 -1.95987
1.20948 0.29437 -1.87044
1.27470 0.30635 -1.80498
1.36162 0.32984 -1.78102
1.44696 0.35855 -1.80498
1.50786 0.38478 -1.87044
1.48889 0.52837 -1.94649
1.46272 0.52891 -2.03591
1.39874 0.51150 -2.10137
1.31410 0.48079 -2.12534
1.23147 0.44503 -2.10137
1.17299 0.41378 -2.03591
1.15433 0.39542 -1.94649
1.18050 0.39488 -1.85706
1.24448 0.41229 -1.79160
1.32912 0.44299 -1.76764
1.41175 0.47876 -1.79160
1.47023 0.51001 -1.85706
1.43927 0.65151 -1.93311
1.41315 0.64985 -2.02253
1.35086 0.62713 -2.08800
1.26909 0.58943 -2.11196
1.18976 0.54685 -2.08800
1.13411 0.51080 -2.02253
1.11706 0.49094 -1.93311
1.14318 0.49259 -1.84369
1.20547 0.51532 -1.77822
1.28724 0.55302 -1.75426
1.36657 0.59560 -1.77822
1.42222 0.63165 -1.84369
1.37949 0.77004 -1.91973
1.35360 0.76620 -2.00916
1.29344 0.73833 -2.07462
1.21513 0.69389 -2.09858
1.13964 0.64480 -2.07462
1.08722 0.60421 -2.00916
1.07190 0.58299 -1.91973
1.09779 0.58683 -1.83031
1.15795 0.61471 -1.76485
1.23626 0.65914 -1.74089
1.31174 0.70823 -1.76485
1.36417 0.74882 -1.83031
1.30997 0.88314 -1.90635
1.28449 0.87714 -1.99578
1.22689 0.84431 -2.06124
1.15258 0.79346 -2.08520
1.08149 0.73821 -2.06124
1.03265 0.69336 -1.99578
1.01917 0.67093 -1.90635
1.04464 0.67693 -1.81693
1.10225 0.70975 -1.75147
1.17656 0.76061 -1.72751
1.24765 0.81586 -1.75147
1.29648 0.86071 -1.81693
1.23120 0.99000 -1.89298
1.20632 0.98188 -1.98240
1.15167 0.94434 -2.04786
1.08189 0.88743 -2.07182
1.01569 0.82640 -2.04786
0.97080 0.77761 -1.98240
0.95924 0.75412 -1.89298
0.98412 0.76224 -1.80355
1.03877 0.79979 -1.73809
1.10854 0.85670 -1.71413
1.17475 0.91773 -1.73809
1.21964 0.96652 -1.80355
1.14373 1.08988 -1.87960
1.11962 1.07970 -1.96902
1.06832 1.03770 -2.03449
1.00357 0.97513 -2.05845
0.94272 0.90876 -2.03449
0.90208 0.85637 -1.96902
0.89254 0.83200 -1.87960
0.91665 0.84218 -1.79017
0.96795 0.88418 -1.72471
1.03270 0.94675 -1.70075
1.09355 1.01312 -1.72471
1.13419 1.06551 -1.79017
1.04819 1.18205 -1.86622
1.02502 1.16989 -1.95564
0.97742 1.12373 -2.02111
0.91816 1.05594 -2.04507
0.86310 0.98470 -2.02111
0.82700 0.92908 -1.95564
0.81954 0.90399 -1.86622
0.84271 0.91616 -1.77680
0.89030 0.96232 -1.71133
0.94957 1.03011 -1.68737
1.00463 1.10135 -1.71133
1.04073 1.15697 -1.77680
0.94525 1.26588 -1.85284
0.92318 1.25181 -1.94227
0.87963 1.20182 -2.00773
0.82626 1.12930 -2.03169
0.77738 1.05368 -2.00773
0.74608 0.99523 -1.94227
0.74075 0.96961 -1.85284
0.76281 0.98368 -1.76342
0.80637 1.03367 -1.69796
0.85974 1.10619 -1.67400
0.90862 1.18181 -1.69796
0.93992 1.24026 -1.76342
0.83563 1.34077 -1.83946
0.81482 1.32490 -1.92889
0.77562 1.27143 -1.99435
0.72853 1.19468 -2.01831
0.68617 1.11523 -1.99435
0.65989 1.05436 -1.92889
0.65673 1.02838 -1.83946
0.67753 1.04425 -1.75004
0.71674 1.09772 -1.68458
0.76383 1.17447 -1.66062
0.80619 1.25392 -1.68458
0.83247 1.31479 -1.75004
0.72011 1.40620 -1.82609
0.70071 1.38863 -1.91551
0.66614 1.33206 -1.98097
0.62566 1.25163 -2.00493
0.59011 1.16890 -1.98097
0.56904 1.10604 -1.91551
0.56807 1.07988 -1.82609
0.58747 1.09745 -1.73666
0.62204 1.15402 -1.67120
0.66253 1.23445 -1.64724
0.69807 1.31718 -1.67120
0.71915 1.38004 -1.73666
0.59951 1.46169 -1.81271
0.58165 1.44256 -1.90213
0.55195 1.38328 -1.96760
0.51836 1.29974 -1.99156
0.48989 1.21432 -1.96760
0.47417 1.14991 -1.90213
0.47540 1.12376 -1.81271
0.49326 1.14289 -1.72329
0.52296 1.20217 -1.65782
0.55655 1.28571 -1.63386
0.58502 1.37114 -1.65782
0.60074 1.43555 -1.72329
0.47468 1.50686 -1.79933
0.45849 1.48630 -1.88875
0.43387 1.42474 -1.95422
0.40741 1.33867 -1.97818
0.38621 1.25116 -1.95422
0.37595 1.18565 -1.88875
0.37937 1.15971 -1.79933
0.39556 1.18027 -1.70991
0.42018 1.24183 -1.64444
0.44664 1.32790 -1.62048
0.46783 1.41541 -1.64444
0.47810 1.48092 -1.70991
0.34649 1.54140 -1.78595
0.33208 1.51955 -1.87538
0.31272 1.45613 -1.94084
0.29358 1.36815 -1.96480
0.27981 1.27917 -1.94084
0.27508 1.21303 -1.87538
0.28067 1.18746 -1.78595
0.29507 1.20931 -1.69653
0.31444 1.27273 -1.63107
0.33357 1.36071 -1.60711
0.34735 1.44969 -1.63107
0.35208 1.51583 -1.69653
0.21585 1.56504 -1.77258
0.20333 1.54206 -1.86200
0.18936 1.47725 -1.92746
0.17768 1.38797 -1.95142
0.17142 1.29814 -1.92746
0.17226 1.23184 -1.86200
0.17998 1.20684 -1.77258
0.19250 1.22982 -1.68315
0.20647 1.29463 -1.61769
0.21815 1.38391 -1.59373
0.22441 1.47374 -1.61769
0.22357 1.54004 -1.68315
0.08370 1.57764 -1.75920
0.07315 1.55369 -1.84862
0.06467 1.48793 -1.91408
0.06052 1.39798 -1.93804
0.06183 1.30795 -1.91408
0.06823 1.24196 -1.84862
0.07802 1.21769 -1.75920
0.08857 1.24164 -1.66977
0.09705 1.30740 -1.60431
0.10119 1.39734 -1.58035
0.09989 1.48737 -1.60431
0.09348 1.55337 -1.66977
-0.04905 1.57910 -1.74582
-0.05755 1.55434 -1.83524
-0.06048 1.48811 -1.90071
-0.05706 1.39813 -1.92467
-0.04820 1.30852 -1.90071
-0.03628 1.24330 -1.83524
-0.02449 1.21994 -1.74582
-0.01599 1.24469 -1.65640
-0.01306 1.31093 -1.59093
-0.01648 1.40090 -1.56697
-0.02534 1.49051 -1.59093
-0.03726 1.55573 -1.65640
-0.18146 1.56940 -1.73244
-0.18785 1.54402 -1.82187
-0.18521 1.47777 -1.88733
-0.17424 1.38840 -1.91129
-0.15789 1.29986 -1.88733
-0.14053 1.23587 -1.82187
-0.12682 1.21357 -1.73244
-0.12043 1.23895 -1.64302
-0.12307 1.30520 -1.57756
-0.13404 1.39458 -1.55359
-0.15039 1.48312 -1.57756
-0.16775 1.54711 -1.64302
-0.31258 1.54863 -1.71906
-0.31682 1.52280 -1.80849
-0.30862 1.45701 -1.87395
-0.29019 1.36887 -1.89791
-0.26646 1.28201 -1.87395
-0.24380 1.21970 -1.80849
-0.22826 1.19864 -1.71906
-0.22402 1.22447 -1.62964
-0.23222 1.29026 -1.56418
-0.25065 1.37840 -1.54022
-0.27438 1.46526 -1.56418
-0.29704 1.52757 -1.62964
-0.44149 1.51692 -1.70569
-0.44355 1.49083 -1.79511
-0.42986 1.42595 -1.86057
-0.40409 1.33967 -1.88453
-0.37316 1.25512 -1.86057
-0.34534 1.19493 -1.79511
-0.32809 1.17525 -1.70569
-0.32604 1.20134 -1.61626
-0.33973 1.26621 -1.55080
-0.36549 1.35249 -1.52684
-0.39643 1.43705 -1.55080
-0.42425 1.49723 -1.61626
-0.56729 1.47450 -1.69231
-0.56715 1.44832 -1.78173
-0.54806 1.38483 -1.84719
-0.51514 1.30102 -1.87116
-0.47722 1.21935 -1.84719
-0.44444 1.16172 -1.78173
-0.42560 1.14355 -1.69231
-0.42575 1.16972 -1.60288
-0.44483 1.23322 -1.53742
-0.47775 1.31703 -1.51346
-0.51568 1.39869 -1.53742
-0.54845 1.45633 -1.60288
-0.68908 1.42166 -1.67893
-0.68674 1.39559 -1.76835
-0.66239 1.33392 -1.83382
-0.62255 1.25317 -1.85778
-0.57790 1.17498 -1.83382
-0.54041 1.12030 -1.76835
-0.52011 1.10378 -1.67893
-0.52245 1.12985 -1.58951
-0.54680 1.19152 -1.52404
-0.58664 1.27227 -1.50008
-0.63129 1.35046 -1.52404
-0.66878 1.40514 -1.58951
-0.80601 1.35879 -1.66555
-0.80149 1.33301 -1.75498
-0.77204 1.27360 -1.82044
-0.72557 1.19648 -1.84440
-0.67451 1.12232 -1.82044
-0.63256 1.07098 -1.75498
-0.61094 1.05622 -1.66555
-0.61546 1.08199 -1.57613
-0.64491 1.14140 -1.51067
-0.69138 1.21852 -1.48670
-0.74244 1.29269 -1.51067
-0.78439 1.34403 -1.57613
-0.91724 1.28632 -1.65217
-0.91057 1.26101 -1.74160
-0.87625 1.20429 -1.80706
-0.82346 1.13134 -1.83102
-0.76636 1.06172 -1.80706
-0.72024 1.01409 -1.74160
-0.69746 1.00119 -1.65217
-0.70413 1.02650 -1.56275
-0.73846 1.08323 -1.49729
-0.79124 1.15617 -1.47333
-0.84835 1.22579 -1.49729
-0.89447 1.27343 -1.56275
-1.02200 1.20477 -1.63880
-1.01323 1.18011 -1.72822
-0.97426 1.12647 -1.79368
-0.91554 1.05821 -1.81764
-0.85279 0.99363 -1.79368
-0.80284 0.95004 -1.72822
-0.77906 0.93910 -1.63880
-0.78783 0.96376 -1.54937
-0.82680 1.01741 -1.48391
-0.88552 1.08566 -1.45995
-0.94827 1.15024 -1.48391
-0.99822 1.19384 -1.54937
-1.11954 1.11471 -1.62542
-1.10873 1.09088 -1.71484
-1.06540 1.04069 -1.78030
-1.00115 0.97761 -1.80427
-0.93320 0.91853 -1.78030
-0.87976 0.87928 -1.71484
-0.85515 0.87038 -1.62542
-0.86596 0.89422 -1.53599
-0.90929 0.94440 -1.47053
-0.97354 1.00748 -1.44657
-1.04149 1.06656 -1.47053
-1.09493 1.10581 -1.53599
-1.20918 1.01678 -1.61204
-1.19640 0.99394 -1.70146
-1.14901 0.94757 -1.76693
-1.07969 0.89011 -1.79089
-1.00702 0.83694 -1.76693
-0.95048 0.80231 -1.70146
-0.92521 0.79551 -1.61204
-0.93798 0.81835 -1.52262
-0.98537 0.86472 -1.45715
-1.05469 0.92219 -1.43319
-1.12736 0.97536 -1.45715
-1.18390 1.00998 -1.52262
-1.29027 0.91168 -1.59866
-1.27563 0.88998 -1.68809
-1.22451 0.84776 -1.75355
-1.15061 0.79631 -1.77751
-1.07374 0.74943 -1.75355
-1.01448 0.71968 -1.68809
-0.98873 0.71502 -1.59866
-1.00337 0.73672 -1.50924
-1.05449 0.77894 -1.44378
-1.12839 0.83039 -1.41981
-1.20527 0.87727 -1.44378
-1.26452 0.90702 -1.50924
-1.36226 0.80013 -1.58528
-1.34584 0.77974 -1.67471
-1.29136 0.74196 -1.74017
-1.21340 0.69690 -1.76413
-1.13287 0.65664 -1.74017
-1.07132 0.63197 -1.67471
-1.04527 0.62949 -1.58528
-1.06168 0.64987 -1.49586
-1.11617 0.68766 -1.43040
-1.19412 0.73272 -1.40644
-1.27466 0.77298 -1.43040
-1.33620 0.79765 -1.49586
-1.42463 0.68293 -1.57191
-1.40656 0.66400 -1.66133
-1.34909 0.63092 -1.72679
-1.26763 0.59257 -1.75075
-1.18400 0.55921 -1.72679
-1.12060 0.53979 -1.66133
-1.09443 0.53951 -1.57191
-1.11250 0.55844 -1.48248
-1.16996 0.59152 -1.41702
-1.25142 0.62988 -1.39306
-1.33506 0.66323 -1.41702
-1.39846 0.68265 -1.48248
-1.47693 0.56091 -1.55853
-1.45734 0.54356 -1.64795
-1.39730 0.51543 -1.71341
-1.31290 0.48405 -1.73738
-1.22676 0.45783 -1.71341
-1.16196 0.44380 -1.64795
-1.13586 0.44572 -1.55853
-1.15545 0.46307 -1.46910
-1.21549 0.49120 -1.40364
-1.29989 0.52259 -1.37968
-1.38603 0.54880 -1.40364
-1.45083 0.56283 -1.46910
-1.51881 0.43494 -1.54515
-1.49783 0.41929 -1.63457
-1.43564 0.39630 -1.70004
-1.34891 0.37211 -1.72400
-1.26087 0.35322 -1.70004
-1.19512 0.34468 -1.63457
-1.16927 0.34878 -1.54515
-1.19025 0.36443 -1.45573
-1.25244 0.38742 -1.39026
-1.33917 0.41161 -1.36630
-1.42721 0.43050 -1.39026
-1.49296 0.43904 -1.45573
-1.54996 0.30589 -1.53177
-1.52774 0.29206 -1.62120
-1.46384 0.27436 -1.68666
-1.37539 0.25755 -1.71062
-1.28608 0.24611 -1.68666
-1.21984 0.24312 -1.62120
-1.19443 0.24938 -1.53177
-1.21665 0.26321 -1.44235
-1.28055 0.28090 -1.37689
-1.36900 0.29772 -1.35293
-1.45832 0.30915 -1.37689
-1.52455 0.31214 -1.44235
-1.57017 0.17467 -1.51839
-1.54687 0.16276 -1.60782
-1.48171 0.15050 -1.67328
-1.39215 0.14117 -1.69724
-1.30220 0.13727 -1.67328
-1.23594 0.13985 -1.60782
-1.21115 0.14822 -1.51839
-1.23445 0.16013 -1.42897
-1.29961 0.17240 -1.36351
-1.38917 0.18173 -1.33955
-1.47912 0.18563 -1.36351
-1.54538 0.18304 -1.42897
-1.57929 0.04223 -1.50502
-1.55507 0.03232 -1.59444
-1.48911 0.02556 -1.65990
-1.39909 0.02379 -1.68386
-1.30912 0.02746 -1.65990
-1.24332 0.03559 -1.59444
-1.21931 0.04601 -1.50502
-1.24354 0.05593 -1.41559
-1.30949 0.06268 -1.35013
-1.39952 0.06446 -1.32617
-1.48948 0.06079 -1.35013
-1.55529 0.05265 -1.41559
-1.57726 -0.09051 -1.49164
-1.55230 -0.09836 -1.58106
-1.48600 -0.09955 -1.64653
-1.39615 -0.09376 -1.67049
-1.30681 -0.08255 -1.64653
-1.24192 -0.06892 -1.58106
-1.21887 -0.05652 -1.49164
-1.24384 -0.04867 -1.40222
-1.31013 -0.04748 -1.33675
-1.39999 -0.05327 -1.31279
-1.48933 -0.06448 -1.33675
-1.55422 -0.07811 -1.40222
-1.56410 -0.22261 -1.47826
-1.53856 -0.22834 -1.56768
-1.47240 -0.22396 -1.63315
-1.38335 -0.21065 -1.65711
-1.29526 -0.19198 -1.63315
-1.23175 -0.17294 -1.56768
-1.20982 -0.15865 -1.47826
-1.23536 -0.15293 -1.38884
-1.30152 -0.15731 -1.32337
-1.39057 -0.17062 -1.29941
-1.47866 -0.18929 -1.32337
-1.54217 -0.20832 -1.38884
-1.53988 -0.35314 -1.46488
-1.51396 -0.35670 -1.55431
-1.44840 -0.34678 -1.61977
-1.36078 -0.32605 -1.64373
-1.27457 -0.30004 -1.61977
-1.21288 -0.27575 -1.55431
-1.19223 -0.25967 -1.46488
-1.21816 -0.25611 -1.37546
-1.28372 -0.26603 -1.31000
-1.37134 -0.28677 -1.28604
-1.45754 -0.31277 -1.31000
-1.51924 -0.33706 -1.37546
-1.50480 -0.48118 -1.45151
-1.47866 -0.48255 -1.54093
-1.41417 -0.46716 -1.60639
-1.32860 -0.43914 -1.63035
-1.24488 -0.40599 -1.60639
-1.18545 -0.37660 -1.54093
-1.16622 -0.35885 -1.45151
-1.19236 -0.35748 -1.36208
-1.25685 -0.37286 -1.29662
-1.34242 -0.40089 -1.27266
-1.42614 -0.43403 -1.29662
-1.48557 -0.46342 -1.36208
-1.45909 -0.60582 -1.43813
-1.43293 -0.60499 -1.52755
-1.36995 -0.58424 -1.59301
-1.28704 -0.54914 -1.61697
-1.20640 -0.50908 -1.59301
-1.14964 -0.47480 -1.52755
-1.13198 -0.45549 -1.43813
-1.15814 -0.45632 -1.34870
-1.22111 -0.47707 -1.28324
-1.30402 -0.51218 -1.25928
-1.38466 -0.55224 -1.28324
-1.44142 -0.58651 -1.34870
-1.40307 -0.72618 -1.42475
-1.37708 -0.72316 -1.51417
-1.31607 -0.69720 -1.57964
-1.23639 -0.65525 -1.60360
-1.15940 -0.60857 -1.57964
-1.10572 -0.56965 -1.51417
-1.08974 -0.54892 -1.42475
-1.11574 -0.55194 -1.33533
-1.17675 -0.57791 -1.26986
-1.25642 -0.61985 -1.24590
-1.33341 -0.66654 -1.26986
-1.38709 -0.70546 -1.33533
-1.33715 -0.84142 -1.41137
-1.31150 -0.83622 -1.50079
-1.25289 -0.80523 -1.56626
-1.17701 -0.75674 -1.59022
-1.10421 -0.70376 -1.56626
-1.05399 -0.66047 -1.50079
-1.03981 -0.63847 -1.41137
-1.06546 -0.64367 -1.32195
-1.12407 -0.67466 -1.25648
-1.19994 -0.72315 -1.23252
-1.27274 -0.77613 -1.25648
-1.32296 -0.81942 -1.32195
-1.26179 -0.95071 -1.39799
-1.23666 -0.94338 -1.48742
-1.18086 -0.90757 -1.55288
-1.10932 -0.85289 -1.57684
-1.04123 -0.79398 -1.55288
-0.99482 -0.74663 -1.48742
-0.98253 -0.72352 -1.39799
-1.00765 -0.73085 -1.30857
-1.06346 -0.76665 -1.24311
-1.13499 -0.82134 -1.21915
-1.20309 -0.88025 -1.24311
-1.24950 -0.92760 -1.30857
-1.17751 -1.05329 -1.38462
-1.15309 -1.04387 -1.47404
-1.10049 -1.00351 -1.53950
-1.03380 -0.94301 -1.56346
-0.97089 -0.87859 -1.53950
-0.92862 -0.82751 -1.47404
-0.91832 -0.80345 -1.38462
-0.94274 -0.81287 -1.29519
-0.99534 -0.85323 -1.22973
-1.06203 -0.91373 -1.20577
-1.12494 -0.97815 -1.22973
-1.16721 -1.02923 -1.29519
-1.08492 -1.14843 -1.37124
-1.06138 -1.13700 -1.46066
-1.01235 -1.09236 -1.52612
-0.95098 -1.02648 -1.55008
-0.89370 -0.95701 -1.52612
-0.85587 -0.90255 -1.46066
-0.84762 -0.87772 -1.37124
-0.87116 -0.88915 -1.28181
-0.92019 -0.93379 -1.21635
-0.98157 -0.99967 -1.19239
-1.03884 -1.06914 -1.21635
-1.07667 -1.12359 -1.28181
-0.98468 -1.23546 -1.35786
-0.96217 -1.22210 -1.44728
-0.91707 -1.17350 -1.51275
-0.86144 -1.10270 -1.53671
-0.81020 -1.02866 -1.51275
-0.77707 -0.97122 -1.44728
-0.77094 -0.94578 -1.35786
-0.79344 -0.95915 -1.26844
-0.83854 -1.00774 -1.20297
-0.89417 -1.07855 -1.17901
-0.94541 -1.15259 -1.20297
-0.97854 -1.21002 -1.26844
-0.87747 -1.31377 -1.34448
-0.85617 -1.29856 -1.43391
-0.81531 -1.24635 -1.49937
-0.76582 -1.17113 -1.52333
-0.72097 -1.09305 -1.49937
-0.69279 -1.03304 -1.43391
-0.68881 -1.00717 -1.34448
-0.71011 -1.02238 -1.25506
-0.75098 -1.07459 -1.18960
-0.80046 -1.14981 -1.16563
-0.84531 -1.22789 -1.18960
-0.87350 -1.28790 -1.25506
-0.76407 -1.38280 -1.33110
-0.74413 -1.36586 -1.42053
-0.70779 -1.31040 -1.48599
-0.66479 -1.23129 -1.50995
-0.62666 -1.14972 -1.48599
-0.60361 -1.08755 -1.42053
-0.60182 -1.06144 -1.33110
-0.62177 -1.07839 -1.24168
-0.65811 -1.13384 -1.17622
-0.70110 -1.21296 -1.15226
-0.73923 -1.29452 -1.17622
-0.76228 -1.35669 -1.24168
-0.64528 -1.44207 -1.31773
-0.62683 -1.42351 -1.40715
-0.59527 -1.36520 -1.47261
-0.55907 -1.28276 -1.49657
-0.52792 -1.19827 -1.47261
-0.51017 -1.13439 -1.40715
-0.51058 -1.10822 -1.31773
-0.52903 -1.12678 -1.22830
-0.56059 -1.18509 -1.16284
-0.59679 -1.26754 -1.13888
-0.62794 -1.35202 -1.16284
-0.64569 -1.41590 -1.22830
-0.52193 -1.49116 -1.30435
-0.50510 -1.47111 -1.39377
-0.47855 -1.41036 -1.45923
-0.44940 -1.32516 -1.48320
-0.42545 -1.23837 -1.45923
-0.41313 -1.17322 -1.39377
-0.41573 -1.14718 -1.30435
-0.43256 -1.16722 -1.21492
-0.45911 -1.22797 -1.14946
-0.48826 -1.31317 -1.12550
-0.51221 -1.39996 -1.14946
-0.52453 -1.46511 -1.21492
-0.39489 -1.52971 -1.29097
-0.37981 -1.50833 -1.38039
-0.35845 -1.44555 -1.44586
-0.33656 -1.35822 -1.46982
-0.31998 -1.26971 -1.44586
-0.31317 -1.20376 -1.38039
-0.31795 -1.17803 -1.29097
-0.33304 -1.19941 -1.20155
-0.35439 -1.26218 -1.13608
-0.37629 -1.34952 -1.11212
-0.39286 -1.43803 -1.13608
-0.39967 -1.50398 -1.20155
-0.26507 -1.55746 -1.27759
-0.25183 -1.53489 -1.36702
-0.23582 -1.47055 -1.43248
-0.22134 -1.38168 -1.45644
-0.21225 -1.29210 -1.43248
-0.21100 -1.22580 -1.36702
-0.21792 -1.20056 -1.27759
-0.23116 -1.22314 -1.18817
-0.24717 -1.28748 -1.12271
-0.26166 -1.37635 -1.09874
-0.27075 -1.46593 -1.12271
-0.27199 -1.53222 -1.18817
-0.13337 -1.57422 -1.26421
-0.12208 -1.55061 -1.35364
-0.11153 -1.48515 -1.41910
-0.10455 -1.39538 -1.44306
-0.10302 -1.30535 -1.41910
-0.10734 -1.23919 -1.35364
-0.11636 -1.21462 -1.26421
-0.12766 -1.23823 -1.17479
-0.13821 -1.30369 -1.10933
-0.14518 -1.39346 -1.08537
-0.14671 -1.48349 -1.10933
-0.14239 -1.54965 -1.17479
-0.00074 -1.57986 -1.25084
0.00854 -1.55539 -1.34026
0.01356 -1.48927 -1.40572
0.01297 -1.39923 -1.42968
0.00694 -1.30939 -1.40572
-0.00292 -1.24383 -1.34026
-0.01397 -1.22010 -1.25084
-0.02325 -1.24458 -1.16141
-0.02826 -1.31069 -1.09595
-0.02768 -1.40073 -1.07199
-0.02165 -1.49057 -1.09595
-0.01179 -1.55613 -1.16141
0.13191 -1.57434 -1.23746
0.13909 -1.54918 -1.32688
0.13854 -1.48288 -1.39234
0.13040 -1.39320 -1.41631
0.11685 -1.30419 -1.39234
0.10151 -1.23968 -1.32688
0.08851 -1.21697 -1.23746
0.08132 -1.24213 -1.14803
0.08188 -1.30843 -1.08257
0.09002 -1.39811 -1.05861
0.10357 -1.48712 -1.08257
0.11890 -1.55163 -1.14803
0.26362 -1.55771 -1.22408
0.26867 -1.53203 -1.31350
0.26255 -1.46601 -1.37897
0.24691 -1.37734 -1.40293
0.22593 -1.28977 -1.37897
0.20524 -1.22678 -1.31350
0.19037 -1.20524 -1.22408
0.18532 -1.23092 -1.13466
0.19144 -1.29694 -1.06919
0.20708 -1.38561 -1.04523
0.22806 -1.47318 -1.06919
0.24875 -1.53617 -1.13466
0.39347 -1.53008 -1.21070
0.39634 -1.50406 -1.30013
0.38471 -1.43879 -1.36559
0.36167 -1.35174 -1.38955
0.33342 -1.26625 -1.36559
0.30751 -1.20522 -1.30013
0.29089 -1.18500 -1.21070
0.28801 -1.21101 -1.12128
0.29965 -1.27629 -1.05582
0.32268 -1.36333 -1.03185
0.35094 -1.44883 -1.05582
0.37685 -1.50986 -1.12128
0.52054 -1.49164 -1.19732
0.52122 -1.46548 -1.28675
0.50414 -1.40141 -1.35221
0.47388 -1.31661 -1.37617
0.43855 -1.23379 -1.35221
0.40761 -1.17515 -1.28675
0.38935 -1.15640 -1.19732
0.38867 -1.18256 -1.10790
0.40575 -1.24663 -1.04244
0.43601 -1.33143 -1.01848
0.47134 -1.41425 -1.04244
0.50228 -1.47289 -1.10790
0.64394 -1.44267 -1.18395
0.64242 -1.41654 -1.27337
0.62002 -1.35414 -1.33883
0.58275 -1.27217 -1.36279
0.54059 -1.19261 -1.33883
0.50483 -1.13678 -1.27337
0.48506 -1.11962 -1.18395
0.48658 -1.14575 -1.09452
0.50898 -1.20816 -1.02906
0.54625 -1.29012 -1.00510
0.58841 -1.36968 -1.02906
0.62417 -1.42552 -1.09452
0.76278 -1.38352 -1.17057
0.75908 -1.35761 -1.25999
0.73152 -1.29730 -1.32545
0.68750 -1.21876 -1.34942
0.63881 -1.14302 -1.32545
0.59849 -1.09038 -1.25999
0.57735 -1.07495 -1.17057
0.58106 -1.10085 -1.08114
0.60861 -1.16116 -1.01568
0.65264 -1.23971 -0.99172
0.70133 -1.31545 -1.01568
0.74165 -1.36808 -1.08114
0.87625 -1.31459 -1.15719
0.87038 -1.28908 -1.24661
0.83786 -1.23130 -1.31208
0.78740 -1.15673 -1.33604
0.73252 -1.08535 -1.31208
0.68792 -1.03628 -1.24661
0.66556 -1.02268 -1.15719
0.67143 -1.04818 -1.06777
0.70395 -1.10596 -1.00230
0.75441 -1.18054 -0.97834
0.80929 -1.25192 -1.00230
0.85389 -1.30099 -1.06777
0.98352 -1.23638 -1.14381
0.97553 -1.21146 -1.23324
0.93828 -1.15661 -1.29870
0.88173 -1.08654 -1.32266
0.82105 -1.02002 -1.29870
0.77250 -0.97487 -1.23324
0.74907 -0.96319 -1.14381
0.75706 -0.98811 -1.05439
0.79432 -1.04296 -0.98893
0.85086 -1.11303 -0.96497
0.91154 -1.17955 -0.98893
0.96010 -1.22470 -1.05439
1.08385 -1.14944 -1.13043
1.07380 -1.12528 -1.21986
1.03207 -1.07375 -1.28532
0.96984 -1.00868 -1.30928
0.90379 -0.94748 -1.28532
0.85162 -0.90657 -1.21986
0.82730 -0.89690 -1.13043
0.83735 -0.92106 -1.04101
0.87908 -0.97259 -0.97555
0.94131 -1.03766 -0.95159
1.00736 -1.09886 -0.97555
1.05953 -1.13977 -1.04101
1.17653 -1.05439 -1.11706
1.16448 -1.03115 -1.20648
1.11857 -0.98331 -1.27194
1.05110 -0.92369 -1.29590
0.98015 -0.86826 -1.27194
0.92472 -0.83187 -1.20648
0.89968 -0.82427 -1.11706
0.91172 -0.84751 -1.02763
0.95763 -0.89535 -0.96217
1.02510 -0.95497 -0.93821
1.09606 -1.01040 -0.96217
1.15148 -1.04679 -1.02763
1.26090 -0.95189 -1.10368
1.24695 -0.92975 -1.19310
1.19718 -0.88593 -1.25857
1.12494 -0.83218 -1.28253
1.04958 -0.78290 -1.25857
0.99130 -0.75129 -1.19310
0.96570 -0.74583 -1.10368
0.97966 -0.76797 -1.01426
1.02942 -0.81179 -0.94879
1.10166 -0.86553 -0.92483
1.17702 -0.91481 -0.94879
1.23530 -0.94642 -1.01426
1.33636 -0.84266 -1.09030
1.32060 -0.82177 -1.17972
1.26733 -0.78229 -1.24519
1.19084 -0.73480 -1.26915
1.11161 -0.69202 -1.24519
1.05087 -0.66542 -1.17972
1.02491 -0.66212 -1.09030
1.04068 -0.68301 -1.00088
1.09394 -0.72249 -0.93541
1.17044 -0.76999 -0.91145
1.24967 -0.81277 -0.93541
1.31040 -0.83937 -1.00088
1.40239 -0.72749 -1.07692
1.38493 -0.70800 -1.16635
1.32854 -0.67313 -1.23181
1.24832 -0.63222 -1.25577
1.16578 -0.59625 -1.23181
1.10303 -0.57484 -1.16635
1.07688 -0.57373 -1.07692
1.09434 -0.59323 -0.98750
1.15074 -0.62810 -0.92204
1.23095 -0.66900 -0.89808
1.31349 -0.70498 -0.92204
1.37625 -0.72639 -0.98750
1.45852 -0.60718 -1.06355
1.43948 -0.58922 -1.15297
1.38036 -0.55921 -1.21843
1.29700 -0.52519 -1.24239
1.21173 -0.49627 -1.21843
1.14740 -0.48020 -1.15297
1.12125 -0.48130 -1.06355
1.14029 -0.49925 -0.97412
1.19941 -0.52927 -0.90866
1.28277 -0.56329 -0.88470
1.36804 -0.59221 -0.90866
1.43237 -0.60828 -0.97412
1.50435 -0.48259 -1.05017
1.48387 -0.46629 -1.13959
1.42244 -0.44134 -1.20505
1.33651 -0.41444 -1.22901
1.24911 -0.39278 -1.20505
1.18366 -0.38217 -1.13959
1.15770 -0.38546 -1.05017
1.17818 -0.40176 -0.96074
1.23961 -0.42670 -0.89528
1.32554 -0.45361 -0.87132
1.41293 -0.47526 -0.89528
1.47838 -0.48587 -0.96074
1.53955 -0.35458 -1.03679
1.51778 -0.34006 -1.12621
1.45447 -0.32036 -1.19168
1.36659 -0.30077 -1.21564
1.27768 -0.28652 -1.19168
1.21157 -0.28145 -1.12621
1.18597 -0.28690 -1.03679
1.20775 -0.30142 -0.94737
1.27106 -0.32112 -0.88190
1.35894 -0.34072 -0.85794
1.44785 -0.35496 -0.88190
1.51396 -0.36004 -0.94737
1.56389 -0.22407 -1.02341
1.54097 -0.21143 -1.11284
1.47623 -0.19712 -1.17830
1.38701 -0.18497 -1.20226
1.29722 -0.17824 -1.17830
1.23092 -0.17873 -1.11284
1.20587 -0.18632 -1.02341
1.22879 -0.19896 -0.93399
1.29353 -0.21327 -0.86853
1.38275 -0.22542 -0.84456
1.47254 -0.23215 -0.86853
1.53884 -0.23166 -0.93399
1.57718 -0.09198 -1.01003
1.55328 -0.08131 -1.09946
1.48757 -0.07248 -1.16492
1.39765 -0.06787 -1.18888
1.30761 -0.06870 -1.16492
1.24158 -0.07476 -1.09946
1.21726 -0.08442 -1.01003
1.24116 -0.09509 -0.92061
1.30687 -0.10392 -0.85515
1.39679 -0.10853 -0.83119
1.48683 -0.10770 -0.85515
1.55286 -0.10164 -0.92061
1.57933 0.04076 -0.99666
1.55463 0.04939 -1.08608
1.48840 0.05267 -1.15154
1.39841 0.04971 -1.17550
1.30876 0.04133 -1.15154
1.24348 0.02975 -1.08608
1.22005 0.01808 -0.99666
1.24476 0.00945 -0.90723
1.31098 0.00617 -0.84177
1.40097 0.00912 -0.81781
1.49062 0.01751 -0.84177
1.55591 0.02909 -0.90723
1.57034 0.17321 -0.98328
1.54499 0.17973 -1.07270
1.47873 0.17744 -1.13816
1.38930 0.16695 -1.16212
1.30067 0.15106 -1.13816
1.23659 0.13404 -1.07270
1.21422 0.12045 -0.98328
1.23957 0.11392 -0.89385
1.30583 0.11621 -0.82839
1.39526 0.12671 -0.80443
1.48389 0.14260 -0.82839
1.54797 0.15962 -0.89385
1.55025 0.30444 -0.96990
1.52445 0.30881 -1.05932
1.45861 0.30096 -1.12479
1.37038 0.28300 -1.14875
1.28340 0.25973 -1.12479
1.22097 0.23739 -1.05932
1.19982 0.22196 -0.96990
1.22563 0.21759 -0.88048
1.29147 0.22544 -0.81501
1.37970 0.24340 -0.79105
1.46668 0.26668 -0.81501
1.52910 0.28902 -0.88048
1.51922 0.43352 -0.95652
1.49314 0.43571 -1.04595
1.42819 0.42236 -1.11141
1.34178 0.39705 -1.13537
1.25706 0.36656 -1.11141
1.19673 0.33906 -1.04595
1.17695 0.32191 -0.95652
1.20303 0.31972 -0.86710
1.26798 0.33307 -0.80164
1.35439 0.35838 -0.77767
1.43911 0.38887 -0.80164
1.49944 0.41637 -0.86710
1.47746 0.55954 -0.94314
1.45128 0.55953 -1.03257
1.38769 0.54078 -1.09803
1.30371 0.50830 -1.12199
1.22184 0.47080 -1.09803
1.16404 0.43833 -1.03257
1.14577 0.41959 -0.94314
1.17194 0.41960 -0.85372
1.23554 0.43835 -0.78826
1.31952 0.47082 -0.76430
1.40138 0.50832 -0.78826
1.45919 0.54079 -0.85372
1.42526 0.68160 -0.92977
1.39918 0.67940 -1.01919
1.33739 0.65537 -1.08465
1.25643 0.61596 -1.10861
1.17800 0.57172 -1.08465
1.12313 0.53451 -1.01919
1.10650 0.51430 -0.92977
1.13258 0.51651 -0.84034
1.19437 0.54053 -0.77488
1.27533 0.57995 -0.75092
1.35376 0.62418 -0.77488
1.40863 0.66139 -0.84034
1.36300 0.79886 -0.91639
1.33720 0.79447 -1.00581
1.27764 0.76534 -1.07127
1.20028 0.71927 -1.09524
1.12584 0.66861 -1.07127
1.07428 0.62692 -1.00581
1.05941 0.60539 -0.91639
1.08521 0.60977 -0.82696
1.14478 0.63890 -0.76150
1.22214 0.68497 -0.73754
1.29657 0.73564 -0.76150
1.34813 0.77732 -0.82696
1.29112 0.91047 -0.90301
1.26578 0.90394 -0.99243
1.20887 0.86991 -1.05790
1.13565 0.81751 -1.08186
1.06573 0.76077 -1.05790
1.01786 0.71490 -0.99243
1.00484 0.69219 -0.90301
1.03019 0.69873 -0.81359
1.08709 0.73276 -0.74812
1.16031 0.78516 -0.72416
1.23023 0.84190 -0.74812
1.27811 0.88776 -0.81359
1.21012 1.01566 -0.88963
1.18542 1.00702 -0.97906
1.13157 0.96833 -1.04452
1.06301 0.90997 -1.06848
0.99810 0.84756 -1.04452
0.95424 0.79783 -0.97906
0.94318 0.77411 -0.88963
0.96789 0.78275 -0.80021
1.02174 0.82144 -0.73475
1.09030 0.87980 -0.71078
1.15521 0.94221 -0.73475
1.19906 0.99194 -0.80021
1.12058 1.11367 -0.87625
1.09669 1.10298 -0.96568
1.04628 1.05991 -1.03114
0.98286 0.99600 -1.05510
0.92342 0.92836 -1.03114
0.88389 0.87513 -0.96568
0.87486 0.85057 -0.87625
0.89875 0.86125 -0.78683
0.94916 0.90432 -0.72137
1.01258 0.96824 -0.69741
1.07202 1.03587 -0.72137
1.11155 1.08910 -0.78683
1.02312 1.20382 -0.86288
1.00021 1.19117 -0.95230
0.95360 1.14402 -1.01776
0.89576 1.07500 -1.04172
0.84221 1.00261 -1.01776
0.80729 0.94625 -0.95230
0.80036 0.92101 -0.86288
0.82327 0.93367 -0.77345
0.86989 0.98082 -0.70799
0.92772 1.04983 -0.68403
0.98127 1.12222 -0.70799
1.01619 1.17858 -0.77345
0.91844 1.28546 -0.84950
0.89667 1.27093 -0.93892
0.85418 1.22004 -1.00438
0.80235 1.14641 -1.02835
0.75506 1.06978 -1.00438
0.72500 1.01069 -0.93892
0.72021 0.98496 -0.84950
0.74198 0.99949 -0.76007
0.78447 1.05039 -0.69461
0.83630 1.12401 -0.67065
0.88359 1.20064 -0.69461
0.91365 1.25974 -0.76007
0.80727 1.35804 -0.83612
0.78680 1.34173 -0.92554
0.74873 1.28744 -0.99101
0.70327 1.20973 -1.01497
0.66258 1.12940 -0.99101
0.63759 1.06799 -0.92554
0.63497 1.04195 -0.83612
0.65544 1.05826 -0.74670
0.69351 1.11254 -0.68123
0.73898 1.19026 -0.65727
0.77966 1.27058 -0.68123
0.80466 1.33200 -0.74670
0.69041 1.42102 -0.82274
0.67138 1.40305 -0.91217
0.63800 1.34576 -0.97763
0.59922 1.26450 -1.00159
0.56542 1.18104 -0.97763
0.54567 1.11775 -0.91217
0.54525 1.09158 -0.82274
0.56428 1.10955 -0.73332
0.59766 1.16684 -0.66786
0.63644 1.24810 -0.64390
0.67024 1.33156 -0.66786
0.68999 1.39485 -0.73332
0.56867 1.47397 -0.80936
0.55121 1.45446 -0.89879
0.52276 1.39457 -0.96425
0.49094 1.31034 -0.98821
0.46427 1.22434 -0.96425
0.44990 1.15961 -0.89879
0.45168 1.13350 -0.80936
0.46913 1.15301 -0.71994
0.49758 1.21290 -0.65448
0.52941 1.29713 -0.63052
0.55608 1.38313 -0.65448
0.57045 1.44785 -0.71994
0.44291 1.51650 -0.79599
0.42715 1.49561 -0.88541
0.40383 1.43354 -0.95087
0.37919 1.34693 -0.97483
0.35984 1.25900 -0.95087
0.35095 1.19329 -0.88541
0.35492 1.16742 -0.79599
0.37067 1.18832 -0.70656
0.39400 1.25039 -0.64110
0.41864 1.33699 -0.61714
0.43799 1.42493 -0.64110
0.44687 1.49064 -0.70656
0.31402 1.54834 -0.78261
0.30008 1.52619 -0.87203
0.28205 1.46238 -0.93750
0.26477 1.37402 -0.96146
0.25287 1.28476 -0.93750
0.24953 1.21854 -0.87203
0.25565 1.19310 -0.78261
0.26960 1.21525 -0.69319
0.28763 1.27905 -0.62772
0.30491 1.36742 -0.60376
0.31681 1.45667 -0.62772
0.32015 1.52289 -0.69319
0.18292 1.56923 -0.76923
0.17089 1.54599 -0.85865
0.15828 1.48090 -0.92412
0.14848 1.39139 -0.94808
0.14411 1.30146 -0.92412
0.14634 1.23519 -0.85865
0.15458 1.21035 -0.76923
0.16662 1.23359 -0.67981
0.17922 1.29869 -0.61434
0.18903 1.38819 -0.59038
0.19339 1.47813 -0.61434
0.19116 1.54439 -0.67981
0.05053 1.57905 -0.75585
0.04049 1.55488 -0.84528
0.03339 1.48896 -0.91074
0.03114 1.39895 -0.93470
0.03433 1.30896 -0.91074
0.04212 1.24312 -0.84528
0.05242 1.21906 -0.75585
0.06246 1.24322 -0.66643
0.06956 1.30915 -0.60097
0.07181 1.39916 -0.57701
0.06861 1.48914 -0.60097
0.06082 1.55499 -0.66643
-0.08222 1.57772 -0.74247
-0.09020 1.55279 -0.83190
-0.09174 1.48651 -0.89736
-0.08643 1.39662 -0.92132
-0.07569 1.30722 -0.89736
-0.06239 1.24227 -0.83190
-0.05012 1.21915 -0.74247
-0.04214 1.24408 -0.65305
-0.04060 1.31037 -0.58759
-0.04591 1.40025 -0.56363
-0.05665 1.48965 -0.58759
-0.06994 1.55461 -0.65305
-0.21439 1.56524 -0.72910
-0.22025 1.53974 -0.81852
-0.21622 1.47356 -0.88398
-0.20338 1.38443 -0.90794
-0.18517 1.29625 -0.88398
-0.16647 1.23264 -0.81852
-0.15229 1.21064 -0.72910
-0.14644 1.23615 -0.63967
-0.15047 1.30233 -0.57421
-0.16331 1.39145 -0.55025
-0.18152 1.47963 -0.57421
-0.20022 1.54324 -0.63967
-0.34505 1.54172 -0.71572
-0.34874 1.51581 -0.80514
-0.33917 1.45020 -0.87061
-0.31889 1.36247 -0.89457
-0.29334 1.27613 -0.87061
-0.26937 1.21431 -0.80514
-0.25340 1.19358 -0.71572
-0.24970 1.21949 -0.62630
-0.25928 1.28510 -0.56083
-0.27956 1.37283 -0.53687
-0.30510 1.45917 -0.56083
-0.32908 1.52099 -0.62630
-0.47327 1.50731 -0.70234
-0.47478 1.48118 -0.79176
-0.45973 1.41660 -0.85723
-0.43216 1.33089 -0.88119
-0.39945 1.24700 -0.85723
-0.37037 1.18741 -0.79176
-0.35271 1.16809 -0.70234
-0.35121 1.19422 -0.61292
-0.36626 1.25879 -0.54745
-0.39383 1.34451 -0.52349
-0.42654 1.42840 -0.54745
-0.45561 1.48799 -0.61292
-0.59815 1.46225 -0.68896
-0.59746 1.43609 -0.77839
-0.57704 1.37301 -0.84385
-0.54237 1.28991 -0.86781
-0.50273 1.20906 -0.84385
-0.46875 1.15212 -0.77839
-0.44954 1.13435 -0.68896
-0.45023 1.16052 -0.59954
-0.47065 1.22360 -0.53408
-0.50532 1.30670 -0.51012
-0.54495 1.38755 -0.53408
-0.57893 1.44448 -0.59954
-0.71880 1.40687 -0.67559
-0.71592 1.38086 -0.76501
-0.69027 1.31971 -0.83047
-0.64875 1.23982 -0.85443
-0.60247 1.16258 -0.83047
-0.56383 1.10870 -0.76501
-0.54319 1.09261 -0.67559
-0.54607 1.11862 -0.58616
-0.57172 1.17976 -0.52070
-0.61324 1.25966 -0.49674
-0.65952 1.33690 -0.52070
-0.69816 1.39078 -0.58616
-0.83438 1.34155 -0.66221
-0.82932 1.31587 -0.75163
-0.79864 1.25710 -0.81709
-0.75055 1.18097 -0.84105
-0.69795 1.10790 -0.81709
-0.65492 1.05745 -0.75163
-0.63300 1.04315 -0.66221
-0.63806 1.06882 -0.57278
-0.66875 1.12760 -0.50732
-0.71683 1.20373 -0.48336
-0.76944 1.27680 -0.50732
-0.81246 1.32725 -0.57278
-0.94407 1.26676 -0.64883
-0.93687 1.24160 -0.73825
-0.90136 1.18561 -0.80372
-0.84705 1.11379 -0.82768
-0.78850 1.04539 -0.80372
-0.74139 0.99873 -0.73825
-0.71835 0.98632 -0.64883
-0.72555 1.01148 -0.55941
-0.76106 1.06747 -0.49394
-0.81536 1.13929 -0.46998
-0.87392 1.20770 -0.49394
-0.92103 1.25435 -0.55941
-1.04709 1.18303 -0.63545
-1.03780 1.15856 -0.72488
-0.99772 1.10575 -0.79034
-0.93757 1.03874 -0.81430
-0.87348 0.97550 -0.79034
-0.82262 0.93296 -0.72488
-0.79862 0.92253 -0.63545
-0.80790 0.94699 -0.54603
-0.84799 0.99981 -0.48057
-0.90814 1.06681 -0.45660
-0.97223 1.13006 -0.48057
-1.02309 1.17260 -0.54603
-1.14272 1.09094 -0.62207
-1.13141 1.06734 -0.71150
-1.08703 1.01808 -0.77696
-1.02147 0.95636 -0.80092
-0.95230 0.89872 -0.77696
-0.89805 0.86060 -0.71150
-0.87325 0.85222 -0.62207
-0.88456 0.87582 -0.53265
-0.92894 0.92508 -0.46719
-0.99450 0.98680 -0.44323
-1.06367 1.04445 -0.46719
-1.11792 1.08256 -0.53265
-1.23027 0.99115 -0.60870
-1.21702 0.96858 -0.69812
-1.16867 0.92322 -0.76358
-1.09816 0.86722 -0.78754
-1.02439 0.81559 -0.76358
-0.96713 0.78216 -0.69812
-0.94172 0.77589 -0.60870
-0.95497 0.79846 -0.51927
-1.00333 0.84383 -0.45381
-1.07384 0.89982 -0.42985
-1.14760 0.95146 -0.45381
-1.20486 0.98488 -0.51927
-1.30914 0.88436 -0.59532
-1.29405 0.86298 -0.68474
-1.24205 0.82184 -0.75020
-1.16709 0.77196 -0.77417
-1.08925 0.72671 -0.75020
-1.02938 0.69820 -0.68474
-1.00354 0.69409 -0.59532
-1.01863 0.71547 -0.50589
-1.07063 0.75661 -0.44043
-1.14559 0.80649 -0.41647
-1.22343 0.85175 -0.44043
-1.28330 0.88025 -0.50589
-1.37877 0.77133 -0.58194
-1.36193 0.75129 -0.67136
-1.30667 0.71466 -0.73683
-1.22778 0.67125 -0.76079
-1.14641 0.63269 -0.73683
-1.08437 0.60932 -0.67136
-1.05827 0.60739 -0.58194
-1.07510 0.62742 -0.49252
-1.13037 0.66405 -0.42705
-1.20926 0.70746 -0.40309
-1.29062 0.74602 -0.42705
-1.35267 0.76940 -0.49252
-1.43866 0.65285 -0.56856
-1.42020 0.63430 -0.65799
-1.36205 0.60244 -0.72345
-1.27980 0.56580 -0.74741
-1.19548 0.53421 -0.72345
-1.13169 0.51612 -0.65799
-1.10552 0.51639 -0.56856
-1.12399 0.53494 -0.47914
-1.18213 0.56681 -0.41368
-1.26438 0.60344 -0.38971
-1.34870 0.63503 -0.41368
-1.41249 0.65312 -0.47914
-1.48839 0.52976 -0.55518
-1.46844 0.51282 -0.64461
-1.40782 0.48595 -0.71007
-1.32279 0.45635 -0.73403
-1.23611 0.43195 -0.71007
-1.17103 0.41929 -0.64461
-1.14498 0.42175 -0.55518
-1.16493 0.43869 -0.46576
-1.22555 0.46556 -0.40030
-1.31058 0.49516 -0.37634
-1.39725 0.51956 -0.40030
-1.46234 0.53222 -0.46576
-1.52761 0.40293 -0.54181
-1.50631 0.38773 -0.63123
-1.44365 0.36604 -0.69669
-1.35643 0.34369 -0.72065
-1.26802 0.32665 -0.69669
-1.20210 0.31949 -0.63123
-1.17634 0.32414 -0.54181
-1.19765 0.33934 -0.45238
-1.26031 0.36102 -0.38692
-1.34753 0.38338 -0.36296
-1.43594 0.40041 -0.38692
-1.50186 0.40757 -0.45238
-1.55605 0.27325 -0.52843
-1.53354 0.25989 -0.61785
-1.46929 0.24355 -0.68331
-1.38050 0.22859 -0.70728
-1.29096 0.21904 -0.68331
-1.22468 0.21744 -0.61785
-1.19940 0.22423 -0.52843
-1.22191 0.23759 -0.43900
-1.28617 0.25393 -0.37354
-1.37496 0.26889 -0.34958
-1.46449 0.27844 -0.37354
-1.53077 0.28004 -0.43900
-1.57350 0.14164 -0.51505
-1.54995 0.13022 -0.60447
-1.48455 0.11933 -0.66994
-1.39481 0.11188 -0.69390
-1.30479 0.10988 -0.66994
-1.23861 0.11385 -0.60447
-1.21399 0.12274 -0.51505
-1.23754 0.13416 -0.42563
-1.30294 0.14505 -0.36016
-1.39268 0.15250 -0.33620
-1.48270 0.15451 -0.36016
-1.54888 0.15053 -0.42563
-1.57983 0.00904 -0.50167
-1.55541 -0.00037 -0.59110
-1.48932 -0.00573 -0.65656
-1.39928 -0.00562 -0.68052
-1.30941 -0.00006 -0.65656
-1.24380 0.00946 -0.59110
-1.22001 0.02038 -0.50167
-1.24444 0.02979 -0.41225
-1.31052 0.03515 -0.34679
-1.40056 0.03504 -0.32282
-1.49043 0.02948 -0.34679
-1.55605 0.01996 -0.41225
-1.57501 -0.12363 -0.48829
-1.54989 -0.13095 -0.57772
-1.48358 -0.13075 -0.64318
-1.39387 -0.12308 -0.66714
-1.30478 -0.10999 -0.64318
-1.24020 -0.09500 -0.57772
-1.21742 -0.08212 -0.48829
-1.24254 -0.07480 -0.39887
-1.30885 -0.07500 -0.33341
-1.39856 -0.08267 -0.30945
-1.48765 -0.09576 -0.33341
-1.55223 -0.11075 -0.39887
-1.55907 -0.25543 -0.47492
-1.53342 -0.26061 -0.56434
-1.46737 -0.25485 -0.62980
-1.37862 -0.23967 -0.65376
-1.29094 -0.21915 -0.62980
-1.22784 -0.19879 -0.56434
-1.20622 -0.18404 -0.47492
-1.23188 -0.17885 -0.38549
-1.29793 -0.18462 -0.32003
-1.38668 -0.19980 -0.29607
-1.47435 -0.22032 -0.32003
-1.53745 -0.24068 -0.38549
-1.53212 -0.38542 -0.46154
-1.50613 -0.38844 -0.55096
-1.44079 -0.37714 -0.61642
-1.35363 -0.35457 -0.64039
-1.26799 -0.32676 -0.61642
-1.20682 -0.30117 -0.55096
-1.18651 -0.28466 -0.46154
-1.21251 -0.28165 -0.37211
-1.27785 -0.29294 -0.30665
-1.36501 -0.31552 -0.28269
-1.45065 -0.34332 -0.30665
-1.51182 -0.36891 -0.37211
-1.49436 -0.51270 -0.44816
-1.46820 -0.51351 -0.53758
-1.40404 -0.49677 -0.60305
-1.31908 -0.46696 -0.62701
-1.23608 -0.43206 -0.60305
-1.17727 -0.40143 -0.53758
-1.15842 -0.38327 -0.44816
-1.18458 -0.38245 -0.35874
-1.24874 -0.39919 -0.29327
-1.33370 -0.42901 -0.26931
-1.41670 -0.46390 -0.29327
-1.47551 -0.49454 -0.35874
-1.44604 -0.63635 -0.43478
-1.41990 -0.63497 -0.52421
-1.35738 -0.61290 -0.58967
-1.27522 -0.57606 -0.61363
-1.19544 -0.53431 -0.58967
-1.13941 -0.49885 -0.52421
-1.12216 -0.47918 -0.43478
-1.14829 -0.48056 -0.34536
-1.21082 -0.50262 -0.27990
-1.29298 -0.53946 -0.25594
-1.37276 -0.58121 -0.27990
-1.42878 -0.61667 -0.34536
-1.38750 -0.75551 -0.42140
-1.36158 -0.75194 -0.51083
-1.30113 -0.72470 -0.57629
-1.22235 -0.68109 -0.60025
-1.14636 -0.63279 -0.57629
-1.09351 -0.59275 -0.51083
-1.07796 -0.57170 -0.42140
-1.10389 -0.57527 -0.33198
-1.16434 -0.60250 -0.26652
-1.24312 -0.64611 -0.24256
-1.31911 -0.69441 -0.26652
-1.37196 -0.73445 -0.33198
-1.31918 -0.86933 -0.40803
-1.29364 -0.86360 -0.49745
-1.23569 -0.83138 -0.56291
-1.16085 -0.78131 -0.58687
-1.08918 -0.72680 -0.56291
-1.03988 -0.68247 -0.49745
-1.02616 -0.66018 -0.40803
-1.05170 -0.66591 -0.31860
-1.10965 -0.69813 -0.25314
-1.18448 -0.74820 -0.22918
-1.25615 -0.80271 -0.25314
-1.30545 -0.84704 -0.31860
-1.24153 -0.97701 -0.39465
-1.21657 -0.96916 -0.48407
-1.16153 -0.93219 -0.54954
-1.09116 -0.87601 -0.57350
-1.02432 -0.81568 -0.54954
-0.97891 -0.76736 -0.48407
-0.96711 -0.74400 -0.39465
-0.99208 -0.75186 -0.30523
-1.04712 -0.78883 -0.23976
-1.11748 -0.84501 -0.21580
-1.18433 -0.90533 -0.23976
-1.22973 -0.95365 -0.30523
-1.15512 -1.07780 -0.38127
-1.13090 -1.06787 -0.47069
-1.07916 -1.02641 -0.53616
-1.01376 -0.96453 -0.56012
-0.95222 -0.89880 -0.53616
-0.91103 -0.84684 -0.47069
-0.90123 -0.82257 -0.38127
-0.92545 -0.83250 -0.29185
-0.97719 -0.87396 -0.22638
-1.04259 -0.93584 -0.20242
-1.10414 -1.00157 -0.22638
-1.14532 -1.05353 -0.29185
-1.06055 -1.17097 -0.36789
-1.03726 -1.15905 -0.45732
-0.98918 -1.11339 -0.52278
-0.92920 -1.04624 -0.54674
-0.87339 -0.97557 -0.52278
-0.83672 -0.92034 -0.45732
-0.82899 -0.89533 -0.36789
-0.85229 -0.90726 -0.27847
-0.90037 -0.95291 -0.21301
-0.96034 -1.02007 -0.18905
-1.01615 -1.09073 -0.21301
-1.05283 -1.14597 -0.27847
-0.95850 -1.25588 -0.35452
-0.93628 -1.24204 -0.44394
-0.89221 -1.19251 -0.50940
-0.83808 -1.12055 -0.53336
-0.78840 -1.04546 -0.50940
-0.75649 -0.98734 -0.44394
-0.75089 -0.96177 -0.35452
-0.77311 -0.97561 -0.26509
-0.81718 -1.02514 -0.19963
-0.87131 -1.09710 -0.17567
-0.92099 -1.17220 -0.19963
-0.95290 -1.23032 -0.26509
-0.84967 -1.33192 -0.34114
-0.82870 -1.31627 -0.43056
-0.78894 -1.26321 -0.49602
-0.74104 -1.18696 -0.51998
-0.69785 -1.10796 -0.49602
-0.67093 -1.04736 -0.43056
-0.66749 -1.02142 -0.34114
-0.68847 -1.03707 -0.25171
-0.72823 -1.09013 -0.18625
-0.77613 -1.16638 -0.16229
-0.81932 -1.24538 -0.18625
-0.84624 -1.30597 -0.25171
-0.73485 -1.39855 -0.32776
-0.71526 -1.38119 -0.41718
-0.68010 -1.32498 -0.48265
-0.63877 -1.24499 -0.50661
-0.60236 -1.16263 -0.48265
-0.58062 -1.10000 -0.41718
-0.57938 -1.07385 -0.32776
-0.59897 -1.09121 -0.23834
-0.63413 -1.14742 -0.17287
-0.67546 -1.22742 -0.14891
-0.71187 -1.30977 -0.17287
-0.73361 -1.37241 -0.23834
-0.61484 -1.45531 -0.31438
-0.59678 -1.43637 -0.40380
-0.56645 -1.37741 -0.46927
-0.53199 -1.29422 -0.49323
-0.50262 -1.20910 -0.46927
-0.48622 -1.14486 -0.40380
-0.48718 -1.11871 -0.31438
-0.50524 -1.13765 -0.22496
-0.53556 -1.19661 -0.15949
-0.57002 -1.27980 -0.13553
-0.59939 -1.36491 -0.15949
-0.61579 -1.42916 -0.22496
-0.49048 -1.50179 -0.30100
-0.47408 -1.48140 -0.39043
-0.44881 -1.42010 -0.45589
-0.42145 -1.33432 -0.47985
-0.39934 -1.24703 -0.45589
-0.38839 -1.18164 -0.39043
-0.39154 -1.15566 -0.30100
-0.40794 -1.17605 -0.21158
-0.43321 -1.23735 -0.14612
-0.46056 -1.32314 -0.12216
-0.48268 -1.41042 -0.14612
-0.49363 -1.47581 -0.21158
-0.36266 -1.53767 -0.28763
-0.34803 -1.51597 -0.37705
-0.32800 -1.45277 -0.44251
-0.30794 -1.36499 -0.46647
-0.29323 -1.27616 -0.44251
-0.28781 -1.21008 -0.37705
-0.29313 -1.18445 -0.28763
-0.30776 -1.20615 -0.19820
-0.32779 -1.26935 -0.13274
-0.34785 -1.35713 -0.10878
-0.36256 -1.44596 -0.13274
-0.36798 -1.51204 -0.19820
-0.23229 -1.56269 -0.27425
-0.21952 -1.53984 -0.36367
-0.20487 -1.47518 -0.42913
-0.19225 -1.38602 -0.45309
-0.18505 -1.29627 -0.42913
-0.18520 -1.22997 -0.36367
-0.19265 -1.20488 -0.27425
-0.20541 -1.22773 -0.18482
-0.22006 -1.29239 -0.11936
-0.23268 -1.38154 -0.09540
-0.23988 -1.47130 -0.11936
-0.23974 -1.53760 -0.18482
-0.10027 -1.57667 -0.26087
-0.08947 -1.55283 -0.35029
-0.08030 -1.48717 -0.41576
-0.07521 -1.39727 -0.43972
-0.07557 -1.30723 -0.41576
-0.08128 -1.24117 -0.35029
-0.09081 -1.21680 -0.26087
-0.10161 -1.24064 -0.17145
-0.11078 -1.30630 -0.10598
-0.11587 -1.39620 -0.08202
-0.11551 -1.48624 -0.10598
-0.10980 -1.55230 -0.17145
0.03246 -1.57953 -0.24749
0.04122 -1.55486 -0.33692
0.04485 -1.48866 -0.40238
0.04237 -1.39865 -0.42634
0.03445 -1.30896 -0.40238
0.02321 -1.24361 -0.33692
0.01167 -1.22013 -0.24749
0.00291 -1.24479 -0.15807
-0.00072 -1.31099 -0.09261
0.00176 -1.40100 -0.06864
0.00968 -1.49069 -0.09261
0.02092 -1.55604 -0.15807
0.16496 -1.57122 -0.23411
0.17162 -1.54591 -0.32354
0.16967 -1.47964 -0.38900
0.15964 -1.39016 -0.41296
0.14422 -1.30145 -0.38900
0.12754 -1.23727 -0.32354
0.11406 -1.21484 -0.23411
0.10741 -1.24015 -0.14469
0.10935 -1.30643 -0.07923
0.11938 -1.39591 -0.05527
0.13480 -1.48462 -0.07923
0.15148 -1.54879 -0.14469
0.29629 -1.55183 -0.22074
0.30080 -1.52605 -0.31016
0.29330 -1.46017 -0.37562
0.27579 -1.37184 -0.39958
0.25298 -1.28474 -0.37562
0.23097 -1.22220 -0.31016
0.21566 -1.20097 -0.22074
0.21115 -1.22675 -0.13131
0.21865 -1.29263 -0.06585
0.23615 -1.38096 -0.04189
0.25897 -1.46806 -0.06585
0.28098 -1.53060 -0.13131
0.42553 -1.52147 -0.20736
0.42786 -1.49540 -0.29678
0.41485 -1.43039 -0.36224
0.39000 -1.34385 -0.38621
0.35995 -1.25897 -0.36224
0.33276 -1.19849 -0.29678
0.31573 -1.17863 -0.20736
0.31340 -1.20470 -0.11793
0.32640 -1.26971 -0.05247
0.35126 -1.35625 -0.02851
0.38131 -1.44113 -0.05247
0.40849 -1.50161 -0.11793
0.55177 -1.48037 -0.19398
0.55190 -1.45420 -0.28340
0.53348 -1.39051 -0.34887
0.50145 -1.30636 -0.37283
0.46438 -1.22430 -0.34887
0.43221 -1.16632 -0.28340
0.41356 -1.14796 -0.19398
0.41343 -1.17413 -0.10456
0.43185 -1.23782 -0.03909
0.46389 -1.32197 -0.01513
0.50095 -1.40403 -0.03909
0.53312 -1.46201 -0.10456
0.67411 -1.42882 -0.18060
0.67204 -1.40273 -0.27003
0.64834 -1.34081 -0.33549
0.60935 -1.25965 -0.35945
0.56553 -1.18099 -0.33549
0.52861 -1.12592 -0.27003
0.50848 -1.10918 -0.18060
0.51055 -1.13527 -0.09118
0.53425 -1.19720 -0.02572
0.57324 -1.27836 -0.00175
0.61706 -1.35702 -0.02572
0.65398 -1.41209 -0.09118
0.79169 -1.36718 -0.16722
0.78744 -1.34136 -0.25665
0.75862 -1.28164 -0.32211
0.71296 -1.20404 -0.34607
0.66268 -1.12934 -0.32211
0.62127 -1.07756 -0.25665
0.59981 -1.06258 -0.16722
0.60406 -1.08840 -0.07780
0.63288 -1.14812 -0.01234
0.67854 -1.22572 0.01162
0.72882 -1.30042 -0.01234
0.77023 -1.35220 -0.07780
0.90368 -1.29589 -0.15385
0.89727 -1.27051 -0.24327
0.86355 -1.21343 -0.30873
0.81153 -1.13993 -0.33269
0.75516 -1.06972 -0.30873
0.70954 -1.02160 -0.24327
0.68691 -1.00847 -0.15385
0.69331 -1.03384 -0.06442
0.72704 -1.09093 0.00104
0.77905 -1.16442 0.02500
0.83542 -1.23464 0.00104
0.88104 -1.28276 -0.06442
1.00928 -1.21544 -0.14047
1.00077 -1.19069 -0.22989
0.96237 -1.13664 -0.29535
0.90437 -1.06777 -0.31932
0.84230 -1.00254 -0.29535
0.79281 -0.95842 -0.22989
0.76915 -0.94724 -0.14047
0.77766 -0.97199 -0.05104
0.81606 -1.02604 0.01442
0.87406 -1.09491 0.03838
0.93613 -1.16014 0.01442
0.98562 -1.20426 -0.05104
1.10777 -1.12641 -0.12709
1.09721 -1.10247 -0.21651
1.05440 -1.05183 -0.28198
0.99082 -0.98808 -0.30594
0.92350 -0.92828 -0.28198
0.87048 -0.88847 -0.21651
0.84596 -0.87932 -0.12709
0.85652 -0.90326 -0.03767
0.89932 -0.95390 0.02780
0.96290 -1.01766 0.05176
1.03023 -1.07745 0.02780
1.08325 -1.11726 -0.03767
1.19843 -1.02943 -0.11371
1.18589 -1.00646 -0.20314
1.13899 -0.95959 -0.26860
1.07028 -0.90140 -0.29256
0.99818 -0.84747 -0.26860
0.94200 -0.81225 -0.20314
0.91680 -0.80519 -0.11371
0.92933 -0.82816 -0.02429
0.97623 -0.87503 0.04117
1.04494 -0.93322 0.06513
1.11705 -0.98715 0.04117
1.17323 -1.02237 -0.02429
1.28062 -0.92518 -0.10033
1.26621 -0.90334 -0.18976
1.21553 -0.86058 -0.25522
1.14218 -0.80836 -0.27918
1.06580 -0.76067 -0.25522
1.00687 -0.73030 -0.18976
0.98116 -0.72537 -0.10033
0.99558 -0.74722 -0.01091
1.04625 -0.78998 0.05455
1.11960 -0.84220 0.07851
1.19598 -0.88988 0.05455
1.25492 -0.92026 -0.01091
1.35378 -0.81440 -0.08696
1.33758 -0.79384 -0.17638
1.28349 -0.75549 -0.24184
1.20601 -0.70961 -0.26580
1.12590 -0.66851 -0.24184
1.06462 -0.64319 -0.17638
1.03860 -0.64044 -0.08696
1.05480 -0.66099 0.00247
1.10888 -0.69935 0.06793
1.18636 -0.74522 0.09189
1.26647 -0.78633 0.06793
1.32775 -0.81165 0.00247
1.41737 -0.69786 -0.07358
1.39950 -0.67874 -0.16300
1.34239 -0.64506 -0.22846
1.26133 -0.60585 -0.25243
1.17805 -0.57162 -0.22846
1.11487 -0.55153 -0.16300
1.08870 -0.55098 -0.07358
1.10657 -0.57010 0.01585
1.16368 -0.60378 0.08131
1.24474 -0.64299 0.10527
1.32802 -0.67722 0.08131
1.39121 -0.69731 0.01585
1.47096 -0.57640 -0.06020
1.45155 -0.55885 -0.14962
1.39181 -0.53008 -0.21509
1.30775 -0.49782 -0.23905
1.22189 -0.47070 -0.21509
1.15724 -0.45599 -0.14962
1.13111 -0.45763 -0.06020
1.15053 -0.47518 0.02922
1.21026 -0.50395 0.09469
1.29433 -0.53621 0.11865
1.38019 -0.56334 0.09469
1.44484 -0.57804 0.02922
1.51416 -0.45087 -0.04682
1.49334 -0.43501 -0.13625
1.43140 -0.41136 -0.20171
1.34492 -0.38626 -0.22567
1.25709 -0.36645 -0.20171
1.19143 -0.35722 -0.13625
1.16554 -0.36105 -0.04682
1.18636 -0.37691 0.04260
1.24830 -0.40056 0.10806
1.33478 -0.42565 0.13202
1.42261 -0.44547 0.10806
1.48827 -0.45470 0.04260
1.54666 -0.32215 -0.03344
1.52459 -0.30809 -0.12287
1.46088 -0.28973 -0.18833
1.37261 -0.27198 -0.21229
1.28342 -0.25961 -0.18833
1.21722 -0.25593 -0.12287
1.19174 -0.26192 -0.03344
1.21381 -0.27598 0.05598
1.27752 -0.29434 0.12144
1.36580 -0.31209 0.14540
1.45499 -0.32446 0.12144
1.52119 -0.32814 0.05598
1.56825 -0.19116 -0.02007
1.54507 -0.17900 -0.10949
1.48005 -0.16606 -0.17495
1.39059 -0.15578 -0.19891
1.30068 -0.15094 -0.17495
1.23441 -0.15283 -0.10949
1.20952 -0.16094 -0.02007
1.23270 -0.17310 0.06936
1.29773 -0.18604 0.13482
1.38718 -0.19632 0.15878
1.47709 -0.20116 0.13482
1.54337 -0.19927 0.06936
1.57876 -0.05882 -0.00669
1.55465 -0.04865 -0.09611
1.48876 -0.04121 -0.16158
1.39876 -0.03848 -0.18554
1.30876 -0.04121 -0.16158
1.24288 -0.04865 -0.09611
1.21876 -0.05882 -0.00669
1.24288 -0.06899 0.08273
1.30876 -0.07643 0.14820
1.39876 -0.07916 0.17216
1.48876 -0.07643 0.14820
1.55465 -0.06899 0.08273
1.57813 0.07393 0.00669
1.55324 0.08204 -0.08273
1.48697 0.08393 -0.14820
1.39706 0.07909 -0.17216
1.30760 0.06882 -0.14820
1.24258 0.05587 -0.08273
1.21940 0.04371 0.00669
1.24428 0.03560 0.09611
1.31056 0.03371 0.16158
1.40047 0.03856 0.18554
1.48992 0.04883 0.16158
1.55495 0.06178 0.09611
1.56635 0.20617 0.02007
1.54087 0.21216 -0.06936
1.47467 0.20847 -0.13482
1.38548 0.19610 -0.15878
1.29721 0.17836 -0.13482
1.23350 0.15999 -0.06936
1.21142 0.14593 0.02007
1.23690 0.13994 0.10949
1.30310 0.14363 0.17495
1.39229 0.15600 0.19891
1.48056 0.17374 0.17495
1.54428 0.19211 0.10949
1.54351 0.33695 0.03344
1.51762 0.34078 -0.05598
1.45196 0.33155 -0.12144
1.36413 0.31173 -0.14540
1.27765 0.28664 -0.12144
1.21571 0.26299 -0.05598
1.19490 0.24712 0.03344
1.22079 0.24329 0.12287
1.28644 0.25252 0.18833
1.37428 0.27234 0.21229
1.46075 0.29743 0.18833
1.52269 0.32108 0.12287
1.50977 0.46535 0.04682
1.48365 0.46699 -0.04260
1.41900 0.45228 -0.10806
1.33314 0.42516 -0.13202
1.24908 0.39289 -0.10806
1.18934 0.36413 -0.04260
1.16993 0.34657 0.04682
1.19605 0.34493 0.13625
1.26070 0.35964 0.20171
1.34656 0.38676 0.22567
1.43062 0.41903 0.20171
1.49036 0.44779 0.13625
1.46537 0.59046 0.06020
1.43921 0.58990 -0.02922
1.37602 0.56982 -0.09469
1.29274 0.53558 -0.11865
1.21168 0.49637 -0.09469
1.15457 0.46270 -0.02922
1.13670 0.44357 0.06020
1.16287 0.44413 0.14962
1.22605 0.46421 0.21509
1.30933 0.49845 0.23905
1.39039 0.53766 0.21509
1.44750 0.57133 0.14962
1.41062 0.71140 0.07358
1.38460 0.70865 -0.01585
1.32332 0.68333 -0.08131
1.24321 0.64223 -0.10527
1.16573 0.59635 -0.08131
1.11165 0.55800 -0.01585
1.09545 0.53744 0.07358
1.12147 0.54019 0.16300
1.18275 0.56551 0.22846
1.26286 0.60662 0.25243
1.34034 0.65249 0.22846
1.39443 0.69085 0.16300
1.34592 0.82732 0.08696
1.32021 0.82240 -0.00247
1.26128 0.79202 -0.06793
1.18490 0.74434 -0.09189
1.11155 0.69212 -0.06793
1.06087 0.64936 -0.00247
1.04646 0.62751 0.08696
1.07216 0.63244 0.17638
1.13110 0.66281 0.24184
1.20748 0.71050 0.26580
1.28083 0.76272 0.24184
1.33150 0.80548 0.17638
1.27171 0.93740 0.10033
1.24651 0.93033 0.01091
1.19033 0.89512 -0.05455
1.11822 0.84119 -0.07851
1.04951 0.78300 -0.05455
1.00261 0.73613 0.01091
0.99008 0.71316 0.10033
1.01528 0.72022 0.18976
1.07146 0.75544 0.25522
1.14356 0.80937 0.27918
1.21227 0.86756 0.25522
1.25917 0.91442 0.18976
1.18851 1.04086 0.11371
1.16400 1.03170 0.02429
1.11097 0.99189 -0.04117
1.04365 0.93210 -0.06513
0.98007 0.86834 -0.04117
0.93727 0.81771 0.02429
0.92671 0.79376 0.11371
0.95123 0.80292 0.20314
1.00425 0.84273 0.26860
1.07157 0.90252 0.29256
1.13515 0.96628 0.26860
1.17796 1.01691 0.20314
1.09693 1.13697 0.12709
1.07327 1.12579 0.03767
1.02377 1.08167 -0.02780
0.96171 1.01643 -0.05176
0.90371 0.94756 -0.02780
0.86530 0.89351 0.03767
0.85679 0.86876 0.12709
0.88046 0.87995 0.21651
0.92995 0.92407 0.28198
0.99201 0.98930 0.30594
1.05002 1.05817 0.28198
1.08842 1.11222 0.21651
0.99760 1.22505 0.14047
0.97496 1.21192 0.05104
0.92935 1.16380 -0.01442
0.87298 1.09359 -0.03838
0.82096 1.02009 -0.01442
0.78723 0.96301 0.05104
0.78083 0.93763 0.14047
0.80347 0.95076 0.22989
0.84909 0.99888 0.29535
0.90545 1.06909 0.31932
0.95747 1.14259 0.29535
0.99120 1.19967 0.22989
0.89123 1.30448 0.15385
0.86977 1.28950 0.06442
0.82836 1.23772 -0.00104
0.77808 1.16302 -0.02500
0.73242 1.08541 -0.00104
0.70360 1.02570 0.06442
0.69935 0.99987 0.15385
0.72081 1.01486 0.24327
0.76222 1.06664 0.30873
0.81250 1.14134 0.33269
0.85816 1.21894 0.30873
0.88698 1.27866 0.24327
0.77856 1.37470 0.16722
0.75844 1.35797 0.07780
0.72152 1.30289 0.01234
0.67769 1.22424 -0.01162
0.63871 1.14307 0.01234
0.61500 1.08115 0.07780
0.61294 1.05506 0.16722
0.63306 1.07179 0.25665
0.66998 1.12687 0.32211
0.71381 1.20552 0.34607
0.75279 1.28669 0.32211
0.77650 1.34861 0.25665
0.66040 1.43521 0.18060
0.64175 1.41685 0.09118
0.60958 1.35887 0.02572
0.57252 1.27681 0.00175
0.54048 1.19266 0.02572
0.52206 1.12897 0.09118
0.52219 1.10280 0.18060
0.54084 1.12116 0.27003
0.57301 1.17914 0.33549
0.61007 1.26120 0.35945
0.64211 1.34535 0.33549
0.66053 1.40904 0.27003
0.53757 1.48559 0.19398
0.52053 1.46572 0.10456
0.49334 1.40525 0.03909
0.46330 1.32037 0.01513
0.43844 1.23383 0.03909
0.42543 1.16881 0.10456
0.42776 1.14274 0.19398
0.44480 1.16261 0.28340
0.47199 1.22308 0.34887
0.50203 1.30796 0.37283
0.52689 1.39451 0.34887
0.53990 1.45952 0.28340
0.41095 1.52548 0.20736
0.39563 1.50425 0.11793
0.37362 1.44171 0.05247
0.35081 1.35461 0.02851
0.33330 1.26628 0.05247
0.32580 1.20040 0.11793
0.33031 1.17462 0.20736
0.34562 1.19585 0.29678
0.36764 1.25839 0.36224
0.39045 1.34549 0.38621
0.40795 1.43382 0.36224
0.41545 1.49970 0.29678
0.28142 1.55459 0.22074
0.26794 1.53216 0.13131
0.25126 1.46799 0.06585
0.23584 1.37928 0.04189
0.22581 1.28979 0.06585
0.22387 1.22352 0.13131
0.23053 1.19821 0.22074
0.24400 1.22064 0.31016
0.26069 1.28481 0.37562
0.27611 1.37353 0.39958
0.28613 1.46301 0.37562
0.28808 1.52928 0.31016
0.14991 1.57273 0.23411
0.13836 1.54924 0.14469
0.12713 1.48390 0.07923
0.11921 1.39421 0.05527
0.11673 1.30420 0.07923
0.12036 1.23799 0.14469
0.12912 1.21333 0.23411
0.14066 1.23682 0.32354
0.15190 1.30216 0.38900
0.15981 1.39186 0.41296
0.16229 1.48186 0.38900
0.15867 1.54807 0.32354
0.01734 1.57976 0.24749
0.00780 1.55539 0.15807
0.00209 1.48933 0.09261
0.00173 1.39929 0.06864
0.00682 1.30939 0.09261
0.01599 1.24373 0.15807
0.02679 1.21989 0.24749
0.03632 1.24426 0.33692
0.04203 1.31032 0.40238
0.04239 1.40036 0.42634
0.03731 1.49026 0.40238
0.02813 1.55592 0.33692
-0.11536 1.57564 0.26087
-0.12281 1.55055 0.17145
-0.12295 1.48425 0.10598
-0.11575 1.39450 0.08202
-0.10314 1.30534 0.10598
-0.08848 1.24068 0.17145
-0.07572 1.21783 0.26087
-0.06827 1.24292 0.35029
-0.06812 1.30922 0.41576
-0.07533 1.39898 0.43972
-0.08794 1.48813 0.41576
-0.10260 1.55279 0.35029
-0.24724 1.56039 0.27425
-0.25256 1.53477 0.18482
-0.24713 1.46869 0.11936
-0.23242 1.37986 0.09540
-0.21237 1.29208 0.11936
-0.19233 1.22887 0.18482
-0.17770 1.20717 0.27425
-0.17238 1.23280 0.36367
-0.17780 1.29888 0.42913
-0.19251 1.38771 0.45309
-0.21257 1.47549 0.42913
-0.23260 1.53870 0.36367
-0.37737 1.53413 0.28763
-0.38052 1.50815 0.19820
-0.36957 1.44275 0.13274
-0.34745 1.35547 0.10878
-0.32009 1.26969 0.13274
-0.29483 1.20838 0.19820
-0.27842 1.18799 0.28763
-0.27527 1.21397 0.37705
-0.28622 1.27937 0.44251
-0.30834 1.36665 0.46647
-0.33570 1.45243 0.44251
-0.36096 1.51374 0.37705
-0.50484 1.49703 0.30100
-0.50579 1.47087 0.21158
-0.48939 1.40663 0.14612
-0.46003 1.32151 0.12216
-0.42556 1.23833 0.14612
-0.39524 1.17936 0.21158
-0.37718 1.16042 0.30100
-0.37622 1.18658 0.39043
-0.39263 1.25082 0.45589
-0.42199 1.33594 0.47985
-0.45646 1.41912 0.45589
-0.48678 1.47809 0.39043
-0.62874 1.44936 0.31438
-0.62750 1.42322 0.22496
-0.60576 1.36058 0.15949
-0.56935 1.27823 0.13553
-0.52803 1.19823 0.15949
-0.49286 1.14202 0.22496
-0.47327 1.12466 0.31438
-0.47452 1.15080 0.40380
-0.49626 1.21344 0.46927
-0.53266 1.29579 0.49323
-0.57399 1.37579 0.46927
-0.60916 1.43200 0.40380
-0.74821 1.39145 0.32776
-0.74477 1.36551 0.23834
-0.71785 1.30492 0.17287
-0.67466 1.22591 0.14891
-0.62676 1.14967 0.17287
-0.58700 1.09661 0.23834
-0.56603 1.08095 0.32776
-0.56946 1.10690 0.41718
-0.59638 1.16749 0.48265
-0.63957 1.24650 0.50661
-0.68747 1.32274 0.48265
-0.72723 1.37580 0.41718
-0.86239 1.32372 0.34114
-0.85679 1.29816 0.25171
-0.82487 1.24004 0.18625
-0.77520 1.16494 0.16229
-0.72107 1.09298 0.18625
-0.67700 1.04345 0.25171
-0.65478 1.02961 0.34114
-0.66038 1.05518 0.43056
-0.69229 1.11330 0.49602
-0.74197 1.18840 0.51998
-0.79610 1.26035 0.49602
-0.84017 1.30989 0.43056
-0.97048 1.24665 0.35452
-0.96275 1.22164 0.26509
-0.92607 1.16641 0.19963
-0.87027 1.09574 0.17567
-0.81029 1.02859 0.19963
-0.76221 0.98293 0.26509
-0.73891 0.97101 0.35452
-0.74664 0.99601 0.44394
-0.78332 1.05125 0.50940
-0.83912 1.12191 0.53336
-0.89910 1.18907 0.50940
-0.94718 1.23472 0.44394
-1.07172 1.16077 0.36789
-1.06192 1.13650 0.27847
-1.02073 1.08454 0.21301
-0.95919 1.01881 0.18905
-0.89379 0.95693 0.21301
-0.84204 0.91547 0.27847
-0.81783 0.90554 0.36789
-0.82762 0.92981 0.45732
-0.86881 0.98177 0.52278
-0.93035 1.04750 0.54674
-0.99576 1.10938 0.52278
-1.04750 1.15084 0.45732
-1.16539 1.06669 0.38127
-1.15359 1.04333 0.29185
-1.10818 0.99501 0.22638
-1.04134 0.93468 0.20242
-0.97097 0.87851 0.22638
-0.91593 0.84154 0.29185
-0.89097 0.83368 0.38127
-0.90277 0.85704 0.47069
-0.94817 0.90536 0.53616
-1.01501 0.96569 0.56012
-1.08538 1.02186 0.53616
-1.14042 1.05883 0.47069
-1.25083 0.96508 0.39465
-1.23711 0.94280 0.30523
-1.18781 0.89846 0.23976
-1.11614 0.84396 0.21580
-1.04130 0.79389 0.23976
-0.98335 0.76167 0.30523
-0.95781 0.75594 0.39465
-0.97153 0.77822 0.48407
-1.02083 0.82256 0.54954
-1.09251 0.87706 0.57350
-1.16734 0.92713 0.54954
-1.22529 0.95935 0.48407
-1.32744 0.85666 0.40803
-1.31189 0.83560 0.31860
-1.25905 0.79556 0.25314
-1.18305 0.74727 0.22918
-1.10428 0.70366 0.25314
-1.04383 0.67642 0.31860
-1.01790 0.67285 0.40803
-1.03344 0.69391 0.49745
-1.08629 0.73395 0.56291
-1.16228 0.78224 0.58687
-1.24106 0.82585 0.56291
-1.30151 0.85309 0.49745
-1.39467 0.74219 0.42140
-1.37742 0.72251 0.33198
-1.32139 0.68705 0.26652
-1.24161 0.64530 0.24256
-1.15945 0.60846 0.26652
-1.09693 0.58640 0.33198
-1.07079 0.58502 0.42140
-1.08805 0.60469 0.51083
-1.14407 0.64015 0.57629
-1.22385 0.68190 0.60025
-1.30601 0.71874 0.57629
-1.36854 0.74081 0.51083
-1.45206 0.62247 0.43478
-1.43321 0.60431 0.34536
-1.37441 0.57368 0.27990
-1.29141 0.53878 0.25594
-1.20645 0.50897 0.27990
-1.14229 0.49223 0.34536
-1.11613 0.49305 0.43478
-1.13498 0.51121 0.52421
-1.19378 0.54184 0.58967
-1.27678 0.57674 0.61363
-1.36175 0.60655 0.58967
-1.42590 0.62329 0.52421
-1.49920 0.49837 0.44816
-1.47889 0.48185 0.35874
-1.41772 0.45627 0.29327
-1.33208 0.42846 0.26931
-1.24492 0.40588 0.29327
-1.17958 0.39459 0.35874
-1.15358 0.39760 0.44816
-1.17389 0.41411 0.53758
-1.23506 0.43970 0.60305
-1.32070 0.46751 0.62701
-1.40786 0.49008 0.60305
-1.47320 0.50138 0.53758
-1.53574 0.37074 0.46154
-1.51412 0.35599 0.37211
-1.45102 0.33563 0.30665
-1.36335 0.31511 0.28269
-1.27460 0.29993 0.30665
-1.20855 0.29416 0.37211
-1.18289 0.29935 0.46154
-1.20451 0.31410 0.55096
-1.26761 0.33446 0.61642
-1.35529 0.35498 0.64039
-1.44404 0.37015 0.61642
-1.51009 0.37592 0.55096
-1.56145 0.24049 0.47492
-1.53867 0.22761 0.38549
-1.47408 0.21262 0.32003
-1.38499 0.19953 0.29607
-1.29528 0.19186 0.32003
-1.22898 0.19166 0.38549
-1.20385 0.19898 0.47492
-1.22663 0.21186 0.56434
-1.29122 0.22685 0.62980
-1.38030 0.23994 0.65376
-1.47002 0.24761 0.62980
-1.53632 0.24781 0.56434
-1.57613 0.10855 0.48829
-1.55234 0.09762 0.39887
-1.48673 0.08811 0.33341
-1.39686 0.08255 0.30945
-1.30681 0.08244 0.33341
-1.24073 0.08780 0.39887
-1.21630 0.09720 0.48829
-1.24009 0.10813 0.57772
-1.30570 0.11764 0.64318
-1.39557 0.12320 0.66714
-1.48562 0.12332 0.64318
-1.55170 0.11795 0.57772
-1.57967 -0.02416 0.50167
-1.55506 -0.03305 0.41225
-1.48887 -0.03702 0.34679
-1.39885 -0.03502 0.32282
-1.30912 -0.02757 0.34679
-1.24372 -0.01668 0.41225
-1.22017 -0.00526 0.50167
-1.24479 0.00363 0.59110
-1.31097 0.00761 0.65656
-1.40099 0.00560 0.68052
-1.49072 -0.00185 0.65656
-1.55613 -0.01274 0.59110
-1.57207 -0.15670 0.51505
-1.54679 -0.16349 0.42563
-1.48051 -0.16189 0.36016
-1.39098 -0.15234 0.33620
-1.30219 -0.13738 0.36016
-1.23793 -0.12104 0.42563
-1.21542 -0.10768 0.51505
-1.24070 -0.10089 0.60447
-1.30698 -0.10249 0.66994
-1.39651 -0.11204 0.69390
-1.48531 -0.12700 0.66994
-1.54956 -0.14334 0.60447
-1.55336 -0.28813 0.52843
-1.52761 -0.29278 0.43900
-1.46169 -0.28562 0.37354
-1.37327 -0.26858 0.34958
-1.28605 -0.24623 0.37354
-1.22340 -0.22454 0.43900
-1.20209 -0.20934 0.52843
-1.22785 -0.20470 0.61785
-1.29376 -0.21186 0.68331
-1.38218 -0.22889 0.70728
-1.46940 -0.25125 0.68331
-1.53206 -0.27293 0.61785
-1.52369 -0.41753 0.54181
-1.49763 -0.42000 0.45238
-1.43255 -0.40733 0.38692
-1.34588 -0.38293 0.36296
-1.26084 -0.35333 0.38692
-1.20022 -0.32646 0.45238
-1.18027 -0.30953 0.54181
-1.20633 -0.30706 0.63123
-1.27141 -0.31973 0.69669
-1.35808 -0.34413 0.72065
-1.44312 -0.37373 0.69669
-1.50373 -0.40060 0.63123
-1.48325 -0.54398 0.55518
-1.45708 -0.54425 0.46576
-1.39329 -0.52617 0.40030
-1.30898 -0.49458 0.37634
-1.22672 -0.45794 0.40030
-1.16858 -0.42608 0.46576
-1.15012 -0.40753 0.55518
-1.17629 -0.40726 0.64461
-1.24008 -0.42534 0.71007
-1.32439 -0.45694 0.73403
-1.40664 -0.49357 0.71007
-1.46479 -0.52543 0.64461
-1.43234 -0.66659 0.56856
-1.40624 -0.66466 0.47914
-1.34420 -0.64129 0.41368
-1.26283 -0.60273 0.38971
-1.18395 -0.55932 0.41368
-1.12868 -0.52268 0.47914
-1.11184 -0.50265 0.56856
-1.13794 -0.50458 0.65799
-1.19999 -0.52795 0.72345
-1.28135 -0.56651 0.74741
-1.36024 -0.60993 0.72345
-1.41551 -0.64656 0.65799
-1.37132 -0.78449 0.58194
-1.34548 -0.78038 0.49252
-1.28561 -0.75188 0.42705
-1.20777 -0.70662 0.40309
-1.13281 -0.65674 0.42705
-1.08081 -0.61560 0.49252
-1.06571 -0.59422 0.58194
-1.09156 -0.59833 0.67136
-1.15142 -0.62684 0.73683
-1.22927 -0.67209 0.76079
-1.30423 -0.72197 0.73683
-1.35623 -0.76311 0.67136
-1.30062 -0.89686 0.59532
-1.27521 -0.89059 0.50589
-1.21795 -0.85716 0.44043
-1.14418 -0.80553 0.41647
-1.07367 -0.74953 0.44043
-1.02531 -0.70417 0.50589
-1.01206 -0.68160 0.59532
-1.03747 -0.68787 0.68474
-1.09473 -0.72129 0.75020
-1.16850 -0.77293 0.77417
-1.23901 -0.82892 0.75020
-1.28737 -0.87429 0.68474
-1.22073 -1.00289 0.60870
-1.19593 -0.99451 0.51927
-1.14168 -0.95639 0.45381
-1.07251 -0.89875 0.42985
-1.00695 -0.83703 0.45381
-0.96257 -0.78776 0.51927
-0.95126 -0.76416 0.60870
-0.97606 -0.77254 0.69812
-1.03031 -0.81066 0.76358
-1.09948 -0.86830 0.78754
-1.16504 -0.93002 0.76358
-1.20942 -0.97928 0.69812
-1.13222 -1.10183 0.62207
-1.10822 -1.09140 0.53265
-1.05736 -1.04886 0.46719
-0.99327 -0.98562 0.44323
-0.93312 -0.91861 0.46719
-0.89303 -0.86580 0.53265
-0.88375 -0.84133 0.62207
-0.90775 -0.85176 0.71150
-0.95861 -0.89430 0.77696
-1.02270 -0.95754 0.80092
-1.08285 -1.02455 0.77696
-1.12293 -1.07736 0.71150
-1.03571 -1.19300 0.63545
-1.01267 -1.18059 0.54603
-0.96556 -1.13393 0.48057
-0.90701 -1.06553 0.45660
-0.85270 -0.99371 0.48057
-0.81719 -0.93772 0.54603
-0.80999 -0.91255 0.63545
-0.83304 -0.92497 0.72488
-0.88014 -0.97162 0.79034
-0.93870 -1.04003 0.81430
-0.99300 -1.11185 0.79034
-1.02852 -1.16784 0.72488
-0.93190 -1.27574 0.64883
-0.90998 -1.26144 0.55941
-0.86695 -1.21099 0.49394
-0.81435 -1.13792 0.46998
-0.76626 -1.06179 0.49394
-0.73558 -1.00302 0.55941
-0.73052 -0.97734 0.64883
-0.75244 -0.99164 0.73825
-0.79546 -1.04209 0.80372
-0.84807 -1.11516 0.82768
-0.89615 -1.19129 0.80372
-0.92684 -1.25007 0.73825
-0.82150 -1.34948 0.66221
-0.80086 -1.33339 0.57278
-0.76222 -1.27951 0.50732
-0.71594 -1.20227 0.48336
-0.67441 -1.12238 0.50732
-0.64877 -1.06123 0.57278
-0.64588 -1.03522 0.66221
-0.66653 -1.05131 0.75163
-0.70516 -1.10519 0.81709
-0.75145 -1.18243 0.84105
-0.79297 -1.26232 0.81709
-0.81861 -1.32347 0.75163
-0.70530 -1.41369 0.67559
-0.68608 -1.39592 0.58616
-0.65211 -1.33898 0.52070
-0.61247 -1.25813 0.49674
-0.57780 -1.17504 0.52070
-0.55738 -1.11195 0.58616
-0.55669 -1.08579 0.67559
-0.57591 -1.10356 0.76501
-0.60988 -1.16049 0.83047
-0.64952 -1.24134 0.85443
-0.68419 -1.32444 0.83047
-0.70461 -1.38752 0.76501
-0.58412 -1.46791 0.68896
-0.56646 -1.44859 0.59954
-0.53739 -1.38900 0.53408
-0.50468 -1.30511 0.51012
-0.47711 -1.21940 0.53408
-0.46206 -1.15482 0.59954
-0.46356 -1.12870 0.68896
-0.48122 -1.14801 0.77839
-0.51030 -1.20760 0.84385
-0.54301 -1.29149 0.86781
-0.57058 -1.37721 0.84385
-0.58563 -1.44178 0.77839
-0.45882 -1.51177 0.70234
-0.44284 -1.49104 0.61292
-0.41887 -1.42922 0.54745
-0.39332 -1.34288 0.52349
-0.37305 -1.25515 0.54745
-0.36347 -1.18954 0.61292
-0.36717 -1.16363 0.70234
-0.38314 -1.18436 0.79176
-0.40711 -1.24618 0.85723
-0.43266 -1.33252 0.88119
-0.45294 -1.42025 0.85723
-0.46251 -1.48586 0.79176
-0.33027 -1.54495 0.71572
-0.31610 -1.52295 0.62630
-0.29740 -1.45934 0.56083
-0.27919 -1.37116 0.53687
-0.26635 -1.28204 0.56083
-0.26232 -1.21586 0.62630
-0.26817 -1.19035 0.71572
-0.28235 -1.21235 0.80514
-0.30105 -1.27596 0.87061
-0.31926 -1.36414 0.89457
-0.33210 -1.45326 0.87061
-0.33613 -1.51944 0.80514
-0.19940 -1.56723 0.72910
-0.18712 -1.54411 0.63967
-0.17383 -1.47915 0.57421
-0.16309 -1.38976 0.55025
-0.15777 -1.29987 0.57421
-0.15931 -1.23359 0.63967
-0.16729 -1.20866 0.72910
-0.17957 -1.23177 0.81852
-0.19286 -1.29673 0.88398
-0.20360 -1.38613 0.90794
-0.20891 -1.47601 0.88398
-0.20738 -1.54230 0.81852
-0.06712 -1.57843 0.74247
-0.05682 -1.55437 0.65305
-0.04903 -1.48853 0.58759
-0.04583 -1.39854 0.56363
-0.04808 -1.30853 0.58759
-0.05518 -1.24261 0.65305
-0.06522 -1.21844 0.74247
-0.07552 -1.24250 0.83190
-0.08331 -1.30834 0.89736
-0.08651 -1.39833 0.92132
-0.08425 -1.48834 0.89736
-0.07716 -1.55426 0.83190
0.06564 -1.57849 0.75585
0.07388 -1.55365 0.66643
0.07612 -1.48739 0.60097
0.07175 -1.39745 0.57701
0.06195 -1.30795 0.60097
0.04934 -1.24285 0.66643
0.03730 -1.21961 0.75585
0.02906 -1.24445 0.84528
0.02683 -1.31072 0.91074
0.03120 -1.40065 0.93470
0.04100 -1.49016 0.91074
0.05361 -1.55525 0.84528
0.19794 -1.56741 0.76923
0.20406 -1.54197 0.67981
0.20072 -1.47575 0.61434
0.18882 -1.38649 0.59038
0.17154 -1.29813 0.61434
0.15351 -1.23432 0.67981
0.13957 -1.21217 0.76923
0.13344 -1.23762 0.85865
0.13678 -1.30384 0.92412
0.14868 -1.39309 0.94808
0.16596 -1.48146 0.92412
0.18399 -1.54526 0.85865
0.32883 -1.54526 0.78261
0.33280 -1.51939 0.69319
0.32391 -1.45368 0.62772
0.30456 -1.36575 0.60376
0.27992 -1.27914 0.62772
0.25660 -1.21708 0.69319
0.24084 -1.19618 0.78261
0.23688 -1.22205 0.87203
0.24576 -1.28775 0.93750
0.26512 -1.37569 0.96146
0.28976 -1.46229 0.93750
0.31308 -1.52436 0.87203
0.45741 -1.51219 0.79599
0.45919 -1.48608 0.70656
0.44482 -1.42136 0.64110
0.41815 -1.33536 0.61714
0.38632 -1.25113 0.64110
0.35787 -1.19124 0.70656
0.34042 -1.17173 0.79599
0.33864 -1.19784 0.88541
0.35301 -1.26257 0.95087
0.37968 -1.34857 0.97483
0.41150 -1.43280 0.95087
0.43995 -1.49269 0.88541
0.58275 -1.46845 0.80936
0.58233 -1.44229 0.71994
0.56258 -1.37899 0.65448
0.52878 -1.29553 0.63052
0.49000 -1.21427 0.65448
0.45662 -1.15698 0.71994
0.43759 -1.13902 0.80936
0.43801 -1.16518 0.89879
0.45777 -1.22848 0.96425
0.49156 -1.31193 0.98821
0.53034 -1.39320 0.96425
0.56372 -1.45049 0.89879
0.70398 -1.41434 0.82274
0.70137 -1.38830 0.73332
0.67637 -1.32689 0.66786
0.63569 -1.24656 0.64390
0.59022 -1.16885 0.66786
0.55215 -1.11456 0.73332
0.53168 -1.09825 0.82274
0.53429 -1.12430 0.91217
0.55929 -1.18571 0.97763
0.59997 -1.26603 1.00159
0.64544 -1.34375 0.97763
0.68351 -1.39804 0.91217
0.82024 -1.35025 0.83612
0.81545 -1.32452 0.74670
0.78538 -1.26542 0.68123
0.73810 -1.18879 0.65727
0.68627 -1.11517 0.68123
0.64377 -1.06427 0.74670
0.62201 -1.04974 0.83612
0.62680 -1.07547 0.92554
0.65686 -1.13456 0.99101
0.70415 -1.21119 1.01497
0.75598 -1.28482 0.99101
0.79847 -1.33571 0.92554
0.93071 -1.27661 0.84950
0.92377 -1.25138 0.76007
0.88885 -1.19501 0.69461
0.83530 -1.12263 0.67065
0.77747 -1.05361 0.69461
0.73085 -1.00646 0.76007
0.70794 -0.99381 0.84950
0.71488 -1.01905 0.93892
0.74980 -1.07541 1.00438
0.80335 -1.14780 1.02835
0.86118 -1.21681 1.00438
0.90780 -1.26396 0.93892
1.03460 -1.19397 0.86288
1.02557 -1.16940 0.77345
0.98604 -1.11617 0.70799
0.92660 -1.04853 0.68403
0.86318 -0.98462 0.70799
0.81277 -0.94155 0.77345
0.78888 -0.93087 0.86288
0.79791 -0.95543 0.95230
0.83744 -1.00866 1.01776
0.89688 -1.07630 1.04172
0.96030 -1.14021 1.01776
1.01071 -1.18328 0.95230
1.13119 -1.10289 0.87625
1.12013 -1.07917 0.78683
1.07627 -1.02944 0.72137
1.01137 -0.96704 0.69741
0.94280 -0.90867 0.72137
0.88895 -0.86999 0.78683
0.86425 -0.86135 0.87625
0.87531 -0.88507 0.96568
0.91917 -0.93479 1.03114
0.98407 -0.99720 1.05510
1.05264 -1.05556 1.03114
1.10649 -1.09425 0.96568
1.21979 -1.00402 0.88963
1.20678 -0.98132 0.80021
1.15890 -0.93545 0.73475
1.08898 -0.87871 0.71078
1.01576 -0.82631 0.73475
0.95886 -0.79228 0.80021
0.93351 -0.78575 0.88963
0.94653 -0.80845 0.97906
0.99440 -0.85432 1.04452
1.06432 -0.91106 1.06848
1.13754 -0.96346 1.04452
1.19445 -0.99749 0.97906
1.29978 -0.89807 0.90301
1.28491 -0.87653 0.81359
1.23335 -0.83485 0.74812
1.15891 -0.78418 0.72416
1.08155 -0.73811 0.74812
1.02199 -0.70898 0.81359
0.99619 -0.70460 0.90301
1.01106 -0.72613 0.99243
1.06262 -0.76782 1.05790
1.13705 -0.81848 1.08186
1.21442 -0.86455 1.05790
1.27398 -0.89368 0.99243
1.37059 -0.78577 0.91639
1.35396 -0.76556 0.82696
1.29908 -0.72835 0.76150
1.22066 -0.68411 0.73754
1.13970 -0.64470 0.76150
1.07790 -0.62067 0.82696
1.05183 -0.61847 0.91639
1.06845 -0.63868 1.00581
1.12333 -0.67589 1.07127
1.20176 -0.72013 1.09524
1.28271 -0.75954 1.07127
1.34451 -0.78357 1.00581
1.43172 -0.66793 0.92977
1.41346 -0.64918 0.84034
1.35565 -0.61671 0.77488
1.27379 -0.57922 0.75092
1.18981 -0.54674 0.77488
1.12621 -0.52799 0.84034
1.10004 -0.52798 0.92977
1.11830 -0.54672 1.01919
1.17611 -0.57919 1.08465
1.25797 -0.61669 1.10861
1.34195 -0.64917 1.08465
1.40555 -0.66792 1.01919
1.48274 -0.54537 0.94314
1.46297 -0.52822 0.85372
1.40264 -0.50072 0.78826
1.31792 -0.47023 0.76430
1.23151 -0.44492 0.78826
1.16656 -0.43157 0.85372
1.14048 -0.43376 0.94314
1.16026 -0.45090 1.03257
1.22059 -0.47841 1.09803
1.30531 -0.50890 1.12199
1.39172 -0.53421 1.09803
1.45666 -0.54756 1.03257
1.52330 -0.41895 0.95652
1.50215 -0.40353 0.86710
1.43973 -0.38119 0.80164
1.35274 -0.35792 0.77767
1.26451 -0.33995 0.80164
1.19868 -0.33210 0.86710
1.17287 -0.33648 0.95652
1.19402 -0.35190 1.04595
1.25644 -0.37424 1.11141
1.34342 -0.39751 1.13537
1.43166 -0.41548 1.11141
1.49749 -0.42333 1.04595
1.55309 -0.28958 0.96990
1.53073 -0.27599 0.88048
1.46665 -0.25897 0.81501
1.37802 -0.24308 0.79105
1.28859 -0.23259 0.81501
1.22233 -0.23029 0.88048
1.19698 -0.23682 0.96990
1.21934 -0.25041 1.05932
1.28343 -0.26743 1.12479
1.37206 -0.28332 1.14875
1.46148 -0.29381 1.12479
1.52775 -0.29611 1.05932
1.57192 -0.15817 0.98328
1.54849 -0.14650 0.89385
1.48321 -0.13492 0.82839
1.39356 -0.12653 0.80443
1.30357 -0.12358 0.82839
1.23735 -0.12686 0.89385
1.21264 -0.13549 0.98328
1.23606 -0.14716 1.07270
1.30135 -0.15874 1.13816
1.39100 -0.16712 1.16212
1.48099 -0.17008 1.13816
1.54721 -0.16680 1.07270
1.57965 -0.02564 0.99666
1.55533 -0.01598 0.90723
1.48930 -0.00992 0.84177
1.39926 -0.00908 0.81781
1.30934 -0.01370 0.84177
1.24363 -0.02253 0.90723
1.21973 -0.03320 0.99666
1.24405 -0.04286 1.08608
1.31008 -0.04892 1.15154
1.40012 -0.04975 1.17550
1.49004 -0.04514 1.15154
1.55575 -0.03631 1.08608
1.57623 0.10708 1.01003
1.55118 0.11466 0.92061
1.48488 0.11516 0.85515
1.39509 0.10843 0.83119
1.30587 0.09628 0.85515
1.24113 0.08196 0.92061
1.21821 0.06932 1.01003
1.24326 0.06174 1.09946
1.30956 0.06125 1.16492
1.39935 0.06797 1.18888
1.48857 0.08012 1.16492
1.55331 0.09444 1.09946
1.56167 0.23904 1.02341
1.53607 0.24449 0.93399
1.46996 0.23941 0.86853
1.38106 0.22517 0.84456
1.29317 0.20557 0.86853
1.22986 0.18588 0.93399
1.20809 0.17136 1.02341
1.23369 0.16590 1.11284
1.29980 0.17098 1.17830
1.38870 0.18522 1.20226
1.47659 0.20482 1.17830
1.53990 0.22451 1.11284
1.53609 0.36930 1.03679
1.51012 0.37259 0.94737
1.44467 0.36198 0.88190
1.35728 0.34032 0.85794
1.27135 0.31342 0.88190
1.20992 0.28848 0.94737
1.18944 0.27218 1.03679
1.21540 0.26889 1.12621
1.28085 0.27950 1.19168
1.36825 0.30116 1.21564
1.45418 0.32806 1.19168
1.51561 0.35301 1.12621
1.49966 0.49697 1.05017
1.47351 0.49806 0.96074
1.40918 0.48200 0.89528
1.32391 0.45308 0.87132
1.24055 0.41905 0.89528
1.18142 0.38904 0.96074
1.16239 0.37108 1.05017
1.18854 0.36998 1.13959
1.25286 0.38605 1.20505
1.33814 0.41497 1.22901
1.42150 0.44899 1.20505
1.48062 0.47901 1.13959
1.45264 0.62112 1.06355
1.42649 0.62001 0.97412
1.36374 0.59860 0.90866
1.28120 0.56263 0.88470
1.20098 0.52172 0.90866
1.14459 0.48685 0.97412
1.12713 0.46736 1.06355
1.15328 0.46846 1.15297
1.21603 0.48987 1.21843
1.29857 0.52585 1.24239
1.37879 0.56675 1.21843
1.43518 0.60162 1.15297
1.39537 0.74089 1.07692
1.36940 0.73759 0.98750
1.30867 0.71099 0.92204
1.22944 0.66821 0.89808
1.15294 0.62071 0.92204
1.09968 0.58123 0.98750
1.08391 0.56034 1.07692
1.10987 0.56364 1.16635
1.17061 0.59024 1.23181
1.24984 0.63302 1.25577
1.32633 0.68051 1.23181
1.37960 0.71999 1.16635
1.32824 0.85542 1.09030
1.30264 0.84996 1.00088
1.24436 0.81835 0.93541
1.16900 0.76907 0.91145
1.09676 0.71532 0.93541
1.04699 0.67150 1.00088
1.03304 0.64936 1.09030
1.05864 0.65483 1.17972
1.11692 0.68644 1.24519
1.19228 0.73572 1.26915
1.26452 0.78946 1.24519
1.31428 0.83328 1.17972
1.25173 0.96391 1.10368
1.22668 0.95632 1.01426
1.17126 0.91993 0.94879
1.10030 0.86450 0.92483
1.03283 0.80487 0.94879
0.98692 0.75704 1.01426
0.97487 0.73380 1.10368
0.99992 0.74140 1.19310
1.05535 0.77778 1.25857
1.12630 0.83322 1.28253
1.19377 0.89284 1.25857
1.23968 0.94068 1.19310
1.16638 1.06560 1.11706
1.14206 1.05593 1.02763
1.08989 1.01502 0.96217
1.02384 0.95382 0.93821
0.96161 0.88875 0.96217
0.91988 0.83722 1.02763
0.90982 0.81306 1.11706
0.93414 0.82273 1.20648
0.98632 0.86364 1.27194
1.05237 0.92484 1.29590
1.11460 0.98991 1.27194
1.15633 1.04144 1.20648
1.07280 1.15977 1.13043
1.04938 1.14809 1.04101
1.00082 1.10294 0.97555
0.94014 1.03642 0.95159
0.88360 0.96634 0.97555
0.84634 0.91150 1.04101
0.83835 0.88657 1.13043
0.86177 0.89825 1.21986
0.91033 0.94340 1.28532
0.97101 1.00993 1.30928
1.02755 1.08000 1.28532
1.06481 1.13484 1.21986
0.97164 1.24574 1.14381
0.94928 1.23214 1.05439
0.90469 1.18307 0.98893
0.84981 1.11169 0.96497
0.79935 1.03711 0.98893
0.76682 0.97933 1.05439
0.76096 0.95383 1.14381
0.78332 0.96743 1.23324
0.82791 1.01650 1.29870
0.88279 1.08788 1.32266
0.93325 1.16246 1.29870
0.96577 1.22024 1.23324
0.86362 1.32292 1.15719
0.84248 1.30749 1.06777
0.80217 1.25485 1.00230
0.75347 1.17911 0.97834
0.70945 1.10056 1.00230
0.68189 1.04026 1.06777
0.67819 1.01435 1.15719
0.69933 1.02978 1.24661
0.73964 1.08242 1.31208
0.78834 1.15816 1.33604
0.83236 1.23670 1.31208
0.85992 1.29701 1.24661
0.74950 1.39076 1.17057
0.72974 1.37360 1.08114
0.69398 1.31777 1.01568
0.65182 1.23821 0.99172
0.61455 1.15624 1.01568
0.59215 1.09383 1.08114
0.59063 1.06771 1.17057
0.61040 1.08486 1.25999
0.64616 1.14070 1.32545
0.68832 1.22026 1.34942
0.72559 1.30222 1.32545
0.74799 1.36463 1.25999
0.63009 1.44877 1.18395
0.61184 1.43002 1.09452
0.58089 1.37138 1.02906
0.54556 1.28856 1.00510
0.51530 1.20375 1.02906
0.49822 1.13969 1.09452
0.49891 1.11352 1.18395
0.51716 1.13228 1.27337
0.54810 1.19092 1.33883
0.58344 1.27374 1.36279
0.61370 1.35854 1.33883
0.63078 1.42261 1.27337
0.50623 1.49656 1.19732
0.48962 1.47634 1.10790
0.46371 1.41531 1.04244
0.43545 1.32981 1.01848
0.41242 1.24277 1.04244
0.40078 1.17749 1.10790
0.40366 1.15148 1.19732
0.42028 1.17170 1.28675
0.44618 1.23273 1.35221
0.47444 1.31822 1.37617
0.49747 1.40527 1.35221
0.50911 1.47054 1.28675
0.37880 1.53377 1.21070
0.36394 1.51223 1.12128
0.34324 1.44924 1.05582
0.32227 1.36168 1.03185
0.30662 1.27301 1.05582
0.30051 1.20698 1.12128
0.30556 1.18130 1.21070
0.32042 1.20285 1.30013
0.34111 1.26584 1.36559
0.36209 1.35340 1.38955
0.37773 1.44207 1.36559
0.38385 1.50809 1.30013
0.24869 1.56016 1.22408
0.23569 1.53745 1.13466
0.22036 1.47294 1.06919
0.20681 1.38393 1.04523
0.19866 1.29425 1.06919
0.19811 1.22795 1.13466
0.20530 1.20279 1.22408
0.21830 1.22550 1.31350
0.23363 1.29001 1.37897
0.24718 1.37902 1.40293
0.25533 1.46870 1.37897
0.25588 1.53500 1.31350
0.11683 1.57553 1.23746
0.10578 1.55181 1.14803
0.09592 1.48624 1.08257
0.08989 1.39640 1.05861
0.08930 1.30636 1.08257
0.09432 1.24025 1.14803
0.10359 1.21578 1.23746
0.11464 1.23950 1.32688
0.12450 1.30507 1.39234
0.13053 1.39491 1.41631
0.13112 1.48495 1.39234
0.12610 1.55106 1.32688
-0.01586 1.57978 1.25084
-0.02488 1.55521 1.16141
-0.02920 1.48905 1.09595
-0.02767 1.39902 1.07199
-0.02069 1.30925 1.09595
-0.01014 1.24379 1.16141
0.00115 1.22018 1.25084
0.01017 1.24475 1.34026
0.01449 1.31091 1.40572
0.01296 1.40094 1.42968
0.00598 1.49071 1.40572
-0.00457 1.55617 1.34026
-0.14844 1.57287 1.26421
-0.15536 1.54763 1.17479
-0.15411 1.48134 1.10933
-0.14503 1.39176 1.08537
-0.13054 1.30289 1.10933
-0.11453 1.23855 1.17479
-0.10129 1.21597 1.26421
-0.09437 1.24121 1.35364
-0.09562 1.30750 1.41910
-0.10470 1.39708 1.44306
-0.11919 1.48595 1.41910
-0.13520 1.55029 1.35364
-0.27997 1.55485 1.27759
-0.28475 1.52912 1.18817
-0.27794 1.46317 1.12271
-0.26137 1.37467 1.09874
-0.23947 1.28733 1.12271
-0.21811 1.22456 1.18817
-0.20303 1.20317 1.27759
-0.19825 1.22890 1.36702
-0.20506 1.29486 1.43248
-0.22163 1.38336 1.45644
-0.24353 1.47070 1.43248
-0.26488 1.53347 1.36702
-0.40952 1.52586 1.29097
-0.41212 1.49982 1.20155
-0.39980 1.43467 1.13608
-0.37586 1.34787 1.11212
-0.34670 1.26268 1.13608
-0.32015 1.20192 1.20155
-0.30332 1.18188 1.29097
-0.30072 1.20792 1.38039
-0.31304 1.27307 1.44586
-0.33699 1.35987 1.46982
-0.36614 1.44506 1.44586
-0.39269 1.50582 1.38039
-0.53618 1.48609 1.30435
-0.53659 1.45992 1.21492
-0.51884 1.39604 1.14946
-0.48769 1.31156 1.12550
-0.45149 1.22911 1.14946
-0.41993 1.17080 1.21492
-0.40148 1.15224 1.30435
-0.40107 1.17841 1.39377
-0.41882 1.24229 1.45923
-0.44997 1.32678 1.48320
-0.48617 1.40922 1.45923
-0.51773 1.46753 1.39377
-0.65906 1.43583 1.31773
-0.65727 1.40972 1.22830
-0.63422 1.34755 1.16284
-0.59608 1.26598 1.13888
-0.55309 1.18687 1.16284
-0.51675 1.13141 1.22830
-0.49680 1.11447 1.31773
-0.49859 1.14058 1.40715
-0.52164 1.20274 1.47261
-0.55977 1.28431 1.49657
-0.60277 1.36342 1.47261
-0.63911 1.41888 1.40715
-0.77728 1.37542 1.33110
-0.77330 1.34956 1.24168
-0.74511 1.28954 1.17622
-0.70027 1.21146 1.15226
-0.65078 1.13624 1.17622
-0.60991 1.08403 1.24168
-0.58861 1.06882 1.33110
-0.59259 1.09469 1.42053
-0.62078 1.15470 1.48599
-0.66563 1.23278 1.50995
-0.71511 1.30800 1.48599
-0.75598 1.36022 1.42053
-0.89001 1.30531 1.34448
-0.88388 1.27987 1.25506
-0.85075 1.22243 1.18960
-0.79951 1.14839 1.16563
-0.74388 1.07759 1.18960
-0.69877 1.02900 1.25506
-0.67627 1.01563 1.34448
-0.68241 1.04107 1.43391
-0.71553 1.09851 1.49937
-0.76678 1.17254 1.52333
-0.82240 1.24335 1.49937
-0.86751 1.29194 1.43391
-0.99646 1.22598 1.35786
-0.98821 1.20114 1.26844
-0.95038 1.14669 1.20297
-0.89310 1.07722 1.17901
-0.83172 1.01133 1.20297
-0.78270 0.96670 1.26844
-0.75915 0.95527 1.35786
-0.76740 0.98010 1.44728
-0.80523 1.03455 1.51275
-0.86251 1.10403 1.53671
-0.92389 1.16991 1.51275
-0.97292 1.21455 1.44728
-1.09587 1.13799 1.37124
-1.08556 1.11393 1.28181
-1.04329 1.06285 1.21635
-0.98039 0.99843 1.19239
-0.91370 0.93793 1.21635
-0.86109 0.89757 1.28181
-0.83667 0.88816 1.37124
-0.84698 0.91221 1.46066
-0.88925 0.96330 1.52612
-0.95216 1.02772 1.55008
-1.01885 1.08821 1.52612
-1.07145 1.12858 1.46066
-1.18754 1.04197 1.38462
-1.17525 1.01886 1.29519
-1.12884 0.97151 1.22973
-1.06075 0.91260 1.20577
-0.98922 0.85791 1.22973
-0.93341 0.82211 1.29519
-0.90829 0.81478 1.38462
-0.92058 0.83788 1.47404
-0.96699 0.88524 1.53950
-1.03508 0.94415 1.56346
-1.10661 0.99883 1.53950
-1.16242 1.03464 1.47404
-1.27083 0.93859 1.39799
-1.25665 0.91659 1.30857
-1.20642 0.87330 1.24311
-1.13362 0.82032 1.21915
-1.05775 0.77183 1.24311
-0.99914 0.74084 1.30857
-0.97349 0.73564 1.39799
-0.98767 0.75764 1.48742
-1.03789 0.80093 1.55288
-1.11069 0.85391 1.57684
-1.18657 0.90240 1.55288
-1.24518 0.93339 1.48742
-1.34514 0.82858 1.41137
-1.32916 0.80785 1.32195
-1.27548 0.76893 1.25648
-1.19849 0.72224 1.23252
-1.11882 0.68030 1.25648
-1.05781 0.65434 1.32195
-1.03181 0.65131 1.41137
-1.04779 0.67204 1.50079
-1.10147 0.71096 1.56626
-1.17846 0.75765 1.59022
-1.25814 0.79959 1.56626
-1.31915 0.82555 1.50079
-1.40996 0.71272 1.42475
-1.39229 0.69341 1.33533
-1.33554 0.65913 1.26986
-1.25490 0.61907 1.24590
-1.17198 0.58397 1.26986
-1.10901 0.56322 1.33533
-1.08285 0.56239 1.42475
-1.10052 0.58170 1.51417
-1.15727 0.61597 1.57964
-1.23791 0.65603 1.60360
-1.32083 0.69114 1.57964
-1.38380 0.71189 1.51417
-1.46482 0.59182 1.43813
-1.44560 0.57407 1.34870
-1.38616 0.54468 1.28324
-1.30244 0.51153 1.25928
-1.21687 0.48351 1.28324
-1.15238 0.46812 1.34870
-1.12624 0.46949 1.43813
-1.14547 0.48725 1.52755
-1.20490 0.51664 1.59301
-1.28862 0.54978 1.61697
-1.37419 0.57781 1.59301
-1.43868 0.59319 1.52755
-1.50934 0.46675 1.45151
-1.48869 0.45067 1.36208
-1.42700 0.42637 1.29662
-1.34079 0.40037 1.27266
-1.25317 0.37964 1.29662
-1.18761 0.36972 1.36208
-1.16168 0.37327 1.45151
-1.18233 0.38936 1.54093
-1.24402 0.41365 1.60639
-1.33023 0.43965 1.63035
-1.41785 0.46039 1.60639
-1.48341 0.47031 1.54093
-1.54319 0.33839 1.46488
-1.52127 0.32409 1.37546
-1.45776 0.30506 1.31000
-1.36967 0.28639 1.28604
-1.28062 0.27308 1.31000
-1.21446 0.26870 1.37546
-1.18892 0.27442 1.46488
-1.21085 0.28872 1.55431
-1.27436 0.30775 1.61977
-1.36245 0.32642 1.64373
-1.45150 0.33973 1.61977
-1.51766 0.34411 1.55431
-1.56616 0.20763 1.47826
-1.54311 0.19523 1.38884
-1.47822 0.18160 1.32337
-1.38888 0.17039 1.29941
-1.29903 0.16460 1.32337
-1.23273 0.16579 1.38884
-1.20776 0.17364 1.47826
-1.23081 0.18604 1.56768
-1.29570 0.19967 1.63315
-1.38504 0.21088 1.65711
-1.47490 0.21667 1.63315
-1.54119 0.21548 1.56768
-1.57806 0.07541 1.49164
-1.55405 0.06498 1.40222
-1.48825 0.05685 1.33675
-1.39828 0.05318 1.31279
-1.30826 0.05496 1.33675
-1.24230 0.06171 1.40222
-1.21808 0.07162 1.49164
-1.24209 0.08205 1.58106
-1.30789 0.09018 1.64653
-1.39785 0.09385 1.67049
-1.48788 0.09207 1.64653
-1.55384 0.08532 1.58106
-1.57882 -0.05735 1.50502
-1.55402 -0.06572 1.41559
-1.48777 -0.06830 1.35013
-1.39781 -0.06440 1.32617
-1.30825 -0.05507 1.35013
-1.24309 -0.04281 1.41559
-1.21979 -0.03090 1.50502
-1.24459 -0.02253 1.59444
-1.31084 -0.01994 1.65990
-1.40080 -0.02384 1.68386
-1.49036 -0.03317 1.65990
-1.55551 -0.04544 1.59444
-1.56843 -0.18970 1.51839
-1.54302 -0.19596 1.42897
-1.47678 -0.19297 1.36351
-1.38747 -0.18153 1.33955
-1.29901 -0.16472 1.36351
-1.23511 -0.14702 1.42897
-1.21289 -0.13320 1.51839
-1.23830 -0.12694 1.60782
-1.30454 -0.12993 1.67328
-1.39385 -0.14136 1.69724
-1.48231 -0.15818 1.67328
-1.54621 -0.17587 1.60782
-1.54696 -0.32071 1.53177
-1.52112 -0.32481 1.44235
-1.45536 -0.31627 1.37689
-1.36733 -0.29738 1.35293
-1.28060 -0.27320 1.37689
-1.21841 -0.25020 1.44235
-1.19743 -0.23456 1.53177
-1.22327 -0.23045 1.62120
-1.28903 -0.23899 1.68666
-1.37706 -0.25789 1.71062
-1.46380 -0.28207 1.68666
-1.52598 -0.30507 1.62120
-1.51458 -0.44946 1.54515
-1.48848 -0.45137 1.45573
-1.42367 -0.43734 1.39026
-1.33753 -0.41113 1.36630
-1.25314 -0.37975 1.39026
-1.19310 -0.35161 1.45573
-1.17351 -0.33426 1.54515
-1.19961 -0.33234 1.63457
-1.26441 -0.34637 1.70004
-1.35055 -0.37259 1.72400
-1.43495 -0.40397 1.70004
-1.49498 -0.43211 1.63457
-1.47149 -0.57503 1.55853
-1.44532 -0.57475 1.46910
-1.38193 -0.55533 1.40364
-1.29829 -0.52197 1.37968
-1.21683 -0.48362 1.40364
-1.15937 -0.45054 1.46910
-1.14130 -0.43160 1.55853
-1.16747 -0.43189 1.64795
-1.23086 -0.45131 1.71341
-1.31450 -0.48466 1.73738
-1.39596 -0.52302 1.71341
-1.45343 -0.55609 1.64795
-1.41802 -0.69654 1.57191
-1.39197 -0.69406 1.48248
-1.33043 -0.66939 1.41702
-1.24989 -0.62913 1.39306
-1.17193 -0.58407 1.41702
-1.11745 -0.54629 1.48248
-1.10103 -0.52590 1.57191
-1.12709 -0.52838 1.66133
-1.18863 -0.55305 1.72679
-1.26917 -0.59331 1.75075
-1.34712 -0.63837 1.72679
-1.40161 -0.67616 1.66133
-1.35454 -0.81313 1.58528
-1.32878 -0.80848 1.49586
-1.26953 -0.77873 1.43040
-1.19265 -0.73184 1.40644
-1.11876 -0.68040 1.43040
-1.06764 -0.63817 1.49586
-1.05299 -0.61648 1.58528
-1.07875 -0.62114 1.67471
-1.13800 -0.65089 1.74017
-1.21487 -0.69777 1.76413
-1.28877 -0.74922 1.74017
-1.33989 -0.79144 1.67471
-1.28148 -0.92399 1.59866
-1.25621 -0.91719 1.50924
-1.19967 -0.88256 1.44378
-1.12700 -0.82939 1.41981
-1.05768 -0.77192 1.44378
-1.01029 -0.72556 1.50924
-0.99752 -0.70271 1.59866
-1.02279 -0.70951 1.68809
-1.07933 -0.74414 1.75355
-1.15200 -0.79731 1.77751
-1.22132 -0.85478 1.75355
-1.26871 -0.90114 1.68809
-1.19939 -1.02831 1.61204
-1.17477 -1.01942 1.52262
-1.12133 -0.98017 1.45715
-1.05339 -0.92108 1.43319
-0.98914 -0.85800 1.45715
-0.94581 -0.80782 1.52262
-0.93500 -0.78398 1.61204
-0.95961 -0.79288 1.70146
-1.01305 -0.83213 1.76693
-1.08099 -0.89121 1.79089
-1.14524 -0.95430 1.76693
-1.18858 -1.00448 1.70146
-1.10882 -1.12538 1.62542
-1.08504 -1.11445 1.53599
-1.03508 -1.07085 1.47053
-0.97234 -1.00627 1.44657
-0.91361 -0.93802 1.47053
-0.87464 -0.88437 1.53599
-0.86588 -0.85971 1.62542
-0.88965 -0.87065 1.71484
-0.93961 -0.91424 1.78030
-1.00235 -0.97882 1.80427
-1.06108 -1.04708 1.78030
-1.10005 -1.10072 1.71484
-1.01042 -1.21450 1.63880
-0.98764 -1.20161 1.54937
-0.94152 -1.15397 1.48391
-0.88442 -1.08435 1.45995
-0.83163 -1.01141 1.48391
-0.79731 -0.95468 1.54937
-0.79064 -0.92937 1.63880
-0.81342 -0.94227 1.72822
-0.85953 -0.98990 1.79368
-0.91664 -1.05952 1.81764
-0.96942 -1.13247 1.79368
-1.00375 -1.18919 1.72822
-0.90488 -1.29504 1.65217
-0.88327 -1.28029 1.56275
-0.84132 -1.22894 1.49729
-0.79026 -1.15478 1.47333
-0.74378 -1.07766 1.49729
-0.71434 -1.01825 1.56275
-0.70982 -0.99247 1.65217
-0.73143 -1.00723 1.74160
-0.77339 -1.05857 1.80706
-0.82445 -1.13274 1.83102
-0.87092 -1.20986 1.80706
-0.90036 -1.26927 1.74160
-0.79296 -1.36644 1.66555
-0.77266 -1.34992 1.57613
-0.73517 -1.29524 1.51067
-0.69052 -1.21705 1.48670
-0.65068 -1.13630 1.51067
-0.62633 -1.07463 1.57613
-0.62399 -1.04856 1.66555
-0.64429 -1.06508 1.75498
-0.68178 -1.11977 1.82044
-0.72643 -1.19796 1.84440
-0.76627 -1.27871 1.82044
-0.79062 -1.34038 1.75498
-0.67544 -1.42819 1.67893
-0.65660 -1.41003 1.58951
-0.62383 -1.35239 1.52404
-0.58590 -1.27073 1.50008
-0.55298 -1.18692 1.52404
-0.53390 -1.12342 1.58951
-0.53375 -1.09725 1.67893
-0.55259 -1.11542 1.76835
-0.58537 -1.17305 1.83382
-0.62329 -1.25472 1.85778
-0.65621 -1.33853 1.83382
-0.67530 -1.40202 1.76835
-0.55315 -1.47986 1.69231
-0.53590 -1.46017 1.60288
-0.50808 -1.39999 1.53742
-0.47714 -1.31543 1.51346
-0.45138 -1.22915 1.53742
-0.43769 -1.16428 1.60288
-0.43975 -1.13819 1.69231
-0.45699 -1.15787 1.78173
-0.48481 -1.21806 1.84719
-0.51575 -1.30262 1.87116
-0.54151 -1.38889 1.84719
-0.55520 -1.45377 1.78173
-0.42695 -1.52107 1.70569
-0.41142 -1.50001 1.61626
-0.38875 -1.43770 1.55080
-0.36502 -1.35084 1.52684
-0.34659 -1.26271 1.55080
-0.33840 -1.19691 1.61626
-0.34263 -1.17109 1.70569
-0.35817 -1.19215 1.79511
-0.38084 -1.25446 1.86057
-0.40456 -1.34132 1.88453
-0.42299 -1.42945 1.86057
-0.43119 -1.49525 1.79511
-0.29774 -1.55155 1.71906
-0.28403 -1.52926 1.62964
-0.26667 -1.46527 1.56418
-0.25032 -1.37672 1.54022
-0.23935 -1.28735 1.56418
-0.23671 -1.22110 1.62964
-0.24310 -1.19572 1.71906
-0.25681 -1.21801 1.80849
-0.27417 -1.28200 1.87395
-0.29052 -1.37055 1.89791
-0.30149 -1.45992 1.87395
-0.30413 -1.52617 1.80849
-0.16642 -1.57107 1.73244
-0.15463 -1.54770 1.64302
-0.14271 -1.48248 1.57756
-0.13385 -1.39288 1.55359
-0.13043 -1.30290 1.57756
-0.13336 -1.23666 1.64302
-0.14186 -1.21191 1.73244
-0.15365 -1.23527 1.82187
-0.16557 -1.30050 1.88733
-0.17443 -1.39010 1.91129
-0.17785 -1.48008 1.88733
-0.17492 -1.54632 1.82187
-0.03393 -1.57949 1.74582
-0.02415 -1.55522 1.65640
-0.01774 -1.48923 1.59093
-0.01644 -1.39920 1.56697
-0.02058 -1.30925 1.59093
-0.02906 -1.24349 1.65640
-0.03961 -1.21954 1.74582
-0.04939 -1.24381 1.83524
-0.05580 -1.30981 1.90071
-0.05711 -1.39984 1.92467
-0.05296 -1.48978 1.90071
-0.04448 -1.55554 1.83524
0.09880 -1.57677 1.75920
0.10651 -1.55176 1.66977
0.10735 -1.48546 1.60431
0.10110 -1.39564 1.58035
0.08942 -1.30636 1.60431
0.07544 -1.24154 1.66977
0.06292 -1.21856 1.75920
0.05521 -1.24357 1.84862
0.05436 -1.30987 1.91408
0.06062 -1.39969 1.93804
0.07230 -1.48897 1.91408
0.08627 -1.55378 1.84862
0.23083 -1.56291 1.77258
0.23642 -1.53734 1.68315
0.23169 -1.47120 1.61769
0.21791 -1.38222 1.59373
0.19878 -1.29424 1.61769
0.17941 -1.23082 1.68315
0.16501 -1.20897 1.77258
0.15942 -1.23454 1.86200
0.16415 -1.30068 1.92746
0.17792 -1.38966 1.95142
0.19706 -1.47764 1.92746
0.21642 -1.54106 1.86200
0.36123 -1.53801 1.78595
0.36465 -1.51206 1.69653
0.35439 -1.44656 1.63107
0.33319 -1.35905 1.60711
0.30674 -1.27298 1.63107
0.28212 -1.21142 1.69653
0.26593 -1.19085 1.78595
0.26250 -1.21680 1.87538
0.27277 -1.28230 1.94084
0.29397 -1.36981 1.96480
0.32042 -1.45588 1.94084
0.34504 -1.51744 1.87538
0.48908 -1.50225 1.79933
0.49031 -1.47611 1.70991
0.47459 -1.41170 1.64444
0.44611 -1.32627 1.62048
0.41253 -1.24273 1.64444
0.38283 -1.18345 1.70991
0.36497 -1.16432 1.79933
0.36374 -1.19046 1.88875
0.37946 -1.25488 1.95422
0.40793 -1.34030 1.97818
0.44152 -1.42384 1.95422
0.47122 -1.48312 1.88875
0.61348 -1.45588 1.81271
0.61251 -1.42973 1.72329
0.59143 -1.36687 1.65782
0.55589 -1.28414 1.63386
0.51541 -1.20371 1.65782
0.48083 -1.14713 1.72329
0.46143 -1.12957 1.81271
0.46240 -1.15572 1.90213
0.48348 -1.21859 1.96760
0.51902 -1.30132 1.99156
0.55950 -1.38174 1.96760
0.59408 -1.43832 1.90213
0.73354 -1.39924 1.82609
0.73038 -1.37326 1.73666
0.70410 -1.31239 1.67120
0.66174 -1.23293 1.64724
0.61465 -1.15619 1.67120
0.57545 -1.10271 1.73666
0.55464 -1.08684 1.82609
0.55780 -1.11282 1.91551
0.58408 -1.17369 1.98097
0.62644 -1.25315 2.00493
0.67353 -1.32989 1.98097
0.71274 -1.38337 1.91551
0.84843 -1.33271 1.83946
0.84310 -1.30709 1.75004
0.81180 -1.24864 1.68458
0.76292 -1.17302 1.66062
0.70955 -1.10050 1.68458
0.66600 -1.05051 1.75004
0.64393 -1.03644 1.83946
0.64926 -1.06206 1.92889
0.68056 -1.12051 1.99435
0.72944 -1.19613 2.01831
0.78281 -1.26865 1.99435
0.82636 -1.31864 1.92889
0.95733 -1.25677 1.85284
0.94986 -1.23169 1.76342
0.91377 -1.17607 1.69796
0.85871 -1.10483 1.67400
0.79944 -1.03704 1.69796
0.75184 -0.99088 1.76342
0.72867 -0.97872 1.85284
0.73613 -1.00380 1.94227
0.77223 -1.05942 2.00773
0.82729 -1.13066 2.03169
0.88656 -1.19845 2.00773
0.93415 -1.24461 1.94227
1.05946 -1.17196 1.86622
1.04992 -1.14759 1.77680
1.00928 -1.09520 1.71133
0.94843 -1.02883 1.68737
0.88368 -0.96626 1.71133
0.83238 -0.92426 1.77680
0.80827 -0.91408 1.86622
0.81781 -0.93845 1.95564
0.85845 -0.99084 2.02111
0.91930 -1.05721 2.04507
0.98405 -1.11978 2.02111
1.03535 -1.16178 1.95564
1.15411 -1.07888 1.87960
1.14256 -1.05539 1.79017
1.09767 -1.00660 1.72471
1.03146 -0.94557 1.70075
0.96169 -0.88866 1.72471
0.90704 -0.85112 1.79017
0.88216 -0.84300 1.87960
0.89371 -0.86648 1.96902
0.93861 -0.91527 2.03449
1.00481 -0.97630 2.05845
1.07459 -1.03321 2.03449
1.12923 -1.07076 1.96902
1.24062 -0.97817 1.89298
1.22713 -0.95574 1.80355
1.17830 -0.91089 1.73809
1.10721 -0.85564 1.71413
1.03290 -0.80478 1.73809
0.97529 -0.77196 1.80355
0.94982 -0.76596 1.89298
0.96330 -0.78839 1.98240
1.01214 -0.83324 2.04786
1.08323 -0.88849 2.07182
1.15754 -0.93934 2.04786
1.21514 -0.97217 1.98240
1.31836 -0.87056 1.90635
1.30304 -0.84934 1.81693
1.25062 -0.80875 1.75147
1.17514 -0.75966 1.72751
1.09682 -0.71522 1.75147
1.03666 -0.68735 1.81693
1.01077 -0.68351 1.90635
1.02609 -0.70473 1.99578
1.07852 -0.74532 2.06124
1.15400 -0.79441 2.08520
1.23231 -0.83885 2.06124
1.29248 -0.86672 1.99578
1.38680 -0.75680 1.91973
1.36975 -0.73694 1.83031
1.31410 -0.70089 1.76485
1.23476 -0.65831 1.74089
1.15300 -0.62061 1.76485
1.09071 -0.59789 1.83031
1.06459 -0.59623 1.91973
1.08164 -0.61609 2.00916
1.13729 -0.65214 2.07462
1.21662 -0.69472 2.09858
1.29839 -0.73242 2.07462
1.36068 -0.75514 2.00916
1.44544 -0.63770 1.93311
1.42679 -0.61934 1.84369
1.36831 -0.58809 1.77822
1.28568 -0.55232 1.75426
1.20103 -0.52162 1.77822
1.13705 -0.50420 1.84369
1.11089 -0.50475 1.93311
1.12954 -0.52310 2.02253
1.18802 -0.55435 2.08800
1.27065 -0.59012 2.11196
1.35530 -0.62083 2.08800
1.41927 -0.63824 2.02253
1.49388 -0.51409 1.94649
1.47375 -0.49736 1.85706
1.41285 -0.47114 1.79160
1.32751 -0.44243 1.76764
1.24058 -0.41894 1.79160
1.17537 -0.40696 1.85706
1.14934 -0.40970 1.94649
1.16947 -0.42642 2.03591
1.23037 -0.45265 2.10137
1.31571 -0.48136 2.12534
1.40264 -0.50485 2.10137
1.46785 -0.51683 2.03591
1.53176 -0.38685 1.95987
1.51030 -0.37188 1.87044
1.44742 -0.35085 1.80498
1.35997 -0.32942 1.78102
1.27138 -0.31331 1.80498
1.20539 -0.30684 1.87044
1.17968 -0.31176 1.95987
1.20115 -0.32673 2.04929
1.26403 -0.34776 2.11475
1.35148 -0.36920 2.13871
1.44007 -0.38530 2.11475
1.50606 -0.39177 2.04929
1.55883 -0.25688 1.97324
1.53619 -0.24376 1.88382
1.47176 -0.22809 1.81836
1.38282 -0.21407 1.79440
1.29319 -0.20546 1.81836
1.22689 -0.20456 1.88382
1.20169 -0.21161 1.97324
1.22434 -0.22474 2.06267
1.28876 -0.24041 2.12813
1.37771 -0.25443 2.15209
1.46733 -0.26304 2.12813
1.53363 -0.26394 2.06267
1.57490 -0.12510 1.98662
1.55123 -0.11393 1.89720
1.48572 -0.10372 1.83174
1.39591 -0.09722 1.80777
1.30588 -0.09616 1.83174
1.23974 -0.10083 1.89720
1.21522 -0.10998 1.98662
1.23888 -0.12115 2.07605
1.30440 -0.13136 2.14151
1.39420 -0.13786 2.16547
1.48424 -0.13892 2.14151
1.55038 -0.13425 2.07605
1.40000 -0.00000 2.00000
1.40000 -0.00000 2.00000
1.40000 -0.00000 2.00000
1.40000 -0.00000 2.00000
1.40000 -0.00000 2.00000
1.40000 -0.00000 2.00000
1.40000 -0.00000 2.00000
1.40000 -0.00000 2.00000
1.40000 -0.00000 2.00000
1.40000 -0.00000 2.00000
1.40000 -0.00000 2.00000
1.40000 -0.00000 2.00000
3 0 12 13
3 0 13 1
3 1 13 14
3 1 14 2
3 2 14 15
3 2 15 3
3 3 15 16
3 3 16 4
3 4 16 17
3 4 17 5
3 5 17 18
3 5 18 6
3 6 18 19
3 6 19 7
3 7 19 20
3 7 20 8
3 8 20 21
3 8 21 9
3 9 21 22
3 9 22 10
3 10 22 23
3 10 23 11
3 11 23 12
3 11 12 0
3 12 24 25
3 12 25 13
3 13 25 26
3 13 26 14
3 14 26 27
3 14 27 15
3 15 27 28
3 15 28 16
3 16 28 29
3 16 29 17
3 17 29 30
3 17 30 18
3 18 30 31
3 18 31 19
3 19 31 32
3 19 32 20
3 20 32 33
3 20 33 21
3 21 33 34
3 21 34 22
3 22 34 35
3 22 35 23
3 23 35 24
3 23 24 12
3 24 36 37
3 24 37 25
3 25 37 38
3 25 38 26
3 26 38 39
3 26 39 27
3 27 39 40
3 27 40 28
3 28 40 41
3 28 41 29
3 29 41 42
3 29 42 30
3 30 42 43
3 30 43 31
3 31 43 44
3 31 44 32
3 32 44 45
3 32 45 33
3 33 45 46
3 33 46 34
3 34 46 47
3 34 47 35
3 35 47 36
3 35 36 24
3 36 48 49
3 36 49 37
3 37 49 50
3 37 50 38
3 38 50 51
3 38 51 39
3 39 51 52
3 39 52 40
3 40 52 53
3 40 53 41
3 41 53 54
3 41 54 42
3 42 54 55
3 42 55 43
3 43 55 56
3 43 56 44
3 44 56 57
3 44 57 45
3 45 57 58
3 45 58 46
3 46 58 59
3 46 59 47
3 47 59 48
3 47 48 36
3 48 60 61
3 48 61 49
3 49 61 62
3 49 62 50
3 50 62 63
3 50 63 51
3 51 63 64
3 51 64 52
3 52 64 65
3 52 65 53
3 53 65 66
3 53 66 54
3 54 66 67
3 54 67 55
3 55 67 68
3 55 68 56
3 56 68 69
3 56 69 57
3 57 69 70
3 57 70 58
3 58 70 71
3 58 71 59
3 59 71 60
3 59 60 48
3 60 72 73
3 60 73 61
3 61 73 74
3 61 74 62
3 62 74 75
3 62 75 63
3 63 75 76
3 63 76 64
3 64 76 77
3 64 77 65
3 65 77 78
3 65 78 66
3 66 78 79
3 66 79 67
3 67 79 80
3 67 80 68
3 68 80 81
3 68 81 69
3 69 81 82
3 69 82 70
3 70 82 83
3 70 83 71
3 71 83 72
3 71 72 60
3 72 84 85
3 72 85 73
3 73 85 86
3 73 86 74
3 74 86 87
3 74 87 75
3 75 87 88
3 75 88 76
3 76 88 89
3 76 89 77
3 77 89 90
3 77 90 78
3 78 90 91
3 78 91 79
3 79 91 92
3 79 92 80
3 80 92 93
3 80 93 81
3 81 93 94
3 81 94 82
3 82 94 95
3 82 95 83
3 83 95 84
3 83 84 72
3 84 96 97
3 84 97 85
3 85 97 98
3 85 98 86
3 86 98 99
3 86 99 87
3 87 99 100
3 87 100 88
3 88 100 101
3 88 101 89
3 89 101 102
3 89 102 90
3 90 102 103
3 90 103 91
3 91 103 104
3 91 104 92
3 92 104 105
3 92 105 93
3 93 105 106
3 93 106 94
3 94 106 107
3 94 107 95
3 95 107 96
3 95 96 84
3 96 108 109
3 96 109 97
3 97 109 110
3 97 110 98
3 98 110 111
3 98 111 99
3 99 111 112
3 99 112 100
3 100 112 113
3 100 113 101
3 101 113 114
3 101 114 102
3 102 114 115
3 102 115 103
3 103 115 116
3 103 116 104
3 104 116 117
3 104 117 105
3 105 117 118
3 105 118 106
3 106 118 119
3 106 119 107
3 107 119 108
3 107 108 96
3 108 120 121
3 108 121 109
3 109 121 122
3 109 122 110
3 110 122 123
3 110 123 111
3 111 123 124
3 111 124 112
3 112 124 125
3 112 125 113
3 113 125 126
3 113 126 114
3 114 126 127
3 114 127 115
3 115 127 128
3 115 128 116
3 116 128 129
3 116 129 117
3 117 129 130
3 117 130 118
3 118 130 131
3 118 131 119
3 119 131 120
3 119 120 108
3 120 132 133
3 120 133 121
3 121 133 134
3 121 134 122
3 122 134 135
3 122 135 123
3 123 135 136
3 123 136 124
3 124 136 137
3 124 137 125
3 125 137 138
3 125 138 126
3 126 138 139
3 126 139 127
3 127 139 140
3 127 140 128
3 128 140 141
3 128 141 129
3 129 141 142
3 129 142 130
3 130 142 143
3 130 143 131
3 131 143 132
3 131 132 120
3 132 144 145
3 132 145 133
3 133 145 146
3 133 146 134
3 134 146 147
3 134 147 135
3 135 147 148
3 135 148 136
3 136 148 149
3 136 149 137
3 137 149 150
3 137 150 138
3 138 150 151
3 138 151 139
3 139 151 152
3 139 152 140
3 140 152 153
3 140 153 141
3 141 153 154
3 141 154 142
3 142 154 155
3 142 155 143
3 143 155 144
3 143 144 132
3 144 156 157
3 144 157 145
3 145 157 158
3 145 158 146
3 146 158 159
3 146 159 147
3 147 159 160
3 147 160 148
3 148 160 161
3 148 161 149
3 149 161 162
3 149 162 150
3 150 162 163
3 150 163 151
3 151 163 164
3 151 164 152
3 152 164 165
3 152 165 153
3 153 165 166
3 153 166 154
3 154 166 167
3 154 167 155
3 155 167 156
3 155 156 144
3 156 168 169
3 156 169 157
3 157 169 170
3 157 170 158
3 158 170 171
3 158 171 159
3 159 171 172
3 159 172 160
3 160 172 173
3 160 173 161
3 161 173 174
3 161 174 162
3 162 174 175
3 162 175 163
3 163 175 176
3 163 176 164
3 164 176 177
3 164 177 165
3 165 177 178
3 165 178 166
3 166 178 179
3 166 179 167
3 167 179 168
3 167 168 156
3 168 180 181
3 168 181 169
3 169 181 182
3 169 182 170
3 170 182 183
3 170 183 171
3 171 183 184
3 171 184 172
3 172 184 185
3 172 185 173
3 173 185 186
3 173 186 174
3 174 186 187
3 174 187 175
3 175 187 188
3 175 188 176
3 176 188 189
3 176 189 177
3 177 189 190
3 177 190 178
3 178 190 191
3 178 191 179
3 179 191 180
3 179 180 168
3 180 192 193
3 180 193 181
3 181 193 194
3 181 194 182
3 182 194 195
3 182 195 183
3 183 195 196
3 183 196 184
3 184 196 197
3 184 197 185
3 185 197 198
3 185 198 186
3 186 198 199
3 186 199 187
3 187 199 200
3 187 200 188
3 188 200 201
3 188 201 189
3 189 201 202
3 189 202 190
3 190 202 203
3 190 203 191
3 191 203 192
3 191 192 180
3 192 204 205
3 192 205 193
3 193 205 206
3 193 206 194
3 194 206 207
3 194 207 195
3 195 207 208
3 195 208 196
3 196 208 209
3 196 209 197
3 197 209 210
3 197 210 198
3 198 210 211
3 198 211 199
3 199 211 212
3 199 212 200
3 200 212 213
3 200 213 201
3 201 213 214
3 201 214 202
3 202 214 215
3 202 215 203
3 203 215 204
3 203 204 192
3 204 216 217
3 204 217 205
3 205 217 218
3 205 218 206
3 206 218 219
3 206 219 207
3 207 219 220
3 207 220 208
3 208 220 221
3 208 221 209
3 209 221 222
3 209 222 210
3 210 222 223
3 210 223 211
3 211 223 224
3 211 224 212
3 212 224 225
3 212 225 213
3 213 225 226
3 213 226 214
3 214 226 227
3 214 227 215
3 215 227 216
3 215 216 204
3 216 228 229
3 216 229 217
3 217 229 230
3 217 230 218
3 218 230 231
3 218 231 219
3 219 231 232
3 219 232 220
3 220 232 233
3 220 233 221
3 221 233 234
3 221 234 222
3 222 234 235
3 222 235 223
3 223 235 236
3 223 236 224
3 224 236 237
3 224 237 225
3 225 237 238
3 225 238 226
3 226 238 239
3 226 239 227
3 227 239 228
3 227 228 216
3 228 240 241
3 228 241 229
3 229 241 242
3 229 242 230
3 230 242 243
3 230 243 231
3 231 243 244
3 231 244 232
3 232 244 245
3 232 245 233
3 233 245 246
3 233 246 234
3 234 246 247
3 234 247 235
3 235 247 248
3 235 248 236
3 236 248 249
3 236 249 237
3 237 249 250
3 237 250 238
3 238 250 251
3 238 251 239
3 239 251 240
3 239 240 228
3 240 252 253
3 240 253 241
3 241 253 254
3 241 254 242
3 242 254 255
3 242 255 243
3 243 255 256
3 243 256 244
3 244 256 257
3 244 257 245
3 245 257 258
3 245 258 246
3 246 258 259
3 246 259 247
3 247 259 260
3 247 260 248
3 248 260 261
3 248 261 249
3 249 261 262
3 249 262 250
3 250 262 263
3 250 263 251
3 251 263 252
3 251 252 240
3 252 264 265
3 252 265 253
3 253 265 266
3 253 266 254
3 254 266 267
3 254 267 255
3 255 267 268
3 255 268 256
3 256 268 269
3 256 269 257
3 257 269 270
3 257 270 258
3 258 270 271
3 258 271 259
3 259 271 272
3 259 272 260
3 260 272 273
3 260 273 261
3 261 273 274
3 261 274 262
3 262 274 275
3 262 275 263
3 263 275 264
3 263 264 252
3 264 276 277
3 264 277 265
3 265 277 278
3 265 278 266
3 266 278 279
3 266 279 267
3 267 279 280
3 267 280 268
3 268 280 281
3 268 281 269
3 269 281 282
3 269 282 270
3 270 282 283
3 270 283 271
3 271 283 284
3 271 284 272
3 272 284 285
3 272 285 273
3 273 285 286
3 273 286 274
3 274 286 287
3 274 287 275
3 275 287 276
3 275 276 264
3 276 288 289
3 276 289 277
3 277 289 290
3 277 290 278
3 278 290 291
3 278 291 279
3 279 291 292
3 279 292 280
3 280 292 293
3 280 293 281
3 281 293 294
3 281 294 282
3 282 294 295
3 282 295 283
3 283 295 296
3 283 296 284
3 284 296 297
3 284 297 285
3 285 297 298
3 285 298 286
3 286 298 299
3 286 299 287
3 287 299 288
3 287 288 276
3 288 300 301
3 288 301 289
3 289 301 302
3 289 302 290
3 290 302 303
3 290 303 291
3 291 303 304
3 291 304 292
3 292 304 305
3 292 305 293
3 293 305 306
3 293 306 294
3 294 306 307
3 294 307 295
3 295 307 308
3 295 308 296
3 296 308 309
3 296 309 297
3 297 309 310
3 297 310 298
3 298 310 311
3 298 311 299
3 299 311 300
3 299 300 288
3 300 312 313
3 300 313 301
3 301 313 314
3 301 314 302
3 302 314 315
3 302 315 303
3 303 315 316
3 303 316 304
3 304 316 317
3 304 317 305
3 305 317 318
3 305 318 306
3 306 318 319
3 306 319 307
3 307 319 320
3 307 320 308
3 308 320 321
3 308 321 309
3 309 321 322
3 309 322 310
3 310 322 323
3 310 323 311
3 311 323 312
3 311 312 300
3 312 324 325
3 312 325 313
3 313 325 326
3 313 326 314
3 314 326 327
3 314 327 315
3 315 327 328
3 315 328 316
3 316 328 329
3 316 329 317
3 317 329 330
3 317 330 318
3 318 330 331
3 318 331 319
3 319 331 332
3 319 332 320
3 320 332 333
3 320 333 321
3 321 333 334
3 321 334 322
3 322 334 335
3 322 335 323
3 323 335 324
3 323 324 312
3 324 336 337
3 324 337 325
3 325 337 338
3 325 338 326
3 326 338 339
3 326 339 327
3 327 339 340
3 327 340 328
3 328 340 341
3 328 341 329
3 329 341 342
3 329 342 330
3 330 342 343
3 330 343 331
3 331 343 344
3 331 344 332
3 332 344 345
3 332 345 333
3 333 345 346
3 333 346 334
3 334 346 347
3 334 347 335
3 335 347 336
3 335 336 324
3 336 348 349
3 336 349 337
3 337 349 350
3 337 350 338
3 338 350 351
3 338 351 339
3 339 351 352
3 339 352 340
3 340 352 353
3 340 353 341
3 341 353 354
3 341 354 342
3 342 354 355
3 342 355 343
3 343 355 356
3 343 356 344
3 344 356 357
3 344 357 345
3 345 357 358
3 345 358 346
3 346 358 359
3 346 359 347
3 347 359 348
3 347 348 336
3 348 360 361
3 348 361 349
3 349 361 362
3 349 362 350
3 350 362 363
3 350 363 351
3 351 363 364
3 351 364 352
3 352 364 365
3 352 365 353
3 353 365 366
3 353 366 354
3 354 366 367
3 354 367 355
3 355 367 368
3 355 368 356
3 356 368 369
3 356 369 357
3 357 369 370
3 357 370 358
3 358 370 371
3 358 371 359
3 359 371 360
3 359 360 348
3 360 372 373
3 360 373 361
3 361 373 374
3 361 374 362
3 362 374 375
3 362 375 363
3 363 375 376
3 363 376 364
3 364 376 377
3 364 377 365
3 365 377 378
3 365 378 366
3 366 378 379
3 366 379 367
3 367 379 380
3 367 380 368
3 368 380 381
3 368 381 369
3 369 381 382
3 369 382 370
3 370 382 383
3 370 383 371
3 371 383 372
3 371 372 360
3 372 384 385
3 372 385 373
3 373 385 386
3 373 386 374
3 374 386 387
3 374 387 375
3 375 387 388
3 375 388 376
3 376 388 389
3 376 389 377
3 377 389 390
3 377 390 378
3 378 390 391
3 378 391 379
3 379 391 392
3 379 392 380
3 380 392 393
3 380 393 381
3 381 393 394
3 381 394 382
3 382 394 395
3 382 395 383
3 383 395 384
3 383 384 372
3 384 396 397
3 384 397 385
3 385 397 398
3 385 398 386
3 386 398 399
3 386 399 387
3 387 399 400
3 387 400 388
3 388 400 401
3 388 401 389
3 389 401 402
3 389 402 390
3 390 402 403
3 390 403 391
3 391 403 404
3 391 404 392
3 392 404 405
3 392 405 393
3 393 405 406
3 393 406 394
3 394 406 407
3 394 407 395
3 395 407 396
3 395 396 384
3 396 408 409
3 396 409 397
3 397 409 410
3 397 410 398
3 398 410 411
3 398 411 399
3 399 411 412
3 399 412 400
3 400 412 413
3 400 413 401
3 401 413 414
3 401 414 402
3 402 414 415
3 402 415 403
3 403 415 416
3 403 416 404
3 404 416 417
3 404 417 405
3 405 417 418
3 405 418 406
3 406 418 419
3 406 419 407
3 407 419 408
3 407 408 396
3 408 420 421
3 408 421 409
3 409 421 422
3 409 422 410
3 410 422 423
3 410 423 411
3 411 423 424
3 411 424 412
3 412 424 425
3 412 425 413
3 413 425 426
3 413 426 414
3 414 426 427
3 414 427 415
3 415 427 428
3 415 428 416
3 416 428 429
3 416 429 417
3 417 429 430
3 417 430 418
3 418 430 431
3 418 431 419
3 419 431 420
3 419 420 408
3 420 432 433
3 420 433 421
3 421 433 434
3 421 434 422
3 422 434 435
3 422 435 423
3 423 435 436
3 423 436 424
3 424 436 437
3 424 437 425
3 425 437 438
3 425 438 426
3 426 438 439
3 426 439 427
3 427 439 440
3 427 440 428
3 428 440 441
3 428 441 429
3 429 441 442
3 429 442 430
3 430 442 443
3 430 443 431
3 431 443 432
3 431 432 420
3 432 444 445
3 432 445 433
3 433 445 446
3 433 446 434
3 434 446 447
3 434 447 435
3 435 447 448
3 435 448 436
3 436 448 449
3 436 449 437
3 437 449 450
3 437 450 438
3 438 450 451
3 438 451 439
3 439 451 452
3 439 452 440
3 440 452 453
3 440 453 441
3 441 453 454
3 441 454 442
3 442 454 455
3 442 455 443
3 443 455 444
3 443 444 432
3 444 456 457
3 444 457 445
3 445 457 458
3 445 458 446
3 446 458 459
3 446 459 447
3 447 459 460
3 447 460 448
3 448 460 461
3 448 461 449
3 449 461 462
3 449 462 450
3 450 462 463
3 450 463 451
3 451 463 464
3 451 464 452
3 452 464 465
3 452 465 453
3 453 465 466
3 453 466 454
3 454 466 467
3 454 467 455
3 455 467 456
3 455 456 444
3 456 468 469
3 456 469 457
3 457 469 470
3 457 470 458
3 458 470 471
3 458 471 459
3 459 471 472
3 459 472 460
3 460 472 473
3 460 473 461
3 461 473 474
3 461 474 462
3 462 474 475
3 462 475 463
3 463 475 476
3 463 476 464
3 464 476 477
3 464 477 465
3 465 477 478
3 465 478 466
3 466 478 479
3 466 479 467
3 467 479 468
3 467 468 456
3 468 480 481
3 468 481 469
3 469 481 482
3 469 482 470
3 470 482 483
3 470 483 471
3 471 483 484
3 471 484 472
3 472 484 485
3 472 485 473
3 473 485 486
3 473 486 474
3 474 486 487
3 474 487 475
3 475 487 488
3 475 488 476
3 476 488 489
3 476 489 477
3 477 489 490
3 477 490 478
3 478 490 491
3 478 491 479
3 479 491 480
3 479 480 468
3 480 492 493
3 480 493 481
3 481 493 494
3 481 494 482
3 482 494 495
3 482 495 483
3 483 495 496
3 483 496 484
3 484 496 497
3 484 497 485
3 485 497 498
3 485 498 486
3 486 498 499
3 486 499 487
3 487 499 500
3 487 500 488
3 488 500 501
3 488 501 489
3 489 501 502
3 489 502 490
3 490 502 503
3 490 503 491
3 491 503 492
3 491 492 480
3 492 504 505
3 492 505 493
3 493 505 506
3 493 506 494
3 494 506 507
3 494 507 495
3 495 507 508
3 495 508 496
3 496 508 509
3 496 509 497
3 497 509 510
3 497 510 498
3 498 510 511
3 498 511 499
3 499 511 512
3 499 512 500
3 500 512 513
3 500 513 501
3 501 513 514
3 501 514 502
3 502 514 515
3 502 515 503
3 503 515 504
3 503 504 492
3 504 516 517
3 504 517 505
3 505 517 518
3 505 518 506
3 506 518 519
3 506 519 507
3 507 519 520
3 507 520 508
3 508 520 521
3 508 521 509
3 509 521 522
3 509 522 510
3 510 522 523
3 510 523 511
3 511 523 524
3 511 524 512
3 512 524 525
3 512 525 513
3 513 525 526
3 513 526 514
3 514 526 527
3 514 527 515
3 515 527 516
3 515 516 504
3 516 528 529
3 516 529 517
3 517 529 530
3 517 530 518
3 518 530 531
3 518 531 519
3 519 531 532
3 519 532 520
3 520 532 533
3 520 533 521
3 521 533 534
3 521 534 522
3 522 534 535
3 522 535 523
3 523 535 536
3 523 536 524
3 524 536 537
3 524 537 525
3 525 537 538
3 525 538 526
3 526 538 539
3 526 539 527
3 527 539 528
3 527 528 516
3 528 540 541
3 528 541 529
3 529 541 542
3 529 542 530
3 530 542 543
3 530 543 531
3 531 543 544
3 531 544 532
3 532 544 545
3 532 545 533
3 533 545 546
3 533 546 534
3 534 546 547
3 534 547 535
3 535 547 548
3 535 548 536
3 536 548 549
3 536 549 537
3 537 549 550
3 537 550 538
3 538 550 551
3 538 551 539
3 539 551 540
3 539 540 528
3 540 552 553
3 540 553 541
3 541 553 554
3 541 554 542
3 542 554 555
3 542 555 543
3 543 555 556
3 543 556 544
3 544 556 557
3 544 557 545
3 545 557 558
3 545 558 546
3 546 558 559
3 546 559 547
3 547 559 560
3 547 560 548
3 548 560 561
3 548 561 549
3 549 561 562
3 549 562 550
3 550 562 563
3 550 563 551
3 551 563 552
3 551 552 540
3 552 564 565
3 552 565 553
3 553 565 566
3 553 566 554
3 554 566 567
3 554 567 555
3 555 567 568
3 555 568 556
3 556 568 569
3 556 569 557
3 557 569 570
3 557 570 558
3 558 570 571
3 558 571 559
3 559 571 572
3 559 572 560
3 560 572 573
3 560 573 561
3 561 573 574
3 561 574 562
3 562 574 575
3 562 575 563
3 563 575 564
3 563 564 552
3 564 576 577
3 564 577 565
3 565 577 578
3 565 578 566
3 566 578 579
3 566 579 567
3 567 579 580
3 567 580 568
3 568 580 581
3 568 581 569
3 569 581 582
3 569 582 570
3 570 582 583
3 570 583 571
3 571 583 584
3 571 584 572
3 572 584 585
3 572 585 573
3 573 585 586
3 573 586 574
3 574 586 587
3 574 587 575
3 575 587 576
3 575 576 564
3 576 588 589
3 576 589 577
3 577 589 590
3 577 590 578
3 578 590 591
3 578 591 579
3 579 591 592
3 579 592 580
3 580 592 593
3 580 593 581
3 581 593 594
3 581 594 582
3 582 594 595
3 582 595 583
3 583 595 596
3 583 596 584
3 584 596 597
3 584 597 585
3 585 597 598
3 585 598 586
3 586 598 599
3 586 599 587
3 587 599 588
3 587 588 576
3 588 600 601
3 588 601 589
3 589 601 602
3 589 602 590
3 590 602 603
3 590 603 591
3 591 603 604
3 591 604 592
3 592 604 605
3 592 605 593
3 593 605 606
3 593 606 594
3 594 606 607
3 594 607 595
3 595 607 608
3 595 608 596
3 596 608 609
3 596 609 597
3 597 609 610
3 597 610 598
3 598 610 611
3 598 611 599
3 599 611 600
3 599 600 588
3 600 612 613
3 600 613 601
3 601 613 614
3 601 614 602
3 602 614 615
3 602 615 603
3 603 615 616
3 603 616 604
3 604 616 617
3 604 617 605
3 605 617 618
3 605 618 606
3 606 618 619
3 606 619 607
3 607 619 620
3 607 620 608
3 608 620 621
3 608 621 609
3 609 621 622
3 609 622 610
3 610 622 623
3 610 623 611
3 611 623 612
3 611 612 600
3 612 624 625
3 612 625 613
3 613 625 626
3 613 626 614
3 614 626 627
3 614 627 615
3 615 627 628
3 615 628 616
3 616 628 629
3 616 629 617
3 617 629 630
3 617 630 618
3 618 630 631
3 618 631 619
3 619 631 632
3 619 632 620
3 620 632 633
3 620 633 621
3 621 633 634
3 621 634 622
3 622 634 635
3 622 635 623
3 623 635 624
3 623 624 612
3 624 636 637
3 624 637 625
3 625 637 638
3 625 638 626
3 626 638 639
3 626 639 627
3 627 639 640
3 627 640 628
3 628 640 641
3 628 641 629
3 629 641 642
3 629 642 630
3 630 642 643
3 630 643 631
3 631 643 644
3 631 644 632
3 632 644 645
3 632 645 633
3 633 645 646
3 633 646 634
3 634 646 647
3 634 647 635
3 635 647 636
3 635 636 624
3 636 648 649
3 636 649 637
3 637 649 650
3 637 650 638
3 638 650 651
3 638 651 639
3 639 651 652
3 639 652 640
3 640 652 653
3 640 653 641
3 641 653 654
3 641 654 642
3 642 654 655
3 642 655 643
3 643 655 656
3 643 656 644
3 644 656 657
3 644 657 645
3 645 657 658
3 645 658 646
3 646 658 659
3 646 659 647
3 647 659 648
3 647 648 636
3 648 660 661
3 648 661 649
3 649 661 662
3 649 662 650
3 650 662 663
3 650 663 651
3 651 663 664
3 651 664 652
3 652 664 665
3 652 665 653
3 653 665 666
3 653 666 654
3 654 666 667
3 654 667 655
3 655 667 668
3 655 668 656
3 656 668 669
3 656 669 657
3 657 669 670
3 657 670 658
3 658 670 671
3 658 671 659
3 659 671 660
3 659 660 648
3 660 672 673
3 660 673 661
3 661 673 674
3 661 674 662
3 662 674 675
3 662 675 663
3 663 675 676
3 663 676 664
3 664 676 677
3 664 677 665
3 665 677 678
3 665 678 666
3 666 678 679
3 666 679 667
3 667 679 680
3 667 680 668
3 668 680 681
3 668 681 669
3 669 681 682
3 669 682 670
3 670 682 683
3 670 683 671
3 671 683 672
3 671 672 660
3 672 684 685
3 672 685 673
3 673 685 686
3 673 686 674
3 674 686 687
3 674 687 675
3 675 687 688
3 675 688 676
3 676 688 689
3 676 689 677
3 677 689 690
3 677 690 678
3 678 690 691
3 678 691 679
3 679 691 692
3 679 692 680
3 680 692 693
3 680 693 681
3 681 693 694
3 681 694 682
3 682 694 695
3 682 695 683
3 683 695 684
3 683 684 672
3 684 696 697
3 684 697 685
3 685 697 698
3 685 698 686
3 686 698 699
3 686 699 687
3 687 699 700
3 687 700 688
3 688 700 701
3 688 701 689
3 689 701 702
3 689 702 690
3 690 702 703
3 690 703 691
3 691 703 704
3 691 704 692
3 692 704 705
3 692 705 693
3 693 705 706
3 693 706 694
3 694 706 707
3 694 707 695
3 695 707 696
3 695 696 684
3 696 708 709
3 696 709 697
3 697 709 710
3 697 710 698
3 698 710 711
3 698 711 699
3 699 711 712
3 699 712 700
3 700 712 713
3 700 713 701
3 701 713 714
3 701 714 702
3 702 714 715
3 702 715 703
3 703 715 716
3 703 716 704
3 704 716 717
3 704 717 705
3 705 717 718
3 705 718 706
3 706 718 719
3 706 719 707
3 707 719 708
3 707 708 696
3 708 720 721
3 708 721 709
3 709 721 722
3 709 722 710
3 710 722 723
3 710 723 711
3 711 723 724
3 711 724 712
3 712 724 725
3 712 725 713
3 713 725 726
3 713 726 714
3 714 726 727
3 714 727 715
3 715 727 728
3 715 728 716
3 716 728 729
3 716 729 717
3 717 729 730
3 717 730 718
3 718 730 731
3 718 731 719
3 719 731 720
3 719 720 708
3 720 732 733
3 720 733 721
3 721 733 734
3 721 734 722
3 722 734 735
3 722 735 723
3 723 735 736
3 723 736 724
3 724 736 737
3 724 737 725
3 725 737 738
3 725 738 726
3 726 738 739
3 726 739 727
3 727 739 740
3 727 740 728
3 728 740 741
3 728 741 729
3 729 741 742
3 729 742 730
3 730 742 743
3 730 743 731
3 731 743 732
3 731 732 720
3 732 744 745
3 732 745 733
3 733 745 746
3 733 746 734
3 734 746 747
3 734 747 735
3 735 747 748
3 735 748 736
3 736 748 749
3 736 749 737
3 737 749 750
3 737 750 738
3 738 750 751
3 738 751 739
3 739 751 752
3 739 752 740
3 740 752 753
3 740 753 741
3 741 753 754
3 741 754 742
3 742 754 755
3 742 755 743
3 743 755 744
3 743 744 732
3 744 756 757
3 744 757 745
3 745 757 758
3 745 758 746
3 746 758 759
3 746 759 747
3 747 759 760
3 747 760 748
3 748 760 761
3 748 761 749
3 749 761 762
3 749 762 750
3 750 762 763
3 750 763 751
3 751 763 764
3 751 764 752
3 752 764 765
3 752 765 753
3 753 765 766
3 753 766 754
3 754 766 767
3 754 767 755
3 755 767 756
3 755 756 744
3 756 768 769
3 756 769 757
3 757 769 770
3 757 770 758
3 758 770 771
3 758 771 759
3 759 771 772
3 759 772 760
3 760 772 773
3 760 773 761
3 761 773 774
3 761 774 762
3 762 774 775
3 762 775 763
3 763 775 776
3 763 776 764
3 764 776 777
3 764 777 765
3 765 777 778
3 765 778 766
3 766 778 779
3 766 779 767
3 767 779 768
3 767 768 756
3 768 780 781
3 768 781 769
3 769 781 782
3 769 782 770
3 770 782 783
3 770 783 771
3 771 783 784
3 771 784 772
3 772 784 785
3 772 785 773
3 773 785 786
3 773 786 774
3 774 786 787
3 774 787 775
3 775 787 788
3 775 788 776
3 776 788 789
3 776 789 777
3 777 789 790
3 777 790 778
3 778 790 791
3 778 791 779
3 779 791 780
3 779 780 768
3 780 792 793
3 780 793 781
3 781 793 794
3 781 794 782
3 782 794 795
3 782 795 783
3 783 795 796
3 783 796 784
3 784 796 797
3 784 797 785
3 785 797 798
3 785 798 786
3 786 798 799
3 786 799 787
3 787 799 800
3 787 800 788
3 788 800 801
3 788 801 789
3 789 801 802
3 789 802 790
3 790 802 803
3 790 803 791
3 791 803 792
3 791 792 780
3 792 804 805
3 792 805 793
3 793 805 806
3 793 806 794
3 794 806 807
3 794 807 795
3 795 807 808
3 795 808 796
3 796 808 809
3 796 809 797
3 797 809 810
3 797 810 798
3 798 810 811
3 798 811 799
3 799 811 812
3 799 812 800
3 800 812 813
3 800 813 801
3 801 813 814
3 801 814 802
3 802 814 815
3 802 815 803
3 803 815 804
3 803 804 792
3 804 816 817
3 804 817 805
3 805 817 818
3 805 818 806
3 806 818 819
3 806 819 807
3 807 819 820
3 807 820 808
3 808 820 821
3 808 821 809
3 809 821 822
3 809 822 810
3 810 822 823
3 810 823 811
3 811 823 824
3 811 824 812
3 812 824 825
3 812 825 813
3 813 825 826
3 813 826 814
3 814 826 827
3 814 827 815
3 815 827 816
3 815 816 804
3 816 828 829
3 816 829 817
3 817 829 830
3 817 830 818
3 818 830 831
3 818 831 819
3 819 831 832
3 819 832 820
3 820 832 833
3 820 833 821
3 821 833 834
3 821 834 822
3 822 834 835
3 822 835 823
3 823 835 836
3 823 836 824
3 824 836 837
3 824 837 825
3 825 837 838
3 825 838 826
3 826 838 839
3 826 839 827
3 827 839 828
3 827 828 816
3 828 840 841
3 828 841 829
3 829 841 842
3 829 842 830
3 830 842 843
3 830 843 831
3 831 843 844
3 831 844 832
3 832 844 845
3 832 845 833
3 833 845 846
3 833 846 834
3 834 846 847
3 834 847 835
3 835 847 848
3 835 848 836
3 836 848 849
3 836 849 837
3 837 849 850
3 837 850 838
3 838 850 851
3 838 851 839
3 839 851 840
3 839 840 828
3 840 852 853
3 840 853 841
3 841 853 854
3 841 854 842
3 842 854 855
3 842 855 843
3 843 855 856
3 843 856 844
3 844 856 857
3 844 857 845
3 845 857 858
3 845 858 846
3 846 858 859
3 846 859 847
3 847 859 860
3 847 860 848
3 848 860 861
3 848 861 849
3 849 861 862
3 849 862 850
3 850 862 863
3 850 863 851
3 851 863 852
3 851 852 840
3 852 864 865
3 852 865 853
3 853 865 866
3 853 866 854
3 854 866 867
3 854 867 855
3 855 867 868
3 855 868 856
3 856 868 869
3 856 869 857
3 857 869 870
3 857 870 858
3 858 870 871
3 858 871 859
3 859 871 872
3 859 872 860
3 860 872 873
3 860 873 861
3 861 873 874
3 861 874 862
3 862 874 875
3 862 875 863
3 863 875 864
3 863 864 852
3 864 876 877
3 864 877 865
3 865 877 878
3 865 878 866
3 866 878 879
3 866 879 867
3 867 879 880
3 867 880 868
3 868 880 881
3 868 881 869
3 869 881 882
3 869 882 870
3 870 882 883
3 870 883 871
3 871 883 884
3 871 884 872
3 872 884 885
3 872 885 873
3 873 885 886
3 873 886 874
3 874 886 887
3 874 887 875
3 875 887 876
3 875 876 864
3 876 888 889
3 876 889 877
3 877 889 890
3 877 890 878
3 878 890 891
3 878 891 879
3 879 891 892
3 879 892 880
3 880 892 893
3 880 893 881
3 881 893 894
3 881 894 882
3 882 894 895
3 882 895 883
3 883 895 896
3 883 896 884
3 884 896 897
3 884 897 885
3 885 897 898
3 885 898 886
3 886 898 899
3 886 899 887
3 887 899 888
3 887 888 876
3 888 900 901
3 888 901 889
3 889 901 902
3 889 902 890
3 890 902 903
3 890 903 891
3 891 903 904
3 891 904 892
3 892 904 905
3 892 905 893
3 893 905 906
3 893 906 894
3 894 906 907
3 894 907 895
3 895 907 908
3 895 908 896
3 896 908 909
3 896 909 897
3 897 909 910
3 897 910 898
3 898 910 911
3 898 911 899
3 899 911 900
3 899 900 888
3 900 912 913
3 900 913 901
3 901 913 914
3 901 914 902
3 902 914 915
3 902 915 903
3 903 915 916
3 903 916 904
3 904 916 917
3 904 917 905
3 905 917 918
3 905 918 906
3 906 918 919
3 906 919 907
3 907 919 920
3 907 920 908
3 908 920 921
3 908 921 909
3 909 921 922
3 909 922 910
3 910 922 923
3 910 923 911
3 911 923 912
3 911 912 900
3 912 924 925
3 912 925 913
3 913 925 926
3 913 926 914
3 914 926 927
3 914 927 915
3 915 927 928
3 915 928 916
3 916 928 929
3 916 929 917
3 917 929 930
3 917 930 918
3 918 930 931
3 918 931 919
3 919 931 932
3 919 932 920
3 920 932 933
3 920 933 921
3 921 933 934
3 921 934 922
3 922 934 935
3 922 935 923
3 923 935 924
3 923 924 912
3 924 936 937
3 924 937 925
3 925 937 938
3 925 938 926
3 926 938 939
3 926 939 927
3 927 939 940
3 927 940 928
3 928 940 941
3 928 941 929
3 929 941 942
3 929 942 930
3 930 942 943
3 930 943 931
3 931 943 944
3 931 944 932
3 932 944 945
3 932 945 933
3 933 945 946
3 933 946 934
3 934 946 947
3 934 947 935
3 935 947 936
3 935 936 924
3 936 948 949
3 936 949 937
3 937 949 950
3 937 950 938
3 938 950 951
3 938 951 939
3 939 951 952
3 939 952 940
3 940 952 953
3 940 953 941
3 941 953 954
3 941 954 942
3 942 954 955
3 942 955 943
3 943 955 956
3 943 956 944
3 944 956 957
3 944 957 945
3 945 957 958
3 945 958 946
3 946 958 959
3 946 959 947
3 947 959 948
3 947 948 936
3 948 960 961
3 948 961 949
3 949 961 962
3 949 962 950
3 950 962 963
3 950 963 951
3 951 963 964
3 951 964 952
3 952 964 965
3 952 965 953
3 953 965 966
3 953 966 954
3 954 966 967
3 954 967 955
3 955 967 968
3 955 968 956
3 956 968 969
3 956 969 957
3 957 969 970
3 957 970 958
3 958 970 971
3 958 971 959
3 959 971 960
3 959 960 948
3 960 972 973
3 960 973 961
3 961 973 974
3 961 974 962
3 962 974 975
3 962 975 963
3 963 975 976
3 963 976 964
3 964 976 977
3 964 977 965
3 965 977 978
3 965 978 966
3 966 978 979
3 966 979 967
3 967 979 980
3 967 980 968
3 968 980 981
3 968 981 969
3 969 981 982
3 969 982 970
3 970 982 983
3 970 983 971
3 971 983 972
3 971 972 960
3 972 984 985
3 972 985 973
3 973 985 986
3 973 986 974
3 974 986 987
3 974 987 975
3 975 987 988
3 975 988 976
3 976 988 989
3 976 989 977
3 977 989 990
3 977 990 978
3 978 990 991
3 978 991 979
3 979 991 992
3 979 992 980
3 980 992 993
3 980 993 981
3 981 993 994
3 981 994 982
3 982 994 995
3 982 995 983
3 983 995 984
3 983 984 972
3 984 996 997
3 984 997 985
3 985 997 998
3 985 998 986
3 986 998 999
3 986 999 987
3 987 999 1000
3 987 1000 988
3 988 1000 1001
3 988 1001 989
3 989 1001 1002
3 989 1002 990
3 990 1002 1003
3 990 1003 991
3 991 1003 1004
3 991 1004 992
3 992 1004 1005
3 992 1005 993
3 993 1005 1006
3 993 1006 994
3 994 1006 1007
3 994 1007 995
3 995 1007 996
3 995 996 984
3 996 1008 1009
3 996 1009 997
3 997 1009 1010
3 997 1010 998
3 998 1010 1011
3 998 1011 999
3 999 1011 1012
3 999 1012 1000
3 1000 1012 1013
3 1000 1013 1001
3 1001 1013 1014
3 1001 1014 1002
3 1002 1014 1015
3 1002 1015 1003
3 1003 1015 1016
3 1003 1016 1004
3 1004 1016 1017
3 1004 1017 1005
3 1005 1017 1018
3 1005 1018 1006
3 1006 1018 1019
3 1006 1019 1007
3 1007 1019 1008
3 1007 1008 996
3 1008 1020 1021
3 1008 1021 1009
3 1009 1021 1022
3 1009 1022 1010
3 1010 1022 1023
3 1010 1023 1011
3 1011 1023 1024
3 1011 1024 1012
3 1012 1024 1025
3 1012 1025 1013
3 1013 1025 1026
3 1013 1026 1014
3 1014 1026 1027
3 1014 1027 1015
3 1015 1027 1028
3 1015 1028 1016
3 1016 1028 1029
3 1016 1029 1017
3 1017 1029 1030
3 1017 1030 1018
3 1018 1030 1031
3 1018 1031 1019
3 1019 1031 1020
3 1019 1020 1008
3 1020 1032 1033
3 1020 1033 1021
3 1021 1033 1034
3 1021 1034 1022
3 1022 1034 1035
3 1022 1035 1023
3 1023 1035 1036
3 1023 1036 1024
3 1024 1036 1037
3 1024 1037 1025
3 1025 1037 1038
3 1025 1038 1026
3 1026 1038 1039
3 1026 1039 1027
3 1027 1039 1040
3 1027 1040 1028
3 1028 1040 1041
3 1028 1041 1029
3 1029 1041 1042
3 1029 1042 1030
3 1030 1042 1043
3 1030 1043 1031
3 1031 1043 1032
3 1031 1032 1020
3 1032 1044 1045
3 1032 1045 1033
3 1033 1045 1046
3 1033 1046 1034
3 1034 1046 1047
3 1034 1047 1035
3 1035 1047 1048
3 1035 1048 1036
3 1036 1048 1049
3 1036 1049 1037
3 1037 1049 1050
3 1037 1050 1038
3 1038 1050 1051
3 1038 1051 1039
3 1039 1051 1052
3 1039 1052 1040
3 1040 1052 1053
3 1040 1053 1041
3 1041 1053 1054
3 1041 1054 1042
3 1042 1054 1055
3 1042 1055 1043
3 1043 1055 1044
3 1043 1044 1032
3 1044 1056 1057
3 1044 1057 1045
3 1045 1057 1058
3 1045 1058 1046
3 1046 1058 1059
3 1046 1059 1047
3 1047 1059 1060
3 1047 1060 1048
3 1048 1060 1061
3 1048 1061 1049
3 1049 1061 1062
3 1049 1062 1050
3 1050 1062 1063
3 1050 1063 1051
3 1051 1063 1064
3 1051 1064 1052
3 1052 1064 1065
3 1052 1065 1053
3 1053 1065 1066
3 1053 1066 1054
3 1054 1066 1067
3 1054 1067 1055
3 1055 1067 1056
3 1055 1056 1044
3 1056 1068 1069
3 1056 1069 1057
3 1057 1069 1070
3 1057 1070 1058
3 1058 1070 1071
3 1058 1071 1059
3 1059 1071 1072
3 1059 1072 1060
3 1060 1072 1073
3 1060 1073 1061
3 1061 1073 1074
3 1061 1074 1062
3 1062 1074 1075
3 1062 1075 1063
3 1063 1075 1076
3 1063 1076 1064
3 1064 1076 1077
3 1064 1077 1065
3 1065 1077 1078
3 1065 1078 1066
3 1066 1078 1079
3 1066 1079 1067
3 1067 1079 1068
3 1067 1068 1056
3 1068 1080 1081
3 1068 1081 1069
3 1069 1081 1082
3 1069 1082 1070
3 1070 1082 1083
3 1070 1083 1071
3 1071 1083 1084
3 1071 1084 1072
3 1072 1084 1085
3 1072 1085 1073
3 1073 1085 1086
3 1073 1086 1074
3 1074 1086 1087
3 1074 1087 1075
3 1075 1087 1088
3 1075 1088 1076
3 1076 1088 1089
3 1076 1089 1077
3 1077 1089 1090
3 1077 1090 1078
3 1078 1090 1091
3 1078 1091 1079
3 1079 1091 1080
3 1079 1080 1068
3 1080 1092 1093
3 1080 1093 1081
3 1081 1093 1094
3 1081 1094 1082
3 1082 1094 1095
3 1082 1095 1083
3 1083 1095 1096
3 1083 1096 1084
3 1084 1096 1097
3 1084 1097 1085
3 1085 1097 1098
3 1085 1098 1086
3 1086 1098 1099
3 1086 1099 1087
3 1087 1099 1100
3 1087 1100 1088
3 1088 1100 1101
3 1088 1101 1089
3 1089 1101 1102
3 1089 1102 1090
3 1090 1102 1103
3 1090 1103 1091
3 1091 1103 1092
3 1091 1092 1080
3 1092 1104 1105
3 1092 1105 1093
3 1093 1105 1106
3 1093 1106 1094
3 1094 1106 1107
3 1094 1107 1095
3 1095 1107 1108
3 1095 1108 1096
3 1096 1108 1109
3 1096 1109 1097
3 1097 1109 1110
3 1097 1110 1098
3 1098 1110 1111
3 1098 1111 1099
3 1099 1111 1112
3 1099 1112 1100
3 1100 1112 1113
3 1100 1113 1101
3 1101 1113 1114
3 1101 1114 1102
3 1102 1114 1115
3 1102 1115 1103
3 1103 1115 1104
3 1103 1104 1092
3 1104 1116 1117
3 1104 1117 1105
3 1105 1117 1118
3 1105 1118 1106
3 1106 1118 1119
3 1106 1119 1107
3 1107 1119 1120
3 1107 1120 1108
3 1108 1120 1121
3 1108 1121 1109
3 1109 1121 1122
3 1109 1122 1110
3 1110 1122 1123
3 1110 1123 1111
3 1111 1123 1124
3 1111 1124 1112
3 1112 1124 1125
3 1112 1125 1113
3 1113 1125 1126
3 1113 1126 1114
3 1114 1126 1127
3 1114 1127 1115
3 1115 1127 1116
3 1115 1116 1104
3 1116 1128 1129
3 1116 1129 1117
3 1117 1129 1130
3 1117 1130 1118
3 1118 1130 1131
3 1118 1131 1119
3 1119 1131 1132
3 1119 1132 1120
3 1120 1132 1133
3 1120 1133 1121
3 1121 1133 1134
3 1121 1134 1122
3 1122 1134 1135
3 1122 1135 1123
3 1123 1135 1136
3 1123 1136 1124
3 1124 1136 1137
3 1124 1137 1125
3 1125 1137 1138
3 1125 1138 1126
3 1126 1138 1139
3 1126 1139 1127
3 1127 1139 1128
3 1127 1128 1116
3 1128 1140 1141
3 1128 1141 1129
3 1129 1141 1142
3 1129 1142 1130
3 1130 1142 1143
3 1130 1143 1131
3 1131 1143 1144
3 1131 1144 1132
3 1132 1144 1145
3 1132 1145 1133
3 1133 1145 1146
3 1133 1146 1134
3 1134 1146 1147
3 1134 1147 1135
3 1135 1147 1148
3 1135 1148 1136
3 1136 1148 1149
3 1136 1149 1137
3 1137 1149 1150
3 1137 1150 1138
3 1138 1150 1151
3 1138 1151 1139
3 1139 1151 1140
3 1139 1140 1128
3 1140 1152 1153
3 1140 1153 1141
3 1141 1153 1154
3 1141 1154 1142
3 1142 1154 1155
3 1142 1155 1143
3 1143 1155 1156
3 1143 1156 1144
3 1144 1156 1157
3 1144 1157 1145
3 1145 1157 1158
3 1145 1158 1146
3 1146 1158 1159
3 1146 1159 1147
3 1147 1159 1160
3 1147 1160 1148
3 1148 1160 1161
3 1148 1161 1149
3 1149 1161 1162
3 1149 1162 1150
3 1150 1162 1163
3 1150 1163 1151
3 1151 1163 1152
3 1151 1152 1140
3 1152 1164 1165
3 1152 1165 1153
3 1153 1165 1166
3 1153 1166 1154
3 1154 1166 1167
3 1154 1167 1155
3 1155 1167 1168
3 1155 1168 1156
3 1156 1168 1169
3 1156 1169 1157
3 1157 1169 1170
3 1157 1170 1158
3 1158 1170 1171
3 1158 1171 1159
3 1159 1171 1172
3 1159 1172 1160
3 1160 1172 1173
3 1160 1173 1161
3 1161 1173 1174
3 1161 1174 1162
3 1162 1174 1175
3 1162 1175 1163
3 1163 1175 1164
3 1163 1164 1152
3 1164 1176 1177
3 1164 1177 1165
3 1165 1177 1178
3 1165 1178 1166
3 1166 1178 1179
3 1166 1179 1167
3 1167 1179 1180
3 1167 1180 1168
3 1168 1180 1181
3 1168 1181 1169
3 1169 1181 1182
3 1169 1182 1170
3 1170 1182 1183
3 1170 1183 1171
3 1171 1183 1184
3 1171 1184 1172
3 1172 1184 1185
3 1172 1185 1173
3 1173 1185 1186
3 1173 1186 1174
3 1174 1186 1187
3 1174 1187 1175
3 1175 1187 1176
3 1175 1176 1164
3 1176 1188 1189
3 1176 1189 1177
3 1177 1189 1190
3 1177 1190 1178
3 1178 1190 1191
3 1178 1191 1179
3 1179 1191 1192
3 1179 1192 1180
3 1180 1192 1193
3 1180 1193 1181
3 1181 1193 1194
3 1181 1194 1182
3 1182 1194 1195
3 1182 1195 1183
3 1183 1195 1196
3 1183 1196 1184
3 1184 1196 1197
3 1184 1197 1185
3 1185 1197 1198
3 1185 1198 1186
3 1186 1198 1199
3 1186 1199 1187
3 1187 1199 1188
3 1187 1188 1176
3 1188 1200 1201
3 1188 1201 1189
3 1189 1201 1202
3 1189 1202 1190
3 1190 1202 1203
3 1190 1203 1191
3 1191 1203 1204
3 1191 1204 1192
3 1192 1204 1205
3 1192 1205 1193
3 1193 1205 1206
3 1193 1206 1194
3 1194 1206 1207
3 1194 1207 1195
3 1195 1207 1208
3 1195 1208 1196
3 1196 1208 1209
3 1196 1209 1197
3 1197 1209 1210
3 1197 1210 1198
3 1198 1210 1211
3 1198 1211 1199
3 1199 1211 1200
3 1199 1200 1188
3 1200 1212 1213
3 1200 1213 1201
3 1201 1213 1214
3 1201 1214 1202
3 1202 1214 1215
3 1202 1215 1203
3 1203 1215 1216
3 1203 1216 1204
3 1204 1216 1217
3 1204 1217 1205
3 1205 1217 1218
3 1205 1218 1206
3 1206 1218 1219
3 1206 1219 1207
3 1207 1219 1220
3 1207 1220 1208
3 1208 1220 1221
3 1208 1221 1209
3 1209 1221 1222
3 1209 1222 1210
3 1210 1222 1223
3 1210 1223 1211
3 1211 1223 1212
3 1211 1212 1200
3 1212 1224 1225
3 1212 1225 1213
3 1213 1225 1226
3 1213 1226 1214
3 1214 1226 1227
3 1214 1227 1215
3 1215 1227 1228
3 1215 1228 1216
3 1216 1228 1229
3 1216 1229 1217
3 1217 1229 1230
3 1217 1230 1218
3 1218 1230 1231
3 1218 1231 1219
3 1219 1231 1232
3 1219 1232 1220
3 1220 1232 1233
3 1220 1233 1221
3 1221 1233 1234
3 1221 1234 1222
3 1222 1234 1235
3 1222 1235 1223
3 1223 1235 1224
3 1223 1224 1212
3 1224 1236 1237
3 1224 1237 1225
3 1225 1237 1238
3 1225 1238 1226
3 1226 1238 1239
3 1226 1239 1227
3 1227 1239 1240
3 1227 1240 1228
3 1228 1240 1241
3 1228 1241 1229
3 1229 1241 1242
3 1229 1242 1230
3 1230 1242 1243
3 1230 1243 1231
3 1231 1243 1244
3 1231 1244 1232
3 1232 1244 1245
3 1232 1245 1233
3 1233 1245 1246
3 1233 1246 1234
3 1234 1246 1247
3 1234 1247 1235
3 1235 1247 1236
3 1235 1236 1224
3 1236 1248 1249
3 1236 1249 1237
3 1237 1249 1250
3 1237 1250 1238
3 1238 1250 1251
3 1238 1251 1239
3 1239 1251 1252
3 1239 1252 1240
3 1240 1252 1253
3 1240 1253 1241
3 1241 1253 1254
3 1241 1254 1242
3 1242 1254 1255
3 1242 1255 1243
3 1243 1255 1256
3 1243 1256 1244
3 1244 1256 1257
3 1244 1257 1245
3 1245 1257 1258
3 1245 1258 1246
3 1246 1258 1259
3 1246 1259 1247
3 1247 1259 1248
3 1247 1248 1236
3 1248 1260 1261
3 1248 1261 1249
3 1249 1261 1262
3 1249 1262 1250
3 1250 1262 1263
3 1250 1263 1251
3 1251 1263 1264
3 1251 1264 1252
3 1252 1264 1265
3 1252 1265 1253
3 1253 1265 1266
3 1253 1266 1254
3 1254 1266 1267
3 1254 1267 1255
3 1255 1267 1268
3 1255 1268 1256
3 1256 1268 1269
3 1256 1269 1257
3 1257 1269 1270
3 1257 1270 1258
3 1258 1270 1271
3 1258 1271 1259
3 1259 1271 1260
3 1259 1260 1248
3 1260 1272 1273
3 1260 1273 1261
3 1261 1273 1274
3 1261 1274 1262
3 1262 1274 1275
3 1262 1275 1263
3 1263 1275 1276
3 1263 1276 1264
3 1264 1276 1277
3 1264 1277 1265
3 1265 1277 1278
3 1265 1278 1266
3 1266 1278 1279
3 1266 1279 1267
3 1267 1279 1280
3 1267 1280 1268
3 1268 1280 1281
3 1268 1281 1269
3 1269 1281 1282
3 1269 1282 1270
3 1270 1282 1283
3 1270 1283 1271
3 1271 1283 1272
3 1271 1272 1260
3 1272 1284 1285
3 1272 1285 1273
3 1273 1285 1286
3 1273 1286 1274
3 1274 1286 1287
3 1274 1287 1275
3 1275 1287 1288
3 1275 1288 1276
3 1276 1288 1289
3 1276 1289 1277
3 1277 1289 1290
3 1277 1290 1278
3 1278 1290 1291
3 1278 1291 1279
3 1279 1291 1292
3 1279 1292 1280
3 1280 1292 1293
3 1280 1293 1281
3 1281 1293 1294
3 1281 1294 1282
3 1282 1294 1295
3 1282 1295 1283
3 1283 1295 1284
3 1283 1284 1272
3 1284 1296 1297
3 1284 1297 1285
3 1285 1297 1298
3 1285 1298 1286
3 1286 1298 1299
3 1286 1299 1287
3 1287 1299 1300
3 1287 1300 1288
3 1288 1300 1301
3 1288 1301 1289
3 1289 1301 1302
3 1289 1302 1290
3 1290 1302 1303
3 1290 1303 1291
3 1291 1303 1304
3 1291 1304 1292
3 1292 1304 1305
3 1292 1305 1293
3 1293 1305 1306
3 1293 1306 1294
3 1294 1306 1307
3 1294 1307 1295
3 1295 1307 1296
3 1295 1296 1284
3 1296 1308 1309
3 1296 1309 1297
3 1297 1309 1310
3 1297 1310 1298
3 1298 1310 1311
3 1298 1311 1299
3 1299 1311 1312
3 1299 1312 1300
3 1300 1312 1313
3 1300 1313 1301
3 1301 1313 1314
3 1301 1314 1302
3 1302 1314 1315
3 1302 1315 1303
3 1303 1315 1316
3 1303 1316 1304
3 1304 1316 1317
3 1304 1317 1305
3 1305 1317 1318
3 1305 1318 1306
3 1306 1318 1319
3 1306 1319 1307
3 1307 1319 1308
3 1307 1308 1296
3 1308 1320 1321
3 1308 1321 1309
3 1309 1321 1322
3 1309 1322 1310
3 1310 1322 1323
3 1310 1323 1311
3 1311 1323 1324
3 1311 1324 1312
3 1312 1324 1325
3 1312 1325 1313
3 1313 1325 1326
3 1313 1326 1314
3 1314 1326 1327
3 1314 1327 1315
3 1315 1327 1328
3 1315 1328 1316
3 1316 1328 1329
3 1316 1329 1317
3 1317 1329 1330
3 1317 1330 1318
3 1318 1330 1331
3 1318 1331 1319
3 1319 1331 1320
3 1319 1320 1308
3 1320 1332 1333
3 1320 1333 1321
3 1321 1333 1334
3 1321 1334 1322
3 1322 1334 1335
3 1322 1335 1323
3 1323 1335 1336
3 1323 1336 1324
3 1324 1336 1337
3 1324 1337 1325
3 1325 1337 1338
3 1325 1338 1326
3 1326 1338 1339
3 1326 1339 1327
3 1327 1339 1340
3 1327 1340 1328
3 1328 1340 1341
3 1328 1341 1329
3 1329 1341 1342
3 1329 1342 1330
3 1330 1342 1343
3 1330 1343 1331
3 1331 1343 1332
3 1331 1332 1320
3 1332 1344 1345
3 1332 1345 1333
3 1333 1345 1346
3 1333 1346 1334
3 1334 1346 1347
3 1334 1347 1335
3 1335 1347 1348
3 1335 1348 1336
3 1336 1348 1349
3 1336 1349 1337
3 1337 1349 1350
3 1337 1350 1338
3 1338 1350 1351
3 1338 1351 1339
3 1339 1351 1352
3 1339 1352 1340
3 1340 1352 1353
3 1340 1353 1341
3 1341 1353 1354
3 1341 1354 1342
3 1342 1354 1355
3 1342 1355 1343
3 1343 1355 1344
3 1343 1344 1332
3 1344 1356 1357
3 1344 1357 1345
3 1345 1357 1358
3 1345 1358 1346
3 1346 1358 1359
3 1346 1359 1347
3 1347 1359 1360
3 1347 1360 1348
3 1348 1360 1361
3 1348 1361 1349
3 1349 1361 1362
3 1349 1362 1350
3 1350 1362 1363
3 1350 1363 1351
3 1351 1363 1364
3 1351 1364 1352
3 1352 1364 1365
3 1352 1365 1353
3 1353 1365 1366
3 1353 1366 1354
3 1354 1366 1367
3 1354 1367 1355
3 1355 1367 1356
3 1355 1356 1344
3 1356 1368 1369
3 1356 1369 1357
3 1357 1369 1370
3 1357 1370 1358
3 1358 1370 1371
3 1358 1371 1359
3 1359 1371 1372
3 1359 1372 1360
3 1360 1372 1373
3 1360 1373 1361
3 1361 1373 1374
3 1361 1374 1362
3 1362 1374 1375
3 1362 1375 1363
3 1363 1375 1376
3 1363 1376 1364
3 1364 1376 1377
3 1364 1377 1365
3 1365 1377 1378
3 1365 1378 1366
3 1366 1378 1379
3 1366 1379 1367
3 1367 1379 1368
3 1367 1368 1356
3 1368 1380 1381
3 1368 1381 1369
3 1369 1381 1382
3 1369 1382 1370
3 1370 1382 1383
3 1370 1383 1371
3 1371 1383 1384
3 1371 1384 1372
3 1372 1384 1385
3 1372 1385 1373
3 1373 1385 1386
3 1373 1386 1374
3 1374 1386 1387
3 1374 1387 1375
3 1375 1387 1388
3 1375 1388 1376
3 1376 1388 1389
3 1376 1389 1377
3 1377 1389 1390
3 1377 1390 1378
3 1378 1390 1391
3 1378 1391 1379
3 1379 1391 1380
3 1379 1380 1368
3 1380 1392 1393
3 1380 1393 1381
3 1381 1393 1394
3 1381 1394 1382
3 1382 1394 1395
3 1382 1395 1383
3 1383 1395 1396
3 1383 1396 1384
3 1384 1396 1397
3 1384 1397 1385
3 1385 1397 1398
3 1385 1398 1386
3 1386 1398 1399
3 1386 1399 1387
3 1387 1399 1400
3 1387 1400 1388
3 1388 1400 1401
3 1388 1401 1389
3 1389 1401 1402
3 1389 1402 1390
3 1390 1402 1403
3 1390 1403 1391
3 1391 1403 1392
3 1391 1392 1380
3 1392 1404 1405
3 1392 1405 1393
3 1393 1405 1406
3 1393 1406 1394
3 1394 1406 1407
3 1394 1407 1395
3 1395 1407 1408
3 1395 1408 1396
3 1396 1408 1409
3 1396 1409 1397
3 1397 1409 1410
3 1397 1410 1398
3 1398 1410 1411
3 1398 1411 1399
3 1399 1411 1412
3 1399 1412 1400
3 1400 1412 1413
3 1400 1413 1401
3 1401 1413 1414
3 1401 1414 1402
3 1402 1414 1415
3 1402 1415 1403
3 1403 1415 1404
3 1403 1404 1392
3 1404 1416 1417
3 1404 1417 1405
3 1405 1417 1418
3 1405 1418 1406
3 1406 1418 1419
3 1406 1419 1407
3 1407 1419 1420
3 1407 1420 1408
3 1408 1420 1421
3 1408 1421 1409
3 1409 1421 1422
3 1409 1422 1410
3 1410 1422 1423
3 1410 1423 1411
3 1411 1423 1424
3 1411 1424 1412
3 1412 1424 1425
3 1412 1425 1413
3 1413 1425 1426
3 1413 1426 1414
3 1414 1426 1427
3 1414 1427 1415
3 1415 1427 1416
3 1415 1416 1404
3 1416 1428 1429
3 1416 1429 1417
3 1417 1429 1430
3 1417 1430 1418
3 1418 1430 1431
3 1418 1431 1419
3 1419 1431 1432
3 1419 1432 1420
3 1420 1432 1433
3 1420 1433 1421
3 1421 1433 1434
3 1421 1434 1422
3 1422 1434 1435
3 1422 1435 1423
3 1423 1435 1436
3 1423 1436 1424
3 1424 1436 1437
3 1424 1437 1425
3 1425 1437 1438
3 1425 1438 1426
3 1426 1438 1439
3 1426 1439 1427
3 1427 1439 1428
3 1427 1428 1416
3 1428 1440 1441
3 1428 1441 1429
3 1429 1441 1442
3 1429 1442 1430
3 1430 1442 1443
3 1430 1443 1431
3 1431 1443 1444
3 1431 1444 1432
3 1432 1444 1445
3 1432 1445 1433
3 1433 1445 1446
3 1433 1446 1434
3 1434 1446 1447
3 1434 1447 1435
3 1435 1447 1448
3 1435 1448 1436
3 1436 1448 1449
3 1436 1449 1437
3 1437 1449 1450
3 1437 1450 1438
3 1438 1450 1451
3 1438 1451 1439
3 1439 1451 1440
3 1439 1440 1428
3 1440 1452 1453
3 1440 1453 1441
3 1441 1453 1454
3 1441 1454 1442
3 1442 1454 1455
3 1442 1455 1443
3 1443 1455 1456
3 1443 1456 1444
3 1444 1456 1457
3 1444 1457 1445
3 1445 1457 1458
3 1445 1458 1446
3 1446 1458 1459
3 1446 1459 1447
3 1447 1459 1460
3 1447 1460 1448
3 1448 1460 1461
3 1448 1461 1449
3 1449 1461 1462
3 1449 1462 1450
3 1450 1462 1463
3 1450 1463 1451
3 1451 1463 1452
3 1451 1452 1440
3 1452 1464 1465
3 1452 1465 1453
3 1453 1465 1466
3 1453 1466 1454
3 1454 1466 1467
3 1454 1467 1455
3 1455 1467 1468
3 1455 1468 1456
3 1456 1468 1469
3 1456 1469 1457
3 1457 1469 1470
3 1457 1470 1458
3 1458 1470 1471
3 1458 1471 1459
3 1459 1471 1472
3 1459 1472 1460
3 1460 1472 1473
3 1460 1473 1461
3 1461 1473 1474
3 1461 1474 1462
3 1462 1474 1475
3 1462 1475 1463
3 1463 1475 1464
3 1463 1464 1452
3 1464 1476 1477
3 1464 1477 1465
3 1465 1477 1478
3 1465 1478 1466
3 1466 1478 1479
3 1466 1479 1467
3 1467 1479 1480
3 1467 1480 1468
3 1468 1480 1481
3 1468 1481 1469
3 1469 1481 1482
3 1469 1482 1470
3 1470 1482 1483
3 1470 1483 1471
3 1471 1483 1484
3 1471 1484 1472
3 1472 1484 1485
3 1472 1485 1473
3 1473 1485 1486
3 1473 1486 1474
3 1474 1486 1487
3 1474 1487 1475
3 1475 1487 1476
3 1475 1476 1464
3 1476 1488 1489
3 1476 1489 1477
3 1477 1489 1490
3 1477 1490 1478
3 1478 1490 1491
3 1478 1491 1479
3 1479 1491 1492
3 1479 1492 1480
3 1480 1492 1493
3 1480 1493 1481
3 1481 1493 1494
3 1481 1494 1482
3 1482 1494 1495
3 1482 1495 1483
3 1483 1495 1496
3 1483 1496 1484
3 1484 1496 1497
3 1484 1497 1485
3 1485 1497 1498
3 1485 1498 1486
3 1486 1498 1499
3 1486 1499 1487
3 1487 1499 1488
3 1487 1488 1476
3 1488 1500 1501
3 1488 1501 1489
3 1489 1501 1502
3 1489 1502 1490
3 1490 1502 1503
3 1490 1503 1491
3 1491 1503 1504
3 1491 1504 1492
3 1492 1504 1505
3 1492 1505 1493
3 1493 1505 1506
3 1493 1506 1494
3 1494 1506 1507
3 1494 1507 1495
3 1495 1507 1508
3 1495 1508 1496
3 1496 1508 1509
3 1496 1509 1497
3 1497 1509 1510
3 1497 1510 1498
3 1498 1510 1511
3 1498 1511 1499
3 1499 1511 1500
3 1499 1500 1488
3 1500 1512 1513
3 1500 1513 1501
3 1501 1513 1514
3 1501 1514 1502
3 1502 1514 1515
3 1502 1515 1503
3 1503 1515 1516
3 1503 1516 1504
3 1504 1516 1517
3 1504 1517 1505
3 1505 1517 1518
3 1505 1518 1506
3 1506 1518 1519
3 1506 1519 1507
3 1507 1519 1520
3 1507 1520 1508
3 1508 1520 1521
3 1508 1521 1509
3 1509 1521 1522
3 1509 1522 1510
3 1510 1522 1523
3 1510 1523 1511
3 1511 1523 1512
3 1511 1512 1500
3 1512 1524 1525
3 1512 1525 1513
3 1513 1525 1526
3 1513 1526 1514
3 1514 1526 1527
3 1514 1527 1515
3 1515 1527 1528
3 1515 1528 1516
3 1516 1528 1529
3 1516 1529 1517
3 1517 1529 1530
3 1517 1530 1518
3 1518 1530 1531
3 1518 1531 1519
3 1519 1531 1532
3 1519 1532 1520
3 1520 1532 1533
3 1520 1533 1521
3 1521 1533 1534
3 1521 1534 1522
3 1522 1534 1535
3 1522 1535 1523
3 1523 1535 1524
3 1523 1524 1512
3 1524 1536 1537
3 1524 1537 1525
3 1525 1537 1538
3 1525 1538 1526
3 1526 1538 1539
3 1526 1539 1527
3 1527 1539 1540
3 1527 1540 1528
3 1528 1540 1541
3 1528 1541 1529
3 1529 1541 1542
3 1529 1542 1530
3 1530 1542 1543
3 1530 1543 1531
3 1531 1543 1544
3 1531 1544 1532
3 1532 1544 1545
3 1532 1545 1533
3 1533 1545 1546
3 1533 1546 1534
3 1534 1546 1547
3 1534 1547 1535
3 1535 1547 1536
3 1535 1536 1524
3 1536 1548 1549
3 1536 1549 1537
3 1537 1549 1550
3 1537 1550 1538
3 1538 1550 1551
3 1538 1551 1539
3 1539 1551 1552
3 1539 1552 1540
3 1540 1552 1553
3 1540 1553 1541
3 1541 1553 1554
3 1541 1554 1542
3 1542 1554 1555
3 1542 1555 1543
3 1543 1555 1556
3 1543 1556 1544
3 1544 1556 1557
3 1544 1557 1545
3 1545 1557 1558
3 1545 1558 1546
3 1546 1558 1559
3 1546 1559 1547
3 1547 1559 1548
3 1547 1548 1536
3 1548 1560 1561
3 1548 1561 1549
3 1549 1561 1562
3 1549 1562 1550
3 1550 1562 1563
3 1550 1563 1551
3 1551 1563 1564
3 1551 1564 1552
3 1552 1564 1565
3 1552 1565 1553
3 1553 1565 1566
3 1553 1566 1554
3 1554 1566 1567
3 1554 1567 1555
3 1555 1567 1568
3 1555 1568 1556
3 1556 1568 1569
3 1556 1569 1557
3 1557 1569 1570
3 1557 1570 1558
3 1558 1570 1571
3 1558 1571 1559
3 1559 1571 1560
3 1559 1560 1548
3 1560 1572 1573
3 1560 1573 1561
3 1561 1573 1574
3 1561 1574 1562
3 1562 1574 1575
3 1562 1575 1563
3 1563 1575 1576
3 1563 1576 1564
3 1564 1576 1577
3 1564 1577 1565
3 1565 1577 1578
3 1565 1578 1566
3 1566 1578 1579
3 1566 1579 1567
3 1567 1579 1580
3 1567 1580 1568
3 1568 1580 1581
3 1568 1581 1569
3 1569 1581 1582
3 1569 1582 1570
3 1570 1582 1583
3 1570 1583 1571
3 1571 1583 1572
3 1571 1572 1560
3 1572 1584 1585
3 1572 1585 1573
3 1573 1585 1586
3 1573 1586 1574
3 1574 1586 1587
3 1574 1587 1575
3 1575 1587 1588
3 1575 1588 1576
3 1576 1588 1589
3 1576 1589 1577
3 1577 1589 1590
3 1577 1590 1578
3 1578 1590 1591
3 1578 1591 1579
3 1579 1591 1592
3 1579 1592 1580
3 1580 1592 1593
3 1580 1593 1581
3 1581 1593 1594
3 1581 1594 1582
3 1582 1594 1595
3 1582 1595 1583
3 1583 1595 1584
3 1583 1584 1572
3 1584 1596 1597
3 1584 1597 1585
3 1585 1597 1598
3 1585 1598 1586
3 1586 1598 1599
3 1586 1599 1587
3 1587 1599 1600
3 1587 1600 1588
3 1588 1600 1601
3 1588 1601 1589
3 1589 1601 1602
3 1589 1602 1590
3 1590 1602 1603
3 1590 1603 1591
3 1591 1603 1604
3 1591 1604 1592
3 1592 1604 1605
3 1592 1605 1593
3 1593 1605 1606
3 1593 1606 1594
3 1594 1606 1607
3 1594 1607 1595
3 1595 1607 1596
3 1595 1596 1584
3 1596 1608 1609
3 1596 1609 1597
3 1597 1609 1610
3 1597 1610 1598
3 1598 1610 1611
3 1598 1611 1599
3 1599 1611 1612
3 1599 1612 1600
3 1600 1612 1613
3 1600 1613 1601
3 1601 1613 1614
3 1601 1614 1602
3 1602 1614 1615
3 1602 1615 1603
3 1603 1615 1616
3 1603 1616 1604
3 1604 1616 1617
3 1604 1617 1605
3 1605 1617 1618
3 1605 1618 1606
3 1606 1618 1619
3 1606 1619 1607
3 1607 1619 1608
3 1607 1608 1596
3 1608 1620 1621
3 1608 1621 1609
3 1609 1621 1622
3 1609 1622 1610
3 1610 1622 1623
3 1610 1623 1611
3 1611 1623 1624
3 1611 1624 1612
3 1612 1624 1625
3 1612 1625 1613
3 1613 1625 1626
3 1613 1626 1614
3 1614 1626 1627
3 1614 1627 1615
3 1615 1627 1628
3 1615 1628 1616
3 1616 1628 1629
3 1616 1629 1617
3 1617 1629 1630
3 1617 1630 1618
3 1618 1630 1631
3 1618 1631 1619
3 1619 1631 1620
3 1619 1620 1608
3 1620 1632 1633
3 1620 1633 1621
3 1621 1633 1634
3 1621 1634 1622
3 1622 1634 1635
3 1622 1635 1623
3 1623 1635 1636
3 1623 1636 1624
3 1624 1636 1637
3 1624 1637 1625
3 1625 1637 1638
3 1625 1638 1626
3 1626 1638 1639
3 1626 1639 1627
3 1627 1639 1640
3 1627 1640 1628
3 1628 1640 1641
3 1628 1641 1629
3 1629 1641 1642
3 1629 1642 1630
3 1630 1642 1643
3 1630 1643 1631
3 1631 1643 1632
3 1631 1632 1620
3 1632 1644 1645
3 1632 1645 1633
3 1633 1645 1646
3 1633 1646 1634
3 1634 1646 1647
3 1634 1647 1635
3 1635 1647 1648
3 1635 1648 1636
3 1636 1648 1649
3 1636 1649 1637
3 1637 1649 1650
3 1637 1650 1638
3 1638 1650 1651
3 1638 1651 1639
3 1639 1651 1652
3 1639 1652 1640
3 1640 1652 1653
3 1640 1653 1641
3 1641 1653 1654
3 1641 1654 1642
3 1642 1654 1655
3 1642 1655 1643
3 1643 1655 1644
3 1643 1644 1632
3 1644 1656 1657
3 1644 1657 1645
3 1645 1657 1658
3 1645 1658 1646
3 1646 1658 1659
3 1646 1659 1647
3 1647 1659 1660
3 1647 1660 1648
3 1648 1660 1661
3 1648 1661 1649
3 1649 1661 1662
3 1649 1662 1650
3 1650 1662 1663
3 1650 1663 1651
3 1651 1663 1664
3 1651 1664 1652
3 1652 1664 1665
3 1652 1665 1653
3 1653 1665 1666
3 1653 1666 1654
3 1654 1666 1667
3 1654 1667 1655
3 1655 1667 1656
3 1655 1656 1644
3 1656 1668 1669
3 1656 1669 1657
3 1657 1669 1670
3 1657 1670 1658
3 1658 1670 1671
3 1658 1671 1659
3 1659 1671 1672
3 1659 1672 1660
3 1660 1672 1673
3 1660 1673 1661
3 1661 1673 1674
3 1661 1674 1662
3 1662 1674 1675
3 1662 1675 1663
3 1663 1675 1676
3 1663 1676 1664
3 1664 1676 1677
3 1664 1677 1665
3 1665 1677 1678
3 1665 1678 1666
3 1666 1678 1679
3 1666 1679 1667
3 1667 1679 1668
3 1667 1668 1656
3 1668 1680 1681
3 1668 1681 1669
3 1669 1681 1682
3 1669 1682 1670
3 1670 1682 1683
3 1670 1683 1671
3 1671 1683 1684
3 1671 1684 1672
3 1672 1684 1685
3 1672 1685 1673
3 1673 1685 1686
3 1673 1686 1674
3 1674 1686 1687
3 1674 1687 1675
3 1675 1687 1688
3 1675 1688 1676
3 1676 1688 1689
3 1676 1689 1677
3 1677 1689 1690
3 1677 1690 1678
3 1678 1690 1691
3 1678 1691 1679
3 1679 1691 1680
3 1679 1680 1668
3 1680 1692 1693
3 1680 1693 1681
3 1681 1693 1694
3 1681 1694 1682
3 1682 1694 1695
3 1682 1695 1683
3 1683 1695 1696
3 1683 1696 1684
3 1684 1696 1697
3 1684 1697 1685
3 1685 1697 1698
3 1685 1698 1686
3 1686 1698 1699
3 1686 1699 1687
3 1687 1699 1700
3 1687 1700 1688
3 1688 1700 1701
3 1688 1701 1689
3 1689 1701 1702
3 1689 1702 1690
3 1690 1702 1703
3 1690 1703 1691
3 1691 1703 1692
3 1691 1692 1680
3 1692 1704 1705
3 1692 1705 1693
3 1693 1705 1706
3 1693 1706 1694
3 1694 1706 1707
3 1694 1707 1695
3 1695 1707 1708
3 1695 1708 1696
3 1696 1708 1709
3 1696 1709 1697
3 1697 1709 1710
3 1697 1710 1698
3 1698 1710 1711
3 1698 1711 1699
3 1699 1711 1712
3 1699 1712 1700
3 1700 1712 1713
3 1700 1713 1701
3 1701 1713 1714
3 1701 1714 1702
3 1702 1714 1715
3 1702 1715 1703
3 1703 1715 1704
3 1703 1704 1692
3 1704 1716 1717
3 1704 1717 1705
3 1705 1717 1718
3 1705 1718 1706
3 1706 1718 1719
3 1706 1719 1707
3 1707 1719 1720
3 1707 1720 1708
3 1708 1720 1721
3 1708 1721 1709
3 1709 1721 1722
3 1709 1722 1710
3 1710 1722 1723
3 1710 1723 1711
3 1711 1723 1724
3 1711 1724 1712
3 1712 1724 1725
3 1712 1725 1713
3 1713 1725 1726
3 1713 1726 1714
3 1714 1726 1727
3 1714 1727 1715
3 1715 1727 1716
3 1715 1716 1704
3 1716 1728 1729
3 1716 1729 1717
3 1717 1729 1730
3 1717 1730 1718
3 1718 1730 1731
3 1718 1731 1719
3 1719 1731 1732
3 1719 1732 1720
3 1720 1732 1733
3 1720 1733 1721
3 1721 1733 1734
3 1721 1734 1722
3 1722 1734 1735
3 1722 1735 1723
3 1723 1735 1736
3 1723 1736 1724
3 1724 1736 1737
3 1724 1737 1725
3 1725 1737 1738
3 1725 1738 1726
3 1726 1738 1739
3 1726 1739 1727
3 1727 1739 1728
3 1727 1728 1716
3 1728 1740 1741
3 1728 1741 1729
3 1729 1741 1742
3 1729 1742 1730
3 1730 1742 1743
3 1730 1743 1731
3 1731 1743 1744
3 1731 1744 1732
3 1732 1744 1745
3 1732 1745 1733
3 1733 1745 1746
3 1733 1746 1734
3 1734 1746 1747
3 1734 1747 1735
3 1735 1747 1748
3 1735 1748 1736
3 1736 1748 1749
3 1736 1749 1737
3 1737 1749 1750
3 1737 1750 1738
3 1738 1750 1751
3 1738 1751 1739
3 1739 1751 1740
3 1739 1740 1728
3 1740 1752 1753
3 1740 1753 1741
3 1741 1753 1754
3 1741 1754 1742
3 1742 1754 1755
3 1742 1755 1743
3 1743 1755 1756
3 1743 1756 1744
3 1744 1756 1757
3 1744 1757 1745
3 1745 1757 1758
3 1745 1758 1746
3 1746 1758 1759
3 1746 1759 1747
3 1747 1759 1760
3 1747 1760 1748
3 1748 1760 1761
3 1748 1761 1749
3 1749 1761 1762
3 1749 1762 1750
3 1750 1762 1763
3 1750 1763 1751
3 1751 1763 1752
3 1751 1752 1740
3 1752 1764 1765
3 1752 1765 1753
3 1753 1765 1766
3 1753 1766 1754
3 1754 1766 1767
3 1754 1767 1755
3 1755 1767 1768
3 1755 1768 1756
3 1756 1768 1769
3 1756 1769 1757
3 1757 1769 1770
3 1757 1770 1758
3 1758 1770 1771
3 1758 1771 1759
3 1759 1771 1772
3 1759 1772 1760
3 1760 1772 1773
3 1760 1773 1761
3 1761 1773 1774
3 1761 1774 1762
3 1762 1774 1775
3 1762 1775 1763
3 1763 1775 1764
3 1763 1764 1752
3 1764 1776 1777
3 1764 1777 1765
3 1765 1777 1778
3 1765 1778 1766
3 1766 1778 1779
3 1766 1779 1767
3 1767 1779 1780
3 1767 1780 1768
3 1768 1780 1781
3 1768 1781 1769
3 1769 1781 1782
3 1769 1782 1770
3 1770 1782 1783
3 1770 1783 1771
3 1771 1783 1784
3 1771 1784 1772
3 1772 1784 1785
3 1772 1785 1773
3 1773 1785 1786
3 1773 1786 1774
3 1774 1786 1787
3 1774 1787 1775
3 1775 1787 1776
3 1775 1776 1764
3 1776 1788 1789
3 1776 1789 1777
3 1777 1789 1790
3 1777 1790 1778
3 1778 1790 1791
3 1778 1791 1779
3 1779 1791 1792
3 1779 1792 1780
3 1780 1792 1793
3 1780 1793 1781
3 1781 1793 1794
3 1781 1794 1782
3 1782 1794 1795
3 1782 1795 1783
3 1783 1795 1796
3 1783 1796 1784
3 1784 1796 1797
3 1784 1797 1785
3 1785 1797 1798
3 1785 1798 1786
3 1786 1798 1799
3 1786 1799 1787
3 1787 1799 1788
3 1787 1788 1776
3 1788 1800 1801
3 1788 1801 1789
3 1789 1801 1802
3 1789 1802 1790
3 1790 1802 1803
3 1790 1803 1791
3 1791 1803 1804
3 1791 1804 1792
3 1792 1804 1805
3 1792 1805 1793
3 1793 1805 1806
3 1793 1806 1794
3 1794 1806 1807
3 1794 1807 1795
3 1795 1807 1808
3 1795 1808 1796
3 1796 1808 1809
3 1796 1809 1797
3 1797 1809 1810
3 1797 1810 1798
3 1798 1810 1811
3 1798 1811 1799
3 1799 1811 1800
3 1799 1800 1788
3 1800 1812 1813
3 1800 1813 1801
3 1801 1813 1814
3 1801 1814 1802
3 1802 1814 1815
3 1802 1815 1803
3 1803 1815 1816
3 1803 1816 1804
3 1804 1816 1817
3 1804 1817 1805
3 1805 1817 1818
3 1805 1818 1806
3 1806 1818 1819
3 1806 1819 1807
3 1807 1819 1820
3 1807 1820 1808
3 1808 1820 1821
3 1808 1821 1809
3 1809 1821 1822
3 1809 1822 1810
3 1810 1822 1823
3 1810 1823 1811
3 1811 1823 1812
3 1811 1812 1800
3 1812 1824 1825
3 1812 1825 1813
3 1813 1825 1826
3 1813 1826 1814
3 1814 1826 1827
3 1814 1827 1815
3 1815 1827 1828
3 1815 1828 1816
3 1816 1828 1829
3 1816 1829 1817
3 1817 1829 1830
3 1817 1830 1818
3 1818 1830 1831
3 1818 1831 1819
3 1819 1831 1832
3 1819 1832 1820
3 1820 1832 1833
3 1820 1833 1821
3 1821 1833 1834
3 1821 1834 1822
3 1822 1834 1835
3 1822 1835 1823
3 1823 1835 1824
3 1823 1824 1812
3 1824 1836 1837
3 1824 1837 1825
3 1825 1837 1838
3 1825 1838 1826
3 1826 1838 1839
3 1826 1839 1827
3 1827 1839 1840
3 1827 1840 1828
3 1828 1840 1841
3 1828 1841 1829
3 1829 1841 1842
3 1829 1842 1830
3 1830 1842 1843
3 1830 1843 1831
3 1831 1843 1844
3 1831 1844 1832
3 1832 1844 1845
3 1832 1845 1833
3 1833 1845 1846
3 1833 1846 1834
3 1834 1846 1847
3 1834 1847 1835
3 1835 1847 1836
3 1835 1836 1824
3 1836 1848 1849
3 1836 1849 1837
3 1837 1849 1850
3 1837 1850 1838
3 1838 1850 1851
3 1838 1851 1839
3 1839 1851 1852
3 1839 1852 1840
3 1840 1852 1853
3 1840 1853 1841
3 1841 1853 1854
3 1841 1854 1842
3 1842 1854 1855
3 1842 1855 1843
3 1843 1855 1856
3 1843 1856 1844
3 1844 1856 1857
3 1844 1857 1845
3 1845 1857 1858
3 1845 1858 1846
3 1846 1858 1859
3 1846 1859 1847
3 1847 1859 1848
3 1847 1848 1836
3 1848 1860 1861
3 1848 1861 1849
3 1849 1861 1862
3 1849 1862 1850
3 1850 1862 1863
3 1850 1863 1851
3 1851 1863 1864
3 1851 1864 1852
3 1852 1864 1865
3 1852 1865 1853
3 1853 1865 1866
3 1853 1866 1854
3 1854 1866 1867
3 1854 1867 1855
3 1855 1867 1868
3 1855 1868 1856
3 1856 1868 1869
3 1856 1869 1857
3 1857 1869 1870
3 1857 1870 1858
3 1858 1870 1871
3 1858 1871 1859
3 1859 1871 1860
3 1859 1860 1848
3 1860 1872 1873
3 1860 1873 1861
3 1861 1873 1874
3 1861 1874 1862
3 1862 1874 1875
3 1862 1875 1863
3 1863 1875 1876
3 1863 1876 1864
3 1864 1876 1877
3 1864 1877 1865
3 1865 1877 1878
3 1865 1878 1866
3 1866 1878 1879
3 1866 1879 1867
3 1867 1879 1880
3 1867 1880 1868
3 1868 1880 1881
3 1868 1881 1869
3 1869 1881 1882
3 1869 1882 1870
3 1870 1882 1883
3 1870 1883 1871
3 1871 1883 1872
3 1871 1872 1860
3 1872 1884 1885
3 1872 1885 1873
3 1873 1885 1886
3 1873 1886 1874
3 1874 1886 1887
3 1874 1887 1875
3 1875 1887 1888
3 1875 1888 1876
3 1876 1888 1889
3 1876 1889 1877
3 1877 1889 1890
3 1877 1890 1878
3 1878 1890 1891
3 1878 1891 1879
3 1879 1891 1892
3 1879 1892 1880
3 1880 1892 1893
3 1880 1893 1881
3 1881 1893 1894
3 1881 1894 1882
3 1882 1894 1895
3 1882 1895 1883
3 1883 1895 1884
3 1883 1884 1872
3 1884 1896 1897
3 1884 1897 1885
3 1885 1897 1898
3 1885 1898 1886
3 1886 1898 1899
3 1886 1899 1887
3 1887 1899 1900
3 1887 1900 1888
3 1888 1900 1901
3 1888 1901 1889
3 1889 1901 1902
3 1889 1902 1890
3 1890 1902 1903
3 1890 1903 1891
3 1891 1903 1904
3 1891 1904 1892
3 1892 1904 1905
3 1892 1905 1893
3 1893 1905 1906
3 1893 1906 1894
3 1894 1906 1907
3 1894 1907 1895
3 1895 1907 1896
3 1895 1896 1884
3 1896 1908 1909
3 1896 1909 1897
3 1897 1909 1910
3 1897 1910 1898
3 1898 1910 1911
3 1898 1911 1899
3 1899 1911 1912
3 1899 1912 1900
3 1900 1912 1913
3 1900 1913 1901
3 1901 1913 1914
3 1901 1914 1902
3 1902 1914 1915
3 1902 1915 1903
3 1903 1915 1916
3 1903 1916 1904
3 1904 1916 1917
3 1904 1917 1905
3 1905 1917 1918
3 1905 1918 1906
3 1906 1918 1919
3 1906 1919 1907
3 1907 1919 1908
3 1907 1908 1896
3 1908 1920 1921
3 1908 1921 1909
3 1909 1921 1922
3 1909 1922 1910
3 1910 1922 1923
3 1910 1923 1911
3 1911 1923 1924
3 1911 1924 1912
3 1912 1924 1925
3 1912 1925 1913
3 1913 1925 1926
3 1913 1926 1914
3 1914 1926 1927
3 1914 1927 1915
3 1915 1927 1928
3 1915 1928 1916
3 1916 1928 1929
3 1916 1929 1917
3 1917 1929 1930
3 1917 1930 1918
3 1918 1930 1931
3 1918 1931 1919
3 1919 1931 1920
3 1919 1920 1908
3 1920 1932 1933
3 1920 1933 1921
3 1921 1933 1934
3 1921 1934 1922
3 1922 1934 1935
3 1922 1935 1923
3 1923 1935 1936
3 1923 1936 1924
3 1924 1936 1937
3 1924 1937 1925
3 1925 1937 1938
3 1925 1938 1926
3 1926 1938 1939
3 1926 1939 1927
3 1927 1939 1940
3 1927 1940 1928
3 1928 1940 1941
3 1928 1941 1929
3 1929 1941 1942
3 1929 1942 1930
3 1930 1942 1943
3 1930 1943 1931
3 1931 1943 1932
3 1931 1932 1920
3 1932 1944 1945
3 1932 1945 1933
3 1933 1945 1946
3 1933 1946 1934
3 1934 1946 1947
3 1934 1947 1935
3 1935 1947 1948
3 1935 1948 1936
3 1936 1948 1949
3 1936 1949 1937
3 1937 1949 1950
3 1937 1950 1938
3 1938 1950 1951
3 1938 1951 1939
3 1939 1951 1952
3 1939 1952 1940
3 1940 1952 1953
3 1940 1953 1941
3 1941 1953 1954
3 1941 1954 1942
3 1942 1954 1955
3 1942 1955 1943
3 1943 1955 1944
3 1943 1944 1932
3 1944 1956 1957
3 1944 1957 1945
3 1945 1957 1958
3 1945 1958 1946
3 1946 1958 1959
3 1946 1959 1947
3 1947 1959 1960
3 1947 1960 1948
3 1948 1960 1961
3 1948 1961 1949
3 1949 1961 1962
3 1949 1962 1950
3 1950 1962 1963
3 1950 1963 1951
3 1951 1963 1964
3 1951 1964 1952
3 1952 1964 1965
3 1952 1965 1953
3 1953 1965 1966
3 1953 1966 1954
3 1954 1966 1967
3 1954 1967 1955
3 1955 1967 1956
3 1955 1956 1944
3 1956 1968 1969
3 1956 1969 1957
3 1957 1969 1970
3 1957 1970 1958
3 1958 1970 1971
3 1958 1971 1959
3 1959 1971 1972
3 1959 1972 1960
3 1960 1972 1973
3 1960 1973 1961
3 1961 1973 1974
3 1961 1974 1962
3 1962 1974 1975
3 1962 1975 1963
3 1963 1975 1976
3 1963 1976 1964
3 1964 1976 1977
3 1964 1977 1965
3 1965 1977 1978
3 1965 1978 1966
3 1966 1978 1979
3 1966 1979 1967
3 1967 1979 1968
3 1967 1968 1956
3 1968 1980 1981
3 1968 1981 1969
3 1969 1981 1982
3 1969 1982 1970
3 1970 1982 1983
3 1970 1983 1971
3 1971 1983 1984
3 1971 1984 1972
3 1972 1984 1985
3 1972 1985 1973
3 1973 1985 1986
3 1973 1986 1974
3 1974 1986 1987
3 1974 1987 1975
3 1975 1987 1988
3 1975 1988 1976
3 1976 1988 1989
3 1976 1989 1977
3 1977 1989 1990
3 1977 1990 1978
3 1978 1990 1991
3 1978 1991 1979
3 1979 1991 1980
3 1979 1980 1968
3 1980 1992 1993
3 1980 1993 1981
3 1981 1993 1994
3 1981 1994 1982
3 1982 1994 1995
3 1982 1995 1983
3 1983 1995 1996
3 1983 1996 1984
3 1984 1996 1997
3 1984 1997 1985
3 1985 1997 1998
3 1985 1998 1986
3 1986 1998 1999
3 1986 1999 1987
3 1987 1999 2000
3 1987 2000 1988
3 1988 2000 2001
3 1988 2001 1989
3 1989 2001 2002
3 1989 2002 1990
3 1990 2002 2003
3 1990 2003 1991
3 1991 2003 1992
3 1991 1992 1980
3 1992 2004 2005
3 1992 2005 1993
3 1993 2005 2006
3 1993 2006 1994
3 1994 2006 2007
3 1994 2007 1995
3 1995 2007 2008
3 1995 2008 1996
3 1996 2008 2009
3 1996 2009 1997
3 1997 2009 2010
3 1997 2010 1998
3 1998 2010 2011
3 1998 2011 1999
3 1999 2011 2012
3 1999 2012 2000
3 2000 2012 2013
3 2000 2013 2001
3 2001 2013 2014
3 2001 2014 2002
3 2002 2014 2015
3 2002 2015 2003
3 2003 2015 2004
3 2003 2004 1992
3 2004 2016 2017
3 2004 2017 2005
3 2005 2017 2018
3 2005 2018 2006
3 2006 2018 2019
3 2006 2019 2007
3 2007 2019 2020
3 2007 2020 2008
3 2008 2020 2021
3 2008 2021 2009
3 2009 2021 2022
3 2009 2022 2010
3 2010 2022 2023
3 2010 2023 2011
3 2011 2023 2024
3 2011 2024 2012
3 2012 2024 2025
3 2012 2025 2013
3 2013 2025 2026
3 2013 2026 2014
3 2014 2026 2027
3 2014 2027 2015
3 2015 2027 2016
3 2015 2016 2004
3 2016 2028 2029
3 2016 2029 2017
3 2017 2029 2030
3 2017 2030 2018
3 2018 2030 2031
3 2018 2031 2019
3 2019 2031 2032
3 2019 2032 2020
3 2020 2032 2033
3 2020 2033 2021
3 2021 2033 2034
3 2021 2034 2022
3 2022 2034 2035
3 2022 2035 2023
3 2023 2035 2036
3 2023 2036 2024
3 2024 2036 2037
3 2024 2037 2025
3 2025 2037 2038
3 2025 2038 2026
3 2026 2038 2039
3 2026 2039 2027
3 2027 2039 2028
3 2027 2028 2016
3 2028 2040 2041
3 2028 2041 2029
3 2029 2041 2042
3 2029 2042 2030
3 2030 2042 2043
3 2030 2043 2031
3 2031 2043 2044
3 2031 2044 2032
3 2032 2044 2045
3 2032 2045 2033
3 2033 2045 2046
3 2033 2046 2034
3 2034 2046 2047
3 2034 2047 2035
3 2035 2047 2048
3 2035 2048 2036
3 2036 2048 2049
3 2036 2049 2037
3 2037 2049 2050
3 2037 2050 2038
3 2038 2050 2051
3 2038 2051 2039
3 2039 2051 2040
3 2039 2040 2028
3 2040 2052 2053
3 2040 2053 2041
3 2041 2053 2054
3 2041 2054 2042
3 2042 2054 2055
3 2042 2055 2043
3 2043 2055 2056
3 2043 2056 2044
3 2044 2056 2057
3 2044 2057 2045
3 2045 2057 2058
3 2045 2058 2046
3 2046 2058 2059
3 2046 2059 2047
3 2047 2059 2060
3 2047 2060 2048
3 2048 2060 2061
3 2048 2061 2049
3 2049 2061 2062
3 2049 2062 2050
3 2050 2062 2063
3 2050 2063 2051
3 2051 2063 2052
3 2051 2052 2040
3 2052 2064 2065
3 2052 2065 2053
3 2053 2065 2066
3 2053 2066 2054
3 2054 2066 2067
3 2054 2067 2055
3 2055 2067 2068
3 2055 2068 2056
3 2056 2068 2069
3 2056 2069 2057
3 2057 2069 2070
3 2057 2070 2058
3 2058 2070 2071
3 2058 2071 2059
3 2059 2071 2072
3 2059 2072 2060
3 2060 2072 2073
3 2060 2073 2061
3 2061 2073 2074
3 2061 2074 2062
3 2062 2074 2075
3 2062 2075 2063
3 2063 2075 2064
3 2063 2064 2052
3 2064 2076 2077
3 2064 2077 2065
3 2065 2077 2078
3 2065 2078 2066
3 2066 2078 2079
3 2066 2079 2067
3 2067 2079 2080
3 2067 2080 2068
3 2068 2080 2081
3 2068 2081 2069
3 2069 2081 2082
3 2069 2082 2070
3 2070 2082 2083
3 2070 2083 2071
3 2071 2083 2084
3 2071 2084 2072
3 2072 2084 2085
3 2072 2085 2073
3 2073 2085 2086
3 2073 2086 2074
3 2074 2086 2087
3 2074 2087 2075
3 2075 2087 2076
3 2075 2076 2064
3 2076 2088 2089
3 2076 2089 2077
3 2077 2089 2090
3 2077 2090 2078
3 2078 2090 2091
3 2078 2091 2079
3 2079 2091 2092
3 2079 2092 2080
3 2080 2092 2093
3 2080 2093 2081
3 2081 2093 2094
3 2081 2094 2082
3 2082 2094 2095
3 2082 2095 2083
3 2083 2095 2096
3 2083 2096 2084
3 2084 2096 2097
3 2084 2097 2085
3 2085 2097 2098
3 2085 2098 2086
3 2086 2098 2099
3 2086 2099 2087
3 2087 2099 2088
3 2087 2088 2076
3 2088 2100 2101
3 2088 2101 2089
3 2089 2101 2102
3 2089 2102 2090
3 2090 2102 2103
3 2090 2103 2091
3 2091 2103 2104
3 2091 2104 2092
3 2092 2104 2105
3 2092 2105 2093
3 2093 2105 2106
3 2093 2106 2094
3 2094 2106 2107
3 2094 2107 2095
3 2095 2107 2108
3 2095 2108 2096
3 2096 2108 2109
3 2096 2109 2097
3 2097 2109 2110
3 2097 2110 2098
3 2098 2110 2111
3 2098 2111 2099
3 2099 2111 2100
3 2099 2100 2088
3 2100 2112 2113
3 2100 2113 2101
3 2101 2113 2114
3 2101 2114 2102
3 2102 2114 2115
3 2102 2115 2103
3 2103 2115 2116
3 2103 2116 2104
3 2104 2116 2117
3 2104 2117 2105
3 2105 2117 2118
3 2105 2118 2106
3 2106 2118 2119
3 2106 2119 2107
3 2107 2119 2120
3 2107 2120 2108
3 2108 2120 2121
3 2108 2121 2109
3 2109 2121 2122
3 2109 2122 2110
3 2110 2122 2123
3 2110 2123 2111
3 2111 2123 2112
3 2111 2112 2100
3 2112 2124 2125
3 2112 2125 2113
3 2113 2125 2126
3 2113 2126 2114
3 2114 2126 2127
3 2114 2127 2115
3 2115 2127 2128
3 2115 2128 2116
3 2116 2128 2129
3 2116 2129 2117
3 2117 2129 2130
3 2117 2130 2118
3 2118 2130 2131
3 2118 2131 2119
3 2119 2131 2132
3 2119 2132 2120
3 2120 2132 2133
3 2120 2133 2121
3 2121 2133 2134
3 2121 2134 2122
3 2122 2134 2135
3 2122 2135 2123
3 2123 2135 2124
3 2123 2124 2112
3 2124 2136 2137
3 2124 2137 2125
3 2125 2137 2138
3 2125 2138 2126
3 2126 2138 2139
3 2126 2139 2127
3 2127 2139 2140
3 2127 2140 2128
3 2128 2140 2141
3 2128 2141 2129
3 2129 2141 2142
3 2129 2142 2130
3 2130 2142 2143
3 2130 2143 2131
3 2131 2143 2144
3 2131 2144 2132
3 2132 2144 2145
3 2132 2145 2133
3 2133 2145 2146
3 2133 2146 2134
3 2134 2146 2147
3 2134 2147 2135
3 2135 2147 2136
3 2135 2136 2124
3 2136 2148 2149
3 2136 2149 2137
3 2137 2149 2150
3 2137 2150 2138
3 2138 2150 2151
3 2138 2151 2139
3 2139 2151 2152
3 2139 2152 2140
3 2140 2152 2153
3 2140 2153 2141
3 2141 2153 2154
3 2141 2154 2142
3 2142 2154 2155
3 2142 2155 2143
3 2143 2155 2156
3 2143 2156 2144
3 2144 2156 2157
3 2144 2157 2145
3 2145 2157 2158
3 2145 2158 2146
3 2146 2158 2159
3 2146 2159 2147
3 2147 2159 2148
3 2147 2148 2136
3 2148 2160 2161
3 2148 2161 2149
3 2149 2161 2162
3 2149 2162 2150
3 2150 2162 2163
3 2150 2163 2151
3 2151 2163 2164
3 2151 2164 2152
3 2152 2164 2165
3 2152 2165 2153
3 2153 2165 2166
3 2153 2166 2154
3 2154 2166 2167
3 2154 2167 2155
3 2155 2167 2168
3 2155 2168 2156
3 2156 2168 2169
3 2156 2169 2157
3 2157 2169 2170
3 2157 2170 2158
3 2158 2170 2171
3 2158 2171 2159
3 2159 2171 2160
3 2159 2160 2148
3 2160 2172 2173
3 2160 2173 2161
3 2161 2173 2174
3 2161 2174 2162
3 2162 2174 2175
3 2162 2175 2163
3 2163 2175 2176
3 2163 2176 2164
3 2164 2176 2177
3 2164 2177 2165
3 2165 2177 2178
3 2165 2178 2166
3 2166 2178 2179
3 2166 2179 2167
3 2167 2179 2180
3 2167 2180 2168
3 2168 2180 2181
3 2168 2181 2169
3 2169 2181 2182
3 2169 2182 2170
3 2170 2182 2183
3 2170 2183 2171
3 2171 2183 2172
3 2171 2172 2160
3 2172 2184 2185
3 2172 2185 2173
3 2173 2185 2186
3 2173 2186 2174
3 2174 2186 2187
3 2174 2187 2175
3 2175 2187 2188
3 2175 2188 2176
3 2176 2188 2189
3 2176 2189 2177
3 2177 2189 2190
3 2177 2190 2178
3 2178 2190 2191
3 2178 2191 2179
3 2179 2191 2192
3 2179 2192 2180
3 2180 2192 2193
3 2180 2193 2181
3 2181 2193 2194
3 2181 2194 2182
3 2182 2194 2195
3 2182 2195 2183
3 2183 2195 2184
3 2183 2184 2172
3 2184 2196 2197
3 2184 2197 2185
3 2185 2197 2198
3 2185 2198 2186
3 2186 2198 2199
3 2186 2199 2187
3 2187 2199 2200
3 2187 2200 2188
3 2188 2200 2201
3 2188 2201 2189
3 2189 2201 2202
3 2189 2202 2190
3 2190 2202 2203
3 2190 2203 2191
3 2191 2203 2204
3 2191 2204 2192
3 2192 2204 2205
3 2192 2205 2193
3 2193 2205 2206
3 2193 2206 2194
3 2194 2206 2207
3 2194 2207 2195
3 2195 2207 2196
3 2195 2196 2184
3 2196 2208 2209
3 2196 2209 2197
3 2197 2209 2210
3 2197 2210 2198
3 2198 2210 2211
3 2198 2211 2199
3 2199 2211 2212
3 2199 2212 2200
3 2200 2212 2213
3 2200 2213 2201
3 2201 2213 2214
3 2201 2214 2202
3 2202 2214 2215
3 2202 2215 2203
3 2203 2215 2216
3 2203 2216 2204
3 2204 2216 2217
3 2204 2217 2205
3 2205 2217 2218
3 2205 2218 2206
3 2206 2218 2219
3 2206 2219 2207
3 2207 2219 2208
3 2207 2208 2196
3 2208 2220 2221
3 2208 2221 2209
3 2209 2221 2222
3 2209 2222 2210
3 2210 2222 2223
3 2210 2223 2211
3 2211 2223 2224
3 2211 2224 2212
3 2212 2224 2225
3 2212 2225 2213
3 2213 2225 2226
3 2213 2226 2214
3 2214 2226 2227
3 2214 2227 2215
3 2215 2227 2228
3 2215 2228 2216
3 2216 2228 2229
3 2216 2229 2217
3 2217 2229 2230
3 2217 2230 2218
3 2218 2230 2231
3 2218 2231 2219
3 2219 2231 2220
3 2219 2220 2208
3 2220 2232 2233
3 2220 2233 2221
3 2221 2233 2234
3 2221 2234 2222
3 2222 2234 2235
3 2222 2235 2223
3 2223 2235 2236
3 2223 2236 2224
3 2224 2236 2237
3 2224 2237 2225
3 2225 2237 2238
3 2225 2238 2226
3 2226 2238 2239
3 2226 2239 2227
3 2227 2239 2240
3 2227 2240 2228
3 2228 2240 2241
3 2228 2241 2229
3 2229 2241 2242
3 2229 2242 2230
3 2230 2242 2243
3 2230 2243 2231
3 2231 2243 2232
3 2231 2232 2220
3 2232 2244 2245
3 2232 2245 2233
3 2233 2245 2246
3 2233 2246 2234
3 2234 2246 2247
3 2234 2247 2235
3 2235 2247 2248
3 2235 2248 2236
3 2236 2248 2249
3 2236 2249 2237
3 2237 2249 2250
3 2237 2250 2238
3 2238 2250 2251
3 2238 2251 2239
3 2239 2251 2252
3 2239 2252 2240
3 2240 2252 2253
3 2240 2253 2241
3 2241 2253 2254
3 2241 2254 2242
3 2242 2254 2255
3 2242 2255 2243
3 2243 2255 2244
3 2243 2244 2232
3 2244 2256 2257
3 2244 2257 2245
3 2245 2257 2258
3 2245 2258 2246
3 2246 2258 2259
3 2246 2259 2247
3 2247 2259 2260
3 2247 2260 2248
3 2248 2260 2261
3 2248 2261 2249
3 2249 2261 2262
3 2249 2262 2250
3 2250 2262 2263
3 2250 2263 2251
3 2251 2263 2264
3 2251 2264 2252
3 2252 2264 2265
3 2252 2265 2253
3 2253 2265 2266
3 2253 2266 2254
3 2254 2266 2267
3 2254 2267 2255
3 2255 2267 2256
3 2255 2256 2244
3 2256 2268 2269
3 2256 2269 2257
3 2257 2269 2270
3 2257 2270 2258
3 2258 2270 2271
3 2258 2271 2259
3 2259 2271 2272
3 2259 2272 2260
3 2260 2272 2273
3 2260 2273 2261
3 2261 2273 2274
3 2261 2274 2262
3 2262 2274 2275
3 2262 2275 2263
3 2263 2275 2276
3 2263 2276 2264
3 2264 2276 2277
3 2264 2277 2265
3 2265 2277 2278
3 2265 2278 2266
3 2266 2278 2279
3 2266 2279 2267
3 2267 2279 2268
3 2267 2268 2256
3 2268 2280 2281
3 2268 2281 2269
3 2269 2281 2282
3 2269 2282 2270
3 2270 2282 2283
3 2270 2283 2271
3 2271 2283 2284
3 2271 2284 2272
3 2272 2284 2285
3 2272 2285 2273
3 2273 2285 2286
3 2273 2286 2274
3 2274 2286 2287
3 2274 2287 2275
3 2275 2287 2288
3 2275 2288 2276
3 2276 2288 2289
3 2276 2289 2277
3 2277 2289 2290
3 2277 2290 2278
3 2278 2290 2291
3 2278 2291 2279
3 2279 2291 2280
3 2279 2280 2268
3 2280 2292 2293
3 2280 2293 2281
3 2281 2293 2294
3 2281 2294 2282
3 2282 2294 2295
3 2282 2295 2283
3 2283 2295 2296
3 2283 2296 2284
3 2284 2296 2297
3 2284 2297 2285
3 2285 2297 2298
3 2285 2298 2286
3 2286 2298 2299
3 2286 2299 2287
3 2287 2299 2300
3 2287 2300 2288
3 2288 2300 2301
3 2288 2301 2289
3 2289 2301 2302
3 2289 2302 2290
3 2290 2302 2303
3 2290 2303 2291
3 2291 2303 2292
3 2291 2292 2280
3 2292 2304 2305
3 2292 2305 2293
3 2293 2305 2306
3 2293 2306 2294
3 2294 2306 2307
3 2294 2307 2295
3 2295 2307 2308
3 2295 2308 2296
3 2296 2308 2309
3 2296 2309 2297
3 2297 2309 2310
3 2297 2310 2298
3 2298 2310 2311
3 2298 2311 2299
3 2299 2311 2312
3 2299 2312 2300
3 2300 2312 2313
3 2300 2313 2301
3 2301 2313 2314
3 2301 2314 2302
3 2302 2314 2315
3 2302 2315 2303
3 2303 2315 2304
3 2303 2304 2292
3 2304 2316 2317
3 2304 2317 2305
3 2305 2317 2318
3 2305 2318 2306
3 2306 2318 2319
3 2306 2319 2307
3 2307 2319 2320
3 2307 2320 2308
3 2308 2320 2321
3 2308 2321 2309
3 2309 2321 2322
3 2309 2322 2310
3 2310 2322 2323
3 2310 2323 2311
3 2311 2323 2324
3 2311 2324 2312
3 2312 2324 2325
3 2312 2325 2313
3 2313 2325 2326
3 2313 2326 2314
3 2314 2326 2327
3 2314 2327 2315
3 2315 2327 2316
3 2315 2316 2304
3 2316 2328 2329
3 2316 2329 2317
3 2317 2329 2330
3 2317 2330 2318
3 2318 2330 2331
3 2318 2331 2319
3 2319 2331 2332
3 2319 2332 2320
3 2320 2332 2333
3 2320 2333 2321
3 2321 2333 2334
3 2321 2334 2322
3 2322 2334 2335
3 2322 2335 2323
3 2323 2335 2336
3 2323 2336 2324
3 2324 2336 2337
3 2324 2337 2325
3 2325 2337 2338
3 2325 2338 2326
3 2326 2338 2339
3 2326 2339 2327
3 2327 2339 2328
3 2327 2328 2316
3 2328 2340 2341
3 2328 2341 2329
3 2329 2341 2342
3 2329 2342 2330
3 2330 2342 2343
3 2330 2343 2331
3 2331 2343 2344
3 2331 2344 2332
3 2332 2344 2345
3 2332 2345 2333
3 2333 2345 2346
3 2333 2346 2334
3 2334 2346 2347
3 2334 2347 2335
3 2335 2347 2348
3 2335 2348 2336
3 2336 2348 2349
3 2336 2349 2337
3 2337 2349 2350
3 2337 2350 2338
3 2338 2350 2351
3 2338 2351 2339
3 2339 2351 2340
3 2339 2340 2328
3 2340 2352 2353
3 2340 2353 2341
3 2341 2353 2354
3 2341 2354 2342
3 2342 2354 2355
3 2342 2355 2343
3 2343 2355 2356
3 2343 2356 2344
3 2344 2356 2357
3 2344 2357 2345
3 2345 2357 2358
3 2345 2358 2346
3 2346 2358 2359
3 2346 2359 2347
3 2347 2359 2360
3 2347 2360 2348
3 2348 2360 2361
3 2348 2361 2349
3 2349 2361 2362
3 2349 2362 2350
3 2350 2362 2363
3 2350 2363 2351
3 2351 2363 2352
3 2351 2352 2340
3 2352 2364 2365
3 2352 2365 2353
3 2353 2365 2366
3 2353 2366 2354
3 2354 2366 2367
3 2354 2367 2355
3 2355 2367 2368
3 2355 2368 2356
3 2356 2368 2369
3 2356 2369 2357
3 2357 2369 2370
3 2357 2370 2358
3 2358 2370 2371
3 2358 2371 2359
3 2359 2371 2372
3 2359 2372 2360
3 2360 2372 2373
3 2360 2373 2361
3 2361 2373 2374
3 2361 2374 2362
3 2362 2374 2375
3 2362 2375 2363
3 2363 2375 2364
3 2363 2364 2352
3 2364 2376 2377
3 2364 2377 2365
3 2365 2377 2378
3 2365 2378 2366
3 2366 2378 2379
3 2366 2379 2367
3 2367 2379 2380
3 2367 2380 2368
3 2368 2380 2381
3 2368 2381 2369
3 2369 2381 2382
3 2369 2382 2370
3 2370 2382 2383
3 2370 2383 2371
3 2371 2383 2384
3 2371 2384 2372
3 2372 2384 2385
3 2372 2385 2373
3 2373 2385 2386
3 2373 2386 2374
3 2374 2386 2387
3 2374 2387 2375
3 2375 2387 2376
3 2375 2376 2364
3 2376 2388 2389
3 2376 2389 2377
3 2377 2389 2390
3 2377 2390 2378
3 2378 2390 2391
3 2378 2391 2379
3 2379 2391 2392
3 2379 2392 2380
3 2380 2392 2393
3 2380 2393 2381
3 2381 2393 2394
3 2381 2394 2382
3 2382 2394 2395
3 2382 2395 2383
3 2383 2395 2396
3 2383 2396 2384
3 2384 2396 2397
3 2384 2397 2385
3 2385 2397 2398
3 2385 2398 2386
3 2386 2398 2399
3 2386 2399 2387
3 2387 2399 2388
3 2387 2388 2376
3 2388 2400 2401
3 2388 2401 2389
3 2389 2401 2402
3 2389 2402 2390
3 2390 2402 2403
3 2390 2403 2391
3 2391 2403 2404
3 2391 2404 2392
3 2392 2404 2405
3 2392 2405 2393
3 2393 2405 2406
3 2393 2406 2394
3 2394 2406 2407
3 2394 2407 2395
3 2395 2407 2408
3 2395 2408 2396
3 2396 2408 2409
3 2396 2409 2397
3 2397 2409 2410
3 2397 2410 2398
3 2398 2410 2411
3 2398 2411 2399
3 2399 2411 2400
3 2399 2400 2388
3 2400 2412 2413
3 2400 2413 2401
3 2401 2413 2414
3 2401 2414 2402
3 2402 2414 2415
3 2402 2415 2403
3 2403 2415 2416
3 2403 2416 2404
3 2404 2416 2417
3 2404 2417 2405
3 2405 2417 2418
3 2405 2418 2406
3 2406 2418 2419
3 2406 2419 2407
3 2407 2419 2420
3 2407 2420 2408
3 2408 2420 2421
3 2408 2421 2409
3 2409 2421 2422
3 2409 2422 2410
3 2410 2422 2423
3 2410 2423 2411
3 2411 2423 2412
3 2411 2412 2400
3 2412 2424 2425
3 2412 2425 2413
3 2413 2425 2426
3 2413 2426 2414
3 2414 2426 2427
3 2414 2427 2415
3 2415 2427 2428
3 2415 2428 2416
3 2416 2428 2429
3 2416 2429 2417
3 2417 2429 2430
3 2417 2430 2418
3 2418 2430 2431
3 2418 2431 2419
3 2419 2431 2432
3 2419 2432 2420
3 2420 2432 2433
3 2420 2433 2421
3 2421 2433 2434
3 2421 2434 2422
3 2422 2434 2435
3 2422 2435 2423
3 2423 2435 2424
3 2423 2424 2412
3 2424 2436 2437
3 2424 2437 2425
3 2425 2437 2438
3 2425 2438 2426
3 2426 2438 2439
3 2426 2439 2427
3 2427 2439 2440
3 2427 2440 2428
3 2428 2440 2441
3 2428 2441 2429
3 2429 2441 2442
3 2429 2442 2430
3 2430 2442 2443
3 2430 2443 2431
3 2431 2443 2444
3 2431 2444 2432
3 2432 2444 2445
3 2432 2445 2433
3 2433 2445 2446
3 2433 2446 2434
3 2434 2446 2447
3 2434 2447 2435
3 2435 2447 2436
3 2435 2436 2424
3 2436 2448 2449
3 2436 2449 2437
3 2437 2449 2450
3 2437 2450 2438
3 2438 2450 2451
3 2438 2451 2439
3 2439 2451 2452
3 2439 2452 2440
3 2440 2452 2453
3 2440 2453 2441
3 2441 2453 2454
3 2441 2454 2442
3 2442 2454 2455
3 2442 2455 2443
3 2443 2455 2456
3 2443 2456 2444
3 2444 2456 2457
3 2444 2457 2445
3 2445 2457 2458
3 2445 2458 2446
3 2446 2458 2459
3 2446 2459 2447
3 2447 2459 2448
3 2447 2448 2436
3 2448 2460 2461
3 2448 2461 2449
3 2449 2461 2462
3 2449 2462 2450
3 2450 2462 2463
3 2450 2463 2451
3 2451 2463 2464
3 2451 2464 2452
3 2452 2464 2465
3 2452 2465 2453
3 2453 2465 2466
3 2453 2466 2454
3 2454 2466 2467
3 2454 2467 2455
3 2455 2467 2468
3 2455 2468 2456
3 2456 2468 2469
3 2456 2469 2457
3 2457 2469 2470
3 2457 2470 2458
3 2458 2470 2471
3 2458 2471 2459
3 2459 2471 2460
3 2459 2460 2448
3 2460 2472 2473
3 2460 2473 2461
3 2461 2473 2474
3 2461 2474 2462
3 2462 2474 2475
3 2462 2475 2463
3 2463 2475 2476
3 2463 2476 2464
3 2464 2476 2477
3 2464 2477 2465
3 2465 2477 2478
3 2465 2478 2466
3 2466 2478 2479
3 2466 2479 2467
3 2467 2479 2480
3 2467 2480 2468
3 2468 2480 2481
3 2468 2481 2469
3 2469 2481 2482
3 2469 2482 2470
3 2470 2482 2483
3 2470 2483 2471
3 2471 2483 2472
3 2471 2472 2460
3 2472 2484 2485
3 2472 2485 2473
3 2473 2485 2486
3 2473 2486 2474
3 2474 2486 2487
3 2474 2487 2475
3 2475 2487 2488
3 2475 2488 2476
3 2476 2488 2489
3 2476 2489 2477
3 2477 2489 2490
3 2477 2490 2478
3 2478 2490 2491
3 2478 2491 2479
3 2479 2491 2492
3 2479 2492 2480
3 2480 2492 2493
3 2480 2493 2481
3 2481 2493 2494
3 2481 2494 2482
3 2482 2494 2495
3 2482 2495 2483
3 2483 2495 2484
3 2483 2484 2472
3 2484 2496 2497
3 2484 2497 2485
3 2485 2497 2498
3 2485 2498 2486
3 2486 2498 2499
3 2486 2499 2487
3 2487 2499 2500
3 2487 2500 2488
3 2488 2500 2501
3 2488 2501 2489
3 2489 2501 2502
3 2489 2502 2490
3 2490 2502 2503
3 2490 2503 2491
3 2491 2503 2504
3 2491 2504 2492
3 2492 2504 2505
3 2492 2505 2493
3 2493 2505 2506
3 2493 2506 2494
3 2494 2506 2507
3 2494 2507 2495
3 2495 2507 2496
3 2495 2496 2484
3 2496 2508 2509
3 2496 2509 2497
3 2497 2509 2510
3 2497 2510 2498
3 2498 2510 2511
3 2498 2511 2499
3 2499 2511 2512
3 2499 2512 2500
3 2500 2512 2513
3 2500 2513 2501
3 2501 2513 2514
3 2501 2514 2502
3 2502 2514 2515
3 2502 2515 2503
3 2503 2515 2516
3 2503 2516 2504
3 2504 2516 2517
3 2504 2517 2505
3 2505 2517 2518
3 2505 2518 2506
3 2506 2518 2519
3 2506 2519 2507
3 2507 2519 2508
3 2507 2508 2496
3 2508 2520 2521
3 2508 2521 2509
3 2509 2521 2522
3 2509 2522 2510
3 2510 2522 2523
3 2510 2523 2511
3 2511 2523 2524
3 2511 2524 2512
3 2512 2524 2525
3 2512 2525 2513
3 2513 2525 2526
3 2513 2526 2514
3 2514 2526 2527
3 2514 2527 2515
3 2515 2527 2528
3 2515 2528 2516
3 2516 2528 2529
3 2516 2529 2517
3 2517 2529 2530
3 2517 2530 2518
3 2518 2530 2531
3 2518 2531 2519
3 2519 2531 2520
3 2519 2520 2508
3 2520 2532 2533
3 2520 2533 2521
3 2521 2533 2534
3 2521 2534 2522
3 2522 2534 2535
3 2522 2535 2523
3 2523 2535 2536
3 2523 2536 2524
3 2524 2536 2537
3 2524 2537 2525
3 2525 2537 2538
3 2525 2538 2526
3 2526 2538 2539
3 2526 2539 2527
3 2527 2539 2540
3 2527 2540 2528
3 2528 2540 2541
3 2528 2541 2529
3 2529 2541 2542
3 2529 2542 2530
3 2530 2542 2543
3 2530 2543 2531
3 2531 2543 2532
3 2531 2532 2520
3 2532 2544 2545
3 2532 2545 2533
3 2533 2545 2546
3 2533 2546 2534
3 2534 2546 2547
3 2534 2547 2535
3 2535 2547 2548
3 2535 2548 2536
3 2536 2548 2549
3 2536 2549 2537
3 2537 2549 2550
3 2537 2550 2538
3 2538 2550 2551
3 2538 2551 2539
3 2539 2551 2552
3 2539 2552 2540
3 2540 2552 2553
3 2540 2553 2541
3 2541 2553 2554
3 2541 2554 2542
3 2542 2554 2555
3 2542 2555 2543
3 2543 2555 2544
3 2543 2544 2532
3 2544 2556 2557
3 2544 2557 2545
3 2545 2557 2558
3 2545 2558 2546
3 2546 2558 2559
3 2546 2559 2547
3 2547 2559 2560
3 2547 2560 2548
3 2548 2560 2561
3 2548 2561 2549
3 2549 2561 2562
3 2549 2562 2550
3 2550 2562 2563
3 2550 2563 2551
3 2551 2563 2564
3 2551 2564 2552
3 2552 2564 2565
3 2552 2565 2553
3 2553 2565 2566
3 2553 2566 2554
3 2554 2566 2567
3 2554 2567 2555
3 2555 2567 2556
3 2555 2556 2544
3 2556 2568 2569
3 2556 2569 2557
3 2557 2569 2570
3 2557 2570 2558
3 2558 2570 2571
3 2558 2571 2559
3 2559 2571 2572
3 2559 2572 2560
3 2560 2572 2573
3 2560 2573 2561
3 2561 2573 2574
3 2561 2574 2562
3 2562 2574 2575
3 2562 2575 2563
3 2563 2575 2576
3 2563 2576 2564
3 2564 2576 2577
3 2564 2577 2565
3 2565 2577 2578
3 2565 2578 2566
3 2566 2578 2579
3 2566 2579 2567
3 2567 2579 2568
3 2567 2568 2556
3 2568 2580 2581
3 2568 2581 2569
3 2569 2581 2582
3 2569 2582 2570
3 2570 2582 2583
3 2570 2583 2571
3 2571 2583 2584
3 2571 2584 2572
3 2572 2584 2585
3 2572 2585 2573
3 2573 2585 2586
3 2573 2586 2574
3 2574 2586 2587
3 2574 2587 2575
3 2575 2587 2588
3 2575 2588 2576
3 2576 2588 2589
3 2576 2589 2577
3 2577 2589 2590
3 2577 2590 2578
3 2578 2590 2591
3 2578 2591 2579
3 2579 2591 2580
3 2579 2580 2568
3 2580 2592 2593
3 2580 2593 2581
3 2581 2593 2594
3 2581 2594 2582
3 2582 2594 2595
3 2582 2595 2583
3 2583 2595 2596
3 2583 2596 2584
3 2584 2596 2597
3 2584 2597 2585
3 2585 2597 2598
3 2585 2598 2586
3 2586 2598 2599
3 2586 2599 2587
3 2587 2599 2600
3 2587 2600 2588
3 2588 2600 2601
3 2588 2601 2589
3 2589 2601 2602
3 2589 2602 2590
3 2590 2602 2603
3 2590 2603 2591
3 2591 2603 2592
3 2591 2592 2580
3 2592 2604 2605
3 2592 2605 2593
3 2593 2605 2606
3 2593 2606 2594
3 2594 2606 2607
3 2594 2607 2595
3 2595 2607 2608
3 2595 2608 2596
3 2596 2608 2609
3 2596 2609 2597
3 2597 2609 2610
3 2597 2610 2598
3 2598 2610 2611
3 2598 2611 2599
3 2599 2611 2612
3 2599 2612 2600
3 2600 2612 2613
3 2600 2613 2601
3 2601 2613 2614
3 2601 2614 2602
3 2602 2614 2615
3 2602 2615 2603
3 2603 2615 2604
3 2603 2604 2592
3 2604 2616 2617
3 2604 2617 2605
3 2605 2617 2618
3 2605 2618 2606
3 2606 2618 2619
3 2606 2619 2607
3 2607 2619 2620
3 2607 2620 2608
3 2608 2620 2621
3 2608 2621 2609
3 2609 2621 2622
3 2609 2622 2610
3 2610 2622 2623
3 2610 2623 2611
3 2611 2623 2624
3 2611 2624 2612
3 2612 2624 2625
3 2612 2625 2613
3 2613 2625 2626
3 2613 2626 2614
3 2614 2626 2627
3 2614 2627 2615
3 2615 2627 2616
3 2615 2616 2604
3 2616 2628 2629
3 2616 2629 2617
3 2617 2629 2630
3 2617 2630 2618
3 2618 2630 2631
3 2618 2631 2619
3 2619 2631 2632
3 2619 2632 2620
3 2620 2632 2633
3 2620 2633 2621
3 2621 2633 2634
3 2621 2634 2622
3 2622 2634 2635
3 2622 2635 2623
3 2623 2635 2636
3 2623 2636 2624
3 2624 2636 2637
3 2624 2637 2625
3 2625 2637 2638
3 2625 2638 2626
3 2626 2638 2639
3 2626 2639 2627
3 2627 2639 2628
3 2627 2628 2616
3 2628 2640 2641
3 2628 2641 2629
3 2629 2641 2642
3 2629 2642 2630
3 2630 2642 2643
3 2630 2643 2631
3 2631 2643 2644
3 2631 2644 2632
3 2632 2644 2645
3 2632 2645 2633
3 2633 2645 2646
3 2633 2646 2634
3 2634 2646 2647
3 2634 2647 2635
3 2635 2647 2648
3 2635 2648 2636
3 2636 2648 2649
3 2636 2649 2637
3 2637 2649 2650
3 2637 2650 2638
3 2638 2650 2651
3 2638 2651 2639
3 2639 2651 2640
3 2639 2640 2628
3 2640 2652 2653
3 2640 2653 2641
3 2641 2653 2654
3 2641 2654 2642
3 2642 2654 2655
3 2642 2655 2643
3 2643 2655 2656
3 2643 2656 2644
3 2644 2656 2657
3 2644 2657 2645
3 2645 2657 2658
3 2645 2658 2646
3 2646 2658 2659
3 2646 2659 2647
3 2647 2659 2660
3 2647 2660 2648
3 2648 2660 2661
3 2648 2661 2649
3 2649 2661 2662
3 2649 2662 2650
3 2650 2662 2663
3 2650 2663 2651
3 2651 2663 2652
3 2651 2652 2640
3 2652 2664 2665
3 2652 2665 2653
3 2653 2665 2666
3 2653 2666 2654
3 2654 2666 2667
3 2654 2667 2655
3 2655 2667 2668
3 2655 2668 2656
3 2656 2668 2669
3 2656 2669 2657
3 2657 2669 2670
3 2657 2670 2658
3 2658 2670 2671
3 2658 2671 2659
3 2659 2671 2672
3 2659 2672 2660
3 2660 2672 2673
3 2660 2673 2661
3 2661 2673 2674
3 2661 2674 2662
3 2662 2674 2675
3 2662 2675 2663
3 2663 2675 2664
3 2663 2664 2652
3 2664 2676 2677
3 2664 2677 2665
3 2665 2677 2678
3 2665 2678 2666
3 2666 2678 2679
3 2666 2679 2667
3 2667 2679 2680
3 2667 2680 2668
3 2668 2680 2681
3 2668 2681 2669
3 2669 2681 2682
3 2669 2682 2670
3 2670 2682 2683
3 2670 2683 2671
3 2671 2683 2684
3 2671 2684 2672
3 2672 2684 2685
3 2672 2685 2673
3 2673 2685 2686
3 2673 2686 2674
3 2674 2686 2687
3 2674 2687 2675
3 2675 2687 2676
3 2675 2676 2664
3 2676 2688 2689
3 2676 2689 2677
3 2677 2689 2690
3 2677 2690 2678
3 2678 2690 2691
3 2678 2691 2679
3 2679 2691 2692
3 2679 2692 2680
3 2680 2692 2693
3 2680 2693 2681
3 2681 2693 2694
3 2681 2694 2682
3 2682 2694 2695
3 2682 2695 2683
3 2683 2695 2696
3 2683 2696 2684
3 2684 2696 2697
3 2684 2697 2685
3 2685 2697 2698
3 2685 2698 2686
3 2686 2698 2699
3 2686 2699 2687
3 2687 2699 2688
3 2687 2688 2676
3 2688 2700 2701
3 2688 2701 2689
3 2689 2701 2702
3 2689 2702 2690
3 2690 2702 2703
3 2690 2703 2691
3 2691 2703 2704
3 2691 2704 2692
3 2692 2704 2705
3 2692 2705 2693
3 2693 2705 2706
3 2693 2706 2694
3 2694 2706 2707
3 2694 2707 2695
3 2695 2707 2708
3 2695 2708 2696
3 2696 2708 2709
3 2696 2709 2697
3 2697 2709 2710
3 2697 2710 2698
3 2698 2710 2711
3 2698 2711 2699
3 2699 2711 2700
3 2699 2700 2688
3 2700 2712 2713
3 2700 2713 2701
3 2701 2713 2714
3 2701 2714 2702
3 2702 2714 2715
3 2702 2715 2703
3 2703 2715 2716
3 2703 2716 2704
3 2704 2716 2717
3 2704 2717 2705
3 2705 2717 2718
3 2705 2718 2706
3 2706 2718 2719
3 2706 2719 2707
3 2707 2719 2720
3 2707 2720 2708
3 2708 2720 2721
3 2708 2721 2709
3 2709 2721 2722
3 2709 2722 2710
3 2710 2722 2723
3 2710 2723 2711
3 2711 2723 2712
3 2711 2712 2700
3 2712 2724 2725
3 2712 2725 2713
3 2713 2725 2726
3 2713 2726 2714
3 2714 2726 2727
3 2714 2727 2715
3 2715 2727 2728
3 2715 2728 2716
3 2716 2728 2729
3 2716 2729 2717
3 2717 2729 2730
3 2717 2730 2718
3 2718 2730 2731
3 2718 2731 2719
3 2719 2731 2732
3 2719 2732 2720
3 2720 2732 2733
3 2720 2733 2721
3 2721 2733 2734
3 2721 2734 2722
3 2722 2734 2735
3 2722 2735 2723
3 2723 2735 2724
3 2723 2724 2712
3 2724 2736 2737
3 2724 2737 2725
3 2725 2737 2738
3 2725 2738 2726
3 2726 2738 2739
3 2726 2739 2727
3 2727 2739 2740
3 2727 2740 2728
3 2728 2740 2741
3 2728 2741 2729
3 2729 2741 2742
3 2729 2742 2730
3 2730 2742 2743
3 2730 2743 2731
3 2731 2743 2744
3 2731 2744 2732
3 2732 2744 2745
3 2732 2745 2733
3 2733 2745 2746
3 2733 2746 2734
3 2734 2746 2747
3 2734 2747 2735
3 2735 2747 2736
3 2735 2736 2724
3 2736 2748 2749
3 2736 2749 2737
3 2737 2749 2750
3 2737 2750 2738
3 2738 2750 2751
3 2738 2751 2739
3 2739 2751 2752
3 2739 2752 2740
3 2740 2752 2753
3 2740 2753 2741
3 2741 2753 2754
3 2741 2754 2742
3 2742 2754 2755
3 2742 2755 2743
3 2743 2755 2756
3 2743 2756 2744
3 2744 2756 2757
3 2744 2757 2745
3 2745 2757 2758
3 2745 2758 2746
3 2746 2758 2759
3 2746 2759 2747
3 2747 2759 2748
3 2747 2748 2736
3 2748 2760 2761
3 2748 2761 2749
3 2749 2761 2762
3 2749 2762 2750
3 2750 2762 2763
3 2750 2763 2751
3 2751 2763 2764
3 2751 2764 2752
3 2752 2764 2765
3 2752 2765 2753
3 2753 2765 2766
3 2753 2766 2754
3 2754 2766 2767
3 2754 2767 2755
3 2755 2767 2768
3 2755 2768 2756
3 2756 2768 2769
3 2756 2769 2757
3 2757 2769 2770
3 2757 2770 2758
3 2758 2770 2771
3 2758 2771 2759
3 2759 2771 2760
3 2759 2760 2748
3 2760 2772 2773
3 2760 2773 2761
3 2761 2773 2774
3 2761 2774 2762
3 2762 2774 2775
3 2762 2775 2763
3 2763 2775 2776
3 2763 2776 2764
3 2764 2776 2777
3 2764 2777 2765
3 2765 2777 2778
3 2765 2778 2766
3 2766 2778 2779
3 2766 2779 2767
3 2767 2779 2780
3 2767 2780 2768
3 2768 2780 2781
3 2768 2781 2769
3 2769 2781 2782
3 2769 2782 2770
3 2770 2782 2783
3 2770 2783 2771
3 2771 2783 2772
3 2771 2772 2760
3 2772 2784 2785
3 2772 2785 2773
3 2773 2785 2786
3 2773 2786 2774
3 2774 2786 2787
3 2774 2787 2775
3 2775 2787 2788
3 2775 2788 2776
3 2776 2788 2789
3 2776 2789 2777
3 2777 2789 2790
3 2777 2790 2778
3 2778 2790 2791
3 2778 2791 2779
3 2779 2791 2792
3 2779 2792 2780
3 2780 2792 2793
3 2780 2793 2781
3 2781 2793 2794
3 2781 2794 2782
3 2782 2794 2795
3 2782 2795 2783
3 2783 2795 2784
3 2783 2784 2772
3 2784 2796 2797
3 2784 2797 2785
3 2785 2797 2798
3 2785 2798 2786
3 2786 2798 2799
3 2786 2799 2787
3 2787 2799 2800
3 2787 2800 2788
3 2788 2800 2801
3 2788 2801 2789
3 2789 2801 2802
3 2789 2802 2790
3 2790 2802 2803
3 2790 2803 2791
3 2791 2803 2804
3 2791 2804 2792
3 2792 2804 2805
3 2792 2805 2793
3 2793 2805 2806
3 2793 2806 2794
3 2794 2806 2807
3 2794 2807 2795
3 2795 2807 2796
3 2795 2796 2784
3 2796 2808 2809
3 2796 2809 2797
3 2797 2809 2810
3 2797 2810 2798
3 2798 2810 2811
3 2798 2811 2799
3 2799 2811 2812
3 2799 2812 2800
3 2800 2812 2813
3 2800 2813 2801
3 2801 2813 2814
3 2801 2814 2802
3 2802 2814 2815
3 2802 2815 2803
3 2803 2815 2816
3 2803 2816 2804
3 2804 2816 2817
3 2804 2817 2805
3 2805 2817 2818
3 2805 2818 2806
3 2806 2818 2819
3 2806 2819 2807
3 2807 2819 2808
3 2807 2808 2796
3 2808 2820 2821
3 2808 2821 2809
3 2809 2821 2822
3 2809 2822 2810
3 2810 2822 2823
3 2810 2823 2811
3 2811 2823 2824
3 2811 2824 2812
3 2812 2824 2825
3 2812 2825 2813
3 2813 2825 2826
3 2813 2826 2814
3 2814 2826 2827
3 2814 2827 2815
3 2815 2827 2828
3 2815 2828 2816
3 2816 2828 2829
3 2816 2829 2817
3 2817 2829 2830
3 2817 2830 2818
3 2818 2830 2831
3 2818 2831 2819
3 2819 2831 2820
3 2819 2820 2808
3 2820 2832 2833
3 2820 2833 2821
3 2821 2833 2834
3 2821 2834 2822
3 2822 2834 2835
3 2822 2835 2823
3 2823 2835 2836
3 2823 2836 2824
3 2824 2836 2837
3 2824 2837 2825
3 2825 2837 2838
3 2825 2838 2826
3 2826 2838 2839
3 2826 2839 2827
3 2827 2839 2840
3 2827 2840 2828
3 2828 2840 2841
3 2828 2841 2829
3 2829 2841 2842
3 2829 2842 2830
3 2830 2842 2843
3 2830 2843 2831
3 2831 2843 2832
3 2831 2832 2820
3 2832 2844 2845
3 2832 2845 2833
3 2833 2845 2846
3 2833 2846 2834
3 2834 2846 2847
3 2834 2847 2835
3 2835 2847 2848
3 2835 2848 2836
3 2836 2848 2849
3 2836 2849 2837
3 2837 2849 2850
3 2837 2850 2838
3 2838 2850 2851
3 2838 2851 2839
3 2839 2851 2852
3 2839 2852 2840
3 2840 2852 2853
3 2840 2853 2841
3 2841 2853 2854
3 2841 2854 2842
3 2842 2854 2855
3 2842 2855 2843
3 2843 2855 2844
3 2843 2844 2832
3 2844 2856 2857
3 2844 2857 2845
3 2845 2857 2858
3 2845 2858 2846
3 2846 2858 2859
3 2846 2859 2847
3 2847 2859 2860
3 2847 2860 2848
3 2848 2860 2861
3 2848 2861 2849
3 2849 2861 2862
3 2849 2862 2850
3 2850 2862 2863
3 2850 2863 2851
3 2851 2863 2864
3 2851 2864 2852
3 2852 2864 2865
3 2852 2865 2853
3 2853 2865 2866
3 2853 2866 2854
3 2854 2866 2867
3 2854 2867 2855
3 2855 2867 2856
3 2855 2856 2844
3 2856 2868 2869
3 2856 2869 2857
3 2857 2869 2870
3 2857 2870 2858
3 2858 2870 2871
3 2858 2871 2859
3 2859 2871 2872
3 2859 2872 2860
3 2860 2872 2873
3 2860 2873 2861
3 2861 2873 2874
3 2861 2874 2862
3 2862 2874 2875
3 2862 2875 2863
3 2863 2875 2876
3 2863 2876 2864
3 2864 2876 2877
3 2864 2877 2865
3 2865 2877 2878
3 2865 2878 2866
3 2866 2878 2879
3 2866 2879 2867
3 2867 2879 2868
3 2867 2868 2856
3 2868 2880 2881
3 2868 2881 2869
3 2869 2881 2882
3 2869 2882 2870
3 2870 2882 2883
3 2870 2883 2871
3 2871 2883 2884
3 2871 2884 2872
3 2872 2884 2885
3 2872 2885 2873
3 2873 2885 2886
3 2873 2886 2874
3 2874 2886 2887
3 2874 2887 2875
3 2875 2887 2888
3 2875 2888 2876
3 2876 2888 2889
3 2876 2889 2877
3 2877 2889 2890
3 2877 2890 2878
3 2878 2890 2891
3 2878 2891 2879
3 2879 2891 2880
3 2879 2880 2868
3 2880 2892 2893
3 2880 2893 2881
3 2881 2893 2894
3 2881 2894 2882
3 2882 2894 2895
3 2882 2895 2883
3 2883 2895 2896
3 2883 2896 2884
3 2884 2896 2897
3 2884 2897 2885
3 2885 2897 2898
3 2885 2898 2886
3 2886 2898 2899
3 2886 2899 2887
3 2887 2899 2900
3 2887 2900 2888
3 2888 2900 2901
3 2888 2901 2889
3 2889 2901 2902
3 2889 2902 2890
3 2890 2902 2903
3 2890 2903 2891
3 2891 2903 2892
3 2891 2892 2880
3 2892 2904 2905
3 2892 2905 2893
3 2893 2905 2906
3 2893 2906 2894
3 2894 2906 2907
3 2894 2907 2895
3 2895 2907 2908
3 2895 2908 2896
3 2896 2908 2909
3 2896 2909 2897
3 2897 2909 2910
3 2897 2910 2898
3 2898 2910 2911
3 2898 2911 2899
3 2899 2911 2912
3 2899 2912 2900
3 2900 2912 2913
3 2900 2913 2901
3 2901 2913 2914
3 2901 2914 2902
3 2902 2914 2915
3 2902 2915 2903
3 2903 2915 2904
3 2903 2904 2892
3 2904 2916 2917
3 2904 2917 2905
3 2905 2917 2918
3 2905 2918 2906
3 2906 2918 2919
3 2906 2919 2907
3 2907 2919 2920
3 2907 2920 2908
3 2908 2920 2921
3 2908 2921 2909
3 2909 2921 2922
3 2909 2922 2910
3 2910 2922 2923
3 2910 2923 2911
3 2911 2923 2924
3 2911 2924 2912
3 2912 2924 2925
3 2912 2925 2913
3 2913 2925 2926
3 2913 2926 2914
3 2914 2926 2927
3 2914 2927 2915
3 2915 2927 2916
3 2915 2916 2904
3 2916 2928 2929
3 2916 2929 2917
3 2917 2929 2930
3 2917 2930 2918
3 2918 2930 2931
3 2918 2931 2919
3 2919 2931 2932
3 2919 2932 2920
3 2920 2932 2933
3 2920 2933 2921
3 2921 2933 2934
3 2921 2934 2922
3 2922 2934 2935
3 2922 2935 2923
3 2923 2935 2936
3 2923 2936 2924
3 2924 2936 2937
3 2924 2937 2925
3 2925 2937 2938
3 2925 2938 2926
3 2926 2938 2939
3 2926 2939 2927
3 2927 2939 2928
3 2927 2928 2916
3 2928 2940 2941
3 2928 2941 2929
3 2929 2941 2942
3 2929 2942 2930
3 2930 2942 2943
3 2930 2943 2931
3 2931 2943 2944
3 2931 2944 2932
3 2932 2944 2945
3 2932 2945 2933
3 2933 2945 2946
3 2933 2946 2934
3 2934 2946 2947
3 2934 2947 2935
3 2935 2947 2948
3 2935 2948 2936
3 2936 2948 2949
3 2936 2949 2937
3 2937 2949 2950
3 2937 2950 2938
3 2938 2950 2951
3 2938 2951 2939
3 2939 2951 2940
3 2939 2940 2928
3 2940 2952 2953
3 2940 2953 2941
3 2941 2953 2954
3 2941 2954 2942
3 2942 2954 2955
3 2942 2955 2943
3 2943 2955 2956
3 2943 2956 2944
3 2944 2956 2957
3 2944 2957 2945
3 2945 2957 2958
3 2945 2958 2946
3 2946 2958 2959
3 2946 2959 2947
3 2947 2959 2960
3 2947 2960 2948
3 2948 2960 2961
3 2948 2961 2949
3 2949 2961 2962
3 2949 2962 2950
3 2950 2962 2963
3 2950 2963 2951
3 2951 2963 2952
3 2951 2952 2940
3 2952 2964 2965
3 2952 2965 2953
3 2953 2965 2966
3 2953 2966 2954
3 2954 2966 2967
3 2954 2967 2955
3 2955 2967 2968
3 2955 2968 2956
3 2956 2968 2969
3 2956 2969 2957
3 2957 2969 2970
3 2957 2970 2958
3 2958 2970 2971
3 2958 2971 2959
3 2959 2971 2972
3 2959 2972 2960
3 2960 2972 2973
3 2960 2973 2961
3 2961 2973 2974
3 2961 2974 2962
3 2962 2974 2975
3 2962 2975 2963
3 2963 2975 2964
3 2963 2964 2952
3 2964 2976 2977
3 2964 2977 2965
3 2965 2977 2978
3 2965 2978 2966
3 2966 2978 2979
3 2966 2979 2967
3 2967 2979 2980
3 2967 2980 2968
3 2968 2980 2981
3 2968 2981 2969
3 2969 2981 2982
3 2969 2982 2970
3 2970 2982 2983
3 2970 2983 2971
3 2971 2983 2984
3 2971 2984 2972
3 2972 2984 2985
3 2972 2985 2973
3 2973 2985 2986
3 2973 2986 2974
3 2974 2986 2987
3 2974 2987 2975
3 2975 2987 2976
3 2975 2976 2964
3 2976 2988 2989
3 2976 2989 2977
3 2977 2989 2990
3 2977 2990 2978
3 2978 2990 2991
3 2978 2991 2979
3 2979 2991 2992
3 2979 2992 2980
3 2980 2992 2993
3 2980 2993 2981
3 2981 2993 2994
3 2981 2994 2982
3 2982 2994 2995
3 2982 2995 2983
3 2983 2995 2996
3 2983 2996 2984
3 2984 2996 2997
3 2984 2997 2985
3 2985 2997 2998
3 2985 2998 2986
3 2986 2998 2999
3 2986 2999 2987
3 2987 2999 2988
3 2987 2988 2976
3 2988 3000 3001
3 2988 3001 2989
3 2989 3001 3002
3 2989 3002 2990
3 2990 3002 3003
3 2990 3003 2991
3 2991 3003 3004
3 2991 3004 2992
3 2992 3004 3005
3 2992 3005 2993
3 2993 3005 3006
3 2993 3006 2994
3 2994 3006 3007
3 2994 3007 2995
3 2995 3007 3008
3 2995 3008 2996
3 2996 3008 3009
3 2996 3009 2997
3 2997 3009 3010
3 2997 3010 2998
3 2998 3010 3011
3 2998 3011 2999
3 2999 3011 3000
3 2999 3000 2988
3 3000 3012 3013
3 3000 3013 3001
3 3001 3013 3014
3 3001 3014 3002
3 3002 3014 3015
3 3002 3015 3003
3 3003 3015 3016
3 3003 3016 3004
3 3004 3016 3017
3 3004 3017 3005
3 3005 3017 3018
3 3005 3018 3006
3 3006 3018 3019
3 3006 3019 3007
3 3007 3019 3020
3 3007 3020 3008
3 3008 3020 3021
3 3008 3021 3009
3 3009 3021 3022
3 3009 3022 3010
3 3010 3022 3023
3 3010 3023 3011
3 3011 3023 3012
3 3011 3012 3000
3 3012 3024 3025
3 3012 3025 3013
3 3013 3025 3026
3 3013 3026 3014
3 3014 3026 3027
3 3014 3027 3015
3 3015 3027 3028
3 3015 3028 3016
3 3016 3028 3029
3 3016 3029 3017
3 3017 3029 3030
3 3017 3030 3018
3 3018 3030 3031
3 3018 3031 3019
3 3019 3031 3032
3 3019 3032 3020
3 3020 3032 3033
3 3020 3033 3021
3 3021 3033 3034
3 3021 3034 3022
3 3022 3034 3035
3 3022 3035 3023
3 3023 3035 3024
3 3023 3024 3012
3 3024 3036 3037
3 3024 3037 3025
3 3025 3037 3038
3 3025 3038 3026
3 3026 3038 3039
3 3026 3039 3027
3 3027 3039 3040
3 3027 3040 3028
3 3028 3040 3041
3 3028 3041 3029
3 3029 3041 3042
3 3029 3042 3030
3 3030 3042 3043
3 3030 3043 3031
3 3031 3043 3044
3 3031 3044 3032
3 3032 3044 3045
3 3032 3045 3033
3 3033 3045 3046
3 3033 3046 3034
3 3034 3046 3047
3 3034 3047 3035
3 3035 3047 3036
3 3035 3036 3024
3 3036 3048 3049
3 3036 3049 3037
3 3037 3049 3050
3 3037 3050 3038
3 3038 3050 3051
3 3038 3051 3039
3 3039 3051 3052
3 3039 3052 3040
3 3040 3052 3053
3 3040 3053 3041
3 3041 3053 3054
3 3041 3054 3042
3 3042 3054 3055
3 3042 3055 3043
3 3043 3055 3056
3 3043 3056 3044
3 3044 3056 3057
3 3044 3057 3045
3 3045 3057 3058
3 3045 3058 3046
3 3046 3058 3059
3 3046 3059 3047
3 3047 3059 3048
3 3047 3048 3036
3 3048 3060 3061
3 3048 3061 3049
3 3049 3061 3062
3 3049 3062 3050
3 3050 3062 3063
3 3050 3063 3051
3 3051 3063 3064
3 3051 3064 3052
3 3052 3064 3065
3 3052 3065 3053
3 3053 3065 3066
3 3053 3066 3054
3 3054 3066 3067
3 3054 3067 3055
3 3055 3067 3068
3 3055 3068 3056
3 3056 3068 3069
3 3056 3069 3057
3 3057 3069 3070
3 3057 3070 3058
3 3058 3070 3071
3 3058 3071 3059
3 3059 3071 3060
3 3059 3060 3048
3 3060 3072 3073
3 3060 3073 3061
3 3061 3073 3074
3 3061 3074 3062
3 3062 3074 3075
3 3062 3075 3063
3 3063 3075 3076
3 3063 3076 3064
3 3064 3076 3077
3 3064 3077 3065
3 3065 3077 3078
3 3065 3078 3066
3 3066 3078 3079
3 3066 3079 3067
3 3067 3079 3080
3 3067 3080 3068
3 3068 3080 3081
3 3068 3081 3069
3 3069 3081 3082
3 3069 3082 3070
3 3070 3082 3083
3 3070 3083 3071
3 3071 3083 3072
3 3071 3072 3060
3 3072 3084 3085
3 3072 3085 3073
3 3073 3085 3086
3 3073 3086 3074
3 3074 3086 3087
3 3074 3087 3075
3 3075 3087 3088
3 3075 3088 3076
3 3076 3088 3089
3 3076 3089 3077
3 3077 3089 3090
3 3077 3090 3078
3 3078 3090 3091
3 3078 3091 3079
3 3079 3091 3092
3 3079 3092 3080
3 3080 3092 3093
3 3080 3093 3081
3 3081 3093 3094
3 3081 3094 3082
3 3082 3094 3095
3 3082 3095 3083
3 3083 3095 3084
3 3083 3084 3072
3 3084 3096 3097
3 3084 3097 3085
3 3085 3097 3098
3 3085 3098 3086
3 3086 3098 3099
3 3086 3099 3087
3 3087 3099 3100
3 3087 3100 3088
3 3088 3100 3101
3 3088 3101 3089
3 3089 3101 3102
3 3089 3102 3090
3 3090 3102 3103
3 3090 3103 3091
3 3091 3103 3104
3 3091 3104 3092
3 3092 3104 3105
3 3092 3105 3093
3 3093 3105 3106
3 3093 3106 3094
3 3094 3106 3107
3 3094 3107 3095
3 3095 3107 3096
3 3095 3096 3084
3 3096 3108 3109
3 3096 3109 3097
3 3097 3109 3110
3 3097 3110 3098
3 3098 3110 3111
3 3098 3111 3099
3 3099 3111 3112
3 3099 3112 3100
3 3100 3112 3113
3 3100 3113 3101
3 3101 3113 3114
3 3101 3114 3102
3 3102 3114 3115
3 3102 3115 3103
3 3103 3115 3116
3 3103 3116 3104
3 3104 3116 3117
3 3104 3117 3105
3 3105 3117 3118
3 3105 3118 3106
3 3106 3118 3119
3 3106 3119 3107
3 3107 3119 3108
3 3107 3108 3096
3 3108 3120 3121
3 3108 3121 3109
3 3109 3121 3122
3 3109 3122 3110
3 3110 3122 3123
3 3110 3123 3111
3 3111 3123 3124
3 3111 3124 3112
3 3112 3124 3125
3 3112 3125 3113
3 3113 3125 3126
3 3113 3126 3114
3 3114 3126 3127
3 3114 3127 3115
3 3115 3127 3128
3 3115 3128 3116
3 3116 3128 3129
3 3116 3129 3117
3 3117 3129 3130
3 3117 3130 3118
3 3118 3130 3131
3 3118 3131 3119
3 3119 3131 3120
3 3119 3120 3108
3 3120 3132 3133
3 3120 3133 3121
3 3121 3133 3134
3 3121 3134 3122
3 3122 3134 3135
3 3122 3135 3123
3 3123 3135 3136
3 3123 3136 3124
3 3124 3136 3137
3 3124 3137 3125
3 3125 3137 3138
3 3125 3138 3126
3 3126 3138 3139
3 3126 3139 3127
3 3127 3139 3140
3 3127 3140 3128
3 3128 3140 3141
3 3128 3141 3129
3 3129 3141 3142
3 3129 3142 3130
3 3130 3142 3143
3 3130 3143 3131
3 3131 3143 3132
3 3131 3132 3120
3 3132 3144 3145
3 3132 3145 3133
3 3133 3145 3146
3 3133 3146 3134
3 3134 3146 3147
3 3134 3147 3135
3 3135 3147 3148
3 3135 3148 3136
3 3136 3148 3149
3 3136 3149 3137
3 3137 3149 3150
3 3137 3150 3138
3 3138 3150 3151
3 3138 3151 3139
3 3139 3151 3152
3 3139 3152 3140
3 3140 3152 3153
3 3140 3153 3141
3 3141 3153 3154
3 3141 3154 3142
3 3142 3154 3155
3 3142 3155 3143
3 3143 3155 3144
3 3143 3144 3132
3 3144 3156 3157
3 3144 3157 3145
3 3145 3157 3158
3 3145 3158 3146
3 3146 3158 3159
3 3146 3159 3147
3 3147 3159 3160
3 3147 3160 3148
3 3148 3160 3161
3 3148 3161 3149
3 3149 3161 3162
3 3149 3162 3150
3 3150 3162 3163
3 3150 3163 3151
3 3151 3163 3164
3 3151 3164 3152
3 3152 3164 3165
3 3152 3165 3153
3 3153 3165 3166
3 3153 3166 3154
3 3154 3166 3167
3 3154 3167 3155
3 3155 3167 3156
3 3155 3156 3144
3 3156 3168 3169
3 3156 3169 3157
3 3157 3169 3170
3 3157 3170 3158
3 3158 3170 3171
3 3158 3171 3159
3 3159 3171 3172
3 3159 3172 3160
3 3160 3172 3173
3 3160 3173 3161
3 3161 3173 3174
3 3161 3174 3162
3 3162 3174 3175
3 3162 3175 3163
3 3163 3175 3176
3 3163 3176 3164
3 3164 3176 3177
3 3164 3177 3165
3 3165 3177 3178
3 3165 3178 3166
3 3166 3178 3179
3 3166 3179 3167
3 3167 3179 3168
3 3167 3168 3156
3 3168 3180 3181
3 3168 3181 3169
3 3169 3181 3182
3 3169 3182 3170
3 3170 3182 3183
3 3170 3183 3171
3 3171 3183 3184
3 3171 3184 3172
3 3172 3184 3185
3 3172 3185 3173
3 3173 3185 3186
3 3173 3186 3174
3 3174 3186 3187
3 3174 3187 3175
3 3175 3187 3188
3 3175 3188 3176
3 3176 3188 3189
3 3176 3189 3177
3 3177 3189 3190
3 3177 3190 3178
3 3178 3190 3191
3 3178 3191 3179
3 3179 3191 3180
3 3179 3180 3168
3 3180 3192 3193
3 3180 3193 3181
3 3181 3193 3194
3 3181 3194 3182
3 3182 3194 3195
3 3182 3195 3183
3 3183 3195 3196
3 3183 3196 3184
3 3184 3196 3197
3 3184 3197 3185
3 3185 3197 3198
3 3185 3198 3186
3 3186 3198 3199
3 3186 3199 3187
3 3187 3199 3200
3 3187 3200 3188
3 3188 3200 3201
3 3188 3201 3189
3 3189 3201 3202
3 3189 3202 3190
3 3190 3202 3203
3 3190 3203 3191
3 3191 3203 3192
3 3191 3192 3180
3 3192 3204 3205
3 3192 3205 3193
3 3193 3205 3206
3 3193 3206 3194
3 3194 3206 3207
3 3194 3207 3195
3 3195 3207 3208
3 3195 3208 3196
3 3196 3208 3209
3 3196 3209 3197
3 3197 3209 3210
3 3197 3210 3198
3 3198 3210 3211
3 3198 3211 3199
3 3199 3211 3212
3 3199 3212 3200
3 3200 3212 3213
3 3200 3213 3201
3 3201 3213 3214
3 3201 3214 3202
3 3202 3214 3215
3 3202 3215 3203
3 3203 3215 3204
3 3203 3204 3192
3 3204 3216 3217
3 3204 3217 3205
3 3205 3217 3218
3 3205 3218 3206
3 3206 3218 3219
3 3206 3219 3207
3 3207 3219 3220
3 3207 3220 3208
3 3208 3220 3221
3 3208 3221 3209
3 3209 3221 3222
3 3209 3222 3210
3 3210 3222 3223
3 3210 3223 3211
3 3211 3223 3224
3 3211 3224 3212
3 3212 3224 3225
3 3212 3225 3213
3 3213 3225 3226
3 3213 3226 3214
3 3214 3226 3227
3 3214 3227 3215
3 3215 3227 3216
3 3215 3216 3204
3 3216 3228 3229
3 3216 3229 3217
3 3217 3229 3230
3 3217 3230 3218
3 3218 3230 3231
3 3218 3231 3219
3 3219 3231 3232
3 3219 3232 3220
3 3220 3232 3233
3 3220 3233 3221
3 3221 3233 3234
3 3221 3234 3222
3 3222 3234 3235
3 3222 3235 3223
3 3223 3235 3236
3 3223 3236 3224
3 3224 3236 3237
3 3224 3237 3225
3 3225 3237 3238
3 3225 3238 3226
3 3226 3238 3239
3 3226 3239 3227
3 3227 3239 3228
3 3227 3228 3216
3 3228 3240 3241
3 3228 3241 3229
3 3229 3241 3242
3 3229 3242 3230
3 3230 3242 3243
3 3230 3243 3231
3 3231 3243 3244
3 3231 3244 3232
3 3232 3244 3245
3 3232 3245 3233
3 3233 3245 3246
3 3233 3246 3234
3 3234 3246 3247
3 3234 3247 3235
3 3235 3247 3248
3 3235 3248 3236
3 3236 3248 3249
3 3236 3249 3237
3 3237 3249 3250
3 3237 3250 3238
3 3238 3250 3251
3 3238 3251 3239
3 3239 3251 3240
3 3239 3240 3228
3 3240 3252 3253
3 3240 3253 3241
3 3241 3253 3254
3 3241 3254 3242
3 3242 3254 3255
3 3242 3255 3243
3 3243 3255 3256
3 3243 3256 3244
3 3244 3256 3257
3 3244 3257 3245
3 3245 3257 3258
3 3245 3258 3246
3 3246 3258 3259
3 3246 3259 3247
3 3247 3259 3260
3 3247 3260 3248
3 3248 3260 3261
3 3248 3261 3249
3 3249 3261 3262
3 3249 3262 3250
3 3250 3262 3263
3 3250 3263 3251
3 3251 3263 3252
3 3251 3252 3240
3 3252 3264 3265
3 3252 3265 3253
3 3253 3265 3266
3 3253 3266 3254
3 3254 3266 3267
3 3254 3267 3255
3 3255 3267 3268
3 3255 3268 3256
3 3256 3268 3269
3 3256 3269 3257
3 3257 3269 3270
3 3257 3270 3258
3 3258 3270 3271
3 3258 3271 3259
3 3259 3271 3272
3 3259 3272 3260
3 3260 3272 3273
3 3260 3273 3261
3 3261 3273 3274
3 3261 3274 3262
3 3262 3274 3275
3 3262 3275 3263
3 3263 3275 3264
3 3263 3264 3252
3 3264 3276 3277
3 3264 3277 3265
3 3265 3277 3278
3 3265 3278 3266
3 3266 3278 3279
3 3266 3279 3267
3 3267 3279 3280
3 3267 3280 3268
3 3268 3280 3281
3 3268 3281 3269
3 3269 3281 3282
3 3269 3282 3270
3 3270 3282 3283
3 3270 3283 3271
3 3271 3283 3284
3 3271 3284 3272
3 3272 3284 3285
3 3272 3285 3273
3 3273 3285 3286
3 3273 3286 3274
3 3274 3286 3287
3 3274 3287 3275
3 3275 3287 3276
3 3275 3276 3264
3 3276 3288 3289
3 3276 3289 3277
3 3277 3289 3290
3 3277 3290 3278
3 3278 3290 3291
3 3278 3291 3279
3 3279 3291 3292
3 3279 3292 3280
3 3280 3292 3293
3 3280 3293 3281
3 3281 3293 3294
3 3281 3294 3282
3 3282 3294 3295
3 3282 3295 3283
3 3283 3295 3296
3 3283 3296 3284
3 3284 3296 3297
3 3284 3297 3285
3 3285 3297 3298
3 3285 3298 3286
3 3286 3298 3299
3 3286 3299 3287
3 3287 3299 3288
3 3287 3288 3276
3 3288 3300 3301
3 3288 3301 3289
3 3289 3301 3302
3 3289 3302 3290
3 3290 3302 3303
3 3290 3303 3291
3 3291 3303 3304
3 3291 3304 3292
3 3292 3304 3305
3 3292 3305 3293
3 3293 3305 3306
3 3293 3306 3294
3 3294 3306 3307
3 3294 3307 3295
3 3295 3307 3308
3 3295 3308 3296
3 3296 3308 3309
3 3296 3309 3297
3 3297 3309 3310
3 3297 3310 3298
3 3298 3310 3311
3 3298 3311 3299
3 3299 3311 3300
3 3299 3300 3288
3 3300 3312 3313
3 3300 3313 3301
3 3301 3313 3314
3 3301 3314 3302
3 3302 3314 3315
3 3302 3315 3303
3 3303 3315 3316
3 3303 3316 3304
3 3304 3316 3317
3 3304 3317 3305
3 3305 3317 3318
3 3305 3318 3306
3 3306 3318 3319
3 3306 3319 3307
3 3307 3319 3320
3 3307 3320 3308
3 3308 3320 3321
3 3308 3321 3309
3 3309 3321 3322
3 3309 3322 3310
3 3310 3322 3323
3 3310 3323 3311
3 3311 3323 3312
3 3311 3312 3300
3 3312 3324 3325
3 3312 3325 3313
3 3313 3325 3326
3 3313 3326 3314
3 3314 3326 3327
3 3314 3327 3315
3 3315 3327 3328
3 3315 3328 3316
3 3316 3328 3329
3 3316 3329 3317
3 3317 3329 3330
3 3317 3330 3318
3 3318 3330 3331
3 3318 3331 3319
3 3319 3331 3332
3 3319 3332 3320
3 3320 3332 3333
3 3320 3333 3321
3 3321 3333 3334
3 3321 3334 3322
3 3322 3334 3335
3 3322 3335 3323
3 3323 3335 3324
3 3323 3324 3312
3 3324 3336 3337
3 3324 3337 3325
3 3325 3337 3338
3 3325 3338 3326
3 3326 3338 3339
3 3326 3339 3327
3 3327 3339 3340
3 3327 3340 3328
3 3328 3340 3341
3 3328 3341 3329
3 3329 3341 3342
3 3329 3342 3330
3 3330 3342 3343
3 3330 3343 3331
3 3331 3343 3344
3 3331 3344 3332
3 3332 3344 3345
3 3332 3345 3333
3 3333 3345 3346
3 3333 3346 3334
3 3334 3346 3347
3 3334 3347 3335
3 3335 3347 3336
3 3335 3336 3324
3 3336 3348 3349
3 3336 3349 3337
3 3337 3349 3350
3 3337 3350 3338
3 3338 3350 3351
3 3338 3351 3339
3 3339 3351 3352
3 3339 3352 3340
3 3340 3352 3353
3 3340 3353 3341
3 3341 3353 3354
3 3341 3354 3342
3 3342 3354 3355
3 3342 3355 3343
3 3343 3355 3356
3 3343 3356 3344
3 3344 3356 3357
3 3344 3357 3345
3 3345 3357 3358
3 3345 3358 3346
3 3346 3358 3359
3 3346 3359 3347
3 3347 3359 3348
3 3347 3348 3336
3 3348 3360 3361
3 3348 3361 3349
3 3349 3361 3362
3 3349 3362 3350
3 3350 3362 3363
3 3350 3363 3351
3 3351 3363 3364
3 3351 3364 3352
3 3352 3364 3365
3 3352 3365 3353
3 3353 3365 3366
3 3353 3366 3354
3 3354 3366 3367
3 3354 3367 3355
3 3355 3367 3368
3 3355 3368 3356
3 3356 3368 3369
3 3356 3369 3357
3 3357 3369 3370
3 3357 3370 3358
3 3358 3370 3371
3 3358 3371 3359
3 3359 3371 3360
3 3359 3360 3348
3 3360 3372 3373
3 3360 3373 3361
3 3361 3373 3374
3 3361 3374 3362
3 3362 3374 3375
3 3362 3375 3363
3 3363 3375 3376
3 3363 3376 3364
3 3364 3376 3377
3 3364 3377 3365
3 3365 3377 3378
3 3365 3378 3366
3 3366 3378 3379
3 3366 3379 3367
3 3367 3379 3380
3 3367 3380 3368
3 3368 3380 3381
3 3368 3381 3369
3 3369 3381 3382
3 3369 3382 3370
3 3370 3382 3383
3 3370 3383 3371
3 3371 3383 3372
3 3371 3372 3360
3 3372 3384 3385
3 3372 3385 3373
3 3373 3385 3386
3 3373 3386 3374
3 3374 3386 3387
3 3374 3387 3375
3 3375 3387 3388
3 3375 3388 3376
3 3376 3388 3389
3 3376 3389 3377
3 3377 3389 3390
3 3377 3390 3378
3 3378 3390 3391
3 3378 3391 3379
3 3379 3391 3392
3 3379 3392 3380
3 3380 3392 3393
3 3380 3393 3381
3 3381 3393 3394
3 3381 3394 3382
3 3382 3394 3395
3 3382 3395 3383
3 3383 3395 3384
3 3383 3384 3372
3 3384 3396 3397
3 3384 3397 3385
3 3385 3397 3398
3 3385 3398 3386
3 3386 3398 3399
3 3386 3399 3387
3 3387 3399 3400
3 3387 3400 3388
3 3388 3400 3401
3 3388 3401 3389
3 3389 3401 3402
3 3389 3402 3390
3 3390 3402 3403
3 3390 3403 3391
3 3391 3403 3404
3 3391 3404 3392
3 3392 3404 3405
3 3392 3405 3393
3 3393 3405 3406
3 3393 3406 3394
3 3394 3406 3407
3 3394 3407 3395
3 3395 3407 3396
3 3395 3396 3384
3 3396 3408 3409
3 3396 3409 3397
3 3397 3409 3410
3 3397 3410 3398
3 3398 3410 3411
3 3398 3411 3399
3 3399 3411 3412
3 3399 3412 3400
3 3400 3412 3413
3 3400 3413 3401
3 3401 3413 3414
3 3401 3414 3402
3 3402 3414 3415
3 3402 3415 3403
3 3403 3415 3416
3 3403 3416 3404
3 3404 3416 3417
3 3404 3417 3405
3 3405 3417 3418
3 3405 3418 3406
3 3406 3418 3419
3 3406 3419 3407
3 3407 3419 3408
3 3407 3408 3396
3 3408 3420 3421
3 3408 3421 3409
3 3409 3421 3422
3 3409 3422 3410
3 3410 3422 3423
3 3410 3423 3411
3 3411 3423 3424
3 3411 3424 3412
3 3412 3424 3425
3 3412 3425 3413
3 3413 3425 3426
3 3413 3426 3414
3 3414 3426 3427
3 3414 3427 3415
3 3415 3427 3428
3 3415 3428 3416
3 3416 3428 3429
3 3416 3429 3417
3 3417 3429 3430
3 3417 3430 3418
3 3418 3430 3431
3 3418 3431 3419
3 3419 3431 3420
3 3419 3420 3408
3 3420 3432 3433
3 3420 3433 3421
3 3421 3433 3434
3 3421 3434 3422
3 3422 3434 3435
3 3422 3435 3423
3 3423 3435 3436
3 3423 3436 3424
3 3424 3436 3437
3 3424 3437 3425
3 3425 3437 3438
3 3425 3438 3426
3 3426 3438 3439
3 3426 3439 3427
3 3427 3439 3440
3 3427 3440 3428
3 3428 3440 3441
3 3428 3441 3429
3 3429 3441 3442
3 3429 3442 3430
3 3430 3442 3443
3 3430 3443 3431
3 3431 3443 3432
3 3431 3432 3420
3 3432 3444 3445
3 3432 3445 3433
3 3433 3445 3446
3 3433 3446 3434
3 3434 3446 3447
3 3434 3447 3435
3 3435 3447 3448
3 3435 3448 3436
3 3436 3448 3449
3 3436 3449 3437
3 3437 3449 3450
3 3437 3450 3438
3 3438 3450 3451
3 3438 3451 3439
3 3439 3451 3452
3 3439 3452 3440
3 3440 3452 3453
3 3440 3453 3441
3 3441 3453 3454
3 3441 3454 3442
3 3442 3454 3455
3 3442 3455 3443
3 3443 3455 3444
3 3443 3444 3432
3 3444 3456 3457
3 3444 3457 3445
3 3445 3457 3458
3 3445 3458 3446
3 3446 3458 3459
3 3446 3459 3447
3 3447 3459 3460
3 3447 3460 3448
3 3448 3460 3461
3 3448 3461 3449
3 3449 3461 3462
3 3449 3462 3450
3 3450 3462 3463
3 3450 3463 3451
3 3451 3463 3464
3 3451 3464 3452
3 3452 3464 3465
3 3452 3465 3453
3 3453 3465 3466
3 3453 3466 3454
3 3454 3466 3467
3 3454 3467 3455
3 3455 3467 3456
3 3455 3456 3444
3 3456 3468 3469
3 3456 3469 3457
3 3457 3469 3470
3 3457 3470 3458
3 3458 3470 3471
3 3458 3471 3459
3 3459 3471 3472
3 3459 3472 3460
3 3460 3472 3473
3 3460 3473 3461
3 3461 3473 3474
3 3461 3474 3462
3 3462 3474 3475
3 3462 3475 3463
3 3463 3475 3476
3 3463 3476 3464
3 3464 3476 3477
3 3464 3477 3465
3 3465 3477 3478
3 3465 3478 3466
3 3466 3478 3479
3 3466 3479 3467
3 3467 3479 3468
3 3467 3468 3456
3 3468 3480 3481
3 3468 3481 3469
3 3469 3481 3482
3 3469 3482 3470
3 3470 3482 3483
3 3470 3483 3471
3 3471 3483 3484
3 3471 3484 3472
3 3472 3484 3485
3 3472 3485 3473
3 3473 3485 3486
3 3473 3486 3474
3 3474 3486 3487
3 3474 3487 3475
3 3475 3487 3488
3 3475 3488 3476
3 3476 3488 3489
3 3476 3489 3477
3 3477 3489 3490
3 3477 3490 3478
3 3478 3490 3491
3 3478 3491 3479
3 3479 3491 3480
3 3479 3480 3468
3 3480 3492 3493
3 3480 3493 3481
3 3481 3493 3494
3 3481 3494 3482
3 3482 3494 3495
3 3482 3495 3483
3 3483 3495 3496
3 3483 3496 3484
3 3484 3496 3497
3 3484 3497 3485
3 3485 3497 3498
3 3485 3498 3486
3 3486 3498 3499
3 3486 3499 3487
3 3487 3499 3500
3 3487 3500 3488
3 3488 3500 3501
3 3488 3501 3489
3 3489 3501 3502
3 3489 3502 3490
3 3490 3502 3503
3 3490 3503 3491
3 3491 3503 3492
3 3491 3492 3480
3 3492 3504 3505
3 3492 3505 3493
3 3493 3505 3506
3 3493 3506 3494
3 3494 3506 3507
3 3494 3507 3495
3 3495 3507 3508
3 3495 3508 3496
3 3496 3508 3509
3 3496 3509 3497
3 3497 3509 3510
3 3497 3510 3498
3 3498 3510 3511
3 3498 3511 3499
3 3499 3511 3512
3 3499 3512 3500
3 3500 3512 3513
3 3500 3513 3501
3 3501 3513 3514
3 3501 3514 3502
3 3502 3514 3515
3 3502 3515 3503
3 3503 3515 3504
3 3503 3504 3492
3 3504 3516 3517
3 3504 3517 3505
3 3505 3517 3518
3 3505 3518 3506
3 3506 3518 3519
3 3506 3519 3507
3 3507 3519 3520
3 3507 3520 3508
3 3508 3520 3521
3 3508 3521 3509
3 3509 3521 3522
3 3509 3522 3510
3 3510 3522 3523
3 3510 3523 3511
3 3511 3523 3524
3 3511 3524 3512
3 3512 3524 3525
3 3512 3525 3513
3 3513 3525 3526
3 3513 3526 3514
3 3514 3526 3527
3 3514 3527 3515
3 3515 3527 3516
3 3515 3516 3504
3 3516 3528 3529
3 3516 3529 3517
3 3517 3529 3530
3 3517 3530 3518
3 3518 3530 3531
3 3518 3531 3519
3 3519 3531 3532
3 3519 3532 3520
3 3520 3532 3533
3 3520 3533 3521
3 3521 3533 3534
3 3521 3534 3522
3 3522 3534 3535
3 3522 3535 3523
3 3523 3535 3536
3 3523 3536 3524
3 3524 3536 3537
3 3524 3537 3525
3 3525 3537 3538
3 3525 3538 3526
3 3526 3538 3539
3 3526 3539 3527
3 3527 3539 3528
3 3527 3528 3516
3 3528 3540 3541
3 3528 3541 3529
3 3529 3541 3542
3 3529 3542 3530
3 3530 3542 3543
3 3530 3543 3531
3 3531 3543 3544
3 3531 3544 3532
3 3532 3544 3545
3 3532 3545 3533
3 3533 3545 3546
3 3533 3546 3534
3 3534 3546 3547
3 3534 3547 3535
3 3535 3547 3548
3 3535 3548 3536
3 3536 3548 3549
3 3536 3549 3537
3 3537 3549 3550
3 3537 3550 3538
3 3538 3550 3551
3 3538 3551 3539
3 3539 3551 3540
3 3539 3540 3528
3 3540 3552 3553
3 3540 3553 3541
3 3541 3553 3554
3 3541 3554 3542
3 3542 3554 3555
3 3542 3555 3543
3 3543 3555 3556
3 3543 3556 3544
3 3544 3556 3557
3 3544 3557 3545
3 3545 3557 3558
3 3545 3558 3546
3 3546 3558 3559
3 3546 3559 3547
3 3547 3559 3560
3 3547 3560 3548
3 3548 3560 3561
3 3548 3561 3549
3 3549 3561 3562
3 3549 3562 3550
3 3550 3562 3563
3 3550 3563 3551
3 3551 3563 3552
3 3551 3552 3540
3 3552 3564 3565
3 3552 3565 3553
3 3553 3565 3566
3 3553 3566 3554
3 3554 3566 3567
3 3554 3567 3555
3 3555 3567 3568
3 3555 3568 3556
3 3556 3568 3569
3 3556 3569 3557
3 3557 3569 3570
3 3557 3570 3558
3 3558 3570 3571
3 3558 3571 3559
3 3559 3571 3572
3 3559 3572 3560
3 3560 3572 3573
3 3560 3573 3561
3 3561 3573 3574
3 3561 3574 3562
3 3562 3574 3575
3 3562 3575 3563
3 3563 3575 3564
3 3563 3564 3552
3 3564 3576 3577
3 3564 3577 3565
3 3565 3577 3578
3 3565 3578 3566
3 3566 3578 3579
3 3566 3579 3567
3 3567 3579 3580
3 3567 3580 3568
3 3568 3580 3581
3 3568 3581 3569
3 3569 3581 3582
3 3569 3582 3570
3 3570 3582 3583
3 3570 3583 3571
3 3571 3583 3584
3 3571 3584 3572
3 3572 3584 3585
3 3572 3585 3573
3 3573 3585 3586
3 3573 3586 3574
3 3574 3586 3587
3 3574 3587 3575
3 3575 3587 3576
3 3575 3576 3564
3 3576 3588 3589
3 3576 3589 3577
3 3577 3589 3590
3 3577 3590 3578
3 3578 3590 3591
3 3578 3591 3579
3 3579 3591 3592
3 3579 3592 3580
3 3580 3592 3593
3 3580 3593 3581
3 3581 3593 3594
3 3581 3594 3582
3 3582 3594 3595
3 3582 3595 3583
3 3583 3595 3596
3 3583 3596 3584
3 3584 3596 3597
3 3584 3597 3585
3 3585 3597 3598
3 3585 3598 3586
3 3586 3598 3599
3 3586 3599 3587
3 3587 3599 3588
3 3587 3588 3576
