ply
format ascii 1.0
element vertex 3200
property float x
property float y
property float z
element face 6240
property list uchar int vertex_indices
end_header
0.00000 0.00000 -1.05000
0.12070 0.00000 -1.05240
0.24062 0.00000 -1.05926
0.35897 0.00000 -1.06954
0.47500 0.00000 -1.08157
0.58795 0.00000 -1.09319
0.69708 0.00000 -1.10184
0.80170 0.00000 -1.10474
0.90111 0.00000 -1.09908
0.99468 0.00000 -1.08217
1.08180 0.00000 -1.05164
1.16191 0.00000 -1.00560
1.23448 0.00000 -0.94274
1.29904 0.00000 -0.86250
1.35518 0.00000 -0.76504
1.40252 0.00000 -0.65135
1.44078 0.00000 -0.52314
1.46969 0.00000 -0.38285
1.48906 0.00000 -0.23347
1.49878 0.00000 -0.07846
1.49878 0.00000 0.07846
1.48906 0.00000 0.23347
1.46969 0.00000 0.38285
1.44078 0.00000 0.52314
1.40252 0.00000 0.65135
1.35518 0.00000 0.76504
1.29904 0.00000 0.86250
1.23448 0.00000 0.94274
1.16191 0.00000 1.00560
1.08180 0.00000 1.05164
0.99468 0.00000 1.08217
0.90111 0.00000 1.09908
0.80170 0.00000 1.10474
0.69708 0.00000 1.10184
0.58795 0.00000 1.09319
0.47500 0.00000 1.08157
0.35897 0.00000 1.06954
0.24062 0.00000 1.05926
0.12070 0.00000 1.05240
0.00000 0.00000 1.05000
0.00000 0.00000 -1.06243
0.12033 0.00947 -1.08143
0.23988 0.01888 -1.10374
0.35787 0.02816 -1.12763
0.47354 0.03727 -1.15086
0.58614 0.04613 -1.17081
0.69494 0.05469 -1.18464
0.79923 0.06290 -1.18946
0.89834 0.07070 -1.18251
0.99162 0.07804 -1.16135
1.07847 0.08488 -1.12400
1.15833 0.09116 -1.06912
1.23067 0.09686 -0.99604
1.29503 0.10192 -0.90488
1.35100 0.10633 -0.79656
1.39820 0.11004 -0.67275
1.43634 0.11304 -0.53584
1.46516 0.11531 -0.38880
1.48447 0.11683 -0.23505
1.49416 0.11759 -0.07830
1.49416 0.11759 0.07762
1.48447 0.11683 0.22898
1.46516 0.11531 0.37232
1.43634 0.11304 0.50460
1.39820 0.11004 0.62335
1.35100 0.10633 0.72679
1.29503 0.10192 0.81390
1.23067 0.09686 0.88444
1.15833 0.09116 0.93893
1.07847 0.08488 0.97858
0.99162 0.07804 1.00523
0.89834 0.07070 1.02118
0.79923 0.06290 1.02903
0.69494 0.05469 1.03154
0.58614 0.04613 1.03141
0.47354 0.03727 1.03114
0.35787 0.02816 1.03282
0.23988 0.01888 1.03807
0.12033 0.00947 1.04784
0.00000 0.00000 1.06243
0.00000 0.00000 -1.09905
0.11921 0.01888 -1.13332
0.23765 0.03764 -1.16904
0.35455 0.05616 -1.20389
0.46915 0.07431 -1.23517
0.58071 0.09198 -1.25999
0.68850 0.10905 -1.27538
0.79183 0.12541 -1.27851
0.89002 0.14097 -1.26686
0.98244 0.15560 -1.23839
1.06848 0.16923 -1.19168
1.14760 0.18176 -1.12599
1.21928 0.19311 -1.04138
1.28304 0.20321 -0.93870
1.33849 0.21200 -0.81959
1.38526 0.21940 -0.68637
1.42304 0.22539 -0.54199
1.45159 0.22991 -0.38984
1.47073 0.23294 -0.23362
1.48033 0.23446 -0.07715
1.48033 0.23446 0.07583
1.47073 0.23294 0.22184
1.45159 0.22991 0.35780
1.42304 0.22539 0.48123
1.38526 0.21940 0.59029
1.33849 0.21200 0.68391
1.28304 0.20321 0.76178
1.21928 0.19311 0.82435
1.14760 0.18176 0.87280
1.06848 0.16923 0.90886
0.98244 0.15560 0.93479
0.89002 0.14097 0.95311
0.79183 0.12541 0.96651
0.68850 0.10905 0.97763
0.58071 0.09198 0.98890
0.46915 0.07431 1.00235
0.35455 0.05616 1.01952
0.23765 0.03764 1.04133
0.11921 0.01888 1.06799
0.00000 0.00000 1.09905
0.00000 0.00000 -1.15782
0.11736 0.02818 -1.20521
0.23397 0.05617 -1.25155
0.34906 0.08380 -1.29410
0.46188 0.11089 -1.32986
0.57170 0.13725 -1.35581
0.67782 0.16273 -1.36904
0.77955 0.18715 -1.36696
0.87622 0.21036 -1.34747
0.96720 0.23220 -1.30905
1.05191 0.25254 -1.25092
1.12980 0.27124 -1.17305
1.20037 0.28818 -1.07626
1.26315 0.30325 -0.96209
1.31773 0.31636 -0.83286
1.36377 0.32741 -0.69145
1.40097 0.33634 -0.54125
1.42908 0.34309 -0.38592
1.44792 0.34761 -0.22928
1.45737 0.34988 -0.07508
1.45737 0.34988 0.07319
1.44792 0.34761 0.21242
1.42908 0.34309 0.34009
1.40097 0.33634 0.45433
1.36377 0.32741 0.55401
1.31773 0.31636 0.63877
1.26315 0.30325 0.70900
1.20037 0.28818 0.76580
1.12980 0.27124 0.81086
1.05191 0.25254 0.84635
0.96720 0.23220 0.87473
0.87622 0.21036 0.89864
0.77955 0.18715 0.92064
0.67782 0.16273 0.94310
0.57170 0.13725 0.96799
0.46188 0.11089 0.99679
0.34906 0.08380 1.03036
0.23397 0.05617 1.06886
0.11736 0.02818 1.11175
0.00000 0.00000 1.15782
0.00000 0.00000 -1.23550
0.11479 0.03730 -1.29311
0.22884 0.07435 -1.34673
0.34140 0.11093 -1.39328
0.45175 0.14678 -1.42968
0.55917 0.18169 -1.45295
0.66297 0.21541 -1.46043
0.76246 0.24774 -1.44994
0.85701 0.27846 -1.41989
0.94600 0.30737 -1.36942
1.02886 0.33430 -1.29845
1.10504 0.35905 -1.20772
1.17406 0.38147 -1.09875
1.23546 0.40142 -0.97377
1.28885 0.41877 -0.83564
1.33388 0.43340 -0.68772
1.37026 0.44522 -0.53366
1.39775 0.45416 -0.37726
1.41618 0.46015 -0.22226
1.42543 0.46315 -0.07219
1.42543 0.46315 0.06984
1.41618 0.46015 0.20126
1.39775 0.45416 0.32017
1.37026 0.44522 0.42539
1.33388 0.43340 0.51651
1.28885 0.41877 0.59386
1.23546 0.40142 0.65848
1.17406 0.38147 0.71201
1.10504 0.35905 0.75654
1.02886 0.33430 0.79448
0.94600 0.30737 0.82839
0.85701 0.27846 0.86078
0.76246 0.24774 0.89396
0.66297 0.21541 0.92985
0.55917 0.18169 0.96985
0.45175 0.14678 1.01478
0.34140 0.11093 1.06474
0.22884 0.07435 1.11914
0.11479 0.03730 1.17669
0.00000 0.00000 1.23550
0.00000 0.00000 -1.32779
0.11151 0.04619 -1.39218
0.22230 0.09208 -1.44929
0.33165 0.13737 -1.49595
0.43884 0.18178 -1.52912
0.54319 0.22500 -1.54607
0.64402 0.26676 -1.54452
0.74067 0.30680 -1.52285
0.83252 0.34484 -1.48010
0.91897 0.38065 -1.41615
0.99946 0.41399 -1.33165
1.07346 0.44464 -1.22808
1.14051 0.47241 -1.10761
1.20015 0.49712 -0.97308
1.25202 0.51860 -0.82778
1.29576 0.53672 -0.67538
1.33110 0.55136 -0.51964
1.35781 0.56242 -0.36432
1.37572 0.56984 -0.21295
1.38470 0.57356 -0.06866
1.38470 0.57356 0.06596
1.37572 0.56984 0.18897
1.35781 0.56242 0.29913
1.33110 0.55136 0.39600
1.29576 0.53672 0.47985
1.25202 0.51860 0.55167
1.20015 0.49712 0.61303
1.14051 0.47241 0.66596
1.07346 0.44464 0.71283
0.99946 0.41399 0.75613
0.91897 0.38065 0.79831
0.83252 0.34484 0.84162
0.74067 0.30680 0.88793
0.64402 0.26676 0.93860
0.54319 0.22500 0.99438
0.43884 0.18178 1.05532
0.33165 0.13737 1.12077
0.22230 0.09208 1.18940
0.11151 0.04619 1.25924
0.00000 0.00000 1.32779
0.00000 0.00000 -1.42960
0.10754 0.05480 -1.49694
0.21439 0.10924 -1.55359
0.31985 0.16297 -1.59644
0.42323 0.21565 -1.62269
0.52387 0.26692 -1.63000
0.62111 0.31647 -1.61666
0.71432 0.36396 -1.58166
0.80290 0.40910 -1.52480
0.88627 0.45158 -1.44667
0.96389 0.49113 -1.34869
1.03527 0.52749 -1.23299
1.09993 0.56044 -1.10235
1.15745 0.58975 -0.96006
1.20747 0.61524 -0.80972
1.24966 0.63673 -0.65511
1.28374 0.65410 -0.49997
1.30950 0.66722 -0.34784
1.32677 0.67602 -0.20186
1.33543 0.68043 -0.06466
1.33543 0.68043 0.06178
1.32677 0.67602 0.17622
1.30950 0.66722 0.27815
1.28374 0.65410 0.36779
1.24966 0.63673 0.44608
1.20747 0.61524 0.51453
1.15745 0.58975 0.57514
1.09993 0.56044 0.63020
1.03527 0.52749 0.68216
0.96389 0.49113 0.73341
0.88627 0.45158 0.78616
0.80290 0.40910 0.84222
0.71432 0.36396 0.90290
0.62111 0.31647 0.96889
0.52387 0.26692 1.04021
0.42323 0.21565 1.11616
0.31985 0.16297 1.19534
0.21439 0.10924 1.27574
0.10754 0.05480 1.35481
0.00000 0.00000 1.42960
0.00000 0.00000 -1.53531
0.10291 0.06307 -1.60160
0.20516 0.12572 -1.65385
0.30608 0.18756 -1.68919
0.40501 0.24819 -1.70521
0.50131 0.30720 -1.70012
0.59436 0.36423 -1.67285
0.68356 0.41889 -1.62313
0.76833 0.47083 -1.55150
0.84811 0.51972 -1.45929
0.92239 0.56524 -1.34861
0.99069 0.60709 -1.22219
1.05256 0.64501 -1.08327
1.10761 0.67875 -0.93543
1.15548 0.70808 -0.78244
1.19585 0.73282 -0.62803
1.22846 0.75280 -0.47573
1.25311 0.76791 -0.32871
1.26964 0.77803 -0.18961
1.27792 0.78311 -0.06044
1.27792 0.78311 0.05753
1.26964 0.77803 0.16373
1.25311 0.76791 0.25837
1.22846 0.75280 0.34232
1.19585 0.73282 0.41705
1.15548 0.70808 0.48450
1.10761 0.67875 0.54692
1.05256 0.64501 0.60670
0.99069 0.60709 0.66621
0.92239 0.56524 0.72759
0.84811 0.51972 0.79261
0.76833 0.47083 0.86254
0.68356 0.41889 0.93802
0.59436 0.36423 1.01903
0.50131 0.30720 1.10482
0.40501 0.24819 1.19395
0.30608 0.18756 1.28434
0.20516 0.12572 1.37341
0.10291 0.06307 1.45814
0.00000 0.00000 1.53531
0.00000 0.00000 -1.63906
0.09765 0.07095 -1.70038
0.19466 0.14143 -1.74454
0.29042 0.21100 -1.76907
0.38428 0.27920 -1.77212
0.47566 0.34559 -1.75255
0.56395 0.40974 -1.71000
0.64859 0.47123 -1.64497
0.72902 0.52966 -1.55873
0.80472 0.58466 -1.45332
0.87520 0.63587 -1.33144
0.94000 0.68295 -1.19628
0.99871 0.72561 -1.05140
1.05094 0.76356 -0.90055
1.09636 0.79655 -0.74745
1.13467 0.82438 -0.59563
1.16561 0.84687 -0.44827
1.18900 0.86386 -0.30800
1.20468 0.87525 -0.17688
1.21254 0.88096 -0.05620
1.21254 0.88096 0.05343
1.20468 0.87525 0.15219
1.18900 0.86386 0.24089
1.16561 0.84687 0.32099
1.13467 0.82438 0.39436
1.09636 0.79655 0.46322
1.05094 0.76356 0.52992
0.99871 0.72561 0.59677
0.94000 0.68295 0.66588
0.87520 0.63587 0.73898
0.80472 0.58466 0.81730
0.72902 0.52966 0.90146
0.64859 0.47123 0.99137
0.56395 0.40974 1.08626
0.47566 0.34559 1.18463
0.38428 0.27920 1.28438
0.29042 0.21100 1.38285
0.19466 0.14143 1.47700
0.09765 0.07095 1.56352
0.00000 0.00000 1.63906
0.00000 0.00000 -1.73512
0.09178 0.07839 -1.78781
0.18297 0.15627 -1.82064
0.27297 0.23313 -1.83168
0.36119 0.30849 -1.81974
0.44708 0.38184 -1.78439
0.53007 0.45272 -1.72605
0.60962 0.52066 -1.64596
0.68521 0.58523 -1.54609
0.75636 0.64600 -1.42908
0.82261 0.70258 -1.29810
0.88352 0.75460 -1.15668
0.93870 0.80173 -1.00853
0.98780 0.84366 -0.85736
1.03048 0.88012 -0.70670
1.06649 0.91087 -0.55972
1.09558 0.93571 -0.41909
1.11756 0.95448 -0.28685
1.13229 0.96707 -0.16436
1.13968 0.97338 -0.05221
1.13968 0.97338 0.04972
1.13229 0.96707 0.14222
1.11756 0.95448 0.22669
1.09558 0.93571 0.30498
1.06649 0.91087 0.37928
1.03048 0.88012 0.45188
0.98780 0.84366 0.52508
0.93870 0.80173 0.60094
0.88352 0.75460 0.68117
0.82261 0.70258 0.76695
0.75636 0.64600 0.85888
0.68521 0.58523 0.95683
0.60962 0.52066 1.06000
0.53007 0.45272 1.16685
0.44708 0.38184 1.27524
0.36119 0.30849 1.38246
0.27297 0.23313 1.48543
0.18297 0.15627 1.58078
0.09178 0.07839 1.66511
0.00000 0.00000 1.73512
0.00000 0.00000 -1.81820
0.08535 0.08535 -1.85907
0.17014 0.17014 -1.87795
0.25383 0.25383 -1.87355
0.33588 0.33588 -1.84541
0.41574 0.41574 -1.79388
0.49291 0.49291 -1.72011
0.56689 0.56689 -1.62605
0.63718 0.63718 -1.51428
0.70335 0.70335 -1.38791
0.76495 0.76495 -1.25046
0.82159 0.82159 -1.10559
0.87291 0.87291 -0.95701
0.91856 0.91856 -0.80823
0.95825 0.95825 -0.66243
0.99173 0.99173 -0.52227
1.01878 1.01878 -0.38982
1.03922 1.03922 -0.26643
1.05293 1.05293 -0.15274
1.05980 1.05980 -0.04866
1.05980 1.05980 0.04660
1.05293 1.05293 0.13439
1.03922 1.03922 0.21654
1.01878 1.01878 0.29519
0.99173 0.99173 0.37263
0.95825 0.95825 0.45110
0.91856 0.91856 0.53267
0.87291 0.87291 0.61899
0.82159 0.82159 0.71124
0.76495 0.76495 0.80997
0.70335 0.70335 0.91504
0.63718 0.63718 1.02560
0.56689 0.56689 1.14010
0.49291 0.49291 1.25636
0.41574 0.41574 1.37163
0.33588 0.33588 1.48278
0.25383 0.25383 1.58640
0.17014 0.17014 1.67903
0.08535 0.08535 1.75732
0.00000 0.00000 1.81820
0.00000 0.00000 -1.88369
0.07839 0.09178 -1.91022
0.15627 0.18297 -1.91330
0.23313 0.27297 -1.89237
0.30849 0.36119 -1.84774
0.38184 0.44708 -1.78049
0.45272 0.53007 -1.69252
0.52066 0.60962 -1.58634
0.58523 0.68521 -1.46505
0.64600 0.75636 -1.33209
0.70258 0.82261 -1.19113
0.75460 0.88352 -1.04583
0.80173 0.93870 -0.89969
0.84366 0.98780 -0.75589
0.88012 1.03048 -0.61709
0.91087 1.06649 -0.48536
0.93571 1.09558 -0.36207
0.95448 1.11756 -0.24787
0.96707 1.13229 -0.14268
0.97338 1.13968 -0.04576
0.97338 1.13968 0.04424
0.96707 1.13229 0.12912
0.95448 1.11756 0.21100
0.93571 1.09558 0.29214
0.91087 1.06649 0.37478
0.88012 1.03048 0.46093
0.84366 0.98780 0.55227
0.80173 0.93870 0.64992
0.75460 0.88352 0.75443
0.70258 0.82261 0.86564
0.64600 0.75636 0.98267
0.58523 0.68521 1.10396
0.52066 0.60962 1.22727
0.45272 0.53007 1.34984
0.38184 0.44708 1.46849
0.30849 0.36119 1.57978
0.23313 0.27297 1.68019
0.15627 0.18297 1.76631
0.07839 0.09178 1.83503
0.00000 0.00000 1.88369
0.00000 0.00000 -1.92798
0.07095 0.09765 -1.93843
0.14143 0.19466 -1.92473
0.21100 0.29042 -1.88710
0.27920 0.38428 -1.82658
0.34559 0.47566 -1.74498
0.40974 0.56395 -1.64479
0.47123 0.64859 -1.52903
0.52966 0.72902 -1.40113
0.58466 0.80472 -1.26471
0.63587 0.87520 -1.12340
0.68295 0.94000 -0.98070
0.72561 0.99871 -0.83975
0.76356 1.05094 -0.70322
0.79655 1.09636 -0.57318
0.82438 1.13467 -0.45101
0.84687 1.16561 -0.33737
0.86386 1.18900 -0.23219
0.87525 1.20468 -0.13473
0.88096 1.21254 -0.04367
0.88096 1.21254 0.04277
0.87525 1.20468 0.12671
0.86386 1.18900 0.21038
0.84687 1.16561 0.29601
0.82438 1.13467 0.38561
0.79655 1.09636 0.48083
0.76356 1.05094 0.58279
0.72561 0.99871 0.69203
0.68295 0.94000 0.80836
0.63587 0.87520 0.93090
0.58466 0.80472 1.05805
0.52966 0.72902 1.18757
0.47123 0.64859 1.31667
0.40974 0.56395 1.44212
0.34559 0.47566 1.56045
0.27920 0.38428 1.66810
0.21100 0.29042 1.76161
0.14143 0.19466 1.83780
0.07095 0.09765 1.89397
0.00000 0.00000 1.92798
0.00000 0.00000 -1.94861
0.06307 0.10291 -1.94215
0.12572 0.20516 -1.91163
0.18756 0.30608 -1.85803
0.24819 0.40501 -1.78311
0.30720 0.50131 -1.68929
0.36423 0.59436 -1.57956
0.41889 0.68356 -1.45729
0.47083 0.76833 -1.32606
0.51972 0.84811 -1.18948
0.56524 0.92239 -1.05101
0.60709 0.99069 -0.91379
0.64501 1.05256 -0.78048
0.67875 1.10761 -0.65314
0.70808 1.15548 -0.53313
0.73282 1.19585 -0.42114
0.75280 1.22846 -0.31709
0.76791 1.25311 -0.22025
0.77803 1.26964 -0.12932
0.78311 1.27792 -0.04251
0.78311 1.27792 0.04228
0.77803 1.26964 0.12728
0.76791 1.25311 0.21472
0.75280 1.22846 0.30659
0.73282 1.19585 0.40453
0.70808 1.15548 0.50968
0.67875 1.10761 0.62256
0.64501 1.05256 0.74298
0.60709 0.99069 0.87004
0.56524 0.92239 1.00214
0.51972 0.84811 1.13701
0.47083 0.76833 1.27183
0.41889 0.68356 1.40337
0.36423 0.59436 1.52811
0.30720 0.50131 1.64244
0.24819 0.40501 1.74287
0.18756 0.30608 1.82617
0.12572 0.20516 1.88955
0.06307 0.10291 1.93086
0.00000 0.00000 1.94861
0.00000 0.00000 -1.94446
0.05480 0.10754 -1.92116
0.10924 0.21439 -1.87470
0.16297 0.31985 -1.80676
0.21565 0.42323 -1.71973
0.26692 0.52387 -1.61651
0.31647 0.62111 -1.50045
0.36396 0.71432 -1.37507
0.40910 0.80290 -1.24397
0.45158 0.88627 -1.11056
0.49113 0.96389 -0.97796
0.52749 1.03527 -0.84882
0.56044 1.09993 -0.72518
0.58975 1.15745 -0.60840
0.61524 1.20747 -0.49916
0.63673 1.24966 -0.39738
0.65410 1.28374 -0.30235
0.66722 1.30950 -0.21273
0.67602 1.32677 -0.12676
0.68043 1.33543 -0.04233
0.68043 1.33543 0.04279
0.67602 1.32677 0.13082
0.66722 1.30950 0.22377
0.65410 1.28374 0.32328
0.63673 1.24966 0.43049
0.61524 1.20747 0.54591
0.58975 1.15745 0.66937
0.56044 1.09993 0.79996
0.52749 1.03527 0.93606
0.49113 0.96389 1.07541
0.45158 0.88627 1.21517
0.40910 0.80290 1.35208
0.36396 0.71432 1.48258
0.31647 0.62111 1.60304
0.26692 0.52387 1.70993
0.21565 0.42323 1.79995
0.16297 0.31985 1.87029
0.10924 0.21439 1.91871
0.05480 0.10754 1.94367
0.00000 0.00000 1.94446
0.00000 0.00000 -1.91575
0.04619 0.11151 -1.87663
0.09208 0.22230 -1.81599
0.13737 0.33165 -1.73614
0.18178 0.43884 -1.63994
0.22500 0.54319 -1.53066
0.26676 0.64402 -1.41181
0.30680 0.74067 -1.28693
0.34484 0.83252 -1.15940
0.38065 0.91897 -1.03232
0.41399 0.99946 -0.90829
0.44464 1.07346 -0.78936
0.47241 1.14051 -0.67688
0.49712 1.20015 -0.57150
0.51860 1.25202 -0.47314
0.53672 1.29576 -0.38106
0.55136 1.33110 -0.29396
0.56242 1.35781 -0.21003
0.56984 1.37572 -0.12718
0.57356 1.38470 -0.04315
0.57356 1.38470 0.04427
0.56984 1.37572 0.13712
0.56242 1.35781 0.23703
0.55136 1.33110 0.34517
0.53672 1.29576 0.46205
0.51860 1.25202 0.58750
0.49712 1.20015 0.72063
0.47241 1.14051 0.85982
0.44464 1.07346 1.00278
0.41399 0.99946 1.14669
0.38065 0.91897 1.28824
0.34484 0.83252 1.42387
0.30680 0.74067 1.54992
0.26676 0.64402 1.66279
0.22500 0.54319 1.75918
0.18178 0.43884 1.83619
0.13737 0.33165 1.89154
0.09208 0.22230 1.92365
0.04619 0.11151 1.93170
0.00000 0.00000 1.91575
0.00000 0.00000 -1.86406
0.03730 0.11479 -1.81102
0.07435 0.22884 -1.73875
0.11093 0.34140 -1.65005
0.14678 0.45175 -1.54815
0.18169 0.55917 -1.43648
0.21541 0.66297 -1.31856
0.24774 0.76246 -1.19772
0.27846 0.85701 -1.07703
0.30737 0.94600 -0.95907
0.33430 1.02886 -0.84585
0.35905 1.10504 -0.73871
0.38147 1.17406 -0.63827
0.40142 1.23546 -0.54445
0.41877 1.28885 -0.45650
0.43340 1.33388 -0.37308
0.44522 1.37026 -0.29239
0.45416 1.39775 -0.21231
0.46015 1.41618 -0.13057
0.46315 1.42543 -0.04493
0.46315 1.42543 0.04664
0.46015 1.41618 0.14583
0.45416 1.39775 0.25378
0.44522 1.37026 0.37105
0.43340 1.33388 0.49747
0.41877 1.28885 0.63217
0.40142 1.23546 0.77352
0.38147 1.17406 0.91925
0.35905 1.10504 1.06652
0.33430 1.02886 1.21201
0.30737 0.94600 1.35215
0.27846 0.85701 1.48324
0.24774 0.76246 1.60166
0.21541 0.66297 1.70405
0.18169 0.55917 1.78748
0.14678 0.45175 1.84959
0.11093 0.34140 1.88875
0.07435 0.22884 1.90410
0.03730 0.11479 1.89561
0.00000 0.00000 1.86406
0.00000 0.00000 -1.79225
0.02818 0.11736 -1.72796
0.05617 0.23397 -1.64724
0.08380 0.34906 -1.55327
0.11089 0.46188 -1.44943
0.13725 0.57170 -1.33918
0.16273 0.67782 -1.22583
0.18715 0.77955 -1.11239
0.21036 0.87622 -1.00141
0.23220 0.96720 -0.89487
0.25254 1.05191 -0.79409
0.27124 1.12980 -0.69966
0.28818 1.20037 -0.61148
0.30325 1.26315 -0.52877
0.31636 1.31773 -0.45017
0.32741 1.36377 -0.37387
0.33634 1.40097 -0.29772
0.34309 1.42908 -0.21943
0.34761 1.44792 -0.13673
0.34988 1.45737 -0.04756
0.34988 1.45737 0.04978
0.34761 1.44792 0.15647
0.34309 1.42908 0.27309
0.33634 1.40097 0.39949
0.32741 1.36377 0.53480
0.31636 1.31773 0.67743
0.30325 1.26315 0.82511
0.28818 1.20037 0.97498
0.27124 1.12980 1.12373
0.25254 1.05191 1.26778
0.23220 0.96720 1.40339
0.21036 0.87622 1.52692
0.18715 0.77955 1.63496
0.16273 0.67782 1.72454
0.13725 0.57170 1.79325
0.11089 0.46188 1.83940
0.08380 0.34906 1.86207
0.05617 0.23397 1.86115
0.02818 0.11736 1.83738
0.00000 0.00000 1.79225
0.00000 0.00000 -1.70430
0.01888 0.11921 -1.63202
0.03764 0.23765 -1.54652
0.05616 0.35455 -1.45113
0.07431 0.46915 -1.34925
0.09198 0.58071 -1.24414
0.10905 0.68850 -1.13876
0.12541 0.79183 -1.03564
0.14097 0.89002 -0.93672
0.15560 0.98244 -0.84327
0.16923 1.06848 -0.75586
0.18176 1.14760 -0.67437
0.19311 1.21928 -0.59798
0.20321 1.28304 -0.52531
0.21200 1.33849 -0.45451
0.21940 1.38526 -0.38340
0.22539 1.42304 -0.30967
0.22991 1.45159 -0.23101
0.23294 1.47073 -0.14533
0.23446 1.48033 -0.05090
0.23446 1.48033 0.05350
0.23294 1.47073 0.16846
0.22991 1.45159 0.29388
0.22539 1.42304 0.42891
0.21940 1.38526 0.57196
0.21200 1.33849 0.72079
0.20321 1.28304 0.87254
0.19311 1.21928 1.02391
0.18176 1.14760 1.17128
0.16923 1.06848 1.31091
0.15560 0.98244 1.43913
0.14097 0.89002 1.55249
0.12541 0.79183 1.64797
0.10905 0.68850 1.72312
0.09198 0.58071 1.77619
0.07431 0.46915 1.80620
0.05616 0.35455 1.81297
0.03764 0.23765 1.79717
0.01888 0.11921 1.76024
0.00000 0.00000 1.70430
0.00000 0.00000 -1.60505
0.00947 0.12033 -1.52853
0.01888 0.23988 -1.44216
0.02816 0.35787 -1.34929
0.03727 0.47354 -1.25313
0.04613 0.58614 -1.15660
0.05469 0.69494 -1.06216
0.06290 0.79923 -0.97173
0.07070 0.89834 -0.88653
0.07804 0.99162 -0.80711
0.08488 1.07847 -0.73329
0.09116 1.15833 -0.66423
0.09686 1.23067 -0.59852
0.10192 1.29503 -0.53427
0.10633 1.35100 -0.46926
0.11004 1.39820 -0.40113
0.11304 1.43634 -0.32756
0.11531 1.46516 -0.24640
0.11683 1.48447 -0.15589
0.11759 1.49416 -0.05476
0.11759 1.49416 0.05760
0.11683 1.48447 0.18113
0.11531 1.46516 0.31501
0.11304 1.43634 0.45769
0.11004 1.39820 0.60692
0.10633 1.35100 0.75986
0.10192 1.29503 0.91321
0.09686 1.23067 1.06335
0.09116 1.15833 1.20652
0.08488 1.07847 1.33902
0.07804 0.99162 1.45738
0.07070 0.89834 1.55853
0.06290 0.79923 1.63997
0.05469 0.69494 1.69989
0.04613 0.58614 1.73724
0.03727 0.47354 1.75180
0.02816 0.35787 1.74417
0.01888 0.23988 1.71570
0.00947 0.12033 1.66845
0.00000 0.00000 1.60505
0.00000 0.00000 -1.50000
0.00000 0.12070 -1.42318
0.00000 0.24062 -1.33992
0.00000 0.35897 -1.25336
0.00000 0.47500 -1.16638
0.00000 0.58795 -1.08140
0.00000 0.69708 -1.00026
0.00000 0.80170 -0.92417
0.00000 0.90111 -0.85362
0.00000 0.99468 -0.78839
0.00000 1.08180 -0.72761
0.00000 1.16191 -0.66982
0.00000 1.23448 -0.61308
0.00000 1.29904 -0.55514
0.00000 1.35518 -0.49361
0.00000 1.40252 -0.42609
0.00000 1.44078 -0.35041
0.00000 1.46969 -0.26476
0.00000 1.48906 -0.16782
0.00000 1.49878 -0.05894
0.00000 1.49878 0.06186
0.00000 1.48906 0.19379
0.00000 1.46969 0.33532
0.00000 1.44078 0.48424
0.00000 1.40252 0.63772
0.00000 1.35518 0.79247
0.00000 1.29904 0.94486
0.00000 1.23448 1.09111
0.00000 1.16191 1.22752
0.00000 1.08180 1.35056
0.00000 0.99468 1.45714
0.00000 0.90111 1.54471
0.00000 0.80170 1.61140
0.00000 0.69708 1.65611
0.00000 0.58795 1.67854
0.00000 0.47500 1.67923
0.00000 0.35897 1.65946
0.00000 0.24062 1.62123
0.00000 0.12070 1.56709
0.00000 0.00000 1.50000
-0.00000 0.00000 -1.39495
-0.00947 0.12033 -1.32182
-0.01888 0.23988 -1.24545
-0.02816 0.35787 -1.16866
-0.03727 0.47354 -1.09381
-0.04613 0.58614 -1.02270
-0.05469 0.69494 -0.95648
-0.06290 0.79923 -0.89560
-0.07070 0.89834 -0.83980
-0.07804 0.99162 -0.78815
-0.08488 1.07847 -0.73915
-0.09116 1.15833 -0.69081
-0.09686 1.23067 -0.64084
-0.10192 1.29503 -0.58679
-0.10633 1.35100 -0.52622
-0.11004 1.39820 -0.45690
-0.11304 1.43634 -0.37696
-0.11531 1.46516 -0.28506
-0.11683 1.48447 -0.18048
-0.11759 1.49416 -0.06320
-0.11759 1.49416 0.06603
-0.11683 1.48447 0.20572
-0.11531 1.46516 0.35368
-0.11304 1.43634 0.50709
-0.11004 1.39820 0.66268
-0.10633 1.35100 0.81682
-0.10192 1.29503 0.96573
-0.09686 1.23067 1.10567
-0.09116 1.15833 1.23310
-0.08488 1.07847 1.34488
-0.07804 0.99162 1.43842
-0.07070 0.89834 1.51180
-0.06290 0.79923 1.56384
-0.05469 0.69494 1.59421
-0.04613 0.58614 1.60334
-0.03727 0.47354 1.59248
-0.02816 0.35787 1.56354
-0.01888 0.23988 1.51899
-0.00947 0.12033 1.46175
-0.00000 0.00000 1.39495
-0.00000 0.00000 -1.29570
-0.01888 0.11921 -1.23003
-0.03764 0.23765 -1.16398
-0.05616 0.35455 -1.09986
-0.07431 0.46915 -1.03941
-0.09198 0.58071 -0.98374
-0.10905 0.68850 -0.93324
-0.12541 0.79183 -0.88760
-0.14097 0.89002 -0.84584
-0.15560 0.98244 -0.80640
-0.16923 1.06848 -0.76726
-0.18176 1.14760 -0.72606
-0.19311 1.21928 -0.68028
-0.20321 1.28304 -0.62746
-0.21200 1.33849 -0.56529
-0.21940 1.38526 -0.49185
-0.22539 1.42304 -0.40574
-0.22991 1.45159 -0.30620
-0.23294 1.47073 -0.19315
-0.23446 1.48033 -0.06730
-0.23446 1.48033 0.06990
-0.23294 1.47073 0.21628
-0.22991 1.45159 0.36907
-0.22539 1.42304 0.52499
-0.21940 1.38526 0.68042
-0.21200 1.33849 0.83157
-0.20321 1.28304 0.97469
-0.19311 1.21928 1.10622
-0.18176 1.14760 1.22297
-0.16923 1.06848 1.32231
-0.15560 0.98244 1.40226
-0.14097 0.89002 1.46161
-0.12541 0.79183 1.49993
-0.10905 0.68850 1.51760
-0.09198 0.58071 1.51580
-0.07431 0.46915 1.49636
-0.05616 0.35455 1.46169
-0.03764 0.23765 1.41463
-0.01888 0.11921 1.35825
-0.00000 0.00000 1.29570
-0.00000 0.00000 -1.20775
-0.02818 0.11736 -1.15289
-0.05617 0.23397 -1.10000
-0.08380 0.34906 -1.05076
-0.11089 0.46188 -1.00621
-0.13725 0.57170 -0.96668
-0.16273 0.67782 -0.93183
-0.18715 0.77955 -0.90061
-0.21036 0.87622 -0.87141
-0.23220 0.96720 -0.84214
-0.25254 1.05191 -0.81039
-0.27124 1.12980 -0.77360
-0.28818 1.20037 -0.72922
-0.30325 1.26315 -0.67489
-0.31636 1.31773 -0.60865
-0.32741 1.36377 -0.52902
-0.33634 1.40097 -0.43517
-0.34309 1.42908 -0.32699
-0.34761 1.44792 -0.20514
-0.34988 1.45737 -0.07102
-0.34988 1.45737 0.07324
-0.34761 1.44792 0.22488
-0.34309 1.42908 0.38065
-0.33634 1.40097 0.53693
-0.32741 1.36377 0.68994
-0.31636 1.31773 0.83590
-0.30325 1.26315 0.97123
-0.28818 1.20037 1.09272
-0.27124 1.12980 1.19768
-0.25254 1.05191 1.28408
-0.23220 0.96720 1.35066
-0.21036 0.87622 1.39692
-0.18715 0.77955 1.42318
-0.16273 0.67782 1.43054
-0.13725 0.57170 1.42075
-0.11089 0.46188 1.39617
-0.08380 0.34906 1.35956
-0.05617 0.23397 1.31391
-0.02818 0.11736 1.26232
-0.00000 0.00000 1.20775
-0.00000 0.00000 -1.13594
-0.03730 0.11479 -1.09467
-0.07435 0.22884 -1.05705
-0.11093 0.34140 -1.02407
-0.14678 0.45175 -0.99602
-0.18169 0.55917 -0.97246
-0.21541 0.66297 -0.95232
-0.24774 0.76246 -0.93391
-0.27846 0.85701 -0.91508
-0.30737 0.94600 -0.89338
-0.33430 1.02886 -0.86616
-0.35905 1.10504 -0.83082
-0.38147 1.17406 -0.78494
-0.40142 1.23546 -0.72648
-0.41877 1.28885 -0.65391
-0.43340 1.33388 -0.56634
-0.44522 1.37026 -0.46360
-0.45416 1.39775 -0.34629
-0.46015 1.41618 -0.21578
-0.46315 1.42543 -0.07415
-0.46315 1.42543 0.07587
-0.46015 1.41618 0.23104
-0.45416 1.39775 0.38777
-0.44522 1.37026 0.54226
-0.43340 1.33388 0.69073
-0.41877 1.28885 0.82958
-0.40142 1.23546 0.95555
-0.38147 1.17406 1.06592
-0.35905 1.10504 1.15863
-0.33430 1.02886 1.23232
-0.30737 0.94600 1.28646
-0.27846 0.85701 1.32130
-0.24774 0.76246 1.33785
-0.21541 0.66297 1.33781
-0.18169 0.55917 1.32345
-0.14678 0.45175 1.29746
-0.11093 0.34140 1.26277
-0.07435 0.22884 1.22240
-0.03730 0.11479 1.17925
-0.00000 0.00000 1.13594
-0.00000 0.00000 -1.08425
-0.04619 0.11151 -1.05857
-0.09208 0.22230 -1.03751
-0.13737 0.33165 -1.02128
-0.18178 0.43884 -1.00942
-0.22500 0.54319 -1.00076
-0.26676 0.64402 -0.99358
-0.30680 0.74067 -0.98565
-0.34484 0.83252 -0.97446
-0.38065 0.91897 -0.95730
-0.41399 0.99946 -0.93149
-0.44464 1.07346 -0.89455
-0.47241 1.14051 -0.84438
-0.49712 1.20015 -0.77937
-0.51860 1.25202 -0.69857
-0.53672 1.29576 -0.60176
-0.55136 1.33110 -0.48948
-0.56242 1.35781 -0.36304
-0.56984 1.37572 -0.22449
-0.57356 1.38470 -0.07653
-0.57356 1.38470 0.07764
-0.56984 1.37572 0.23443
-0.56242 1.35781 0.39005
-0.55136 1.33110 0.54069
-0.53672 1.29576 0.68275
-0.51860 1.25202 0.81294
-0.49712 1.20015 0.92850
-0.47241 1.14051 1.02731
-0.44464 1.07346 1.10797
-0.41399 0.99946 1.16988
-0.38065 0.91897 1.21322
-0.34484 0.83252 1.23893
-0.30680 0.74067 1.24864
-0.26676 0.64402 1.24456
-0.22500 0.54319 1.22928
-0.18178 0.43884 1.20567
-0.13737 0.33165 1.17669
-0.09208 0.22230 1.14516
-0.04619 0.11151 1.11364
-0.00000 0.00000 1.08425
-0.00000 0.00000 -1.05554
-0.05480 0.10754 -1.04660
-0.10924 0.21439 -1.04245
-0.16297 0.31985 -1.04254
-0.21565 0.42323 -1.04566
-0.26692 0.52387 -1.05001
-0.31647 0.62111 -1.05332
-0.36396 0.71432 -1.05299
-0.40910 0.80290 -1.04625
-0.45158 0.88627 -1.03036
-0.49113 0.96389 -1.00276
-0.52749 1.03527 -0.96127
-0.56044 1.09993 -0.90424
-0.58975 1.15745 -0.83063
-0.61524 1.20747 -0.74017
-0.63673 1.24966 -0.63333
-0.65410 1.28374 -0.51137
-0.66722 1.30950 -0.37631
-0.67602 1.32677 -0.23079
-0.68043 1.33543 -0.07801
-0.68043 1.33543 0.07847
-0.67602 1.32677 0.23485
-0.66722 1.30950 0.38735
-0.65410 1.28374 0.53231
-0.63673 1.24966 0.66643
-0.61524 1.20747 0.78692
-0.58975 1.15745 0.89160
-0.56044 1.09993 0.97902
-0.52749 1.03527 1.04852
-0.49113 0.96389 1.10021
-0.45158 0.88627 1.13497
-0.40910 0.80290 1.15436
-0.36396 0.71432 1.16050
-0.31647 0.62111 1.15592
-0.26692 0.52387 1.14343
-0.21565 0.42323 1.12588
-0.16297 0.31985 1.10606
-0.10924 0.21439 1.08645
-0.05480 0.10754 1.06911
-0.00000 0.00000 1.05554
-0.00000 0.00000 -1.05139
-0.06307 0.10291 -1.05941
-0.12572 0.20516 -1.07160
-0.18756 0.30608 -1.08666
-0.24819 0.40501 -1.10274
-0.30720 0.50131 -1.11750
-0.36423 0.59436 -1.12826
-0.41889 0.68356 -1.13220
-0.47083 0.76833 -1.12650
-0.51972 0.84811 -1.10853
-0.56524 0.92239 -1.07604
-0.60709 0.99069 -1.02730
-0.64501 1.05256 -0.96122
-0.67875 1.10761 -0.87744
-0.70808 1.15548 -0.77639
-0.73282 1.19585 -0.65928
-0.75280 1.22846 -0.52807
-0.76791 1.25311 -0.38536
-0.77803 1.26964 -0.23433
-0.78311 1.27792 -0.07852
-0.78311 1.27792 0.07829
-0.77803 1.26964 0.23229
-0.76791 1.25311 0.37982
-0.75280 1.22846 0.51757
-0.73282 1.19585 0.64268
-0.70808 1.15548 0.75294
-0.67875 1.10761 0.84686
-0.64501 1.05256 0.92371
-0.60709 0.99069 0.98354
-0.56524 0.92239 1.02716
-0.51972 0.84811 1.05606
-0.47083 0.76833 1.07227
-0.41889 0.68356 1.07828
-0.36423 0.59436 1.07680
-0.30720 0.50131 1.07065
-0.24819 0.40501 1.06250
-0.18756 0.30608 1.05480
-0.12572 0.20516 1.04952
-0.06307 0.10291 1.04812
-0.00000 0.00000 1.05139
-0.00000 0.00000 -1.07202
-0.07095 0.09765 -1.09631
-0.14143 0.19466 -1.12335
-0.21100 0.29042 -1.15122
-0.27920 0.38428 -1.17751
-0.34559 0.47566 -1.19949
-0.40974 0.56395 -1.21425
-0.47123 0.64859 -1.21890
-0.52966 0.72902 -1.21075
-0.58466 0.80472 -1.18748
-0.63587 0.87520 -1.14727
-0.68295 0.94000 -1.08898
-0.72561 0.99871 -1.01217
-0.76356 1.05094 -0.91721
-0.79655 1.09636 -0.80525
-0.82438 1.13467 -0.67820
-0.84687 1.16561 -0.53864
-0.86386 1.18900 -0.38970
-0.87525 1.20468 -0.23490
-0.88096 1.21254 -0.07803
-0.88096 1.21254 0.07713
-0.87525 1.20468 0.22688
-0.86386 1.18900 0.36789
-0.84687 1.16561 0.49729
-0.82438 1.13467 0.61280
-0.79655 1.09636 0.71290
-0.76356 1.05094 0.79678
-0.72561 0.99871 0.86445
-0.68295 0.94000 0.91664
-0.63587 0.87520 0.95477
-0.58466 0.80472 0.98083
-0.52966 0.72902 0.99719
-0.47123 0.64859 1.00654
-0.40974 0.56395 1.01158
-0.34559 0.47566 1.01496
-0.27920 0.38428 1.01903
-0.21100 0.29042 1.02573
-0.14143 0.19466 1.03642
-0.07095 0.09765 1.05184
-0.00000 0.00000 1.07202
-0.00000 0.00000 -1.11631
-0.07839 0.09178 -1.15524
-0.15627 0.18297 -1.19484
-0.23313 0.27297 -1.23264
-0.30849 0.36119 -1.26583
-0.38184 0.44708 -1.29145
-0.45272 0.53007 -1.30653
-0.52066 0.60962 -1.30830
-0.58523 0.68521 -1.29437
-0.64600 0.75636 -1.26286
-0.70258 0.82261 -1.21253
-0.75460 0.88352 -1.14290
-0.80173 0.93870 -1.05427
-0.84366 0.98780 -0.94773
-0.88012 1.03048 -0.82514
-0.91087 1.06649 -0.68904
-0.93571 1.09558 -0.54251
-0.95448 1.11756 -0.38908
-0.96707 1.13229 -0.23249
-0.97338 1.13968 -0.07656
-0.97338 1.13968 0.07504
-0.96707 1.13229 0.21893
-0.95448 1.11756 0.35221
-0.93571 1.09558 0.47259
-0.91087 1.06649 0.57846
-0.88012 1.03048 0.66899
-0.84366 0.98780 0.74411
-0.80173 0.93870 0.80450
-0.75460 0.88352 0.85151
-0.70258 0.82261 0.88704
-0.64600 0.75636 0.91344
-0.58523 0.68521 0.93328
-0.52066 0.60962 0.94923
-0.45272 0.53007 0.96385
-0.38184 0.44708 0.97944
-0.30849 0.36119 0.99787
-0.23313 0.27297 1.02045
-0.15627 0.18297 1.04785
-0.07839 0.09178 1.08005
-0.00000 0.00000 1.11631
-0.00000 0.00000 -1.18180
-0.08535 0.08535 -1.23295
-0.17014 0.17014 -1.28212
-0.25383 0.25383 -1.32643
-0.33588 0.33588 -1.36283
-0.41574 0.41574 -1.38831
-0.49291 0.49291 -1.40001
-0.56689 0.56689 -1.39547
-0.63718 0.63718 -1.37273
-0.70335 0.70335 -1.33050
-0.76495 0.76495 -1.26821
-0.82159 0.82159 -1.18610
-0.87291 0.87291 -1.08521
-0.91856 0.91856 -0.96733
-0.95825 0.95825 -0.83497
-0.99173 0.99173 -0.69119
-1.01878 1.01878 -0.53946
-1.03922 1.03922 -0.38354
-1.05293 1.05293 -0.22722
-1.05980 1.05980 -0.07420
-1.05980 1.05980 0.07214
-1.05293 1.05293 0.20887
-1.03922 1.03922 0.33365
-1.01878 1.01878 0.44483
-0.99173 0.99173 0.54154
-0.95825 0.95825 0.62365
-0.91856 0.91856 0.69177
-0.87291 0.87291 0.74718
-0.82159 0.82159 0.79175
-0.76495 0.76495 0.82772
-0.70335 0.70335 0.85762
-0.63718 0.63718 0.88405
-0.56689 0.56689 0.90952
-0.49291 0.49291 0.93626
-0.41574 0.41574 0.96606
-0.33588 0.33588 1.00020
-0.25383 0.25383 1.03927
-0.17014 0.17014 1.08320
-0.08535 0.08535 1.13120
-0.00000 0.00000 1.18180
-0.00000 0.00000 -1.26488
-0.09178 0.07839 -1.32516
-0.18297 0.15627 -1.38037
-0.27297 0.23313 -1.42740
-0.36119 0.30849 -1.46315
-0.44708 0.38184 -1.48470
-0.53007 0.45272 -1.48952
-0.60962 0.52066 -1.47557
-0.68521 0.58523 -1.44149
-0.75636 0.64600 -1.38665
-0.82261 0.70258 -1.31122
-0.88352 0.75460 -1.21617
-0.93870 0.80173 -1.10326
-0.98780 0.84366 -0.97492
-1.03048 0.88012 -0.83420
-1.06649 0.91087 -0.68454
-1.09558 0.93571 -0.52967
-1.11756 0.95448 -0.37339
-1.13229 0.96707 -0.21939
-1.13968 0.97338 -0.07108
-1.13968 0.97338 0.06859
-1.13229 0.96707 0.19725
-1.11756 0.95448 0.31322
-1.09558 0.93571 0.41556
-1.06649 0.91087 0.50409
-1.03048 0.88012 0.57938
-0.98780 0.84366 0.64264
-0.93870 0.80173 0.69566
-0.88352 0.75460 0.74065
-0.82261 0.70258 0.78007
-0.75636 0.64600 0.81645
-0.68521 0.58523 0.85224
-0.60962 0.52066 0.88961
-0.53007 0.45272 0.93032
-0.44708 0.38184 0.97555
-0.36119 0.30849 1.02587
-0.27297 0.23313 1.08114
-0.18297 0.15627 1.14051
-0.09178 0.07839 1.20246
-0.00000 0.00000 1.26488
-0.00000 0.00000 -1.36094
-0.09765 0.07095 -1.42675
-0.19466 0.14143 -1.48415
-0.29042 0.21100 -1.52997
-0.38428 0.27920 -1.56123
-0.47566 0.34559 -1.57531
-0.56395 0.40974 -1.57011
-0.64859 0.47123 -1.54420
-0.72902 0.52966 -1.49687
-0.80472 0.58466 -1.42823
-0.87520 0.63587 -1.33919
-0.94000 0.68295 -1.23146
-0.99871 0.72561 -1.10743
-1.05094 0.76356 -0.97008
-1.09636 0.79655 -0.82286
-1.13467 0.82438 -0.66945
-1.16561 0.84687 -0.51366
-1.18900 0.86386 -0.35918
-1.20468 0.87525 -0.20943
-1.21254 0.88096 -0.06737
-1.21254 0.88096 0.06459
-1.20468 0.87525 0.18473
-1.18900 0.86386 0.29207
-1.16561 0.84687 0.38639
-1.13467 0.82438 0.46818
-1.09636 0.79655 0.53862
-1.05094 0.76356 0.59945
-0.99871 0.72561 0.65279
-0.94000 0.68295 0.70106
-0.87520 0.63587 0.74674
-0.80472 0.58466 0.79221
-0.72902 0.52966 0.83960
-0.64859 0.47123 0.89060
-0.56395 0.40974 0.94637
-0.47566 0.34559 1.00739
-0.38428 0.27920 1.07349
-0.29042 0.21100 1.14375
-0.19466 0.14143 1.21661
-0.09765 0.07095 1.28989
-0.00000 0.00000 1.36094
-0.00000 0.00000 -1.46469
-0.10291 0.06307 -1.53213
-0.20516 0.12572 -1.58774
-0.30608 0.18756 -1.62848
-0.40501 0.24819 -1.65166
-0.50131 0.30720 -1.65512
-0.59436 0.36423 -1.63734
-0.68356 0.41889 -1.59755
-0.76833 0.47083 -1.53579
-0.84811 0.51972 -1.45292
-0.92239 0.56524 -1.35058
-0.99069 0.60709 -1.23112
-1.05256 0.64501 -1.09749
-1.10761 0.67875 -0.95308
-1.15548 0.70808 -0.80158
-1.19585 0.73282 -0.64677
-1.22846 0.75280 -0.49234
-1.25311 0.76791 -0.34171
-1.26964 0.77803 -0.19788
-1.27792 0.78311 -0.06327
-1.27792 0.78311 0.06036
-1.26964 0.77803 0.17200
-1.25311 0.76791 0.27136
-1.22846 0.75280 0.35892
-1.19585 0.73282 0.43579
-1.15548 0.70808 0.50364
-1.10761 0.67875 0.56457
-1.05256 0.64501 0.62093
-0.99069 0.60709 0.67515
-0.92239 0.56524 0.72956
-0.84811 0.51972 0.78624
-0.76833 0.47083 0.84683
-0.68356 0.41889 0.91244
-0.59436 0.36423 0.98351
-0.50131 0.30720 1.05982
-0.40501 0.24819 1.14040
-0.30608 0.18756 1.22364
-0.20516 0.12572 1.30730
-0.10291 0.06307 1.38867
-0.00000 0.00000 1.46469
-0.00000 0.00000 -1.57040
-0.10754 0.05480 -1.63546
-0.21439 0.10924 -1.68541
-0.31985 0.16297 -1.71748
-0.42323 0.21565 -1.72945
-0.52387 0.26692 -1.71973
-0.62111 0.31647 -1.68748
-0.71432 0.36396 -1.63268
-0.80290 0.40910 -1.55611
-0.88627 0.45158 -1.45937
-0.96389 0.49113 -1.34476
-1.03527 0.52749 -1.21518
-1.09993 0.56044 -1.07399
-1.15745 0.58975 -0.92486
-1.20747 0.61524 -0.77154
-1.24966 0.63673 -0.61774
-1.28374 0.65410 -0.46686
-1.30950 0.66722 -0.32193
-1.32677 0.67602 -0.18539
-1.33543 0.68043 -0.05901
-1.33543 0.68043 0.05613
-1.32677 0.67602 0.15975
-1.30950 0.66722 0.25224
-1.28374 0.65410 0.33468
-1.24966 0.63673 0.40871
-1.20747 0.61524 0.47636
-1.15745 0.58975 0.53994
-1.09993 0.56044 0.60184
-1.03527 0.52749 0.66435
-0.96389 0.49113 0.72948
-0.88627 0.45158 0.79886
-0.80290 0.40910 0.87353
-0.71432 0.36396 0.95391
-0.62111 0.31647 1.03971
-0.52387 0.26692 1.12994
-0.42323 0.21565 1.22292
-0.31985 0.16297 1.31638
-0.21439 0.10924 1.40756
-0.10754 0.05480 1.49333
-0.00000 0.00000 1.57040
-0.00000 0.00000 -1.67221
-0.11151 0.04619 -1.73104
-0.22230 0.09208 -1.77175
-0.33165 0.13737 -1.79206
-0.43884 0.18178 -1.79029
-0.54319 0.22500 -1.76556
-0.64402 0.26676 -1.71776
-0.74067 0.30680 -1.64764
-0.83252 0.34484 -1.55671
-0.91897 0.38065 -1.44722
-0.99946 0.41399 -1.32205
-1.07346 0.44464 -1.18451
-1.14051 0.47241 -1.03823
-1.20015 0.49712 -0.88697
-1.25202 0.51860 -0.73440
-1.29576 0.53672 -0.58396
-1.33110 0.55136 -0.43865
-1.35781 0.56242 -0.30094
-1.37572 0.56984 -0.17264
-1.38470 0.57356 -0.05483
-1.38470 0.57356 0.05214
-1.37572 0.56984 0.14866
-1.35781 0.56242 0.23575
-1.33110 0.55136 0.31501
-1.29576 0.53672 0.38844
-1.25202 0.51860 0.45829
-1.20015 0.49712 0.52692
-1.14051 0.47241 0.59658
-1.07346 0.44464 0.66926
-0.99946 0.41399 0.74652
-0.91897 0.38065 0.82938
-0.83252 0.34484 0.91822
-0.74067 0.30680 1.01272
-0.64402 0.26676 1.11184
-0.54319 0.22500 1.21387
-0.43884 0.18178 1.31649
-0.33165 0.13737 1.41687
-0.22230 0.09208 1.51186
-0.11151 0.04619 1.59809
-0.00000 0.00000 1.67221
-0.00000 0.00000 -1.76450
-0.11479 0.03730 -1.81358
-0.22884 0.07435 -1.84201
-0.34140 0.11093 -1.84808
-0.45175 0.14678 -1.83083
-0.55917 0.18169 -1.79008
-0.66297 0.21541 -1.72652
-0.76246 0.24774 -1.64161
-0.85701 0.27846 -1.53755
-0.94600 0.30737 -1.41714
-1.02886 0.33430 -1.28370
-1.10504 0.35905 -1.14080
-1.17406 0.38147 -0.99219
-1.23546 0.40142 -0.84152
-1.28885 0.41877 -0.69222
-1.33388 0.43340 -0.54731
-1.37026 0.44522 -0.40926
-1.39775 0.45416 -0.27991
-1.41618 0.46015 -0.16035
-1.42543 0.46315 -0.05096
-1.42543 0.46315 0.04860
-1.41618 0.46015 0.13935
-1.39775 0.45416 0.22282
-1.37026 0.44522 0.30099
-1.33388 0.43340 0.37609
-1.28885 0.41877 0.45043
-1.23546 0.40142 0.52623
-1.17406 0.38147 0.60545
-1.10504 0.35905 0.68961
-1.02886 0.33430 0.77972
-0.94600 0.30737 0.87612
-0.85701 0.27846 0.97844
-0.76246 0.24774 1.08563
-0.66297 0.21541 1.19593
-0.55917 0.18169 1.30699
-0.45175 0.14678 1.41593
-0.34140 0.11093 1.51954
-0.22884 0.07435 1.61443
-0.11479 0.03730 1.69716
-0.00000 0.00000 1.76450
-0.00000 0.00000 -1.84218
-0.11736 0.02818 -1.87852
-0.23397 0.05617 -1.89229
-0.34906 0.08380 -1.88247
-0.46188 0.11089 -1.84881
-0.57170 0.13725 -1.79195
-0.67782 0.16273 -1.71327
-0.77955 0.18715 -1.61493
-0.87622 0.21036 -1.49969
-0.96720 0.23220 -1.37080
-1.05191 0.25254 -1.23183
-1.12980 0.27124 -1.08648
-1.20037 0.28818 -0.93840
-1.26315 0.30325 -0.79100
-1.31773 0.31636 -0.64731
-1.36377 0.32741 -0.50981
-1.40097 0.33634 -0.38032
-1.42908 0.34309 -0.25998
-1.44792 0.34761 -0.14919
-1.45737 0.34988 -0.04761
-1.45737 0.34988 0.04572
-1.44792 0.34761 0.13233
-1.42908 0.34309 0.21416
-1.40097 0.33634 0.29341
-1.36377 0.32741 0.37236
-1.31773 0.31636 0.45322
-1.26315 0.30325 0.53791
-1.20037 0.28818 0.62794
-1.12980 0.27124 0.72428
-1.05191 0.25254 0.82726
-0.96720 0.23220 0.93648
-0.87622 0.21036 1.05086
-0.77955 0.18715 1.16861
-0.67782 0.16273 1.28733
-0.57170 0.13725 1.40413
-0.46188 0.11089 1.51575
-0.34906 0.08380 1.61873
-0.23397 0.05617 1.70960
-0.11736 0.02818 1.78506
-0.00000 0.00000 1.84218
-0.00000 0.00000 -1.90095
-0.11921 0.01888 -1.92228
-0.23765 0.03764 -1.91982
-0.35455 0.05616 -1.89330
-0.46915 0.07431 -1.84326
-0.58071 0.09198 -1.77104
-0.68850 0.10905 -1.67874
-0.79183 0.12541 -1.56906
-0.89002 0.14097 -1.44522
-0.98244 0.15560 -1.31074
-1.06848 0.16923 -1.16931
-1.14760 0.18176 -1.02454
-1.21928 0.19311 -0.87984
-1.28304 0.20321 -0.73822
-1.33849 0.21200 -0.60217
-1.38526 0.21940 -0.47352
-1.42304 0.22539 -0.35342
-1.45159 0.22991 -0.24227
-1.47073 0.23294 -0.13977
-1.48033 0.23446 -0.04497
-1.48033 0.23446 0.04364
-1.47073 0.23294 0.12799
-1.45159 0.22991 0.21024
-1.42304 0.22539 0.29267
-1.38526 0.21940 0.37744
-1.33849 0.21200 0.46649
-1.28304 0.20321 0.56130
-1.21928 0.19311 0.66282
-1.14760 0.18176 0.77135
-1.06848 0.16923 0.88650
-0.98244 0.15560 1.00714
-0.89002 0.14097 1.13147
-0.79183 0.12541 1.25706
-0.68850 0.10905 1.38099
-0.58071 0.09198 1.49994
-0.46915 0.07431 1.61043
-0.35455 0.05616 1.70894
-0.23765 0.03764 1.79211
-0.11921 0.01888 1.85695
-0.00000 0.00000 1.90095
-0.00000 0.00000 -1.93757
-0.12033 0.00947 -1.94243
-0.23988 0.01888 -1.92308
-0.35787 0.02816 -1.88000
-0.47354 0.03727 -1.81447
-0.58614 0.04613 -1.72853
-0.69494 0.05469 -1.62483
-0.79923 0.06290 -1.50654
-0.89834 0.07070 -1.37715
-0.99162 0.07804 -1.24030
-1.07847 0.08488 -1.09959
-1.15833 0.09116 -0.95841
-1.23067 0.09686 -0.81975
-1.29503 0.10192 -0.68610
-1.35100 0.10633 -0.55929
-1.39820 0.11004 -0.44047
-1.43634 0.11304 -0.33005
-1.46516 0.11531 -0.22775
-1.48447 0.11683 -0.13263
-1.49416 0.11759 -0.04318
-1.49416 0.11759 0.04250
-1.48447 0.11683 0.12656
-1.46516 0.11531 0.21128
-1.43634 0.11304 0.29881
-1.39820 0.11004 0.39106
-1.35100 0.10633 0.48952
-1.29503 0.10192 0.59512
-1.23067 0.09686 0.70816
-1.15833 0.09116 0.82822
-1.07847 0.08488 0.95417
-0.99162 0.07804 1.08419
-0.89834 0.07070 1.21582
-0.79923 0.06290 1.34611
-0.69494 0.05469 1.47173
-0.58614 0.04613 1.58913
-0.47354 0.03727 1.69475
-0.35787 0.02816 1.78520
-0.23988 0.01888 1.85741
-0.12033 0.00947 1.90884
-0.00000 0.00000 1.93757
-0.00000 0.00000 -1.95000
-0.12070 0.00000 -1.93787
-0.24062 0.00000 -1.90189
-0.35897 0.00000 -1.84329
-0.47500 0.00000 -1.76404
-0.58795 0.00000 -1.66675
-0.69708 0.00000 -1.55453
-0.80170 0.00000 -1.43083
-0.90111 0.00000 -1.29925
-0.99468 0.00000 -1.16337
-1.08180 0.00000 -1.02653
-1.16191 0.00000 -0.89174
-1.23448 0.00000 -0.76145
-1.29904 0.00000 -0.63750
-1.35518 0.00000 -0.52103
-1.40252 0.00000 -0.41247
-1.44078 0.00000 -0.31151
-1.46969 0.00000 -0.21723
-1.48906 0.00000 -0.12814
-1.49878 0.00000 -0.04234
-1.49878 0.00000 0.04234
-1.48906 0.00000 0.12814
-1.46969 0.00000 0.21723
-1.44078 0.00000 0.31151
-1.40252 0.00000 0.41247
-1.35518 0.00000 0.52103
-1.29904 0.00000 0.63750
-1.23448 0.00000 0.76145
-1.16191 0.00000 0.89174
-1.08180 0.00000 1.02653
-0.99468 0.00000 1.16337
-0.90111 0.00000 1.29925
-0.80170 0.00000 1.43083
-0.69708 0.00000 1.55453
-0.58795 0.00000 1.66675
-0.47500 0.00000 1.76404
-0.35897 0.00000 1.84329
-0.24062 0.00000 1.90189
-0.12070 0.00000 1.93787
-0.00000 0.00000 1.95000
-0.00000 -0.00000 -1.93757
-0.12033 -0.00947 -1.90884
-0.23988 -0.01888 -1.85741
-0.35787 -0.02816 -1.78520
-0.47354 -0.03727 -1.69475
-0.58614 -0.04613 -1.58913
-0.69494 -0.05469 -1.47173
-0.79923 -0.06290 -1.34611
-0.89834 -0.07070 -1.21582
-0.99162 -0.07804 -1.08419
-1.07847 -0.08488 -0.95417
-1.15833 -0.09116 -0.82822
-1.23067 -0.09686 -0.70816
-1.29503 -0.10192 -0.59512
-1.35100 -0.10633 -0.48952
-1.39820 -0.11004 -0.39106
-1.43634 -0.11304 -0.29881
-1.46516 -0.11531 -0.21128
-1.48447 -0.11683 -0.12656
-1.49416 -0.11759 -0.04250
-1.49416 -0.11759 0.04318
-1.48447 -0.11683 0.13263
-1.46516 -0.11531 0.22775
-1.43634 -0.11304 0.33005
-1.39820 -0.11004 0.44047
-1.35100 -0.10633 0.55929
-1.29503 -0.10192 0.68610
-1.23067 -0.09686 0.81975
-1.15833 -0.09116 0.95841
-1.07847 -0.08488 1.09959
-0.99162 -0.07804 1.24030
-0.89834 -0.07070 1.37715
-0.79923 -0.06290 1.50654
-0.69494 -0.05469 1.62483
-0.58614 -0.04613 1.72853
-0.47354 -0.03727 1.81447
-0.35787 -0.02816 1.88000
-0.23988 -0.01888 1.92308
-0.12033 -0.00947 1.94243
-0.00000 -0.00000 1.93757
-0.00000 -0.00000 -1.90095
-0.11921 -0.01888 -1.85695
-0.23765 -0.03764 -1.79211
-0.35455 -0.05616 -1.70894
-0.46915 -0.07431 -1.61043
-0.58071 -0.09198 -1.49994
-0.68850 -0.10905 -1.38099
-0.79183 -0.12541 -1.25706
-0.89002 -0.14097 -1.13147
-0.98244 -0.15560 -1.00714
-1.06848 -0.16923 -0.88650
-1.14760 -0.18176 -0.77135
-1.21928 -0.19311 -0.66282
-1.28304 -0.20321 -0.56130
-1.33849 -0.21200 -0.46649
-1.38526 -0.21940 -0.37744
-1.42304 -0.22539 -0.29267
-1.45159 -0.22991 -0.21024
-1.47073 -0.23294 -0.12799
-1.48033 -0.23446 -0.04364
-1.48033 -0.23446 0.04497
-1.47073 -0.23294 0.13977
-1.45159 -0.22991 0.24227
-1.42304 -0.22539 0.35342
-1.38526 -0.21940 0.47352
-1.33849 -0.21200 0.60217
-1.28304 -0.20321 0.73822
-1.21928 -0.19311 0.87984
-1.14760 -0.18176 1.02454
-1.06848 -0.16923 1.16931
-0.98244 -0.15560 1.31074
-0.89002 -0.14097 1.44522
-0.79183 -0.12541 1.56906
-0.68850 -0.10905 1.67874
-0.58071 -0.09198 1.77104
-0.46915 -0.07431 1.84326
-0.35455 -0.05616 1.89330
-0.23765 -0.03764 1.91982
-0.11921 -0.01888 1.92228
-0.00000 -0.00000 1.90095
-0.00000 -0.00000 -1.84218
-0.11736 -0.02818 -1.78506
-0.23397 -0.05617 -1.70960
-0.34906 -0.08380 -1.61873
-0.46188 -0.11089 -1.51575
-0.57170 -0.13725 -1.40413
-0.67782 -0.16273 -1.28733
-0.77955 -0.18715 -1.16861
-0.87622 -0.21036 -1.05086
-0.96720 -0.23220 -0.93648
-1.05191 -0.25254 -0.82726
-1.12980 -0.27124 -0.72428
-1.20037 -0.28818 -0.62794
-1.26315 -0.30325 -0.53791
-1.31773 -0.31636 -0.45322
-1.36377 -0.32741 -0.37236
-1.40097 -0.33634 -0.29341
-1.42908 -0.34309 -0.21416
-1.44792 -0.34761 -0.13233
-1.45737 -0.34988 -0.04572
-1.45737 -0.34988 0.04761
-1.44792 -0.34761 0.14919
-1.42908 -0.34309 0.25998
-1.40097 -0.33634 0.38032
-1.36377 -0.32741 0.50981
-1.31773 -0.31636 0.64731
-1.26315 -0.30325 0.79100
-1.20037 -0.28818 0.93840
-1.12980 -0.27124 1.08648
-1.05191 -0.25254 1.23183
-0.96720 -0.23220 1.37080
-0.87622 -0.21036 1.49969
-0.77955 -0.18715 1.61493
-0.67782 -0.16273 1.71327
-0.57170 -0.13725 1.79195
-0.46188 -0.11089 1.84881
-0.34906 -0.08380 1.88247
-0.23397 -0.05617 1.89229
-0.11736 -0.02818 1.87852
-0.00000 -0.00000 1.84218
-0.00000 -0.00000 -1.76450
-0.11479 -0.03730 -1.69716
-0.22884 -0.07435 -1.61443
-0.34140 -0.11093 -1.51954
-0.45175 -0.14678 -1.41593
-0.55917 -0.18169 -1.30699
-0.66297 -0.21541 -1.19593
-0.76246 -0.24774 -1.08563
-0.85701 -0.27846 -0.97844
-0.94600 -0.30737 -0.87612
-1.02886 -0.33430 -0.77972
-1.10504 -0.35905 -0.68961
-1.17406 -0.38147 -0.60545
-1.23546 -0.40142 -0.52623
-1.28885 -0.41877 -0.45043
-1.33388 -0.43340 -0.37609
-1.37026 -0.44522 -0.30099
-1.39775 -0.45416 -0.22282
-1.41618 -0.46015 -0.13935
-1.42543 -0.46315 -0.04860
-1.42543 -0.46315 0.05096
-1.41618 -0.46015 0.16035
-1.39775 -0.45416 0.27991
-1.37026 -0.44522 0.40926
-1.33388 -0.43340 0.54731
-1.28885 -0.41877 0.69222
-1.23546 -0.40142 0.84152
-1.17406 -0.38147 0.99219
-1.10504 -0.35905 1.14080
-1.02886 -0.33430 1.28370
-0.94600 -0.30737 1.41714
-0.85701 -0.27846 1.53755
-0.76246 -0.24774 1.64161
-0.66297 -0.21541 1.72652
-0.55917 -0.18169 1.79008
-0.45175 -0.14678 1.83083
-0.34140 -0.11093 1.84808
-0.22884 -0.07435 1.84201
-0.11479 -0.03730 1.81358
-0.00000 -0.00000 1.76450
-0.00000 -0.00000 -1.67221
-0.11151 -0.04619 -1.59809
-0.22230 -0.09208 -1.51186
-0.33165 -0.13737 -1.41687
-0.43884 -0.18178 -1.31649
-0.54319 -0.22500 -1.21387
-0.64402 -0.26676 -1.11184
-0.74067 -0.30680 -1.01272
-0.83252 -0.34484 -0.91822
-0.91897 -0.38065 -0.82938
-0.99946 -0.41399 -0.74652
-1.07346 -0.44464 -0.66926
-1.14051 -0.47241 -0.59658
-1.20015 -0.49712 -0.52692
-1.25202 -0.51860 -0.45829
-1.29576 -0.53672 -0.38844
-1.33110 -0.55136 -0.31501
-1.35781 -0.56242 -0.23575
-1.37572 -0.56984 -0.14866
-1.38470 -0.57356 -0.05214
-1.38470 -0.57356 0.05483
-1.37572 -0.56984 0.17264
-1.35781 -0.56242 0.30094
-1.33110 -0.55136 0.43865
-1.29576 -0.53672 0.58396
-1.25202 -0.51860 0.73440
-1.20015 -0.49712 0.88697
-1.14051 -0.47241 1.03823
-1.07346 -0.44464 1.18451
-0.99946 -0.41399 1.32205
-0.91897 -0.38065 1.44722
-0.83252 -0.34484 1.55671
-0.74067 -0.30680 1.64764
-0.64402 -0.26676 1.71776
-0.54319 -0.22500 1.76556
-0.43884 -0.18178 1.79029
-0.33165 -0.13737 1.79206
-0.22230 -0.09208 1.77175
-0.11151 -0.04619 1.73104
-0.00000 -0.00000 1.67221
-0.00000 -0.00000 -1.57040
-0.10754 -0.05480 -1.49333
-0.21439 -0.10924 -1.40756
-0.31985 -0.16297 -1.31638
-0.42323 -0.21565 -1.22292
-0.52387 -0.26692 -1.12994
-0.62111 -0.31647 -1.03971
-0.71432 -0.36396 -0.95391
-0.80290 -0.40910 -0.87353
-0.88627 -0.45158 -0.79886
-0.96389 -0.49113 -0.72948
-1.03527 -0.52749 -0.66435
-1.09993 -0.56044 -0.60184
-1.15745 -0.58975 -0.53994
-1.20747 -0.61524 -0.47636
-1.24966 -0.63673 -0.40871
-1.28374 -0.65410 -0.33468
-1.30950 -0.66722 -0.25224
-1.32677 -0.67602 -0.15975
-1.33543 -0.68043 -0.05613
-1.33543 -0.68043 0.05901
-1.32677 -0.67602 0.18539
-1.30950 -0.66722 0.32193
-1.28374 -0.65410 0.46686
-1.24966 -0.63673 0.61774
-1.20747 -0.61524 0.77154
-1.15745 -0.58975 0.92486
-1.09993 -0.56044 1.07399
-1.03527 -0.52749 1.21518
-0.96389 -0.49113 1.34476
-0.88627 -0.45158 1.45937
-0.80290 -0.40910 1.55611
-0.71432 -0.36396 1.63268
-0.62111 -0.31647 1.68748
-0.52387 -0.26692 1.71973
-0.42323 -0.21565 1.72945
-0.31985 -0.16297 1.71748
-0.21439 -0.10924 1.68541
-0.10754 -0.05480 1.63546
-0.00000 -0.00000 1.57040
-0.00000 -0.00000 -1.46469
-0.10291 -0.06307 -1.38867
-0.20516 -0.12572 -1.30730
-0.30608 -0.18756 -1.22364
-0.40501 -0.24819 -1.14040
-0.50131 -0.30720 -1.05982
-0.59436 -0.36423 -0.98351
-0.68356 -0.41889 -0.91244
-0.76833 -0.47083 -0.84683
-0.84811 -0.51972 -0.78624
-0.92239 -0.56524 -0.72956
-0.99069 -0.60709 -0.67515
-1.05256 -0.64501 -0.62093
-1.10761 -0.67875 -0.56457
-1.15548 -0.70808 -0.50364
-1.19585 -0.73282 -0.43579
-1.22846 -0.75280 -0.35892
-1.25311 -0.76791 -0.27136
-1.26964 -0.77803 -0.17200
-1.27792 -0.78311 -0.06036
-1.27792 -0.78311 0.06327
-1.26964 -0.77803 0.19788
-1.25311 -0.76791 0.34171
-1.22846 -0.75280 0.49234
-1.19585 -0.73282 0.64677
-1.15548 -0.70808 0.80158
-1.10761 -0.67875 0.95308
-1.05256 -0.64501 1.09749
-0.99069 -0.60709 1.23112
-0.92239 -0.56524 1.35058
-0.84811 -0.51972 1.45292
-0.76833 -0.47083 1.53579
-0.68356 -0.41889 1.59755
-0.59436 -0.36423 1.63734
-0.50131 -0.30720 1.65512
-0.40501 -0.24819 1.65166
-0.30608 -0.18756 1.62848
-0.20516 -0.12572 1.58774
-0.10291 -0.06307 1.53213
-0.00000 -0.00000 1.46469
-0.00000 -0.00000 -1.36094
-0.09765 -0.07095 -1.28989
-0.19466 -0.14143 -1.21661
-0.29042 -0.21100 -1.14375
-0.38428 -0.27920 -1.07349
-0.47566 -0.34559 -1.00739
-0.56395 -0.40974 -0.94637
-0.64859 -0.47123 -0.89060
-0.72902 -0.52966 -0.83960
-0.80472 -0.58466 -0.79221
-0.87520 -0.63587 -0.74674
-0.94000 -0.68295 -0.70106
-0.99871 -0.72561 -0.65279
-1.05094 -0.76356 -0.59945
-1.09636 -0.79655 -0.53862
-1.13467 -0.82438 -0.46818
-1.16561 -0.84687 -0.38639
-1.18900 -0.86386 -0.29207
-1.20468 -0.87525 -0.18473
-1.21254 -0.88096 -0.06459
-1.21254 -0.88096 0.06737
-1.20468 -0.87525 0.20943
-1.18900 -0.86386 0.35918
-1.16561 -0.84687 0.51366
-1.13467 -0.82438 0.66945
-1.09636 -0.79655 0.82286
-1.05094 -0.76356 0.97008
-0.99871 -0.72561 1.10743
-0.94000 -0.68295 1.23146
-0.87520 -0.63587 1.33919
-0.80472 -0.58466 1.42823
-0.72902 -0.52966 1.49687
-0.64859 -0.47123 1.54420
-0.56395 -0.40974 1.57011
-0.47566 -0.34559 1.57531
-0.38428 -0.27920 1.56123
-0.29042 -0.21100 1.52997
-0.19466 -0.14143 1.48415
-0.09765 -0.07095 1.42675
-0.00000 -0.00000 1.36094
-0.00000 -0.00000 -1.26488
-0.09178 -0.07839 -1.20246
-0.18297 -0.15627 -1.14051
-0.27297 -0.23313 -1.08114
-0.36119 -0.30849 -1.02587
-0.44708 -0.38184 -0.97555
-0.53007 -0.45272 -0.93032
-0.60962 -0.52066 -0.88961
-0.68521 -0.58523 -0.85224
-0.75636 -0.64600 -0.81645
-0.82261 -0.70258 -0.78007
-0.88352 -0.75460 -0.74065
-0.93870 -0.80173 -0.69566
-0.98780 -0.84366 -0.64264
-1.03048 -0.88012 -0.57938
-1.06649 -0.91087 -0.50409
-1.09558 -0.93571 -0.41556
-1.11756 -0.95448 -0.31322
-1.13229 -0.96707 -0.19725
-1.13968 -0.97338 -0.06859
-1.13968 -0.97338 0.07108
-1.13229 -0.96707 0.21939
-1.11756 -0.95448 0.37339
-1.09558 -0.93571 0.52967
-1.06649 -0.91087 0.68454
-1.03048 -0.88012 0.83420
-0.98780 -0.84366 0.97492
-0.93870 -0.80173 1.10326
-0.88352 -0.75460 1.21617
-0.82261 -0.70258 1.31122
-0.75636 -0.64600 1.38665
-0.68521 -0.58523 1.44149
-0.60962 -0.52066 1.47557
-0.53007 -0.45272 1.48952
-0.44708 -0.38184 1.48470
-0.36119 -0.30849 1.46315
-0.27297 -0.23313 1.42740
-0.18297 -0.15627 1.38037
-0.09178 -0.07839 1.32516
-0.00000 -0.00000 1.26488
-0.00000 -0.00000 -1.18180
-0.08535 -0.08535 -1.13120
-0.17014 -0.17014 -1.08320
-0.25383 -0.25383 -1.03927
-0.33588 -0.33588 -1.00020
-0.41574 -0.41574 -0.96606
-0.49291 -0.49291 -0.93626
-0.56689 -0.56689 -0.90952
-0.63718 -0.63718 -0.88405
-0.70335 -0.70335 -0.85762
-0.76495 -0.76495 -0.82772
-0.82159 -0.82159 -0.79175
-0.87291 -0.87291 -0.74718
-0.91856 -0.91856 -0.69177
-0.95825 -0.95825 -0.62365
-0.99173 -0.99173 -0.54154
-1.01878 -1.01878 -0.44483
-1.03922 -1.03922 -0.33365
-1.05293 -1.05293 -0.20887
-1.05980 -1.05980 -0.07214
-1.05980 -1.05980 0.07420
-1.05293 -1.05293 0.22722
-1.03922 -1.03922 0.38354
-1.01878 -1.01878 0.53946
-0.99173 -0.99173 0.69119
-0.95825 -0.95825 0.83497
-0.91856 -0.91856 0.96733
-0.87291 -0.87291 1.08521
-0.82159 -0.82159 1.18610
-0.76495 -0.76495 1.26821
-0.70335 -0.70335 1.33050
-0.63718 -0.63718 1.37273
-0.56689 -0.56689 1.39547
-0.49291 -0.49291 1.40001
-0.41574 -0.41574 1.38831
-0.33588 -0.33588 1.36283
-0.25383 -0.25383 1.32643
-0.17014 -0.17014 1.28212
-0.08535 -0.08535 1.23295
-0.00000 -0.00000 1.18180
-0.00000 -0.00000 -1.11631
-0.07839 -0.09178 -1.08005
-0.15627 -0.18297 -1.04785
-0.23313 -0.27297 -1.02045
-0.30849 -0.36119 -0.99787
-0.38184 -0.44708 -0.97944
-0.45272 -0.53007 -0.96385
-0.52066 -0.60962 -0.94923
-0.58523 -0.68521 -0.93328
-0.64600 -0.75636 -0.91344
-0.70258 -0.82261 -0.88704
-0.75460 -0.88352 -0.85151
-0.80173 -0.93870 -0.80450
-0.84366 -0.98780 -0.74411
-0.88012 -1.03048 -0.66899
-0.91087 -1.06649 -0.57846
-0.93571 -1.09558 -0.47259
-0.95448 -1.11756 -0.35221
-0.96707 -1.13229 -0.21893
-0.97338 -1.13968 -0.07504
-0.97338 -1.13968 0.07656
-0.96707 -1.13229 0.23249
-0.95448 -1.11756 0.38908
-0.93571 -1.09558 0.54251
-0.91087 -1.06649 0.68904
-0.88012 -1.03048 0.82514
-0.84366 -0.98780 0.94773
-0.80173 -0.93870 1.05427
-0.75460 -0.88352 1.14290
-0.70258 -0.82261 1.21253
-0.64600 -0.75636 1.26286
-0.58523 -0.68521 1.29437
-0.52066 -0.60962 1.30830
-0.45272 -0.53007 1.30653
-0.38184 -0.44708 1.29145
-0.30849 -0.36119 1.26583
-0.23313 -0.27297 1.23264
-0.15627 -0.18297 1.19484
-0.07839 -0.09178 1.15524
-0.00000 -0.00000 1.11631
-0.00000 -0.00000 -1.07202
-0.07095 -0.09765 -1.05184
-0.14143 -0.19466 -1.03642
-0.21100 -0.29042 -1.02573
-0.27920 -0.38428 -1.01903
-0.34559 -0.47566 -1.01496
-0.40974 -0.56395 -1.01158
-0.47123 -0.64859 -1.00654
-0.52966 -0.72902 -0.99719
-0.58466 -0.80472 -0.98083
-0.63587 -0.87520 -0.95477
-0.68295 -0.94000 -0.91664
-0.72561 -0.99871 -0.86445
-0.76356 -1.05094 -0.79678
-0.79655 -1.09636 -0.71290
-0.82438 -1.13467 -0.61280
-0.84687 -1.16561 -0.49729
-0.86386 -1.18900 -0.36789
-0.87525 -1.20468 -0.22688
-0.88096 -1.21254 -0.07713
-0.88096 -1.21254 0.07803
-0.87525 -1.20468 0.23490
-0.86386 -1.18900 0.38970
-0.84687 -1.16561 0.53864
-0.82438 -1.13467 0.67820
-0.79655 -1.09636 0.80525
-0.76356 -1.05094 0.91721
-0.72561 -0.99871 1.01217
-0.68295 -0.94000 1.08898
-0.63587 -0.87520 1.14727
-0.58466 -0.80472 1.18748
-0.52966 -0.72902 1.21075
-0.47123 -0.64859 1.21890
-0.40974 -0.56395 1.21425
-0.34559 -0.47566 1.19949
-0.27920 -0.38428 1.17751
-0.21100 -0.29042 1.15122
-0.14143 -0.19466 1.12335
-0.07095 -0.09765 1.09631
-0.00000 -0.00000 1.07202
-0.00000 -0.00000 -1.05139
-0.06307 -0.10291 -1.04812
-0.12572 -0.20516 -1.04952
-0.18756 -0.30608 -1.05480
-0.24819 -0.40501 -1.06250
-0.30720 -0.50131 -1.07065
-0.36423 -0.59436 -1.07680
-0.41889 -0.68356 -1.07828
-0.47083 -0.76833 -1.07227
-0.51972 -0.84811 -1.05606
-0.56524 -0.92239 -1.02716
-0.60709 -0.99069 -0.98354
-0.64501 -1.05256 -0.92371
-0.67875 -1.10761 -0.84686
-0.70808 -1.15548 -0.75294
-0.73282 -1.19585 -0.64268
-0.75280 -1.22846 -0.51757
-0.76791 -1.25311 -0.37982
-0.77803 -1.26964 -0.23229
-0.78311 -1.27792 -0.07829
-0.78311 -1.27792 0.07852
-0.77803 -1.26964 0.23433
-0.76791 -1.25311 0.38536
-0.75280 -1.22846 0.52807
-0.73282 -1.19585 0.65928
-0.70808 -1.15548 0.77639
-0.67875 -1.10761 0.87744
-0.64501 -1.05256 0.96122
-0.60709 -0.99069 1.02730
-0.56524 -0.92239 1.07604
-0.51972 -0.84811 1.10853
-0.47083 -0.76833 1.12650
-0.41889 -0.68356 1.13220
-0.36423 -0.59436 1.12826
-0.30720 -0.50131 1.11750
-0.24819 -0.40501 1.10274
-0.18756 -0.30608 1.08666
-0.12572 -0.20516 1.07160
-0.06307 -0.10291 1.05941
-0.00000 -0.00000 1.05139
-0.00000 -0.00000 -1.05554
-0.05480 -0.10754 -1.06911
-0.10924 -0.21439 -1.08645
-0.16297 -0.31985 -1.10606
-0.21565 -0.42323 -1.12588
-0.26692 -0.52387 -1.14343
-0.31647 -0.62111 -1.15592
-0.36396 -0.71432 -1.16050
-0.40910 -0.80290 -1.15436
-0.45158 -0.88627 -1.13497
-0.49113 -0.96389 -1.10021
-0.52749 -1.03527 -1.04852
-0.56044 -1.09993 -0.97902
-0.58975 -1.15745 -0.89160
-0.61524 -1.20747 -0.78692
-0.63673 -1.24966 -0.66643
-0.65410 -1.28374 -0.53231
-0.66722 -1.30950 -0.38735
-0.67602 -1.32677 -0.23485
-0.68043 -1.33543 -0.07847
-0.68043 -1.33543 0.07801
-0.67602 -1.32677 0.23079
-0.66722 -1.30950 0.37631
-0.65410 -1.28374 0.51137
-0.63673 -1.24966 0.63333
-0.61524 -1.20747 0.74017
-0.58975 -1.15745 0.83063
-0.56044 -1.09993 0.90424
-0.52749 -1.03527 0.96127
-0.49113 -0.96389 1.00276
-0.45158 -0.88627 1.03036
-0.40910 -0.80290 1.04625
-0.36396 -0.71432 1.05299
-0.31647 -0.62111 1.05332
-0.26692 -0.52387 1.05001
-0.21565 -0.42323 1.04566
-0.16297 -0.31985 1.04254
-0.10924 -0.21439 1.04245
-0.05480 -0.10754 1.04660
-0.00000 -0.00000 1.05554
-0.00000 -0.00000 -1.08425
-0.04619 -0.11151 -1.11364
-0.09208 -0.22230 -1.14516
-0.13737 -0.33165 -1.17669
-0.18178 -0.43884 -1.20567
-0.22500 -0.54319 -1.22928
-0.26676 -0.64402 -1.24456
-0.30680 -0.74067 -1.24864
-0.34484 -0.83252 -1.23893
-0.38065 -0.91897 -1.21322
-0.41399 -0.99946 -1.16988
-0.44464 -1.07346 -1.10797
-0.47241 -1.14051 -1.02731
-0.49712 -1.20015 -0.92850
-0.51860 -1.25202 -0.81294
-0.53672 -1.29576 -0.68275
-0.55136 -1.33110 -0.54069
-0.56242 -1.35781 -0.39005
-0.56984 -1.37572 -0.23443
-0.57356 -1.38470 -0.07764
-0.57356 -1.38470 0.07653
-0.56984 -1.37572 0.22449
-0.56242 -1.35781 0.36304
-0.55136 -1.33110 0.48948
-0.53672 -1.29576 0.60176
-0.51860 -1.25202 0.69857
-0.49712 -1.20015 0.77937
-0.47241 -1.14051 0.84438
-0.44464 -1.07346 0.89455
-0.41399 -0.99946 0.93149
-0.38065 -0.91897 0.95730
-0.34484 -0.83252 0.97446
-0.30680 -0.74067 0.98565
-0.26676 -0.64402 0.99358
-0.22500 -0.54319 1.00076
-0.18178 -0.43884 1.00942
-0.13737 -0.33165 1.02128
-0.09208 -0.22230 1.03751
-0.04619 -0.11151 1.05857
-0.00000 -0.00000 1.08425
-0.00000 -0.00000 -1.13594
-0.03730 -0.11479 -1.17925
-0.07435 -0.22884 -1.22240
-0.11093 -0.34140 -1.26277
-0.14678 -0.45175 -1.29746
-0.18169 -0.55917 -1.32345
-0.21541 -0.66297 -1.33781
-0.24774 -0.76246 -1.33785
-0.27846 -0.85701 -1.32130
-0.30737 -0.94600 -1.28646
-0.33430 -1.02886 -1.23232
-0.35905 -1.10504 -1.15863
-0.38147 -1.17406 -1.06592
-0.40142 -1.23546 -0.95555
-0.41877 -1.28885 -0.82958
-0.43340 -1.33388 -0.69073
-0.44522 -1.37026 -0.54226
-0.45416 -1.39775 -0.38777
-0.46015 -1.41618 -0.23104
-0.46315 -1.42543 -0.07587
-0.46315 -1.42543 0.07415
-0.46015 -1.41618 0.21578
-0.45416 -1.39775 0.34629
-0.44522 -1.37026 0.46360
-0.43340 -1.33388 0.56634
-0.41877 -1.28885 0.65391
-0.40142 -1.23546 0.72648
-0.38147 -1.17406 0.78494
-0.35905 -1.10504 0.83082
-0.33430 -1.02886 0.86616
-0.30737 -0.94600 0.89338
-0.27846 -0.85701 0.91508
-0.24774 -0.76246 0.93391
-0.21541 -0.66297 0.95232
-0.18169 -0.55917 0.97246
-0.14678 -0.45175 0.99602
-0.11093 -0.34140 1.02407
-0.07435 -0.22884 1.05705
-0.03730 -0.11479 1.09467
-0.00000 -0.00000 1.13594
-0.00000 -0.00000 -1.20775
-0.02818 -0.11736 -1.26232
-0.05617 -0.23397 -1.31391
-0.08380 -0.34906 -1.35956
-0.11089 -0.46188 -1.39617
-0.13725 -0.57170 -1.42075
-0.16273 -0.67782 -1.43054
-0.18715 -0.77955 -1.42318
-0.21036 -0.87622 -1.39692
-0.23220 -0.96720 -1.35066
-0.25254 -1.05191 -1.28408
-0.27124 -1.12980 -1.19768
-0.28818 -1.20037 -1.09272
-0.30325 -1.26315 -0.97123
-0.31636 -1.31773 -0.83590
-0.32741 -1.36377 -0.68994
-0.33634 -1.40097 -0.53693
-0.34309 -1.42908 -0.38065
-0.34761 -1.44792 -0.22488
-0.34988 -1.45737 -0.07324
-0.34988 -1.45737 0.07102
-0.34761 -1.44792 0.20514
-0.34309 -1.42908 0.32699
-0.33634 -1.40097 0.43517
-0.32741 -1.36377 0.52902
-0.31636 -1.31773 0.60865
-0.30325 -1.26315 0.67489
-0.28818 -1.20037 0.72922
-0.27124 -1.12980 0.77360
-0.25254 -1.05191 0.81039
-0.23220 -0.96720 0.84214
-0.21036 -0.87622 0.87141
-0.18715 -0.77955 0.90061
-0.16273 -0.67782 0.93183
-0.13725 -0.57170 0.96668
-0.11089 -0.46188 1.00621
-0.08380 -0.34906 1.05076
-0.05617 -0.23397 1.10000
-0.02818 -0.11736 1.15289
-0.00000 -0.00000 1.20775
-0.00000 -0.00000 -1.29570
-0.01888 -0.11921 -1.35825
-0.03764 -0.23765 -1.41463
-0.05616 -0.35455 -1.46169
-0.07431 -0.46915 -1.49636
-0.09198 -0.58071 -1.51580
-0.10905 -0.68850 -1.51760
-0.12541 -0.79183 -1.49993
-0.14097 -0.89002 -1.46161
-0.15560 -0.98244 -1.40226
-0.16923 -1.06848 -1.32231
-0.18176 -1.14760 -1.22297
-0.19311 -1.21928 -1.10622
-0.20321 -1.28304 -0.97469
-0.21200 -1.33849 -0.83157
-0.21940 -1.38526 -0.68042
-0.22539 -1.42304 -0.52499
-0.22991 -1.45159 -0.36907
-0.23294 -1.47073 -0.21628
-0.23446 -1.48033 -0.06990
-0.23446 -1.48033 0.06730
-0.23294 -1.47073 0.19315
-0.22991 -1.45159 0.30620
-0.22539 -1.42304 0.40574
-0.21940 -1.38526 0.49185
-0.21200 -1.33849 0.56529
-0.20321 -1.28304 0.62746
-0.19311 -1.21928 0.68028
-0.18176 -1.14760 0.72606
-0.16923 -1.06848 0.76726
-0.15560 -0.98244 0.80640
-0.14097 -0.89002 0.84584
-0.12541 -0.79183 0.88760
-0.10905 -0.68850 0.93324
-0.09198 -0.58071 0.98374
-0.07431 -0.46915 1.03941
-0.05616 -0.35455 1.09986
-0.03764 -0.23765 1.16398
-0.01888 -0.11921 1.23003
-0.00000 -0.00000 1.29570
-0.00000 -0.00000 -1.39495
-0.00947 -0.12033 -1.46175
-0.01888 -0.23988 -1.51899
-0.02816 -0.35787 -1.56354
-0.03727 -0.47354 -1.59248
-0.04613 -0.58614 -1.60334
-0.05469 -0.69494 -1.59421
-0.06290 -0.79923 -1.56384
-0.07070 -0.89834 -1.51180
-0.07804 -0.99162 -1.43842
-0.08488 -1.07847 -1.34488
-0.09116 -1.15833 -1.23310
-0.09686 -1.23067 -1.10567
-0.10192 -1.29503 -0.96573
-0.10633 -1.35100 -0.81682
-0.11004 -1.39820 -0.66268
-0.11304 -1.43634 -0.50709
-0.11531 -1.46516 -0.35368
-0.11683 -1.48447 -0.20572
-0.11759 -1.49416 -0.06603
-0.11759 -1.49416 0.06320
-0.11683 -1.48447 0.18048
-0.11531 -1.46516 0.28506
-0.11304 -1.43634 0.37696
-0.11004 -1.39820 0.45690
-0.10633 -1.35100 0.52622
-0.10192 -1.29503 0.58679
-0.09686 -1.23067 0.64084
-0.09116 -1.15833 0.69081
-0.08488 -1.07847 0.73915
-0.07804 -0.99162 0.78815
-0.07070 -0.89834 0.83980
-0.06290 -0.79923 0.89560
-0.05469 -0.69494 0.95648
-0.04613 -0.58614 1.02270
-0.03727 -0.47354 1.09381
-0.02816 -0.35787 1.16866
-0.01888 -0.23988 1.24545
-0.00947 -0.12033 1.32182
-0.00000 -0.00000 1.39495
-0.00000 -0.00000 -1.50000
-0.00000 -0.12070 -1.56709
-0.00000 -0.24062 -1.62123
-0.00000 -0.35897 -1.65946
-0.00000 -0.47500 -1.67923
-0.00000 -0.58795 -1.67854
-0.00000 -0.69708 -1.65611
-0.00000 -0.80170 -1.61140
-0.00000 -0.90111 -1.54471
-0.00000 -0.99468 -1.45714
-0.00000 -1.08180 -1.35056
-0.00000 -1.16191 -1.22752
-0.00000 -1.23448 -1.09111
-0.00000 -1.29904 -0.94486
-0.00000 -1.35518 -0.79247
-0.00000 -1.40252 -0.63772
-0.00000 -1.44078 -0.48424
-0.00000 -1.46969 -0.33532
-0.00000 -1.48906 -0.19379
-0.00000 -1.49878 -0.06186
-0.00000 -1.49878 0.05894
-0.00000 -1.48906 0.16782
-0.00000 -1.46969 0.26476
-0.00000 -1.44078 0.35041
-0.00000 -1.40252 0.42609
-0.00000 -1.35518 0.49361
-0.00000 -1.29904 0.55514
-0.00000 -1.23448 0.61308
-0.00000 -1.16191 0.66982
-0.00000 -1.08180 0.72761
-0.00000 -0.99468 0.78839
-0.00000 -0.90111 0.85362
-0.00000 -0.80170 0.92417
-0.00000 -0.69708 1.00026
-0.00000 -0.58795 1.08140
-0.00000 -0.47500 1.16638
-0.00000 -0.35897 1.25336
-0.00000 -0.24062 1.33992
-0.00000 -0.12070 1.42318
-0.00000 -0.00000 1.50000
0.00000 -0.00000 -1.60505
0.00947 -0.12033 -1.66845
0.01888 -0.23988 -1.71570
0.02816 -0.35787 -1.74417
0.03727 -0.47354 -1.75180
0.04613 -0.58614 -1.73724
0.05469 -0.69494 -1.69989
0.06290 -0.79923 -1.63997
0.07070 -0.89834 -1.55853
0.07804 -0.99162 -1.45738
0.08488 -1.07847 -1.33902
0.09116 -1.15833 -1.20652
0.09686 -1.23067 -1.06335
0.10192 -1.29503 -0.91321
0.10633 -1.35100 -0.75986
0.11004 -1.39820 -0.60692
0.11304 -1.43634 -0.45769
0.11531 -1.46516 -0.31501
0.11683 -1.48447 -0.18113
0.11759 -1.49416 -0.05760
0.11759 -1.49416 0.05476
0.11683 -1.48447 0.15589
0.11531 -1.46516 0.24640
0.11304 -1.43634 0.32756
0.11004 -1.39820 0.40113
0.10633 -1.35100 0.46926
0.10192 -1.29503 0.53427
0.09686 -1.23067 0.59852
0.09116 -1.15833 0.66423
0.08488 -1.07847 0.73329
0.07804 -0.99162 0.80711
0.07070 -0.89834 0.88653
0.06290 -0.79923 0.97173
0.05469 -0.69494 1.06216
0.04613 -0.58614 1.15660
0.03727 -0.47354 1.25313
0.02816 -0.35787 1.34929
0.01888 -0.23988 1.44216
0.00947 -0.12033 1.52853
0.00000 -0.00000 1.60505
0.00000 -0.00000 -1.70430
0.01888 -0.11921 -1.76024
0.03764 -0.23765 -1.79717
0.05616 -0.35455 -1.81297
0.07431 -0.46915 -1.80620
0.09198 -0.58071 -1.77619
0.10905 -0.68850 -1.72312
0.12541 -0.79183 -1.64797
0.14097 -0.89002 -1.55249
0.15560 -0.98244 -1.43913
0.16923 -1.06848 -1.31091
0.18176 -1.14760 -1.17128
0.19311 -1.21928 -1.02391
0.20321 -1.28304 -0.87254
0.21200 -1.33849 -0.72079
0.21940 -1.38526 -0.57196
0.22539 -1.42304 -0.42891
0.22991 -1.45159 -0.29388
0.23294 -1.47073 -0.16846
0.23446 -1.48033 -0.05350
0.23446 -1.48033 0.05090
0.23294 -1.47073 0.14533
0.22991 -1.45159 0.23101
0.22539 -1.42304 0.30967
0.21940 -1.38526 0.38340
0.21200 -1.33849 0.45451
0.20321 -1.28304 0.52531
0.19311 -1.21928 0.59798
0.18176 -1.14760 0.67437
0.16923 -1.06848 0.75586
0.15560 -0.98244 0.84327
0.14097 -0.89002 0.93672
0.12541 -0.79183 1.03564
0.10905 -0.68850 1.13876
0.09198 -0.58071 1.24414
0.07431 -0.46915 1.34925
0.05616 -0.35455 1.45113
0.03764 -0.23765 1.54652
0.01888 -0.11921 1.63202
0.00000 -0.00000 1.70430
0.00000 -0.00000 -1.79225
0.02818 -0.11736 -1.83738
0.05617 -0.23397 -1.86115
0.08380 -0.34906 -1.86207
0.11089 -0.46188 -1.83940
0.13725 -0.57170 -1.79325
0.16273 -0.67782 -1.72454
0.18715 -0.77955 -1.63496
0.21036 -0.87622 -1.52692
0.23220 -0.96720 -1.40339
0.25254 -1.05191 -1.26778
0.27124 -1.12980 -1.12373
0.28818 -1.20037 -0.97498
0.30325 -1.26315 -0.82511
0.31636 -1.31773 -0.67743
0.32741 -1.36377 -0.53480
0.33634 -1.40097 -0.39949
0.34309 -1.42908 -0.27309
0.34761 -1.44792 -0.15647
0.34988 -1.45737 -0.04978
0.34988 -1.45737 0.04756
0.34761 -1.44792 0.13673
0.34309 -1.42908 0.21943
0.33634 -1.40097 0.29772
0.32741 -1.36377 0.37387
0.31636 -1.31773 0.45017
0.30325 -1.26315 0.52877
0.28818 -1.20037 0.61148
0.27124 -1.12980 0.69966
0.25254 -1.05191 0.79409
0.23220 -0.96720 0.89487
0.21036 -0.87622 1.00141
0.18715 -0.77955 1.11239
0.16273 -0.67782 1.22583
0.13725 -0.57170 1.33918
0.11089 -0.46188 1.44943
0.08380 -0.34906 1.55327
0.05617 -0.23397 1.64724
0.02818 -0.11736 1.72796
0.00000 -0.00000 1.79225
0.00000 -0.00000 -1.86406
0.03730 -0.11479 -1.89561
0.07435 -0.22884 -1.90410
0.11093 -0.34140 -1.88875
0.14678 -0.45175 -1.84959
0.18169 -0.55917 -1.78748
0.21541 -0.66297 -1.70405
0.24774 -0.76246 -1.60166
0.27846 -0.85701 -1.48324
0.30737 -0.94600 -1.35215
0.33430 -1.02886 -1.21201
0.35905 -1.10504 -1.06652
0.38147 -1.17406 -0.91925
0.40142 -1.23546 -0.77352
0.41877 -1.28885 -0.63217
0.43340 -1.33388 -0.49747
0.44522 -1.37026 -0.37105
0.45416 -1.39775 -0.25378
0.46015 -1.41618 -0.14583
0.46315 -1.42543 -0.04664
0.46315 -1.42543 0.04493
0.46015 -1.41618 0.13057
0.45416 -1.39775 0.21231
0.44522 -1.37026 0.29239
0.43340 -1.33388 0.37308
0.41877 -1.28885 0.45650
0.40142 -1.23546 0.54445
0.38147 -1.17406 0.63827
0.35905 -1.10504 0.73871
0.33430 -1.02886 0.84585
0.30737 -0.94600 0.95907
0.27846 -0.85701 1.07703
0.24774 -0.76246 1.19772
0.21541 -0.66297 1.31856
0.18169 -0.55917 1.43648
0.14678 -0.45175 1.54815
0.11093 -0.34140 1.65005
0.07435 -0.22884 1.73875
0.03730 -0.11479 1.81102
0.00000 -0.00000 1.86406
0.00000 -0.00000 -1.91575
0.04619 -0.11151 -1.93170
0.09208 -0.22230 -1.92365
0.13737 -0.33165 -1.89154
0.18178 -0.43884 -1.83619
0.22500 -0.54319 -1.75918
0.26676 -0.64402 -1.66279
0.30680 -0.74067 -1.54992
0.34484 -0.83252 -1.42387
0.38065 -0.91897 -1.28824
0.41399 -0.99946 -1.14669
0.44464 -1.07346 -1.00278
0.47241 -1.14051 -0.85982
0.49712 -1.20015 -0.72063
0.51860 -1.25202 -0.58750
0.53672 -1.29576 -0.46205
0.55136 -1.33110 -0.34517
0.56242 -1.35781 -0.23703
0.56984 -1.37572 -0.13712
0.57356 -1.38470 -0.04427
0.57356 -1.38470 0.04315
0.56984 -1.37572 0.12718
0.56242 -1.35781 0.21003
0.55136 -1.33110 0.29396
0.53672 -1.29576 0.38106
0.51860 -1.25202 0.47314
0.49712 -1.20015 0.57150
0.47241 -1.14051 0.67688
0.44464 -1.07346 0.78936
0.41399 -0.99946 0.90829
0.38065 -0.91897 1.03232
0.34484 -0.83252 1.15940
0.30680 -0.74067 1.28693
0.26676 -0.64402 1.41181
0.22500 -0.54319 1.53066
0.18178 -0.43884 1.63994
0.13737 -0.33165 1.73614
0.09208 -0.22230 1.81599
0.04619 -0.11151 1.87663
0.00000 -0.00000 1.91575
0.00000 -0.00000 -1.94446
0.05480 -0.10754 -1.94367
0.10924 -0.21439 -1.91871
0.16297 -0.31985 -1.87029
0.21565 -0.42323 -1.79995
0.26692 -0.52387 -1.70993
0.31647 -0.62111 -1.60304
0.36396 -0.71432 -1.48258
0.40910 -0.80290 -1.35208
0.45158 -0.88627 -1.21517
0.49113 -0.96389 -1.07541
0.52749 -1.03527 -0.93606
0.56044 -1.09993 -0.79996
0.58975 -1.15745 -0.66937
0.61524 -1.20747 -0.54591
0.63673 -1.24966 -0.43049
0.65410 -1.28374 -0.32328
0.66722 -1.30950 -0.22377
0.67602 -1.32677 -0.13082
0.68043 -1.33543 -0.04279
0.68043 -1.33543 0.04233
0.67602 -1.32677 0.12676
0.66722 -1.30950 0.21273
0.65410 -1.28374 0.30235
0.63673 -1.24966 0.39738
0.61524 -1.20747 0.49916
0.58975 -1.15745 0.60840
0.56044 -1.09993 0.72518
0.52749 -1.03527 0.84882
0.49113 -0.96389 0.97796
0.45158 -0.88627 1.11056
0.40910 -0.80290 1.24397
0.36396 -0.71432 1.37507
0.31647 -0.62111 1.50045
0.26692 -0.52387 1.61651
0.21565 -0.42323 1.71973
0.16297 -0.31985 1.80676
0.10924 -0.21439 1.87470
0.05480 -0.10754 1.92116
0.00000 -0.00000 1.94446
0.00000 -0.00000 -1.94861
0.06307 -0.10291 -1.93086
0.12572 -0.20516 -1.88955
0.18756 -0.30608 -1.82617
0.24819 -0.40501 -1.74287
0.30720 -0.50131 -1.64244
0.36423 -0.59436 -1.52811
0.41889 -0.68356 -1.40337
0.47083 -0.76833 -1.27183
0.51972 -0.84811 -1.13701
0.56524 -0.92239 -1.00214
0.60709 -0.99069 -0.87004
0.64501 -1.05256 -0.74298
0.67875 -1.10761 -0.62256
0.70808 -1.15548 -0.50968
0.73282 -1.19585 -0.40453
0.75280 -1.22846 -0.30659
0.76791 -1.25311 -0.21472
0.77803 -1.26964 -0.12728
0.78311 -1.27792 -0.04228
0.78311 -1.27792 0.04251
0.77803 -1.26964 0.12932
0.76791 -1.25311 0.22025
0.75280 -1.22846 0.31709
0.73282 -1.19585 0.42114
0.70808 -1.15548 0.53313
0.67875 -1.10761 0.65314
0.64501 -1.05256 0.78048
0.60709 -0.99069 0.91379
0.56524 -0.92239 1.05101
0.51972 -0.84811 1.18948
0.47083 -0.76833 1.32606
0.41889 -0.68356 1.45729
0.36423 -0.59436 1.57956
0.30720 -0.50131 1.68929
0.24819 -0.40501 1.78311
0.18756 -0.30608 1.85803
0.12572 -0.20516 1.91163
0.06307 -0.10291 1.94215
0.00000 -0.00000 1.94861
0.00000 -0.00000 -1.92798
0.07095 -0.09765 -1.89397
0.14143 -0.19466 -1.83780
0.21100 -0.29042 -1.76161
0.27920 -0.38428 -1.66810
0.34559 -0.47566 -1.56045
0.40974 -0.56395 -1.44212
0.47123 -0.64859 -1.31667
0.52966 -0.72902 -1.18757
0.58466 -0.80472 -1.05805
0.63587 -0.87520 -0.93090
0.68295 -0.94000 -0.80836
0.72561 -0.99871 -0.69203
0.76356 -1.05094 -0.58279
0.79655 -1.09636 -0.48083
0.82438 -1.13467 -0.38561
0.84687 -1.16561 -0.29601
0.86386 -1.18900 -0.21038
0.87525 -1.20468 -0.12671
0.88096 -1.21254 -0.04277
0.88096 -1.21254 0.04367
0.87525 -1.20468 0.13473
0.86386 -1.18900 0.23219
0.84687 -1.16561 0.33737
0.82438 -1.13467 0.45101
0.79655 -1.09636 0.57318
0.76356 -1.05094 0.70322
0.72561 -0.99871 0.83975
0.68295 -0.94000 0.98070
0.63587 -0.87520 1.12340
0.58466 -0.80472 1.26471
0.52966 -0.72902 1.40113
0.47123 -0.64859 1.52903
0.40974 -0.56395 1.64479
0.34559 -0.47566 1.74498
0.27920 -0.38428 1.82658
0.21100 -0.29042 1.88710
0.14143 -0.19466 1.92473
0.07095 -0.09765 1.93843
0.00000 -0.00000 1.92798
0.00000 -0.00000 -1.88369
0.07839 -0.09178 -1.83503
0.15627 -0.18297 -1.76631
0.23313 -0.27297 -1.68019
0.30849 -0.36119 -1.57978
0.38184 -0.44708 -1.46849
0.45272 -0.53007 -1.34984
0.52066 -0.60962 -1.22727
0.58523 -0.68521 -1.10396
0.64600 -0.75636 -0.98267
0.70258 -0.82261 -0.86564
0.75460 -0.88352 -0.75443
0.80173 -0.93870 -0.64992
0.84366 -0.98780 -0.55227
0.88012 -1.03048 -0.46093
0.91087 -1.06649 -0.37478
0.93571 -1.09558 -0.29214
0.95448 -1.11756 -0.21100
0.96707 -1.13229 -0.12912
0.97338 -1.13968 -0.04424
0.97338 -1.13968 0.04576
0.96707 -1.13229 0.14268
0.95448 -1.11756 0.24787
0.93571 -1.09558 0.36207
0.91087 -1.06649 0.48536
0.88012 -1.03048 0.61709
0.84366 -0.98780 0.75589
0.80173 -0.93870 0.89969
0.75460 -0.88352 1.04583
0.70258 -0.82261 1.19113
0.64600 -0.75636 1.33209
0.58523 -0.68521 1.46505
0.52066 -0.60962 1.58634
0.45272 -0.53007 1.69252
0.38184 -0.44708 1.78049
0.30849 -0.36119 1.84774
0.23313 -0.27297 1.89237
0.15627 -0.18297 1.91330
0.07839 -0.09178 1.91022
0.00000 -0.00000 1.88369
0.00000 -0.00000 -1.81820
0.08535 -0.08535 -1.75732
0.17014 -0.17014 -1.67903
0.25383 -0.25383 -1.58640
0.33588 -0.33588 -1.48278
0.41574 -0.41574 -1.37163
0.49291 -0.49291 -1.25636
0.56689 -0.56689 -1.14010
0.63718 -0.63718 -1.02560
0.70335 -0.70335 -0.91504
0.76495 -0.76495 -0.80997
0.82159 -0.82159 -0.71124
0.87291 -0.87291 -0.61899
0.91856 -0.91856 -0.53267
0.95825 -0.95825 -0.45110
0.99173 -0.99173 -0.37263
1.01878 -1.01878 -0.29519
1.03922 -1.03922 -0.21654
1.05293 -1.05293 -0.13439
1.05980 -1.05980 -0.04660
1.05980 -1.05980 0.04866
1.05293 -1.05293 0.15274
1.03922 -1.03922 0.26643
1.01878 -1.01878 0.38982
0.99173 -0.99173 0.52227
0.95825 -0.95825 0.66243
0.91856 -0.91856 0.80823
0.87291 -0.87291 0.95701
0.82159 -0.82159 1.10559
0.76495 -0.76495 1.25046
0.70335 -0.70335 1.38791
0.63718 -0.63718 1.51428
0.56689 -0.56689 1.62605
0.49291 -0.49291 1.72011
0.41574 -0.41574 1.79388
0.33588 -0.33588 1.84541
0.25383 -0.25383 1.87355
0.17014 -0.17014 1.87795
0.08535 -0.08535 1.85907
0.00000 -0.00000 1.81820
0.00000 -0.00000 -1.73512
0.09178 -0.07839 -1.66511
0.18297 -0.15627 -1.58078
0.27297 -0.23313 -1.48543
0.36119 -0.30849 -1.38246
0.44708 -0.38184 -1.27524
0.53007 -0.45272 -1.16685
0.60962 -0.52066 -1.06000
0.68521 -0.58523 -0.95683
0.75636 -0.64600 -0.85888
0.82261 -0.70258 -0.76695
0.88352 -0.75460 -0.68117
0.93870 -0.80173 -0.60094
0.98780 -0.84366 -0.52508
1.03048 -0.88012 -0.45188
1.06649 -0.91087 -0.37928
1.09558 -0.93571 -0.30498
1.11756 -0.95448 -0.22669
1.13229 -0.96707 -0.14222
1.13968 -0.97338 -0.04972
1.13968 -0.97338 0.05221
1.13229 -0.96707 0.16436
1.11756 -0.95448 0.28685
1.09558 -0.93571 0.41909
1.06649 -0.91087 0.55972
1.03048 -0.88012 0.70670
0.98780 -0.84366 0.85736
0.93870 -0.80173 1.00853
0.88352 -0.75460 1.15668
0.82261 -0.70258 1.29810
0.75636 -0.64600 1.42908
0.68521 -0.58523 1.54609
0.60962 -0.52066 1.64596
0.53007 -0.45272 1.72605
0.44708 -0.38184 1.78439
0.36119 -0.30849 1.81974
0.27297 -0.23313 1.83168
0.18297 -0.15627 1.82064
0.09178 -0.07839 1.78781
0.00000 -0.00000 1.73512
0.00000 -0.00000 -1.63906
0.09765 -0.07095 -1.56352
0.19466 -0.14143 -1.47700
0.29042 -0.21100 -1.38285
0.38428 -0.27920 -1.28438
0.47566 -0.34559 -1.18463
0.56395 -0.40974 -1.08626
0.64859 -0.47123 -0.99137
0.72902 -0.52966 -0.90146
0.80472 -0.58466 -0.81730
0.87520 -0.63587 -0.73898
0.94000 -0.68295 -0.66588
0.99871 -0.72561 -0.59677
1.05094 -0.76356 -0.52992
1.09636 -0.79655 -0.46322
1.13467 -0.82438 -0.39436
1.16561 -0.84687 -0.32099
1.18900 -0.86386 -0.24089
1.20468 -0.87525 -0.15219
1.21254 -0.88096 -0.05343
1.21254 -0.88096 0.05620
1.20468 -0.87525 0.17688
1.18900 -0.86386 0.30800
1.16561 -0.84687 0.44827
1.13467 -0.82438 0.59563
1.09636 -0.79655 0.74745
1.05094 -0.76356 0.90055
0.99871 -0.72561 1.05140
0.94000 -0.68295 1.19628
0.87520 -0.63587 1.33144
0.80472 -0.58466 1.45332
0.72902 -0.52966 1.55873
0.64859 -0.47123 1.64497
0.56395 -0.40974 1.71000
0.47566 -0.34559 1.75255
0.38428 -0.27920 1.77212
0.29042 -0.21100 1.76907
0.19466 -0.14143 1.74454
0.09765 -0.07095 1.70038
0.00000 -0.00000 1.63906
0.00000 -0.00000 -1.53531
0.10291 -0.06307 -1.45814
0.20516 -0.12572 -1.37341
0.30608 -0.18756 -1.28434
0.40501 -0.24819 -1.19395
0.50131 -0.30720 -1.10482
0.59436 -0.36423 -1.01903
0.68356 -0.41889 -0.93802
0.76833 -0.47083 -0.86254
0.84811 -0.51972 -0.79261
0.92239 -0.56524 -0.72759
0.99069 -0.60709 -0.66621
1.05256 -0.64501 -0.60670
1.10761 -0.67875 -0.54692
1.15548 -0.70808 -0.48450
1.19585 -0.73282 -0.41705
1.22846 -0.75280 -0.34232
1.25311 -0.76791 -0.25837
1.26964 -0.77803 -0.16373
1.27792 -0.78311 -0.05753
1.27792 -0.78311 0.06044
1.26964 -0.77803 0.18961
1.25311 -0.76791 0.32871
1.22846 -0.75280 0.47573
1.19585 -0.73282 0.62803
1.15548 -0.70808 0.78244
1.10761 -0.67875 0.93543
1.05256 -0.64501 1.08327
0.99069 -0.60709 1.22219
0.92239 -0.56524 1.34861
0.84811 -0.51972 1.45929
0.76833 -0.47083 1.55150
0.68356 -0.41889 1.62313
0.59436 -0.36423 1.67285
0.50131 -0.30720 1.70012
0.40501 -0.24819 1.70521
0.30608 -0.18756 1.68919
0.20516 -0.12572 1.65385
0.10291 -0.06307 1.60160
0.00000 -0.00000 1.53531
0.00000 -0.00000 -1.42960
0.10754 -0.05480 -1.35481
0.21439 -0.10924 -1.27574
0.31985 -0.16297 -1.19534
0.42323 -0.21565 -1.11616
0.52387 -0.26692 -1.04021
0.62111 -0.31647 -0.96889
0.71432 -0.36396 -0.90290
0.80290 -0.40910 -0.84222
0.88627 -0.45158 -0.78616
0.96389 -0.49113 -0.73341
1.03527 -0.52749 -0.68216
1.09993 -0.56044 -0.63020
1.15745 -0.58975 -0.57514
1.20747 -0.61524 -0.51453
1.24966 -0.63673 -0.44608
1.28374 -0.65410 -0.36779
1.30950 -0.66722 -0.27815
1.32677 -0.67602 -0.17622
1.33543 -0.68043 -0.06178
1.33543 -0.68043 0.06466
1.32677 -0.67602 0.20186
1.30950 -0.66722 0.34784
1.28374 -0.65410 0.49997
1.24966 -0.63673 0.65511
1.20747 -0.61524 0.80972
1.15745 -0.58975 0.96006
1.09993 -0.56044 1.10235
1.03527 -0.52749 1.23299
0.96389 -0.49113 1.34869
0.88627 -0.45158 1.44667
0.80290 -0.40910 1.52480
0.71432 -0.36396 1.58166
0.62111 -0.31647 1.61666
0.52387 -0.26692 1.63000
0.42323 -0.21565 1.62269
0.31985 -0.16297 1.59644
0.21439 -0.10924 1.55359
0.10754 -0.05480 1.49694
0.00000 -0.00000 1.42960
0.00000 -0.00000 -1.32779
0.11151 -0.04619 -1.25924
0.22230 -0.09208 -1.18940
0.33165 -0.13737 -1.12077
0.43884 -0.18178 -1.05532
0.54319 -0.22500 -0.99438
0.64402 -0.26676 -0.93860
0.74067 -0.30680 -0.88793
0.83252 -0.34484 -0.84162
0.91897 -0.38065 -0.79831
0.99946 -0.41399 -0.75613
1.07346 -0.44464 -0.71283
1.14051 -0.47241 -0.66596
1.20015 -0.49712 -0.61303
1.25202 -0.51860 -0.55167
1.29576 -0.53672 -0.47985
1.33110 -0.55136 -0.39600
1.35781 -0.56242 -0.29913
1.37572 -0.56984 -0.18897
1.38470 -0.57356 -0.06596
1.38470 -0.57356 0.06866
1.37572 -0.56984 0.21295
1.35781 -0.56242 0.36432
1.33110 -0.55136 0.51964
1.29576 -0.53672 0.67538
1.25202 -0.51860 0.82778
1.20015 -0.49712 0.97308
1.14051 -0.47241 1.10761
1.07346 -0.44464 1.22808
0.99946 -0.41399 1.33165
0.91897 -0.38065 1.41615
0.83252 -0.34484 1.48010
0.74067 -0.30680 1.52285
0.64402 -0.26676 1.54452
0.54319 -0.22500 1.54607
0.43884 -0.18178 1.52912
0.33165 -0.13737 1.49595
0.22230 -0.09208 1.44929
0.11151 -0.04619 1.39218
0.00000 -0.00000 1.32779
0.00000 -0.00000 -1.23550
0.11479 -0.03730 -1.17669
0.22884 -0.07435 -1.11914
0.34140 -0.11093 -1.06474
0.45175 -0.14678 -1.01478
0.55917 -0.18169 -0.96985
0.66297 -0.21541 -0.92985
0.76246 -0.24774 -0.89396
0.85701 -0.27846 -0.86078
0.94600 -0.30737 -0.82839
1.02886 -0.33430 -0.79448
1.10504 -0.35905 -0.75654
1.17406 -0.38147 -0.71201
1.23546 -0.40142 -0.65848
1.28885 -0.41877 -0.59386
1.33388 -0.43340 -0.51651
1.37026 -0.44522 -0.42539
1.39775 -0.45416 -0.32017
1.41618 -0.46015 -0.20126
1.42543 -0.46315 -0.06984
1.42543 -0.46315 0.07219
1.41618 -0.46015 0.22226
1.39775 -0.45416 0.37726
1.37026 -0.44522 0.53366
1.33388 -0.43340 0.68772
1.28885 -0.41877 0.83564
1.23546 -0.40142 0.97377
1.17406 -0.38147 1.09875
1.10504 -0.35905 1.20772
1.02886 -0.33430 1.29845
0.94600 -0.30737 1.36942
0.85701 -0.27846 1.41989
0.76246 -0.24774 1.44994
0.66297 -0.21541 1.46043
0.55917 -0.18169 1.45295
0.45175 -0.14678 1.42968
0.34140 -0.11093 1.39328
0.22884 -0.07435 1.34673
0.11479 -0.03730 1.29311
0.00000 -0.00000 1.23550
0.00000 -0.00000 -1.15782
0.11736 -0.02818 -1.11175
0.23397 -0.05617 -1.06886
0.34906 -0.08380 -1.03036
0.46188 -0.11089 -0.99679
0.57170 -0.13725 -0.96799
0.67782 -0.16273 -0.94310
0.77955 -0.18715 -0.92064
0.87622 -0.21036 -0.89864
0.96720 -0.23220 -0.87473
1.05191 -0.25254 -0.84635
1.12980 -0.27124 -0.81086
1.20037 -0.28818 -0.76580
1.26315 -0.30325 -0.70900
1.31773 -0.31636 -0.63877
1.36377 -0.32741 -0.55401
1.40097 -0.33634 -0.45433
1.42908 -0.34309 -0.34009
1.44792 -0.34761 -0.21242
1.45737 -0.34988 -0.07319
1.45737 -0.34988 0.07508
1.44792 -0.34761 0.22928
1.42908 -0.34309 0.38592
1.40097 -0.33634 0.54125
1.36377 -0.32741 0.69145
1.31773 -0.31636 0.83286
1.26315 -0.30325 0.96209
1.20037 -0.28818 1.07626
1.12980 -0.27124 1.17305
1.05191 -0.25254 1.25092
0.96720 -0.23220 1.30905
0.87622 -0.21036 1.34747
0.77955 -0.18715 1.36696
0.67782 -0.16273 1.36904
0.57170 -0.13725 1.35581
0.46188 -0.11089 1.32986
0.34906 -0.08380 1.29410
0.23397 -0.05617 1.25155
0.11736 -0.02818 1.20521
0.00000 -0.00000 1.15782
0.00000 -0.00000 -1.09905
0.11921 -0.01888 -1.06799
0.23765 -0.03764 -1.04133
0.35455 -0.05616 -1.01952
0.46915 -0.07431 -1.00235
0.58071 -0.09198 -0.98890
0.68850 -0.10905 -0.97763
0.79183 -0.12541 -0.96651
0.89002 -0.14097 -0.95311
0.98244 -0.15560 -0.93479
1.06848 -0.16923 -0.90886
1.14760 -0.18176 -0.87280
1.21928 -0.19311 -0.82435
1.28304 -0.20321 -0.76178
1.33849 -0.21200 -0.68391
1.38526 -0.21940 -0.59029
1.42304 -0.22539 -0.48123
1.45159 -0.22991 -0.35780
1.47073 -0.23294 -0.22184
1.48033 -0.23446 -0.07583
1.48033 -0.23446 0.07715
1.47073 -0.23294 0.23362
1.45159 -0.22991 0.38984
1.42304 -0.22539 0.54199
1.38526 -0.21940 0.68637
1.33849 -0.21200 0.81959
1.28304 -0.20321 0.93870
1.21928 -0.19311 1.04138
1.14760 -0.18176 1.12599
1.06848 -0.16923 1.19168
0.98244 -0.15560 1.23839
0.89002 -0.14097 1.26686
0.79183 -0.12541 1.27851
0.68850 -0.10905 1.27538
0.58071 -0.09198 1.25999
0.46915 -0.07431 1.23517
0.35455 -0.05616 1.20389
0.23765 -0.03764 1.16904
0.11921 -0.01888 1.13332
0.00000 -0.00000 1.09905
0.00000 -0.00000 -1.06243
0.12033 -0.00947 -1.04784
0.23988 -0.01888 -1.03807
0.35787 -0.02816 -1.03282
0.47354 -0.03727 -1.03114
0.58614 -0.04613 -1.03141
0.69494 -0.05469 -1.03154
0.79923 -0.06290 -1.02903
0.89834 -0.07070 -1.02118
0.99162 -0.07804 -1.00523
1.07847 -0.08488 -0.97858
1.15833 -0.09116 -0.93893
1.23067 -0.09686 -0.88444
1.29503 -0.10192 -0.81390
1.35100 -0.10633 -0.72679
1.39820 -0.11004 -0.62335
1.43634 -0.11304 -0.50460
1.46516 -0.11531 -0.37232
1.48447 -0.11683 -0.22898
1.49416 -0.11759 -0.07762
1.49416 -0.11759 0.07830
1.48447 -0.11683 0.23505
1.46516 -0.11531 0.38880
1.43634 -0.11304 0.53584
1.39820 -0.11004 0.67275
1.35100 -0.10633 0.79656
1.29503 -0.10192 0.90488
1.23067 -0.09686 0.99604
1.15833 -0.09116 1.06912
1.07847 -0.08488 1.12400
0.99162 -0.07804 1.16135
0.89834 -0.07070 1.18251
0.79923 -0.06290 1.18946
0.69494 -0.05469 1.18464
0.58614 -0.04613 1.17081
0.47354 -0.03727 1.15086
0.35787 -0.02816 1.12763
0.23988 -0.01888 1.10374
0.12033 -0.00947 1.08143
0.00000 -0.00000 1.06243
3 0 40 41
3 0 41 1
3 1 41 42
3 1 42 2
3 2 42 43
3 2 43 3
3 3 43 44
3 3 44 4
3 4 44 45
3 4 45 5
3 5 45 46
3 5 46 6
3 6 46 47
3 6 47 7
3 7 47 48
3 7 48 8
3 8 48 49
3 8 49 9
3 9 49 50
3 9 50 10
3 10 50 51
3 10 51 11
3 11 51 52
3 11 52 12
3 12 52 53
3 12 53 13
3 13 53 54
3 13 54 14
3 14 54 55
3 14 55 15
3 15 55 56
3 15 56 16
3 16 56 57
3 16 57 17
3 17 57 58
3 17 58 18
3 18 58 59
3 18 59 19
3 19 59 60
3 19 60 20
3 20 60 61
3 20 61 21
3 21 61 62
3 21 62 22
3 22 62 63
3 22 63 23
3 23 63 64
3 23 64 24
3 24 64 65
3 24 65 25
3 25 65 66
3 25 66 26
3 26 66 67
3 26 67 27
3 27 67 68
3 27 68 28
3 28 68 69
3 28 69 29
3 29 69 70
3 29 70 30
3 30 70 71
3 30 71 31
3 31 71 72
3 31 72 32
3 32 72 73
3 32 73 33
3 33 73 74
3 33 74 34
3 34 74 75
3 34 75 35
3 35 75 76
3 35 76 36
3 36 76 77
3 36 77 37
3 37 77 78
3 37 78 38
3 38 78 79
3 38 79 39
3 40 80 81
3 40 81 41
3 41 81 82
3 41 82 42
3 42 82 83
3 42 83 43
3 43 83 84
3 43 84 44
3 44 84 85
3 44 85 45
3 45 85 86
3 45 86 46
3 46 86 87
3 46 87 47
3 47 87 88
3 47 88 48
3 48 88 89
3 48 89 49
3 49 89 90
3 49 90 50
3 50 90 91
3 50 91 51
3 51 91 92
3 51 92 52
3 52 92 93
3 52 93 53
3 53 93 94
3 53 94 54
3 54 94 95
3 54 95 55
3 55 95 96
3 55 96 56
3 56 96 97
3 56 97 57
3 57 97 98
3 57 98 58
3 58 98 99
3 58 99 59
3 59 99 100
3 59 100 60
3 60 100 101
3 60 101 61
3 61 101 102
3 61 102 62
3 62 102 103
3 62 103 63
3 63 103 104
3 63 104 64
3 64 104 105
3 64 105 65
3 65 105 106
3 65 106 66
3 66 106 107
3 66 107 67
3 67 107 108
3 67 108 68
3 68 108 109
3 68 109 69
3 69 109 110
3 69 110 70
3 70 110 111
3 70 111 71
3 71 111 112
3 71 112 72
3 72 112 113
3 72 113 73
3 73 113 114
3 73 114 74
3 74 114 115
3 74 115 75
3 75 115 116
3 75 116 76
3 76 116 117
3 76 117 77
3 77 117 118
3 77 118 78
3 78 118 119
3 78 119 79
3 80 120 121
3 80 121 81
3 81 121 122
3 81 122 82
3 82 122 123
3 82 123 83
3 83 123 124
3 83 124 84
3 84 124 125
3 84 125 85
3 85 125 126
3 85 126 86
3 86 126 127
3 86 127 87
3 87 127 128
3 87 128 88
3 88 128 129
3 88 129 89
3 89 129 130
3 89 130 90
3 90 130 131
3 90 131 91
3 91 131 132
3 91 132 92
3 92 132 133
3 92 133 93
3 93 133 134
3 93 134 94
3 94 134 135
3 94 135 95
3 95 135 136
3 95 136 96
3 96 136 137
3 96 137 97
3 97 137 138
3 97 138 98
3 98 138 139
3 98 139 99
3 99 139 140
3 99 140 100
3 100 140 141
3 100 141 101
3 101 141 142
3 101 142 102
3 102 142 143
3 102 143 103
3 103 143 144
3 103 144 104
3 104 144 145
3 104 145 105
3 105 145 146
3 105 146 106
3 106 146 147
3 106 147 107
3 107 147 148
3 107 148 108
3 108 148 149
3 108 149 109
3 109 149 150
3 109 150 110
3 110 150 151
3 110 151 111
3 111 151 152
3 111 152 112
3 112 152 153
3 112 153 113
3 113 153 154
3 113 154 114
3 114 154 155
3 114 155 115
3 115 155 156
3 115 156 116
3 116 156 157
3 116 157 117
3 117 157 158
3 117 158 118
3 118 158 159
3 118 159 119
3 120 160 161
3 120 161 121
3 121 161 162
3 121 162 122
3 122 162 163
3 122 163 123
3 123 163 164
3 123 164 124
3 124 164 165
3 124 165 125
3 125 165 166
3 125 166 126
3 126 166 167
3 126 167 127
3 127 167 168
3 127 168 128
3 128 168 169
3 128 169 129
3 129 169 170
3 129 170 130
3 130 170 171
3 130 171 131
3 131 171 172
3 131 172 132
3 132 172 173
3 132 173 133
3 133 173 174
3 133 174 134
3 134 174 175
3 134 175 135
3 135 175 176
3 135 176 136
3 136 176 177
3 136 177 137
3 137 177 178
3 137 178 138
3 138 178 179
3 138 179 139
3 139 179 180
3 139 180 140
3 140 180 181
3 140 181 141
3 141 181 182
3 141 182 142
3 142 182 183
3 142 183 143
3 143 183 184
3 143 184 144
3 144 184 185
3 144 185 145
3 145 185 186
3 145 186 146
3 146 186 187
3 146 187 147
3 147 187 188
3 147 188 148
3 148 188 189
3 148 189 149
3 149 189 190
3 149 190 150
3 150 190 191
3 150 191 151
3 151 191 192
3 151 192 152
3 152 192 193
3 152 193 153
3 153 193 194
3 153 194 154
3 154 194 195
3 154 195 155
3 155 195 196
3 155 196 156
3 156 196 197
3 156 197 157
3 157 197 198
3 157 198 158
3 158 198 199
3 158 199 159
3 160 200 201
3 160 201 161
3 161 201 202
3 161 202 162
3 162 202 203
3 162 203 163
3 163 203 204
3 163 204 164
3 164 204 205
3 164 205 165
3 165 205 206
3 165 206 166
3 166 206 207
3 166 207 167
3 167 207 208
3 167 208 168
3 168 208 209
3 168 209 169
3 169 209 210
3 169 210 170
3 170 210 211
3 170 211 171
3 171 211 212
3 171 212 172
3 172 212 213
3 172 213 173
3 173 213 214
3 173 214 174
3 174 214 215
3 174 215 175
3 175 215 216
3 175 216 176
3 176 216 217
3 176 217 177
3 177 217 218
3 177 218 178
3 178 218 219
3 178 219 179
3 179 219 220
3 179 220 180
3 180 220 221
3 180 221 181
3 181 221 222
3 181 222 182
3 182 222 223
3 182 223 183
3 183 223 224
3 183 224 184
3 184 224 225
3 184 225 185
3 185 225 226
3 185 226 186
3 186 226 227
3 186 227 187
3 187 227 228
3 187 228 188
3 188 228 229
3 188 229 189
3 189 229 230
3 189 230 190
3 190 230 231
3 190 231 191
3 191 231 232
3 191 232 192
3 192 232 233
3 192 233 193
3 193 233 234
3 193 234 194
3 194 234 235
3 194 235 195
3 195 235 236
3 195 236 196
3 196 236 237
3 196 237 197
3 197 237 238
3 197 238 198
3 198 238 239
3 198 239 199
3 200 240 241
3 200 241 201
3 201 241 242
3 201 242 202
3 202 242 243
3 202 243 203
3 203 243 244
3 203 244 204
3 204 244 245
3 204 245 205
3 205 245 246
3 205 246 206
3 206 246 247
3 206 247 207
3 207 247 248
3 207 248 208
3 208 248 249
3 208 249 209
3 209 249 250
3 209 250 210
3 210 250 251
3 210 251 211
3 211 251 252
3 211 252 212
3 212 252 253
3 212 253 213
3 213 253 254
3 213 254 214
3 214 254 255
3 214 255 215
3 215 255 256
3 215 256 216
3 216 256 257
3 216 257 217
3 217 257 258
3 217 258 218
3 218 258 259
3 218 259 219
3 219 259 260
3 219 260 220
3 220 260 261
3 220 261 221
3 221 261 262
3 221 262 222
3 222 262 263
3 222 263 223
3 223 263 264
3 223 264 224
3 224 264 265
3 224 265 225
3 225 265 266
3 225 266 226
3 226 266 267
3 226 267 227
3 227 267 268
3 227 268 228
3 228 268 269
3 228 269 229
3 229 269 270
3 229 270 230
3 230 270 271
3 230 271 231
3 231 271 272
3 231 272 232
3 232 272 273
3 232 273 233
3 233 273 274
3 233 274 234
3 234 274 275
3 234 275 235
3 235 275 276
3 235 276 236
3 236 276 277
3 236 277 237
3 237 277 278
3 237 278 238
3 238 278 279
3 238 279 239
3 240 280 281
3 240 281 241
3 241 281 282
3 241 282 242
3 242 282 283
3 242 283 243
3 243 283 284
3 243 284 244
3 244 284 285
3 244 285 245
3 245 285 286
3 245 286 246
3 246 286 287
3 246 287 247
3 247 287 288
3 247 288 248
3 248 288 289
3 248 289 249
3 249 289 290
3 249 290 250
3 250 290 291
3 250 291 251
3 251 291 292
3 251 292 252
3 252 292 293
3 252 293 253
3 253 293 294
3 253 294 254
3 254 294 295
3 254 295 255
3 255 295 296
3 255 296 256
3 256 296 297
3 256 297 257
3 257 297 298
3 257 298 258
3 258 298 299
3 258 299 259
3 259 299 300
3 259 300 260
3 260 300 301
3 260 301 261
3 261 301 302
3 261 302 262
3 262 302 303
3 262 303 263
3 263 303 304
3 263 304 264
3 264 304 305
3 264 305 265
3 265 305 306
3 265 306 266
3 266 306 307
3 266 307 267
3 267 307 308
3 267 308 268
3 268 308 309
3 268 309 269
3 269 309 310
3 269 310 270
3 270 310 311
3 270 311 271
3 271 311 312
3 271 312 272
3 272 312 313
3 272 313 273
3 273 313 314
3 273 314 274
3 274 314 315
3 274 315 275
3 275 315 316
3 275 316 276
3 276 316 317
3 276 317 277
3 277 317 318
3 277 318 278
3 278 318 319
3 278 319 279
3 280 320 321
3 280 321 281
3 281 321 322
3 281 322 282
3 282 322 323
3 282 323 283
3 283 323 324
3 283 324 284
3 284 324 325
3 284 325 285
3 285 325 326
3 285 326 286
3 286 326 327
3 286 327 287
3 287 327 328
3 287 328 288
3 288 328 329
3 288 329 289
3 289 329 330
3 289 330 290
3 290 330 331
3 290 331 291
3 291 331 332
3 291 332 292
3 292 332 333
3 292 333 293
3 293 333 334
3 293 334 294
3 294 334 335
3 294 335 295
3 295 335 336
3 295 336 296
3 296 336 337
3 296 337 297
3 297 337 338
3 297 338 298
3 298 338 339
3 298 339 299
3 299 339 340
3 299 340 300
3 300 340 341
3 300 341 301
3 301 341 342
3 301 342 302
3 302 342 343
3 302 343 303
3 303 343 344
3 303 344 304
3 304 344 345
3 304 345 305
3 305 345 346
3 305 346 306
3 306 346 347
3 306 347 307
3 307 347 348
3 307 348 308
3 308 348 349
3 308 349 309
3 309 349 350
3 309 350 310
3 310 350 351
3 310 351 311
3 311 351 352
3 311 352 312
3 312 352 353
3 312 353 313
3 313 353 354
3 313 354 314
3 314 354 355
3 314 355 315
3 315 355 356
3 315 356 316
3 316 356 357
3 316 357 317
3 317 357 358
3 317 358 318
3 318 358 359
3 318 359 319
3 320 360 361
3 320 361 321
3 321 361 362
3 321 362 322
3 322 362 363
3 322 363 323
3 323 363 364
3 323 364 324
3 324 364 365
3 324 365 325
3 325 365 366
3 325 366 326
3 326 366 367
3 326 367 327
3 327 367 368
3 327 368 328
3 328 368 369
3 328 369 329
3 329 369 370
3 329 370 330
3 330 370 371
3 330 371 331
3 331 371 372
3 331 372 332
3 332 372 373
3 332 373 333
3 333 373 374
3 333 374 334
3 334 374 375
3 334 375 335
3 335 375 376
3 335 376 336
3 336 376 377
3 336 377 337
3 337 377 378
3 337 378 338
3 338 378 379
3 338 379 339
3 339 379 380
3 339 380 340
3 340 380 381
3 340 381 341
3 341 381 382
3 341 382 342
3 342 382 383
3 342 383 343
3 343 383 384
3 343 384 344
3 344 384 385
3 344 385 345
3 345 385 386
3 345 386 346
3 346 386 387
3 346 387 347
3 347 387 388
3 347 388 348
3 348 388 389
3 348 389 349
3 349 389 390
3 349 390 350
3 350 390 391
3 350 391 351
3 351 391 392
3 351 392 352
3 352 392 393
3 352 393 353
3 353 393 394
3 353 394 354
3 354 394 395
3 354 395 355
3 355 395 396
3 355 396 356
3 356 396 397
3 356 397 357
3 357 397 398
3 357 398 358
3 358 398 399
3 358 399 359
3 360 400 401
3 360 401 361
3 361 401 402
3 361 402 362
3 362 402 403
3 362 403 363
3 363 403 404
3 363 404 364
3 364 404 405
3 364 405 365
3 365 405 406
3 365 406 366
3 366 406 407
3 366 407 367
3 367 407 408
3 367 408 368
3 368 408 409
3 368 409 369
3 369 409 410
3 369 410 370
3 370 410 411
3 370 411 371
3 371 411 412
3 371 412 372
3 372 412 413
3 372 413 373
3 373 413 414
3 373 414 374
3 374 414 415
3 374 415 375
3 375 415 416
3 375 416 376
3 376 416 417
3 376 417 377
3 377 417 418
3 377 418 378
3 378 418 419
3 378 419 379
3 379 419 420
3 379 420 380
3 380 420 421
3 380 421 381
3 381 421 422
3 381 422 382
3 382 422 423
3 382 423 383
3 383 423 424
3 383 424 384
3 384 424 425
3 384 425 385
3 385 425 426
3 385 426 386
3 386 426 427
3 386 427 387
3 387 427 428
3 387 428 388
3 388 428 429
3 388 429 389
3 389 429 430
3 389 430 390
3 390 430 431
3 390 431 391
3 391 431 432
3 391 432 392
3 392 432 433
3 392 433 393
3 393 433 434
3 393 434 394
3 394 434 435
3 394 435 395
3 395 435 436
3 395 436 396
3 396 436 437
3 396 437 397
3 397 437 438
3 397 438 398
3 398 438 439
3 398 439 399
3 400 440 441
3 400 441 401
3 401 441 442
3 401 442 402
3 402 442 443
3 402 443 403
3 403 443 444
3 403 444 404
3 404 444 445
3 404 445 405
3 405 445 446
3 405 446 406
3 406 446 447
3 406 447 407
3 407 447 448
3 407 448 408
3 408 448 449
3 408 449 409
3 409 449 450
3 409 450 410
3 410 450 451
3 410 451 411
3 411 451 452
3 411 452 412
3 412 452 453
3 412 453 413
3 413 453 454
3 413 454 414
3 414 454 455
3 414 455 415
3 415 455 456
3 415 456 416
3 416 456 457
3 416 457 417
3 417 457 458
3 417 458 418
3 418 458 459
3 418 459 419
3 419 459 460
3 419 460 420
3 420 460 461
3 420 461 421
3 421 461 462
3 421 462 422
3 422 462 463
3 422 463 423
3 423 463 464
3 423 464 424
3 424 464 465
3 424 465 425
3 425 465 466
3 425 466 426
3 426 466 467
3 426 467 427
3 427 467 468
3 427 468 428
3 428 468 469
3 428 469 429
3 429 469 470
3 429 470 430
3 430 470 471
3 430 471 431
3 431 471 472
3 431 472 432
3 432 472 473
3 432 473 433
3 433 473 474
3 433 474 434
3 434 474 475
3 434 475 435
3 435 475 476
3 435 476 436
3 436 476 477
3 436 477 437
3 437 477 478
3 437 478 438
3 438 478 479
3 438 479 439
3 440 480 481
3 440 481 441
3 441 481 482
3 441 482 442
3 442 482 483
3 442 483 443
3 443 483 484
3 443 484 444
3 444 484 485
3 444 485 445
3 445 485 486
3 445 486 446
3 446 486 487
3 446 487 447
3 447 487 488
3 447 488 448
3 448 488 489
3 448 489 449
3 449 489 490
3 449 490 450
3 450 490 491
3 450 491 451
3 451 491 492
3 451 492 452
3 452 492 493
3 452 493 453
3 453 493 494
3 453 494 454
3 454 494 495
3 454 495 455
3 455 495 496
3 455 496 456
3 456 496 497
3 456 497 457
3 457 497 498
3 457 498 458
3 458 498 499
3 458 499 459
3 459 499 500
3 459 500 460
3 460 500 501
3 460 501 461
3 461 501 502
3 461 502 462
3 462 502 503
3 462 503 463
3 463 503 504
3 463 504 464
3 464 504 505
3 464 505 465
3 465 505 506
3 465 506 466
3 466 506 507
3 466 507 467
3 467 507 508
3 467 508 468
3 468 508 509
3 468 509 469
3 469 509 510
3 469 510 470
3 470 510 511
3 470 511 471
3 471 511 512
3 471 512 472
3 472 512 513
3 472 513 473
3 473 513 514
3 473 514 474
3 474 514 515
3 474 515 475
3 475 515 516
3 475 516 476
3 476 516 517
3 476 517 477
3 477 517 518
3 477 518 478
3 478 518 519
3 478 519 479
3 480 520 521
3 480 521 481
3 481 521 522
3 481 522 482
3 482 522 523
3 482 523 483
3 483 523 524
3 483 524 484
3 484 524 525
3 484 525 485
3 485 525 526
3 485 526 486
3 486 526 527
3 486 527 487
3 487 527 528
3 487 528 488
3 488 528 529
3 488 529 489
3 489 529 530
3 489 530 490
3 490 530 531
3 490 531 491
3 491 531 532
3 491 532 492
3 492 532 533
3 492 533 493
3 493 533 534
3 493 534 494
3 494 534 535
3 494 535 495
3 495 535 536
3 495 536 496
3 496 536 537
3 496 537 497
3 497 537 538
3 497 538 498
3 498 538 539
3 498 539 499
3 499 539 540
3 499 540 500
3 500 540 541
3 500 541 501
3 501 541 542
3 501 542 502
3 502 542 543
3 502 543 503
3 503 543 544
3 503 544 504
3 504 544 545
3 504 545 505
3 505 545 546
3 505 546 506
3 506 546 547
3 506 547 507
3 507 547 548
3 507 548 508
3 508 548 549
3 508 549 509
3 509 549 550
3 509 550 510
3 510 550 551
3 510 551 511
3 511 551 552
3 511 552 512
3 512 552 553
3 512 553 513
3 513 553 554
3 513 554 514
3 514 554 555
3 514 555 515
3 515 555 556
3 515 556 516
3 516 556 557
3 516 557 517
3 517 557 558
3 517 558 518
3 518 558 559
3 518 559 519
3 520 560 561
3 520 561 521
3 521 561 562
3 521 562 522
3 522 562 563
3 522 563 523
3 523 563 564
3 523 564 524
3 524 564 565
3 524 565 525
3 525 565 566
3 525 566 526
3 526 566 567
3 526 567 527
3 527 567 568
3 527 568 528
3 528 568 569
3 528 569 529
3 529 569 570
3 529 570 530
3 530 570 571
3 530 571 531
3 531 571 572
3 531 572 532
3 532 572 573
3 532 573 533
3 533 573 574
3 533 574 534
3 534 574 575
3 534 575 535
3 535 575 576
3 535 576 536
3 536 576 577
3 536 577 537
3 537 577 578
3 537 578 538
3 538 578 579
3 538 579 539
3 539 579 580
3 539 580 540
3 540 580 581
3 540 581 541
3 541 581 582
3 541 582 542
3 542 582 583
3 542 583 543
3 543 583 584
3 543 584 544
3 544 584 585
3 544 585 545
3 545 585 586
3 545 586 546
3 546 586 587
3 546 587 547
3 547 587 588
3 547 588 548
3 548 588 589
3 548 589 549
3 549 589 590
3 549 590 550
3 550 590 591
3 550 591 551
3 551 591 592
3 551 592 552
3 552 592 593
3 552 593 553
3 553 593 594
3 553 594 554
3 554 594 595
3 554 595 555
3 555 595 596
3 555 596 556
3 556 596 597
3 556 597 557
3 557 597 598
3 557 598 558
3 558 598 599
3 558 599 559
3 560 600 601
3 560 601 561
3 561 601 602
3 561 602 562
3 562 602 603
3 562 603 563
3 563 603 604
3 563 604 564
3 564 604 605
3 564 605 565
3 565 605 606
3 565 606 566
3 566 606 607
3 566 607 567
3 567 607 608
3 567 608 568
3 568 608 609
3 568 609 569
3 569 609 610
3 569 610 570
3 570 610 611
3 570 611 571
3 571 611 612
3 571 612 572
3 572 612 613
3 572 613 573
3 573 613 614
3 573 614 574
3 574 614 615
3 574 615 575
3 575 615 616
3 575 616 576
3 576 616 617
3 576 617 577
3 577 617 618
3 577 618 578
3 578 618 619
3 578 619 579
3 579 619 620
3 579 620 580
3 580 620 621
3 580 621 581
3 581 621 622
3 581 622 582
3 582 622 623
3 582 623 583
3 583 623 624
3 583 624 584
3 584 624 625
3 584 625 585
3 585 625 626
3 585 626 586
3 586 626 627
3 586 627 587
3 587 627 628
3 587 628 588
3 588 628 629
3 588 629 589
3 589 629 630
3 589 630 590
3 590 630 631
3 590 631 591
3 591 631 632
3 591 632 592
3 592 632 633
3 592 633 593
3 593 633 634
3 593 634 594
3 594 634 635
3 594 635 595
3 595 635 636
3 595 636 596
3 596 636 637
3 596 637 597
3 597 637 638
3 597 638 598
3 598 638 639
3 598 639 599
3 600 640 641
3 600 641 601
3 601 641 642
3 601 642 602
3 602 642 643
3 602 643 603
3 603 643 644
3 603 644 604
3 604 644 645
3 604 645 605
3 605 645 646
3 605 646 606
3 606 646 647
3 606 647 607
3 607 647 648
3 607 648 608
3 608 648 649
3 608 649 609
3 609 649 650
3 609 650 610
3 610 650 651
3 610 651 611
3 611 651 652
3 611 652 612
3 612 652 653
3 612 653 613
3 613 653 654
3 613 654 614
3 614 654 655
3 614 655 615
3 615 655 656
3 615 656 616
3 616 656 657
3 616 657 617
3 617 657 658
3 617 658 618
3 618 658 659
3 618 659 619
3 619 659 660
3 619 660 620
3 620 660 661
3 620 661 621
3 621 661 662
3 621 662 622
3 622 662 663
3 622 663 623
3 623 663 664
3 623 664 624
3 624 664 665
3 624 665 625
3 625 665 666
3 625 666 626
3 626 666 667
3 626 667 627
3 627 667 668
3 627 668 628
3 628 668 669
3 628 669 629
3 629 669 670
3 629 670 630
3 630 670 671
3 630 671 631
3 631 671 672
3 631 672 632
3 632 672 673
3 632 673 633
3 633 673 674
3 633 674 634
3 634 674 675
3 634 675 635
3 635 675 676
3 635 676 636
3 636 676 677
3 636 677 637
3 637 677 678
3 637 678 638
3 638 678 679
3 638 679 639
3 640 680 681
3 640 681 641
3 641 681 682
3 641 682 642
3 642 682 683
3 642 683 643
3 643 683 684
3 643 684 644
3 644 684 685
3 644 685 645
3 645 685 686
3 645 686 646
3 646 686 687
3 646 687 647
3 647 687 688
3 647 688 648
3 648 688 689
3 648 689 649
3 649 689 690
3 649 690 650
3 650 690 691
3 650 691 651
3 651 691 692
3 651 692 652
3 652 692 693
3 652 693 653
3 653 693 694
3 653 694 654
3 654 694 695
3 654 695 655
3 655 695 696
3 655 696 656
3 656 696 697
3 656 697 657
3 657 697 698
3 657 698 658
3 658 698 699
3 658 699 659
3 659 699 700
3 659 700 660
3 660 700 701
3 660 701 661
3 661 701 702
3 661 702 662
3 662 702 703
3 662 703 663
3 663 703 704
3 663 704 664
3 664 704 705
3 664 705 665
3 665 705 706
3 665 706 666
3 666 706 707
3 666 707 667
3 667 707 708
3 667 708 668
3 668 708 709
3 668 709 669
3 669 709 710
3 669 710 670
3 670 710 711
3 670 711 671
3 671 711 712
3 671 712 672
3 672 712 713
3 672 713 673
3 673 713 714
3 673 714 674
3 674 714 715
3 674 715 675
3 675 715 716
3 675 716 676
3 676 716 717
3 676 717 677
3 677 717 718
3 677 718 678
3 678 718 719
3 678 719 679
3 680 720 721
3 680 721 681
3 681 721 722
3 681 722 682
3 682 722 723
3 682 723 683
3 683 723 724
3 683 724 684
3 684 724 725
3 684 725 685
3 685 725 726
3 685 726 686
3 686 726 727
3 686 727 687
3 687 727 728
3 687 728 688
3 688 728 729
3 688 729 689
3 689 729 730
3 689 730 690
3 690 730 731
3 690 731 691
3 691 731 732
3 691 732 692
3 692 732 733
3 692 733 693
3 693 733 734
3 693 734 694
3 694 734 735
3 694 735 695
3 695 735 736
3 695 736 696
3 696 736 737
3 696 737 697
3 697 737 738
3 697 738 698
3 698 738 739
3 698 739 699
3 699 739 740
3 699 740 700
3 700 740 741
3 700 741 701
3 701 741 742
3 701 742 702
3 702 742 743
3 702 743 703
3 703 743 744
3 703 744 704
3 704 744 745
3 704 745 705
3 705 745 746
3 705 746 706
3 706 746 747
3 706 747 707
3 707 747 748
3 707 748 708
3 708 748 749
3 708 749 709
3 709 749 750
3 709 750 710
3 710 750 751
3 710 751 711
3 711 751 752
3 711 752 712
3 712 752 753
3 712 753 713
3 713 753 754
3 713 754 714
3 714 754 755
3 714 755 715
3 715 755 756
3 715 756 716
3 716 756 757
3 716 757 717
3 717 757 758
3 717 758 718
3 718 758 759
3 718 759 719
3 720 760 761
3 720 761 721
3 721 761 762
3 721 762 722
3 722 762 763
3 722 763 723
3 723 763 764
3 723 764 724
3 724 764 765
3 724 765 725
3 725 765 766
3 725 766 726
3 726 766 767
3 726 767 727
3 727 767 768
3 727 768 728
3 728 768 769
3 728 769 729
3 729 769 770
3 729 770 730
3 730 770 771
3 730 771 731
3 731 771 772
3 731 772 732
3 732 772 773
3 732 773 733
3 733 773 774
3 733 774 734
3 734 774 775
3 734 775 735
3 735 775 776
3 735 776 736
3 736 776 777
3 736 777 737
3 737 777 778
3 737 778 738
3 738 778 779
3 738 779 739
3 739 779 780
3 739 780 740
3 740 780 781
3 740 781 741
3 741 781 782
3 741 782 742
3 742 782 783
3 742 783 743
3 743 783 784
3 743 784 744
3 744 784 785
3 744 785 745
3 745 785 786
3 745 786 746
3 746 786 787
3 746 787 747
3 747 787 788
3 747 788 748
3 748 788 789
3 748 789 749
3 749 789 790
3 749 790 750
3 750 790 791
3 750 791 751
3 751 791 792
3 751 792 752
3 752 792 793
3 752 793 753
3 753 793 794
3 753 794 754
3 754 794 795
3 754 795 755
3 755 795 796
3 755 796 756
3 756 796 797
3 756 797 757
3 757 797 798
3 757 798 758
3 758 798 799
3 758 799 759
3 760 800 801
3 760 801 761
3 761 801 802
3 761 802 762
3 762 802 803
3 762 803 763
3 763 803 804
3 763 804 764
3 764 804 805
3 764 805 765
3 765 805 806
3 765 806 766
3 766 806 807
3 766 807 767
3 767 807 808
3 767 808 768
3 768 808 809
3 768 809 769
3 769 809 810
3 769 810 770
3 770 810 811
3 770 811 771
3 771 811 812
3 771 812 772
3 772 812 813
3 772 813 773
3 773 813 814
3 773 814 774
3 774 814 815
3 774 815 775
3 775 815 816
3 775 816 776
3 776 816 817
3 776 817 777
3 777 817 818
3 777 818 778
3 778 818 819
3 778 819 779
3 779 819 820
3 779 820 780
3 780 820 821
3 780 821 781
3 781 821 822
3 781 822 782
3 782 822 823
3 782 823 783
3 783 823 824
3 783 824 784
3 784 824 825
3 784 825 785
3 785 825 826
3 785 826 786
3 786 826 827
3 786 827 787
3 787 827 828
3 787 828 788
3 788 828 829
3 788 829 789
3 789 829 830
3 789 830 790
3 790 830 831
3 790 831 791
3 791 831 832
3 791 832 792
3 792 832 833
3 792 833 793
3 793 833 834
3 793 834 794
3 794 834 835
3 794 835 795
3 795 835 836
3 795 836 796
3 796 836 837
3 796 837 797
3 797 837 838
3 797 838 798
3 798 838 839
3 798 839 799
3 800 840 841
3 800 841 801
3 801 841 842
3 801 842 802
3 802 842 843
3 802 843 803
3 803 843 844
3 803 844 804
3 804 844 845
3 804 845 805
3 805 845 846
3 805 846 806
3 806 846 847
3 806 847 807
3 807 847 848
3 807 848 808
3 808 848 849
3 808 849 809
3 809 849 850
3 809 850 810
3 810 850 851
3 810 851 811
3 811 851 852
3 811 852 812
3 812 852 853
3 812 853 813
3 813 853 854
3 813 854 814
3 814 854 855
3 814 855 815
3 815 855 856
3 815 856 816
3 816 856 857
3 816 857 817
3 817 857 858
3 817 858 818
3 818 858 859
3 818 859 819
3 819 859 860
3 819 860 820
3 820 860 861
3 820 861 821
3 821 861 862
3 821 862 822
3 822 862 863
3 822 863 823
3 823 863 864
3 823 864 824
3 824 864 865
3 824 865 825
3 825 865 866
3 825 866 826
3 826 866 867
3 826 867 827
3 827 867 868
3 827 868 828
3 828 868 869
3 828 869 829
3 829 869 870
3 829 870 830
3 830 870 871
3 830 871 831
3 831 871 872
3 831 872 832
3 832 872 873
3 832 873 833
3 833 873 874
3 833 874 834
3 834 874 875
3 834 875 835
3 835 875 876
3 835 876 836
3 836 876 877
3 836 877 837
3 837 877 878
3 837 878 838
3 838 878 879
3 838 879 839
3 840 880 881
3 840 881 841
3 841 881 882
3 841 882 842
3 842 882 883
3 842 883 843
3 843 883 884
3 843 884 844
3 844 884 885
3 844 885 845
3 845 885 886
3 845 886 846
3 846 886 887
3 846 887 847
3 847 887 888
3 847 888 848
3 848 888 889
3 848 889 849
3 849 889 890
3 849 890 850
3 850 890 891
3 850 891 851
3 851 891 892
3 851 892 852
3 852 892 893
3 852 893 853
3 853 893 894
3 853 894 854
3 854 894 895
3 854 895 855
3 855 895 896
3 855 896 856
3 856 896 897
3 856 897 857
3 857 897 898
3 857 898 858
3 858 898 899
3 858 899 859
3 859 899 900
3 859 900 860
3 860 900 901
3 860 901 861
3 861 901 902
3 861 902 862
3 862 902 903
3 862 903 863
3 863 903 904
3 863 904 864
3 864 904 905
3 864 905 865
3 865 905 906
3 865 906 866
3 866 906 907
3 866 907 867
3 867 907 908
3 867 908 868
3 868 908 909
3 868 909 869
3 869 909 910
3 869 910 870
3 870 910 911
3 870 911 871
3 871 911 912
3 871 912 872
3 872 912 913
3 872 913 873
3 873 913 914
3 873 914 874
3 874 914 915
3 874 915 875
3 875 915 916
3 875 916 876
3 876 916 917
3 876 917 877
3 877 917 918
3 877 918 878
3 878 918 919
3 878 919 879
3 880 920 921
3 880 921 881
3 881 921 922
3 881 922 882
3 882 922 923
3 882 923 883
3 883 923 924
3 883 924 884
3 884 924 925
3 884 925 885
3 885 925 926
3 885 926 886
3 886 926 927
3 886 927 887
3 887 927 928
3 887 928 888
3 888 928 929
3 888 929 889
3 889 929 930
3 889 930 890
3 890 930 931
3 890 931 891
3 891 931 932
3 891 932 892
3 892 932 933
3 892 933 893
3 893 933 934
3 893 934 894
3 894 934 935
3 894 935 895
3 895 935 936
3 895 936 896
3 896 936 937
3 896 937 897
3 897 937 938
3 897 938 898
3 898 938 939
3 898 939 899
3 899 939 940
3 899 940 900
3 900 940 941
3 900 941 901
3 901 941 942
3 901 942 902
3 902 942 943
3 902 943 903
3 903 943 944
3 903 944 904
3 904 944 945
3 904 945 905
3 905 945 946
3 905 946 906
3 906 946 947
3 906 947 907
3 907 947 948
3 907 948 908
3 908 948 949
3 908 949 909
3 909 949 950
3 909 950 910
3 910 950 951
3 910 951 911
3 911 951 952
3 911 952 912
3 912 952 953
3 912 953 913
3 913 953 954
3 913 954 914
3 914 954 955
3 914 955 915
3 915 955 956
3 915 956 916
3 916 956 957
3 916 957 917
3 917 957 958
3 917 958 918
3 918 958 959
3 918 959 919
3 920 960 961
3 920 961 921
3 921 961 962
3 921 962 922
3 922 962 963
3 922 963 923
3 923 963 964
3 923 964 924
3 924 964 965
3 924 965 925
3 925 965 966
3 925 966 926
3 926 966 967
3 926 967 927
3 927 967 968
3 927 968 928
3 928 968 969
3 928 969 929
3 929 969 970
3 929 970 930
3 930 970 971
3 930 971 931
3 931 971 972
3 931 972 932
3 932 972 973
3 932 973 933
3 933 973 974
3 933 974 934
3 934 974 975
3 934 975 935
3 935 975 976
3 935 976 936
3 936 976 977
3 936 977 937
3 937 977 978
3 937 978 938
3 938 978 979
3 938 979 939
3 939 979 980
3 939 980 940
3 940 980 981
3 940 981 941
3 941 981 982
3 941 982 942
3 942 982 983
3 942 983 943
3 943 983 984
3 943 984 944
3 944 984 985
3 944 985 945
3 945 985 986
3 945 986 946
3 946 986 987
3 946 987 947
3 947 987 988
3 947 988 948
3 948 988 989
3 948 989 949
3 949 989 990
3 949 990 950
3 950 990 991
3 950 991 951
3 951 991 992
3 951 992 952
3 952 992 993
3 952 993 953
3 953 993 994
3 953 994 954
3 954 994 995
3 954 995 955
3 955 995 996
3 955 996 956
3 956 996 997
3 956 997 957
3 957 997 998
3 957 998 958
3 958 998 999
3 958 999 959
3 960 1000 1001
3 960 1001 961
3 961 1001 1002
3 961 1002 962
3 962 1002 1003
3 962 1003 963
3 963 1003 1004
3 963 1004 964
3 964 1004 1005
3 964 1005 965
3 965 1005 1006
3 965 1006 966
3 966 1006 1007
3 966 1007 967
3 967 1007 1008
3 967 1008 968
3 968 1008 1009
3 968 1009 969
3 969 1009 1010
3 969 1010 970
3 970 1010 1011
3 970 1011 971
3 971 1011 1012
3 971 1012 972
3 972 1012 1013
3 972 1013 973
3 973 1013 1014
3 973 1014 974
3 974 1014 1015
3 974 1015 975
3 975 1015 1016
3 975 1016 976
3 976 1016 1017
3 976 1017 977
3 977 1017 1018
3 977 1018 978
3 978 1018 1019
3 978 1019 979
3 979 1019 1020
3 979 1020 980
3 980 1020 1021
3 980 1021 981
3 981 1021 1022
3 981 1022 982
3 982 1022 1023
3 982 1023 983
3 983 1023 1024
3 983 1024 984
3 984 1024 1025
3 984 1025 985
3 985 1025 1026
3 985 1026 986
3 986 1026 1027
3 986 1027 987
3 987 1027 1028
3 987 1028 988
3 988 1028 1029
3 988 1029 989
3 989 1029 1030
3 989 1030 990
3 990 1030 1031
3 990 1031 991
3 991 1031 1032
3 991 1032 992
3 992 1032 1033
3 992 1033 993
3 993 1033 1034
3 993 1034 994
3 994 1034 1035
3 994 1035 995
3 995 1035 1036
3 995 1036 996
3 996 1036 1037
3 996 1037 997
3 997 1037 1038
3 997 1038 998
3 998 1038 1039
3 998 1039 999
3 1000 1040 1041
3 1000 1041 1001
3 1001 1041 1042
3 1001 1042 1002
3 1002 1042 1043
3 1002 1043 1003
3 1003 1043 1044
3 1003 1044 1004
3 1004 1044 1045
3 1004 1045 1005
3 1005 1045 1046
3 1005 1046 1006
3 1006 1046 1047
3 1006 1047 1007
3 1007 1047 1048
3 1007 1048 1008
3 1008 1048 1049
3 1008 1049 1009
3 1009 1049 1050
3 1009 1050 1010
3 1010 1050 1051
3 1010 1051 1011
3 1011 1051 1052
3 1011 1052 1012
3 1012 1052 1053
3 1012 1053 1013
3 1013 1053 1054
3 1013 1054 1014
3 1014 1054 1055
3 1014 1055 1015
3 1015 1055 1056
3 1015 1056 1016
3 1016 1056 1057
3 1016 1057 1017
3 1017 1057 1058
3 1017 1058 1018
3 1018 1058 1059
3 1018 1059 1019
3 1019 1059 1060
3 1019 1060 1020
3 1020 1060 1061
3 1020 1061 1021
3 1021 1061 1062
3 1021 1062 1022
3 1022 1062 1063
3 1022 1063 1023
3 1023 1063 1064
3 1023 1064 1024
3 1024 1064 1065
3 1024 1065 1025
3 1025 1065 1066
3 1025 1066 1026
3 1026 1066 1067
3 1026 1067 1027
3 1027 1067 1068
3 1027 1068 1028
3 1028 1068 1069
3 1028 1069 1029
3 1029 1069 1070
3 1029 1070 1030
3 1030 1070 1071
3 1030 1071 1031
3 1031 1071 1072
3 1031 1072 1032
3 1032 1072 1073
3 1032 1073 1033
3 1033 1073 1074
3 1033 1074 1034
3 1034 1074 1075
3 1034 1075 1035
3 1035 1075 1076
3 1035 1076 1036
3 1036 1076 1077
3 1036 1077 1037
3 1037 1077 1078
3 1037 1078 1038
3 1038 1078 1079
3 1038 1079 1039
3 1040 1080 1081
3 1040 1081 1041
3 1041 1081 1082
3 1041 1082 1042
3 1042 1082 1083
3 1042 1083 1043
3 1043 1083 1084
3 1043 1084 1044
3 1044 1084 1085
3 1044 1085 1045
3 1045 1085 1086
3 1045 1086 1046
3 1046 1086 1087
3 1046 1087 1047
3 1047 1087 1088
3 1047 1088 1048
3 1048 1088 1089
3 1048 1089 1049
3 1049 1089 1090
3 1049 1090 1050
3 1050 1090 1091
3 1050 1091 1051
3 1051 1091 1092
3 1051 1092 1052
3 1052 1092 1093
3 1052 1093 1053
3 1053 1093 1094
3 1053 1094 1054
3 1054 1094 1095
3 1054 1095 1055
3 1055 1095 1096
3 1055 1096 1056
3 1056 1096 1097
3 1056 1097 1057
3 1057 1097 1098
3 1057 1098 1058
3 1058 1098 1099
3 1058 1099 1059
3 1059 1099 1100
3 1059 1100 1060
3 1060 1100 1101
3 1060 1101 1061
3 1061 1101 1102
3 1061 1102 1062
3 1062 1102 1103
3 1062 1103 1063
3 1063 1103 1104
3 1063 1104 1064
3 1064 1104 1105
3 1064 1105 1065
3 1065 1105 1106
3 1065 1106 1066
3 1066 1106 1107
3 1066 1107 1067
3 1067 1107 1108
3 1067 1108 1068
3 1068 1108 1109
3 1068 1109 1069
3 1069 1109 1110
3 1069 1110 1070
3 1070 1110 1111
3 1070 1111 1071
3 1071 1111 1112
3 1071 1112 1072
3 1072 1112 1113
3 1072 1113 1073
3 1073 1113 1114
3 1073 1114 1074
3 1074 1114 1115
3 1074 1115 1075
3 1075 1115 1116
3 1075 1116 1076
3 1076 1116 1117
3 1076 1117 1077
3 1077 1117 1118
3 1077 1118 1078
3 1078 1118 1119
3 1078 1119 1079
3 1080 1120 1121
3 1080 1121 1081
3 1081 1121 1122
3 1081 1122 1082
3 1082 1122 1123
3 1082 1123 1083
3 1083 1123 1124
3 1083 1124 1084
3 1084 1124 1125
3 1084 1125 1085
3 1085 1125 1126
3 1085 1126 1086
3 1086 1126 1127
3 1086 1127 1087
3 1087 1127 1128
3 1087 1128 1088
3 1088 1128 1129
3 1088 1129 1089
3 1089 1129 1130
3 1089 1130 1090
3 1090 1130 1131
3 1090 1131 1091
3 1091 1131 1132
3 1091 1132 1092
3 1092 1132 1133
3 1092 1133 1093
3 1093 1133 1134
3 1093 1134 1094
3 1094 1134 1135
3 1094 1135 1095
3 1095 1135 1136
3 1095 1136 1096
3 1096 1136 1137
3 1096 1137 1097
3 1097 1137 1138
3 1097 1138 1098
3 1098 1138 1139
3 1098 1139 1099
3 1099 1139 1140
3 1099 1140 1100
3 1100 1140 1141
3 1100 1141 1101
3 1101 1141 1142
3 1101 1142 1102
3 1102 1142 1143
3 1102 1143 1103
3 1103 1143 1144
3 1103 1144 1104
3 1104 1144 1145
3 1104 1145 1105
3 1105 1145 1146
3 1105 1146 1106
3 1106 1146 1147
3 1106 1147 1107
3 1107 1147 1148
3 1107 1148 1108
3 1108 1148 1149
3 1108 1149 1109
3 1109 1149 1150
3 1109 1150 1110
3 1110 1150 1151
3 1110 1151 1111
3 1111 1151 1152
3 1111 1152 1112
3 1112 1152 1153
3 1112 1153 1113
3 1113 1153 1154
3 1113 1154 1114
3 1114 1154 1155
3 1114 1155 1115
3 1115 1155 1156
3 1115 1156 1116
3 1116 1156 1157
3 1116 1157 1117
3 1117 1157 1158
3 1117 1158 1118
3 1118 1158 1159
3 1118 1159 1119
3 1120 1160 1161
3 1120 1161 1121
3 1121 1161 1162
3 1121 1162 1122
3 1122 1162 1163
3 1122 1163 1123
3 1123 1163 1164
3 1123 1164 1124
3 1124 1164 1165
3 1124 1165 1125
3 1125 1165 1166
3 1125 1166 1126
3 1126 1166 1167
3 1126 1167 1127
3 1127 1167 1168
3 1127 1168 1128
3 1128 1168 1169
3 1128 1169 1129
3 1129 1169 1170
3 1129 1170 1130
3 1130 1170 1171
3 1130 1171 1131
3 1131 1171 1172
3 1131 1172 1132
3 1132 1172 1173
3 1132 1173 1133
3 1133 1173 1174
3 1133 1174 1134
3 1134 1174 1175
3 1134 1175 1135
3 1135 1175 1176
3 1135 1176 1136
3 1136 1176 1177
3 1136 1177 1137
3 1137 1177 1178
3 1137 1178 1138
3 1138 1178 1179
3 1138 1179 1139
3 1139 1179 1180
3 1139 1180 1140
3 1140 1180 1181
3 1140 1181 1141
3 1141 1181 1182
3 1141 1182 1142
3 1142 1182 1183
3 1142 1183 1143
3 1143 1183 1184
3 1143 1184 1144
3 1144 1184 1185
3 1144 1185 1145
3 1145 1185 1186
3 1145 1186 1146
3 1146 1186 1187
3 1146 1187 1147
3 1147 1187 1188
3 1147 1188 1148
3 1148 1188 1189
3 1148 1189 1149
3 1149 1189 1190
3 1149 1190 1150
3 1150 1190 1191
3 1150 1191 1151
3 1151 1191 1192
3 1151 1192 1152
3 1152 1192 1193
3 1152 1193 1153
3 1153 1193 1194
3 1153 1194 1154
3 1154 1194 1195
3 1154 1195 1155
3 1155 1195 1196
3 1155 1196 1156
3 1156 1196 1197
3 1156 1197 1157
3 1157 1197 1198
3 1157 1198 1158
3 1158 1198 1199
3 1158 1199 1159
3 1160 1200 1201
3 1160 1201 1161
3 1161 1201 1202
3 1161 1202 1162
3 1162 1202 1203
3 1162 1203 1163
3 1163 1203 1204
3 1163 1204 1164
3 1164 1204 1205
3 1164 1205 1165
3 1165 1205 1206
3 1165 1206 1166
3 1166 1206 1207
3 1166 1207 1167
3 1167 1207 1208
3 1167 1208 1168
3 1168 1208 1209
3 1168 1209 1169
3 1169 1209 1210
3 1169 1210 1170
3 1170 1210 1211
3 1170 1211 1171
3 1171 1211 1212
3 1171 1212 1172
3 1172 1212 1213
3 1172 1213 1173
3 1173 1213 1214
3 1173 1214 1174
3 1174 1214 1215
3 1174 1215 1175
3 1175 1215 1216
3 1175 1216 1176
3 1176 1216 1217
3 1176 1217 1177
3 1177 1217 1218
3 1177 1218 1178
3 1178 1218 1219
3 1178 1219 1179
3 1179 1219 1220
3 1179 1220 1180
3 1180 1220 1221
3 1180 1221 1181
3 1181 1221 1222
3 1181 1222 1182
3 1182 1222 1223
3 1182 1223 1183
3 1183 1223 1224
3 1183 1224 1184
3 1184 1224 1225
3 1184 1225 1185
3 1185 1225 1226
3 1185 1226 1186
3 1186 1226 1227
3 1186 1227 1187
3 1187 1227 1228
3 1187 1228 1188
3 1188 1228 1229
3 1188 1229 1189
3 1189 1229 1230
3 1189 1230 1190
3 1190 1230 1231
3 1190 1231 1191
3 1191 1231 1232
3 1191 1232 1192
3 1192 1232 1233
3 1192 1233 1193
3 1193 1233 1234
3 1193 1234 1194
3 1194 1234 1235
3 1194 1235 1195
3 1195 1235 1236
3 1195 1236 1196
3 1196 1236 1237
3 1196 1237 1197
3 1197 1237 1238
3 1197 1238 1198
3 1198 1238 1239
3 1198 1239 1199
3 1200 1240 1241
3 1200 1241 1201
3 1201 1241 1242
3 1201 1242 1202
3 1202 1242 1243
3 1202 1243 1203
3 1203 1243 1244
3 1203 1244 1204
3 1204 1244 1245
3 1204 1245 1205
3 1205 1245 1246
3 1205 1246 1206
3 1206 1246 1247
3 1206 1247 1207
3 1207 1247 1248
3 1207 1248 1208
3 1208 1248 1249
3 1208 1249 1209
3 1209 1249 1250
3 1209 1250 1210
3 1210 1250 1251
3 1210 1251 1211
3 1211 1251 1252
3 1211 1252 1212
3 1212 1252 1253
3 1212 1253 1213
3 1213 1253 1254
3 1213 1254 1214
3 1214 1254 1255
3 1214 1255 1215
3 1215 1255 1256
3 1215 1256 1216
3 1216 1256 1257
3 1216 1257 1217
3 1217 1257 1258
3 1217 1258 1218
3 1218 1258 1259
3 1218 1259 1219
3 1219 1259 1260
3 1219 1260 1220
3 1220 1260 1261
3 1220 1261 1221
3 1221 1261 1262
3 1221 1262 1222
3 1222 1262 1263
3 1222 1263 1223
3 1223 1263 1264
3 1223 1264 1224
3 1224 1264 1265
3 1224 1265 1225
3 1225 1265 1266
3 1225 1266 1226
3 1226 1266 1267
3 1226 1267 1227
3 1227 1267 1268
3 1227 1268 1228
3 1228 1268 1269
3 1228 1269 1229
3 1229 1269 1270
3 1229 1270 1230
3 1230 1270 1271
3 1230 1271 1231
3 1231 1271 1272
3 1231 1272 1232
3 1232 1272 1273
3 1232 1273 1233
3 1233 1273 1274
3 1233 1274 1234
3 1234 1274 1275
3 1234 1275 1235
3 1235 1275 1276
3 1235 1276 1236
3 1236 1276 1277
3 1236 1277 1237
3 1237 1277 1278
3 1237 1278 1238
3 1238 1278 1279
3 1238 1279 1239
3 1240 1280 1281
3 1240 1281 1241
3 1241 1281 1282
3 1241 1282 1242
3 1242 1282 1283
3 1242 1283 1243
3 1243 1283 1284
3 1243 1284 1244
3 1244 1284 1285
3 1244 1285 1245
3 1245 1285 1286
3 1245 1286 1246
3 1246 1286 1287
3 1246 1287 1247
3 1247 1287 1288
3 1247 1288 1248
3 1248 1288 1289
3 1248 1289 1249
3 1249 1289 1290
3 1249 1290 1250
3 1250 1290 1291
3 1250 1291 1251
3 1251 1291 1292
3 1251 1292 1252
3 1252 1292 1293
3 1252 1293 1253
3 1253 1293 1294
3 1253 1294 1254
3 1254 1294 1295
3 1254 1295 1255
3 1255 1295 1296
3 1255 1296 1256
3 1256 1296 1297
3 1256 1297 1257
3 1257 1297 1298
3 1257 1298 1258
3 1258 1298 1299
3 1258 1299 1259
3 1259 1299 1300
3 1259 1300 1260
3 1260 1300 1301
3 1260 1301 1261
3 1261 1301 1302
3 1261 1302 1262
3 1262 1302 1303
3 1262 1303 1263
3 1263 1303 1304
3 1263 1304 1264
3 1264 1304 1305
3 1264 1305 1265
3 1265 1305 1306
3 1265 1306 1266
3 1266 1306 1307
3 1266 1307 1267
3 1267 1307 1308
3 1267 1308 1268
3 1268 1308 1309
3 1268 1309 1269
3 1269 1309 1310
3 1269 1310 1270
3 1270 1310 1311
3 1270 1311 1271
3 1271 1311 1312
3 1271 1312 1272
3 1272 1312 1313
3 1272 1313 1273
3 1273 1313 1314
3 1273 1314 1274
3 1274 1314 1315
3 1274 1315 1275
3 1275 1315 1316
3 1275 1316 1276
3 1276 1316 1317
3 1276 1317 1277
3 1277 1317 1318
3 1277 1318 1278
3 1278 1318 1319
3 1278 1319 1279
3 1280 1320 1321
3 1280 1321 1281
3 1281 1321 1322
3 1281 1322 1282
3 1282 1322 1323
3 1282 1323 1283
3 1283 1323 1324
3 1283 1324 1284
3 1284 1324 1325
3 1284 1325 1285
3 1285 1325 1326
3 1285 1326 1286
3 1286 1326 1327
3 1286 1327 1287
3 1287 1327 1328
3 1287 1328 1288
3 1288 1328 1329
3 1288 1329 1289
3 1289 1329 1330
3 1289 1330 1290
3 1290 1330 1331
3 1290 1331 1291
3 1291 1331 1332
3 1291 1332 1292
3 1292 1332 1333
3 1292 1333 1293
3 1293 1333 1334
3 1293 1334 1294
3 1294 1334 1335
3 1294 1335 1295
3 1295 1335 1336
3 1295 1336 1296
3 1296 1336 1337
3 1296 1337 1297
3 1297 1337 1338
3 1297 1338 1298
3 1298 1338 1339
3 1298 1339 1299
3 1299 1339 1340
3 1299 1340 1300
3 1300 1340 1341
3 1300 1341 1301
3 1301 1341 1342
3 1301 1342 1302
3 1302 1342 1343
3 1302 1343 1303
3 1303 1343 1344
3 1303 1344 1304
3 1304 1344 1345
3 1304 1345 1305
3 1305 1345 1346
3 1305 1346 1306
3 1306 1346 1347
3 1306 1347 1307
3 1307 1347 1348
3 1307 1348 1308
3 1308 1348 1349
3 1308 1349 1309
3 1309 1349 1350
3 1309 1350 1310
3 1310 1350 1351
3 1310 1351 1311
3 1311 1351 1352
3 1311 1352 1312
3 1312 1352 1353
3 1312 1353 1313
3 1313 1353 1354
3 1313 1354 1314
3 1314 1354 1355
3 1314 1355 1315
3 1315 1355 1356
3 1315 1356 1316
3 1316 1356 1357
3 1316 1357 1317
3 1317 1357 1358
3 1317 1358 1318
3 1318 1358 1359
3 1318 1359 1319
3 1320 1360 1361
3 1320 1361 1321
3 1321 1361 1362
3 1321 1362 1322
3 1322 1362 1363
3 1322 1363 1323
3 1323 1363 1364
3 1323 1364 1324
3 1324 1364 1365
3 1324 1365 1325
3 1325 1365 1366
3 1325 1366 1326
3 1326 1366 1367
3 1326 1367 1327
3 1327 1367 1368
3 1327 1368 1328
3 1328 1368 1369
3 1328 1369 1329
3 1329 1369 1370
3 1329 1370 1330
3 1330 1370 1371
3 1330 1371 1331
3 1331 1371 1372
3 1331 1372 1332
3 1332 1372 1373
3 1332 1373 1333
3 1333 1373 1374
3 1333 1374 1334
3 1334 1374 1375
3 1334 1375 1335
3 1335 1375 1376
3 1335 1376 1336
3 1336 1376 1377
3 1336 1377 1337
3 1337 1377 1378
3 1337 1378 1338
3 1338 1378 1379
3 1338 1379 1339
3 1339 1379 1380
3 1339 1380 1340
3 1340 1380 1381
3 1340 1381 1341
3 1341 1381 1382
3 1341 1382 1342
3 1342 1382 1383
3 1342 1383 1343
3 1343 1383 1384
3 1343 1384 1344
3 1344 1384 1385
3 1344 1385 1345
3 1345 1385 1386
3 1345 1386 1346
3 1346 1386 1387
3 1346 1387 1347
3 1347 1387 1388
3 1347 1388 1348
3 1348 1388 1389
3 1348 1389 1349
3 1349 1389 1390
3 1349 1390 1350
3 1350 1390 1391
3 1350 1391 1351
3 1351 1391 1392
3 1351 1392 1352
3 1352 1392 1393
3 1352 1393 1353
3 1353 1393 1394
3 1353 1394 1354
3 1354 1394 1395
3 1354 1395 1355
3 1355 1395 1396
3 1355 1396 1356
3 1356 1396 1397
3 1356 1397 1357
3 1357 1397 1398
3 1357 1398 1358
3 1358 1398 1399
3 1358 1399 1359
3 1360 1400 1401
3 1360 1401 1361
3 1361 1401 1402
3 1361 1402 1362
3 1362 1402 1403
3 1362 1403 1363
3 1363 1403 1404
3 1363 1404 1364
3 1364 1404 1405
3 1364 1405 1365
3 1365 1405 1406
3 1365 1406 1366
3 1366 1406 1407
3 1366 1407 1367
3 1367 1407 1408
3 1367 1408 1368
3 1368 1408 1409
3 1368 1409 1369
3 1369 1409 1410
3 1369 1410 1370
3 1370 1410 1411
3 1370 1411 1371
3 1371 1411 1412
3 1371 1412 1372
3 1372 1412 1413
3 1372 1413 1373
3 1373 1413 1414
3 1373 1414 1374
3 1374 1414 1415
3 1374 1415 1375
3 1375 1415 1416
3 1375 1416 1376
3 1376 1416 1417
3 1376 1417 1377
3 1377 1417 1418
3 1377 1418 1378
3 1378 1418 1419
3 1378 1419 1379
3 1379 1419 1420
3 1379 1420 1380
3 1380 1420 1421
3 1380 1421 1381
3 1381 1421 1422
3 1381 1422 1382
3 1382 1422 1423
3 1382 1423 1383
3 1383 1423 1424
3 1383 1424 1384
3 1384 1424 1425
3 1384 1425 1385
3 1385 1425 1426
3 1385 1426 1386
3 1386 1426 1427
3 1386 1427 1387
3 1387 1427 1428
3 1387 1428 1388
3 1388 1428 1429
3 1388 1429 1389
3 1389 1429 1430
3 1389 1430 1390
3 1390 1430 1431
3 1390 1431 1391
3 1391 1431 1432
3 1391 1432 1392
3 1392 1432 1433
3 1392 1433 1393
3 1393 1433 1434
3 1393 1434 1394
3 1394 1434 1435
3 1394 1435 1395
3 1395 1435 1436
3 1395 1436 1396
3 1396 1436 1437
3 1396 1437 1397
3 1397 1437 1438
3 1397 1438 1398
3 1398 1438 1439
3 1398 1439 1399
3 1400 1440 1441
3 1400 1441 1401
3 1401 1441 1442
3 1401 1442 1402
3 1402 1442 1443
3 1402 1443 1403
3 1403 1443 1444
3 1403 1444 1404
3 1404 1444 1445
3 1404 1445 1405
3 1405 1445 1446
3 1405 1446 1406
3 1406 1446 1447
3 1406 1447 1407
3 1407 1447 1448
3 1407 1448 1408
3 1408 1448 1449
3 1408 1449 1409
3 1409 1449 1450
3 1409 1450 1410
3 1410 1450 1451
3 1410 1451 1411
3 1411 1451 1452
3 1411 1452 1412
3 1412 1452 1453
3 1412 1453 1413
3 1413 1453 1454
3 1413 1454 1414
3 1414 1454 1455
3 1414 1455 1415
3 1415 1455 1456
3 1415 1456 1416
3 1416 1456 1457
3 1416 1457 1417
3 1417 1457 1458
3 1417 1458 1418
3 1418 1458 1459
3 1418 1459 1419
3 1419 1459 1460
3 1419 1460 1420
3 1420 1460 1461
3 1420 1461 1421
3 1421 1461 1462
3 1421 1462 1422
3 1422 1462 1463
3 1422 1463 1423
3 1423 1463 1464
3 1423 1464 1424
3 1424 1464 1465
3 1424 1465 1425
3 1425 1465 1466
3 1425 1466 1426
3 1426 1466 1467
3 1426 1467 1427
3 1427 1467 1468
3 1427 1468 1428
3 1428 1468 1469
3 1428 1469 1429
3 1429 1469 1470
3 1429 1470 1430
3 1430 1470 1471
3 1430 1471 1431
3 1431 1471 1472
3 1431 1472 1432
3 1432 1472 1473
3 1432 1473 1433
3 1433 1473 1474
3 1433 1474 1434
3 1434 1474 1475
3 1434 1475 1435
3 1435 1475 1476
3 1435 1476 1436
3 1436 1476 1477
3 1436 1477 1437
3 1437 1477 1478
3 1437 1478 1438
3 1438 1478 1479
3 1438 1479 1439
3 1440 1480 1481
3 1440 1481 1441
3 1441 1481 1482
3 1441 1482 1442
3 1442 1482 1483
3 1442 1483 1443
3 1443 1483 1484
3 1443 1484 1444
3 1444 1484 1485
3 1444 1485 1445
3 1445 1485 1486
3 1445 1486 1446
3 1446 1486 1487
3 1446 1487 1447
3 1447 1487 1488
3 1447 1488 1448
3 1448 1488 1489
3 1448 1489 1449
3 1449 1489 1490
3 1449 1490 1450
3 1450 1490 1491
3 1450 1491 1451
3 1451 1491 1492
3 1451 1492 1452
3 1452 1492 1493
3 1452 1493 1453
3 1453 1493 1494
3 1453 1494 1454
3 1454 1494 1495
3 1454 1495 1455
3 1455 1495 1496
3 1455 1496 1456
3 1456 1496 1497
3 1456 1497 1457
3 1457 1497 1498
3 1457 1498 1458
3 1458 1498 1499
3 1458 1499 1459
3 1459 1499 1500
3 1459 1500 1460
3 1460 1500 1501
3 1460 1501 1461
3 1461 1501 1502
3 1461 1502 1462
3 1462 1502 1503
3 1462 1503 1463
3 1463 1503 1504
3 1463 1504 1464
3 1464 1504 1505
3 1464 1505 1465
3 1465 1505 1506
3 1465 1506 1466
3 1466 1506 1507
3 1466 1507 1467
3 1467 1507 1508
3 1467 1508 1468
3 1468 1508 1509
3 1468 1509 1469
3 1469 1509 1510
3 1469 1510 1470
3 1470 1510 1511
3 1470 1511 1471
3 1471 1511 1512
3 1471 1512 1472
3 1472 1512 1513
3 1472 1513 1473
3 1473 1513 1514
3 1473 1514 1474
3 1474 1514 1515
3 1474 1515 1475
3 1475 1515 1516
3 1475 1516 1476
3 1476 1516 1517
3 1476 1517 1477
3 1477 1517 1518
3 1477 1518 1478
3 1478 1518 1519
3 1478 1519 1479
3 1480 1520 1521
3 1480 1521 1481
3 1481 1521 1522
3 1481 1522 1482
3 1482 1522 1523
3 1482 1523 1483
3 1483 1523 1524
3 1483 1524 1484
3 1484 1524 1525
3 1484 1525 1485
3 1485 1525 1526
3 1485 1526 1486
3 1486 1526 1527
3 1486 1527 1487
3 1487 1527 1528
3 1487 1528 1488
3 1488 1528 1529
3 1488 1529 1489
3 1489 1529 1530
3 1489 1530 1490
3 1490 1530 1531
3 1490 1531 1491
3 1491 1531 1532
3 1491 1532 1492
3 1492 1532 1533
3 1492 1533 1493
3 1493 1533 1534
3 1493 1534 1494
3 1494 1534 1535
3 1494 1535 1495
3 1495 1535 1536
3 1495 1536 1496
3 1496 1536 1537
3 1496 1537 1497
3 1497 1537 1538
3 1497 1538 1498
3 1498 1538 1539
3 1498 1539 1499
3 1499 1539 1540
3 1499 1540 1500
3 1500 1540 1541
3 1500 1541 1501
3 1501 1541 1542
3 1501 1542 1502
3 1502 1542 1543
3 1502 1543 1503
3 1503 1543 1544
3 1503 1544 1504
3 1504 1544 1545
3 1504 1545 1505
3 1505 1545 1546
3 1505 1546 1506
3 1506 1546 1547
3 1506 1547 1507
3 1507 1547 1548
3 1507 1548 1508
3 1508 1548 1549
3 1508 1549 1509
3 1509 1549 1550
3 1509 1550 1510
3 1510 1550 1551
3 1510 1551 1511
3 1511 1551 1552
3 1511 1552 1512
3 1512 1552 1553
3 1512 1553 1513
3 1513 1553 1554
3 1513 1554 1514
3 1514 1554 1555
3 1514 1555 1515
3 1515 1555 1556
3 1515 1556 1516
3 1516 1556 1557
3 1516 1557 1517
3 1517 1557 1558
3 1517 1558 1518
3 1518 1558 1559
3 1518 1559 1519
3 1520 1560 1561
3 1520 1561 1521
3 1521 1561 1562
3 1521 1562 1522
3 1522 1562 1563
3 1522 1563 1523
3 1523 1563 1564
3 1523 1564 1524
3 1524 1564 1565
3 1524 1565 1525
3 1525 1565 1566
3 1525 1566 1526
3 1526 1566 1567
3 1526 1567 1527
3 1527 1567 1568
3 1527 1568 1528
3 1528 1568 1569
3 1528 1569 1529
3 1529 1569 1570
3 1529 1570 1530
3 1530 1570 1571
3 1530 1571 1531
3 1531 1571 1572
3 1531 1572 1532
3 1532 1572 1573
3 1532 1573 1533
3 1533 1573 1574
3 1533 1574 1534
3 1534 1574 1575
3 1534 1575 1535
3 1535 1575 1576
3 1535 1576 1536
3 1536 1576 1577
3 1536 1577 1537
3 1537 1577 1578
3 1537 1578 1538
3 1538 1578 1579
3 1538 1579 1539
3 1539 1579 1580
3 1539 1580 1540
3 1540 1580 1581
3 1540 1581 1541
3 1541 1581 1582
3 1541 1582 1542
3 1542 1582 1583
3 1542 1583 1543
3 1543 1583 1584
3 1543 1584 1544
3 1544 1584 1585
3 1544 1585 1545
3 1545 1585 1586
3 1545 1586 1546
3 1546 1586 1587
3 1546 1587 1547
3 1547 1587 1588
3 1547 1588 1548
3 1548 1588 1589
3 1548 1589 1549
3 1549 1589 1590
3 1549 1590 1550
3 1550 1590 1591
3 1550 1591 1551
3 1551 1591 1592
3 1551 1592 1552
3 1552 1592 1593
3 1552 1593 1553
3 1553 1593 1594
3 1553 1594 1554
3 1554 1594 1595
3 1554 1595 1555
3 1555 1595 1596
3 1555 1596 1556
3 1556 1596 1597
3 1556 1597 1557
3 1557 1597 1598
3 1557 1598 1558
3 1558 1598 1599
3 1558 1599 1559
3 1560 1600 1601
3 1560 1601 1561
3 1561 1601 1602
3 1561 1602 1562
3 1562 1602 1603
3 1562 1603 1563
3 1563 1603 1604
3 1563 1604 1564
3 1564 1604 1605
3 1564 1605 1565
3 1565 1605 1606
3 1565 1606 1566
3 1566 1606 1607
3 1566 1607 1567
3 1567 1607 1608
3 1567 1608 1568
3 1568 1608 1609
3 1568 1609 1569
3 1569 1609 1610
3 1569 1610 1570
3 1570 1610 1611
3 1570 1611 1571
3 1571 1611 1612
3 1571 1612 1572
3 1572 1612 1613
3 1572 1613 1573
3 1573 1613 1614
3 1573 1614 1574
3 1574 1614 1615
3 1574 1615 1575
3 1575 1615 1616
3 1575 1616 1576
3 1576 1616 1617
3 1576 1617 1577
3 1577 1617 1618
3 1577 1618 1578
3 1578 1618 1619
3 1578 1619 1579
3 1579 1619 1620
3 1579 1620 1580
3 1580 1620 1621
3 1580 1621 1581
3 1581 1621 1622
3 1581 1622 1582
3 1582 1622 1623
3 1582 1623 1583
3 1583 1623 1624
3 1583 1624 1584
3 1584 1624 1625
3 1584 1625 1585
3 1585 1625 1626
3 1585 1626 1586
3 1586 1626 1627
3 1586 1627 1587
3 1587 1627 1628
3 1587 1628 1588
3 1588 1628 1629
3 1588 1629 1589
3 1589 1629 1630
3 1589 1630 1590
3 1590 1630 1631
3 1590 1631 1591
3 1591 1631 1632
3 1591 1632 1592
3 1592 1632 1633
3 1592 1633 1593
3 1593 1633 1634
3 1593 1634 1594
3 1594 1634 1635
3 1594 1635 1595
3 1595 1635 1636
3 1595 1636 1596
3 1596 1636 1637
3 1596 1637 1597
3 1597 1637 1638
3 1597 1638 1598
3 1598 1638 1639
3 1598 1639 1599
3 1600 1640 1641
3 1600 1641 1601
3 1601 1641 1642
3 1601 1642 1602
3 1602 1642 1643
3 1602 1643 1603
3 1603 1643 1644
3 1603 1644 1604
3 1604 1644 1645
3 1604 1645 1605
3 1605 1645 1646
3 1605 1646 1606
3 1606 1646 1647
3 1606 1647 1607
3 1607 1647 1648
3 1607 1648 1608
3 1608 1648 1649
3 1608 1649 1609
3 1609 1649 1650
3 1609 1650 1610
3 1610 1650 1651
3 1610 1651 1611
3 1611 1651 1652
3 1611 1652 1612
3 1612 1652 1653
3 1612 1653 1613
3 1613 1653 1654
3 1613 1654 1614
3 1614 1654 1655
3 1614 1655 1615
3 1615 1655 1656
3 1615 1656 1616
3 1616 1656 1657
3 1616 1657 1617
3 1617 1657 1658
3 1617 1658 1618
3 1618 1658 1659
3 1618 1659 1619
3 1619 1659 1660
3 1619 1660 1620
3 1620 1660 1661
3 1620 1661 1621
3 1621 1661 1662
3 1621 1662 1622
3 1622 1662 1663
3 1622 1663 1623
3 1623 1663 1664
3 1623 1664 1624
3 1624 1664 1665
3 1624 1665 1625
3 1625 1665 1666
3 1625 1666 1626
3 1626 1666 1667
3 1626 1667 1627
3 1627 1667 1668
3 1627 1668 1628
3 1628 1668 1669
3 1628 1669 1629
3 1629 1669 1670
3 1629 1670 1630
3 1630 1670 1671
3 1630 1671 1631
3 1631 1671 1672
3 1631 1672 1632
3 1632 1672 1673
3 1632 1673 1633
3 1633 1673 1674
3 1633 1674 1634
3 1634 1674 1675
3 1634 1675 1635
3 1635 1675 1676
3 1635 1676 1636
3 1636 1676 1677
3 1636 1677 1637
3 1637 1677 1678
3 1637 1678 1638
3 1638 1678 1679
3 1638 1679 1639
3 1640 1680 1681
3 1640 1681 1641
3 1641 1681 1682
3 1641 1682 1642
3 1642 1682 1683
3 1642 1683 1643
3 1643 1683 1684
3 1643 1684 1644
3 1644 1684 1685
3 1644 1685 1645
3 1645 1685 1686
3 1645 1686 1646
3 1646 1686 1687
3 1646 1687 1647
3 1647 1687 1688
3 1647 1688 1648
3 1648 1688 1689
3 1648 1689 1649
3 1649 1689 1690
3 1649 1690 1650
3 1650 1690 1691
3 1650 1691 1651
3 1651 1691 1692
3 1651 1692 1652
3 1652 1692 1693
3 1652 1693 1653
3 1653 1693 1694
3 1653 1694 1654
3 1654 1694 1695
3 1654 1695 1655
3 1655 1695 1696
3 1655 1696 1656
3 1656 1696 1697
3 1656 1697 1657
3 1657 1697 1698
3 1657 1698 1658
3 1658 1698 1699
3 1658 1699 1659
3 1659 1699 1700
3 1659 1700 1660
3 1660 1700 1701
3 1660 1701 1661
3 1661 1701 1702
3 1661 1702 1662
3 1662 1702 1703
3 1662 1703 1663
3 1663 1703 1704
3 1663 1704 1664
3 1664 1704 1705
3 1664 1705 1665
3 1665 1705 1706
3 1665 1706 1666
3 1666 1706 1707
3 1666 1707 1667
3 1667 1707 1708
3 1667 1708 1668
3 1668 1708 1709
3 1668 1709 1669
3 1669 1709 1710
3 1669 1710 1670
3 1670 1710 1711
3 1670 1711 1671
3 1671 1711 1712
3 1671 1712 1672
3 1672 1712 1713
3 1672 1713 1673
3 1673 1713 1714
3 1673 1714 1674
3 1674 1714 1715
3 1674 1715 1675
3 1675 1715 1716
3 1675 1716 1676
3 1676 1716 1717
3 1676 1717 1677
3 1677 1717 1718
3 1677 1718 1678
3 1678 1718 1719
3 1678 1719 1679
3 1680 1720 1721
3 1680 1721 1681
3 1681 1721 1722
3 1681 1722 1682
3 1682 1722 1723
3 1682 1723 1683
3 1683 1723 1724
3 1683 1724 1684
3 1684 1724 1725
3 1684 1725 1685
3 1685 1725 1726
3 1685 1726 1686
3 1686 1726 1727
3 1686 1727 1687
3 1687 1727 1728
3 1687 1728 1688
3 1688 1728 1729
3 1688 1729 1689
3 1689 1729 1730
3 1689 1730 1690
3 1690 1730 1731
3 1690 1731 1691
3 1691 1731 1732
3 1691 1732 1692
3 1692 1732 1733
3 1692 1733 1693
3 1693 1733 1734
3 1693 1734 1694
3 1694 1734 1735
3 1694 1735 1695
3 1695 1735 1736
3 1695 1736 1696
3 1696 1736 1737
3 1696 1737 1697
3 1697 1737 1738
3 1697 1738 1698
3 1698 1738 1739
3 1698 1739 1699
3 1699 1739 1740
3 1699 1740 1700
3 1700 1740 1741
3 1700 1741 1701
3 1701 1741 1742
3 1701 1742 1702
3 1702 1742 1743
3 1702 1743 1703
3 1703 1743 1744
3 1703 1744 1704
3 1704 1744 1745
3 1704 1745 1705
3 1705 1745 1746
3 1705 1746 1706
3 1706 1746 1747
3 1706 1747 1707
3 1707 1747 1748
3 1707 1748 1708
3 1708 1748 1749
3 1708 1749 1709
3 1709 1749 1750
3 1709 1750 1710
3 1710 1750 1751
3 1710 1751 1711
3 1711 1751 1752
3 1711 1752 1712
3 1712 1752 1753
3 1712 1753 1713
3 1713 1753 1754
3 1713 1754 1714
3 1714 1754 1755
3 1714 1755 1715
3 1715 1755 1756
3 1715 1756 1716
3 1716 1756 1757
3 1716 1757 1717
3 1717 1757 1758
3 1717 1758 1718
3 1718 1758 1759
3 1718 1759 1719
3 1720 1760 1761
3 1720 1761 1721
3 1721 1761 1762
3 1721 1762 1722
3 1722 1762 1763
3 1722 1763 1723
3 1723 1763 1764
3 1723 1764 1724
3 1724 1764 1765
3 1724 1765 1725
3 1725 1765 1766
3 1725 1766 1726
3 1726 1766 1767
3 1726 1767 1727
3 1727 1767 1768
3 1727 1768 1728
3 1728 1768 1769
3 1728 1769 1729
3 1729 1769 1770
3 1729 1770 1730
3 1730 1770 1771
3 1730 1771 1731
3 1731 1771 1772
3 1731 1772 1732
3 1732 1772 1773
3 1732 1773 1733
3 1733 1773 1774
3 1733 1774 1734
3 1734 1774 1775
3 1734 1775 1735
3 1735 1775 1776
3 1735 1776 1736
3 1736 1776 1777
3 1736 1777 1737
3 1737 1777 1778
3 1737 1778 1738
3 1738 1778 1779
3 1738 1779 1739
3 1739 1779 1780
3 1739 1780 1740
3 1740 1780 1781
3 1740 1781 1741
3 1741 1781 1782
3 1741 1782 1742
3 1742 1782 1783
3 1742 1783 1743
3 1743 1783 1784
3 1743 1784 1744
3 1744 1784 1785
3 1744 1785 1745
3 1745 1785 1786
3 1745 1786 1746
3 1746 1786 1787
3 1746 1787 1747
3 1747 1787 1788
3 1747 1788 1748
3 1748 1788 1789
3 1748 1789 1749
3 1749 1789 1790
3 1749 1790 1750
3 1750 1790 1791
3 1750 1791 1751
3 1751 1791 1792
3 1751 1792 1752
3 1752 1792 1793
3 1752 1793 1753
3 1753 1793 1794
3 1753 1794 1754
3 1754 1794 1795
3 1754 1795 1755
3 1755 1795 1796
3 1755 1796 1756
3 1756 1796 1797
3 1756 1797 1757
3 1757 1797 1798
3 1757 1798 1758
3 1758 1798 1799
3 1758 1799 1759
3 1760 1800 1801
3 1760 1801 1761
3 1761 1801 1802
3 1761 1802 1762
3 1762 1802 1803
3 1762 1803 1763
3 1763 1803 1804
3 1763 1804 1764
3 1764 1804 1805
3 1764 1805 1765
3 1765 1805 1806
3 1765 1806 1766
3 1766 1806 1807
3 1766 1807 1767
3 1767 1807 1808
3 1767 1808 1768
3 1768 1808 1809
3 1768 1809 1769
3 1769 1809 1810
3 1769 1810 1770
3 1770 1810 1811
3 1770 1811 1771
3 1771 1811 1812
3 1771 1812 1772
3 1772 1812 1813
3 1772 1813 1773
3 1773 1813 1814
3 1773 1814 1774
3 1774 1814 1815
3 1774 1815 1775
3 1775 1815 1816
3 1775 1816 1776
3 1776 1816 1817
3 1776 1817 1777
3 1777 1817 1818
3 1777 1818 1778
3 1778 1818 1819
3 1778 1819 1779
3 1779 1819 1820
3 1779 1820 1780
3 1780 1820 1821
3 1780 1821 1781
3 1781 1821 1822
3 1781 1822 1782
3 1782 1822 1823
3 1782 1823 1783
3 1783 1823 1824
3 1783 1824 1784
3 1784 1824 1825
3 1784 1825 1785
3 1785 1825 1826
3 1785 1826 1786
3 1786 1826 1827
3 1786 1827 1787
3 1787 1827 1828
3 1787 1828 1788
3 1788 1828 1829
3 1788 1829 1789
3 1789 1829 1830
3 1789 1830 1790
3 1790 1830 1831
3 1790 1831 1791
3 1791 1831 1832
3 1791 1832 1792
3 1792 1832 1833
3 1792 1833 1793
3 1793 1833 1834
3 1793 1834 1794
3 1794 1834 1835
3 1794 1835 1795
3 1795 1835 1836
3 1795 1836 1796
3 1796 1836 1837
3 1796 1837 1797
3 1797 1837 1838
3 1797 1838 1798
3 1798 1838 1839
3 1798 1839 1799
3 1800 1840 1841
3 1800 1841 1801
3 1801 1841 1842
3 1801 1842 1802
3 1802 1842 1843
3 1802 1843 1803
3 1803 1843 1844
3 1803 1844 1804
3 1804 1844 1845
3 1804 1845 1805
3 1805 1845 1846
3 1805 1846 1806
3 1806 1846 1847
3 1806 1847 1807
3 1807 1847 1848
3 1807 1848 1808
3 1808 1848 1849
3 1808 1849 1809
3 1809 1849 1850
3 1809 1850 1810
3 1810 1850 1851
3 1810 1851 1811
3 1811 1851 1852
3 1811 1852 1812
3 1812 1852 1853
3 1812 1853 1813
3 1813 1853 1854
3 1813 1854 1814
3 1814 1854 1855
3 1814 1855 1815
3 1815 1855 1856
3 1815 1856 1816
3 1816 1856 1857
3 1816 1857 1817
3 1817 1857 1858
3 1817 1858 1818
3 1818 1858 1859
3 1818 1859 1819
3 1819 1859 1860
3 1819 1860 1820
3 1820 1860 1861
3 1820 1861 1821
3 1821 1861 1862
3 1821 1862 1822
3 1822 1862 1863
3 1822 1863 1823
3 1823 1863 1864
3 1823 1864 1824
3 1824 1864 1865
3 1824 1865 1825
3 1825 1865 1866
3 1825 1866 1826
3 1826 1866 1867
3 1826 1867 1827
3 1827 1867 1868
3 1827 1868 1828
3 1828 1868 1869
3 1828 1869 1829
3 1829 1869 1870
3 1829 1870 1830
3 1830 1870 1871
3 1830 1871 1831
3 1831 1871 1872
3 1831 1872 1832
3 1832 1872 1873
3 1832 1873 1833
3 1833 1873 1874
3 1833 1874 1834
3 1834 1874 1875
3 1834 1875 1835
3 1835 1875 1876
3 1835 1876 1836
3 1836 1876 1877
3 1836 1877 1837
3 1837 1877 1878
3 1837 1878 1838
3 1838 1878 1879
3 1838 1879 1839
3 1840 1880 1881
3 1840 1881 1841
3 1841 1881 1882
3 1841 1882 1842
3 1842 1882 1883
3 1842 1883 1843
3 1843 1883 1884
3 1843 1884 1844
3 1844 1884 1885
3 1844 1885 1845
3 1845 1885 1886
3 1845 1886 1846
3 1846 1886 1887
3 1846 1887 1847
3 1847 1887 1888
3 1847 1888 1848
3 1848 1888 1889
3 1848 1889 1849
3 1849 1889 1890
3 1849 1890 1850
3 1850 1890 1891
3 1850 1891 1851
3 1851 1891 1892
3 1851 1892 1852
3 1852 1892 1893
3 1852 1893 1853
3 1853 1893 1894
3 1853 1894 1854
3 1854 1894 1895
3 1854 1895 1855
3 1855 1895 1896
3 1855 1896 1856
3 1856 1896 1897
3 1856 1897 1857
3 1857 1897 1898
3 1857 1898 1858
3 1858 1898 1899
3 1858 1899 1859
3 1859 1899 1900
3 1859 1900 1860
3 1860 1900 1901
3 1860 1901 1861
3 1861 1901 1902
3 1861 1902 1862
3 1862 1902 1903
3 1862 1903 1863
3 1863 1903 1904
3 1863 1904 1864
3 1864 1904 1905
3 1864 1905 1865
3 1865 1905 1906
3 1865 1906 1866
3 1866 1906 1907
3 1866 1907 1867
3 1867 1907 1908
3 1867 1908 1868
3 1868 1908 1909
3 1868 1909 1869
3 1869 1909 1910
3 1869 1910 1870
3 1870 1910 1911
3 1870 1911 1871
3 1871 1911 1912
3 1871 1912 1872
3 1872 1912 1913
3 1872 1913 1873
3 1873 1913 1914
3 1873 1914 1874
3 1874 1914 1915
3 1874 1915 1875
3 1875 1915 1916
3 1875 1916 1876
3 1876 1916 1917
3 1876 1917 1877
3 1877 1917 1918
3 1877 1918 1878
3 1878 1918 1919
3 1878 1919 1879
3 1880 1920 1921
3 1880 1921 1881
3 1881 1921 1922
3 1881 1922 1882
3 1882 1922 1923
3 1882 1923 1883
3 1883 1923 1924
3 1883 1924 1884
3 1884 1924 1925
3 1884 1925 1885
3 1885 1925 1926
3 1885 1926 1886
3 1886 1926 1927
3 1886 1927 1887
3 1887 1927 1928
3 1887 1928 1888
3 1888 1928 1929
3 1888 1929 1889
3 1889 1929 1930
3 1889 1930 1890
3 1890 1930 1931
3 1890 1931 1891
3 1891 1931 1932
3 1891 1932 1892
3 1892 1932 1933
3 1892 1933 1893
3 1893 1933 1934
3 1893 1934 1894
3 1894 1934 1935
3 1894 1935 1895
3 1895 1935 1936
3 1895 1936 1896
3 1896 1936 1937
3 1896 1937 1897
3 1897 1937 1938
3 1897 1938 1898
3 1898 1938 1939
3 1898 1939 1899
3 1899 1939 1940
3 1899 1940 1900
3 1900 1940 1941
3 1900 1941 1901
3 1901 1941 1942
3 1901 1942 1902
3 1902 1942 1943
3 1902 1943 1903
3 1903 1943 1944
3 1903 1944 1904
3 1904 1944 1945
3 1904 1945 1905
3 1905 1945 1946
3 1905 1946 1906
3 1906 1946 1947
3 1906 1947 1907
3 1907 1947 1948
3 1907 1948 1908
3 1908 1948 1949
3 1908 1949 1909
3 1909 1949 1950
3 1909 1950 1910
3 1910 1950 1951
3 1910 1951 1911
3 1911 1951 1952
3 1911 1952 1912
3 1912 1952 1953
3 1912 1953 1913
3 1913 1953 1954
3 1913 1954 1914
3 1914 1954 1955
3 1914 1955 1915
3 1915 1955 1956
3 1915 1956 1916
3 1916 1956 1957
3 1916 1957 1917
3 1917 1957 1958
3 1917 1958 1918
3 1918 1958 1959
3 1918 1959 1919
3 1920 1960 1961
3 1920 1961 1921
3 1921 1961 1962
3 1921 1962 1922
3 1922 1962 1963
3 1922 1963 1923
3 1923 1963 1964
3 1923 1964 1924
3 1924 1964 1965
3 1924 1965 1925
3 1925 1965 1966
3 1925 1966 1926
3 1926 1966 1967
3 1926 1967 1927
3 1927 1967 1968
3 1927 1968 1928
3 1928 1968 1969
3 1928 1969 1929
3 1929 1969 1970
3 1929 1970 1930
3 1930 1970 1971
3 1930 1971 1931
3 1931 1971 1972
3 1931 1972 1932
3 1932 1972 1973
3 1932 1973 1933
3 1933 1973 1974
3 1933 1974 1934
3 1934 1974 1975
3 1934 1975 1935
3 1935 1975 1976
3 1935 1976 1936
3 1936 1976 1977
3 1936 1977 1937
3 1937 1977 1978
3 1937 1978 1938
3 1938 1978 1979
3 1938 1979 1939
3 1939 1979 1980
3 1939 1980 1940
3 1940 1980 1981
3 1940 1981 1941
3 1941 1981 1982
3 1941 1982 1942
3 1942 1982 1983
3 1942 1983 1943
3 1943 1983 1984
3 1943 1984 1944
3 1944 1984 1985
3 1944 1985 1945
3 1945 1985 1986
3 1945 1986 1946
3 1946 1986 1987
3 1946 1987 1947
3 1947 1987 1988
3 1947 1988 1948
3 1948 1988 1989
3 1948 1989 1949
3 1949 1989 1990
3 1949 1990 1950
3 1950 1990 1991
3 1950 1991 1951
3 1951 1991 1992
3 1951 1992 1952
3 1952 1992 1993
3 1952 1993 1953
3 1953 1993 1994
3 1953 1994 1954
3 1954 1994 1995
3 1954 1995 1955
3 1955 1995 1996
3 1955 1996 1956
3 1956 1996 1997
3 1956 1997 1957
3 1957 1997 1998
3 1957 1998 1958
3 1958 1998 1999
3 1958 1999 1959
3 1960 2000 2001
3 1960 2001 1961
3 1961 2001 2002
3 1961 2002 1962
3 1962 2002 2003
3 1962 2003 1963
3 1963 2003 2004
3 1963 2004 1964
3 1964 2004 2005
3 1964 2005 1965
3 1965 2005 2006
3 1965 2006 1966
3 1966 2006 2007
3 1966 2007 1967
3 1967 2007 2008
3 1967 2008 1968
3 1968 2008 2009
3 1968 2009 1969
3 1969 2009 2010
3 1969 2010 1970
3 1970 2010 2011
3 1970 2011 1971
3 1971 2011 2012
3 1971 2012 1972
3 1972 2012 2013
3 1972 2013 1973
3 1973 2013 2014
3 1973 2014 1974
3 1974 2014 2015
3 1974 2015 1975
3 1975 2015 2016
3 1975 2016 1976
3 1976 2016 2017
3 1976 2017 1977
3 1977 2017 2018
3 1977 2018 1978
3 1978 2018 2019
3 1978 2019 1979
3 1979 2019 2020
3 1979 2020 1980
3 1980 2020 2021
3 1980 2021 1981
3 1981 2021 2022
3 1981 2022 1982
3 1982 2022 2023
3 1982 2023 1983
3 1983 2023 2024
3 1983 2024 1984
3 1984 2024 2025
3 1984 2025 1985
3 1985 2025 2026
3 1985 2026 1986
3 1986 2026 2027
3 1986 2027 1987
3 1987 2027 2028
3 1987 2028 1988
3 1988 2028 2029
3 1988 2029 1989
3 1989 2029 2030
3 1989 2030 1990
3 1990 2030 2031
3 1990 2031 1991
3 1991 2031 2032
3 1991 2032 1992
3 1992 2032 2033
3 1992 2033 1993
3 1993 2033 2034
3 1993 2034 1994
3 1994 2034 2035
3 1994 2035 1995
3 1995 2035 2036
3 1995 2036 1996
3 1996 2036 2037
3 1996 2037 1997
3 1997 2037 2038
3 1997 2038 1998
3 1998 2038 2039
3 1998 2039 1999
3 2000 2040 2041
3 2000 2041 2001
3 2001 2041 2042
3 2001 2042 2002
3 2002 2042 2043
3 2002 2043 2003
3 2003 2043 2044
3 2003 2044 2004
3 2004 2044 2045
3 2004 2045 2005
3 2005 2045 2046
3 2005 2046 2006
3 2006 2046 2047
3 2006 2047 2007
3 2007 2047 2048
3 2007 2048 2008
3 2008 2048 2049
3 2008 2049 2009
3 2009 2049 2050
3 2009 2050 2010
3 2010 2050 2051
3 2010 2051 2011
3 2011 2051 2052
3 2011 2052 2012
3 2012 2052 2053
3 2012 2053 2013
3 2013 2053 2054
3 2013 2054 2014
3 2014 2054 2055
3 2014 2055 2015
3 2015 2055 2056
3 2015 2056 2016
3 2016 2056 2057
3 2016 2057 2017
3 2017 2057 2058
3 2017 2058 2018
3 2018 2058 2059
3 2018 2059 2019
3 2019 2059 2060
3 2019 2060 2020
3 2020 2060 2061
3 2020 2061 2021
3 2021 2061 2062
3 2021 2062 2022
3 2022 2062 2063
3 2022 2063 2023
3 2023 2063 2064
3 2023 2064 2024
3 2024 2064 2065
3 2024 2065 2025
3 2025 2065 2066
3 2025 2066 2026
3 2026 2066 2067
3 2026 2067 2027
3 2027 2067 2068
3 2027 2068 2028
3 2028 2068 2069
3 2028 2069 2029
3 2029 2069 2070
3 2029 2070 2030
3 2030 2070 2071
3 2030 2071 2031
3 2031 2071 2072
3 2031 2072 2032
3 2032 2072 2073
3 2032 2073 2033
3 2033 2073 2074
3 2033 2074 2034
3 2034 2074 2075
3 2034 2075 2035
3 2035 2075 2076
3 2035 2076 2036
3 2036 2076 2077
3 2036 2077 2037
3 2037 2077 2078
3 2037 2078 2038
3 2038 2078 2079
3 2038 2079 2039
3 2040 2080 2081
3 2040 2081 2041
3 2041 2081 2082
3 2041 2082 2042
3 2042 2082 2083
3 2042 2083 2043
3 2043 2083 2084
3 2043 2084 2044
3 2044 2084 2085
3 2044 2085 2045
3 2045 2085 2086
3 2045 2086 2046
3 2046 2086 2087
3 2046 2087 2047
3 2047 2087 2088
3 2047 2088 2048
3 2048 2088 2089
3 2048 2089 2049
3 2049 2089 2090
3 2049 2090 2050
3 2050 2090 2091
3 2050 2091 2051
3 2051 2091 2092
3 2051 2092 2052
3 2052 2092 2093
3 2052 2093 2053
3 2053 2093 2094
3 2053 2094 2054
3 2054 2094 2095
3 2054 2095 2055
3 2055 2095 2096
3 2055 2096 2056
3 2056 2096 2097
3 2056 2097 2057
3 2057 2097 2098
3 2057 2098 2058
3 2058 2098 2099
3 2058 2099 2059
3 2059 2099 2100
3 2059 2100 2060
3 2060 2100 2101
3 2060 2101 2061
3 2061 2101 2102
3 2061 2102 2062
3 2062 2102 2103
3 2062 2103 2063
3 2063 2103 2104
3 2063 2104 2064
3 2064 2104 2105
3 2064 2105 2065
3 2065 2105 2106
3 2065 2106 2066
3 2066 2106 2107
3 2066 2107 2067
3 2067 2107 2108
3 2067 2108 2068
3 2068 2108 2109
3 2068 2109 2069
3 2069 2109 2110
3 2069 2110 2070
3 2070 2110 2111
3 2070 2111 2071
3 2071 2111 2112
3 2071 2112 2072
3 2072 2112 2113
3 2072 2113 2073
3 2073 2113 2114
3 2073 2114 2074
3 2074 2114 2115
3 2074 2115 2075
3 2075 2115 2116
3 2075 2116 2076
3 2076 2116 2117
3 2076 2117 2077
3 2077 2117 2118
3 2077 2118 2078
3 2078 2118 2119
3 2078 2119 2079
3 2080 2120 2121
3 2080 2121 2081
3 2081 2121 2122
3 2081 2122 2082
3 2082 2122 2123
3 2082 2123 2083
3 2083 2123 2124
3 2083 2124 2084
3 2084 2124 2125
3 2084 2125 2085
3 2085 2125 2126
3 2085 2126 2086
3 2086 2126 2127
3 2086 2127 2087
3 2087 2127 2128
3 2087 2128 2088
3 2088 2128 2129
3 2088 2129 2089
3 2089 2129 2130
3 2089 2130 2090
3 2090 2130 2131
3 2090 2131 2091
3 2091 2131 2132
3 2091 2132 2092
3 2092 2132 2133
3 2092 2133 2093
3 2093 2133 2134
3 2093 2134 2094
3 2094 2134 2135
3 2094 2135 2095
3 2095 2135 2136
3 2095 2136 2096
3 2096 2136 2137
3 2096 2137 2097
3 2097 2137 2138
3 2097 2138 2098
3 2098 2138 2139
3 2098 2139 2099
3 2099 2139 2140
3 2099 2140 2100
3 2100 2140 2141
3 2100 2141 2101
3 2101 2141 2142
3 2101 2142 2102
3 2102 2142 2143
3 2102 2143 2103
3 2103 2143 2144
3 2103 2144 2104
3 2104 2144 2145
3 2104 2145 2105
3 2105 2145 2146
3 2105 2146 2106
3 2106 2146 2147
3 2106 2147 2107
3 2107 2147 2148
3 2107 2148 2108
3 2108 2148 2149
3 2108 2149 2109
3 2109 2149 2150
3 2109 2150 2110
3 2110 2150 2151
3 2110 2151 2111
3 2111 2151 2152
3 2111 2152 2112
3 2112 2152 2153
3 2112 2153 2113
3 2113 2153 2154
3 2113 2154 2114
3 2114 2154 2155
3 2114 2155 2115
3 2115 2155 2156
3 2115 2156 2116
3 2116 2156 2157
3 2116 2157 2117
3 2117 2157 2158
3 2117 2158 2118
3 2118 2158 2159
3 2118 2159 2119
3 2120 2160 2161
3 2120 2161 2121
3 2121 2161 2162
3 2121 2162 2122
3 2122 2162 2163
3 2122 2163 2123
3 2123 2163 2164
3 2123 2164 2124
3 2124 2164 2165
3 2124 2165 2125
3 2125 2165 2166
3 2125 2166 2126
3 2126 2166 2167
3 2126 2167 2127
3 2127 2167 2168
3 2127 2168 2128
3 2128 2168 2169
3 2128 2169 2129
3 2129 2169 2170
3 2129 2170 2130
3 2130 2170 2171
3 2130 2171 2131
3 2131 2171 2172
3 2131 2172 2132
3 2132 2172 2173
3 2132 2173 2133
3 2133 2173 2174
3 2133 2174 2134
3 2134 2174 2175
3 2134 2175 2135
3 2135 2175 2176
3 2135 2176 2136
3 2136 2176 2177
3 2136 2177 2137
3 2137 2177 2178
3 2137 2178 2138
3 2138 2178 2179
3 2138 2179 2139
3 2139 2179 2180
3 2139 2180 2140
3 2140 2180 2181
3 2140 2181 2141
3 2141 2181 2182
3 2141 2182 2142
3 2142 2182 2183
3 2142 2183 2143
3 2143 2183 2184
3 2143 2184 2144
3 2144 2184 2185
3 2144 2185 2145
3 2145 2185 2186
3 2145 2186 2146
3 2146 2186 2187
3 2146 2187 2147
3 2147 2187 2188
3 2147 2188 2148
3 2148 2188 2189
3 2148 2189 2149
3 2149 2189 2190
3 2149 2190 2150
3 2150 2190 2191
3 2150 2191 2151
3 2151 2191 2192
3 2151 2192 2152
3 2152 2192 2193
3 2152 2193 2153
3 2153 2193 2194
3 2153 2194 2154
3 2154 2194 2195
3 2154 2195 2155
3 2155 2195 2196
3 2155 2196 2156
3 2156 2196 2197
3 2156 2197 2157
3 2157 2197 2198
3 2157 2198 2158
3 2158 2198 2199
3 2158 2199 2159
3 2160 2200 2201
3 2160 2201 2161
3 2161 2201 2202
3 2161 2202 2162
3 2162 2202 2203
3 2162 2203 2163
3 2163 2203 2204
3 2163 2204 2164
3 2164 2204 2205
3 2164 2205 2165
3 2165 2205 2206
3 2165 2206 2166
3 2166 2206 2207
3 2166 2207 2167
3 2167 2207 2208
3 2167 2208 2168
3 2168 2208 2209
3 2168 2209 2169
3 2169 2209 2210
3 2169 2210 2170
3 2170 2210 2211
3 2170 2211 2171
3 2171 2211 2212
3 2171 2212 2172
3 2172 2212 2213
3 2172 2213 2173
3 2173 2213 2214
3 2173 2214 2174
3 2174 2214 2215
3 2174 2215 2175
3 2175 2215 2216
3 2175 2216 2176
3 2176 2216 2217
3 2176 2217 2177
3 2177 2217 2218
3 2177 2218 2178
3 2178 2218 2219
3 2178 2219 2179
3 2179 2219 2220
3 2179 2220 2180
3 2180 2220 2221
3 2180 2221 2181
3 2181 2221 2222
3 2181 2222 2182
3 2182 2222 2223
3 2182 2223 2183
3 2183 2223 2224
3 2183 2224 2184
3 2184 2224 2225
3 2184 2225 2185
3 2185 2225 2226
3 2185 2226 2186
3 2186 2226 2227
3 2186 2227 2187
3 2187 2227 2228
3 2187 2228 2188
3 2188 2228 2229
3 2188 2229 2189
3 2189 2229 2230
3 2189 2230 2190
3 2190 2230 2231
3 2190 2231 2191
3 2191 2231 2232
3 2191 2232 2192
3 2192 2232 2233
3 2192 2233 2193
3 2193 2233 2234
3 2193 2234 2194
3 2194 2234 2235
3 2194 2235 2195
3 2195 2235 2236
3 2195 2236 2196
3 2196 2236 2237
3 2196 2237 2197
3 2197 2237 2238
3 2197 2238 2198
3 2198 2238 2239
3 2198 2239 2199
3 2200 2240 2241
3 2200 2241 2201
3 2201 2241 2242
3 2201 2242 2202
3 2202 2242 2243
3 2202 2243 2203
3 2203 2243 2244
3 2203 2244 2204
3 2204 2244 2245
3 2204 2245 2205
3 2205 2245 2246
3 2205 2246 2206
3 2206 2246 2247
3 2206 2247 2207
3 2207 2247 2248
3 2207 2248 2208
3 2208 2248 2249
3 2208 2249 2209
3 2209 2249 2250
3 2209 2250 2210
3 2210 2250 2251
3 2210 2251 2211
3 2211 2251 2252
3 2211 2252 2212
3 2212 2252 2253
3 2212 2253 2213
3 2213 2253 2254
3 2213 2254 2214
3 2214 2254 2255
3 2214 2255 2215
3 2215 2255 2256
3 2215 2256 2216
3 2216 2256 2257
3 2216 2257 2217
3 2217 2257 2258
3 2217 2258 2218
3 2218 2258 2259
3 2218 2259 2219
3 2219 2259 2260
3 2219 2260 2220
3 2220 2260 2261
3 2220 2261 2221
3 2221 2261 2262
3 2221 2262 2222
3 2222 2262 2263
3 2222 2263 2223
3 2223 2263 2264
3 2223 2264 2224
3 2224 2264 2265
3 2224 2265 2225
3 2225 2265 2266
3 2225 2266 2226
3 2226 2266 2267
3 2226 2267 2227
3 2227 2267 2268
3 2227 2268 2228
3 2228 2268 2269
3 2228 2269 2229
3 2229 2269 2270
3 2229 2270 2230
3 2230 2270 2271
3 2230 2271 2231
3 2231 2271 2272
3 2231 2272 2232
3 2232 2272 2273
3 2232 2273 2233
3 2233 2273 2274
3 2233 2274 2234
3 2234 2274 2275
3 2234 2275 2235
3 2235 2275 2276
3 2235 2276 2236
3 2236 2276 2277
3 2236 2277 2237
3 2237 2277 2278
3 2237 2278 2238
3 2238 2278 2279
3 2238 2279 2239
3 2240 2280 2281
3 2240 2281 2241
3 2241 2281 2282
3 2241 2282 2242
3 2242 2282 2283
3 2242 2283 2243
3 2243 2283 2284
3 2243 2284 2244
3 2244 2284 2285
3 2244 2285 2245
3 2245 2285 2286
3 2245 2286 2246
3 2246 2286 2287
3 2246 2287 2247
3 2247 2287 2288
3 2247 2288 2248
3 2248 2288 2289
3 2248 2289 2249
3 2249 2289 2290
3 2249 2290 2250
3 2250 2290 2291
3 2250 2291 2251
3 2251 2291 2292
3 2251 2292 2252
3 2252 2292 2293
3 2252 2293 2253
3 2253 2293 2294
3 2253 2294 2254
3 2254 2294 2295
3 2254 2295 2255
3 2255 2295 2296
3 2255 2296 2256
3 2256 2296 2297
3 2256 2297 2257
3 2257 2297 2298
3 2257 2298 2258
3 2258 2298 2299
3 2258 2299 2259
3 2259 2299 2300
3 2259 2300 2260
3 2260 2300 2301
3 2260 2301 2261
3 2261 2301 2302
3 2261 2302 2262
3 2262 2302 2303
3 2262 2303 2263
3 2263 2303 2304
3 2263 2304 2264
3 2264 2304 2305
3 2264 2305 2265
3 2265 2305 2306
3 2265 2306 2266
3 2266 2306 2307
3 2266 2307 2267
3 2267 2307 2308
3 2267 2308 2268
3 2268 2308 2309
3 2268 2309 2269
3 2269 2309 2310
3 2269 2310 2270
3 2270 2310 2311
3 2270 2311 2271
3 2271 2311 2312
3 2271 2312 2272
3 2272 2312 2313
3 2272 2313 2273
3 2273 2313 2314
3 2273 2314 2274
3 2274 2314 2315
3 2274 2315 2275
3 2275 2315 2316
3 2275 2316 2276
3 2276 2316 2317
3 2276 2317 2277
3 2277 2317 2318
3 2277 2318 2278
3 2278 2318 2319
3 2278 2319 2279
3 2280 2320 2321
3 2280 2321 2281
3 2281 2321 2322
3 2281 2322 2282
3 2282 2322 2323
3 2282 2323 2283
3 2283 2323 2324
3 2283 2324 2284
3 2284 2324 2325
3 2284 2325 2285
3 2285 2325 2326
3 2285 2326 2286
3 2286 2326 2327
3 2286 2327 2287
3 2287 2327 2328
3 2287 2328 2288
3 2288 2328 2329
3 2288 2329 2289
3 2289 2329 2330
3 2289 2330 2290
3 2290 2330 2331
3 2290 2331 2291
3 2291 2331 2332
3 2291 2332 2292
3 2292 2332 2333
3 2292 2333 2293
3 2293 2333 2334
3 2293 2334 2294
3 2294 2334 2335
3 2294 2335 2295
3 2295 2335 2336
3 2295 2336 2296
3 2296 2336 2337
3 2296 2337 2297
3 2297 2337 2338
3 2297 2338 2298
3 2298 2338 2339
3 2298 2339 2299
3 2299 2339 2340
3 2299 2340 2300
3 2300 2340 2341
3 2300 2341 2301
3 2301 2341 2342
3 2301 2342 2302
3 2302 2342 2343
3 2302 2343 2303
3 2303 2343 2344
3 2303 2344 2304
3 2304 2344 2345
3 2304 2345 2305
3 2305 2345 2346
3 2305 2346 2306
3 2306 2346 2347
3 2306 2347 2307
3 2307 2347 2348
3 2307 2348 2308
3 2308 2348 2349
3 2308 2349 2309
3 2309 2349 2350
3 2309 2350 2310
3 2310 2350 2351
3 2310 2351 2311
3 2311 2351 2352
3 2311 2352 2312
3 2312 2352 2353
3 2312 2353 2313
3 2313 2353 2354
3 2313 2354 2314
3 2314 2354 2355
3 2314 2355 2315
3 2315 2355 2356
3 2315 2356 2316
3 2316 2356 2357
3 2316 2357 2317
3 2317 2357 2358
3 2317 2358 2318
3 2318 2358 2359
3 2318 2359 2319
3 2320 2360 2361
3 2320 2361 2321
3 2321 2361 2362
3 2321 2362 2322
3 2322 2362 2363
3 2322 2363 2323
3 2323 2363 2364
3 2323 2364 2324
3 2324 2364 2365
3 2324 2365 2325
3 2325 2365 2366
3 2325 2366 2326
3 2326 2366 2367
3 2326 2367 2327
3 2327 2367 2368
3 2327 2368 2328
3 2328 2368 2369
3 2328 2369 2329
3 2329 2369 2370
3 2329 2370 2330
3 2330 2370 2371
3 2330 2371 2331
3 2331 2371 2372
3 2331 2372 2332
3 2332 2372 2373
3 2332 2373 2333
3 2333 2373 2374
3 2333 2374 2334
3 2334 2374 2375
3 2334 2375 2335
3 2335 2375 2376
3 2335 2376 2336
3 2336 2376 2377
3 2336 2377 2337
3 2337 2377 2378
3 2337 2378 2338
3 2338 2378 2379
3 2338 2379 2339
3 2339 2379 2380
3 2339 2380 2340
3 2340 2380 2381
3 2340 2381 2341
3 2341 2381 2382
3 2341 2382 2342
3 2342 2382 2383
3 2342 2383 2343
3 2343 2383 2384
3 2343 2384 2344
3 2344 2384 2385
3 2344 2385 2345
3 2345 2385 2386
3 2345 2386 2346
3 2346 2386 2387
3 2346 2387 2347
3 2347 2387 2388
3 2347 2388 2348
3 2348 2388 2389
3 2348 2389 2349
3 2349 2389 2390
3 2349 2390 2350
3 2350 2390 2391
3 2350 2391 2351
3 2351 2391 2392
3 2351 2392 2352
3 2352 2392 2393
3 2352 2393 2353
3 2353 2393 2394
3 2353 2394 2354
3 2354 2394 2395
3 2354 2395 2355
3 2355 2395 2396
3 2355 2396 2356
3 2356 2396 2397
3 2356 2397 2357
3 2357 2397 2398
3 2357 2398 2358
3 2358 2398 2399
3 2358 2399 2359
3 2360 2400 2401
3 2360 2401 2361
3 2361 2401 2402
3 2361 2402 2362
3 2362 2402 2403
3 2362 2403 2363
3 2363 2403 2404
3 2363 2404 2364
3 2364 2404 2405
3 2364 2405 2365
3 2365 2405 2406
3 2365 2406 2366
3 2366 2406 2407
3 2366 2407 2367
3 2367 2407 2408
3 2367 2408 2368
3 2368 2408 2409
3 2368 2409 2369
3 2369 2409 2410
3 2369 2410 2370
3 2370 2410 2411
3 2370 2411 2371
3 2371 2411 2412
3 2371 2412 2372
3 2372 2412 2413
3 2372 2413 2373
3 2373 2413 2414
3 2373 2414 2374
3 2374 2414 2415
3 2374 2415 2375
3 2375 2415 2416
3 2375 2416 2376
3 2376 2416 2417
3 2376 2417 2377
3 2377 2417 2418
3 2377 2418 2378
3 2378 2418 2419
3 2378 2419 2379
3 2379 2419 2420
3 2379 2420 2380
3 2380 2420 2421
3 2380 2421 2381
3 2381 2421 2422
3 2381 2422 2382
3 2382 2422 2423
3 2382 2423 2383
3 2383 2423 2424
3 2383 2424 2384
3 2384 2424 2425
3 2384 2425 2385
3 2385 2425 2426
3 2385 2426 2386
3 2386 2426 2427
3 2386 2427 2387
3 2387 2427 2428
3 2387 2428 2388
3 2388 2428 2429
3 2388 2429 2389
3 2389 2429 2430
3 2389 2430 2390
3 2390 2430 2431
3 2390 2431 2391
3 2391 2431 2432
3 2391 2432 2392
3 2392 2432 2433
3 2392 2433 2393
3 2393 2433 2434
3 2393 2434 2394
3 2394 2434 2435
3 2394 2435 2395
3 2395 2435 2436
3 2395 2436 2396
3 2396 2436 2437
3 2396 2437 2397
3 2397 2437 2438
3 2397 2438 2398
3 2398 2438 2439
3 2398 2439 2399
3 2400 2440 2441
3 2400 2441 2401
3 2401 2441 2442
3 2401 2442 2402
3 2402 2442 2443
3 2402 2443 2403
3 2403 2443 2444
3 2403 2444 2404
3 2404 2444 2445
3 2404 2445 2405
3 2405 2445 2446
3 2405 2446 2406
3 2406 2446 2447
3 2406 2447 2407
3 2407 2447 2448
3 2407 2448 2408
3 2408 2448 2449
3 2408 2449 2409
3 2409 2449 2450
3 2409 2450 2410
3 2410 2450 2451
3 2410 2451 2411
3 2411 2451 2452
3 2411 2452 2412
3 2412 2452 2453
3 2412 2453 2413
3 2413 2453 2454
3 2413 2454 2414
3 2414 2454 2455
3 2414 2455 2415
3 2415 2455 2456
3 2415 2456 2416
3 2416 2456 2457
3 2416 2457 2417
3 2417 2457 2458
3 2417 2458 2418
3 2418 2458 2459
3 2418 2459 2419
3 2419 2459 2460
3 2419 2460 2420
3 2420 2460 2461
3 2420 2461 2421
3 2421 2461 2462
3 2421 2462 2422
3 2422 2462 2463
3 2422 2463 2423
3 2423 2463 2464
3 2423 2464 2424
3 2424 2464 2465
3 2424 2465 2425
3 2425 2465 2466
3 2425 2466 2426
3 2426 2466 2467
3 2426 2467 2427
3 2427 2467 2468
3 2427 2468 2428
3 2428 2468 2469
3 2428 2469 2429
3 2429 2469 2470
3 2429 2470 2430
3 2430 2470 2471
3 2430 2471 2431
3 2431 2471 2472
3 2431 2472 2432
3 2432 2472 2473
3 2432 2473 2433
3 2433 2473 2474
3 2433 2474 2434
3 2434 2474 2475
3 2434 2475 2435
3 2435 2475 2476
3 2435 2476 2436
3 2436 2476 2477
3 2436 2477 2437
3 2437 2477 2478
3 2437 2478 2438
3 2438 2478 2479
3 2438 2479 2439
3 2440 2480 2481
3 2440 2481 2441
3 2441 2481 2482
3 2441 2482 2442
3 2442 2482 2483
3 2442 2483 2443
3 2443 2483 2484
3 2443 2484 2444
3 2444 2484 2485
3 2444 2485 2445
3 2445 2485 2486
3 2445 2486 2446
3 2446 2486 2487
3 2446 2487 2447
3 2447 2487 2488
3 2447 2488 2448
3 2448 2488 2489
3 2448 2489 2449
3 2449 2489 2490
3 2449 2490 2450
3 2450 2490 2491
3 2450 2491 2451
3 2451 2491 2492
3 2451 2492 2452
3 2452 2492 2493
3 2452 2493 2453
3 2453 2493 2494
3 2453 2494 2454
3 2454 2494 2495
3 2454 2495 2455
3 2455 2495 2496
3 2455 2496 2456
3 2456 2496 2497
3 2456 2497 2457
3 2457 2497 2498
3 2457 2498 2458
3 2458 2498 2499
3 2458 2499 2459
3 2459 2499 2500
3 2459 2500 2460
3 2460 2500 2501
3 2460 2501 2461
3 2461 2501 2502
3 2461 2502 2462
3 2462 2502 2503
3 2462 2503 2463
3 2463 2503 2504
3 2463 2504 2464
3 2464 2504 2505
3 2464 2505 2465
3 2465 2505 2506
3 2465 2506 2466
3 2466 2506 2507
3 2466 2507 2467
3 2467 2507 2508
3 2467 2508 2468
3 2468 2508 2509
3 2468 2509 2469
3 2469 2509 2510
3 2469 2510 2470
3 2470 2510 2511
3 2470 2511 2471
3 2471 2511 2512
3 2471 2512 2472
3 2472 2512 2513
3 2472 2513 2473
3 2473 2513 2514
3 2473 2514 2474
3 2474 2514 2515
3 2474 2515 2475
3 2475 2515 2516
3 2475 2516 2476
3 2476 2516 2517
3 2476 2517 2477
3 2477 2517 2518
3 2477 2518 2478
3 2478 2518 2519
3 2478 2519 2479
3 2480 2520 2521
3 2480 2521 2481
3 2481 2521 2522
3 2481 2522 2482
3 2482 2522 2523
3 2482 2523 2483
3 2483 2523 2524
3 2483 2524 2484
3 2484 2524 2525
3 2484 2525 2485
3 2485 2525 2526
3 2485 2526 2486
3 2486 2526 2527
3 2486 2527 2487
3 2487 2527 2528
3 2487 2528 2488
3 2488 2528 2529
3 2488 2529 2489
3 2489 2529 2530
3 2489 2530 2490
3 2490 2530 2531
3 2490 2531 2491
3 2491 2531 2532
3 2491 2532 2492
3 2492 2532 2533
3 2492 2533 2493
3 2493 2533 2534
3 2493 2534 2494
3 2494 2534 2535
3 2494 2535 2495
3 2495 2535 2536
3 2495 2536 2496
3 2496 2536 2537
3 2496 2537 2497
3 2497 2537 2538
3 2497 2538 2498
3 2498 2538 2539
3 2498 2539 2499
3 2499 2539 2540
3 2499 2540 2500
3 2500 2540 2541
3 2500 2541 2501
3 2501 2541 2542
3 2501 2542 2502
3 2502 2542 2543
3 2502 2543 2503
3 2503 2543 2544
3 2503 2544 2504
3 2504 2544 2545
3 2504 2545 2505
3 2505 2545 2546
3 2505 2546 2506
3 2506 2546 2547
3 2506 2547 2507
3 2507 2547 2548
3 2507 2548 2508
3 2508 2548 2549
3 2508 2549 2509
3 2509 2549 2550
3 2509 2550 2510
3 2510 2550 2551
3 2510 2551 2511
3 2511 2551 2552
3 2511 2552 2512
3 2512 2552 2553
3 2512 2553 2513
3 2513 2553 2554
3 2513 2554 2514
3 2514 2554 2555
3 2514 2555 2515
3 2515 2555 2556
3 2515 2556 2516
3 2516 2556 2557
3 2516 2557 2517
3 2517 2557 2558
3 2517 2558 2518
3 2518 2558 2559
3 2518 2559 2519
3 2520 2560 2561
3 2520 2561 2521
3 2521 2561 2562
3 2521 2562 2522
3 2522 2562 2563
3 2522 2563 2523
3 2523 2563 2564
3 2523 2564 2524
3 2524 2564 2565
3 2524 2565 2525
3 2525 2565 2566
3 2525 2566 2526
3 2526 2566 2567
3 2526 2567 2527
3 2527 2567 2568
3 2527 2568 2528
3 2528 2568 2569
3 2528 2569 2529
3 2529 2569 2570
3 2529 2570 2530
3 2530 2570 2571
3 2530 2571 2531
3 2531 2571 2572
3 2531 2572 2532
3 2532 2572 2573
3 2532 2573 2533
3 2533 2573 2574
3 2533 2574 2534
3 2534 2574 2575
3 2534 2575 2535
3 2535 2575 2576
3 2535 2576 2536
3 2536 2576 2577
3 2536 2577 2537
3 2537 2577 2578
3 2537 2578 2538
3 2538 2578 2579
3 2538 2579 2539
3 2539 2579 2580
3 2539 2580 2540
3 2540 2580 2581
3 2540 2581 2541
3 2541 2581 2582
3 2541 2582 2542
3 2542 2582 2583
3 2542 2583 2543
3 2543 2583 2584
3 2543 2584 2544
3 2544 2584 2585
3 2544 2585 2545
3 2545 2585 2586
3 2545 2586 2546
3 2546 2586 2587
3 2546 2587 2547
3 2547 2587 2588
3 2547 2588 2548
3 2548 2588 2589
3 2548 2589 2549
3 2549 2589 2590
3 2549 2590 2550
3 2550 2590 2591
3 2550 2591 2551
3 2551 2591 2592
3 2551 2592 2552
3 2552 2592 2593
3 2552 2593 2553
3 2553 2593 2594
3 2553 2594 2554
3 2554 2594 2595
3 2554 2595 2555
3 2555 2595 2596
3 2555 2596 2556
3 2556 2596 2597
3 2556 2597 2557
3 2557 2597 2598
3 2557 2598 2558
3 2558 2598 2599
3 2558 2599 2559
3 2560 2600 2601
3 2560 2601 2561
3 2561 2601 2602
3 2561 2602 2562
3 2562 2602 2603
3 2562 2603 2563
3 2563 2603 2604
3 2563 2604 2564
3 2564 2604 2605
3 2564 2605 2565
3 2565 2605 2606
3 2565 2606 2566
3 2566 2606 2607
3 2566 2607 2567
3 2567 2607 2608
3 2567 2608 2568
3 2568 2608 2609
3 2568 2609 2569
3 2569 2609 2610
3 2569 2610 2570
3 2570 2610 2611
3 2570 2611 2571
3 2571 2611 2612
3 2571 2612 2572
3 2572 2612 2613
3 2572 2613 2573
3 2573 2613 2614
3 2573 2614 2574
3 2574 2614 2615
3 2574 2615 2575
3 2575 2615 2616
3 2575 2616 2576
3 2576 2616 2617
3 2576 2617 2577
3 2577 2617 2618
3 2577 2618 2578
3 2578 2618 2619
3 2578 2619 2579
3 2579 2619 2620
3 2579 2620 2580
3 2580 2620 2621
3 2580 2621 2581
3 2581 2621 2622
3 2581 2622 2582
3 2582 2622 2623
3 2582 2623 2583
3 2583 2623 2624
3 2583 2624 2584
3 2584 2624 2625
3 2584 2625 2585
3 2585 2625 2626
3 2585 2626 2586
3 2586 2626 2627
3 2586 2627 2587
3 2587 2627 2628
3 2587 2628 2588
3 2588 2628 2629
3 2588 2629 2589
3 2589 2629 2630
3 2589 2630 2590
3 2590 2630 2631
3 2590 2631 2591
3 2591 2631 2632
3 2591 2632 2592
3 2592 2632 2633
3 2592 2633 2593
3 2593 2633 2634
3 2593 2634 2594
3 2594 2634 2635
3 2594 2635 2595
3 2595 2635 2636
3 2595 2636 2596
3 2596 2636 2637
3 2596 2637 2597
3 2597 2637 2638
3 2597 2638 2598
3 2598 2638 2639
3 2598 2639 2599
3 2600 2640 2641
3 2600 2641 2601
3 2601 2641 2642
3 2601 2642 2602
3 2602 2642 2643
3 2602 2643 2603
3 2603 2643 2644
3 2603 2644 2604
3 2604 2644 2645
3 2604 2645 2605
3 2605 2645 2646
3 2605 2646 2606
3 2606 2646 2647
3 2606 2647 2607
3 2607 2647 2648
3 2607 2648 2608
3 2608 2648 2649
3 2608 2649 2609
3 2609 2649 2650
3 2609 2650 2610
3 2610 2650 2651
3 2610 2651 2611
3 2611 2651 2652
3 2611 2652 2612
3 2612 2652 2653
3 2612 2653 2613
3 2613 2653 2654
3 2613 2654 2614
3 2614 2654 2655
3 2614 2655 2615
3 2615 2655 2656
3 2615 2656 2616
3 2616 2656 2657
3 2616 2657 2617
3 2617 2657 2658
3 2617 2658 2618
3 2618 2658 2659
3 2618 2659 2619
3 2619 2659 2660
3 2619 2660 2620
3 2620 2660 2661
3 2620 2661 2621
3 2621 2661 2662
3 2621 2662 2622
3 2622 2662 2663
3 2622 2663 2623
3 2623 2663 2664
3 2623 2664 2624
3 2624 2664 2665
3 2624 2665 2625
3 2625 2665 2666
3 2625 2666 2626
3 2626 2666 2667
3 2626 2667 2627
3 2627 2667 2668
3 2627 2668 2628
3 2628 2668 2669
3 2628 2669 2629
3 2629 2669 2670
3 2629 2670 2630
3 2630 2670 2671
3 2630 2671 2631
3 2631 2671 2672
3 2631 2672 2632
3 2632 2672 2673
3 2632 2673 2633
3 2633 2673 2674
3 2633 2674 2634
3 2634 2674 2675
3 2634 2675 2635
3 2635 2675 2676
3 2635 2676 2636
3 2636 2676 2677
3 2636 2677 2637
3 2637 2677 2678
3 2637 2678 2638
3 2638 2678 2679
3 2638 2679 2639
3 2640 2680 2681
3 2640 2681 2641
3 2641 2681 2682
3 2641 2682 2642
3 2642 2682 2683
3 2642 2683 2643
3 2643 2683 2684
3 2643 2684 2644
3 2644 2684 2685
3 2644 2685 2645
3 2645 2685 2686
3 2645 2686 2646
3 2646 2686 2687
3 2646 2687 2647
3 2647 2687 2688
3 2647 2688 2648
3 2648 2688 2689
3 2648 2689 2649
3 2649 2689 2690
3 2649 2690 2650
3 2650 2690 2691
3 2650 2691 2651
3 2651 2691 2692
3 2651 2692 2652
3 2652 2692 2693
3 2652 2693 2653
3 2653 2693 2694
3 2653 2694 2654
3 2654 2694 2695
3 2654 2695 2655
3 2655 2695 2696
3 2655 2696 2656
3 2656 2696 2697
3 2656 2697 2657
3 2657 2697 2698
3 2657 2698 2658
3 2658 2698 2699
3 2658 2699 2659
3 2659 2699 2700
3 2659 2700 2660
3 2660 2700 2701
3 2660 2701 2661
3 2661 2701 2702
3 2661 2702 2662
3 2662 2702 2703
3 2662 2703 2663
3 2663 2703 2704
3 2663 2704 2664
3 2664 2704 2705
3 2664 2705 2665
3 2665 2705 2706
3 2665 2706 2666
3 2666 2706 2707
3 2666 2707 2667
3 2667 2707 2708
3 2667 2708 2668
3 2668 2708 2709
3 2668 2709 2669
3 2669 2709 2710
3 2669 2710 2670
3 2670 2710 2711
3 2670 2711 2671
3 2671 2711 2712
3 2671 2712 2672
3 2672 2712 2713
3 2672 2713 2673
3 2673 2713 2714
3 2673 2714 2674
3 2674 2714 2715
3 2674 2715 2675
3 2675 2715 2716
3 2675 2716 2676
3 2676 2716 2717
3 2676 2717 2677
3 2677 2717 2718
3 2677 2718 2678
3 2678 2718 2719
3 2678 2719 2679
3 2680 2720 2721
3 2680 2721 2681
3 2681 2721 2722
3 2681 2722 2682
3 2682 2722 2723
3 2682 2723 2683
3 2683 2723 2724
3 2683 2724 2684
3 2684 2724 2725
3 2684 2725 2685
3 2685 2725 2726
3 2685 2726 2686
3 2686 2726 2727
3 2686 2727 2687
3 2687 2727 2728
3 2687 2728 2688
3 2688 2728 2729
3 2688 2729 2689
3 2689 2729 2730
3 2689 2730 2690
3 2690 2730 2731
3 2690 2731 2691
3 2691 2731 2732
3 2691 2732 2692
3 2692 2732 2733
3 2692 2733 2693
3 2693 2733 2734
3 2693 2734 2694
3 2694 2734 2735
3 2694 2735 2695
3 2695 2735 2736
3 2695 2736 2696
3 2696 2736 2737
3 2696 2737 2697
3 2697 2737 2738
3 2697 2738 2698
3 2698 2738 2739
3 2698 2739 2699
3 2699 2739 2740
3 2699 2740 2700
3 2700 2740 2741
3 2700 2741 2701
3 2701 2741 2742
3 2701 2742 2702
3 2702 2742 2743
3 2702 2743 2703
3 2703 2743 2744
3 2703 2744 2704
3 2704 2744 2745
3 2704 2745 2705
3 2705 2745 2746
3 2705 2746 2706
3 2706 2746 2747
3 2706 2747 2707
3 2707 2747 2748
3 2707 2748 2708
3 2708 2748 2749
3 2708 2749 2709
3 2709 2749 2750
3 2709 2750 2710
3 2710 2750 2751
3 2710 2751 2711
3 2711 2751 2752
3 2711 2752 2712
3 2712 2752 2753
3 2712 2753 2713
3 2713 2753 2754
3 2713 2754 2714
3 2714 2754 2755
3 2714 2755 2715
3 2715 2755 2756
3 2715 2756 2716
3 2716 2756 2757
3 2716 2757 2717
3 2717 2757 2758
3 2717 2758 2718
3 2718 2758 2759
3 2718 2759 2719
3 2720 2760 2761
3 2720 2761 2721
3 2721 2761 2762
3 2721 2762 2722
3 2722 2762 2763
3 2722 2763 2723
3 2723 2763 2764
3 2723 2764 2724
3 2724 2764 2765
3 2724 2765 2725
3 2725 2765 2766
3 2725 2766 2726
3 2726 2766 2767
3 2726 2767 2727
3 2727 2767 2768
3 2727 2768 2728
3 2728 2768 2769
3 2728 2769 2729
3 2729 2769 2770
3 2729 2770 2730
3 2730 2770 2771
3 2730 2771 2731
3 2731 2771 2772
3 2731 2772 2732
3 2732 2772 2773
3 2732 2773 2733
3 2733 2773 2774
3 2733 2774 2734
3 2734 2774 2775
3 2734 2775 2735
3 2735 2775 2776
3 2735 2776 2736
3 2736 2776 2777
3 2736 2777 2737
3 2737 2777 2778
3 2737 2778 2738
3 2738 2778 2779
3 2738 2779 2739
3 2739 2779 2780
3 2739 2780 2740
3 2740 2780 2781
3 2740 2781 2741
3 2741 2781 2782
3 2741 2782 2742
3 2742 2782 2783
3 2742 2783 2743
3 2743 2783 2784
3 2743 2784 2744
3 2744 2784 2785
3 2744 2785 2745
3 2745 2785 2786
3 2745 2786 2746
3 2746 2786 2787
3 2746 2787 2747
3 2747 2787 2788
3 2747 2788 2748
3 2748 2788 2789
3 2748 2789 2749
3 2749 2789 2790
3 2749 2790 2750
3 2750 2790 2791
3 2750 2791 2751
3 2751 2791 2792
3 2751 2792 2752
3 2752 2792 2793
3 2752 2793 2753
3 2753 2793 2794
3 2753 2794 2754
3 2754 2794 2795
3 2754 2795 2755
3 2755 2795 2796
3 2755 2796 2756
3 2756 2796 2797
3 2756 2797 2757
3 2757 2797 2798
3 2757 2798 2758
3 2758 2798 2799
3 2758 2799 2759
3 2760 2800 2801
3 2760 2801 2761
3 2761 2801 2802
3 2761 2802 2762
3 2762 2802 2803
3 2762 2803 2763
3 2763 2803 2804
3 2763 2804 2764
3 2764 2804 2805
3 2764 2805 2765
3 2765 2805 2806
3 2765 2806 2766
3 2766 2806 2807
3 2766 2807 2767
3 2767 2807 2808
3 2767 2808 2768
3 2768 2808 2809
3 2768 2809 2769
3 2769 2809 2810
3 2769 2810 2770
3 2770 2810 2811
3 2770 2811 2771
3 2771 2811 2812
3 2771 2812 2772
3 2772 2812 2813
3 2772 2813 2773
3 2773 2813 2814
3 2773 2814 2774
3 2774 2814 2815
3 2774 2815 2775
3 2775 2815 2816
3 2775 2816 2776
3 2776 2816 2817
3 2776 2817 2777
3 2777 2817 2818
3 2777 2818 2778
3 2778 2818 2819
3 2778 2819 2779
3 2779 2819 2820
3 2779 2820 2780
3 2780 2820 2821
3 2780 2821 2781
3 2781 2821 2822
3 2781 2822 2782
3 2782 2822 2823
3 2782 2823 2783
3 2783 2823 2824
3 2783 2824 2784
3 2784 2824 2825
3 2784 2825 2785
3 2785 2825 2826
3 2785 2826 2786
3 2786 2826 2827
3 2786 2827 2787
3 2787 2827 2828
3 2787 2828 2788
3 2788 2828 2829
3 2788 2829 2789
3 2789 2829 2830
3 2789 2830 2790
3 2790 2830 2831
3 2790 2831 2791
3 2791 2831 2832
3 2791 2832 2792
3 2792 2832 2833
3 2792 2833 2793
3 2793 2833 2834
3 2793 2834 2794
3 2794 2834 2835
3 2794 2835 2795
3 2795 2835 2836
3 2795 2836 2796
3 2796 2836 2837
3 2796 2837 2797
3 2797 2837 2838
3 2797 2838 2798
3 2798 2838 2839
3 2798 2839 2799
3 2800 2840 2841
3 2800 2841 2801
3 2801 2841 2842
3 2801 2842 2802
3 2802 2842 2843
3 2802 2843 2803
3 2803 2843 2844
3 2803 2844 2804
3 2804 2844 2845
3 2804 2845 2805
3 2805 2845 2846
3 2805 2846 2806
3 2806 2846 2847
3 2806 2847 2807
3 2807 2847 2848
3 2807 2848 2808
3 2808 2848 2849
3 2808 2849 2809
3 2809 2849 2850
3 2809 2850 2810
3 2810 2850 2851
3 2810 2851 2811
3 2811 2851 2852
3 2811 2852 2812
3 2812 2852 2853
3 2812 2853 2813
3 2813 2853 2854
3 2813 2854 2814
3 2814 2854 2855
3 2814 2855 2815
3 2815 2855 2856
3 2815 2856 2816
3 2816 2856 2857
3 2816 2857 2817
3 2817 2857 2858
3 2817 2858 2818
3 2818 2858 2859
3 2818 2859 2819
3 2819 2859 2860
3 2819 2860 2820
3 2820 2860 2861
3 2820 2861 2821
3 2821 2861 2862
3 2821 2862 2822
3 2822 2862 2863
3 2822 2863 2823
3 2823 2863 2864
3 2823 2864 2824
3 2824 2864 2865
3 2824 2865 2825
3 2825 2865 2866
3 2825 2866 2826
3 2826 2866 2867
3 2826 2867 2827
3 2827 2867 2868
3 2827 2868 2828
3 2828 2868 2869
3 2828 2869 2829
3 2829 2869 2870
3 2829 2870 2830
3 2830 2870 2871
3 2830 2871 2831
3 2831 2871 2872
3 2831 2872 2832
3 2832 2872 2873
3 2832 2873 2833
3 2833 2873 2874
3 2833 2874 2834
3 2834 2874 2875
3 2834 2875 2835
3 2835 2875 2876
3 2835 2876 2836
3 2836 2876 2877
3 2836 2877 2837
3 2837 2877 2878
3 2837 2878 2838
3 2838 2878 2879
3 2838 2879 2839
3 2840 2880 2881
3 2840 2881 2841
3 2841 2881 2882
3 2841 2882 2842
3 2842 2882 2883
3 2842 2883 2843
3 2843 2883 2884
3 2843 2884 2844
3 2844 2884 2885
3 2844 2885 2845
3 2845 2885 2886
3 2845 2886 2846
3 2846 2886 2887
3 2846 2887 2847
3 2847 2887 2888
3 2847 2888 2848
3 2848 2888 2889
3 2848 2889 2849
3 2849 2889 2890
3 2849 2890 2850
3 2850 2890 2891
3 2850 2891 2851
3 2851 2891 2892
3 2851 2892 2852
3 2852 2892 2893
3 2852 2893 2853
3 2853 2893 2894
3 2853 2894 2854
3 2854 2894 2895
3 2854 2895 2855
3 2855 2895 2896
3 2855 2896 2856
3 2856 2896 2897
3 2856 2897 2857
3 2857 2897 2898
3 2857 2898 2858
3 2858 2898 2899
3 2858 2899 2859
3 2859 2899 2900
3 2859 2900 2860
3 2860 2900 2901
3 2860 2901 2861
3 2861 2901 2902
3 2861 2902 2862
3 2862 2902 2903
3 2862 2903 2863
3 2863 2903 2904
3 2863 2904 2864
3 2864 2904 2905
3 2864 2905 2865
3 2865 2905 2906
3 2865 2906 2866
3 2866 2906 2907
3 2866 2907 2867
3 2867 2907 2908
3 2867 2908 2868
3 2868 2908 2909
3 2868 2909 2869
3 2869 2909 2910
3 2869 2910 2870
3 2870 2910 2911
3 2870 2911 2871
3 2871 2911 2912
3 2871 2912 2872
3 2872 2912 2913
3 2872 2913 2873
3 2873 2913 2914
3 2873 2914 2874
3 2874 2914 2915
3 2874 2915 2875
3 2875 2915 2916
3 2875 2916 2876
3 2876 2916 2917
3 2876 2917 2877
3 2877 2917 2918
3 2877 2918 2878
3 2878 2918 2919
3 2878 2919 2879
3 2880 2920 2921
3 2880 2921 2881
3 2881 2921 2922
3 2881 2922 2882
3 2882 2922 2923
3 2882 2923 2883
3 2883 2923 2924
3 2883 2924 2884
3 2884 2924 2925
3 2884 2925 2885
3 2885 2925 2926
3 2885 2926 2886
3 2886 2926 2927
3 2886 2927 2887
3 2887 2927 2928
3 2887 2928 2888
3 2888 2928 2929
3 2888 2929 2889
3 2889 2929 2930
3 2889 2930 2890
3 2890 2930 2931
3 2890 2931 2891
3 2891 2931 2932
3 2891 2932 2892
3 2892 2932 2933
3 2892 2933 2893
3 2893 2933 2934
3 2893 2934 2894
3 2894 2934 2935
3 2894 2935 2895
3 2895 2935 2936
3 2895 2936 2896
3 2896 2936 2937
3 2896 2937 2897
3 2897 2937 2938
3 2897 2938 2898
3 2898 2938 2939
3 2898 2939 2899
3 2899 2939 2940
3 2899 2940 2900
3 2900 2940 2941
3 2900 2941 2901
3 2901 2941 2942
3 2901 2942 2902
3 2902 2942 2943
3 2902 2943 2903
3 2903 2943 2944
3 2903 2944 2904
3 2904 2944 2945
3 2904 2945 2905
3 2905 2945 2946
3 2905 2946 2906
3 2906 2946 2947
3 2906 2947 2907
3 2907 2947 2948
3 2907 2948 2908
3 2908 2948 2949
3 2908 2949 2909
3 2909 2949 2950
3 2909 2950 2910
3 2910 2950 2951
3 2910 2951 2911
3 2911 2951 2952
3 2911 2952 2912
3 2912 2952 2953
3 2912 2953 2913
3 2913 2953 2954
3 2913 2954 2914
3 2914 2954 2955
3 2914 2955 2915
3 2915 2955 2956
3 2915 2956 2916
3 2916 2956 2957
3 2916 2957 2917
3 2917 2957 2958
3 2917 2958 2918
3 2918 2958 2959
3 2918 2959 2919
3 2920 2960 2961
3 2920 2961 2921
3 2921 2961 2962
3 2921 2962 2922
3 2922 2962 2963
3 2922 2963 2923
3 2923 2963 2964
3 2923 2964 2924
3 2924 2964 2965
3 2924 2965 2925
3 2925 2965 2966
3 2925 2966 2926
3 2926 2966 2967
3 2926 2967 2927
3 2927 2967 2968
3 2927 2968 2928
3 2928 2968 2969
3 2928 2969 2929
3 2929 2969 2970
3 2929 2970 2930
3 2930 2970 2971
3 2930 2971 2931
3 2931 2971 2972
3 2931 2972 2932
3 2932 2972 2973
3 2932 2973 2933
3 2933 2973 2974
3 2933 2974 2934
3 2934 2974 2975
3 2934 2975 2935
3 2935 2975 2976
3 2935 2976 2936
3 2936 2976 2977
3 2936 2977 2937
3 2937 2977 2978
3 2937 2978 2938
3 2938 2978 2979
3 2938 2979 2939
3 2939 2979 2980
3 2939 2980 2940
3 2940 2980 2981
3 2940 2981 2941
3 2941 2981 2982
3 2941 2982 2942
3 2942 2982 2983
3 2942 2983 2943
3 2943 2983 2984
3 2943 2984 2944
3 2944 2984 2985
3 2944 2985 2945
3 2945 2985 2986
3 2945 2986 2946
3 2946 2986 2987
3 2946 2987 2947
3 2947 2987 2988
3 2947 2988 2948
3 2948 2988 2989
3 2948 2989 2949
3 2949 2989 2990
3 2949 2990 2950
3 2950 2990 2991
3 2950 2991 2951
3 2951 2991 2992
3 2951 2992 2952
3 2952 2992 2993
3 2952 2993 2953
3 2953 2993 2994
3 2953 2994 2954
3 2954 2994 2995
3 2954 2995 2955
3 2955 2995 2996
3 2955 2996 2956
3 2956 2996 2997
3 2956 2997 2957
3 2957 2997 2998
3 2957 2998 2958
3 2958 2998 2999
3 2958 2999 2959
3 2960 3000 3001
3 2960 3001 2961
3 2961 3001 3002
3 2961 3002 2962
3 2962 3002 3003
3 2962 3003 2963
3 2963 3003 3004
3 2963 3004 2964
3 2964 3004 3005
3 2964 3005 2965
3 2965 3005 3006
3 2965 3006 2966
3 2966 3006 3007
3 2966 3007 2967
3 2967 3007 3008
3 2967 3008 2968
3 2968 3008 3009
3 2968 3009 2969
3 2969 3009 3010
3 2969 3010 2970
3 2970 3010 3011
3 2970 3011 2971
3 2971 3011 3012
3 2971 3012 2972
3 2972 3012 3013
3 2972 3013 2973
3 2973 3013 3014
3 2973 3014 2974
3 2974 3014 3015
3 2974 3015 2975
3 2975 3015 3016
3 2975 3016 2976
3 2976 3016 3017
3 2976 3017 2977
3 2977 3017 3018
3 2977 3018 2978
3 2978 3018 3019
3 2978 3019 2979
3 2979 3019 3020
3 2979 3020 2980
3 2980 3020 3021
3 2980 3021 2981
3 2981 3021 3022
3 2981 3022 2982
3 2982 3022 3023
3 2982 3023 2983
3 2983 3023 3024
3 2983 3024 2984
3 2984 3024 3025
3 2984 3025 2985
3 2985 3025 3026
3 2985 3026 2986
3 2986 3026 3027
3 2986 3027 2987
3 2987 3027 3028
3 2987 3028 2988
3 2988 3028 3029
3 2988 3029 2989
3 2989 3029 3030
3 2989 3030 2990
3 2990 3030 3031
3 2990 3031 2991
3 2991 3031 3032
3 2991 3032 2992
3 2992 3032 3033
3 2992 3033 2993
3 2993 3033 3034
3 2993 3034 2994
3 2994 3034 3035
3 2994 3035 2995
3 2995 3035 3036
3 2995 3036 2996
3 2996 3036 3037
3 2996 3037 2997
3 2997 3037 3038
3 2997 3038 2998
3 2998 3038 3039
3 2998 3039 2999
3 3000 3040 3041
3 3000 3041 3001
3 3001 3041 3042
3 3001 3042 3002
3 3002 3042 3043
3 3002 3043 3003
3 3003 3043 3044
3 3003 3044 3004
3 3004 3044 3045
3 3004 3045 3005
3 3005 3045 3046
3 3005 3046 3006
3 3006 3046 3047
3 3006 3047 3007
3 3007 3047 3048
3 3007 3048 3008
3 3008 3048 3049
3 3008 3049 3009
3 3009 3049 3050
3 3009 3050 3010
3 3010 3050 3051
3 3010 3051 3011
3 3011 3051 3052
3 3011 3052 3012
3 3012 3052 3053
3 3012 3053 3013
3 3013 3053 3054
3 3013 3054 3014
3 3014 3054 3055
3 3014 3055 3015
3 3015 3055 3056
3 3015 3056 3016
3 3016 3056 3057
3 3016 3057 3017
3 3017 3057 3058
3 3017 3058 3018
3 3018 3058 3059
3 3018 3059 3019
3 3019 3059 3060
3 3019 3060 3020
3 3020 3060 3061
3 3020 3061 3021
3 3021 3061 3062
3 3021 3062 3022
3 3022 3062 3063
3 3022 3063 3023
3 3023 3063 3064
3 3023 3064 3024
3 3024 3064 3065
3 3024 3065 3025
3 3025 3065 3066
3 3025 3066 3026
3 3026 3066 3067
3 3026 3067 3027
3 3027 3067 3068
3 3027 3068 3028
3 3028 3068 3069
3 3028 3069 3029
3 3029 3069 3070
3 3029 3070 3030
3 3030 3070 3071
3 3030 3071 3031
3 3031 3071 3072
3 3031 3072 3032
3 3032 3072 3073
3 3032 3073 3033
3 3033 3073 3074
3 3033 3074 3034
3 3034 3074 3075
3 3034 3075 3035
3 3035 3075 3076
3 3035 3076 3036
3 3036 3076 3077
3 3036 3077 3037
3 3037 3077 3078
3 3037 3078 3038
3 3038 3078 3079
3 3038 3079 3039
3 3040 3080 3081
3 3040 3081 3041
3 3041 3081 3082
3 3041 3082 3042
3 3042 3082 3083
3 3042 3083 3043
3 3043 3083 3084
3 3043 3084 3044
3 3044 3084 3085
3 3044 3085 3045
3 3045 3085 3086
3 3045 3086 3046
3 3046 3086 3087
3 3046 3087 3047
3 3047 3087 3088
3 3047 3088 3048
3 3048 3088 3089
3 3048 3089 3049
3 3049 3089 3090
3 3049 3090 3050
3 3050 3090 3091
3 3050 3091 3051
3 3051 3091 3092
3 3051 3092 3052
3 3052 3092 3093
3 3052 3093 3053
3 3053 3093 3094
3 3053 3094 3054
3 3054 3094 3095
3 3054 3095 3055
3 3055 3095 3096
3 3055 3096 3056
3 3056 3096 3097
3 3056 3097 3057
3 3057 3097 3098
3 3057 3098 3058
3 3058 3098 3099
3 3058 3099 3059
3 3059 3099 3100
3 3059 3100 3060
3 3060 3100 3101
3 3060 3101 3061
3 3061 3101 3102
3 3061 3102 3062
3 3062 3102 3103
3 3062 3103 3063
3 3063 3103 3104
3 3063 3104 3064
3 3064 3104 3105
3 3064 3105 3065
3 3065 3105 3106
3 3065 3106 3066
3 3066 3106 3107
3 3066 3107 3067
3 3067 3107 3108
3 3067 3108 3068
3 3068 3108 3109
3 3068 3109 3069
3 3069 3109 3110
3 3069 3110 3070
3 3070 3110 3111
3 3070 3111 3071
3 3071 3111 3112
3 3071 3112 3072
3 3072 3112 3113
3 3072 3113 3073
3 3073 3113 3114
3 3073 3114 3074
3 3074 3114 3115
3 3074 3115 3075
3 3075 3115 3116
3 3075 3116 3076
3 3076 3116 3117
3 3076 3117 3077
3 3077 3117 3118
3 3077 3118 3078
3 3078 3118 3119
3 3078 3119 3079
3 3080 3120 3121
3 3080 3121 3081
3 3081 3121 3122
3 3081 3122 3082
3 3082 3122 3123
3 3082 3123 3083
3 3083 3123 3124
3 3083 3124 3084
3 3084 3124 3125
3 3084 3125 3085
3 3085 3125 3126
3 3085 3126 3086
3 3086 3126 3127
3 3086 3127 3087
3 3087 3127 3128
3 3087 3128 3088
3 3088 3128 3129
3 3088 3129 3089
3 3089 3129 3130
3 3089 3130 3090
3 3090 3130 3131
3 3090 3131 3091
3 3091 3131 3132
3 3091 3132 3092
3 3092 3132 3133
3 3092 3133 3093
3 3093 3133 3134
3 3093 3134 3094
3 3094 3134 3135
3 3094 3135 3095
3 3095 3135 3136
3 3095 3136 3096
3 3096 3136 3137
3 3096 3137 3097
3 3097 3137 3138
3 3097 3138 3098
3 3098 3138 3139
3 3098 3139 3099
3 3099 3139 3140
3 3099 3140 3100
3 3100 3140 3141
3 3100 3141 3101
3 3101 3141 3142
3 3101 3142 3102
3 3102 3142 3143
3 3102 3143 3103
3 3103 3143 3144
3 3103 3144 3104
3 3104 3144 3145
3 3104 3145 3105
3 3105 3145 3146
3 3105 3146 3106
3 3106 3146 3147
3 3106 3147 3107
3 3107 3147 3148
3 3107 3148 3108
3 3108 3148 3149
3 3108 3149 3109
3 3109 3149 3150
3 3109 3150 3110
3 3110 3150 3151
3 3110 3151 3111
3 3111 3151 3152
3 3111 3152 3112
3 3112 3152 3153
3 3112 3153 3113
3 3113 3153 3154
3 3113 3154 3114
3 3114 3154 3155
3 3114 3155 3115
3 3115 3155 3156
3 3115 3156 3116
3 3116 3156 3157
3 3116 3157 3117
3 3117 3157 3158
3 3117 3158 3118
3 3118 3158 3159
3 3118 3159 3119
3 3120 3160 3161
3 3120 3161 3121
3 3121 3161 3162
3 3121 3162 3122
3 3122 3162 3163
3 3122 3163 3123
3 3123 3163 3164
3 3123 3164 3124
3 3124 3164 3165
3 3124 3165 3125
3 3125 3165 3166
3 3125 3166 3126
3 3126 3166 3167
3 3126 3167 3127
3 3127 3167 3168
3 3127 3168 3128
3 3128 3168 3169
3 3128 3169 3129
3 3129 3169 3170
3 3129 3170 3130
3 3130 3170 3171
3 3130 3171 3131
3 3131 3171 3172
3 3131 3172 3132
3 3132 3172 3173
3 3132 3173 3133
3 3133 3173 3174
3 3133 3174 3134
3 3134 3174 3175
3 3134 3175 3135
3 3135 3175 3176
3 3135 3176 3136
3 3136 3176 3177
3 3136 3177 3137
3 3137 3177 3178
3 3137 3178 3138
3 3138 3178 3179
3 3138 3179 3139
3 3139 3179 3180
3 3139 3180 3140
3 3140 3180 3181
3 3140 3181 3141
3 3141 3181 3182
3 3141 3182 3142
3 3142 3182 3183
3 3142 3183 3143
3 3143 3183 3184
3 3143 3184 3144
3 3144 3184 3185
3 3144 3185 3145
3 3145 3185 3186
3 3145 3186 3146
3 3146 3186 3187
3 3146 3187 3147
3 3147 3187 3188
3 3147 3188 3148
3 3148 3188 3189
3 3148 3189 3149
3 3149 3189 3190
3 3149 3190 3150
3 3150 3190 3191
3 3150 3191 3151
3 3151 3191 3192
3 3151 3192 3152
3 3152 3192 3193
3 3152 3193 3153
3 3153 3193 3194
3 3153 3194 3154
3 3154 3194 3195
3 3154 3195 3155
3 3155 3195 3196
3 3155 3196 3156
3 3156 3196 3197
3 3156 3197 3157
3 3157 3197 3198
3 3157 3198 3158
3 3158 3198 3199
3 3158 3199 3159
3 3160 0 1
3 3160 1 3161
3 3161 1 2
3 3161 2 3162
3 3162 2 3
3 3162 3 3163
3 3163 3 4
3 3163 4 3164
3 3164 4 5
3 3164 5 3165
3 3165 5 6
3 3165 6 3166
3 3166 6 7
3 3166 7 3167
3 3167 7 8
3 3167 8 3168
3 3168 8 9
3 3168 9 3169
3 3169 9 10
3 3169 10 3170
3 3170 10 11
3 3170 11 3171
3 3171 11 12
3 3171 12 3172
3 3172 12 13
3 3172 13 3173
3 3173 13 14
3 3173 14 3174
3 3174 14 15
3 3174 15 3175
3 3175 15 16
3 3175 16 3176
3 3176 16 17
3 3176 17 3177
3 3177 17 18
3 3177 18 3178
3 3178 18 19
3 3178 19 3179
3 3179 19 20
3 3179 20 3180
3 3180 20 21
3 3180 21 3181
3 3181 21 22
3 3181 22 3182
3 3182 22 23
3 3182 23 3183
3 3183 23 24
3 3183 24 3184
3 3184 24 25
3 3184 25 3185
3 3185 25 26
3 3185 26 3186
3 3186 26 27
3 3186 27 3187
3 3187 27 28
3 3187 28 3188
3 3188 28 29
3 3188 29 3189
3 3189 29 30
3 3189 30 3190
3 3190 30 31
3 3190 31 3191
3 3191 31 32
3 3191 32 3192
3 3192 32 33
3 3192 33 3193
3 3193 33 34
3 3193 34 3194
3 3194 34 35
3 3194 35 3195
3 3195 35 36
3 3195 36 3196
3 3196 36 37
3 3196 37 3197
3 3197 37 38
3 3197 38 3198
3 3198 38 39
3 3198 39 3199
