ply
format ascii 1.0
element vertex 2400
property float x
property float y
property float z
element face 4800
property list uchar int vertex_indices
end_header
1.74991 0.00654 0.00000
1.70218 0.00529 -0.14695
1.57723 0.00202 -0.23776
1.42277 -0.00202 -0.23776
1.29782 -0.00529 -0.14695
1.25009 -0.00654 -0.00000
1.29782 -0.00529 0.14695
1.42277 -0.00202 0.23776
1.57723 0.00202 0.23776
1.70218 0.00529 0.14695
1.74717 0.09812 0.00000
1.69958 0.09437 -0.14695
1.57496 0.08457 -0.23776
1.42093 0.07244 -0.23776
1.29631 0.06264 -0.14695
1.24871 0.05889 -0.00000
1.29631 0.06264 0.14695
1.42093 0.07244 0.23776
1.57496 0.08457 0.23776
1.69958 0.09437 0.14695
1.73964 0.18942 0.00000
1.69231 0.18319 -0.14695
1.56838 0.16688 -0.23776
1.41519 0.14671 -0.23776
1.29126 0.13039 -0.14695
1.24392 0.12416 -0.00000
1.29126 0.13039 0.14695
1.41519 0.14671 0.23776
1.56838 0.16688 0.23776
1.69231 0.18319 0.14695
1.72735 0.28021 0.00000
1.68040 0.27151 -0.14695
1.55749 0.24873 -0.23776
1.40557 0.22057 -0.23776
1.28267 0.19779 -0.14695
1.23572 0.18909 -0.00000
1.28267 0.19779 0.14695
1.40557 0.22057 0.23776
1.55749 0.24873 0.23776
1.68040 0.27151 0.14695
1.71031 0.37023 0.00000
1.66389 0.35908 -0.14695
1.54234 0.32990 -0.23776
1.39210 0.29383 -0.23776
1.27056 0.26465 -0.14695
1.22413 0.25351 -0.00000
1.27056 0.26465 0.14695
1.39210 0.29383 0.23776
1.54234 0.32990 0.23776
1.66389 0.35908 0.14695
1.68859 0.45923 0.00000
1.64281 0.44567 -0.14695
1.52296 0.41017 -0.23776
1.37482 0.36629 -0.23776
1.25496 0.33079 -0.14695
1.20918 0.31722 -0.00000
1.25496 0.33079 0.14695
1.37482 0.36629 0.23776
1.52296 0.41017 0.23776
1.64281 0.44567 0.14695
1.66225 0.54698 0.00000
1.61724 0.53104 -0.14695
1.49941 0.48931 -0.23776
1.35376 0.43774 -0.23776
1.23593 0.39601 -0.14695
1.19092 0.38007 -0.00000
1.23593 0.39601 0.14695
1.35376 0.43774 0.23776
1.49941 0.48931 0.23776
1.61724 0.53104 0.14695
1.63134 0.63322 0.00000
1.58723 0.61495 -0.14695
1.47174 0.56712 -0.23776
1.32900 0.50799 -0.23776
1.21351 0.46015 -0.14695
1.16940 0.44188 -0.00000
1.21351 0.46015 0.14695
1.32900 0.50799 0.23776
1.47174 0.56712 0.23776
1.58723 0.61495 0.14695
1.59596 0.71773 0.00000
1.55287 0.69718 -0.14695
1.44005 0.64336 -0.23776
1.30059 0.57685 -0.23776
1.18777 0.52303 -0.14695
1.14467 0.50248 -0.00000
1.18777 0.52303 0.14695
1.30059 0.57685 0.23776
1.44005 0.64336 0.23776
1.55287 0.69718 0.14695
1.55621 0.80028 0.00000
1.51425 0.77749 -0.14695
1.40440 0.71785 -0.23776
1.26862 0.64412 -0.23776
1.15877 0.58448 -0.14695
1.11681 0.56170 -0.00000
1.15877 0.58448 0.14695
1.26862 0.64412 0.23776
1.40440 0.71785 0.23776
1.51425 0.77749 0.14695
1.51220 0.88062 0.00000
1.47149 0.85568 -0.14695
1.36491 0.79037 -0.23776
1.23317 0.70963 -0.23776
1.12659 0.64432 -0.14695
1.08588 0.61938 -0.00000
1.12659 0.64432 0.14695
1.23317 0.70963 0.23776
1.36491 0.79037 0.23776
1.47149 0.85568 0.14695
1.46404 0.95856 0.00000
1.42469 0.93152 -0.14695
1.32167 0.86072 -0.23776
1.19434 0.77320 -0.23776
1.09132 0.70240 -0.14695
1.05197 0.67536 -0.00000
1.09132 0.70240 0.14695
1.19434 0.77320 0.23776
1.32167 0.86072 0.23776
1.42469 0.93152 0.14695
1.41186 1.03387 0.00000
1.37398 1.00480 -0.14695
1.27482 0.92871 -0.23776
1.15224 0.83465 -0.23776
1.05307 0.75855 -0.14695
1.01519 0.72949 -0.00000
1.05307 0.75855 0.14695
1.15224 0.83465 0.23776
1.27482 0.92871 0.23776
1.37398 1.00480 0.14695
1.35582 1.10634 0.00000
1.31951 1.07533 -0.14695
1.22446 0.99415 -0.23776
1.10697 0.89381 -0.23776
1.01192 0.81263 -0.14695
0.97562 0.78162 -0.00000
1.01192 0.81263 0.14695
1.10697 0.89381 0.23776
1.22446 0.99415 0.23776
1.31951 1.07533 0.14695
1.29606 1.17578 0.00000
1.26143 1.14292 -0.14695
1.17076 1.05687 -0.23776
1.05868 0.95052 -0.23776
0.96801 0.86447 -0.14695
0.93337 0.83161 -0.00000
0.96801 0.86447 0.14695
1.05868 0.95052 0.23776
1.17076 1.05687 0.23776
1.26143 1.14292 0.14695
1.23275 1.24200 0.00000
1.19988 1.20737 -0.14695
1.11384 1.11670 -0.23776
1.00748 1.00462 -0.23776
0.92144 0.91395 -0.14695
0.88857 0.87932 -0.00000
0.92144 0.91395 0.14695
1.00748 1.00462 0.23776
1.11384 1.11670 0.23776
1.19988 1.20737 0.14695
1.16606 1.30482 0.00000
1.13505 1.26851 -0.14695
1.05387 1.17346 -0.23776
0.95352 1.05597 -0.23776
0.87234 0.96092 -0.14695
0.84133 0.92462 -0.00000
0.87234 0.96092 0.14695
0.95352 1.05597 0.23776
1.05387 1.17346 0.23776
1.13505 1.26851 0.14695
1.09617 1.36406 0.00000
1.06711 1.32618 -0.14695
0.99101 1.22701 -0.23776
0.89695 1.10443 -0.23776
0.82086 1.00526 -0.14695
0.79179 0.96738 -0.00000
0.82086 1.00526 0.14695
0.89695 1.10443 0.23776
0.99101 1.22701 0.23776
1.06711 1.32618 0.14695
1.02328 1.41956 0.00000
0.99624 1.38021 -0.14695
0.92544 1.27719 -0.23776
0.83792 1.14986 -0.23776
0.76712 1.04684 -0.14695
0.74008 1.00749 -0.00000
0.76712 1.04684 0.14695
0.83792 1.14986 0.23776
0.92544 1.27719 0.23776
0.99624 1.38021 0.14695
0.94758 1.47117 0.00000
0.92264 1.43046 -0.14695
0.85732 1.32388 -0.23776
0.77659 1.19214 -0.23776
0.71128 1.08556 -0.14695
0.68633 1.04485 -0.00000
0.71128 1.08556 0.14695
0.77659 1.19214 0.23776
0.85732 1.32388 0.23776
0.92264 1.43046 0.14695
0.86929 1.51874 0.00000
0.84651 1.47678 -0.14695
0.78686 1.36693 -0.23776
0.71314 1.23115 -0.23776
0.65349 1.12129 -0.14695
0.63071 1.07933 -0.00000
0.65349 1.12129 0.14695
0.71314 1.23115 0.23776
0.78686 1.36693 0.23776
0.84651 1.47678 0.14695
0.78861 1.56216 0.00000
0.76806 1.51906 -0.14695
0.71424 1.40624 -0.23776
0.64773 1.26678 -0.23776
0.59391 1.15396 -0.14695
0.57336 1.11086 -0.00000
0.59391 1.15396 0.14695
0.64773 1.26678 0.23776
0.71424 1.40624 0.23776
0.76806 1.51906 0.14695
0.70578 1.60129 0.00000
0.68750 1.55718 -0.14695
0.63967 1.44169 -0.23776
0.58054 1.29894 -0.23776
0.53271 1.18346 -0.14695
0.51443 1.13935 -0.00000
0.53271 1.18346 0.14695
0.58054 1.29894 0.23776
0.63967 1.44169 0.23776
0.68750 1.55718 0.14695
0.62100 1.63603 0.00000
0.60507 1.59102 -0.14695
0.56334 1.47319 -0.23776
0.51176 1.32755 -0.23776
0.47004 1.20972 -0.14695
0.45410 1.16471 -0.00000
0.47004 1.20972 0.14695
0.51176 1.32755 0.23776
0.56334 1.47319 0.23776
0.60507 1.59102 0.14695
0.53453 1.66629 0.00000
0.52097 1.62051 -0.14695
0.48547 1.50066 -0.23776
0.44158 1.35251 -0.23776
0.40608 1.23266 -0.14695
0.39252 1.18688 -0.00000
0.40608 1.23266 0.14695
0.44158 1.35251 0.23776
0.48547 1.50066 0.23776
0.52097 1.62051 0.14695
0.44659 1.69198 0.00000
0.43544 1.64555 -0.14695
0.40626 1.52401 -0.23776
0.37019 1.37377 -0.23776
0.34101 1.25222 -0.14695
0.32987 1.20580 -0.00000
0.34101 1.25222 0.14695
0.37019 1.37377 0.23776
0.40626 1.52401 0.23776
0.43544 1.64555 0.14695
0.35743 1.71304 0.00000
0.34873 1.66609 -0.14695
0.32595 1.54318 -0.23776
0.29779 1.39126 -0.23776
0.27501 1.26835 -0.14695
0.26631 1.22141 -0.00000
0.27501 1.26835 0.14695
0.29779 1.39126 0.23776
0.32595 1.54318 0.23776
0.34873 1.66609 0.14695
0.26728 1.72939 0.00000
0.26105 1.68206 -0.14695
0.24474 1.55813 -0.23776
0.22457 1.40494 -0.23776
0.20825 1.28101 -0.14695
0.20202 1.23367 -0.00000
0.20825 1.28101 0.14695
0.22457 1.40494 0.23776
0.24474 1.55813 0.23776
0.26105 1.68206 0.14695
0.17641 1.74101 0.00000
0.17266 1.69341 -0.14695
0.16285 1.56880 -0.23776
0.15073 1.41477 -0.23776
0.14092 1.29015 -0.14695
0.13718 1.24255 -0.00000
0.14092 1.29015 0.14695
0.15073 1.41477 0.23776
0.16285 1.56880 0.23776
0.17266 1.69341 0.14695
0.08505 1.74786 0.00000
0.08380 1.70013 -0.14695
0.08053 1.57517 -0.23776
0.07648 1.42072 -0.23776
0.07321 1.29576 -0.14695
0.07196 1.24803 -0.00000
0.07321 1.29576 0.14695
0.07648 1.42072 0.23776
0.08053 1.57517 0.23776
0.08380 1.70013 0.14695
-0.00654 1.74991 0.00000
-0.00529 1.70218 -0.14695
-0.00202 1.57723 -0.23776
0.00202 1.42277 -0.23776
0.00529 1.29782 -0.14695
0.00654 1.25009 -0.00000
0.00529 1.29782 0.14695
0.00202 1.42277 0.23776
-0.00202 1.57723 0.23776
-0.00529 1.70218 0.14695
-0.09812 1.74717 0.00000
-0.09437 1.69958 -0.14695
-0.08457 1.57496 -0.23776
-0.07244 1.42093 -0.23776
-0.06264 1.29631 -0.14695
-0.05889 1.24871 -0.00000
-0.06264 1.29631 0.14695
-0.07244 1.42093 0.23776
-0.08457 1.57496 0.23776
-0.09437 1.69958 0.14695
-0.18942 1.73964 0.00000
-0.18319 1.69231 -0.14695
-0.16688 1.56838 -0.23776
-0.14671 1.41519 -0.23776
-0.13039 1.29126 -0.14695
-0.12416 1.24392 -0.00000
-0.13039 1.29126 0.14695
-0.14671 1.41519 0.23776
-0.16688 1.56838 0.23776
-0.18319 1.69231 0.14695
-0.28021 1.72735 0.00000
-0.27151 1.68040 -0.14695
-0.24873 1.55749 -0.23776
-0.22057 1.40557 -0.23776
-0.19779 1.28267 -0.14695
-0.18909 1.23572 -0.00000
-0.19779 1.28267 0.14695
-0.22057 1.40557 0.23776
-0.24873 1.55749 0.23776
-0.27151 1.68040 0.14695
-0.37023 1.71031 0.00000
-0.35908 1.66389 -0.14695
-0.32990 1.54234 -0.23776
-0.29383 1.39210 -0.23776
-0.26465 1.27056 -0.14695
-0.25351 1.22413 -0.00000
-0.26465 1.27056 0.14695
-0.29383 1.39210 0.23776
-0.32990 1.54234 0.23776
-0.35908 1.66389 0.14695
-0.45923 1.68859 0.00000
-0.44567 1.64281 -0.14695
-0.41017 1.52296 -0.23776
-0.36629 1.37482 -0.23776
-0.33079 1.25496 -0.14695
-0.31722 1.20918 -0.00000
-0.33079 1.25496 0.14695
-0.36629 1.37482 0.23776
-0.41017 1.52296 0.23776
-0.44567 1.64281 0.14695
-0.54698 1.66225 0.00000
-0.53104 1.61724 -0.14695
-0.48931 1.49941 -0.23776
-0.43774 1.35376 -0.23776
-0.39601 1.23593 -0.14695
-0.38007 1.19092 -0.00000
-0.39601 1.23593 0.14695
-0.43774 1.35376 0.23776
-0.48931 1.49941 0.23776
-0.53104 1.61724 0.14695
-0.63322 1.63134 0.00000
-0.61495 1.58723 -0.14695
-0.56712 1.47174 -0.23776
-0.50799 1.32900 -0.23776
-0.46015 1.21351 -0.14695
-0.44188 1.16940 -0.00000
-0.46015 1.21351 0.14695
-0.50799 1.32900 0.23776
-0.56712 1.47174 0.23776
-0.61495 1.58723 0.14695
-0.71773 1.59596 0.00000
-0.69718 1.55287 -0.14695
-0.64336 1.44005 -0.23776
-0.57685 1.30059 -0.23776
-0.52303 1.18777 -0.14695
-0.50248 1.14467 -0.00000
-0.52303 1.18777 0.14695
-0.57685 1.30059 0.23776
-0.64336 1.44005 0.23776
-0.69718 1.55287 0.14695
-0.80028 1.55621 0.00000
-0.77749 1.51425 -0.14695
-0.71785 1.40440 -0.23776
-0.64412 1.26862 -0.23776
-0.58448 1.15877 -0.14695
-0.56170 1.11681 -0.00000
-0.58448 1.15877 0.14695
-0.64412 1.26862 0.23776
-0.71785 1.40440 0.23776
-0.77749 1.51425 0.14695
-0.88062 1.51220 0.00000
-0.85568 1.47149 -0.14695
-0.79037 1.36491 -0.23776
-0.70963 1.23317 -0.23776
-0.64432 1.12659 -0.14695
-0.61938 1.08588 -0.00000
-0.64432 1.12659 0.14695
-0.70963 1.23317 0.23776
-0.79037 1.36491 0.23776
-0.85568 1.47149 0.14695
-0.95856 1.46404 0.00000
-0.93152 1.42469 -0.14695
-0.86072 1.32167 -0.23776
-0.77320 1.19434 -0.23776
-0.70240 1.09132 -0.14695
-0.67536 1.05197 -0.00000
-0.70240 1.09132 0.14695
-0.77320 1.19434 0.23776
-0.86072 1.32167 0.23776
-0.93152 1.42469 0.14695
-1.03387 1.41186 0.00000
-1.00480 1.37398 -0.14695
-0.92871 1.27482 -0.23776
-0.83465 1.15224 -0.23776
-0.75855 1.05307 -0.14695
-0.72949 1.01519 -0.00000
-0.75855 1.05307 0.14695
-0.83465 1.15224 0.23776
-0.92871 1.27482 0.23776
-1.00480 1.37398 0.14695
-1.10634 1.35582 0.00000
-1.07533 1.31951 -0.14695
-0.99415 1.22446 -0.23776
-0.89381 1.10697 -0.23776
-0.81263 1.01192 -0.14695
-0.78162 0.97562 -0.00000
-0.81263 1.01192 0.14695
-0.89381 1.10697 0.23776
-0.99415 1.22446 0.23776
-1.07533 1.31951 0.14695
-1.17578 1.29606 0.00000
-1.14292 1.26143 -0.14695
-1.05687 1.17076 -0.23776
-0.95052 1.05868 -0.23776
-0.86447 0.96801 -0.14695
-0.83161 0.93337 -0.00000
-0.86447 0.96801 0.14695
-0.95052 1.05868 0.23776
-1.05687 1.17076 0.23776
-1.14292 1.26143 0.14695
-1.24200 1.23275 0.00000
-1.20737 1.19988 -0.14695
-1.11670 1.11384 -0.23776
-1.00462 1.00748 -0.23776
-0.91395 0.92144 -0.14695
-0.87932 0.88857 -0.00000
-0.91395 0.92144 0.14695
-1.00462 1.00748 0.23776
-1.11670 1.11384 0.23776
-1.20737 1.19988 0.14695
-1.30482 1.16606 0.00000
-1.26851 1.13505 -0.14695
-1.17346 1.05387 -0.23776
-1.05597 0.95352 -0.23776
-0.96092 0.87234 -0.14695
-0.92462 0.84133 -0.00000
-0.96092 0.87234 0.14695
-1.05597 0.95352 0.23776
-1.17346 1.05387 0.23776
-1.26851 1.13505 0.14695
-1.36406 1.09617 0.00000
-1.32618 1.06711 -0.14695
-1.22701 0.99101 -0.23776
-1.10443 0.89695 -0.23776
-1.00526 0.82086 -0.14695
-0.96738 0.79179 -0.00000
-1.00526 0.82086 0.14695
-1.10443 0.89695 0.23776
-1.22701 0.99101 0.23776
-1.32618 1.06711 0.14695
-1.41956 1.02328 0.00000
-1.38021 0.99624 -0.14695
-1.27719 0.92544 -0.23776
-1.14986 0.83792 -0.23776
-1.04684 0.76712 -0.14695
-1.00749 0.74008 -0.00000
-1.04684 0.76712 0.14695
-1.14986 0.83792 0.23776
-1.27719 0.92544 0.23776
-1.38021 0.99624 0.14695
-1.47117 0.94758 0.00000
-1.43046 0.92264 -0.14695
-1.32388 0.85732 -0.23776
-1.19214 0.77659 -0.23776
-1.08556 0.71128 -0.14695
-1.04485 0.68633 -0.00000
-1.08556 0.71128 0.14695
-1.19214 0.77659 0.23776
-1.32388 0.85732 0.23776
-1.43046 0.92264 0.14695
-1.51874 0.86929 0.00000
-1.47678 0.84651 -0.14695
-1.36693 0.78686 -0.23776
-1.23115 0.71314 -0.23776
-1.12129 0.65349 -0.14695
-1.07933 0.63071 -0.00000
-1.12129 0.65349 0.14695
-1.23115 0.71314 0.23776
-1.36693 0.78686 0.23776
-1.47678 0.84651 0.14695
-1.56216 0.78861 0.00000
-1.51906 0.76806 -0.14695
-1.40624 0.71424 -0.23776
-1.26678 0.64773 -0.23776
-1.15396 0.59391 -0.14695
-1.11086 0.57336 -0.00000
-1.15396 0.59391 0.14695
-1.26678 0.64773 0.23776
-1.40624 0.71424 0.23776
-1.51906 0.76806 0.14695
-1.60129 0.70578 0.00000
-1.55718 0.68750 -0.14695
-1.44169 0.63967 -0.23776
-1.29894 0.58054 -0.23776
-1.18346 0.53271 -0.14695
-1.13935 0.51443 -0.00000
-1.18346 0.53271 0.14695
-1.29894 0.58054 0.23776
-1.44169 0.63967 0.23776
-1.55718 0.68750 0.14695
-1.63603 0.62100 0.00000
-1.59102 0.60507 -0.14695
-1.47319 0.56334 -0.23776
-1.32755 0.51176 -0.23776
-1.20972 0.47004 -0.14695
-1.16471 0.45410 -0.00000
-1.20972 0.47004 0.14695
-1.32755 0.51176 0.23776
-1.47319 0.56334 0.23776
-1.59102 0.60507 0.14695
-1.66629 0.53453 0.00000
-1.62051 0.52097 -0.14695
-1.50066 0.48547 -0.23776
-1.35251 0.44158 -0.23776
-1.23266 0.40608 -0.14695
-1.18688 0.39252 -0.00000
-1.23266 0.40608 0.14695
-1.35251 0.44158 0.23776
-1.50066 0.48547 0.23776
-1.62051 0.52097 0.14695
-1.69198 0.44659 0.00000
-1.64555 0.43544 -0.14695
-1.52401 0.40626 -0.23776
-1.37377 0.37019 -0.23776
-1.25222 0.34101 -0.14695
-1.20580 0.32987 -0.00000
-1.25222 0.34101 0.14695
-1.37377 0.37019 0.23776
-1.52401 0.40626 0.23776
-1.64555 0.43544 0.14695
-1.71304 0.35743 0.00000
-1.66609 0.34873 -0.14695
-1.54318 0.32595 -0.23776
-1.39126 0.29779 -0.23776
-1.26835 0.27501 -0.14695
-1.22141 0.26631 -0.00000
-1.26835 0.27501 0.14695
-1.39126 0.29779 0.23776
-1.54318 0.32595 0.23776
-1.66609 0.34873 0.14695
-1.72939 0.26728 0.00000
-1.68206 0.26105 -0.14695
-1.55813 0.24474 -0.23776
-1.40494 0.22457 -0.23776
-1.28101 0.20825 -0.14695
-1.23367 0.20202 -0.00000
-1.28101 0.20825 0.14695
-1.40494 0.22457 0.23776
-1.55813 0.24474 0.23776
-1.68206 0.26105 0.14695
-1.74101 0.17641 0.00000
-1.69341 0.17266 -0.14695
-1.56880 0.16285 -0.23776
-1.41477 0.15073 -0.23776
-1.29015 0.14092 -0.14695
-1.24255 0.13718 -0.00000
-1.29015 0.14092 0.14695
-1.41477 0.15073 0.23776
-1.56880 0.16285 0.23776
-1.69341 0.17266 0.14695
-1.74786 0.08505 0.00000
-1.70013 0.08380 -0.14695
-1.57517 0.08053 -0.23776
-1.42072 0.07648 -0.23776
-1.29576 0.07321 -0.14695
-1.24803 0.07196 -0.00000
-1.29576 0.07321 0.14695
-1.42072 0.07648 0.23776
-1.57517 0.08053 0.23776
-1.70013 0.08380 0.14695
-1.74991 -0.00654 0.00000
-1.70218 -0.00529 -0.14695
-1.57723 -0.00202 -0.23776
-1.42277 0.00202 -0.23776
-1.29782 0.00529 -0.14695
-1.25009 0.00654 -0.00000
-1.29782 0.00529 0.14695
-1.42277 0.00202 0.23776
-1.57723 -0.00202 0.23776
-1.70218 -0.00529 0.14695
-1.74717 -0.09812 0.00000
-1.69958 -0.09437 -0.14695
-1.57496 -0.08457 -0.23776
-1.42093 -0.07244 -0.23776
-1.29631 -0.06264 -0.14695
-1.24871 -0.05889 -0.00000
-1.29631 -0.06264 0.14695
-1.42093 -0.07244 0.23776
-1.57496 -0.08457 0.23776
-1.69958 -0.09437 0.14695
-1.73964 -0.18942 0.00000
-1.69231 -0.18319 -0.14695
-1.56838 -0.16688 -0.23776
-1.41519 -0.14671 -0.23776
-1.29126 -0.13039 -0.14695
-1.24392 -0.12416 -0.00000
-1.29126 -0.13039 0.14695
-1.41519 -0.14671 0.23776
-1.56838 -0.16688 0.23776
-1.69231 -0.18319 0.14695
-1.72735 -0.28021 0.00000
-1.68040 -0.27151 -0.14695
-1.55749 -0.24873 -0.23776
-1.40557 -0.22057 -0.23776
-1.28267 -0.19779 -0.14695
-1.23572 -0.18909 -0.00000
-1.28267 -0.19779 0.14695
-1.40557 -0.22057 0.23776
-1.55749 -0.24873 0.23776
-1.68040 -0.27151 0.14695
-1.71031 -0.37023 0.00000
-1.66389 -0.35908 -0.14695
-1.54234 -0.32990 -0.23776
-1.39210 -0.29383 -0.23776
-1.27056 -0.26465 -0.14695
-1.22413 -0.25351 -0.00000
-1.27056 -0.26465 0.14695
-1.39210 -0.29383 0.23776
-1.54234 -0.32990 0.23776
-1.66389 -0.35908 0.14695
-1.68859 -0.45923 0.00000
-1.64281 -0.44567 -0.14695
-1.52296 -0.41017 -0.23776
-1.37482 -0.36629 -0.23776
-1.25496 -0.33079 -0.14695
-1.20918 -0.31722 -0.00000
-1.25496 -0.33079 0.14695
-1.37482 -0.36629 0.23776
-1.52296 -0.41017 0.23776
-1.64281 -0.44567 0.14695
-1.66225 -0.54698 0.00000
-1.61724 -0.53104 -0.14695
-1.49941 -0.48931 -0.23776
-1.35376 -0.43774 -0.23776
-1.23593 -0.39601 -0.14695
-1.19092 -0.38007 -0.00000
-1.23593 -0.39601 0.14695
-1.35376 -0.43774 0.23776
-1.49941 -0.48931 0.23776
-1.61724 -0.53104 0.14695
-1.63134 -0.63322 0.00000
-1.58723 -0.61495 -0.14695
-1.47174 -0.56712 -0.23776
-1.32900 -0.50799 -0.23776
-1.21351 -0.46015 -0.14695
-1.16940 -0.44188 -0.00000
-1.21351 -0.46015 0.14695
-1.32900 -0.50799 0.23776
-1.47174 -0.56712 0.23776
-1.58723 -0.61495 0.14695
-1.59596 -0.71773 0.00000
-1.55287 -0.69718 -0.14695
-1.44005 -0.64336 -0.23776
-1.30059 -0.57685 -0.23776
-1.18777 -0.52303 -0.14695
-1.14467 -0.50248 -0.00000
-1.18777 -0.52303 0.14695
-1.30059 -0.57685 0.23776
-1.44005 -0.64336 0.23776
-1.55287 -0.69718 0.14695
-1.55621 -0.80028 0.00000
-1.51425 -0.77749 -0.14695
-1.40440 -0.71785 -0.23776
-1.26862 -0.64412 -0.23776
-1.15877 -0.58448 -0.14695
-1.11681 -0.56170 -0.00000
-1.15877 -0.58448 0.14695
-1.26862 -0.64412 0.23776
-1.40440 -0.71785 0.23776
-1.51425 -0.77749 0.14695
-1.51220 -0.88062 0.00000
-1.47149 -0.85568 -0.14695
-1.36491 -0.79037 -0.23776
-1.23317 -0.70963 -0.23776
-1.12659 -0.64432 -0.14695
-1.08588 -0.61938 -0.00000
-1.12659 -0.64432 0.14695
-1.23317 -0.70963 0.23776
-1.36491 -0.79037 0.23776
-1.47149 -0.85568 0.14695
-1.46404 -0.95856 0.00000
-1.42469 -0.93152 -0.14695
-1.32167 -0.86072 -0.23776
-1.19434 -0.77320 -0.23776
-1.09132 -0.70240 -0.14695
-1.05197 -0.67536 -0.00000
-1.09132 -0.70240 0.14695
-1.19434 -0.77320 0.23776
-1.32167 -0.86072 0.23776
-1.42469 -0.93152 0.14695
-1.41186 -1.03387 0.00000
-1.37398 -1.00480 -0.14695
-1.27482 -0.92871 -0.23776
-1.15224 -0.83465 -0.23776
-1.05307 -0.75855 -0.14695
-1.01519 -0.72949 -0.00000
-1.05307 -0.75855 0.14695
-1.15224 -0.83465 0.23776
-1.27482 -0.92871 0.23776
-1.37398 -1.00480 0.14695
-1.35582 -1.10634 0.00000
-1.31951 -1.07533 -0.14695
-1.22446 -0.99415 -0.23776
-1.10697 -0.89381 -0.23776
-1.01192 -0.81263 -0.14695
-0.97562 -0.78162 -0.00000
-1.01192 -0.81263 0.14695
-1.10697 -0.89381 0.23776
-1.22446 -0.99415 0.23776
-1.31951 -1.07533 0.14695
-1.29606 -1.17578 0.00000
-1.26143 -1.14292 -0.14695
-1.17076 -1.05687 -0.23776
-1.05868 -0.95052 -0.23776
-0.96801 -0.86447 -0.14695
-0.93337 -0.83161 -0.00000
-0.96801 -0.86447 0.14695
-1.05868 -0.95052 0.23776
-1.17076 -1.05687 0.23776
-1.26143 -1.14292 0.14695
-1.23275 -1.24200 0.00000
-1.19988 -1.20737 -0.14695
-1.11384 -1.11670 -0.23776
-1.00748 -1.00462 -0.23776
-0.92144 -0.91395 -0.14695
-0.88857 -0.87932 -0.00000
-0.92144 -0.91395 0.14695
-1.00748 -1.00462 0.23776
-1.11384 -1.11670 0.23776
-1.19988 -1.20737 0.14695
-1.16606 -1.30482 0.00000
-1.13505 -1.26851 -0.14695
-1.05387 -1.17346 -0.23776
-0.95352 -1.05597 -0.23776
-0.87234 -0.96092 -0.14695
-0.84133 -0.92462 -0.00000
-0.87234 -0.96092 0.14695
-0.95352 -1.05597 0.23776
-1.05387 -1.17346 0.23776
-1.13505 -1.26851 0.14695
-1.09617 -1.36406 0.00000
-1.06711 -1.32618 -0.14695
-0.99101 -1.22701 -0.23776
-0.89695 -1.10443 -0.23776
-0.82086 -1.00526 -0.14695
-0.79179 -0.96738 -0.00000
-0.82086 -1.00526 0.14695
-0.89695 -1.10443 0.23776
-0.99101 -1.22701 0.23776
-1.06711 -1.32618 0.14695
-1.02328 -1.41956 0.00000
-0.99624 -1.38021 -0.14695
-0.92544 -1.27719 -0.23776
-0.83792 -1.14986 -0.23776
-0.76712 -1.04684 -0.14695
-0.74008 -1.00749 -0.00000
-0.76712 -1.04684 0.14695
-0.83792 -1.14986 0.23776
-0.92544 -1.27719 0.23776
-0.99624 -1.38021 0.14695
-0.94758 -1.47117 0.00000
-0.92264 -1.43046 -0.14695
-0.85732 -1.32388 -0.23776
-0.77659 -1.19214 -0.23776
-0.71128 -1.08556 -0.14695
-0.68633 -1.04485 -0.00000
-0.71128 -1.08556 0.14695
-0.77659 -1.19214 0.23776
-0.85732 -1.32388 0.23776
-0.92264 -1.43046 0.14695
-0.86929 -1.51874 0.00000
-0.84651 -1.47678 -0.14695
-0.78686 -1.36693 -0.23776
-0.71314 -1.23115 -0.23776
-0.65349 -1.12129 -0.14695
-0.63071 -1.07933 -0.00000
-0.65349 -1.12129 0.14695
-0.71314 -1.23115 0.23776
-0.78686 -1.36693 0.23776
-0.84651 -1.47678 0.14695
-0.78861 -1.56216 0.00000
-0.76806 -1.51906 -0.14695
-0.71424 -1.40624 -0.23776
-0.64773 -1.26678 -0.23776
-0.59391 -1.15396 -0.14695
-0.57336 -1.11086 -0.00000
-0.59391 -1.15396 0.14695
-0.64773 -1.26678 0.23776
-0.71424 -1.40624 0.23776
-0.76806 -1.51906 0.14695
-0.70578 -1.60129 0.00000
-0.68750 -1.55718 -0.14695
-0.63967 -1.44169 -0.23776
-0.58054 -1.29894 -0.23776
-0.53271 -1.18346 -0.14695
-0.51443 -1.13935 -0.00000
-0.53271 -1.18346 0.14695
-0.58054 -1.29894 0.23776
-0.63967 -1.44169 0.23776
-0.68750 -1.55718 0.14695
-0.62100 -1.63603 0.00000
-0.60507 -1.59102 -0.14695
-0.56334 -1.47319 -0.23776
-0.51176 -1.32755 -0.23776
-0.47004 -1.20972 -0.14695
-0.45410 -1.16471 -0.00000
-0.47004 -1.20972 0.14695
-0.51176 -1.32755 0.23776
-0.56334 -1.47319 0.23776
-0.60507 -1.59102 0.14695
-0.53453 -1.66629 0.00000
-0.52097 -1.62051 -0.14695
-0.48547 -1.50066 -0.23776
-0.44158 -1.35251 -0.23776
-0.40608 -1.23266 -0.14695
-0.39252 -1.18688 -0.00000
-0.40608 -1.23266 0.14695
-0.44158 -1.35251 0.23776
-0.48547 -1.50066 0.23776
-0.52097 -1.62051 0.14695
-0.44659 -1.69198 0.00000
-0.43544 -1.64555 -0.14695
-0.40626 -1.52401 -0.23776
-0.37019 -1.37377 -0.23776
-0.34101 -1.25222 -0.14695
-0.32987 -1.20580 -0.00000
-0.34101 -1.25222 0.14695
-0.37019 -1.37377 0.23776
-0.40626 -1.52401 0.23776
-0.43544 -1.64555 0.14695
-0.35743 -1.71304 0.00000
-0.34873 -1.66609 -0.14695
-0.32595 -1.54318 -0.23776
-0.29779 -1.39126 -0.23776
-0.27501 -1.26835 -0.14695
-0.26631 -1.22141 -0.00000
-0.27501 -1.26835 0.14695
-0.29779 -1.39126 0.23776
-0.32595 -1.54318 0.23776
-0.34873 -1.66609 0.14695
-0.26728 -1.72939 0.00000
-0.26105 -1.68206 -0.14695
-0.24474 -1.55813 -0.23776
-0.22457 -1.40494 -0.23776
-0.20825 -1.28101 -0.14695
-0.20202 -1.23367 -0.00000
-0.20825 -1.28101 0.14695
-0.22457 -1.40494 0.23776
-0.24474 -1.55813 0.23776
-0.26105 -1.68206 0.14695
-0.17641 -1.74101 0.00000
-0.17266 -1.69341 -0.14695
-0.16285 -1.56880 -0.23776
-0.15073 -1.41477 -0.23776
-0.14092 -1.29015 -0.14695
-0.13718 -1.24255 -0.00000
-0.14092 -1.29015 0.14695
-0.15073 -1.41477 0.23776
-0.16285 -1.56880 0.23776
-0.17266 -1.69341 0.14695
-0.08505 -1.74786 0.00000
-0.08380 -1.70013 -0.14695
-0.08053 -1.57517 -0.23776
-0.07648 -1.42072 -0.23776
-0.07321 -1.29576 -0.14695
-0.07196 -1.24803 -0.00000
-0.07321 -1.29576 0.14695
-0.07648 -1.42072 0.23776
-0.08053 -1.57517 0.23776
-0.08380 -1.70013 0.14695
0.00654 -1.74991 0.00000
0.00529 -1.70218 -0.14695
0.00202 -1.57723 -0.23776
-0.00202 -1.42277 -0.23776
-0.00529 -1.29782 -0.14695
-0.00654 -1.25009 -0.00000
-0.00529 -1.29782 0.14695
-0.00202 -1.42277 0.23776
0.00202 -1.57723 0.23776
0.00529 -1.70218 0.14695
0.09812 -1.74717 0.00000
0.09437 -1.69958 -0.14695
0.08457 -1.57496 -0.23776
0.07244 -1.42093 -0.23776
0.06264 -1.29631 -0.14695
0.05889 -1.24871 -0.00000
0.06264 -1.29631 0.14695
0.07244 -1.42093 0.23776
0.08457 -1.57496 0.23776
0.09437 -1.69958 0.14695
0.18942 -1.73964 0.00000
0.18319 -1.69231 -0.14695
0.16688 -1.56838 -0.23776
0.14671 -1.41519 -0.23776
0.13039 -1.29126 -0.14695
0.12416 -1.24392 -0.00000
0.13039 -1.29126 0.14695
0.14671 -1.41519 0.23776
0.16688 -1.56838 0.23776
0.18319 -1.69231 0.14695
0.28021 -1.72735 0.00000
0.27151 -1.68040 -0.14695
0.24873 -1.55749 -0.23776
0.22057 -1.40557 -0.23776
0.19779 -1.28267 -0.14695
0.18909 -1.23572 -0.00000
0.19779 -1.28267 0.14695
0.22057 -1.40557 0.23776
0.24873 -1.55749 0.23776
0.27151 -1.68040 0.14695
0.37023 -1.71031 0.00000
0.35908 -1.66389 -0.14695
0.32990 -1.54234 -0.23776
0.29383 -1.39210 -0.23776
0.26465 -1.27056 -0.14695
0.25351 -1.22413 -0.00000
0.26465 -1.27056 0.14695
0.29383 -1.39210 0.23776
0.32990 -1.54234 0.23776
0.35908 -1.66389 0.14695
0.45923 -1.68859 0.00000
0.44567 -1.64281 -0.14695
0.41017 -1.52296 -0.23776
0.36629 -1.37482 -0.23776
0.33079 -1.25496 -0.14695
0.31722 -1.20918 -0.00000
0.33079 -1.25496 0.14695
0.36629 -1.37482 0.23776
0.41017 -1.52296 0.23776
0.44567 -1.64281 0.14695
0.54698 -1.66225 0.00000
0.53104 -1.61724 -0.14695
0.48931 -1.49941 -0.23776
0.43774 -1.35376 -0.23776
0.39601 -1.23593 -0.14695
0.38007 -1.19092 -0.00000
0.39601 -1.23593 0.14695
0.43774 -1.35376 0.23776
0.48931 -1.49941 0.23776
0.53104 -1.61724 0.14695
0.63322 -1.63134 0.00000
0.61495 -1.58723 -0.14695
0.56712 -1.47174 -0.23776
0.50799 -1.32900 -0.23776
0.46015 -1.21351 -0.14695
0.44188 -1.16940 -0.00000
0.46015 -1.21351 0.14695
0.50799 -1.32900 0.23776
0.56712 -1.47174 0.23776
0.61495 -1.58723 0.14695
0.71773 -1.59596 0.00000
0.69718 -1.55287 -0.14695
0.64336 -1.44005 -0.23776
0.57685 -1.30059 -0.23776
0.52303 -1.18777 -0.14695
0.50248 -1.14467 -0.00000
0.52303 -1.18777 0.14695
0.57685 -1.30059 0.23776
0.64336 -1.44005 0.23776
0.69718 -1.55287 0.14695
0.80028 -1.55621 0.00000
0.77749 -1.51425 -0.14695
0.71785 -1.40440 -0.23776
0.64412 -1.26862 -0.23776
0.58448 -1.15877 -0.14695
0.56170 -1.11681 -0.00000
0.58448 -1.15877 0.14695
0.64412 -1.26862 0.23776
0.71785 -1.40440 0.23776
0.77749 -1.51425 0.14695
0.88062 -1.51220 0.00000
0.85568 -1.47149 -0.14695
0.79037 -1.36491 -0.23776
0.70963 -1.23317 -0.23776
0.64432 -1.12659 -0.14695
0.61938 -1.08588 -0.00000
0.64432 -1.12659 0.14695
0.70963 -1.23317 0.23776
0.79037 -1.36491 0.23776
0.85568 -1.47149 0.14695
0.95856 -1.46404 0.00000
0.93152 -1.42469 -0.14695
0.86072 -1.32167 -0.23776
0.77320 -1.19434 -0.23776
0.70240 -1.09132 -0.14695
0.67536 -1.05197 -0.00000
0.70240 -1.09132 0.14695
0.77320 -1.19434 0.23776
0.86072 -1.32167 0.23776
0.93152 -1.42469 0.14695
1.03387 -1.41186 0.00000
1.00480 -1.37398 -0.14695
0.92871 -1.27482 -0.23776
0.83465 -1.15224 -0.23776
0.75855 -1.05307 -0.14695
0.72949 -1.01519 -0.00000
0.75855 -1.05307 0.14695
0.83465 -1.15224 0.23776
0.92871 -1.27482 0.23776
1.00480 -1.37398 0.14695
1.10634 -1.35582 0.00000
1.07533 -1.31951 -0.14695
0.99415 -1.22446 -0.23776
0.89381 -1.10697 -0.23776
0.81263 -1.01192 -0.14695
0.78162 -0.97562 -0.00000
0.81263 -1.01192 0.14695
0.89381 -1.10697 0.23776
0.99415 -1.22446 0.23776
1.07533 -1.31951 0.14695
1.17578 -1.29606 0.00000
1.14292 -1.26143 -0.14695
1.05687 -1.17076 -0.23776
0.95052 -1.05868 -0.23776
0.86447 -0.96801 -0.14695
0.83161 -0.93337 -0.00000
0.86447 -0.96801 0.14695
0.95052 -1.05868 0.23776
1.05687 -1.17076 0.23776
1.14292 -1.26143 0.14695
1.24200 -1.23275 0.00000
1.20737 -1.19988 -0.14695
1.11670 -1.11384 -0.23776
1.00462 -1.00748 -0.23776
0.91395 -0.92144 -0.14695
0.87932 -0.88857 -0.00000
0.91395 -0.92144 0.14695
1.00462 -1.00748 0.23776
1.11670 -1.11384 0.23776
1.20737 -1.19988 0.14695
1.30482 -1.16606 0.00000
1.26851 -1.13505 -0.14695
1.17346 -1.05387 -0.23776
1.05597 -0.95352 -0.23776
0.96092 -0.87234 -0.14695
0.92462 -0.84133 -0.00000
0.96092 -0.87234 0.14695
1.05597 -0.95352 0.23776
1.17346 -1.05387 0.23776
1.26851 -1.13505 0.14695
1.36406 -1.09617 0.00000
1.32618 -1.06711 -0.14695
1.22701 -0.99101 -0.23776
1.10443 -0.89695 -0.23776
1.00526 -0.82086 -0.14695
0.96738 -0.79179 -0.00000
1.00526 -0.82086 0.14695
1.10443 -0.89695 0.23776
1.22701 -0.99101 0.23776
1.32618 -1.06711 0.14695
1.41956 -1.02328 0.00000
1.38021 -0.99624 -0.14695
1.27719 -0.92544 -0.23776
1.14986 -0.83792 -0.23776
1.04684 -0.76712 -0.14695
1.00749 -0.74008 -0.00000
1.04684 -0.76712 0.14695
1.14986 -0.83792 0.23776
1.27719 -0.92544 0.23776
1.38021 -0.99624 0.14695
1.47117 -0.94758 0.00000
1.43046 -0.92264 -0.14695
1.32388 -0.85732 -0.23776
1.19214 -0.77659 -0.23776
1.08556 -0.71128 -0.14695
1.04485 -0.68633 -0.00000
1.08556 -0.71128 0.14695
1.19214 -0.77659 0.23776
1.32388 -0.85732 0.23776
1.43046 -0.92264 0.14695
1.51874 -0.86929 0.00000
1.47678 -0.84651 -0.14695
1.36693 -0.78686 -0.23776
1.23115 -0.71314 -0.23776
1.12129 -0.65349 -0.14695
1.07933 -0.63071 -0.00000
1.12129 -0.65349 0.14695
1.23115 -0.71314 0.23776
1.36693 -0.78686 0.23776
1.47678 -0.84651 0.14695
1.56216 -0.78861 0.00000
1.51906 -0.76806 -0.14695
1.40624 -0.71424 -0.23776
1.26678 -0.64773 -0.23776
1.15396 -0.59391 -0.14695
1.11086 -0.57336 -0.00000
1.15396 -0.59391 0.14695
1.26678 -0.64773 0.23776
1.40624 -0.71424 0.23776
1.51906 -0.76806 0.14695
1.60129 -0.70578 0.00000
1.55718 -0.68750 -0.14695
1.44169 -0.63967 -0.23776
1.29894 -0.58054 -0.23776
1.18346 -0.53271 -0.14695
1.13935 -0.51443 -0.00000
1.18346 -0.53271 0.14695
1.29894 -0.58054 0.23776
1.44169 -0.63967 0.23776
1.55718 -0.68750 0.14695
1.63603 -0.62100 0.00000
1.59102 -0.60507 -0.14695
1.47319 -0.56334 -0.23776
1.32755 -0.51176 -0.23776
1.20972 -0.47004 -0.14695
1.16471 -0.45410 -0.00000
1.20972 -0.47004 0.14695
1.32755 -0.51176 0.23776
1.47319 -0.56334 0.23776
1.59102 -0.60507 0.14695
1.66629 -0.53453 0.00000
1.62051 -0.52097 -0.14695
1.50066 -0.48547 -0.23776
1.35251 -0.44158 -0.23776
1.23266 -0.40608 -0.14695
1.18688 -0.39252 -0.00000
1.23266 -0.40608 0.14695
1.35251 -0.44158 0.23776
1.50066 -0.48547 0.23776
1.62051 -0.52097 0.14695
1.69198 -0.44659 0.00000
1.64555 -0.43544 -0.14695
1.52401 -0.40626 -0.23776
1.37377 -0.37019 -0.23776
1.25222 -0.34101 -0.14695
1.20580 -0.32987 -0.00000
1.25222 -0.34101 0.14695
1.37377 -0.37019 0.23776
1.52401 -0.40626 0.23776
1.64555 -0.43544 0.14695
1.71304 -0.35743 0.00000
1.66609 -0.34873 -0.14695
1.54318 -0.32595 -0.23776
1.39126 -0.29779 -0.23776
1.26835 -0.27501 -0.14695
1.22141 -0.26631 -0.00000
1.26835 -0.27501 0.14695
1.39126 -0.29779 0.23776
1.54318 -0.32595 0.23776
1.66609 -0.34873 0.14695
1.72939 -0.26728 0.00000
1.68206 -0.26105 -0.14695
1.55813 -0.24474 -0.23776
1.40494 -0.22457 -0.23776
1.28101 -0.20825 -0.14695
1.23367 -0.20202 -0.00000
1.28101 -0.20825 0.14695
1.40494 -0.22457 0.23776
1.55813 -0.24474 0.23776
1.68206 -0.26105 0.14695
1.74101 -0.17641 0.00000
1.69341 -0.17266 -0.14695
1.56880 -0.16285 -0.23776
1.41477 -0.15073 -0.23776
1.29015 -0.14092 -0.14695
1.24255 -0.13718 -0.00000
1.29015 -0.14092 0.14695
1.41477 -0.15073 0.23776
1.56880 -0.16285 0.23776
1.69341 -0.17266 0.14695
1.74786 -0.08505 0.00000
1.70013 -0.08380 -0.14695
1.57517 -0.08053 -0.23776
1.42072 -0.07648 -0.23776
1.29576 -0.07321 -0.14695
1.24803 -0.07196 -0.00000
1.29576 -0.07321 0.14695
1.42072 -0.07648 0.23776
1.57517 -0.08053 0.23776
1.70013 -0.08380 0.14695
2.55000 0.25000 0.00000
2.40310 0.20225 -0.00385
2.31232 0.07725 -0.00622
2.31232 -0.07725 -0.00622
2.40310 -0.20225 -0.00385
2.55000 -0.25000 -0.00000
2.69690 -0.20225 0.00385
2.78768 -0.07725 0.00622
2.78768 0.07725 0.00622
2.69690 0.20225 0.00385
2.54794 0.25000 0.07850
2.40145 0.20225 0.06697
2.31091 0.07725 0.05985
2.31091 -0.07725 0.05985
2.40145 -0.20225 0.06697
2.54794 -0.25000 0.07850
2.69444 -0.20225 0.09003
2.78498 -0.07725 0.09716
2.78498 0.07725 0.09716
2.69444 0.20225 0.09003
2.54178 0.25000 0.15679
2.39609 0.20225 0.13761
2.30605 0.07725 0.12576
2.30605 -0.07725 0.12576
2.39609 -0.20225 0.13761
2.54178 -0.25000 0.15679
2.68747 -0.20225 0.17597
2.77751 -0.07725 0.18783
2.77751 0.07725 0.18783
2.68747 0.20225 0.17597
2.53153 0.25000 0.23465
2.38705 0.20225 0.20787
2.29775 0.07725 0.19132
2.29775 -0.07725 0.19132
2.38705 -0.20225 0.20787
2.53153 -0.25000 0.23465
2.67602 -0.20225 0.26143
2.76532 -0.07725 0.27798
2.76532 0.07725 0.27798
2.67602 0.20225 0.26143
2.51722 0.25000 0.31187
2.37434 0.20225 0.27756
2.28603 0.07725 0.25636
2.28603 -0.07725 0.25636
2.37434 -0.20225 0.27756
2.51722 -0.25000 0.31187
2.66011 -0.20225 0.34617
2.74842 -0.07725 0.36737
2.74842 0.07725 0.36737
2.66011 0.20225 0.34617
2.49889 0.25000 0.38823
2.35799 0.20225 0.34649
2.27092 0.07725 0.32070
2.27092 -0.07725 0.32070
2.35799 -0.20225 0.34649
2.49889 -0.25000 0.38823
2.63978 -0.20225 0.42996
2.72686 -0.07725 0.45576
2.72686 0.07725 0.45576
2.63978 0.20225 0.42996
2.47658 0.25000 0.46353
2.33807 0.20225 0.41447
2.25246 0.07725 0.38416
2.25246 -0.07725 0.38416
2.33807 -0.20225 0.41447
2.47658 -0.25000 0.46353
2.61510 -0.20225 0.51258
2.70071 -0.07725 0.54289
2.70071 0.07725 0.54289
2.61510 0.20225 0.51258
2.45037 0.25000 0.53755
2.31461 0.20225 0.48132
2.23071 0.07725 0.44656
2.23071 -0.07725 0.44656
2.31461 -0.20225 0.48132
2.45037 -0.25000 0.53755
2.58613 -0.20225 0.59379
2.67004 -0.07725 0.62854
2.67004 0.07725 0.62854
2.58613 0.20225 0.59379
2.42032 0.25000 0.61010
2.28769 0.20225 0.54684
2.20572 0.07725 0.50774
2.20572 -0.07725 0.50774
2.28769 -0.20225 0.54684
2.42032 -0.25000 0.61010
2.55295 -0.20225 0.67337
2.63492 -0.07725 0.71247
2.63492 0.07725 0.71247
2.55295 0.20225 0.67337
2.38651 0.25000 0.68099
2.25737 0.20225 0.61087
2.17756 0.07725 0.56753
2.17756 -0.07725 0.56753
2.25737 -0.20225 0.61087
2.38651 -0.25000 0.68099
2.51565 -0.20225 0.75110
2.59546 -0.07725 0.79444
2.59546 0.07725 0.79444
2.51565 0.20225 0.75110
2.34904 0.25000 0.75000
2.22375 0.20225 0.67322
2.14631 0.07725 0.62577
2.14631 -0.07725 0.62577
2.22375 -0.20225 0.67322
2.34904 -0.25000 0.75000
2.47433 -0.20225 0.82678
2.55177 -0.07725 0.87423
2.55177 0.07725 0.87423
2.47433 0.20225 0.82678
2.30801 0.25000 0.81696
2.18690 0.20225 0.73373
2.11206 0.07725 0.68229
2.11206 -0.07725 0.68229
2.18690 -0.20225 0.73373
2.30801 -0.25000 0.81696
2.42911 -0.20225 0.90019
2.50395 -0.07725 0.95163
2.50395 0.07725 0.95163
2.42911 0.20225 0.90019
2.26353 0.25000 0.88168
2.14695 0.20225 0.79222
2.07489 0.07725 0.73694
2.07489 -0.07725 0.73694
2.14695 -0.20225 0.79222
2.26353 -0.25000 0.88168
2.38011 -0.20225 0.97113
2.45216 -0.07725 1.02642
2.45216 0.07725 1.02642
2.38011 0.20225 0.97113
2.21572 0.25000 0.94398
2.10398 0.20225 0.84855
2.03492 0.07725 0.78957
2.03492 -0.07725 0.78957
2.10398 -0.20225 0.84855
2.21572 -0.25000 0.94398
2.32746 -0.20225 1.03941
2.39652 -0.07725 1.09840
2.39652 0.07725 1.09840
2.32746 0.20225 1.03941
2.16472 0.25000 1.00370
2.05813 0.20225 0.90254
1.99225 0.07725 0.84003
1.99225 -0.07725 0.84003
2.05813 -0.20225 0.90254
2.16472 -0.25000 1.00370
2.27131 -0.20225 1.10485
2.33719 -0.07725 1.16736
2.33719 0.07725 1.16736
2.27131 0.20225 1.10485
2.11066 0.25000 1.06066
2.00951 0.20225 0.95407
1.94699 0.07725 0.88819
1.94699 -0.07725 0.88819
2.00951 -0.20225 0.95407
2.11066 -0.25000 1.06066
2.21181 -0.20225 1.16725
2.27433 -0.07725 1.23313
2.27433 0.07725 1.23313
2.21181 0.20225 1.16725
2.05370 0.25000 1.11472
1.95826 0.20225 1.00298
1.89928 0.07725 0.93392
1.89928 -0.07725 0.93392
1.95826 -0.20225 1.00298
2.05370 -0.25000 1.11472
2.14913 -0.20225 1.22646
2.20811 -0.07725 1.29551
2.20811 0.07725 1.29551
2.14913 0.20225 1.22646
1.99398 0.25000 1.16572
1.90453 0.20225 1.04914
1.84924 0.07725 0.97709
1.84924 -0.07725 0.97709
1.90453 -0.20225 1.04914
1.99398 -0.25000 1.16572
2.08344 -0.20225 1.28230
2.13872 -0.07725 1.35435
2.13872 0.07725 1.35435
2.08344 0.20225 1.28230
1.93168 0.25000 1.21353
1.84845 0.20225 1.09242
1.79701 0.07725 1.01758
1.79701 -0.07725 1.01758
1.84845 -0.20225 1.09242
1.93168 -0.25000 1.21353
2.01491 -0.20225 1.33463
2.06635 -0.07725 1.40947
2.06635 0.07725 1.40947
2.01491 0.20225 1.33463
1.86696 0.25000 1.25801
1.79018 0.20225 1.13271
1.74273 0.07725 1.05528
1.74273 -0.07725 1.05528
1.79018 -0.20225 1.13271
1.86696 -0.25000 1.25801
1.94374 -0.20225 1.38330
1.99119 -0.07725 1.46073
1.99119 0.07725 1.46073
1.94374 0.20225 1.38330
1.80000 0.25000 1.29904
1.72988 0.20225 1.16990
1.68655 0.07725 1.09009
1.68655 -0.07725 1.09009
1.72988 -0.20225 1.16990
1.80000 -0.25000 1.29904
1.87012 -0.20225 1.42818
1.91345 -0.07725 1.50799
1.91345 0.07725 1.50799
1.87012 0.20225 1.42818
1.73099 0.25000 1.33651
1.66772 0.20225 1.20388
1.62863 0.07725 1.12191
1.62863 -0.07725 1.12191
1.66772 -0.20225 1.20388
1.73099 -0.25000 1.33651
1.79425 -0.20225 1.46914
1.83335 -0.07725 1.55111
1.83335 0.07725 1.55111
1.79425 0.20225 1.46914
1.66010 0.25000 1.37032
1.60387 0.20225 1.23456
1.56912 0.07725 1.15065
1.56912 -0.07725 1.15065
1.60387 -0.20225 1.23456
1.66010 -0.25000 1.37032
1.71634 -0.20225 1.50608
1.75109 -0.07725 1.58998
1.75109 0.07725 1.58998
1.71634 0.20225 1.50608
1.58755 0.25000 1.40037
1.53850 0.20225 1.26185
1.50818 0.07725 1.17624
1.50818 -0.07725 1.17624
1.53850 -0.20225 1.26185
1.58755 -0.25000 1.40037
1.63660 -0.20225 1.53889
1.66692 -0.07725 1.62450
1.66692 0.07725 1.62450
1.63660 0.20225 1.53889
1.51353 0.25000 1.42658
1.47179 0.20225 1.28569
1.44600 0.07725 1.19861
1.44600 -0.07725 1.19861
1.47179 -0.20225 1.28569
1.51353 -0.25000 1.42658
1.55526 -0.20225 1.56748
1.58105 -0.07725 1.65456
1.58105 0.07725 1.65456
1.55526 0.20225 1.56748
1.43823 0.25000 1.44889
1.40392 0.20225 1.30600
1.38272 0.07725 1.21769
1.38272 -0.07725 1.21769
1.40392 -0.20225 1.30600
1.43823 -0.25000 1.44889
1.47253 -0.20225 1.59177
1.49373 -0.07725 1.68008
1.49373 0.07725 1.68008
1.47253 0.20225 1.59177
1.36187 0.25000 1.46722
1.33509 0.20225 1.32274
1.31854 0.07725 1.23344
1.31854 -0.07725 1.23344
1.33509 -0.20225 1.32274
1.36187 -0.25000 1.46722
1.38865 -0.20225 1.61171
1.40520 -0.07725 1.70100
1.40520 0.07725 1.70100
1.38865 0.20225 1.61171
1.28465 0.25000 1.48153
1.26547 0.20225 1.33584
1.25362 0.07725 1.24580
1.25362 -0.07725 1.24580
1.26547 -0.20225 1.33584
1.28465 -0.25000 1.48153
1.30383 -0.20225 1.62722
1.31569 -0.07725 1.71726
1.31569 0.07725 1.71726
1.30383 0.20225 1.62722
1.20679 0.25000 1.49178
1.19526 0.20225 1.34529
1.18814 0.07725 1.25475
1.18814 -0.07725 1.25475
1.19526 -0.20225 1.34529
1.20679 -0.25000 1.49178
1.21832 -0.20225 1.63828
1.22545 -0.07725 1.72881
1.22545 0.07725 1.72881
1.21832 0.20225 1.63828
1.12850 0.25000 1.49794
1.12466 0.20225 1.35105
1.12228 0.07725 1.26026
1.12228 -0.07725 1.26026
1.12466 -0.20225 1.35105
1.12850 -0.25000 1.49794
1.13235 -0.20225 1.64484
1.13473 -0.07725 1.73563
1.13473 0.07725 1.73563
1.13235 0.20225 1.64484
1.05000 0.25000 1.50000
1.05385 0.20225 1.35310
1.05622 0.07725 1.26232
1.05622 -0.07725 1.26232
1.05385 -0.20225 1.35310
1.05000 -0.25000 1.50000
1.04615 -0.20225 1.64690
1.04378 -0.07725 1.73768
1.04378 0.07725 1.73768
1.04615 0.20225 1.64690
0.97150 0.25000 1.49794
0.98303 0.20225 1.35145
0.99015 0.07725 1.26091
0.99015 -0.07725 1.26091
0.98303 -0.20225 1.35145
0.97150 -0.25000 1.49794
0.95997 -0.20225 1.64444
0.95284 -0.07725 1.73498
0.95284 0.07725 1.73498
0.95997 0.20225 1.64444
0.89321 0.25000 1.49178
0.91239 0.20225 1.34609
0.92424 0.07725 1.25605
0.92424 -0.07725 1.25605
0.91239 -0.20225 1.34609
0.89321 -0.25000 1.49178
0.87403 -0.20225 1.63747
0.86217 -0.07725 1.72751
0.86217 0.07725 1.72751
0.87403 0.20225 1.63747
0.81535 0.25000 1.48153
0.84213 0.20225 1.33705
0.85868 0.07725 1.24775
0.85868 -0.07725 1.24775
0.84213 -0.20225 1.33705
0.81535 -0.25000 1.48153
0.78857 -0.20225 1.62602
0.77202 -0.07725 1.71532
0.77202 0.07725 1.71532
0.78857 0.20225 1.62602
0.73813 0.25000 1.46722
0.77244 0.20225 1.32434
0.79364 0.07725 1.23603
0.79364 -0.07725 1.23603
0.77244 -0.20225 1.32434
0.73813 -0.25000 1.46722
0.70383 -0.20225 1.61011
0.68263 -0.07725 1.69842
0.68263 0.07725 1.69842
0.70383 0.20225 1.61011
0.66177 0.25000 1.44889
0.70351 0.20225 1.30799
0.72930 0.07725 1.22092
0.72930 -0.07725 1.22092
0.70351 -0.20225 1.30799
0.66177 -0.25000 1.44889
0.62004 -0.20225 1.58978
0.59424 -0.07725 1.67686
0.59424 0.07725 1.67686
0.62004 0.20225 1.58978
0.58647 0.25000 1.42658
0.63553 0.20225 1.28807
0.66584 0.07725 1.20246
0.66584 -0.07725 1.20246
0.63553 -0.20225 1.28807
0.58647 -0.25000 1.42658
0.53742 -0.20225 1.56510
0.50711 -0.07725 1.65071
0.50711 0.07725 1.65071
0.53742 0.20225 1.56510
0.51245 0.25000 1.40037
0.56868 0.20225 1.26461
0.60344 0.07725 1.18071
0.60344 -0.07725 1.18071
0.56868 -0.20225 1.26461
0.51245 -0.25000 1.40037
0.45621 -0.20225 1.53613
0.42146 -0.07725 1.62004
0.42146 0.07725 1.62004
0.45621 0.20225 1.53613
0.43990 0.25000 1.37032
0.50316 0.20225 1.23769
0.54226 0.07725 1.15572
0.54226 -0.07725 1.15572
0.50316 -0.20225 1.23769
0.43990 -0.25000 1.37032
0.37663 -0.20225 1.50295
0.33753 -0.07725 1.58492
0.33753 0.07725 1.58492
0.37663 0.20225 1.50295
0.36901 0.25000 1.33651
0.43913 0.20225 1.20737
0.48247 0.07725 1.12756
0.48247 -0.07725 1.12756
0.43913 -0.20225 1.20737
0.36901 -0.25000 1.33651
0.29890 -0.20225 1.46565
0.25556 -0.07725 1.54546
0.25556 0.07725 1.54546
0.29890 0.20225 1.46565
0.30000 0.25000 1.29904
0.37678 0.20225 1.17375
0.42423 0.07725 1.09631
0.42423 -0.07725 1.09631
0.37678 -0.20225 1.17375
0.30000 -0.25000 1.29904
0.22322 -0.20225 1.42433
0.17577 -0.07725 1.50177
0.17577 0.07725 1.50177
0.22322 0.20225 1.42433
0.23304 0.25000 1.25801
0.31627 0.20225 1.13690
0.36771 0.07725 1.06206
0.36771 -0.07725 1.06206
0.31627 -0.20225 1.13690
0.23304 -0.25000 1.25801
0.14981 -0.20225 1.37911
0.09837 -0.07725 1.45395
0.09837 0.07725 1.45395
0.14981 0.20225 1.37911
0.16832 0.25000 1.21353
0.25778 0.20225 1.09695
0.31306 0.07725 1.02489
0.31306 -0.07725 1.02489
0.25778 -0.20225 1.09695
0.16832 -0.25000 1.21353
0.07887 -0.20225 1.33011
0.02358 -0.07725 1.40216
0.02358 0.07725 1.40216
0.07887 0.20225 1.33011
0.10602 0.25000 1.16572
0.20145 0.20225 1.05398
0.26043 0.07725 0.98492
0.26043 -0.07725 0.98492
0.20145 -0.20225 1.05398
0.10602 -0.25000 1.16572
0.01059 -0.20225 1.27746
-0.04840 -0.07725 1.34652
-0.04840 0.07725 1.34652
0.01059 0.20225 1.27746
0.04630 0.25000 1.11472
0.14746 0.20225 1.00813
0.20997 0.07725 0.94225
0.20997 -0.07725 0.94225
0.14746 -0.20225 1.00813
0.04630 -0.25000 1.11472
-0.05485 -0.20225 1.22131
-0.11736 -0.07725 1.28719
-0.11736 0.07725 1.28719
-0.05485 0.20225 1.22131
-0.01066 0.25000 1.06066
0.09593 0.20225 0.95951
0.16181 0.07725 0.89699
0.16181 -0.07725 0.89699
0.09593 -0.20225 0.95951
-0.01066 -0.25000 1.06066
-0.11725 -0.20225 1.16181
-0.18313 -0.07725 1.22433
-0.18313 0.07725 1.22433
-0.11725 0.20225 1.16181
-0.06472 0.25000 1.00370
0.04702 0.20225 0.90826
0.11608 0.07725 0.84928
0.11608 -0.07725 0.84928
0.04702 -0.20225 0.90826
-0.06472 -0.25000 1.00370
-0.17646 -0.20225 1.09913
-0.24551 -0.07725 1.15811
-0.24551 0.07725 1.15811
-0.17646 0.20225 1.09913
-0.11572 0.25000 0.94398
0.00086 0.20225 0.85453
0.07291 0.07725 0.79924
0.07291 -0.07725 0.79924
0.00086 -0.20225 0.85453
-0.11572 -0.25000 0.94398
-0.23230 -0.20225 1.03344
-0.30435 -0.07725 1.08872
-0.30435 0.07725 1.08872
-0.23230 0.20225 1.03344
-0.16353 0.25000 0.88168
-0.04242 0.20225 0.79845
0.03242 0.07725 0.74701
0.03242 -0.07725 0.74701
-0.04242 -0.20225 0.79845
-0.16353 -0.25000 0.88168
-0.28463 -0.20225 0.96491
-0.35947 -0.07725 1.01635
-0.35947 0.07725 1.01635
-0.28463 0.20225 0.96491
-0.20801 0.25000 0.81696
-0.08271 0.20225 0.74018
-0.00528 0.07725 0.69273
-0.00528 -0.07725 0.69273
-0.08271 -0.20225 0.74018
-0.20801 -0.25000 0.81696
-0.33330 -0.20225 0.89374
-0.41073 -0.07725 0.94119
-0.41073 0.07725 0.94119
-0.33330 0.20225 0.89374
-0.24904 0.25000 0.75000
-0.11990 0.20225 0.67988
-0.04009 0.07725 0.63655
-0.04009 -0.07725 0.63655
-0.11990 -0.20225 0.67988
-0.24904 -0.25000 0.75000
-0.37818 -0.20225 0.82012
-0.45799 -0.07725 0.86345
-0.45799 0.07725 0.86345
-0.37818 0.20225 0.82012
-0.28651 -0.25000 0.68099
-0.41914 -0.20225 0.74425
-0.50111 -0.07725 0.78335
-0.50111 0.07725 0.78335
-0.41914 0.20225 0.74425
-0.28651 0.25000 0.68099
-0.15388 0.20225 0.61772
-0.07191 0.07725 0.57863
-0.07191 -0.07725 0.57863
-0.15388 -0.20225 0.61772
-0.32032 -0.25000 0.61010
-0.45608 -0.20225 0.66634
-0.53998 -0.07725 0.70109
-0.53998 0.07725 0.70109
-0.45608 0.20225 0.66634
-0.32032 0.25000 0.61010
-0.18456 0.20225 0.55387
-0.10065 0.07725 0.51912
-0.10065 -0.07725 0.51912
-0.18456 -0.20225 0.55387
-0.35037 -0.25000 0.53755
-0.48889 -0.20225 0.58660
-0.57450 -0.07725 0.61692
-0.57450 0.07725 0.61692
-0.48889 0.20225 0.58660
-0.35037 0.25000 0.53755
-0.21185 0.20225 0.48850
-0.12624 0.07725 0.45818
-0.12624 -0.07725 0.45818
-0.21185 -0.20225 0.48850
-0.37658 -0.25000 0.46353
-0.51748 -0.20225 0.50526
-0.60456 -0.07725 0.53105
-0.60456 0.07725 0.53105
-0.51748 0.20225 0.50526
-0.37658 0.25000 0.46353
-0.23569 0.20225 0.42179
-0.14861 0.07725 0.39600
-0.14861 -0.07725 0.39600
-0.23569 -0.20225 0.42179
-0.39889 -0.25000 0.38823
-0.54177 -0.20225 0.42253
-0.63008 -0.07725 0.44373
-0.63008 0.07725 0.44373
-0.54177 0.20225 0.42253
-0.39889 0.25000 0.38823
-0.25600 0.20225 0.35392
-0.16769 0.07725 0.33272
-0.16769 -0.07725 0.33272
-0.25600 -0.20225 0.35392
-0.41722 -0.25000 0.31187
-0.56171 -0.20225 0.33865
-0.65100 -0.07725 0.35520
-0.65100 0.07725 0.35520
-0.56171 0.20225 0.33865
-0.41722 0.25000 0.31187
-0.27274 0.20225 0.28509
-0.18344 0.07725 0.26854
-0.18344 -0.07725 0.26854
-0.27274 -0.20225 0.28509
-0.43153 -0.25000 0.23465
-0.57722 -0.20225 0.25383
-0.66726 -0.07725 0.26569
-0.66726 0.07725 0.26569
-0.57722 0.20225 0.25383
-0.43153 0.25000 0.23465
-0.28584 0.20225 0.21547
-0.19580 0.07725 0.20362
-0.19580 -0.07725 0.20362
-0.28584 -0.20225 0.21547
-0.44178 -0.25000 0.15679
-0.58828 -0.20225 0.16832
-0.67881 -0.07725 0.17545
-0.67881 0.07725 0.17545
-0.58828 0.20225 0.16832
-0.44178 0.25000 0.15679
-0.29529 0.20225 0.14526
-0.20475 0.07725 0.13814
-0.20475 -0.07725 0.13814
-0.29529 -0.20225 0.14526
-0.44794 -0.25000 0.07850
-0.59484 -0.20225 0.08235
-0.68563 -0.07725 0.08473
-0.68563 0.07725 0.08473
-0.59484 0.20225 0.08235
-0.44794 0.25000 0.07850
-0.30105 0.20225 0.07466
-0.21026 0.07725 0.07228
-0.21026 -0.07725 0.07228
-0.30105 -0.20225 0.07466
-0.45000 -0.25000 0.00000
-0.59690 -0.20225 -0.00385
-0.68768 -0.07725 -0.00622
-0.68768 0.07725 -0.00622
-0.59690 0.20225 -0.00385
-0.45000 0.25000 0.00000
-0.30310 0.20225 0.00385
-0.21232 0.07725 0.00622
-0.21232 -0.07725 0.00622
-0.30310 -0.20225 0.00385
-0.44794 -0.25000 -0.07850
-0.59444 -0.20225 -0.09003
-0.68498 -0.07725 -0.09716
-0.68498 0.07725 -0.09716
-0.59444 0.20225 -0.09003
-0.44794 0.25000 -0.07850
-0.30145 0.20225 -0.06697
-0.21091 0.07725 -0.05985
-0.21091 -0.07725 -0.05985
-0.30145 -0.20225 -0.06697
-0.44178 -0.25000 -0.15679
-0.58747 -0.20225 -0.17597
-0.67751 -0.07725 -0.18783
-0.67751 0.07725 -0.18783
-0.58747 0.20225 -0.17597
-0.44178 0.25000 -0.15679
-0.29609 0.20225 -0.13761
-0.20605 0.07725 -0.12576
-0.20605 -0.07725 -0.12576
-0.29609 -0.20225 -0.13761
-0.43153 -0.25000 -0.23465
-0.57602 -0.20225 -0.26143
-0.66532 -0.07725 -0.27798
-0.66532 0.07725 -0.27798
-0.57602 0.20225 -0.26143
-0.43153 0.25000 -0.23465
-0.28705 0.20225 -0.20787
-0.19775 0.07725 -0.19132
-0.19775 -0.07725 -0.19132
-0.28705 -0.20225 -0.20787
-0.41722 -0.25000 -0.31187
-0.56011 -0.20225 -0.34617
-0.64842 -0.07725 -0.36737
-0.64842 0.07725 -0.36737
-0.56011 0.20225 -0.34617
-0.41722 0.25000 -0.31187
-0.27434 0.20225 -0.27756
-0.18603 0.07725 -0.25636
-0.18603 -0.07725 -0.25636
-0.27434 -0.20225 -0.27756
-0.39889 -0.25000 -0.38823
-0.53978 -0.20225 -0.42996
-0.62686 -0.07725 -0.45576
-0.62686 0.07725 -0.45576
-0.53978 0.20225 -0.42996
-0.39889 0.25000 -0.38823
-0.25799 0.20225 -0.34649
-0.17092 0.07725 -0.32070
-0.17092 -0.07725 -0.32070
-0.25799 -0.20225 -0.34649
-0.37658 -0.25000 -0.46353
-0.51510 -0.20225 -0.51258
-0.60071 -0.07725 -0.54289
-0.60071 0.07725 -0.54289
-0.51510 0.20225 -0.51258
-0.37658 0.25000 -0.46353
-0.23807 0.20225 -0.41447
-0.15246 0.07725 -0.38416
-0.15246 -0.07725 -0.38416
-0.23807 -0.20225 -0.41447
-0.35037 -0.25000 -0.53755
-0.48613 -0.20225 -0.59379
-0.57004 -0.07725 -0.62854
-0.57004 0.07725 -0.62854
-0.48613 0.20225 -0.59379
-0.35037 0.25000 -0.53755
-0.21461 0.20225 -0.48132
-0.13071 0.07725 -0.44656
-0.13071 -0.07725 -0.44656
-0.21461 -0.20225 -0.48132
-0.32032 -0.25000 -0.61010
-0.45295 -0.20225 -0.67337
-0.53492 -0.07725 -0.71247
-0.53492 0.07725 -0.71247
-0.45295 0.20225 -0.67337
-0.32032 0.25000 -0.61010
-0.18769 0.20225 -0.54684
-0.10572 0.07725 -0.50774
-0.10572 -0.07725 -0.50774
-0.18769 -0.20225 -0.54684
-0.28651 -0.25000 -0.68099
-0.41565 -0.20225 -0.75110
-0.49546 -0.07725 -0.79444
-0.49546 0.07725 -0.79444
-0.41565 0.20225 -0.75110
-0.28651 0.25000 -0.68099
-0.15737 0.20225 -0.61087
-0.07756 0.07725 -0.56753
-0.07756 -0.07725 -0.56753
-0.15737 -0.20225 -0.61087
-0.24904 -0.25000 -0.75000
-0.37433 -0.20225 -0.82678
-0.45177 -0.07725 -0.87423
-0.45177 0.07725 -0.87423
-0.37433 0.20225 -0.82678
-0.24904 0.25000 -0.75000
-0.12375 0.20225 -0.67322
-0.04631 0.07725 -0.62577
-0.04631 -0.07725 -0.62577
-0.12375 -0.20225 -0.67322
-0.20801 -0.25000 -0.81696
-0.32911 -0.20225 -0.90019
-0.40395 -0.07725 -0.95163
-0.40395 0.07725 -0.95163
-0.32911 0.20225 -0.90019
-0.20801 0.25000 -0.81696
-0.08690 0.20225 -0.73373
-0.01206 0.07725 -0.68229
-0.01206 -0.07725 -0.68229
-0.08690 -0.20225 -0.73373
-0.16353 -0.25000 -0.88168
-0.28011 -0.20225 -0.97113
-0.35216 -0.07725 -1.02642
-0.35216 0.07725 -1.02642
-0.28011 0.20225 -0.97113
-0.16353 0.25000 -0.88168
-0.04695 0.20225 -0.79222
0.02511 0.07725 -0.73694
0.02511 -0.07725 -0.73694
-0.04695 -0.20225 -0.79222
-0.11572 -0.25000 -0.94398
-0.22746 -0.20225 -1.03941
-0.29652 -0.07725 -1.09840
-0.29652 0.07725 -1.09840
-0.22746 0.20225 -1.03941
-0.11572 0.25000 -0.94398
-0.00398 0.20225 -0.84855
0.06508 0.07725 -0.78957
0.06508 -0.07725 -0.78957
-0.00398 -0.20225 -0.84855
-0.06472 -0.25000 -1.00370
-0.17131 -0.20225 -1.10485
-0.23719 -0.07725 -1.16736
-0.23719 0.07725 -1.16736
-0.17131 0.20225 -1.10485
-0.06472 0.25000 -1.00370
0.04187 0.20225 -0.90254
0.10775 0.07725 -0.84003
0.10775 -0.07725 -0.84003
0.04187 -0.20225 -0.90254
-0.01066 -0.25000 -1.06066
-0.11181 -0.20225 -1.16725
-0.17433 -0.07725 -1.23313
-0.17433 0.07725 -1.23313
-0.11181 0.20225 -1.16725
-0.01066 0.25000 -1.06066
0.09049 0.20225 -0.95407
0.15301 0.07725 -0.88819
0.15301 -0.07725 -0.88819
0.09049 -0.20225 -0.95407
0.04630 -0.25000 -1.11472
-0.04913 -0.20225 -1.22646
-0.10811 -0.07725 -1.29551
-0.10811 0.07725 -1.29551
-0.04913 0.20225 -1.22646
0.04630 0.25000 -1.11472
0.14174 0.20225 -1.00298
0.20072 0.07725 -0.93392
0.20072 -0.07725 -0.93392
0.14174 -0.20225 -1.00298
0.10602 -0.25000 -1.16572
0.01656 -0.20225 -1.28230
-0.03872 -0.07725 -1.35435
-0.03872 0.07725 -1.35435
0.01656 0.20225 -1.28230
0.10602 0.25000 -1.16572
0.19547 0.20225 -1.04914
0.25076 0.07725 -0.97709
0.25076 -0.07725 -0.97709
0.19547 -0.20225 -1.04914
0.16832 -0.25000 -1.21353
0.08509 -0.20225 -1.33463
0.03365 -0.07725 -1.40947
0.03365 0.07725 -1.40947
0.08509 0.20225 -1.33463
0.16832 0.25000 -1.21353
0.25155 0.20225 -1.09242
0.30299 0.07725 -1.01758
0.30299 -0.07725 -1.01758
0.25155 -0.20225 -1.09242
0.23304 -0.25000 -1.25801
0.15626 -0.20225 -1.38330
0.10881 -0.07725 -1.46073
0.10881 0.07725 -1.46073
0.15626 0.20225 -1.38330
0.23304 0.25000 -1.25801
0.30982 0.20225 -1.13271
0.35727 0.07725 -1.05528
0.35727 -0.07725 -1.05528
0.30982 -0.20225 -1.13271
0.30000 -0.25000 -1.29904
0.22988 -0.20225 -1.42818
0.18655 -0.07725 -1.50799
0.18655 0.07725 -1.50799
0.22988 0.20225 -1.42818
0.30000 0.25000 -1.29904
0.37012 0.20225 -1.16990
0.41345 0.07725 -1.09009
0.41345 -0.07725 -1.09009
0.37012 -0.20225 -1.16990
0.36901 -0.25000 -1.33651
0.30575 -0.20225 -1.46914
0.26665 -0.07725 -1.55111
0.26665 0.07725 -1.55111
0.30575 0.20225 -1.46914
0.36901 0.25000 -1.33651
0.43228 0.20225 -1.20388
0.47137 0.07725 -1.12191
0.47137 -0.07725 -1.12191
0.43228 -0.20225 -1.20388
0.43990 -0.25000 -1.37032
0.38366 -0.20225 -1.50608
0.34891 -0.07725 -1.58998
0.34891 0.07725 -1.58998
0.38366 0.20225 -1.50608
0.43990 0.25000 -1.37032
0.49613 0.20225 -1.23456
0.53088 0.07725 -1.15065
0.53088 -0.07725 -1.15065
0.49613 -0.20225 -1.23456
0.51245 -0.25000 -1.40037
0.46340 -0.20225 -1.53889
0.43308 -0.07725 -1.62450
0.43308 0.07725 -1.62450
0.46340 0.20225 -1.53889
0.51245 0.25000 -1.40037
0.56150 0.20225 -1.26185
0.59182 0.07725 -1.17624
0.59182 -0.07725 -1.17624
0.56150 -0.20225 -1.26185
0.58647 -0.25000 -1.42658
0.54474 -0.20225 -1.56748
0.51895 -0.07725 -1.65456
0.51895 0.07725 -1.65456
0.54474 0.20225 -1.56748
0.58647 0.25000 -1.42658
0.62821 0.20225 -1.28569
0.65400 0.07725 -1.19861
0.65400 -0.07725 -1.19861
0.62821 -0.20225 -1.28569
0.66177 -0.25000 -1.44889
0.62747 -0.20225 -1.59177
0.60627 -0.07725 -1.68008
0.60627 0.07725 -1.68008
0.62747 0.20225 -1.59177
0.66177 0.25000 -1.44889
0.69608 0.20225 -1.30600
0.71728 0.07725 -1.21769
0.71728 -0.07725 -1.21769
0.69608 -0.20225 -1.30600
0.73813 -0.25000 -1.46722
0.71135 -0.20225 -1.61171
0.69480 -0.07725 -1.70100
0.69480 0.07725 -1.70100
0.71135 0.20225 -1.61171
0.73813 0.25000 -1.46722
0.76491 0.20225 -1.32274
0.78146 0.07725 -1.23344
0.78146 -0.07725 -1.23344
0.76491 -0.20225 -1.32274
0.81535 -0.25000 -1.48153
0.79617 -0.20225 -1.62722
0.78431 -0.07725 -1.71726
0.78431 0.07725 -1.71726
0.79617 0.20225 -1.62722
0.81535 0.25000 -1.48153
0.83453 0.20225 -1.33584
0.84638 0.07725 -1.24580
0.84638 -0.07725 -1.24580
0.83453 -0.20225 -1.33584
0.89321 -0.25000 -1.49178
0.88168 -0.20225 -1.63828
0.87455 -0.07725 -1.72881
0.87455 0.07725 -1.72881
0.88168 0.20225 -1.63828
0.89321 0.25000 -1.49178
0.90474 0.20225 -1.34529
0.91186 0.07725 -1.25475
0.91186 -0.07725 -1.25475
0.90474 -0.20225 -1.34529
0.97150 -0.25000 -1.49794
0.96765 -0.20225 -1.64484
0.96527 -0.07725 -1.73563
0.96527 0.07725 -1.73563
0.96765 0.20225 -1.64484
0.97150 0.25000 -1.49794
0.97534 0.20225 -1.35105
0.97772 0.07725 -1.26026
0.97772 -0.07725 -1.26026
0.97534 -0.20225 -1.35105
1.05000 -0.25000 -1.50000
1.05385 -0.20225 -1.64690
1.05622 -0.07725 -1.73768
1.05622 0.07725 -1.73768
1.05385 0.20225 -1.64690
1.05000 0.25000 -1.50000
1.04615 0.20225 -1.35310
1.04378 0.07725 -1.26232
1.04378 -0.07725 -1.26232
1.04615 -0.20225 -1.35310
1.12850 -0.25000 -1.49794
1.14003 -0.20225 -1.64444
1.14716 -0.07725 -1.73498
1.14716 0.07725 -1.73498
1.14003 0.20225 -1.64444
1.12850 0.25000 -1.49794
1.11697 0.20225 -1.35145
1.10985 0.07725 -1.26091
1.10985 -0.07725 -1.26091
1.11697 -0.20225 -1.35145
1.20679 -0.25000 -1.49178
1.22597 -0.20225 -1.63747
1.23783 -0.07725 -1.72751
1.23783 0.07725 -1.72751
1.22597 0.20225 -1.63747
1.20679 0.25000 -1.49178
1.18761 0.20225 -1.34609
1.17576 0.07725 -1.25605
1.17576 -0.07725 -1.25605
1.18761 -0.20225 -1.34609
1.28465 -0.25000 -1.48153
1.31143 -0.20225 -1.62602
1.32798 -0.07725 -1.71532
1.32798 0.07725 -1.71532
1.31143 0.20225 -1.62602
1.28465 0.25000 -1.48153
1.25787 0.20225 -1.33705
1.24132 0.07725 -1.24775
1.24132 -0.07725 -1.24775
1.25787 -0.20225 -1.33705
1.36187 -0.25000 -1.46722
1.39617 -0.20225 -1.61011
1.41737 -0.07725 -1.69842
1.41737 0.07725 -1.69842
1.39617 0.20225 -1.61011
1.36187 0.25000 -1.46722
1.32756 0.20225 -1.32434
1.30636 0.07725 -1.23603
1.30636 -0.07725 -1.23603
1.32756 -0.20225 -1.32434
1.43823 -0.25000 -1.44889
1.47996 -0.20225 -1.58978
1.50576 -0.07725 -1.67686
1.50576 0.07725 -1.67686
1.47996 0.20225 -1.58978
1.43823 0.25000 -1.44889
1.39649 0.20225 -1.30799
1.37070 0.07725 -1.22092
1.37070 -0.07725 -1.22092
1.39649 -0.20225 -1.30799
1.51353 -0.25000 -1.42658
1.56258 -0.20225 -1.56510
1.59289 -0.07725 -1.65071
1.59289 0.07725 -1.65071
1.56258 0.20225 -1.56510
1.51353 0.25000 -1.42658
1.46447 0.20225 -1.28807
1.43416 0.07725 -1.20246
1.43416 -0.07725 -1.20246
1.46447 -0.20225 -1.28807
1.58755 -0.25000 -1.40037
1.64379 -0.20225 -1.53613
1.67854 -0.07725 -1.62004
1.67854 0.07725 -1.62004
1.64379 0.20225 -1.53613
1.58755 0.25000 -1.40037
1.53132 0.20225 -1.26461
1.49656 0.07725 -1.18071
1.49656 -0.07725 -1.18071
1.53132 -0.20225 -1.26461
1.66010 -0.25000 -1.37032
1.72337 -0.20225 -1.50295
1.76247 -0.07725 -1.58492
1.76247 0.07725 -1.58492
1.72337 0.20225 -1.50295
1.66010 0.25000 -1.37032
1.59684 0.20225 -1.23769
1.55774 0.07725 -1.15572
1.55774 -0.07725 -1.15572
1.59684 -0.20225 -1.23769
1.73099 -0.25000 -1.33651
1.80110 -0.20225 -1.46565
1.84444 -0.07725 -1.54546
1.84444 0.07725 -1.54546
1.80110 0.20225 -1.46565
1.73099 0.25000 -1.33651
1.66087 0.20225 -1.20737
1.61753 0.07725 -1.12756
1.61753 -0.07725 -1.12756
1.66087 -0.20225 -1.20737
1.80000 -0.25000 -1.29904
1.87678 -0.20225 -1.42433
1.92423 -0.07725 -1.50177
1.92423 0.07725 -1.50177
1.87678 0.20225 -1.42433
1.80000 0.25000 -1.29904
1.72322 0.20225 -1.17375
1.67577 0.07725 -1.09631
1.67577 -0.07725 -1.09631
1.72322 -0.20225 -1.17375
1.86696 -0.25000 -1.25801
1.95019 -0.20225 -1.37911
2.00163 -0.07725 -1.45395
2.00163 0.07725 -1.45395
1.95019 0.20225 -1.37911
1.86696 0.25000 -1.25801
1.78373 0.20225 -1.13690
1.73229 0.07725 -1.06206
1.73229 -0.07725 -1.06206
1.78373 -0.20225 -1.13690
1.93168 -0.25000 -1.21353
2.02113 -0.20225 -1.33011
2.07642 -0.07725 -1.40216
2.07642 0.07725 -1.40216
2.02113 0.20225 -1.33011
1.93168 0.25000 -1.21353
1.84222 0.20225 -1.09695
1.78694 0.07725 -1.02489
1.78694 -0.07725 -1.02489
1.84222 -0.20225 -1.09695
1.99398 -0.25000 -1.16572
2.08941 -0.20225 -1.27746
2.14840 -0.07725 -1.34652
2.14840 0.07725 -1.34652
2.08941 0.20225 -1.27746
1.99398 0.25000 -1.16572
1.89855 0.20225 -1.05398
1.83957 0.07725 -0.98492
1.83957 -0.07725 -0.98492
1.89855 -0.20225 -1.05398
2.05370 -0.25000 -1.11472
2.15485 -0.20225 -1.22131
2.21736 -0.07725 -1.28719
2.21736 0.07725 -1.28719
2.15485 0.20225 -1.22131
2.05370 0.25000 -1.11472
1.95254 0.20225 -1.00813
1.89003 0.07725 -0.94225
1.89003 -0.07725 -0.94225
1.95254 -0.20225 -1.00813
2.11066 -0.25000 -1.06066
2.21725 -0.20225 -1.16181
2.28313 -0.07725 -1.22433
2.28313 0.07725 -1.22433
2.21725 0.20225 -1.16181
2.11066 0.25000 -1.06066
2.00407 0.20225 -0.95951
1.93819 0.07725 -0.89699
1.93819 -0.07725 -0.89699
2.00407 -0.20225 -0.95951
2.16472 -0.25000 -1.00370
2.27646 -0.20225 -1.09913
2.34551 -0.07725 -1.15811
2.34551 0.07725 -1.15811
2.27646 0.20225 -1.09913
2.16472 0.25000 -1.00370
2.05298 0.20225 -0.90826
1.98392 0.07725 -0.84928
1.98392 -0.07725 -0.84928
2.05298 -0.20225 -0.90826
2.21572 -0.25000 -0.94398
2.33230 -0.20225 -1.03344
2.40435 -0.07725 -1.08872
2.40435 0.07725 -1.08872
2.33230 0.20225 -1.03344
2.21572 0.25000 -0.94398
2.09914 0.20225 -0.85453
2.02709 0.07725 -0.79924
2.02709 -0.07725 -0.79924
2.09914 -0.20225 -0.85453
2.26353 -0.25000 -0.88168
2.38463 -0.20225 -0.96491
2.45947 -0.07725 -1.01635
2.45947 0.07725 -1.01635
2.38463 0.20225 -0.96491
2.26353 0.25000 -0.88168
2.14242 0.20225 -0.79845
2.06758 0.07725 -0.74701
2.06758 -0.07725 -0.74701
2.14242 -0.20225 -0.79845
2.30801 -0.25000 -0.81696
2.43330 -0.20225 -0.89374
2.51073 -0.07725 -0.94119
2.51073 0.07725 -0.94119
2.43330 0.20225 -0.89374
2.30801 0.25000 -0.81696
2.18271 0.20225 -0.74018
2.10528 0.07725 -0.69273
2.10528 -0.07725 -0.69273
2.18271 -0.20225 -0.74018
2.34904 -0.25000 -0.75000
2.47818 -0.20225 -0.82012
2.55799 -0.07725 -0.86345
2.55799 0.07725 -0.86345
2.47818 0.20225 -0.82012
2.34904 0.25000 -0.75000
2.21990 0.20225 -0.67988
2.14009 0.07725 -0.63655
2.14009 -0.07725 -0.63655
2.21990 -0.20225 -0.67988
2.38651 0.25000 -0.68099
2.25388 0.20225 -0.61772
2.17191 0.07725 -0.57863
2.17191 -0.07725 -0.57863
2.25388 -0.20225 -0.61772
2.38651 -0.25000 -0.68099
2.51914 -0.20225 -0.74425
2.60111 -0.07725 -0.78335
2.60111 0.07725 -0.78335
2.51914 0.20225 -0.74425
2.42032 0.25000 -0.61010
2.28456 0.20225 -0.55387
2.20065 0.07725 -0.51912
2.20065 -0.07725 -0.51912
2.28456 -0.20225 -0.55387
2.42032 -0.25000 -0.61010
2.55608 -0.20225 -0.66634
2.63998 -0.07725 -0.70109
2.63998 0.07725 -0.70109
2.55608 0.20225 -0.66634
2.45037 0.25000 -0.53755
2.31185 0.20225 -0.48850
2.22624 0.07725 -0.45818
2.22624 -0.07725 -0.45818
2.31185 -0.20225 -0.48850
2.45037 -0.25000 -0.53755
2.58889 -0.20225 -0.58660
2.67450 -0.07725 -0.61692
2.67450 0.07725 -0.61692
2.58889 0.20225 -0.58660
2.47658 0.25000 -0.46353
2.33569 0.20225 -0.42179
2.24861 0.07725 -0.39600
2.24861 -0.07725 -0.39600
2.33569 -0.20225 -0.42179
2.47658 -0.25000 -0.46353
2.61748 -0.20225 -0.50526
2.70456 -0.07725 -0.53105
2.70456 0.07725 -0.53105
2.61748 0.20225 -0.50526
2.49889 0.25000 -0.38823
2.35600 0.20225 -0.35392
2.26769 0.07725 -0.33272
2.26769 -0.07725 -0.33272
2.35600 -0.20225 -0.35392
2.49889 -0.25000 -0.38823
2.64177 -0.20225 -0.42253
2.73008 -0.07725 -0.44373
2.73008 0.07725 -0.44373
2.64177 0.20225 -0.42253
2.51722 0.25000 -0.31187
2.37274 0.20225 -0.28509
2.28344 0.07725 -0.26854
2.28344 -0.07725 -0.26854
2.37274 -0.20225 -0.28509
2.51722 -0.25000 -0.31187
2.66171 -0.20225 -0.33865
2.75100 -0.07725 -0.35520
2.75100 0.07725 -0.35520
2.66171 0.20225 -0.33865
2.53153 0.25000 -0.23465
2.38584 0.20225 -0.21547
2.29580 0.07725 -0.20362
2.29580 -0.07725 -0.20362
2.38584 -0.20225 -0.21547
2.53153 -0.25000 -0.23465
2.67722 -0.20225 -0.25383
2.76726 -0.07725 -0.26569
2.76726 0.07725 -0.26569
2.67722 0.20225 -0.25383
2.54178 0.25000 -0.15679
2.39529 0.20225 -0.14526
2.30475 0.07725 -0.13814
2.30475 -0.07725 -0.13814
2.39529 -0.20225 -0.14526
2.54178 -0.25000 -0.15679
2.68828 -0.20225 -0.16832
2.77881 -0.07725 -0.17545
2.77881 0.07725 -0.17545
2.68828 0.20225 -0.16832
2.54794 0.25000 -0.07850
2.40105 0.20225 -0.07466
2.31026 0.07725 -0.07228
2.31026 -0.07725 -0.07228
2.40105 -0.20225 -0.07466
2.54794 -0.25000 -0.07850
2.69484 -0.20225 -0.08235
2.78563 -0.07725 -0.08473
2.78563 0.07725 -0.08473
2.69484 0.20225 -0.08235
3 0 10 11
3 0 11 1
3 1 11 12
3 1 12 2
3 2 12 13
3 2 13 3
3 3 13 14
3 3 14 4
3 4 14 15
3 4 15 5
3 5 15 16
3 5 16 6
3 6 16 17
3 6 17 7
3 7 17 18
3 7 18 8
3 8 18 19
3 8 19 9
3 9 19 10
3 9 10 0
3 10 20 21
3 10 21 11
3 11 21 22
3 11 22 12
3 12 22 23
3 12 23 13
3 13 23 24
3 13 24 14
3 14 24 25
3 14 25 15
3 15 25 26
3 15 26 16
3 16 26 27
3 16 27 17
3 17 27 28
3 17 28 18
3 18 28 29
3 18 29 19
3 19 29 20
3 19 20 10
3 20 30 31
3 20 31 21
3 21 31 32
3 21 32 22
3 22 32 33
3 22 33 23
3 23 33 34
3 23 34 24
3 24 34 35
3 24 35 25
3 25 35 36
3 25 36 26
3 26 36 37
3 26 37 27
3 27 37 38
3 27 38 28
3 28 38 39
3 28 39 29
3 29 39 30
3 29 30 20
3 30 40 41
3 30 41 31
3 31 41 42
3 31 42 32
3 32 42 43
3 32 43 33
3 33 43 44
3 33 44 34
3 34 44 45
3 34 45 35
3 35 45 46
3 35 46 36
3 36 46 47
3 36 47 37
3 37 47 48
3 37 48 38
3 38 48 49
3 38 49 39
3 39 49 40
3 39 40 30
3 40 50 51
3 40 51 41
3 41 51 52
3 41 52 42
3 42 52 53
3 42 53 43
3 43 53 54
3 43 54 44
3 44 54 55
3 44 55 45
3 45 55 56
3 45 56 46
3 46 56 57
3 46 57 47
3 47 57 58
3 47 58 48
3 48 58 59
3 48 59 49
3 49 59 50
3 49 50 40
3 50 60 61
3 50 61 51
3 51 61 62
3 51 62 52
3 52 62 63
3 52 63 53
3 53 63 64
3 53 64 54
3 54 64 65
3 54 65 55
3 55 65 66
3 55 66 56
3 56 66 67
3 56 67 57
3 57 67 68
3 57 68 58
3 58 68 69
3 58 69 59
3 59 69 60
3 59 60 50
3 60 70 71
3 60 71 61
3 61 71 72
3 61 72 62
3 62 72 73
3 62 73 63
3 63 73 74
3 63 74 64
3 64 74 75
3 64 75 65
3 65 75 76
3 65 76 66
3 66 76 77
3 66 77 67
3 67 77 78
3 67 78 68
3 68 78 79
3 68 79 69
3 69 79 70
3 69 70 60
3 70 80 81
3 70 81 71
3 71 81 82
3 71 82 72
3 72 82 83
3 72 83 73
3 73 83 84
3 73 84 74
3 74 84 85
3 74 85 75
3 75 85 86
3 75 86 76
3 76 86 87
3 76 87 77
3 77 87 88
3 77 88 78
3 78 88 89
3 78 89 79
3 79 89 80
3 79 80 70
3 80 90 91
3 80 91 81
3 81 91 92
3 81 92 82
3 82 92 93
3 82 93 83
3 83 93 94
3 83 94 84
3 84 94 95
3 84 95 85
3 85 95 96
3 85 96 86
3 86 96 97
3 86 97 87
3 87 97 98
3 87 98 88
3 88 98 99
3 88 99 89
3 89 99 90
3 89 90 80
3 90 100 101
3 90 101 91
3 91 101 102
3 91 102 92
3 92 102 103
3 92 103 93
3 93 103 104
3 93 104 94
3 94 104 105
3 94 105 95
3 95 105 106
3 95 106 96
3 96 106 107
3 96 107 97
3 97 107 108
3 97 108 98
3 98 108 109
3 98 109 99
3 99 109 100
3 99 100 90
3 100 110 111
3 100 111 101
3 101 111 112
3 101 112 102
3 102 112 113
3 102 113 103
3 103 113 114
3 103 114 104
3 104 114 115
3 104 115 105
3 105 115 116
3 105 116 106
3 106 116 117
3 106 117 107
3 107 117 118
3 107 118 108
3 108 118 119
3 108 119 109
3 109 119 110
3 109 110 100
3 110 120 121
3 110 121 111
3 111 121 122
3 111 122 112
3 112 122 123
3 112 123 113
3 113 123 124
3 113 124 114
3 114 124 125
3 114 125 115
3 115 125 126
3 115 126 116
3 116 126 127
3 116 127 117
3 117 127 128
3 117 128 118
3 118 128 129
3 118 129 119
3 119 129 120
3 119 120 110
3 120 130 131
3 120 131 121
3 121 131 132
3 121 132 122
3 122 132 133
3 122 133 123
3 123 133 134
3 123 134 124
3 124 134 135
3 124 135 125
3 125 135 136
3 125 136 126
3 126 136 137
3 126 137 127
3 127 137 138
3 127 138 128
3 128 138 139
3 128 139 129
3 129 139 130
3 129 130 120
3 130 140 141
3 130 141 131
3 131 141 142
3 131 142 132
3 132 142 143
3 132 143 133
3 133 143 144
3 133 144 134
3 134 144 145
3 134 145 135
3 135 145 146
3 135 146 136
3 136 146 147
3 136 147 137
3 137 147 148
3 137 148 138
3 138 148 149
3 138 149 139
3 139 149 140
3 139 140 130
3 140 150 151
3 140 151 141
3 141 151 152
3 141 152 142
3 142 152 153
3 142 153 143
3 143 153 154
3 143 154 144
3 144 154 155
3 144 155 145
3 145 155 156
3 145 156 146
3 146 156 157
3 146 157 147
3 147 157 158
3 147 158 148
3 148 158 159
3 148 159 149
3 149 159 150
3 149 150 140
3 150 160 161
3 150 161 151
3 151 161 162
3 151 162 152
3 152 162 163
3 152 163 153
3 153 163 164
3 153 164 154
3 154 164 165
3 154 165 155
3 155 165 166
3 155 166 156
3 156 166 167
3 156 167 157
3 157 167 168
3 157 168 158
3 158 168 169
3 158 169 159
3 159 169 160
3 159 160 150
3 160 170 171
3 160 171 161
3 161 171 172
3 161 172 162
3 162 172 173
3 162 173 163
3 163 173 174
3 163 174 164
3 164 174 175
3 164 175 165
3 165 175 176
3 165 176 166
3 166 176 177
3 166 177 167
3 167 177 178
3 167 178 168
3 168 178 179
3 168 179 169
3 169 179 170
3 169 170 160
3 170 180 181
3 170 181 171
3 171 181 182
3 171 182 172
3 172 182 183
3 172 183 173
3 173 183 184
3 173 184 174
3 174 184 185
3 174 185 175
3 175 185 186
3 175 186 176
3 176 186 187
3 176 187 177
3 177 187 188
3 177 188 178
3 178 188 189
3 178 189 179
3 179 189 180
3 179 180 170
3 180 190 191
3 180 191 181
3 181 191 192
3 181 192 182
3 182 192 193
3 182 193 183
3 183 193 194
3 183 194 184
3 184 194 195
3 184 195 185
3 185 195 196
3 185 196 186
3 186 196 197
3 186 197 187
3 187 197 198
3 187 198 188
3 188 198 199
3 188 199 189
3 189 199 190
3 189 190 180
3 190 200 201
3 190 201 191
3 191 201 202
3 191 202 192
3 192 202 203
3 192 203 193
3 193 203 204
3 193 204 194
3 194 204 205
3 194 205 195
3 195 205 206
3 195 206 196
3 196 206 207
3 196 207 197
3 197 207 208
3 197 208 198
3 198 208 209
3 198 209 199
3 199 209 200
3 199 200 190
3 200 210 211
3 200 211 201
3 201 211 212
3 201 212 202
3 202 212 213
3 202 213 203
3 203 213 214
3 203 214 204
3 204 214 215
3 204 215 205
3 205 215 216
3 205 216 206
3 206 216 217
3 206 217 207
3 207 217 218
3 207 218 208
3 208 218 219
3 208 219 209
3 209 219 210
3 209 210 200
3 210 220 221
3 210 221 211
3 211 221 222
3 211 222 212
3 212 222 223
3 212 223 213
3 213 223 224
3 213 224 214
3 214 224 225
3 214 225 215
3 215 225 226
3 215 226 216
3 216 226 227
3 216 227 217
3 217 227 228
3 217 228 218
3 218 228 229
3 218 229 219
3 219 229 220
3 219 220 210
3 220 230 231
3 220 231 221
3 221 231 232
3 221 232 222
3 222 232 233
3 222 233 223
3 223 233 234
3 223 234 224
3 224 234 235
3 224 235 225
3 225 235 236
3 225 236 226
3 226 236 237
3 226 237 227
3 227 237 238
3 227 238 228
3 228 238 239
3 228 239 229
3 229 239 230
3 229 230 220
3 230 240 241
3 230 241 231
3 231 241 242
3 231 242 232
3 232 242 243
3 232 243 233
3 233 243 244
3 233 244 234
3 234 244 245
3 234 245 235
3 235 245 246
3 235 246 236
3 236 246 247
3 236 247 237
3 237 247 248
3 237 248 238
3 238 248 249
3 238 249 239
3 239 249 240
3 239 240 230
3 240 250 251
3 240 251 241
3 241 251 252
3 241 252 242
3 242 252 253
3 242 253 243
3 243 253 254
3 243 254 244
3 244 254 255
3 244 255 245
3 245 255 256
3 245 256 246
3 246 256 257
3 246 257 247
3 247 257 258
3 247 258 248
3 248 258 259
3 248 259 249
3 249 259 250
3 249 250 240
3 250 260 261
3 250 261 251
3 251 261 262
3 251 262 252
3 252 262 263
3 252 263 253
3 253 263 264
3 253 264 254
3 254 264 265
3 254 265 255
3 255 265 266
3 255 266 256
3 256 266 267
3 256 267 257
3 257 267 268
3 257 268 258
3 258 268 269
3 258 269 259
3 259 269 260
3 259 260 250
3 260 270 271
3 260 271 261
3 261 271 272
3 261 272 262
3 262 272 273
3 262 273 263
3 263 273 274
3 263 274 264
3 264 274 275
3 264 275 265
3 265 275 276
3 265 276 266
3 266 276 277
3 266 277 267
3 267 277 278
3 267 278 268
3 268 278 279
3 268 279 269
3 269 279 270
3 269 270 260
3 270 280 281
3 270 281 271
3 271 281 282
3 271 282 272
3 272 282 283
3 272 283 273
3 273 283 284
3 273 284 274
3 274 284 285
3 274 285 275
3 275 285 286
3 275 286 276
3 276 286 287
3 276 287 277
3 277 287 288
3 277 288 278
3 278 288 289
3 278 289 279
3 279 289 280
3 279 280 270
3 280 290 291
3 280 291 281
3 281 291 292
3 281 292 282
3 282 292 293
3 282 293 283
3 283 293 294
3 283 294 284
3 284 294 295
3 284 295 285
3 285 295 296
3 285 296 286
3 286 296 297
3 286 297 287
3 287 297 298
3 287 298 288
3 288 298 299
3 288 299 289
3 289 299 290
3 289 290 280
3 290 300 301
3 290 301 291
3 291 301 302
3 291 302 292
3 292 302 303
3 292 303 293
3 293 303 304
3 293 304 294
3 294 304 305
3 294 305 295
3 295 305 306
3 295 306 296
3 296 306 307
3 296 307 297
3 297 307 308
3 297 308 298
3 298 308 309
3 298 309 299
3 299 309 300
3 299 300 290
3 300 310 311
3 300 311 301
3 301 311 312
3 301 312 302
3 302 312 313
3 302 313 303
3 303 313 314
3 303 314 304
3 304 314 315
3 304 315 305
3 305 315 316
3 305 316 306
3 306 316 317
3 306 317 307
3 307 317 318
3 307 318 308
3 308 318 319
3 308 319 309
3 309 319 310
3 309 310 300
3 310 320 321
3 310 321 311
3 311 321 322
3 311 322 312
3 312 322 323
3 312 323 313
3 313 323 324
3 313 324 314
3 314 324 325
3 314 325 315
3 315 325 326
3 315 326 316
3 316 326 327
3 316 327 317
3 317 327 328
3 317 328 318
3 318 328 329
3 318 329 319
3 319 329 320
3 319 320 310
3 320 330 331
3 320 331 321
3 321 331 332
3 321 332 322
3 322 332 333
3 322 333 323
3 323 333 334
3 323 334 324
3 324 334 335
3 324 335 325
3 325 335 336
3 325 336 326
3 326 336 337
3 326 337 327
3 327 337 338
3 327 338 328
3 328 338 339
3 328 339 329
3 329 339 330
3 329 330 320
3 330 340 341
3 330 341 331
3 331 341 342
3 331 342 332
3 332 342 343
3 332 343 333
3 333 343 344
3 333 344 334
3 334 344 345
3 334 345 335
3 335 345 346
3 335 346 336
3 336 346 347
3 336 347 337
3 337 347 348
3 337 348 338
3 338 348 349
3 338 349 339
3 339 349 340
3 339 340 330
3 340 350 351
3 340 351 341
3 341 351 352
3 341 352 342
3 342 352 353
3 342 353 343
3 343 353 354
3 343 354 344
3 344 354 355
3 344 355 345
3 345 355 356
3 345 356 346
3 346 356 357
3 346 357 347
3 347 357 358
3 347 358 348
3 348 358 359
3 348 359 349
3 349 359 350
3 349 350 340
3 350 360 361
3 350 361 351
3 351 361 362
3 351 362 352
3 352 362 363
3 352 363 353
3 353 363 364
3 353 364 354
3 354 364 365
3 354 365 355
3 355 365 366
3 355 366 356
3 356 366 367
3 356 367 357
3 357 367 368
3 357 368 358
3 358 368 369
3 358 369 359
3 359 369 360
3 359 360 350
3 360 370 371
3 360 371 361
3 361 371 372
3 361 372 362
3 362 372 373
3 362 373 363
3 363 373 374
3 363 374 364
3 364 374 375
3 364 375 365
3 365 375 376
3 365 376 366
3 366 376 377
3 366 377 367
3 367 377 378
3 367 378 368
3 368 378 379
3 368 379 369
3 369 379 370
3 369 370 360
3 370 380 381
3 370 381 371
3 371 381 382
3 371 382 372
3 372 382 383
3 372 383 373
3 373 383 384
3 373 384 374
3 374 384 385
3 374 385 375
3 375 385 386
3 375 386 376
3 376 386 387
3 376 387 377
3 377 387 388
3 377 388 378
3 378 388 389
3 378 389 379
3 379 389 380
3 379 380 370
3 380 390 391
3 380 391 381
3 381 391 392
3 381 392 382
3 382 392 393
3 382 393 383
3 383 393 394
3 383 394 384
3 384 394 395
3 384 395 385
3 385 395 396
3 385 396 386
3 386 396 397
3 386 397 387
3 387 397 398
3 387 398 388
3 388 398 399
3 388 399 389
3 389 399 390
3 389 390 380
3 390 400 401
3 390 401 391
3 391 401 402
3 391 402 392
3 392 402 403
3 392 403 393
3 393 403 404
3 393 404 394
3 394 404 405
3 394 405 395
3 395 405 406
3 395 406 396
3 396 406 407
3 396 407 397
3 397 407 408
3 397 408 398
3 398 408 409
3 398 409 399
3 399 409 400
3 399 400 390
3 400 410 411
3 400 411 401
3 401 411 412
3 401 412 402
3 402 412 413
3 402 413 403
3 403 413 414
3 403 414 404
3 404 414 415
3 404 415 405
3 405 415 416
3 405 416 406
3 406 416 417
3 406 417 407
3 407 417 418
3 407 418 408
3 408 418 419
3 408 419 409
3 409 419 410
3 409 410 400
3 410 420 421
3 410 421 411
3 411 421 422
3 411 422 412
3 412 422 423
3 412 423 413
3 413 423 424
3 413 424 414
3 414 424 425
3 414 425 415
3 415 425 426
3 415 426 416
3 416 426 427
3 416 427 417
3 417 427 428
3 417 428 418
3 418 428 429
3 418 429 419
3 419 429 420
3 419 420 410
3 420 430 431
3 420 431 421
3 421 431 432
3 421 432 422
3 422 432 433
3 422 433 423
3 423 433 434
3 423 434 424
3 424 434 435
3 424 435 425
3 425 435 436
3 425 436 426
3 426 436 437
3 426 437 427
3 427 437 438
3 427 438 428
3 428 438 439
3 428 439 429
3 429 439 430
3 429 430 420
3 430 440 441
3 430 441 431
3 431 441 442
3 431 442 432
3 432 442 443
3 432 443 433
3 433 443 444
3 433 444 434
3 434 444 445
3 434 445 435
3 435 445 446
3 435 446 436
3 436 446 447
3 436 447 437
3 437 447 448
3 437 448 438
3 438 448 449
3 438 449 439
3 439 449 440
3 439 440 430
3 440 450 451
3 440 451 441
3 441 451 452
3 441 452 442
3 442 452 453
3 442 453 443
3 443 453 454
3 443 454 444
3 444 454 455
3 444 455 445
3 445 455 456
3 445 456 446
3 446 456 457
3 446 457 447
3 447 457 458
3 447 458 448
3 448 458 459
3 448 459 449
3 449 459 450
3 449 450 440
3 450 460 461
3 450 461 451
3 451 461 462
3 451 462 452
3 452 462 463
3 452 463 453
3 453 463 464
3 453 464 454
3 454 464 465
3 454 465 455
3 455 465 466
3 455 466 456
3 456 466 467
3 456 467 457
3 457 467 468
3 457 468 458
3 458 468 469
3 458 469 459
3 459 469 460
3 459 460 450
3 460 470 471
3 460 471 461
3 461 471 472
3 461 472 462
3 462 472 473
3 462 473 463
3 463 473 474
3 463 474 464
3 464 474 475
3 464 475 465
3 465 475 476
3 465 476 466
3 466 476 477
3 466 477 467
3 467 477 478
3 467 478 468
3 468 478 479
3 468 479 469
3 469 479 470
3 469 470 460
3 470 480 481
3 470 481 471
3 471 481 482
3 471 482 472
3 472 482 483
3 472 483 473
3 473 483 484
3 473 484 474
3 474 484 485
3 474 485 475
3 475 485 486
3 475 486 476
3 476 486 487
3 476 487 477
3 477 487 488
3 477 488 478
3 478 488 489
3 478 489 479
3 479 489 480
3 479 480 470
3 480 490 491
3 480 491 481
3 481 491 492
3 481 492 482
3 482 492 493
3 482 493 483
3 483 493 494
3 483 494 484
3 484 494 495
3 484 495 485
3 485 495 496
3 485 496 486
3 486 496 497
3 486 497 487
3 487 497 498
3 487 498 488
3 488 498 499
3 488 499 489
3 489 499 490
3 489 490 480
3 490 500 501
3 490 501 491
3 491 501 502
3 491 502 492
3 492 502 503
3 492 503 493
3 493 503 504
3 493 504 494
3 494 504 505
3 494 505 495
3 495 505 506
3 495 506 496
3 496 506 507
3 496 507 497
3 497 507 508
3 497 508 498
3 498 508 509
3 498 509 499
3 499 509 500
3 499 500 490
3 500 510 511
3 500 511 501
3 501 511 512
3 501 512 502
3 502 512 513
3 502 513 503
3 503 513 514
3 503 514 504
3 504 514 515
3 504 515 505
3 505 515 516
3 505 516 506
3 506 516 517
3 506 517 507
3 507 517 518
3 507 518 508
3 508 518 519
3 508 519 509
3 509 519 510
3 509 510 500
3 510 520 521
3 510 521 511
3 511 521 522
3 511 522 512
3 512 522 523
3 512 523 513
3 513 523 524
3 513 524 514
3 514 524 525
3 514 525 515
3 515 525 526
3 515 526 516
3 516 526 527
3 516 527 517
3 517 527 528
3 517 528 518
3 518 528 529
3 518 529 519
3 519 529 520
3 519 520 510
3 520 530 531
3 520 531 521
3 521 531 532
3 521 532 522
3 522 532 533
3 522 533 523
3 523 533 534
3 523 534 524
3 524 534 535
3 524 535 525
3 525 535 536
3 525 536 526
3 526 536 537
3 526 537 527
3 527 537 538
3 527 538 528
3 528 538 539
3 528 539 529
3 529 539 530
3 529 530 520
3 530 540 541
3 530 541 531
3 531 541 542
3 531 542 532
3 532 542 543
3 532 543 533
3 533 543 544
3 533 544 534
3 534 544 545
3 534 545 535
3 535 545 546
3 535 546 536
3 536 546 547
3 536 547 537
3 537 547 548
3 537 548 538
3 538 548 549
3 538 549 539
3 539 549 540
3 539 540 530
3 540 550 551
3 540 551 541
3 541 551 552
3 541 552 542
3 542 552 553
3 542 553 543
3 543 553 554
3 543 554 544
3 544 554 555
3 544 555 545
3 545 555 556
3 545 556 546
3 546 556 557
3 546 557 547
3 547 557 558
3 547 558 548
3 548 558 559
3 548 559 549
3 549 559 550
3 549 550 540
3 550 560 561
3 550 561 551
3 551 561 562
3 551 562 552
3 552 562 563
3 552 563 553
3 553 563 564
3 553 564 554
3 554 564 565
3 554 565 555
3 555 565 566
3 555 566 556
3 556 566 567
3 556 567 557
3 557 567 568
3 557 568 558
3 558 568 569
3 558 569 559
3 559 569 560
3 559 560 550
3 560 570 571
3 560 571 561
3 561 571 572
3 561 572 562
3 562 572 573
3 562 573 563
3 563 573 574
3 563 574 564
3 564 574 575
3 564 575 565
3 565 575 576
3 565 576 566
3 566 576 577
3 566 577 567
3 567 577 578
3 567 578 568
3 568 578 579
3 568 579 569
3 569 579 570
3 569 570 560
3 570 580 581
3 570 581 571
3 571 581 582
3 571 582 572
3 572 582 583
3 572 583 573
3 573 583 584
3 573 584 574
3 574 584 585
3 574 585 575
3 575 585 586
3 575 586 576
3 576 586 587
3 576 587 577
3 577 587 588
3 577 588 578
3 578 588 589
3 578 589 579
3 579 589 580
3 579 580 570
3 580 590 591
3 580 591 581
3 581 591 592
3 581 592 582
3 582 592 593
3 582 593 583
3 583 593 594
3 583 594 584
3 584 594 595
3 584 595 585
3 585 595 596
3 585 596 586
3 586 596 597
3 586 597 587
3 587 597 598
3 587 598 588
3 588 598 599
3 588 599 589
3 589 599 590
3 589 590 580
3 590 600 601
3 590 601 591
3 591 601 602
3 591 602 592
3 592 602 603
3 592 603 593
3 593 603 604
3 593 604 594
3 594 604 605
3 594 605 595
3 595 605 606
3 595 606 596
3 596 606 607
3 596 607 597
3 597 607 608
3 597 608 598
3 598 608 609
3 598 609 599
3 599 609 600
3 599 600 590
3 600 610 611
3 600 611 601
3 601 611 612
3 601 612 602
3 602 612 613
3 602 613 603
3 603 613 614
3 603 614 604
3 604 614 615
3 604 615 605
3 605 615 616
3 605 616 606
3 606 616 617
3 606 617 607
3 607 617 618
3 607 618 608
3 608 618 619
3 608 619 609
3 609 619 610
3 609 610 600
3 610 620 621
3 610 621 611
3 611 621 622
3 611 622 612
3 612 622 623
3 612 623 613
3 613 623 624
3 613 624 614
3 614 624 625
3 614 625 615
3 615 625 626
3 615 626 616
3 616 626 627
3 616 627 617
3 617 627 628
3 617 628 618
3 618 628 629
3 618 629 619
3 619 629 620
3 619 620 610
3 620 630 631
3 620 631 621
3 621 631 632
3 621 632 622
3 622 632 633
3 622 633 623
3 623 633 634
3 623 634 624
3 624 634 635
3 624 635 625
3 625 635 636
3 625 636 626
3 626 636 637
3 626 637 627
3 627 637 638
3 627 638 628
3 628 638 639
3 628 639 629
3 629 639 630
3 629 630 620
3 630 640 641
3 630 641 631
3 631 641 642
3 631 642 632
3 632 642 643
3 632 643 633
3 633 643 644
3 633 644 634
3 634 644 645
3 634 645 635
3 635 645 646
3 635 646 636
3 636 646 647
3 636 647 637
3 637 647 648
3 637 648 638
3 638 648 649
3 638 649 639
3 639 649 640
3 639 640 630
3 640 650 651
3 640 651 641
3 641 651 652
3 641 652 642
3 642 652 653
3 642 653 643
3 643 653 654
3 643 654 644
3 644 654 655
3 644 655 645
3 645 655 656
3 645 656 646
3 646 656 657
3 646 657 647
3 647 657 658
3 647 658 648
3 648 658 659
3 648 659 649
3 649 659 650
3 649 650 640
3 650 660 661
3 650 661 651
3 651 661 662
3 651 662 652
3 652 662 663
3 652 663 653
3 653 663 664
3 653 664 654
3 654 664 665
3 654 665 655
3 655 665 666
3 655 666 656
3 656 666 667
3 656 667 657
3 657 667 668
3 657 668 658
3 658 668 669
3 658 669 659
3 659 669 660
3 659 660 650
3 660 670 671
3 660 671 661
3 661 671 672
3 661 672 662
3 662 672 673
3 662 673 663
3 663 673 674
3 663 674 664
3 664 674 675
3 664 675 665
3 665 675 676
3 665 676 666
3 666 676 677
3 666 677 667
3 667 677 678
3 667 678 668
3 668 678 679
3 668 679 669
3 669 679 670
3 669 670 660
3 670 680 681
3 670 681 671
3 671 681 682
3 671 682 672
3 672 682 683
3 672 683 673
3 673 683 684
3 673 684 674
3 674 684 685
3 674 685 675
3 675 685 686
3 675 686 676
3 676 686 687
3 676 687 677
3 677 687 688
3 677 688 678
3 678 688 689
3 678 689 679
3 679 689 680
3 679 680 670
3 680 690 691
3 680 691 681
3 681 691 692
3 681 692 682
3 682 692 693
3 682 693 683
3 683 693 694
3 683 694 684
3 684 694 695
3 684 695 685
3 685 695 696
3 685 696 686
3 686 696 697
3 686 697 687
3 687 697 698
3 687 698 688
3 688 698 699
3 688 699 689
3 689 699 690
3 689 690 680
3 690 700 701
3 690 701 691
3 691 701 702
3 691 702 692
3 692 702 703
3 692 703 693
3 693 703 704
3 693 704 694
3 694 704 705
3 694 705 695
3 695 705 706
3 695 706 696
3 696 706 707
3 696 707 697
3 697 707 708
3 697 708 698
3 698 708 709
3 698 709 699
3 699 709 700
3 699 700 690
3 700 710 711
3 700 711 701
3 701 711 712
3 701 712 702
3 702 712 713
3 702 713 703
3 703 713 714
3 703 714 704
3 704 714 715
3 704 715 705
3 705 715 716
3 705 716 706
3 706 716 717
3 706 717 707
3 707 717 718
3 707 718 708
3 708 718 719
3 708 719 709
3 709 719 710
3 709 710 700
3 710 720 721
3 710 721 711
3 711 721 722
3 711 722 712
3 712 722 723
3 712 723 713
3 713 723 724
3 713 724 714
3 714 724 725
3 714 725 715
3 715 725 726
3 715 726 716
3 716 726 727
3 716 727 717
3 717 727 728
3 717 728 718
3 718 728 729
3 718 729 719
3 719 729 720
3 719 720 710
3 720 730 731
3 720 731 721
3 721 731 732
3 721 732 722
3 722 732 733
3 722 733 723
3 723 733 734
3 723 734 724
3 724 734 735
3 724 735 725
3 725 735 736
3 725 736 726
3 726 736 737
3 726 737 727
3 727 737 738
3 727 738 728
3 728 738 739
3 728 739 729
3 729 739 730
3 729 730 720
3 730 740 741
3 730 741 731
3 731 741 742
3 731 742 732
3 732 742 743
3 732 743 733
3 733 743 744
3 733 744 734
3 734 744 745
3 734 745 735
3 735 745 746
3 735 746 736
3 736 746 747
3 736 747 737
3 737 747 748
3 737 748 738
3 738 748 749
3 738 749 739
3 739 749 740
3 739 740 730
3 740 750 751
3 740 751 741
3 741 751 752
3 741 752 742
3 742 752 753
3 742 753 743
3 743 753 754
3 743 754 744
3 744 754 755
3 744 755 745
3 745 755 756
3 745 756 746
3 746 756 757
3 746 757 747
3 747 757 758
3 747 758 748
3 748 758 759
3 748 759 749
3 749 759 750
3 749 750 740
3 750 760 761
3 750 761 751
3 751 761 762
3 751 762 752
3 752 762 763
3 752 763 753
3 753 763 764
3 753 764 754
3 754 764 765
3 754 765 755
3 755 765 766
3 755 766 756
3 756 766 767
3 756 767 757
3 757 767 768
3 757 768 758
3 758 768 769
3 758 769 759
3 759 769 760
3 759 760 750
3 760 770 771
3 760 771 761
3 761 771 772
3 761 772 762
3 762 772 773
3 762 773 763
3 763 773 774
3 763 774 764
3 764 774 775
3 764 775 765
3 765 775 776
3 765 776 766
3 766 776 777
3 766 777 767
3 767 777 778
3 767 778 768
3 768 778 779
3 768 779 769
3 769 779 770
3 769 770 760
3 770 780 781
3 770 781 771
3 771 781 782
3 771 782 772
3 772 782 783
3 772 783 773
3 773 783 784
3 773 784 774
3 774 784 785
3 774 785 775
3 775 785 786
3 775 786 776
3 776 786 787
3 776 787 777
3 777 787 788
3 777 788 778
3 778 788 789
3 778 789 779
3 779 789 780
3 779 780 770
3 780 790 791
3 780 791 781
3 781 791 792
3 781 792 782
3 782 792 793
3 782 793 783
3 783 793 794
3 783 794 784
3 784 794 795
3 784 795 785
3 785 795 796
3 785 796 786
3 786 796 797
3 786 797 787
3 787 797 798
3 787 798 788
3 788 798 799
3 788 799 789
3 789 799 790
3 789 790 780
3 790 800 801
3 790 801 791
3 791 801 802
3 791 802 792
3 792 802 803
3 792 803 793
3 793 803 804
3 793 804 794
3 794 804 805
3 794 805 795
3 795 805 806
3 795 806 796
3 796 806 807
3 796 807 797
3 797 807 808
3 797 808 798
3 798 808 809
3 798 809 799
3 799 809 800
3 799 800 790
3 800 810 811
3 800 811 801
3 801 811 812
3 801 812 802
3 802 812 813
3 802 813 803
3 803 813 814
3 803 814 804
3 804 814 815
3 804 815 805
3 805 815 816
3 805 816 806
3 806 816 817
3 806 817 807
3 807 817 818
3 807 818 808
3 808 818 819
3 808 819 809
3 809 819 810
3 809 810 800
3 810 820 821
3 810 821 811
3 811 821 822
3 811 822 812
3 812 822 823
3 812 823 813
3 813 823 824
3 813 824 814
3 814 824 825
3 814 825 815
3 815 825 826
3 815 826 816
3 816 826 827
3 816 827 817
3 817 827 828
3 817 828 818
3 818 828 829
3 818 829 819
3 819 829 820
3 819 820 810
3 820 830 831
3 820 831 821
3 821 831 832
3 821 832 822
3 822 832 833
3 822 833 823
3 823 833 834
3 823 834 824
3 824 834 835
3 824 835 825
3 825 835 836
3 825 836 826
3 826 836 837
3 826 837 827
3 827 837 838
3 827 838 828
3 828 838 839
3 828 839 829
3 829 839 830
3 829 830 820
3 830 840 841
3 830 841 831
3 831 841 842
3 831 842 832
3 832 842 843
3 832 843 833
3 833 843 844
3 833 844 834
3 834 844 845
3 834 845 835
3 835 845 846
3 835 846 836
3 836 846 847
3 836 847 837
3 837 847 848
3 837 848 838
3 838 848 849
3 838 849 839
3 839 849 840
3 839 840 830
3 840 850 851
3 840 851 841
3 841 851 852
3 841 852 842
3 842 852 853
3 842 853 843
3 843 853 854
3 843 854 844
3 844 854 855
3 844 855 845
3 845 855 856
3 845 856 846
3 846 856 857
3 846 857 847
3 847 857 858
3 847 858 848
3 848 858 859
3 848 859 849
3 849 859 850
3 849 850 840
3 850 860 861
3 850 861 851
3 851 861 862
3 851 862 852
3 852 862 863
3 852 863 853
3 853 863 864
3 853 864 854
3 854 864 865
3 854 865 855
3 855 865 866
3 855 866 856
3 856 866 867
3 856 867 857
3 857 867 868
3 857 868 858
3 858 868 869
3 858 869 859
3 859 869 860
3 859 860 850
3 860 870 871
3 860 871 861
3 861 871 872
3 861 872 862
3 862 872 873
3 862 873 863
3 863 873 874
3 863 874 864
3 864 874 875
3 864 875 865
3 865 875 876
3 865 876 866
3 866 876 877
3 866 877 867
3 867 877 878
3 867 878 868
3 868 878 879
3 868 879 869
3 869 879 870
3 869 870 860
3 870 880 881
3 870 881 871
3 871 881 882
3 871 882 872
3 872 882 883
3 872 883 873
3 873 883 884
3 873 884 874
3 874 884 885
3 874 885 875
3 875 885 886
3 875 886 876
3 876 886 887
3 876 887 877
3 877 887 888
3 877 888 878
3 878 888 889
3 878 889 879
3 879 889 880
3 879 880 870
3 880 890 891
3 880 891 881
3 881 891 892
3 881 892 882
3 882 892 893
3 882 893 883
3 883 893 894
3 883 894 884
3 884 894 895
3 884 895 885
3 885 895 896
3 885 896 886
3 886 896 897
3 886 897 887
3 887 897 898
3 887 898 888
3 888 898 899
3 888 899 889
3 889 899 890
3 889 890 880
3 890 900 901
3 890 901 891
3 891 901 902
3 891 902 892
3 892 902 903
3 892 903 893
3 893 903 904
3 893 904 894
3 894 904 905
3 894 905 895
3 895 905 906
3 895 906 896
3 896 906 907
3 896 907 897
3 897 907 908
3 897 908 898
3 898 908 909
3 898 909 899
3 899 909 900
3 899 900 890
3 900 910 911
3 900 911 901
3 901 911 912
3 901 912 902
3 902 912 913
3 902 913 903
3 903 913 914
3 903 914 904
3 904 914 915
3 904 915 905
3 905 915 916
3 905 916 906
3 906 916 917
3 906 917 907
3 907 917 918
3 907 918 908
3 908 918 919
3 908 919 909
3 909 919 910
3 909 910 900
3 910 920 921
3 910 921 911
3 911 921 922
3 911 922 912
3 912 922 923
3 912 923 913
3 913 923 924
3 913 924 914
3 914 924 925
3 914 925 915
3 915 925 926
3 915 926 916
3 916 926 927
3 916 927 917
3 917 927 928
3 917 928 918
3 918 928 929
3 918 929 919
3 919 929 920
3 919 920 910
3 920 930 931
3 920 931 921
3 921 931 932
3 921 932 922
3 922 932 933
3 922 933 923
3 923 933 934
3 923 934 924
3 924 934 935
3 924 935 925
3 925 935 936
3 925 936 926
3 926 936 937
3 926 937 927
3 927 937 938
3 927 938 928
3 928 938 939
3 928 939 929
3 929 939 930
3 929 930 920
3 930 940 941
3 930 941 931
3 931 941 942
3 931 942 932
3 932 942 943
3 932 943 933
3 933 943 944
3 933 944 934
3 934 944 945
3 934 945 935
3 935 945 946
3 935 946 936
3 936 946 947
3 936 947 937
3 937 947 948
3 937 948 938
3 938 948 949
3 938 949 939
3 939 949 940
3 939 940 930
3 940 950 951
3 940 951 941
3 941 951 952
3 941 952 942
3 942 952 953
3 942 953 943
3 943 953 954
3 943 954 944
3 944 954 955
3 944 955 945
3 945 955 956
3 945 956 946
3 946 956 957
3 946 957 947
3 947 957 958
3 947 958 948
3 948 958 959
3 948 959 949
3 949 959 950
3 949 950 940
3 950 960 961
3 950 961 951
3 951 961 962
3 951 962 952
3 952 962 963
3 952 963 953
3 953 963 964
3 953 964 954
3 954 964 965
3 954 965 955
3 955 965 966
3 955 966 956
3 956 966 967
3 956 967 957
3 957 967 968
3 957 968 958
3 958 968 969
3 958 969 959
3 959 969 960
3 959 960 950
3 960 970 971
3 960 971 961
3 961 971 972
3 961 972 962
3 962 972 973
3 962 973 963
3 963 973 974
3 963 974 964
3 964 974 975
3 964 975 965
3 965 975 976
3 965 976 966
3 966 976 977
3 966 977 967
3 967 977 978
3 967 978 968
3 968 978 979
3 968 979 969
3 969 979 970
3 969 970 960
3 970 980 981
3 970 981 971
3 971 981 982
3 971 982 972
3 972 982 983
3 972 983 973
3 973 983 984
3 973 984 974
3 974 984 985
3 974 985 975
3 975 985 986
3 975 986 976
3 976 986 987
3 976 987 977
3 977 987 988
3 977 988 978
3 978 988 989
3 978 989 979
3 979 989 980
3 979 980 970
3 980 990 991
3 980 991 981
3 981 991 992
3 981 992 982
3 982 992 993
3 982 993 983
3 983 993 994
3 983 994 984
3 984 994 995
3 984 995 985
3 985 995 996
3 985 996 986
3 986 996 997
3 986 997 987
3 987 997 998
3 987 998 988
3 988 998 999
3 988 999 989
3 989 999 990
3 989 990 980
3 990 1000 1001
3 990 1001 991
3 991 1001 1002
3 991 1002 992
3 992 1002 1003
3 992 1003 993
3 993 1003 1004
3 993 1004 994
3 994 1004 1005
3 994 1005 995
3 995 1005 1006
3 995 1006 996
3 996 1006 1007
3 996 1007 997
3 997 1007 1008
3 997 1008 998
3 998 1008 1009
3 998 1009 999
3 999 1009 1000
3 999 1000 990
3 1000 1010 1011
3 1000 1011 1001
3 1001 1011 1012
3 1001 1012 1002
3 1002 1012 1013
3 1002 1013 1003
3 1003 1013 1014
3 1003 1014 1004
3 1004 1014 1015
3 1004 1015 1005
3 1005 1015 1016
3 1005 1016 1006
3 1006 1016 1017
3 1006 1017 1007
3 1007 1017 1018
3 1007 1018 1008
3 1008 1018 1019
3 1008 1019 1009
3 1009 1019 1010
3 1009 1010 1000
3 1010 1020 1021
3 1010 1021 1011
3 1011 1021 1022
3 1011 1022 1012
3 1012 1022 1023
3 1012 1023 1013
3 1013 1023 1024
3 1013 1024 1014
3 1014 1024 1025
3 1014 1025 1015
3 1015 1025 1026
3 1015 1026 1016
3 1016 1026 1027
3 1016 1027 1017
3 1017 1027 1028
3 1017 1028 1018
3 1018 1028 1029
3 1018 1029 1019
3 1019 1029 1020
3 1019 1020 1010
3 1020 1030 1031
3 1020 1031 1021
3 1021 1031 1032
3 1021 1032 1022
3 1022 1032 1033
3 1022 1033 1023
3 1023 1033 1034
3 1023 1034 1024
3 1024 1034 1035
3 1024 1035 1025
3 1025 1035 1036
3 1025 1036 1026
3 1026 1036 1037
3 1026 1037 1027
3 1027 1037 1038
3 1027 1038 1028
3 1028 1038 1039
3 1028 1039 1029
3 1029 1039 1030
3 1029 1030 1020
3 1030 1040 1041
3 1030 1041 1031
3 1031 1041 1042
3 1031 1042 1032
3 1032 1042 1043
3 1032 1043 1033
3 1033 1043 1044
3 1033 1044 1034
3 1034 1044 1045
3 1034 1045 1035
3 1035 1045 1046
3 1035 1046 1036
3 1036 1046 1047
3 1036 1047 1037
3 1037 1047 1048
3 1037 1048 1038
3 1038 1048 1049
3 1038 1049 1039
3 1039 1049 1040
3 1039 1040 1030
3 1040 1050 1051
3 1040 1051 1041
3 1041 1051 1052
3 1041 1052 1042
3 1042 1052 1053
3 1042 1053 1043
3 1043 1053 1054
3 1043 1054 1044
3 1044 1054 1055
3 1044 1055 1045
3 1045 1055 1056
3 1045 1056 1046
3 1046 1056 1057
3 1046 1057 1047
3 1047 1057 1058
3 1047 1058 1048
3 1048 1058 1059
3 1048 1059 1049
3 1049 1059 1050
3 1049 1050 1040
3 1050 1060 1061
3 1050 1061 1051
3 1051 1061 1062
3 1051 1062 1052
3 1052 1062 1063
3 1052 1063 1053
3 1053 1063 1064
3 1053 1064 1054
3 1054 1064 1065
3 1054 1065 1055
3 1055 1065 1066
3 1055 1066 1056
3 1056 1066 1067
3 1056 1067 1057
3 1057 1067 1068
3 1057 1068 1058
3 1058 1068 1069
3 1058 1069 1059
3 1059 1069 1060
3 1059 1060 1050
3 1060 1070 1071
3 1060 1071 1061
3 1061 1071 1072
3 1061 1072 1062
3 1062 1072 1073
3 1062 1073 1063
3 1063 1073 1074
3 1063 1074 1064
3 1064 1074 1075
3 1064 1075 1065
3 1065 1075 1076
3 1065 1076 1066
3 1066 1076 1077
3 1066 1077 1067
3 1067 1077 1078
3 1067 1078 1068
3 1068 1078 1079
3 1068 1079 1069
3 1069 1079 1070
3 1069 1070 1060
3 1070 1080 1081
3 1070 1081 1071
3 1071 1081 1082
3 1071 1082 1072
3 1072 1082 1083
3 1072 1083 1073
3 1073 1083 1084
3 1073 1084 1074
3 1074 1084 1085
3 1074 1085 1075
3 1075 1085 1086
3 1075 1086 1076
3 1076 1086 1087
3 1076 1087 1077
3 1077 1087 1088
3 1077 1088 1078
3 1078 1088 1089
3 1078 1089 1079
3 1079 1089 1080
3 1079 1080 1070
3 1080 1090 1091
3 1080 1091 1081
3 1081 1091 1092
3 1081 1092 1082
3 1082 1092 1093
3 1082 1093 1083
3 1083 1093 1094
3 1083 1094 1084
3 1084 1094 1095
3 1084 1095 1085
3 1085 1095 1096
3 1085 1096 1086
3 1086 1096 1097
3 1086 1097 1087
3 1087 1097 1098
3 1087 1098 1088
3 1088 1098 1099
3 1088 1099 1089
3 1089 1099 1090
3 1089 1090 1080
3 1090 1100 1101
3 1090 1101 1091
3 1091 1101 1102
3 1091 1102 1092
3 1092 1102 1103
3 1092 1103 1093
3 1093 1103 1104
3 1093 1104 1094
3 1094 1104 1105
3 1094 1105 1095
3 1095 1105 1106
3 1095 1106 1096
3 1096 1106 1107
3 1096 1107 1097
3 1097 1107 1108
3 1097 1108 1098
3 1098 1108 1109
3 1098 1109 1099
3 1099 1109 1100
3 1099 1100 1090
3 1100 1110 1111
3 1100 1111 1101
3 1101 1111 1112
3 1101 1112 1102
3 1102 1112 1113
3 1102 1113 1103
3 1103 1113 1114
3 1103 1114 1104
3 1104 1114 1115
3 1104 1115 1105
3 1105 1115 1116
3 1105 1116 1106
3 1106 1116 1117
3 1106 1117 1107
3 1107 1117 1118
3 1107 1118 1108
3 1108 1118 1119
3 1108 1119 1109
3 1109 1119 1110
3 1109 1110 1100
3 1110 1120 1121
3 1110 1121 1111
3 1111 1121 1122
3 1111 1122 1112
3 1112 1122 1123
3 1112 1123 1113
3 1113 1123 1124
3 1113 1124 1114
3 1114 1124 1125
3 1114 1125 1115
3 1115 1125 1126
3 1115 1126 1116
3 1116 1126 1127
3 1116 1127 1117
3 1117 1127 1128
3 1117 1128 1118
3 1118 1128 1129
3 1118 1129 1119
3 1119 1129 1120
3 1119 1120 1110
3 1120 1130 1131
3 1120 1131 1121
3 1121 1131 1132
3 1121 1132 1122
3 1122 1132 1133
3 1122 1133 1123
3 1123 1133 1134
3 1123 1134 1124
3 1124 1134 1135
3 1124 1135 1125
3 1125 1135 1136
3 1125 1136 1126
3 1126 1136 1137
3 1126 1137 1127
3 1127 1137 1138
3 1127 1138 1128
3 1128 1138 1139
3 1128 1139 1129
3 1129 1139 1130
3 1129 1130 1120
3 1130 1140 1141
3 1130 1141 1131
3 1131 1141 1142
3 1131 1142 1132
3 1132 1142 1143
3 1132 1143 1133
3 1133 1143 1144
3 1133 1144 1134
3 1134 1144 1145
3 1134 1145 1135
3 1135 1145 1146
3 1135 1146 1136
3 1136 1146 1147
3 1136 1147 1137
3 1137 1147 1148
3 1137 1148 1138
3 1138 1148 1149
3 1138 1149 1139
3 1139 1149 1140
3 1139 1140 1130
3 1140 1150 1151
3 1140 1151 1141
3 1141 1151 1152
3 1141 1152 1142
3 1142 1152 1153
3 1142 1153 1143
3 1143 1153 1154
3 1143 1154 1144
3 1144 1154 1155
3 1144 1155 1145
3 1145 1155 1156
3 1145 1156 1146
3 1146 1156 1157
3 1146 1157 1147
3 1147 1157 1158
3 1147 1158 1148
3 1148 1158 1159
3 1148 1159 1149
3 1149 1159 1150
3 1149 1150 1140
3 1150 1160 1161
3 1150 1161 1151
3 1151 1161 1162
3 1151 1162 1152
3 1152 1162 1163
3 1152 1163 1153
3 1153 1163 1164
3 1153 1164 1154
3 1154 1164 1165
3 1154 1165 1155
3 1155 1165 1166
3 1155 1166 1156
3 1156 1166 1167
3 1156 1167 1157
3 1157 1167 1168
3 1157 1168 1158
3 1158 1168 1169
3 1158 1169 1159
3 1159 1169 1160
3 1159 1160 1150
3 1160 1170 1171
3 1160 1171 1161
3 1161 1171 1172
3 1161 1172 1162
3 1162 1172 1173
3 1162 1173 1163
3 1163 1173 1174
3 1163 1174 1164
3 1164 1174 1175
3 1164 1175 1165
3 1165 1175 1176
3 1165 1176 1166
3 1166 1176 1177
3 1166 1177 1167
3 1167 1177 1178
3 1167 1178 1168
3 1168 1178 1179
3 1168 1179 1169
3 1169 1179 1170
3 1169 1170 1160
3 1170 1180 1181
3 1170 1181 1171
3 1171 1181 1182
3 1171 1182 1172
3 1172 1182 1183
3 1172 1183 1173
3 1173 1183 1184
3 1173 1184 1174
3 1174 1184 1185
3 1174 1185 1175
3 1175 1185 1186
3 1175 1186 1176
3 1176 1186 1187
3 1176 1187 1177
3 1177 1187 1188
3 1177 1188 1178
3 1178 1188 1189
3 1178 1189 1179
3 1179 1189 1180
3 1179 1180 1170
3 1180 1190 1191
3 1180 1191 1181
3 1181 1191 1192
3 1181 1192 1182
3 1182 1192 1193
3 1182 1193 1183
3 1183 1193 1194
3 1183 1194 1184
3 1184 1194 1195
3 1184 1195 1185
3 1185 1195 1196
3 1185 1196 1186
3 1186 1196 1197
3 1186 1197 1187
3 1187 1197 1198
3 1187 1198 1188
3 1188 1198 1199
3 1188 1199 1189
3 1189 1199 1190
3 1189 1190 1180
3 1190 0 1
3 1190 1 1191
3 1191 1 2
3 1191 2 1192
3 1192 2 3
3 1192 3 1193
3 1193 3 4
3 1193 4 1194
3 1194 4 5
3 1194 5 1195
3 1195 5 6
3 1195 6 1196
3 1196 6 7
3 1196 7 1197
3 1197 7 8
3 1197 8 1198
3 1198 8 9
3 1198 9 1199
3 1199 9 0
3 1199 0 1190
3 1200 1210 1211
3 1200 1211 1201
3 1201 1211 1212
3 1201 1212 1202
3 1202 1212 1213
3 1202 1213 1203
3 1203 1213 1214
3 1203 1214 1204
3 1204 1214 1215
3 1204 1215 1205
3 1205 1215 1216
3 1205 1216 1206
3 1206 1216 1217
3 1206 1217 1207
3 1207 1217 1218
3 1207 1218 1208
3 1208 1218 1219
3 1208 1219 1209
3 1209 1219 1210
3 1209 1210 1200
3 1210 1220 1221
3 1210 1221 1211
3 1211 1221 1222
3 1211 1222 1212
3 1212 1222 1223
3 1212 1223 1213
3 1213 1223 1224
3 1213 1224 1214
3 1214 1224 1225
3 1214 1225 1215
3 1215 1225 1226
3 1215 1226 1216
3 1216 1226 1227
3 1216 1227 1217
3 1217 1227 1228
3 1217 1228 1218
3 1218 1228 1229
3 1218 1229 1219
3 1219 1229 1220
3 1219 1220 1210
3 1220 1230 1231
3 1220 1231 1221
3 1221 1231 1232
3 1221 1232 1222
3 1222 1232 1233
3 1222 1233 1223
3 1223 1233 1234
3 1223 1234 1224
3 1224 1234 1235
3 1224 1235 1225
3 1225 1235 1236
3 1225 1236 1226
3 1226 1236 1237
3 1226 1237 1227
3 1227 1237 1238
3 1227 1238 1228
3 1228 1238 1239
3 1228 1239 1229
3 1229 1239 1230
3 1229 1230 1220
3 1230 1240 1241
3 1230 1241 1231
3 1231 1241 1242
3 1231 1242 1232
3 1232 1242 1243
3 1232 1243 1233
3 1233 1243 1244
3 1233 1244 1234
3 1234 1244 1245
3 1234 1245 1235
3 1235 1245 1246
3 1235 1246 1236
3 1236 1246 1247
3 1236 1247 1237
3 1237 1247 1248
3 1237 1248 1238
3 1238 1248 1249
3 1238 1249 1239
3 1239 1249 1240
3 1239 1240 1230
3 1240 1250 1251
3 1240 1251 1241
3 1241 1251 1252
3 1241 1252 1242
3 1242 1252 1253
3 1242 1253 1243
3 1243 1253 1254
3 1243 1254 1244
3 1244 1254 1255
3 1244 1255 1245
3 1245 1255 1256
3 1245 1256 1246
3 1246 1256 1257
3 1246 1257 1247
3 1247 1257 1258
3 1247 1258 1248
3 1248 1258 1259
3 1248 1259 1249
3 1249 1259 1250
3 1249 1250 1240
3 1250 1260 1261
3 1250 1261 1251
3 1251 1261 1262
3 1251 1262 1252
3 1252 1262 1263
3 1252 1263 1253
3 1253 1263 1264
3 1253 1264 1254
3 1254 1264 1265
3 1254 1265 1255
3 1255 1265 1266
3 1255 1266 1256
3 1256 1266 1267
3 1256 1267 1257
3 1257 1267 1268
3 1257 1268 1258
3 1258 1268 1269
3 1258 1269 1259
3 1259 1269 1260
3 1259 1260 1250
3 1260 1270 1271
3 1260 1271 1261
3 1261 1271 1272
3 1261 1272 1262
3 1262 1272 1273
3 1262 1273 1263
3 1263 1273 1274
3 1263 1274 1264
3 1264 1274 1275
3 1264 1275 1265
3 1265 1275 1276
3 1265 1276 1266
3 1266 1276 1277
3 1266 1277 1267
3 1267 1277 1278
3 1267 1278 1268
3 1268 1278 1279
3 1268 1279 1269
3 1269 1279 1270
3 1269 1270 1260
3 1270 1280 1281
3 1270 1281 1271
3 1271 1281 1282
3 1271 1282 1272
3 1272 1282 1283
3 1272 1283 1273
3 1273 1283 1284
3 1273 1284 1274
3 1274 1284 1285
3 1274 1285 1275
3 1275 1285 1286
3 1275 1286 1276
3 1276 1286 1287
3 1276 1287 1277
3 1277 1287 1288
3 1277 1288 1278
3 1278 1288 1289
3 1278 1289 1279
3 1279 1289 1280
3 1279 1280 1270
3 1280 1290 1291
3 1280 1291 1281
3 1281 1291 1292
3 1281 1292 1282
3 1282 1292 1293
3 1282 1293 1283
3 1283 1293 1294
3 1283 1294 1284
3 1284 1294 1295
3 1284 1295 1285
3 1285 1295 1296
3 1285 1296 1286
3 1286 1296 1297
3 1286 1297 1287
3 1287 1297 1298
3 1287 1298 1288
3 1288 1298 1299
3 1288 1299 1289
3 1289 1299 1290
3 1289 1290 1280
3 1290 1300 1301
3 1290 1301 1291
3 1291 1301 1302
3 1291 1302 1292
3 1292 1302 1303
3 1292 1303 1293
3 1293 1303 1304
3 1293 1304 1294
3 1294 1304 1305
3 1294 1305 1295
3 1295 1305 1306
3 1295 1306 1296
3 1296 1306 1307
3 1296 1307 1297
3 1297 1307 1308
3 1297 1308 1298
3 1298 1308 1309
3 1298 1309 1299
3 1299 1309 1300
3 1299 1300 1290
3 1300 1310 1311
3 1300 1311 1301
3 1301 1311 1312
3 1301 1312 1302
3 1302 1312 1313
3 1302 1313 1303
3 1303 1313 1314
3 1303 1314 1304
3 1304 1314 1315
3 1304 1315 1305
3 1305 1315 1316
3 1305 1316 1306
3 1306 1316 1317
3 1306 1317 1307
3 1307 1317 1318
3 1307 1318 1308
3 1308 1318 1319
3 1308 1319 1309
3 1309 1319 1310
3 1309 1310 1300
3 1310 1320 1321
3 1310 1321 1311
3 1311 1321 1322
3 1311 1322 1312
3 1312 1322 1323
3 1312 1323 1313
3 1313 1323 1324
3 1313 1324 1314
3 1314 1324 1325
3 1314 1325 1315
3 1315 1325 1326
3 1315 1326 1316
3 1316 1326 1327
3 1316 1327 1317
3 1317 1327 1328
3 1317 1328 1318
3 1318 1328 1329
3 1318 1329 1319
3 1319 1329 1320
3 1319 1320 1310
3 1320 1330 1331
3 1320 1331 1321
3 1321 1331 1332
3 1321 1332 1322
3 1322 1332 1333
3 1322 1333 1323
3 1323 1333 1334
3 1323 1334 1324
3 1324 1334 1335
3 1324 1335 1325
3 1325 1335 1336
3 1325 1336 1326
3 1326 1336 1337
3 1326 1337 1327
3 1327 1337 1338
3 1327 1338 1328
3 1328 1338 1339
3 1328 1339 1329
3 1329 1339 1330
3 1329 1330 1320
3 1330 1340 1341
3 1330 1341 1331
3 1331 1341 1342
3 1331 1342 1332
3 1332 1342 1343
3 1332 1343 1333
3 1333 1343 1344
3 1333 1344 1334
3 1334 1344 1345
3 1334 1345 1335
3 1335 1345 1346
3 1335 1346 1336
3 1336 1346 1347
3 1336 1347 1337
3 1337 1347 1348
3 1337 1348 1338
3 1338 1348 1349
3 1338 1349 1339
3 1339 1349 1340
3 1339 1340 1330
3 1340 1350 1351
3 1340 1351 1341
3 1341 1351 1352
3 1341 1352 1342
3 1342 1352 1353
3 1342 1353 1343
3 1343 1353 1354
3 1343 1354 1344
3 1344 1354 1355
3 1344 1355 1345
3 1345 1355 1356
3 1345 1356 1346
3 1346 1356 1357
3 1346 1357 1347
3 1347 1357 1358
3 1347 1358 1348
3 1348 1358 1359
3 1348 1359 1349
3 1349 1359 1350
3 1349 1350 1340
3 1350 1360 1361
3 1350 1361 1351
3 1351 1361 1362
3 1351 1362 1352
3 1352 1362 1363
3 1352 1363 1353
3 1353 1363 1364
3 1353 1364 1354
3 1354 1364 1365
3 1354 1365 1355
3 1355 1365 1366
3 1355 1366 1356
3 1356 1366 1367
3 1356 1367 1357
3 1357 1367 1368
3 1357 1368 1358
3 1358 1368 1369
3 1358 1369 1359
3 1359 1369 1360
3 1359 1360 1350
3 1360 1370 1371
3 1360 1371 1361
3 1361 1371 1372
3 1361 1372 1362
3 1362 1372 1373
3 1362 1373 1363
3 1363 1373 1374
3 1363 1374 1364
3 1364 1374 1375
3 1364 1375 1365
3 1365 1375 1376
3 1365 1376 1366
3 1366 1376 1377
3 1366 1377 1367
3 1367 1377 1378
3 1367 1378 1368
3 1368 1378 1379
3 1368 1379 1369
3 1369 1379 1370
3 1369 1370 1360
3 1370 1380 1381
3 1370 1381 1371
3 1371 1381 1382
3 1371 1382 1372
3 1372 1382 1383
3 1372 1383 1373
3 1373 1383 1384
3 1373 1384 1374
3 1374 1384 1385
3 1374 1385 1375
3 1375 1385 1386
3 1375 1386 1376
3 1376 1386 1387
3 1376 1387 1377
3 1377 1387 1388
3 1377 1388 1378
3 1378 1388 1389
3 1378 1389 1379
3 1379 1389 1380
3 1379 1380 1370
3 1380 1390 1391
3 1380 1391 1381
3 1381 1391 1392
3 1381 1392 1382
3 1382 1392 1393
3 1382 1393 1383
3 1383 1393 1394
3 1383 1394 1384
3 1384 1394 1395
3 1384 1395 1385
3 1385 1395 1396
3 1385 1396 1386
3 1386 1396 1397
3 1386 1397 1387
3 1387 1397 1398
3 1387 1398 1388
3 1388 1398 1399
3 1388 1399 1389
3 1389 1399 1390
3 1389 1390 1380
3 1390 1400 1401
3 1390 1401 1391
3 1391 1401 1402
3 1391 1402 1392
3 1392 1402 1403
3 1392 1403 1393
3 1393 1403 1404
3 1393 1404 1394
3 1394 1404 1405
3 1394 1405 1395
3 1395 1405 1406
3 1395 1406 1396
3 1396 1406 1407
3 1396 1407 1397
3 1397 1407 1408
3 1397 1408 1398
3 1398 1408 1409
3 1398 1409 1399
3 1399 1409 1400
3 1399 1400 1390
3 1400 1410 1411
3 1400 1411 1401
3 1401 1411 1412
3 1401 1412 1402
3 1402 1412 1413
3 1402 1413 1403
3 1403 1413 1414
3 1403 1414 1404
3 1404 1414 1415
3 1404 1415 1405
3 1405 1415 1416
3 1405 1416 1406
3 1406 1416 1417
3 1406 1417 1407
3 1407 1417 1418
3 1407 1418 1408
3 1408 1418 1419
3 1408 1419 1409
3 1409 1419 1410
3 1409 1410 1400
3 1410 1420 1421
3 1410 1421 1411
3 1411 1421 1422
3 1411 1422 1412
3 1412 1422 1423
3 1412 1423 1413
3 1413 1423 1424
3 1413 1424 1414
3 1414 1424 1425
3 1414 1425 1415
3 1415 1425 1426
3 1415 1426 1416
3 1416 1426 1427
3 1416 1427 1417
3 1417 1427 1428
3 1417 1428 1418
3 1418 1428 1429
3 1418 1429 1419
3 1419 1429 1420
3 1419 1420 1410
3 1420 1430 1431
3 1420 1431 1421
3 1421 1431 1432
3 1421 1432 1422
3 1422 1432 1433
3 1422 1433 1423
3 1423 1433 1434
3 1423 1434 1424
3 1424 1434 1435
3 1424 1435 1425
3 1425 1435 1436
3 1425 1436 1426
3 1426 1436 1437
3 1426 1437 1427
3 1427 1437 1438
3 1427 1438 1428
3 1428 1438 1439
3 1428 1439 1429
3 1429 1439 1430
3 1429 1430 1420
3 1430 1440 1441
3 1430 1441 1431
3 1431 1441 1442
3 1431 1442 1432
3 1432 1442 1443
3 1432 1443 1433
3 1433 1443 1444
3 1433 1444 1434
3 1434 1444 1445
3 1434 1445 1435
3 1435 1445 1446
3 1435 1446 1436
3 1436 1446 1447
3 1436 1447 1437
3 1437 1447 1448
3 1437 1448 1438
3 1438 1448 1449
3 1438 1449 1439
3 1439 1449 1440
3 1439 1440 1430
3 1440 1450 1451
3 1440 1451 1441
3 1441 1451 1452
3 1441 1452 1442
3 1442 1452 1453
3 1442 1453 1443
3 1443 1453 1454
3 1443 1454 1444
3 1444 1454 1455
3 1444 1455 1445
3 1445 1455 1456
3 1445 1456 1446
3 1446 1456 1457
3 1446 1457 1447
3 1447 1457 1458
3 1447 1458 1448
3 1448 1458 1459
3 1448 1459 1449
3 1449 1459 1450
3 1449 1450 1440
3 1450 1460 1461
3 1450 1461 1451
3 1451 1461 1462
3 1451 1462 1452
3 1452 1462 1463
3 1452 1463 1453
3 1453 1463 1464
3 1453 1464 1454
3 1454 1464 1465
3 1454 1465 1455
3 1455 1465 1466
3 1455 1466 1456
3 1456 1466 1467
3 1456 1467 1457
3 1457 1467 1468
3 1457 1468 1458
3 1458 1468 1469
3 1458 1469 1459
3 1459 1469 1460
3 1459 1460 1450
3 1460 1470 1471
3 1460 1471 1461
3 1461 1471 1472
3 1461 1472 1462
3 1462 1472 1473
3 1462 1473 1463
3 1463 1473 1474
3 1463 1474 1464
3 1464 1474 1475
3 1464 1475 1465
3 1465 1475 1476
3 1465 1476 1466
3 1466 1476 1477
3 1466 1477 1467
3 1467 1477 1478
3 1467 1478 1468
3 1468 1478 1479
3 1468 1479 1469
3 1469 1479 1470
3 1469 1470 1460
3 1470 1480 1481
3 1470 1481 1471
3 1471 1481 1482
3 1471 1482 1472
3 1472 1482 1483
3 1472 1483 1473
3 1473 1483 1484
3 1473 1484 1474
3 1474 1484 1485
3 1474 1485 1475
3 1475 1485 1486
3 1475 1486 1476
3 1476 1486 1487
3 1476 1487 1477
3 1477 1487 1488
3 1477 1488 1478
3 1478 1488 1489
3 1478 1489 1479
3 1479 1489 1480
3 1479 1480 1470
3 1480 1490 1491
3 1480 1491 1481
3 1481 1491 1492
3 1481 1492 1482
3 1482 1492 1493
3 1482 1493 1483
3 1483 1493 1494
3 1483 1494 1484
3 1484 1494 1495
3 1484 1495 1485
3 1485 1495 1496
3 1485 1496 1486
3 1486 1496 1497
3 1486 1497 1487
3 1487 1497 1498
3 1487 1498 1488
3 1488 1498 1499
3 1488 1499 1489
3 1489 1499 1490
3 1489 1490 1480
3 1490 1500 1501
3 1490 1501 1491
3 1491 1501 1502
3 1491 1502 1492
3 1492 1502 1503
3 1492 1503 1493
3 1493 1503 1504
3 1493 1504 1494
3 1494 1504 1505
3 1494 1505 1495
3 1495 1505 1506
3 1495 1506 1496
3 1496 1506 1507
3 1496 1507 1497
3 1497 1507 1508
3 1497 1508 1498
3 1498 1508 1509
3 1498 1509 1499
3 1499 1509 1500
3 1499 1500 1490
3 1500 1510 1511
3 1500 1511 1501
3 1501 1511 1512
3 1501 1512 1502
3 1502 1512 1513
3 1502 1513 1503
3 1503 1513 1514
3 1503 1514 1504
3 1504 1514 1515
3 1504 1515 1505
3 1505 1515 1516
3 1505 1516 1506
3 1506 1516 1517
3 1506 1517 1507
3 1507 1517 1518
3 1507 1518 1508
3 1508 1518 1519
3 1508 1519 1509
3 1509 1519 1510
3 1509 1510 1500
3 1510 1520 1521
3 1510 1521 1511
3 1511 1521 1522
3 1511 1522 1512
3 1512 1522 1523
3 1512 1523 1513
3 1513 1523 1524
3 1513 1524 1514
3 1514 1524 1525
3 1514 1525 1515
3 1515 1525 1526
3 1515 1526 1516
3 1516 1526 1527
3 1516 1527 1517
3 1517 1527 1528
3 1517 1528 1518
3 1518 1528 1529
3 1518 1529 1519
3 1519 1529 1520
3 1519 1520 1510
3 1520 1530 1531
3 1520 1531 1521
3 1521 1531 1532
3 1521 1532 1522
3 1522 1532 1533
3 1522 1533 1523
3 1523 1533 1534
3 1523 1534 1524
3 1524 1534 1535
3 1524 1535 1525
3 1525 1535 1536
3 1525 1536 1526
3 1526 1536 1537
3 1526 1537 1527
3 1527 1537 1538
3 1527 1538 1528
3 1528 1538 1539
3 1528 1539 1529
3 1529 1539 1530
3 1529 1530 1520
3 1530 1540 1541
3 1530 1541 1531
3 1531 1541 1542
3 1531 1542 1532
3 1532 1542 1543
3 1532 1543 1533
3 1533 1543 1544
3 1533 1544 1534
3 1534 1544 1545
3 1534 1545 1535
3 1535 1545 1546
3 1535 1546 1536
3 1536 1546 1547
3 1536 1547 1537
3 1537 1547 1548
3 1537 1548 1538
3 1538 1548 1549
3 1538 1549 1539
3 1539 1549 1540
3 1539 1540 1530
3 1540 1550 1551
3 1540 1551 1541
3 1541 1551 1552
3 1541 1552 1542
3 1542 1552 1553
3 1542 1553 1543
3 1543 1553 1554
3 1543 1554 1544
3 1544 1554 1555
3 1544 1555 1545
3 1545 1555 1556
3 1545 1556 1546
3 1546 1556 1557
3 1546 1557 1547
3 1547 1557 1558
3 1547 1558 1548
3 1548 1558 1559
3 1548 1559 1549
3 1549 1559 1550
3 1549 1550 1540
3 1550 1560 1561
3 1550 1561 1551
3 1551 1561 1562
3 1551 1562 1552
3 1552 1562 1563
3 1552 1563 1553
3 1553 1563 1564
3 1553 1564 1554
3 1554 1564 1565
3 1554 1565 1555
3 1555 1565 1566
3 1555 1566 1556
3 1556 1566 1567
3 1556 1567 1557
3 1557 1567 1568
3 1557 1568 1558
3 1558 1568 1569
3 1558 1569 1559
3 1559 1569 1560
3 1559 1560 1550
3 1560 1570 1571
3 1560 1571 1561
3 1561 1571 1572
3 1561 1572 1562
3 1562 1572 1573
3 1562 1573 1563
3 1563 1573 1574
3 1563 1574 1564
3 1564 1574 1575
3 1564 1575 1565
3 1565 1575 1576
3 1565 1576 1566
3 1566 1576 1577
3 1566 1577 1567
3 1567 1577 1578
3 1567 1578 1568
3 1568 1578 1579
3 1568 1579 1569
3 1569 1579 1570
3 1569 1570 1560
3 1570 1580 1581
3 1570 1581 1571
3 1571 1581 1582
3 1571 1582 1572
3 1572 1582 1583
3 1572 1583 1573
3 1573 1583 1584
3 1573 1584 1574
3 1574 1584 1585
3 1574 1585 1575
3 1575 1585 1586
3 1575 1586 1576
3 1576 1586 1587
3 1576 1587 1577
3 1577 1587 1588
3 1577 1588 1578
3 1578 1588 1589
3 1578 1589 1579
3 1579 1589 1580
3 1579 1580 1570
3 1580 1590 1591
3 1580 1591 1581
3 1581 1591 1592
3 1581 1592 1582
3 1582 1592 1593
3 1582 1593 1583
3 1583 1593 1594
3 1583 1594 1584
3 1584 1594 1595
3 1584 1595 1585
3 1585 1595 1596
3 1585 1596 1586
3 1586 1596 1597
3 1586 1597 1587
3 1587 1597 1598
3 1587 1598 1588
3 1588 1598 1599
3 1588 1599 1589
3 1589 1599 1590
3 1589 1590 1580
3 1590 1600 1601
3 1590 1601 1591
3 1591 1601 1602
3 1591 1602 1592
3 1592 1602 1603
3 1592 1603 1593
3 1593 1603 1604
3 1593 1604 1594
3 1594 1604 1605
3 1594 1605 1595
3 1595 1605 1606
3 1595 1606 1596
3 1596 1606 1607
3 1596 1607 1597
3 1597 1607 1608
3 1597 1608 1598
3 1598 1608 1609
3 1598 1609 1599
3 1599 1609 1600
3 1599 1600 1590
3 1600 1610 1611
3 1600 1611 1601
3 1601 1611 1612
3 1601 1612 1602
3 1602 1612 1613
3 1602 1613 1603
3 1603 1613 1614
3 1603 1614 1604
3 1604 1614 1615
3 1604 1615 1605
3 1605 1615 1616
3 1605 1616 1606
3 1606 1616 1617
3 1606 1617 1607
3 1607 1617 1618
3 1607 1618 1608
3 1608 1618 1619
3 1608 1619 1609
3 1609 1619 1610
3 1609 1610 1600
3 1610 1620 1621
3 1610 1621 1611
3 1611 1621 1622
3 1611 1622 1612
3 1612 1622 1623
3 1612 1623 1613
3 1613 1623 1624
3 1613 1624 1614
3 1614 1624 1625
3 1614 1625 1615
3 1615 1625 1626
3 1615 1626 1616
3 1616 1626 1627
3 1616 1627 1617
3 1617 1627 1628
3 1617 1628 1618
3 1618 1628 1629
3 1618 1629 1619
3 1619 1629 1620
3 1619 1620 1610
3 1620 1630 1631
3 1620 1631 1621
3 1621 1631 1632
3 1621 1632 1622
3 1622 1632 1633
3 1622 1633 1623
3 1623 1633 1634
3 1623 1634 1624
3 1624 1634 1635
3 1624 1635 1625
3 1625 1635 1636
3 1625 1636 1626
3 1626 1636 1637
3 1626 1637 1627
3 1627 1637 1638
3 1627 1638 1628
3 1628 1638 1639
3 1628 1639 1629
3 1629 1639 1630
3 1629 1630 1620
3 1630 1640 1641
3 1630 1641 1631
3 1631 1641 1642
3 1631 1642 1632
3 1632 1642 1643
3 1632 1643 1633
3 1633 1643 1644
3 1633 1644 1634
3 1634 1644 1645
3 1634 1645 1635
3 1635 1645 1646
3 1635 1646 1636
3 1636 1646 1647
3 1636 1647 1637
3 1637 1647 1648
3 1637 1648 1638
3 1638 1648 1649
3 1638 1649 1639
3 1639 1649 1640
3 1639 1640 1630
3 1640 1650 1651
3 1640 1651 1641
3 1641 1651 1652
3 1641 1652 1642
3 1642 1652 1653
3 1642 1653 1643
3 1643 1653 1654
3 1643 1654 1644
3 1644 1654 1655
3 1644 1655 1645
3 1645 1655 1656
3 1645 1656 1646
3 1646 1656 1657
3 1646 1657 1647
3 1647 1657 1658
3 1647 1658 1648
3 1648 1658 1659
3 1648 1659 1649
3 1649 1659 1650
3 1649 1650 1640
3 1650 1660 1661
3 1650 1661 1651
3 1651 1661 1662
3 1651 1662 1652
3 1652 1662 1663
3 1652 1663 1653
3 1653 1663 1664
3 1653 1664 1654
3 1654 1664 1665
3 1654 1665 1655
3 1655 1665 1666
3 1655 1666 1656
3 1656 1666 1667
3 1656 1667 1657
3 1657 1667 1668
3 1657 1668 1658
3 1658 1668 1669
3 1658 1669 1659
3 1659 1669 1660
3 1659 1660 1650
3 1660 1670 1671
3 1660 1671 1661
3 1661 1671 1672
3 1661 1672 1662
3 1662 1672 1673
3 1662 1673 1663
3 1663 1673 1674
3 1663 1674 1664
3 1664 1674 1675
3 1664 1675 1665
3 1665 1675 1676
3 1665 1676 1666
3 1666 1676 1677
3 1666 1677 1667
3 1667 1677 1678
3 1667 1678 1668
3 1668 1678 1679
3 1668 1679 1669
3 1669 1679 1670
3 1669 1670 1660
3 1670 1680 1681
3 1670 1681 1671
3 1671 1681 1682
3 1671 1682 1672
3 1672 1682 1683
3 1672 1683 1673
3 1673 1683 1684
3 1673 1684 1674
3 1674 1684 1685
3 1674 1685 1675
3 1675 1685 1686
3 1675 1686 1676
3 1676 1686 1687
3 1676 1687 1677
3 1677 1687 1688
3 1677 1688 1678
3 1678 1688 1689
3 1678 1689 1679
3 1679 1689 1680
3 1679 1680 1670
3 1680 1690 1691
3 1680 1691 1681
3 1681 1691 1692
3 1681 1692 1682
3 1682 1692 1693
3 1682 1693 1683
3 1683 1693 1694
3 1683 1694 1684
3 1684 1694 1695
3 1684 1695 1685
3 1685 1695 1696
3 1685 1696 1686
3 1686 1696 1697
3 1686 1697 1687
3 1687 1697 1698
3 1687 1698 1688
3 1688 1698 1699
3 1688 1699 1689
3 1689 1699 1690
3 1689 1690 1680
3 1690 1700 1701
3 1690 1701 1691
3 1691 1701 1702
3 1691 1702 1692
3 1692 1702 1703
3 1692 1703 1693
3 1693 1703 1704
3 1693 1704 1694
3 1694 1704 1705
3 1694 1705 1695
3 1695 1705 1706
3 1695 1706 1696
3 1696 1706 1707
3 1696 1707 1697
3 1697 1707 1708
3 1697 1708 1698
3 1698 1708 1709
3 1698 1709 1699
3 1699 1709 1700
3 1699 1700 1690
3 1700 1710 1711
3 1700 1711 1701
3 1701 1711 1712
3 1701 1712 1702
3 1702 1712 1713
3 1702 1713 1703
3 1703 1713 1714
3 1703 1714 1704
3 1704 1714 1715
3 1704 1715 1705
3 1705 1715 1716
3 1705 1716 1706
3 1706 1716 1717
3 1706 1717 1707
3 1707 1717 1718
3 1707 1718 1708
3 1708 1718 1719
3 1708 1719 1709
3 1709 1719 1710
3 1709 1710 1700
3 1710 1720 1721
3 1710 1721 1711
3 1711 1721 1722
3 1711 1722 1712
3 1712 1722 1723
3 1712 1723 1713
3 1713 1723 1724
3 1713 1724 1714
3 1714 1724 1725
3 1714 1725 1715
3 1715 1725 1726
3 1715 1726 1716
3 1716 1726 1727
3 1716 1727 1717
3 1717 1727 1728
3 1717 1728 1718
3 1718 1728 1729
3 1718 1729 1719
3 1719 1729 1720
3 1719 1720 1710
3 1720 1730 1731
3 1720 1731 1721
3 1721 1731 1732
3 1721 1732 1722
3 1722 1732 1733
3 1722 1733 1723
3 1723 1733 1734
3 1723 1734 1724
3 1724 1734 1735
3 1724 1735 1725
3 1725 1735 1736
3 1725 1736 1726
3 1726 1736 1737
3 1726 1737 1727
3 1727 1737 1738
3 1727 1738 1728
3 1728 1738 1739
3 1728 1739 1729
3 1729 1739 1730
3 1729 1730 1720
3 1730 1740 1741
3 1730 1741 1731
3 1731 1741 1742
3 1731 1742 1732
3 1732 1742 1743
3 1732 1743 1733
3 1733 1743 1744
3 1733 1744 1734
3 1734 1744 1745
3 1734 1745 1735
3 1735 1745 1746
3 1735 1746 1736
3 1736 1746 1747
3 1736 1747 1737
3 1737 1747 1748
3 1737 1748 1738
3 1738 1748 1749
3 1738 1749 1739
3 1739 1749 1740
3 1739 1740 1730
3 1740 1750 1751
3 1740 1751 1741
3 1741 1751 1752
3 1741 1752 1742
3 1742 1752 1753
3 1742 1753 1743
3 1743 1753 1754
3 1743 1754 1744
3 1744 1754 1755
3 1744 1755 1745
3 1745 1755 1756
3 1745 1756 1746
3 1746 1756 1757
3 1746 1757 1747
3 1747 1757 1758
3 1747 1758 1748
3 1748 1758 1759
3 1748 1759 1749
3 1749 1759 1750
3 1749 1750 1740
3 1750 1760 1761
3 1750 1761 1751
3 1751 1761 1762
3 1751 1762 1752
3 1752 1762 1763
3 1752 1763 1753
3 1753 1763 1764
3 1753 1764 1754
3 1754 1764 1765
3 1754 1765 1755
3 1755 1765 1766
3 1755 1766 1756
3 1756 1766 1767
3 1756 1767 1757
3 1757 1767 1768
3 1757 1768 1758
3 1758 1768 1769
3 1758 1769 1759
3 1759 1769 1760
3 1759 1760 1750
3 1760 1770 1771
3 1760 1771 1761
3 1761 1771 1772
3 1761 1772 1762
3 1762 1772 1773
3 1762 1773 1763
3 1763 1773 1774
3 1763 1774 1764
3 1764 1774 1775
3 1764 1775 1765
3 1765 1775 1776
3 1765 1776 1766
3 1766 1776 1777
3 1766 1777 1767
3 1767 1777 1778
3 1767 1778 1768
3 1768 1778 1779
3 1768 1779 1769
3 1769 1779 1770
3 1769 1770 1760
3 1770 1780 1781
3 1770 1781 1771
3 1771 1781 1782
3 1771 1782 1772
3 1772 1782 1783
3 1772 1783 1773
3 1773 1783 1784
3 1773 1784 1774
3 1774 1784 1785
3 1774 1785 1775
3 1775 1785 1786
3 1775 1786 1776
3 1776 1786 1787
3 1776 1787 1777
3 1777 1787 1788
3 1777 1788 1778
3 1778 1788 1789
3 1778 1789 1779
3 1779 1789 1780
3 1779 1780 1770
3 1780 1790 1791
3 1780 1791 1781
3 1781 1791 1792
3 1781 1792 1782
3 1782 1792 1793
3 1782 1793 1783
3 1783 1793 1794
3 1783 1794 1784
3 1784 1794 1795
3 1784 1795 1785
3 1785 1795 1796
3 1785 1796 1786
3 1786 1796 1797
3 1786 1797 1787
3 1787 1797 1798
3 1787 1798 1788
3 1788 1798 1799
3 1788 1799 1789
3 1789 1799 1790
3 1789 1790 1780
3 1790 1800 1801
3 1790 1801 1791
3 1791 1801 1802
3 1791 1802 1792
3 1792 1802 1803
3 1792 1803 1793
3 1793 1803 1804
3 1793 1804 1794
3 1794 1804 1805
3 1794 1805 1795
3 1795 1805 1806
3 1795 1806 1796
3 1796 1806 1807
3 1796 1807 1797
3 1797 1807 1808
3 1797 1808 1798
3 1798 1808 1809
3 1798 1809 1799
3 1799 1809 1800
3 1799 1800 1790
3 1800 1810 1811
3 1800 1811 1801
3 1801 1811 1812
3 1801 1812 1802
3 1802 1812 1813
3 1802 1813 1803
3 1803 1813 1814
3 1803 1814 1804
3 1804 1814 1815
3 1804 1815 1805
3 1805 1815 1816
3 1805 1816 1806
3 1806 1816 1817
3 1806 1817 1807
3 1807 1817 1818
3 1807 1818 1808
3 1808 1818 1819
3 1808 1819 1809
3 1809 1819 1810
3 1809 1810 1800
3 1810 1820 1821
3 1810 1821 1811
3 1811 1821 1822
3 1811 1822 1812
3 1812 1822 1823
3 1812 1823 1813
3 1813 1823 1824
3 1813 1824 1814
3 1814 1824 1825
3 1814 1825 1815
3 1815 1825 1826
3 1815 1826 1816
3 1816 1826 1827
3 1816 1827 1817
3 1817 1827 1828
3 1817 1828 1818
3 1818 1828 1829
3 1818 1829 1819
3 1819 1829 1820
3 1819 1820 1810
3 1820 1830 1831
3 1820 1831 1821
3 1821 1831 1832
3 1821 1832 1822
3 1822 1832 1833
3 1822 1833 1823
3 1823 1833 1834
3 1823 1834 1824
3 1824 1834 1835
3 1824 1835 1825
3 1825 1835 1836
3 1825 1836 1826
3 1826 1836 1837
3 1826 1837 1827
3 1827 1837 1838
3 1827 1838 1828
3 1828 1838 1839
3 1828 1839 1829
3 1829 1839 1830
3 1829 1830 1820
3 1830 1840 1841
3 1830 1841 1831
3 1831 1841 1842
3 1831 1842 1832
3 1832 1842 1843
3 1832 1843 1833
3 1833 1843 1844
3 1833 1844 1834
3 1834 1844 1845
3 1834 1845 1835
3 1835 1845 1846
3 1835 1846 1836
3 1836 1846 1847
3 1836 1847 1837
3 1837 1847 1848
3 1837 1848 1838
3 1838 1848 1849
3 1838 1849 1839
3 1839 1849 1840
3 1839 1840 1830
3 1840 1850 1851
3 1840 1851 1841
3 1841 1851 1852
3 1841 1852 1842
3 1842 1852 1853
3 1842 1853 1843
3 1843 1853 1854
3 1843 1854 1844
3 1844 1854 1855
3 1844 1855 1845
3 1845 1855 1856
3 1845 1856 1846
3 1846 1856 1857
3 1846 1857 1847
3 1847 1857 1858
3 1847 1858 1848
3 1848 1858 1859
3 1848 1859 1849
3 1849 1859 1850
3 1849 1850 1840
3 1850 1860 1861
3 1850 1861 1851
3 1851 1861 1862
3 1851 1862 1852
3 1852 1862 1863
3 1852 1863 1853
3 1853 1863 1864
3 1853 1864 1854
3 1854 1864 1865
3 1854 1865 1855
3 1855 1865 1866
3 1855 1866 1856
3 1856 1866 1867
3 1856 1867 1857
3 1857 1867 1868
3 1857 1868 1858
3 1858 1868 1869
3 1858 1869 1859
3 1859 1869 1860
3 1859 1860 1850
3 1860 1870 1871
3 1860 1871 1861
3 1861 1871 1872
3 1861 1872 1862
3 1862 1872 1873
3 1862 1873 1863
3 1863 1873 1874
3 1863 1874 1864
3 1864 1874 1875
3 1864 1875 1865
3 1865 1875 1876
3 1865 1876 1866
3 1866 1876 1877
3 1866 1877 1867
3 1867 1877 1878
3 1867 1878 1868
3 1868 1878 1879
3 1868 1879 1869
3 1869 1879 1870
3 1869 1870 1860
3 1870 1880 1881
3 1870 1881 1871
3 1871 1881 1882
3 1871 1882 1872
3 1872 1882 1883
3 1872 1883 1873
3 1873 1883 1884
3 1873 1884 1874
3 1874 1884 1885
3 1874 1885 1875
3 1875 1885 1886
3 1875 1886 1876
3 1876 1886 1887
3 1876 1887 1877
3 1877 1887 1888
3 1877 1888 1878
3 1878 1888 1889
3 1878 1889 1879
3 1879 1889 1880
3 1879 1880 1870
3 1880 1890 1891
3 1880 1891 1881
3 1881 1891 1892
3 1881 1892 1882
3 1882 1892 1893
3 1882 1893 1883
3 1883 1893 1894
3 1883 1894 1884
3 1884 1894 1895
3 1884 1895 1885
3 1885 1895 1896
3 1885 1896 1886
3 1886 1896 1897
3 1886 1897 1887
3 1887 1897 1898
3 1887 1898 1888
3 1888 1898 1899
3 1888 1899 1889
3 1889 1899 1890
3 1889 1890 1880
3 1890 1900 1901
3 1890 1901 1891
3 1891 1901 1902
3 1891 1902 1892
3 1892 1902 1903
3 1892 1903 1893
3 1893 1903 1904
3 1893 1904 1894
3 1894 1904 1905
3 1894 1905 1895
3 1895 1905 1906
3 1895 1906 1896
3 1896 1906 1907
3 1896 1907 1897
3 1897 1907 1908
3 1897 1908 1898
3 1898 1908 1909
3 1898 1909 1899
3 1899 1909 1900
3 1899 1900 1890
3 1900 1910 1911
3 1900 1911 1901
3 1901 1911 1912
3 1901 1912 1902
3 1902 1912 1913
3 1902 1913 1903
3 1903 1913 1914
3 1903 1914 1904
3 1904 1914 1915
3 1904 1915 1905
3 1905 1915 1916
3 1905 1916 1906
3 1906 1916 1917
3 1906 1917 1907
3 1907 1917 1918
3 1907 1918 1908
3 1908 1918 1919
3 1908 1919 1909
3 1909 1919 1910
3 1909 1910 1900
3 1910 1920 1921
3 1910 1921 1911
3 1911 1921 1922
3 1911 1922 1912
3 1912 1922 1923
3 1912 1923 1913
3 1913 1923 1924
3 1913 1924 1914
3 1914 1924 1925
3 1914 1925 1915
3 1915 1925 1926
3 1915 1926 1916
3 1916 1926 1927
3 1916 1927 1917
3 1917 1927 1928
3 1917 1928 1918
3 1918 1928 1929
3 1918 1929 1919
3 1919 1929 1920
3 1919 1920 1910
3 1920 1930 1931
3 1920 1931 1921
3 1921 1931 1932
3 1921 1932 1922
3 1922 1932 1933
3 1922 1933 1923
3 1923 1933 1934
3 1923 1934 1924
3 1924 1934 1935
3 1924 1935 1925
3 1925 1935 1936
3 1925 1936 1926
3 1926 1936 1937
3 1926 1937 1927
3 1927 1937 1938
3 1927 1938 1928
3 1928 1938 1939
3 1928 1939 1929
3 1929 1939 1930
3 1929 1930 1920
3 1930 1940 1941
3 1930 1941 1931
3 1931 1941 1942
3 1931 1942 1932
3 1932 1942 1943
3 1932 1943 1933
3 1933 1943 1944
3 1933 1944 1934
3 1934 1944 1945
3 1934 1945 1935
3 1935 1945 1946
3 1935 1946 1936
3 1936 1946 1947
3 1936 1947 1937
3 1937 1947 1948
3 1937 1948 1938
3 1938 1948 1949
3 1938 1949 1939
3 1939 1949 1940
3 1939 1940 1930
3 1940 1950 1951
3 1940 1951 1941
3 1941 1951 1952
3 1941 1952 1942
3 1942 1952 1953
3 1942 1953 1943
3 1943 1953 1954
3 1943 1954 1944
3 1944 1954 1955
3 1944 1955 1945
3 1945 1955 1956
3 1945 1956 1946
3 1946 1956 1957
3 1946 1957 1947
3 1947 1957 1958
3 1947 1958 1948
3 1948 1958 1959
3 1948 1959 1949
3 1949 1959 1950
3 1949 1950 1940
3 1950 1960 1961
3 1950 1961 1951
3 1951 1961 1962
3 1951 1962 1952
3 1952 1962 1963
3 1952 1963 1953
3 1953 1963 1964
3 1953 1964 1954
3 1954 1964 1965
3 1954 1965 1955
3 1955 1965 1966
3 1955 1966 1956
3 1956 1966 1967
3 1956 1967 1957
3 1957 1967 1968
3 1957 1968 1958
3 1958 1968 1969
3 1958 1969 1959
3 1959 1969 1960
3 1959 1960 1950
3 1960 1970 1971
3 1960 1971 1961
3 1961 1971 1972
3 1961 1972 1962
3 1962 1972 1973
3 1962 1973 1963
3 1963 1973 1974
3 1963 1974 1964
3 1964 1974 1975
3 1964 1975 1965
3 1965 1975 1976
3 1965 1976 1966
3 1966 1976 1977
3 1966 1977 1967
3 1967 1977 1978
3 1967 1978 1968
3 1968 1978 1979
3 1968 1979 1969
3 1969 1979 1970
3 1969 1970 1960
3 1970 1980 1981
3 1970 1981 1971
3 1971 1981 1982
3 1971 1982 1972
3 1972 1982 1983
3 1972 1983 1973
3 1973 1983 1984
3 1973 1984 1974
3 1974 1984 1985
3 1974 1985 1975
3 1975 1985 1986
3 1975 1986 1976
3 1976 1986 1987
3 1976 1987 1977
3 1977 1987 1988
3 1977 1988 1978
3 1978 1988 1989
3 1978 1989 1979
3 1979 1989 1980
3 1979 1980 1970
3 1980 1990 1991
3 1980 1991 1981
3 1981 1991 1992
3 1981 1992 1982
3 1982 1992 1993
3 1982 1993 1983
3 1983 1993 1994
3 1983 1994 1984
3 1984 1994 1995
3 1984 1995 1985
3 1985 1995 1996
3 1985 1996 1986
3 1986 1996 1997
3 1986 1997 1987
3 1987 1997 1998
3 1987 1998 1988
3 1988 1998 1999
3 1988 1999 1989
3 1989 1999 1990
3 1989 1990 1980
3 1990 2000 2001
3 1990 2001 1991
3 1991 2001 2002
3 1991 2002 1992
3 1992 2002 2003
3 1992 2003 1993
3 1993 2003 2004
3 1993 2004 1994
3 1994 2004 2005
3 1994 2005 1995
3 1995 2005 2006
3 1995 2006 1996
3 1996 2006 2007
3 1996 2007 1997
3 1997 2007 2008
3 1997 2008 1998
3 1998 2008 2009
3 1998 2009 1999
3 1999 2009 2000
3 1999 2000 1990
3 2000 2010 2011
3 2000 2011 2001
3 2001 2011 2012
3 2001 2012 2002
3 2002 2012 2013
3 2002 2013 2003
3 2003 2013 2014
3 2003 2014 2004
3 2004 2014 2015
3 2004 2015 2005
3 2005 2015 2016
3 2005 2016 2006
3 2006 2016 2017
3 2006 2017 2007
3 2007 2017 2018
3 2007 2018 2008
3 2008 2018 2019
3 2008 2019 2009
3 2009 2019 2010
3 2009 2010 2000
3 2010 2020 2021
3 2010 2021 2011
3 2011 2021 2022
3 2011 2022 2012
3 2012 2022 2023
3 2012 2023 2013
3 2013 2023 2024
3 2013 2024 2014
3 2014 2024 2025
3 2014 2025 2015
3 2015 2025 2026
3 2015 2026 2016
3 2016 2026 2027
3 2016 2027 2017
3 2017 2027 2028
3 2017 2028 2018
3 2018 2028 2029
3 2018 2029 2019
3 2019 2029 2020
3 2019 2020 2010
3 2020 2030 2031
3 2020 2031 2021
3 2021 2031 2032
3 2021 2032 2022
3 2022 2032 2033
3 2022 2033 2023
3 2023 2033 2034
3 2023 2034 2024
3 2024 2034 2035
3 2024 2035 2025
3 2025 2035 2036
3 2025 2036 2026
3 2026 2036 2037
3 2026 2037 2027
3 2027 2037 2038
3 2027 2038 2028
3 2028 2038 2039
3 2028 2039 2029
3 2029 2039 2030
3 2029 2030 2020
3 2030 2040 2041
3 2030 2041 2031
3 2031 2041 2042
3 2031 2042 2032
3 2032 2042 2043
3 2032 2043 2033
3 2033 2043 2044
3 2033 2044 2034
3 2034 2044 2045
3 2034 2045 2035
3 2035 2045 2046
3 2035 2046 2036
3 2036 2046 2047
3 2036 2047 2037
3 2037 2047 2048
3 2037 2048 2038
3 2038 2048 2049
3 2038 2049 2039
3 2039 2049 2040
3 2039 2040 2030
3 2040 2050 2051
3 2040 2051 2041
3 2041 2051 2052
3 2041 2052 2042
3 2042 2052 2053
3 2042 2053 2043
3 2043 2053 2054
3 2043 2054 2044
3 2044 2054 2055
3 2044 2055 2045
3 2045 2055 2056
3 2045 2056 2046
3 2046 2056 2057
3 2046 2057 2047
3 2047 2057 2058
3 2047 2058 2048
3 2048 2058 2059
3 2048 2059 2049
3 2049 2059 2050
3 2049 2050 2040
3 2050 2060 2061
3 2050 2061 2051
3 2051 2061 2062
3 2051 2062 2052
3 2052 2062 2063
3 2052 2063 2053
3 2053 2063 2064
3 2053 2064 2054
3 2054 2064 2065
3 2054 2065 2055
3 2055 2065 2066
3 2055 2066 2056
3 2056 2066 2067
3 2056 2067 2057
3 2057 2067 2068
3 2057 2068 2058
3 2058 2068 2069
3 2058 2069 2059
3 2059 2069 2060
3 2059 2060 2050
3 2060 2070 2071
3 2060 2071 2061
3 2061 2071 2072
3 2061 2072 2062
3 2062 2072 2073
3 2062 2073 2063
3 2063 2073 2074
3 2063 2074 2064
3 2064 2074 2075
3 2064 2075 2065
3 2065 2075 2076
3 2065 2076 2066
3 2066 2076 2077
3 2066 2077 2067
3 2067 2077 2078
3 2067 2078 2068
3 2068 2078 2079
3 2068 2079 2069
3 2069 2079 2070
3 2069 2070 2060
3 2070 2080 2081
3 2070 2081 2071
3 2071 2081 2082
3 2071 2082 2072
3 2072 2082 2083
3 2072 2083 2073
3 2073 2083 2084
3 2073 2084 2074
3 2074 2084 2085
3 2074 2085 2075
3 2075 2085 2086
3 2075 2086 2076
3 2076 2086 2087
3 2076 2087 2077
3 2077 2087 2088
3 2077 2088 2078
3 2078 2088 2089
3 2078 2089 2079
3 2079 2089 2080
3 2079 2080 2070
3 2080 2090 2091
3 2080 2091 2081
3 2081 2091 2092
3 2081 2092 2082
3 2082 2092 2093
3 2082 2093 2083
3 2083 2093 2094
3 2083 2094 2084
3 2084 2094 2095
3 2084 2095 2085
3 2085 2095 2096
3 2085 2096 2086
3 2086 2096 2097
3 2086 2097 2087
3 2087 2097 2098
3 2087 2098 2088
3 2088 2098 2099
3 2088 2099 2089
3 2089 2099 2090
3 2089 2090 2080
3 2090 2100 2101
3 2090 2101 2091
3 2091 2101 2102
3 2091 2102 2092
3 2092 2102 2103
3 2092 2103 2093
3 2093 2103 2104
3 2093 2104 2094
3 2094 2104 2105
3 2094 2105 2095
3 2095 2105 2106
3 2095 2106 2096
3 2096 2106 2107
3 2096 2107 2097
3 2097 2107 2108
3 2097 2108 2098
3 2098 2108 2109
3 2098 2109 2099
3 2099 2109 2100
3 2099 2100 2090
3 2100 2110 2111
3 2100 2111 2101
3 2101 2111 2112
3 2101 2112 2102
3 2102 2112 2113
3 2102 2113 2103
3 2103 2113 2114
3 2103 2114 2104
3 2104 2114 2115
3 2104 2115 2105
3 2105 2115 2116
3 2105 2116 2106
3 2106 2116 2117
3 2106 2117 2107
3 2107 2117 2118
3 2107 2118 2108
3 2108 2118 2119
3 2108 2119 2109
3 2109 2119 2110
3 2109 2110 2100
3 2110 2120 2121
3 2110 2121 2111
3 2111 2121 2122
3 2111 2122 2112
3 2112 2122 2123
3 2112 2123 2113
3 2113 2123 2124
3 2113 2124 2114
3 2114 2124 2125
3 2114 2125 2115
3 2115 2125 2126
3 2115 2126 2116
3 2116 2126 2127
3 2116 2127 2117
3 2117 2127 2128
3 2117 2128 2118
3 2118 2128 2129
3 2118 2129 2119
3 2119 2129 2120
3 2119 2120 2110
3 2120 2130 2131
3 2120 2131 2121
3 2121 2131 2132
3 2121 2132 2122
3 2122 2132 2133
3 2122 2133 2123
3 2123 2133 2134
3 2123 2134 2124
3 2124 2134 2135
3 2124 2135 2125
3 2125 2135 2136
3 2125 2136 2126
3 2126 2136 2137
3 2126 2137 2127
3 2127 2137 2138
3 2127 2138 2128
3 2128 2138 2139
3 2128 2139 2129
3 2129 2139 2130
3 2129 2130 2120
3 2130 2140 2141
3 2130 2141 2131
3 2131 2141 2142
3 2131 2142 2132
3 2132 2142 2143
3 2132 2143 2133
3 2133 2143 2144
3 2133 2144 2134
3 2134 2144 2145
3 2134 2145 2135
3 2135 2145 2146
3 2135 2146 2136
3 2136 2146 2147
3 2136 2147 2137
3 2137 2147 2148
3 2137 2148 2138
3 2138 2148 2149
3 2138 2149 2139
3 2139 2149 2140
3 2139 2140 2130
3 2140 2150 2151
3 2140 2151 2141
3 2141 2151 2152
3 2141 2152 2142
3 2142 2152 2153
3 2142 2153 2143
3 2143 2153 2154
3 2143 2154 2144
3 2144 2154 2155
3 2144 2155 2145
3 2145 2155 2156
3 2145 2156 2146
3 2146 2156 2157
3 2146 2157 2147
3 2147 2157 2158
3 2147 2158 2148
3 2148 2158 2159
3 2148 2159 2149
3 2149 2159 2150
3 2149 2150 2140
3 2150 2160 2161
3 2150 2161 2151
3 2151 2161 2162
3 2151 2162 2152
3 2152 2162 2163
3 2152 2163 2153
3 2153 2163 2164
3 2153 2164 2154
3 2154 2164 2165
3 2154 2165 2155
3 2155 2165 2166
3 2155 2166 2156
3 2156 2166 2167
3 2156 2167 2157
3 2157 2167 2168
3 2157 2168 2158
3 2158 2168 2169
3 2158 2169 2159
3 2159 2169 2160
3 2159 2160 2150
3 2160 2170 2171
3 2160 2171 2161
3 2161 2171 2172
3 2161 2172 2162
3 2162 2172 2173
3 2162 2173 2163
3 2163 2173 2174
3 2163 2174 2164
3 2164 2174 2175
3 2164 2175 2165
3 2165 2175 2176
3 2165 2176 2166
3 2166 2176 2177
3 2166 2177 2167
3 2167 2177 2178
3 2167 2178 2168
3 2168 2178 2179
3 2168 2179 2169
3 2169 2179 2170
3 2169 2170 2160
3 2170 2180 2181
3 2170 2181 2171
3 2171 2181 2182
3 2171 2182 2172
3 2172 2182 2183
3 2172 2183 2173
3 2173 2183 2184
3 2173 2184 2174
3 2174 2184 2185
3 2174 2185 2175
3 2175 2185 2186
3 2175 2186 2176
3 2176 2186 2187
3 2176 2187 2177
3 2177 2187 2188
3 2177 2188 2178
3 2178 2188 2189
3 2178 2189 2179
3 2179 2189 2180
3 2179 2180 2170
3 2180 2190 2191
3 2180 2191 2181
3 2181 2191 2192
3 2181 2192 2182
3 2182 2192 2193
3 2182 2193 2183
3 2183 2193 2194
3 2183 2194 2184
3 2184 2194 2195
3 2184 2195 2185
3 2185 2195 2196
3 2185 2196 2186
3 2186 2196 2197
3 2186 2197 2187
3 2187 2197 2198
3 2187 2198 2188
3 2188 2198 2199
3 2188 2199 2189
3 2189 2199 2190
3 2189 2190 2180
3 2190 2200 2201
3 2190 2201 2191
3 2191 2201 2202
3 2191 2202 2192
3 2192 2202 2203
3 2192 2203 2193
3 2193 2203 2204
3 2193 2204 2194
3 2194 2204 2205
3 2194 2205 2195
3 2195 2205 2206
3 2195 2206 2196
3 2196 2206 2207
3 2196 2207 2197
3 2197 2207 2208
3 2197 2208 2198
3 2198 2208 2209
3 2198 2209 2199
3 2199 2209 2200
3 2199 2200 2190
3 2200 2210 2211
3 2200 2211 2201
3 2201 2211 2212
3 2201 2212 2202
3 2202 2212 2213
3 2202 2213 2203
3 2203 2213 2214
3 2203 2214 2204
3 2204 2214 2215
3 2204 2215 2205
3 2205 2215 2216
3 2205 2216 2206
3 2206 2216 2217
3 2206 2217 2207
3 2207 2217 2218
3 2207 2218 2208
3 2208 2218 2219
3 2208 2219 2209
3 2209 2219 2210
3 2209 2210 2200
3 2210 2220 2221
3 2210 2221 2211
3 2211 2221 2222
3 2211 2222 2212
3 2212 2222 2223
3 2212 2223 2213
3 2213 2223 2224
3 2213 2224 2214
3 2214 2224 2225
3 2214 2225 2215
3 2215 2225 2226
3 2215 2226 2216
3 2216 2226 2227
3 2216 2227 2217
3 2217 2227 2228
3 2217 2228 2218
3 2218 2228 2229
3 2218 2229 2219
3 2219 2229 2220
3 2219 2220 2210
3 2220 2230 2231
3 2220 2231 2221
3 2221 2231 2232
3 2221 2232 2222
3 2222 2232 2233
3 2222 2233 2223
3 2223 2233 2234
3 2223 2234 2224
3 2224 2234 2235
3 2224 2235 2225
3 2225 2235 2236
3 2225 2236 2226
3 2226 2236 2237
3 2226 2237 2227
3 2227 2237 2238
3 2227 2238 2228
3 2228 2238 2239
3 2228 2239 2229
3 2229 2239 2230
3 2229 2230 2220
3 2230 2240 2241
3 2230 2241 2231
3 2231 2241 2242
3 2231 2242 2232
3 2232 2242 2243
3 2232 2243 2233
3 2233 2243 2244
3 2233 2244 2234
3 2234 2244 2245
3 2234 2245 2235
3 2235 2245 2246
3 2235 2246 2236
3 2236 2246 2247
3 2236 2247 2237
3 2237 2247 2248
3 2237 2248 2238
3 2238 2248 2249
3 2238 2249 2239
3 2239 2249 2240
3 2239 2240 2230
3 2240 2250 2251
3 2240 2251 2241
3 2241 2251 2252
3 2241 2252 2242
3 2242 2252 2253
3 2242 2253 2243
3 2243 2253 2254
3 2243 2254 2244
3 2244 2254 2255
3 2244 2255 2245
3 2245 2255 2256
3 2245 2256 2246
3 2246 2256 2257
3 2246 2257 2247
3 2247 2257 2258
3 2247 2258 2248
3 2248 2258 2259
3 2248 2259 2249
3 2249 2259 2250
3 2249 2250 2240
3 2250 2260 2261
3 2250 2261 2251
3 2251 2261 2262
3 2251 2262 2252
3 2252 2262 2263
3 2252 2263 2253
3 2253 2263 2264
3 2253 2264 2254
3 2254 2264 2265
3 2254 2265 2255
3 2255 2265 2266
3 2255 2266 2256
3 2256 2266 2267
3 2256 2267 2257
3 2257 2267 2268
3 2257 2268 2258
3 2258 2268 2269
3 2258 2269 2259
3 2259 2269 2260
3 2259 2260 2250
3 2260 2270 2271
3 2260 2271 2261
3 2261 2271 2272
3 2261 2272 2262
3 2262 2272 2273
3 2262 2273 2263
3 2263 2273 2274
3 2263 2274 2264
3 2264 2274 2275
3 2264 2275 2265
3 2265 2275 2276
3 2265 2276 2266
3 2266 2276 2277
3 2266 2277 2267
3 2267 2277 2278
3 2267 2278 2268
3 2268 2278 2279
3 2268 2279 2269
3 2269 2279 2270
3 2269 2270 2260
3 2270 2280 2281
3 2270 2281 2271
3 2271 2281 2282
3 2271 2282 2272
3 2272 2282 2283
3 2272 2283 2273
3 2273 2283 2284
3 2273 2284 2274
3 2274 2284 2285
3 2274 2285 2275
3 2275 2285 2286
3 2275 2286 2276
3 2276 2286 2287
3 2276 2287 2277
3 2277 2287 2288
3 2277 2288 2278
3 2278 2288 2289
3 2278 2289 2279
3 2279 2289 2280
3 2279 2280 2270
3 2280 2290 2291
3 2280 2291 2281
3 2281 2291 2292
3 2281 2292 2282
3 2282 2292 2293
3 2282 2293 2283
3 2283 2293 2294
3 2283 2294 2284
3 2284 2294 2295
3 2284 2295 2285
3 2285 2295 2296
3 2285 2296 2286
3 2286 2296 2297
3 2286 2297 2287
3 2287 2297 2298
3 2287 2298 2288
3 2288 2298 2299
3 2288 2299 2289
3 2289 2299 2290
3 2289 2290 2280
3 2290 2300 2301
3 2290 2301 2291
3 2291 2301 2302
3 2291 2302 2292
3 2292 2302 2303
3 2292 2303 2293
3 2293 2303 2304
3 2293 2304 2294
3 2294 2304 2305
3 2294 2305 2295
3 2295 2305 2306
3 2295 2306 2296
3 2296 2306 2307
3 2296 2307 2297
3 2297 2307 2308
3 2297 2308 2298
3 2298 2308 2309
3 2298 2309 2299
3 2299 2309 2300
3 2299 2300 2290
3 2300 2310 2311
3 2300 2311 2301
3 2301 2311 2312
3 2301 2312 2302
3 2302 2312 2313
3 2302 2313 2303
3 2303 2313 2314
3 2303 2314 2304
3 2304 2314 2315
3 2304 2315 2305
3 2305 2315 2316
3 2305 2316 2306
3 2306 2316 2317
3 2306 2317 2307
3 2307 2317 2318
3 2307 2318 2308
3 2308 2318 2319
3 2308 2319 2309
3 2309 2319 2310
3 2309 2310 2300
3 2310 2320 2321
3 2310 2321 2311
3 2311 2321 2322
3 2311 2322 2312
3 2312 2322 2323
3 2312 2323 2313
3 2313 2323 2324
3 2313 2324 2314
3 2314 2324 2325
3 2314 2325 2315
3 2315 2325 2326
3 2315 2326 2316
3 2316 2326 2327
3 2316 2327 2317
3 2317 2327 2328
3 2317 2328 2318
3 2318 2328 2329
3 2318 2329 2319
3 2319 2329 2320
3 2319 2320 2310
3 2320 2330 2331
3 2320 2331 2321
3 2321 2331 2332
3 2321 2332 2322
3 2322 2332 2333
3 2322 2333 2323
3 2323 2333 2334
3 2323 2334 2324
3 2324 2334 2335
3 2324 2335 2325
3 2325 2335 2336
3 2325 2336 2326
3 2326 2336 2337
3 2326 2337 2327
3 2327 2337 2338
3 2327 2338 2328
3 2328 2338 2339
3 2328 2339 2329
3 2329 2339 2330
3 2329 2330 2320
3 2330 2340 2341
3 2330 2341 2331
3 2331 2341 2342
3 2331 2342 2332
3 2332 2342 2343
3 2332 2343 2333
3 2333 2343 2344
3 2333 2344 2334
3 2334 2344 2345
3 2334 2345 2335
3 2335 2345 2346
3 2335 2346 2336
3 2336 2346 2347
3 2336 2347 2337
3 2337 2347 2348
3 2337 2348 2338
3 2338 2348 2349
3 2338 2349 2339
3 2339 2349 2340
3 2339 2340 2330
3 2340 2350 2351
3 2340 2351 2341
3 2341 2351 2352
3 2341 2352 2342
3 2342 2352 2353
3 2342 2353 2343
3 2343 2353 2354
3 2343 2354 2344
3 2344 2354 2355
3 2344 2355 2345
3 2345 2355 2356
3 2345 2356 2346
3 2346 2356 2357
3 2346 2357 2347
3 2347 2357 2358
3 2347 2358 2348
3 2348 2358 2359
3 2348 2359 2349
3 2349 2359 2350
3 2349 2350 2340
3 2350 2360 2361
3 2350 2361 2351
3 2351 2361 2362
3 2351 2362 2352
3 2352 2362 2363
3 2352 2363 2353
3 2353 2363 2364
3 2353 2364 2354
3 2354 2364 2365
3 2354 2365 2355
3 2355 2365 2366
3 2355 2366 2356
3 2356 2366 2367
3 2356 2367 2357
3 2357 2367 2368
3 2357 2368 2358
3 2358 2368 2369
3 2358 2369 2359
3 2359 2369 2360
3 2359 2360 2350
3 2360 2370 2371
3 2360 2371 2361
3 2361 2371 2372
3 2361 2372 2362
3 2362 2372 2373
3 2362 2373 2363
3 2363 2373 2374
3 2363 2374 2364
3 2364 2374 2375
3 2364 2375 2365
3 2365 2375 2376
3 2365 2376 2366
3 2366 2376 2377
3 2366 2377 2367
3 2367 2377 2378
3 2367 2378 2368
3 2368 2378 2379
3 2368 2379 2369
3 2369 2379 2370
3 2369 2370 2360
3 2370 2380 2381
3 2370 2381 2371
3 2371 2381 2382
3 2371 2382 2372
3 2372 2382 2383
3 2372 2383 2373
3 2373 2383 2384
3 2373 2384 2374
3 2374 2384 2385
3 2374 2385 2375
3 2375 2385 2386
3 2375 2386 2376
3 2376 2386 2387
3 2376 2387 2377
3 2377 2387 2388
3 2377 2388 2378
3 2378 2388 2389
3 2378 2389 2379
3 2379 2389 2380
3 2379 2380 2370
3 2380 2390 2391
3 2380 2391 2381
3 2381 2391 2392
3 2381 2392 2382
3 2382 2392 2393
3 2382 2393 2383
3 2383 2393 2394
3 2383 2394 2384
3 2384 2394 2395
3 2384 2395 2385
3 2385 2395 2396
3 2385 2396 2386
3 2386 2396 2397
3 2386 2397 2387
3 2387 2397 2398
3 2387 2398 2388
3 2388 2398 2399
3 2388 2399 2389
3 2389 2399 2390
3 2389 2390 2380
3 2390 1200 1201
3 2390 1201 2391
3 2391 1201 1202
3 2391 1202 2392
3 2392 1202 1203
3 2392 1203 2393
3 2393 1203 1204
3 2393 1204 2394
3 2394 1204 1205
3 2394 1205 2395
3 2395 1205 1206
3 2395 1206 2396
3 2396 1206 1207
3 2396 1207 2397
3 2397 1207 1208
3 2397 1208 2398
3 2398 1208 1209
3 2398 1209 2399
3 2399 1209 1200
3 2399 1200 2390
