ply
format ascii 1.0
element vertex 2400
property float x
property float y
property float z
element face 4640
property list uchar int vertex_indices
end_header
2.63354 -2.00000 0.00000
2.30734 -1.86207 0.00000
2.02510 -1.72414 0.00000
1.78146 -1.58621 0.00000
1.57176 -1.44828 0.00000
1.39201 -1.31034 0.00000
1.23879 -1.17241 0.00000
1.10917 -1.03448 0.00000
1.00069 -0.89655 0.00000
0.91127 -0.75862 0.00000
0.83922 -0.62069 0.00000
0.78317 -0.48276 0.00000
0.74203 -0.34483 0.00000
0.71504 -0.20690 0.00000
0.70167 -0.06897 0.00000
0.70167 0.06897 0.00000
0.71504 0.20690 0.00000
0.74203 0.34483 0.00000
0.78317 0.48276 0.00000
0.83922 0.62069 0.00000
0.91127 0.75862 0.00000
1.00069 0.89655 0.00000
1.10917 1.03448 0.00000
1.23879 1.17241 0.00000
1.39201 1.31034 0.00000
1.57176 1.44828 0.00000
1.78146 1.58621 0.00000
2.02510 1.72414 0.00000
2.30734 1.86207 0.00000
2.63354 2.00000 0.00000
2.62542 -2.00000 0.20662
2.30022 -1.86207 0.18103
2.01886 -1.72414 0.15889
1.77597 -1.58621 0.13977
1.56692 -1.44828 0.12332
1.38772 -1.31034 0.10922
1.23497 -1.17241 0.09719
1.10575 -1.03448 0.08702
0.99760 -0.89655 0.07851
0.90847 -0.75862 0.07150
0.83664 -0.62069 0.06584
0.78075 -0.48276 0.06145
0.73974 -0.34483 0.05822
0.71283 -0.20690 0.05610
0.69950 -0.06897 0.05505
0.69950 0.06897 0.05505
0.71283 0.20690 0.05610
0.73974 0.34483 0.05822
0.78075 0.48276 0.06145
0.83664 0.62069 0.06584
0.90847 0.75862 0.07150
0.99760 0.89655 0.07851
1.10575 1.03448 0.08702
1.23497 1.17241 0.09719
1.38772 1.31034 0.10922
1.56692 1.44828 0.12332
1.77597 1.58621 0.13977
2.01886 1.72414 0.15889
2.30022 1.86207 0.18103
2.62542 2.00000 0.20662
2.60111 -2.00000 0.41198
2.27893 -1.86207 0.36095
2.00017 -1.72414 0.31680
1.75953 -1.58621 0.27868
1.55241 -1.44828 0.24588
1.37487 -1.31034 0.21776
1.22354 -1.17241 0.19379
1.09552 -1.03448 0.17351
0.98837 -0.89655 0.15654
0.90005 -0.75862 0.14255
0.82889 -0.62069 0.13128
0.77352 -0.48276 0.12251
0.73290 -0.34483 0.11608
0.70623 -0.20690 0.11186
0.69303 -0.06897 0.10976
0.69303 0.06897 0.10976
0.70623 0.20690 0.11186
0.73290 0.34483 0.11608
0.77352 0.48276 0.12251
0.82889 0.62069 0.13128
0.90005 0.75862 0.14255
0.98837 0.89655 0.15654
1.09552 1.03448 0.17351
1.22354 1.17241 0.19379
1.37487 1.31034 0.21776
1.55241 1.44828 0.24588
1.75953 1.58621 0.27868
2.00017 1.72414 0.31680
2.27893 1.86207 0.36095
2.60111 2.00000 0.41198
2.56077 -2.00000 0.61479
2.24359 -1.86207 0.53864
1.96915 -1.72414 0.47275
1.73224 -1.58621 0.41587
1.52833 -1.44828 0.36692
1.35355 -1.31034 0.32496
1.20456 -1.17241 0.28919
1.07852 -1.03448 0.25893
0.97304 -0.89655 0.23361
0.88610 -0.75862 0.21273
0.81604 -0.62069 0.19591
0.76153 -0.48276 0.18283
0.72153 -0.34483 0.17322
0.69528 -0.20690 0.16692
0.68228 -0.06897 0.16380
0.68228 0.06897 0.16380
0.69528 0.20690 0.16692
0.72153 0.34483 0.17322
0.76153 0.48276 0.18283
0.81604 0.62069 0.19591
0.88610 0.75862 0.21273
0.97304 0.89655 0.23361
1.07852 1.03448 0.25893
1.20456 1.17241 0.28919
1.35355 1.31034 0.32496
1.52833 1.44828 0.36692
1.73224 1.58621 0.41587
1.96915 1.72414 0.47275
2.24359 1.86207 0.53864
2.56077 2.00000 0.61479
2.50464 -2.00000 0.81381
2.19441 -1.86207 0.71301
1.92599 -1.72414 0.62579
1.69427 -1.58621 0.55050
1.49483 -1.44828 0.48570
1.32388 -1.31034 0.43016
1.17816 -1.17241 0.38281
1.05488 -1.03448 0.34275
0.95171 -0.89655 0.30923
0.86667 -0.75862 0.28160
0.79815 -0.62069 0.25933
0.74484 -0.48276 0.24201
0.70571 -0.34483 0.22930
0.68004 -0.20690 0.22096
0.66732 -0.06897 0.21683
0.66732 0.06897 0.21683
0.68004 0.20690 0.22096
0.70571 0.34483 0.22930
0.74484 0.48276 0.24201
0.79815 0.62069 0.25933
0.86667 0.75862 0.28160
0.95171 0.89655 0.30923
1.05488 1.03448 0.34275
1.17816 1.17241 0.38281
1.32388 1.31034 0.43016
1.49483 1.44828 0.48570
1.69427 1.58621 0.55050
1.92599 1.72414 0.62579
2.19441 1.86207 0.71301
2.50464 2.00000 0.81381
2.43307 -2.00000 1.00781
2.13170 -1.86207 0.88298
1.87095 -1.72414 0.77497
1.64585 -1.58621 0.68174
1.45212 -1.44828 0.60149
1.28605 -1.31034 0.53270
1.14449 -1.17241 0.47406
1.02474 -1.03448 0.42446
0.92452 -0.89655 0.38295
0.84191 -0.75862 0.34873
0.77534 -0.62069 0.32116
0.72355 -0.48276 0.29970
0.68555 -0.34483 0.28396
0.66061 -0.20690 0.27363
0.64825 -0.06897 0.26852
0.64825 0.06897 0.26852
0.66061 0.20690 0.27363
0.68555 0.34483 0.28396
0.72355 0.48276 0.29970
0.77534 0.62069 0.32116
0.84191 0.75862 0.34873
0.92452 0.89655 0.38295
1.02474 1.03448 0.42446
1.14449 1.17241 0.47406
1.28605 1.31034 0.53270
1.45212 1.44828 0.60149
1.64585 1.58621 0.68174
1.87095 1.72414 0.77497
2.13170 1.86207 0.88298
2.43307 2.00000 1.00781
2.34650 -2.00000 1.19560
2.05585 -1.86207 1.04751
1.80438 -1.72414 0.91938
1.58729 -1.58621 0.80877
1.40045 -1.44828 0.71356
1.24029 -1.31034 0.63196
1.10377 -1.17241 0.56240
0.98828 -1.03448 0.50355
0.89162 -0.89655 0.45430
0.81195 -0.75862 0.41371
0.74775 -0.62069 0.38100
0.69781 -0.48276 0.35555
0.66115 -0.34483 0.33688
0.63710 -0.20690 0.32462
0.62519 -0.06897 0.31855
0.62519 0.06897 0.31855
0.63710 0.20690 0.32462
0.66115 0.34483 0.33688
0.69781 0.48276 0.35555
0.74775 0.62069 0.38100
0.81195 0.75862 0.41371
0.89162 0.89655 0.45430
0.98828 1.03448 0.50355
1.10377 1.17241 0.56240
1.24029 1.31034 0.63196
1.40045 1.44828 0.71356
1.58729 1.58621 0.80877
1.80438 1.72414 0.91938
2.05585 1.86207 1.04751
2.34650 2.00000 1.19560
2.24546 -2.00000 1.37602
1.96733 -1.86207 1.20558
1.72669 -1.72414 1.05811
1.51894 -1.58621 0.93081
1.34015 -1.44828 0.82124
1.18689 -1.31034 0.72732
1.05624 -1.17241 0.64727
0.94572 -1.03448 0.57954
0.85323 -0.89655 0.52286
0.77699 -0.75862 0.47614
0.71556 -0.62069 0.43849
0.66776 -0.48276 0.40920
0.63269 -0.34483 0.38771
0.60967 -0.20690 0.37361
0.59827 -0.06897 0.36662
0.59827 0.06897 0.36662
0.60967 0.20690 0.37361
0.63269 0.34483 0.38771
0.66776 0.48276 0.40920
0.71556 0.62069 0.43849
0.77699 0.75862 0.47614
0.85323 0.89655 0.52286
0.94572 1.03448 0.57954
1.05624 1.17241 0.64727
1.18689 1.31034 0.72732
1.34015 1.44828 0.82124
1.51894 1.58621 0.93081
1.72669 1.72414 1.05811
1.96733 1.86207 1.20558
2.24546 2.00000 1.37602
2.13058 -2.00000 1.54795
1.86667 -1.86207 1.35622
1.63834 -1.72414 1.19033
1.44123 -1.58621 1.04712
1.27158 -1.44828 0.92386
1.12616 -1.31034 0.81820
1.00220 -1.17241 0.72814
0.89734 -1.03448 0.65195
0.80957 -0.89655 0.58819
0.73724 -0.75862 0.53563
0.67895 -0.62069 0.49328
0.63359 -0.48276 0.46033
0.60032 -0.34483 0.43615
0.57848 -0.20690 0.42029
0.56766 -0.06897 0.41243
0.56766 0.06897 0.41243
0.57848 0.20690 0.42029
0.60032 0.34483 0.43615
0.63359 0.48276 0.46033
0.67895 0.62069 0.49328
0.73724 0.75862 0.53563
0.80957 0.89655 0.58819
0.89734 1.03448 0.65195
1.00220 1.17241 0.72814
1.12616 1.31034 0.81820
1.27158 1.44828 0.92386
1.44123 1.58621 1.04712
1.63834 1.72414 1.19033
1.86667 1.86207 1.35622
2.13058 2.00000 1.54795
2.00256 -2.00000 1.71035
1.75451 -1.86207 1.49850
1.53990 -1.72414 1.31520
1.35463 -1.58621 1.15697
1.19518 -1.44828 1.02078
1.05849 -1.31034 0.90404
0.94198 -1.17241 0.80453
0.84342 -1.03448 0.72035
0.76093 -0.89655 0.64990
0.69294 -0.75862 0.59183
0.63815 -0.62069 0.54503
0.59552 -0.48276 0.50863
0.56424 -0.34483 0.48191
0.54372 -0.20690 0.46438
0.53355 -0.06897 0.45570
0.53355 0.06897 0.45570
0.54372 0.20690 0.46438
0.56424 0.34483 0.48191
0.59552 0.48276 0.50863
0.63815 0.62069 0.54503
0.69294 0.75862 0.59183
0.76093 0.89655 0.64990
0.84342 1.03448 0.72035
0.94198 1.17241 0.80453
1.05849 1.31034 0.90404
1.19518 1.44828 1.02078
1.35463 1.58621 1.15697
1.53990 1.72414 1.31520
1.75451 1.86207 1.49850
2.00256 2.00000 1.71035
1.86219 -2.00000 1.86219
1.63153 -1.86207 1.63153
1.43196 -1.72414 1.43196
1.25968 -1.58621 1.25968
1.11140 -1.44828 1.11140
0.98430 -1.31034 0.98430
0.87596 -1.17241 0.87596
0.78430 -1.03448 0.78430
0.70759 -0.89655 0.70759
0.64437 -0.75862 0.64437
0.59342 -0.62069 0.59342
0.55378 -0.48276 0.55378
0.52470 -0.34483 0.52470
0.50561 -0.20690 0.50561
0.49615 -0.06897 0.49615
0.49615 0.06897 0.49615
0.50561 0.20690 0.50561
0.52470 0.34483 0.52470
0.55378 0.48276 0.55378
0.59342 0.62069 0.59342
0.64437 0.75862 0.64437
0.70759 0.89655 0.70759
0.78430 1.03448 0.78430
0.87596 1.17241 0.87596
0.98430 1.31034 0.98430
1.11140 1.44828 1.11140
1.25968 1.58621 1.25968
1.43196 1.72414 1.43196
1.63153 1.86207 1.63153
1.86219 2.00000 1.86219
1.71035 -2.00000 2.00256
1.49850 -1.86207 1.75451
1.31520 -1.72414 1.53990
1.15697 -1.58621 1.35463
1.02078 -1.44828 1.19518
0.90404 -1.31034 1.05849
0.80453 -1.17241 0.94198
0.72035 -1.03448 0.84342
0.64990 -0.89655 0.76093
0.59183 -0.75862 0.69294
0.54503 -0.62069 0.63815
0.50863 -0.48276 0.59552
0.48191 -0.34483 0.56424
0.46438 -0.20690 0.54372
0.45570 -0.06897 0.53355
0.45570 0.06897 0.53355
0.46438 0.20690 0.54372
0.48191 0.34483 0.56424
0.50863 0.48276 0.59552
0.54503 0.62069 0.63815
0.59183 0.75862 0.69294
0.64990 0.89655 0.76093
0.72035 1.03448 0.84342
0.80453 1.17241 0.94198
0.90404 1.31034 1.05849
1.02078 1.44828 1.19518
1.15697 1.58621 1.35463
1.31520 1.72414 1.53990
1.49850 1.86207 1.75451
1.71035 2.00000 2.00256
1.54795 -2.00000 2.13058
1.35622 -1.86207 1.86667
1.19033 -1.72414 1.63834
1.04712 -1.58621 1.44123
0.92386 -1.44828 1.27158
0.81820 -1.31034 1.12616
0.72814 -1.17241 1.00220
0.65195 -1.03448 0.89734
0.58819 -0.89655 0.80957
0.53563 -0.75862 0.73724
0.49328 -0.62069 0.67895
0.46033 -0.48276 0.63359
0.43615 -0.34483 0.60032
0.42029 -0.20690 0.57848
0.41243 -0.06897 0.56766
0.41243 0.06897 0.56766
0.42029 0.20690 0.57848
0.43615 0.34483 0.60032
0.46033 0.48276 0.63359
0.49328 0.62069 0.67895
0.53563 0.75862 0.73724
0.58819 0.89655 0.80957
0.65195 1.03448 0.89734
0.72814 1.17241 1.00220
0.81820 1.31034 1.12616
0.92386 1.44828 1.27158
1.04712 1.58621 1.44123
1.19033 1.72414 1.63834
1.35622 1.86207 1.86667
1.54795 2.00000 2.13058
1.37602 -2.00000 2.24546
1.20558 -1.86207 1.96733
1.05811 -1.72414 1.72669
0.93081 -1.58621 1.51894
0.82124 -1.44828 1.34015
0.72732 -1.31034 1.18689
0.64727 -1.17241 1.05624
0.57954 -1.03448 0.94572
0.52286 -0.89655 0.85323
0.47614 -0.75862 0.77699
0.43849 -0.62069 0.71556
0.40920 -0.48276 0.66776
0.38771 -0.34483 0.63269
0.37361 -0.20690 0.60967
0.36662 -0.06897 0.59827
0.36662 0.06897 0.59827
0.37361 0.20690 0.60967
0.38771 0.34483 0.63269
0.40920 0.48276 0.66776
0.43849 0.62069 0.71556
0.47614 0.75862 0.77699
0.52286 0.89655 0.85323
0.57954 1.03448 0.94572
0.64727 1.17241 1.05624
0.72732 1.31034 1.18689
0.82124 1.44828 1.34015
0.93081 1.58621 1.51894
1.05811 1.72414 1.72669
1.20558 1.86207 1.96733
1.37602 2.00000 2.24546
1.19560 -2.00000 2.34650
1.04751 -1.86207 2.05585
0.91938 -1.72414 1.80438
0.80877 -1.58621 1.58729
0.71356 -1.44828 1.40045
0.63196 -1.31034 1.24029
0.56240 -1.17241 1.10377
0.50355 -1.03448 0.98828
0.45430 -0.89655 0.89162
0.41371 -0.75862 0.81195
0.38100 -0.62069 0.74775
0.35555 -0.48276 0.69781
0.33688 -0.34483 0.66115
0.32462 -0.20690 0.63710
0.31855 -0.06897 0.62519
0.31855 0.06897 0.62519
0.32462 0.20690 0.63710
0.33688 0.34483 0.66115
0.35555 0.48276 0.69781
0.38100 0.62069 0.74775
0.41371 0.75862 0.81195
0.45430 0.89655 0.89162
0.50355 1.03448 0.98828
0.56240 1.17241 1.10377
0.63196 1.31034 1.24029
0.71356 1.44828 1.40045
0.80877 1.58621 1.58729
0.91938 1.72414 1.80438
1.04751 1.86207 2.05585
1.19560 2.00000 2.34650
1.00781 -2.00000 2.43307
0.88298 -1.86207 2.13170
0.77497 -1.72414 1.87095
0.68174 -1.58621 1.64585
0.60149 -1.44828 1.45212
0.53270 -1.31034 1.28605
0.47406 -1.17241 1.14449
0.42446 -1.03448 1.02474
0.38295 -0.89655 0.92452
0.34873 -0.75862 0.84191
0.32116 -0.62069 0.77534
0.29970 -0.48276 0.72355
0.28396 -0.34483 0.68555
0.27363 -0.20690 0.66061
0.26852 -0.06897 0.64825
0.26852 0.06897 0.64825
0.27363 0.20690 0.66061
0.28396 0.34483 0.68555
0.29970 0.48276 0.72355
0.32116 0.62069 0.77534
0.34873 0.75862 0.84191
0.38295 0.89655 0.92452
0.42446 1.03448 1.02474
0.47406 1.17241 1.14449
0.53270 1.31034 1.28605
0.60149 1.44828 1.45212
0.68174 1.58621 1.64585
0.77497 1.72414 1.87095
0.88298 1.86207 2.13170
1.00781 2.00000 2.43307
0.81381 -2.00000 2.50464
0.71301 -1.86207 2.19441
0.62579 -1.72414 1.92599
0.55050 -1.58621 1.69427
0.48570 -1.44828 1.49483
0.43016 -1.31034 1.32388
0.38281 -1.17241 1.17816
0.34275 -1.03448 1.05488
0.30923 -0.89655 0.95171
0.28160 -0.75862 0.86667
0.25933 -0.62069 0.79815
0.24201 -0.48276 0.74484
0.22930 -0.34483 0.70571
0.22096 -0.20690 0.68004
0.21683 -0.06897 0.66732
0.21683 0.06897 0.66732
0.22096 0.20690 0.68004
0.22930 0.34483 0.70571
0.24201 0.48276 0.74484
0.25933 0.62069 0.79815
0.28160 0.75862 0.86667
0.30923 0.89655 0.95171
0.34275 1.03448 1.05488
0.38281 1.17241 1.17816
0.43016 1.31034 1.32388
0.48570 1.44828 1.49483
0.55050 1.58621 1.69427
0.62579 1.72414 1.92599
0.71301 1.86207 2.19441
0.81381 2.00000 2.50464
0.61479 -2.00000 2.56077
0.53864 -1.86207 2.24359
0.47275 -1.72414 1.96915
0.41587 -1.58621 1.73224
0.36692 -1.44828 1.52833
0.32496 -1.31034 1.35355
0.28919 -1.17241 1.20456
0.25893 -1.03448 1.07852
0.23361 -0.89655 0.97304
0.21273 -0.75862 0.88610
0.19591 -0.62069 0.81604
0.18283 -0.48276 0.76153
0.17322 -0.34483 0.72153
0.16692 -0.20690 0.69528
0.16380 -0.06897 0.68228
0.16380 0.06897 0.68228
0.16692 0.20690 0.69528
0.17322 0.34483 0.72153
0.18283 0.48276 0.76153
0.19591 0.62069 0.81604
0.21273 0.75862 0.88610
0.23361 0.89655 0.97304
0.25893 1.03448 1.07852
0.28919 1.17241 1.20456
0.32496 1.31034 1.35355
0.36692 1.44828 1.52833
0.41587 1.58621 1.73224
0.47275 1.72414 1.96915
0.53864 1.86207 2.24359
0.61479 2.00000 2.56077
0.41198 -2.00000 2.60111
0.36095 -1.86207 2.27893
0.31680 -1.72414 2.00017
0.27868 -1.58621 1.75953
0.24588 -1.44828 1.55241
0.21776 -1.31034 1.37487
0.19379 -1.17241 1.22354
0.17351 -1.03448 1.09552
0.15654 -0.89655 0.98837
0.14255 -0.75862 0.90005
0.13128 -0.62069 0.82889
0.12251 -0.48276 0.77352
0.11608 -0.34483 0.73290
0.11186 -0.20690 0.70623
0.10976 -0.06897 0.69303
0.10976 0.06897 0.69303
0.11186 0.20690 0.70623
0.11608 0.34483 0.73290
0.12251 0.48276 0.77352
0.13128 0.62069 0.82889
0.14255 0.75862 0.90005
0.15654 0.89655 0.98837
0.17351 1.03448 1.09552
0.19379 1.17241 1.22354
0.21776 1.31034 1.37487
0.24588 1.44828 1.55241
0.27868 1.58621 1.75953
0.31680 1.72414 2.00017
0.36095 1.86207 2.27893
0.41198 2.00000 2.60111
0.20662 -2.00000 2.62542
0.18103 -1.86207 2.30022
0.15889 -1.72414 2.01886
0.13977 -1.58621 1.77597
0.12332 -1.44828 1.56692
0.10922 -1.31034 1.38772
0.09719 -1.17241 1.23497
0.08702 -1.03448 1.10575
0.07851 -0.89655 0.99760
0.07150 -0.75862 0.90847
0.06584 -0.62069 0.83664
0.06145 -0.48276 0.78075
0.05822 -0.34483 0.73974
0.05610 -0.20690 0.71283
0.05505 -0.06897 0.69950
0.05505 0.06897 0.69950
0.05610 0.20690 0.71283
0.05822 0.34483 0.73974
0.06145 0.48276 0.78075
0.06584 0.62069 0.83664
0.07150 0.75862 0.90847
0.07851 0.89655 0.99760
0.08702 1.03448 1.10575
0.09719 1.17241 1.23497
0.10922 1.31034 1.38772
0.12332 1.44828 1.56692
0.13977 1.58621 1.77597
0.15889 1.72414 2.01886
0.18103 1.86207 2.30022
0.20662 2.00000 2.62542
0.00000 -2.00000 2.63354
0.00000 -1.86207 2.30734
0.00000 -1.72414 2.02510
0.00000 -1.58621 1.78146
0.00000 -1.44828 1.57176
0.00000 -1.31034 1.39201
0.00000 -1.17241 1.23879
0.00000 -1.03448 1.10917
0.00000 -0.89655 1.00069
0.00000 -0.75862 0.91127
0.00000 -0.62069 0.83922
0.00000 -0.48276 0.78317
0.00000 -0.34483 0.74203
0.00000 -0.20690 0.71504
0.00000 -0.06897 0.70167
0.00000 0.06897 0.70167
0.00000 0.20690 0.71504
0.00000 0.34483 0.74203
0.00000 0.48276 0.78317
0.00000 0.62069 0.83922
0.00000 0.75862 0.91127
0.00000 0.89655 1.00069
0.00000 1.03448 1.10917
0.00000 1.17241 1.23879
0.00000 1.31034 1.39201
0.00000 1.44828 1.57176
0.00000 1.58621 1.78146
0.00000 1.72414 2.02510
0.00000 1.86207 2.30734
0.00000 2.00000 2.63354
-0.20662 -2.00000 2.62542
-0.18103 -1.86207 2.30022
-0.15889 -1.72414 2.01886
-0.13977 -1.58621 1.77597
-0.12332 -1.44828 1.56692
-0.10922 -1.31034 1.38772
-0.09719 -1.17241 1.23497
-0.08702 -1.03448 1.10575
-0.07851 -0.89655 0.99760
-0.07150 -0.75862 0.90847
-0.06584 -0.62069 0.83664
-0.06145 -0.48276 0.78075
-0.05822 -0.34483 0.73974
-0.05610 -0.20690 0.71283
-0.05505 -0.06897 0.69950
-0.05505 0.06897 0.69950
-0.05610 0.20690 0.71283
-0.05822 0.34483 0.73974
-0.06145 0.48276 0.78075
-0.06584 0.62069 0.83664
-0.07150 0.75862 0.90847
-0.07851 0.89655 0.99760
-0.08702 1.03448 1.10575
-0.09719 1.17241 1.23497
-0.10922 1.31034 1.38772
-0.12332 1.44828 1.56692
-0.13977 1.58621 1.77597
-0.15889 1.72414 2.01886
-0.18103 1.86207 2.30022
-0.20662 2.00000 2.62542
-0.41198 -2.00000 2.60111
-0.36095 -1.86207 2.27893
-0.31680 -1.72414 2.00017
-0.27868 -1.58621 1.75953
-0.24588 -1.44828 1.55241
-0.21776 -1.31034 1.37487
-0.19379 -1.17241 1.22354
-0.17351 -1.03448 1.09552
-0.15654 -0.89655 0.98837
-0.14255 -0.75862 0.90005
-0.13128 -0.62069 0.82889
-0.12251 -0.48276 0.77352
-0.11608 -0.34483 0.73290
-0.11186 -0.20690 0.70623
-0.10976 -0.06897 0.69303
-0.10976 0.06897 0.69303
-0.11186 0.20690 0.70623
-0.11608 0.34483 0.73290
-0.12251 0.48276 0.77352
-0.13128 0.62069 0.82889
-0.14255 0.75862 0.90005
-0.15654 0.89655 0.98837
-0.17351 1.03448 1.09552
-0.19379 1.17241 1.22354
-0.21776 1.31034 1.37487
-0.24588 1.44828 1.55241
-0.27868 1.58621 1.75953
-0.31680 1.72414 2.00017
-0.36095 1.86207 2.27893
-0.41198 2.00000 2.60111
-0.61479 -2.00000 2.56077
-0.53864 -1.86207 2.24359
-0.47275 -1.72414 1.96915
-0.41587 -1.58621 1.73224
-0.36692 -1.44828 1.52833
-0.32496 -1.31034 1.35355
-0.28919 -1.17241 1.20456
-0.25893 -1.03448 1.07852
-0.23361 -0.89655 0.97304
-0.21273 -0.75862 0.88610
-0.19591 -0.62069 0.81604
-0.18283 -0.48276 0.76153
-0.17322 -0.34483 0.72153
-0.16692 -0.20690 0.69528
-0.16380 -0.06897 0.68228
-0.16380 0.06897 0.68228
-0.16692 0.20690 0.69528
-0.17322 0.34483 0.72153
-0.18283 0.48276 0.76153
-0.19591 0.62069 0.81604
-0.21273 0.75862 0.88610
-0.23361 0.89655 0.97304
-0.25893 1.03448 1.07852
-0.28919 1.17241 1.20456
-0.32496 1.31034 1.35355
-0.36692 1.44828 1.52833
-0.41587 1.58621 1.73224
-0.47275 1.72414 1.96915
-0.53864 1.86207 2.24359
-0.61479 2.00000 2.56077
-0.81381 -2.00000 2.50464
-0.71301 -1.86207 2.19441
-0.62579 -1.72414 1.92599
-0.55050 -1.58621 1.69427
-0.48570 -1.44828 1.49483
-0.43016 -1.31034 1.32388
-0.38281 -1.17241 1.17816
-0.34275 -1.03448 1.05488
-0.30923 -0.89655 0.95171
-0.28160 -0.75862 0.86667
-0.25933 -0.62069 0.79815
-0.24201 -0.48276 0.74484
-0.22930 -0.34483 0.70571
-0.22096 -0.20690 0.68004
-0.21683 -0.06897 0.66732
-0.21683 0.06897 0.66732
-0.22096 0.20690 0.68004
-0.22930 0.34483 0.70571
-0.24201 0.48276 0.74484
-0.25933 0.62069 0.79815
-0.28160 0.75862 0.86667
-0.30923 0.89655 0.95171
-0.34275 1.03448 1.05488
-0.38281 1.17241 1.17816
-0.43016 1.31034 1.32388
-0.48570 1.44828 1.49483
-0.55050 1.58621 1.69427
-0.62579 1.72414 1.92599
-0.71301 1.86207 2.19441
-0.81381 2.00000 2.50464
-1.00781 -2.00000 2.43307
-0.88298 -1.86207 2.13170
-0.77497 -1.72414 1.87095
-0.68174 -1.58621 1.64585
-0.60149 -1.44828 1.45212
-0.53270 -1.31034 1.28605
-0.47406 -1.17241 1.14449
-0.42446 -1.03448 1.02474
-0.38295 -0.89655 0.92452
-0.34873 -0.75862 0.84191
-0.32116 -0.62069 0.77534
-0.29970 -0.48276 0.72355
-0.28396 -0.34483 0.68555
-0.27363 -0.20690 0.66061
-0.26852 -0.06897 0.64825
-0.26852 0.06897 0.64825
-0.27363 0.20690 0.66061
-0.28396 0.34483 0.68555
-0.29970 0.48276 0.72355
-0.32116 0.62069 0.77534
-0.34873 0.75862 0.84191
-0.38295 0.89655 0.92452
-0.42446 1.03448 1.02474
-0.47406 1.17241 1.14449
-0.53270 1.31034 1.28605
-0.60149 1.44828 1.45212
-0.68174 1.58621 1.64585
-0.77497 1.72414 1.87095
-0.88298 1.86207 2.13170
-1.00781 2.00000 2.43307
-1.19560 -2.00000 2.34650
-1.04751 -1.86207 2.05585
-0.91938 -1.72414 1.80438
-0.80877 -1.58621 1.58729
-0.71356 -1.44828 1.40045
-0.63196 -1.31034 1.24029
-0.56240 -1.17241 1.10377
-0.50355 -1.03448 0.98828
-0.45430 -0.89655 0.89162
-0.41371 -0.75862 0.81195
-0.38100 -0.62069 0.74775
-0.35555 -0.48276 0.69781
-0.33688 -0.34483 0.66115
-0.32462 -0.20690 0.63710
-0.31855 -0.06897 0.62519
-0.31855 0.06897 0.62519
-0.32462 0.20690 0.63710
-0.33688 0.34483 0.66115
-0.35555 0.48276 0.69781
-0.38100 0.62069 0.74775
-0.41371 0.75862 0.81195
-0.45430 0.89655 0.89162
-0.50355 1.03448 0.98828
-0.56240 1.17241 1.10377
-0.63196 1.31034 1.24029
-0.71356 1.44828 1.40045
-0.80877 1.58621 1.58729
-0.91938 1.72414 1.80438
-1.04751 1.86207 2.05585
-1.19560 2.00000 2.34650
-1.37602 -2.00000 2.24546
-1.20558 -1.86207 1.96733
-1.05811 -1.72414 1.72669
-0.93081 -1.58621 1.51894
-0.82124 -1.44828 1.34015
-0.72732 -1.31034 1.18689
-0.64727 -1.17241 1.05624
-0.57954 -1.03448 0.94572
-0.52286 -0.89655 0.85323
-0.47614 -0.75862 0.77699
-0.43849 -0.62069 0.71556
-0.40920 -0.48276 0.66776
-0.38771 -0.34483 0.63269
-0.37361 -0.20690 0.60967
-0.36662 -0.06897 0.59827
-0.36662 0.06897 0.59827
-0.37361 0.20690 0.60967
-0.38771 0.34483 0.63269
-0.40920 0.48276 0.66776
-0.43849 0.62069 0.71556
-0.47614 0.75862 0.77699
-0.52286 0.89655 0.85323
-0.57954 1.03448 0.94572
-0.64727 1.17241 1.05624
-0.72732 1.31034 1.18689
-0.82124 1.44828 1.34015
-0.93081 1.58621 1.51894
-1.05811 1.72414 1.72669
-1.20558 1.86207 1.96733
-1.37602 2.00000 2.24546
-1.54795 -2.00000 2.13058
-1.35622 -1.86207 1.86667
-1.19033 -1.72414 1.63834
-1.04712 -1.58621 1.44123
-0.92386 -1.44828 1.27158
-0.81820 -1.31034 1.12616
-0.72814 -1.17241 1.00220
-0.65195 -1.03448 0.89734
-0.58819 -0.89655 0.80957
-0.53563 -0.75862 0.73724
-0.49328 -0.62069 0.67895
-0.46033 -0.48276 0.63359
-0.43615 -0.34483 0.60032
-0.42029 -0.20690 0.57848
-0.41243 -0.06897 0.56766
-0.41243 0.06897 0.56766
-0.42029 0.20690 0.57848
-0.43615 0.34483 0.60032
-0.46033 0.48276 0.63359
-0.49328 0.62069 0.67895
-0.53563 0.75862 0.73724
-0.58819 0.89655 0.80957
-0.65195 1.03448 0.89734
-0.72814 1.17241 1.00220
-0.81820 1.31034 1.12616
-0.92386 1.44828 1.27158
-1.04712 1.58621 1.44123
-1.19033 1.72414 1.63834
-1.35622 1.86207 1.86667
-1.54795 2.00000 2.13058
-1.71035 -2.00000 2.00256
-1.49850 -1.86207 1.75451
-1.31520 -1.72414 1.53990
-1.15697 -1.58621 1.35463
-1.02078 -1.44828 1.19518
-0.90404 -1.31034 1.05849
-0.80453 -1.17241 0.94198
-0.72035 -1.03448 0.84342
-0.64990 -0.89655 0.76093
-0.59183 -0.75862 0.69294
-0.54503 -0.62069 0.63815
-0.50863 -0.48276 0.59552
-0.48191 -0.34483 0.56424
-0.46438 -0.20690 0.54372
-0.45570 -0.06897 0.53355
-0.45570 0.06897 0.53355
-0.46438 0.20690 0.54372
-0.48191 0.34483 0.56424
-0.50863 0.48276 0.59552
-0.54503 0.62069 0.63815
-0.59183 0.75862 0.69294
-0.64990 0.89655 0.76093
-0.72035 1.03448 0.84342
-0.80453 1.17241 0.94198
-0.90404 1.31034 1.05849
-1.02078 1.44828 1.19518
-1.15697 1.58621 1.35463
-1.31520 1.72414 1.53990
-1.49850 1.86207 1.75451
-1.71035 2.00000 2.00256
-1.86219 -2.00000 1.86219
-1.63153 -1.86207 1.63153
-1.43196 -1.72414 1.43196
-1.25968 -1.58621 1.25968
-1.11140 -1.44828 1.11140
-0.98430 -1.31034 0.98430
-0.87596 -1.17241 0.87596
-0.78430 -1.03448 0.78430
-0.70759 -0.89655 0.70759
-0.64437 -0.75862 0.64437
-0.59342 -0.62069 0.59342
-0.55378 -0.48276 0.55378
-0.52470 -0.34483 0.52470
-0.50561 -0.20690 0.50561
-0.49615 -0.06897 0.49615
-0.49615 0.06897 0.49615
-0.50561 0.20690 0.50561
-0.52470 0.34483 0.52470
-0.55378 0.48276 0.55378
-0.59342 0.62069 0.59342
-0.64437 0.75862 0.64437
-0.70759 0.89655 0.70759
-0.78430 1.03448 0.78430
-0.87596 1.17241 0.87596
-0.98430 1.31034 0.98430
-1.11140 1.44828 1.11140
-1.25968 1.58621 1.25968
-1.43196 1.72414 1.43196
-1.63153 1.86207 1.63153
-1.86219 2.00000 1.86219
-2.00256 -2.00000 1.71035
-1.75451 -1.86207 1.49850
-1.53990 -1.72414 1.31520
-1.35463 -1.58621 1.15697
-1.19518 -1.44828 1.02078
-1.05849 -1.31034 0.90404
-0.94198 -1.17241 0.80453
-0.84342 -1.03448 0.72035
-0.76093 -0.89655 0.64990
-0.69294 -0.75862 0.59183
-0.63815 -0.62069 0.54503
-0.59552 -0.48276 0.50863
-0.56424 -0.34483 0.48191
-0.54372 -0.20690 0.46438
-0.53355 -0.06897 0.45570
-0.53355 0.06897 0.45570
-0.54372 0.20690 0.46438
-0.56424 0.34483 0.48191
-0.59552 0.48276 0.50863
-0.63815 0.62069 0.54503
-0.69294 0.75862 0.59183
-0.76093 0.89655 0.64990
-0.84342 1.03448 0.72035
-0.94198 1.17241 0.80453
-1.05849 1.31034 0.90404
-1.19518 1.44828 1.02078
-1.35463 1.58621 1.15697
-1.53990 1.72414 1.31520
-1.75451 1.86207 1.49850
-2.00256 2.00000 1.71035
-2.13058 -2.00000 1.54795
-1.86667 -1.86207 1.35622
-1.63834 -1.72414 1.19033
-1.44123 -1.58621 1.04712
-1.27158 -1.44828 0.92386
-1.12616 -1.31034 0.81820
-1.00220 -1.17241 0.72814
-0.89734 -1.03448 0.65195
-0.80957 -0.89655 0.58819
-0.73724 -0.75862 0.53563
-0.67895 -0.62069 0.49328
-0.63359 -0.48276 0.46033
-0.60032 -0.34483 0.43615
-0.57848 -0.20690 0.42029
-0.56766 -0.06897 0.41243
-0.56766 0.06897 0.41243
-0.57848 0.20690 0.42029
-0.60032 0.34483 0.43615
-0.63359 0.48276 0.46033
-0.67895 0.62069 0.49328
-0.73724 0.75862 0.53563
-0.80957 0.89655 0.58819
-0.89734 1.03448 0.65195
-1.00220 1.17241 0.72814
-1.12616 1.31034 0.81820
-1.27158 1.44828 0.92386
-1.44123 1.58621 1.04712
-1.63834 1.72414 1.19033
-1.86667 1.86207 1.35622
-2.13058 2.00000 1.54795
-2.24546 -2.00000 1.37602
-1.96733 -1.86207 1.20558
-1.72669 -1.72414 1.05811
-1.51894 -1.58621 0.93081
-1.34015 -1.44828 0.82124
-1.18689 -1.31034 0.72732
-1.05624 -1.17241 0.64727
-0.94572 -1.03448 0.57954
-0.85323 -0.89655 0.52286
-0.77699 -0.75862 0.47614
-0.71556 -0.62069 0.43849
-0.66776 -0.48276 0.40920
-0.63269 -0.34483 0.38771
-0.60967 -0.20690 0.37361
-0.59827 -0.06897 0.36662
-0.59827 0.06897 0.36662
-0.60967 0.20690 0.37361
-0.63269 0.34483 0.38771
-0.66776 0.48276 0.40920
-0.71556 0.62069 0.43849
-0.77699 0.75862 0.47614
-0.85323 0.89655 0.52286
-0.94572 1.03448 0.57954
-1.05624 1.17241 0.64727
-1.18689 1.31034 0.72732
-1.34015 1.44828 0.82124
-1.51894 1.58621 0.93081
-1.72669 1.72414 1.05811
-1.96733 1.86207 1.20558
-2.24546 2.00000 1.37602
-2.34650 -2.00000 1.19560
-2.05585 -1.86207 1.04751
-1.80438 -1.72414 0.91938
-1.58729 -1.58621 0.80877
-1.40045 -1.44828 0.71356
-1.24029 -1.31034 0.63196
-1.10377 -1.17241 0.56240
-0.98828 -1.03448 0.50355
-0.89162 -0.89655 0.45430
-0.81195 -0.75862 0.41371
-0.74775 -0.62069 0.38100
-0.69781 -0.48276 0.35555
-0.66115 -0.34483 0.33688
-0.63710 -0.20690 0.32462
-0.62519 -0.06897 0.31855
-0.62519 0.06897 0.31855
-0.63710 0.20690 0.32462
-0.66115 0.34483 0.33688
-0.69781 0.48276 0.35555
-0.74775 0.62069 0.38100
-0.81195 0.75862 0.41371
-0.89162 0.89655 0.45430
-0.98828 1.03448 0.50355
-1.10377 1.17241 0.56240
-1.24029 1.31034 0.63196
-1.40045 1.44828 0.71356
-1.58729 1.58621 0.80877
-1.80438 1.72414 0.91938
-2.05585 1.86207 1.04751
-2.34650 2.00000 1.19560
-2.43307 -2.00000 1.00781
-2.13170 -1.86207 0.88298
-1.87095 -1.72414 0.77497
-1.64585 -1.58621 0.68174
-1.45212 -1.44828 0.60149
-1.28605 -1.31034 0.53270
-1.14449 -1.17241 0.47406
-1.02474 -1.03448 0.42446
-0.92452 -0.89655 0.38295
-0.84191 -0.75862 0.34873
-0.77534 -0.62069 0.32116
-0.72355 -0.48276 0.29970
-0.68555 -0.34483 0.28396
-0.66061 -0.20690 0.27363
-0.64825 -0.06897 0.26852
-0.64825 0.06897 0.26852
-0.66061 0.20690 0.27363
-0.68555 0.34483 0.28396
-0.72355 0.48276 0.29970
-0.77534 0.62069 0.32116
-0.84191 0.75862 0.34873
-0.92452 0.89655 0.38295
-1.02474 1.03448 0.42446
-1.14449 1.17241 0.47406
-1.28605 1.31034 0.53270
-1.45212 1.44828 0.60149
-1.64585 1.58621 0.68174
-1.87095 1.72414 0.77497
-2.13170 1.86207 0.88298
-2.43307 2.00000 1.00781
-2.50464 -2.00000 0.81381
-2.19441 -1.86207 0.71301
-1.92599 -1.72414 0.62579
-1.69427 -1.58621 0.55050
-1.49483 -1.44828 0.48570
-1.32388 -1.31034 0.43016
-1.17816 -1.17241 0.38281
-1.05488 -1.03448 0.34275
-0.95171 -0.89655 0.30923
-0.86667 -0.75862 0.28160
-0.79815 -0.62069 0.25933
-0.74484 -0.48276 0.24201
-0.70571 -0.34483 0.22930
-0.68004 -0.20690 0.22096
-0.66732 -0.06897 0.21683
-0.66732 0.06897 0.21683
-0.68004 0.20690 0.22096
-0.70571 0.34483 0.22930
-0.74484 0.48276 0.24201
-0.79815 0.62069 0.25933
-0.86667 0.75862 0.28160
-0.95171 0.89655 0.30923
-1.05488 1.03448 0.34275
-1.17816 1.17241 0.38281
-1.32388 1.31034 0.43016
-1.49483 1.44828 0.48570
-1.69427 1.58621 0.55050
-1.92599 1.72414 0.62579
-2.19441 1.86207 0.71301
-2.50464 2.00000 0.81381
-2.56077 -2.00000 0.61479
-2.24359 -1.86207 0.53864
-1.96915 -1.72414 0.47275
-1.73224 -1.58621 0.41587
-1.52833 -1.44828 0.36692
-1.35355 -1.31034 0.32496
-1.20456 -1.17241 0.28919
-1.07852 -1.03448 0.25893
-0.97304 -0.89655 0.23361
-0.88610 -0.75862 0.21273
-0.81604 -0.62069 0.19591
-0.76153 -0.48276 0.18283
-0.72153 -0.34483 0.17322
-0.69528 -0.20690 0.16692
-0.68228 -0.06897 0.16380
-0.68228 0.06897 0.16380
-0.69528 0.20690 0.16692
-0.72153 0.34483 0.17322
-0.76153 0.48276 0.18283
-0.81604 0.62069 0.19591
-0.88610 0.75862 0.21273
-0.97304 0.89655 0.23361
-1.07852 1.03448 0.25893
-1.20456 1.17241 0.28919
-1.35355 1.31034 0.32496
-1.52833 1.44828 0.36692
-1.73224 1.58621 0.41587
-1.96915 1.72414 0.47275
-2.24359 1.86207 0.53864
-2.56077 2.00000 0.61479
-2.60111 -2.00000 0.41198
-2.27893 -1.86207 0.36095
-2.00017 -1.72414 0.31680
-1.75953 -1.58621 0.27868
-1.55241 -1.44828 0.24588
-1.37487 -1.31034 0.21776
-1.22354 -1.17241 0.19379
-1.09552 -1.03448 0.17351
-0.98837 -0.89655 0.15654
-0.90005 -0.75862 0.14255
-0.82889 -0.62069 0.13128
-0.77352 -0.48276 0.12251
-0.73290 -0.34483 0.11608
-0.70623 -0.20690 0.11186
-0.69303 -0.06897 0.10976
-0.69303 0.06897 0.10976
-0.70623 0.20690 0.11186
-0.73290 0.34483 0.11608
-0.77352 0.48276 0.12251
-0.82889 0.62069 0.13128
-0.90005 0.75862 0.14255
-0.98837 0.89655 0.15654
-1.09552 1.03448 0.17351
-1.22354 1.17241 0.19379
-1.37487 1.31034 0.21776
-1.55241 1.44828 0.24588
-1.75953 1.58621 0.27868
-2.00017 1.72414 0.31680
-2.27893 1.86207 0.36095
-2.60111 2.00000 0.41198
-2.62542 -2.00000 0.20662
-2.30022 -1.86207 0.18103
-2.01886 -1.72414 0.15889
-1.77597 -1.58621 0.13977
-1.56692 -1.44828 0.12332
-1.38772 -1.31034 0.10922
-1.23497 -1.17241 0.09719
-1.10575 -1.03448 0.08702
-0.99760 -0.89655 0.07851
-0.90847 -0.75862 0.07150
-0.83664 -0.62069 0.06584
-0.78075 -0.48276 0.06145
-0.73974 -0.34483 0.05822
-0.71283 -0.20690 0.05610
-0.69950 -0.06897 0.05505
-0.69950 0.06897 0.05505
-0.71283 0.20690 0.05610
-0.73974 0.34483 0.05822
-0.78075 0.48276 0.06145
-0.83664 0.62069 0.06584
-0.90847 0.75862 0.07150
-0.99760 0.89655 0.07851
-1.10575 1.03448 0.08702
-1.23497 1.17241 0.09719
-1.38772 1.31034 0.10922
-1.56692 1.44828 0.12332
-1.77597 1.58621 0.13977
-2.01886 1.72414 0.15889
-2.30022 1.86207 0.18103
-2.62542 2.00000 0.20662
-2.63354 -2.00000 0.00000
-2.30734 -1.86207 0.00000
-2.02510 -1.72414 0.00000
-1.78146 -1.58621 0.00000
-1.57176 -1.44828 0.00000
-1.39201 -1.31034 0.00000
-1.23879 -1.17241 0.00000
-1.10917 -1.03448 0.00000
-1.00069 -0.89655 0.00000
-0.91127 -0.75862 0.00000
-0.83922 -0.62069 0.00000
-0.78317 -0.48276 0.00000
-0.74203 -0.34483 0.00000
-0.71504 -0.20690 0.00000
-0.70167 -0.06897 0.00000
-0.70167 0.06897 0.00000
-0.71504 0.20690 0.00000
-0.74203 0.34483 0.00000
-0.78317 0.48276 0.00000
-0.83922 0.62069 0.00000
-0.91127 0.75862 0.00000
-1.00069 0.89655 0.00000
-1.10917 1.03448 0.00000
-1.23879 1.17241 0.00000
-1.39201 1.31034 0.00000
-1.57176 1.44828 0.00000
-1.78146 1.58621 0.00000
-2.02510 1.72414 0.00000
-2.30734 1.86207 0.00000
-2.63354 2.00000 0.00000
-2.62542 -2.00000 -0.20662
-2.30022 -1.86207 -0.18103
-2.01886 -1.72414 -0.15889
-1.77597 -1.58621 -0.13977
-1.56692 -1.44828 -0.12332
-1.38772 -1.31034 -0.10922
-1.23497 -1.17241 -0.09719
-1.10575 -1.03448 -0.08702
-0.99760 -0.89655 -0.07851
-0.90847 -0.75862 -0.07150
-0.83664 -0.62069 -0.06584
-0.78075 -0.48276 -0.06145
-0.73974 -0.34483 -0.05822
-0.71283 -0.20690 -0.05610
-0.69950 -0.06897 -0.05505
-0.69950 0.06897 -0.05505
-0.71283 0.20690 -0.05610
-0.73974 0.34483 -0.05822
-0.78075 0.48276 -0.06145
-0.83664 0.62069 -0.06584
-0.90847 0.75862 -0.07150
-0.99760 0.89655 -0.07851
-1.10575 1.03448 -0.08702
-1.23497 1.17241 -0.09719
-1.38772 1.31034 -0.10922
-1.56692 1.44828 -0.12332
-1.77597 1.58621 -0.13977
-2.01886 1.72414 -0.15889
-2.30022 1.86207 -0.18103
-2.62542 2.00000 -0.20662
-2.60111 -2.00000 -0.41198
-2.27893 -1.86207 -0.36095
-2.00017 -1.72414 -0.31680
-1.75953 -1.58621 -0.27868
-1.55241 -1.44828 -0.24588
-1.37487 -1.31034 -0.21776
-1.22354 -1.17241 -0.19379
-1.09552 -1.03448 -0.17351
-0.98837 -0.89655 -0.15654
-0.90005 -0.75862 -0.14255
-0.82889 -0.62069 -0.13128
-0.77352 -0.48276 -0.12251
-0.73290 -0.34483 -0.11608
-0.70623 -0.20690 -0.11186
-0.69303 -0.06897 -0.10976
-0.69303 0.06897 -0.10976
-0.70623 0.20690 -0.11186
-0.73290 0.34483 -0.11608
-0.77352 0.48276 -0.12251
-0.82889 0.62069 -0.13128
-0.90005 0.75862 -0.14255
-0.98837 0.89655 -0.15654
-1.09552 1.03448 -0.17351
-1.22354 1.17241 -0.19379
-1.37487 1.31034 -0.21776
-1.55241 1.44828 -0.24588
-1.75953 1.58621 -0.27868
-2.00017 1.72414 -0.31680
-2.27893 1.86207 -0.36095
-2.60111 2.00000 -0.41198
-2.56077 -2.00000 -0.61479
-2.24359 -1.86207 -0.53864
-1.96915 -1.72414 -0.47275
-1.73224 -1.58621 -0.41587
-1.52833 -1.44828 -0.36692
-1.35355 -1.31034 -0.32496
-1.20456 -1.17241 -0.28919
-1.07852 -1.03448 -0.25893
-0.97304 -0.89655 -0.23361
-0.88610 -0.75862 -0.21273
-0.81604 -0.62069 -0.19591
-0.76153 -0.48276 -0.18283
-0.72153 -0.34483 -0.17322
-0.69528 -0.20690 -0.16692
-0.68228 -0.06897 -0.16380
-0.68228 0.06897 -0.16380
-0.69528 0.20690 -0.16692
-0.72153 0.34483 -0.17322
-0.76153 0.48276 -0.18283
-0.81604 0.62069 -0.19591
-0.88610 0.75862 -0.21273
-0.97304 0.89655 -0.23361
-1.07852 1.03448 -0.25893
-1.20456 1.17241 -0.28919
-1.35355 1.31034 -0.32496
-1.52833 1.44828 -0.36692
-1.73224 1.58621 -0.41587
-1.96915 1.72414 -0.47275
-2.24359 1.86207 -0.53864
-2.56077 2.00000 -0.61479
-2.50464 -2.00000 -0.81381
-2.19441 -1.86207 -0.71301
-1.92599 -1.72414 -0.62579
-1.69427 -1.58621 -0.55050
-1.49483 -1.44828 -0.48570
-1.32388 -1.31034 -0.43016
-1.17816 -1.17241 -0.38281
-1.05488 -1.03448 -0.34275
-0.95171 -0.89655 -0.30923
-0.86667 -0.75862 -0.28160
-0.79815 -0.62069 -0.25933
-0.74484 -0.48276 -0.24201
-0.70571 -0.34483 -0.22930
-0.68004 -0.20690 -0.22096
-0.66732 -0.06897 -0.21683
-0.66732 0.06897 -0.21683
-0.68004 0.20690 -0.22096
-0.70571 0.34483 -0.22930
-0.74484 0.48276 -0.24201
-0.79815 0.62069 -0.25933
-0.86667 0.75862 -0.28160
-0.95171 0.89655 -0.30923
-1.05488 1.03448 -0.34275
-1.17816 1.17241 -0.38281
-1.32388 1.31034 -0.43016
-1.49483 1.44828 -0.48570
-1.69427 1.58621 -0.55050
-1.92599 1.72414 -0.62579
-2.19441 1.86207 -0.71301
-2.50464 2.00000 -0.81381
-2.43307 -2.00000 -1.00781
-2.13170 -1.86207 -0.88298
-1.87095 -1.72414 -0.77497
-1.64585 -1.58621 -0.68174
-1.45212 -1.44828 -0.60149
-1.28605 -1.31034 -0.53270
-1.14449 -1.17241 -0.47406
-1.02474 -1.03448 -0.42446
-0.92452 -0.89655 -0.38295
-0.84191 -0.75862 -0.34873
-0.77534 -0.62069 -0.32116
-0.72355 -0.48276 -0.29970
-0.68555 -0.34483 -0.28396
-0.66061 -0.20690 -0.27363
-0.64825 -0.06897 -0.26852
-0.64825 0.06897 -0.26852
-0.66061 0.20690 -0.27363
-0.68555 0.34483 -0.28396
-0.72355 0.48276 -0.29970
-0.77534 0.62069 -0.32116
-0.84191 0.75862 -0.34873
-0.92452 0.89655 -0.38295
-1.02474 1.03448 -0.42446
-1.14449 1.17241 -0.47406
-1.28605 1.31034 -0.53270
-1.45212 1.44828 -0.60149
-1.64585 1.58621 -0.68174
-1.87095 1.72414 -0.77497
-2.13170 1.86207 -0.88298
-2.43307 2.00000 -1.00781
-2.34650 -2.00000 -1.19560
-2.05585 -1.86207 -1.04751
-1.80438 -1.72414 -0.91938
-1.58729 -1.58621 -0.80877
-1.40045 -1.44828 -0.71356
-1.24029 -1.31034 -0.63196
-1.10377 -1.17241 -0.56240
-0.98828 -1.03448 -0.50355
-0.89162 -0.89655 -0.45430
-0.81195 -0.75862 -0.41371
-0.74775 -0.62069 -0.38100
-0.69781 -0.48276 -0.35555
-0.66115 -0.34483 -0.33688
-0.63710 -0.20690 -0.32462
-0.62519 -0.06897 -0.31855
-0.62519 0.06897 -0.31855
-0.63710 0.20690 -0.32462
-0.66115 0.34483 -0.33688
-0.69781 0.48276 -0.35555
-0.74775 0.62069 -0.38100
-0.81195 0.75862 -0.41371
-0.89162 0.89655 -0.45430
-0.98828 1.03448 -0.50355
-1.10377 1.17241 -0.56240
-1.24029 1.31034 -0.63196
-1.40045 1.44828 -0.71356
-1.58729 1.58621 -0.80877
-1.80438 1.72414 -0.91938
-2.05585 1.86207 -1.04751
-2.34650 2.00000 -1.19560
-2.24546 -2.00000 -1.37602
-1.96733 -1.86207 -1.20558
-1.72669 -1.72414 -1.05811
-1.51894 -1.58621 -0.93081
-1.34015 -1.44828 -0.82124
-1.18689 -1.31034 -0.72732
-1.05624 -1.17241 -0.64727
-0.94572 -1.03448 -0.57954
-0.85323 -0.89655 -0.52286
-0.77699 -0.75862 -0.47614
-0.71556 -0.62069 -0.43849
-0.66776 -0.48276 -0.40920
-0.63269 -0.34483 -0.38771
-0.60967 -0.20690 -0.37361
-0.59827 -0.06897 -0.36662
-0.59827 0.06897 -0.36662
-0.60967 0.20690 -0.37361
-0.63269 0.34483 -0.38771
-0.66776 0.48276 -0.40920
-0.71556 0.62069 -0.43849
-0.77699 0.75862 -0.47614
-0.85323 0.89655 -0.52286
-0.94572 1.03448 -0.57954
-1.05624 1.17241 -0.64727
-1.18689 1.31034 -0.72732
-1.34015 1.44828 -0.82124
-1.51894 1.58621 -0.93081
-1.72669 1.72414 -1.05811
-1.96733 1.86207 -1.20558
-2.24546 2.00000 -1.37602
-2.13058 -2.00000 -1.54795
-1.86667 -1.86207 -1.35622
-1.63834 -1.72414 -1.19033
-1.44123 -1.58621 -1.04712
-1.27158 -1.44828 -0.92386
-1.12616 -1.31034 -0.81820
-1.00220 -1.17241 -0.72814
-0.89734 -1.03448 -0.65195
-0.80957 -0.89655 -0.58819
-0.73724 -0.75862 -0.53563
-0.67895 -0.62069 -0.49328
-0.63359 -0.48276 -0.46033
-0.60032 -0.34483 -0.43615
-0.57848 -0.20690 -0.42029
-0.56766 -0.06897 -0.41243
-0.56766 0.06897 -0.41243
-0.57848 0.20690 -0.42029
-0.60032 0.34483 -0.43615
-0.63359 0.48276 -0.46033
-0.67895 0.62069 -0.49328
-0.73724 0.75862 -0.53563
-0.80957 0.89655 -0.58819
-0.89734 1.03448 -0.65195
-1.00220 1.17241 -0.72814
-1.12616 1.31034 -0.81820
-1.27158 1.44828 -0.92386
-1.44123 1.58621 -1.04712
-1.63834 1.72414 -1.19033
-1.86667 1.86207 -1.35622
-2.13058 2.00000 -1.54795
-2.00256 -2.00000 -1.71035
-1.75451 -1.86207 -1.49850
-1.53990 -1.72414 -1.31520
-1.35463 -1.58621 -1.15697
-1.19518 -1.44828 -1.02078
-1.05849 -1.31034 -0.90404
-0.94198 -1.17241 -0.80453
-0.84342 -1.03448 -0.72035
-0.76093 -0.89655 -0.64990
-0.69294 -0.75862 -0.59183
-0.63815 -0.62069 -0.54503
-0.59552 -0.48276 -0.50863
-0.56424 -0.34483 -0.48191
-0.54372 -0.20690 -0.46438
-0.53355 -0.06897 -0.45570
-0.53355 0.06897 -0.45570
-0.54372 0.20690 -0.46438
-0.56424 0.34483 -0.48191
-0.59552 0.48276 -0.50863
-0.63815 0.62069 -0.54503
-0.69294 0.75862 -0.59183
-0.76093 0.89655 -0.64990
-0.84342 1.03448 -0.72035
-0.94198 1.17241 -0.80453
-1.05849 1.31034 -0.90404
-1.19518 1.44828 -1.02078
-1.35463 1.58621 -1.15697
-1.53990 1.72414 -1.31520
-1.75451 1.86207 -1.49850
-2.00256 2.00000 -1.71035
-1.86219 -2.00000 -1.86219
-1.63153 -1.86207 -1.63153
-1.43196 -1.72414 -1.43196
-1.25968 -1.58621 -1.25968
-1.11140 -1.44828 -1.11140
-0.98430 -1.31034 -0.98430
-0.87596 -1.17241 -0.87596
-0.78430 -1.03448 -0.78430
-0.70759 -0.89655 -0.70759
-0.64437 -0.75862 -0.64437
-0.59342 -0.62069 -0.59342
-0.55378 -0.48276 -0.55378
-0.52470 -0.34483 -0.52470
-0.50561 -0.20690 -0.50561
-0.49615 -0.06897 -0.49615
-0.49615 0.06897 -0.49615
-0.50561 0.20690 -0.50561
-0.52470 0.34483 -0.52470
-0.55378 0.48276 -0.55378
-0.59342 0.62069 -0.59342
-0.64437 0.75862 -0.64437
-0.70759 0.89655 -0.70759
-0.78430 1.03448 -0.78430
-0.87596 1.17241 -0.87596
-0.98430 1.31034 -0.98430
-1.11140 1.44828 -1.11140
-1.25968 1.58621 -1.25968
-1.43196 1.72414 -1.43196
-1.63153 1.86207 -1.63153
-1.86219 2.00000 -1.86219
-1.71035 -2.00000 -2.00256
-1.49850 -1.86207 -1.75451
-1.31520 -1.72414 -1.53990
-1.15697 -1.58621 -1.35463
-1.02078 -1.44828 -1.19518
-0.90404 -1.31034 -1.05849
-0.80453 -1.17241 -0.94198
-0.72035 -1.03448 -0.84342
-0.64990 -0.89655 -0.76093
-0.59183 -0.75862 -0.69294
-0.54503 -0.62069 -0.63815
-0.50863 -0.48276 -0.59552
-0.48191 -0.34483 -0.56424
-0.46438 -0.20690 -0.54372
-0.45570 -0.06897 -0.53355
-0.45570 0.06897 -0.53355
-0.46438 0.20690 -0.54372
-0.48191 0.34483 -0.56424
-0.50863 0.48276 -0.59552
-0.54503 0.62069 -0.63815
-0.59183 0.75862 -0.69294
-0.64990 0.89655 -0.76093
-0.72035 1.03448 -0.84342
-0.80453 1.17241 -0.94198
-0.90404 1.31034 -1.05849
-1.02078 1.44828 -1.19518
-1.15697 1.58621 -1.35463
-1.31520 1.72414 -1.53990
-1.49850 1.86207 -1.75451
-1.71035 2.00000 -2.00256
-1.54795 -2.00000 -2.13058
-1.35622 -1.86207 -1.86667
-1.19033 -1.72414 -1.63834
-1.04712 -1.58621 -1.44123
-0.92386 -1.44828 -1.27158
-0.81820 -1.31034 -1.12616
-0.72814 -1.17241 -1.00220
-0.65195 -1.03448 -0.89734
-0.58819 -0.89655 -0.80957
-0.53563 -0.75862 -0.73724
-0.49328 -0.62069 -0.67895
-0.46033 -0.48276 -0.63359
-0.43615 -0.34483 -0.60032
-0.42029 -0.20690 -0.57848
-0.41243 -0.06897 -0.56766
-0.41243 0.06897 -0.56766
-0.42029 0.20690 -0.57848
-0.43615 0.34483 -0.60032
-0.46033 0.48276 -0.63359
-0.49328 0.62069 -0.67895
-0.53563 0.75862 -0.73724
-0.58819 0.89655 -0.80957
-0.65195 1.03448 -0.89734
-0.72814 1.17241 -1.00220
-0.81820 1.31034 -1.12616
-0.92386 1.44828 -1.27158
-1.04712 1.58621 -1.44123
-1.19033 1.72414 -1.63834
-1.35622 1.86207 -1.86667
-1.54795 2.00000 -2.13058
-1.37602 -2.00000 -2.24546
-1.20558 -1.86207 -1.96733
-1.05811 -1.72414 -1.72669
-0.93081 -1.58621 -1.51894
-0.82124 -1.44828 -1.34015
-0.72732 -1.31034 -1.18689
-0.64727 -1.17241 -1.05624
-0.57954 -1.03448 -0.94572
-0.52286 -0.89655 -0.85323
-0.47614 -0.75862 -0.77699
-0.43849 -0.62069 -0.71556
-0.40920 -0.48276 -0.66776
-0.38771 -0.34483 -0.63269
-0.37361 -0.20690 -0.60967
-0.36662 -0.06897 -0.59827
-0.36662 0.06897 -0.59827
-0.37361 0.20690 -0.60967
-0.38771 0.34483 -0.63269
-0.40920 0.48276 -0.66776
-0.43849 0.62069 -0.71556
-0.47614 0.75862 -0.77699
-0.52286 0.89655 -0.85323
-0.57954 1.03448 -0.94572
-0.64727 1.17241 -1.05624
-0.72732 1.31034 -1.18689
-0.82124 1.44828 -1.34015
-0.93081 1.58621 -1.51894
-1.05811 1.72414 -1.72669
-1.20558 1.86207 -1.96733
-1.37602 2.00000 -2.24546
-1.19560 -2.00000 -2.34650
-1.04751 -1.86207 -2.05585
-0.91938 -1.72414 -1.80438
-0.80877 -1.58621 -1.58729
-0.71356 -1.44828 -1.40045
-0.63196 -1.31034 -1.24029
-0.56240 -1.17241 -1.10377
-0.50355 -1.03448 -0.98828
-0.45430 -0.89655 -0.89162
-0.41371 -0.75862 -0.81195
-0.38100 -0.62069 -0.74775
-0.35555 -0.48276 -0.69781
-0.33688 -0.34483 -0.66115
-0.32462 -0.20690 -0.63710
-0.31855 -0.06897 -0.62519
-0.31855 0.06897 -0.62519
-0.32462 0.20690 -0.63710
-0.33688 0.34483 -0.66115
-0.35555 0.48276 -0.69781
-0.38100 0.62069 -0.74775
-0.41371 0.75862 -0.81195
-0.45430 0.89655 -0.89162
-0.50355 1.03448 -0.98828
-0.56240 1.17241 -1.10377
-0.63196 1.31034 -1.24029
-0.71356 1.44828 -1.40045
-0.80877 1.58621 -1.58729
-0.91938 1.72414 -1.80438
-1.04751 1.86207 -2.05585
-1.19560 2.00000 -2.34650
-1.00781 -2.00000 -2.43307
-0.88298 -1.86207 -2.13170
-0.77497 -1.72414 -1.87095
-0.68174 -1.58621 -1.64585
-0.60149 -1.44828 -1.45212
-0.53270 -1.31034 -1.28605
-0.47406 -1.17241 -1.14449
-0.42446 -1.03448 -1.02474
-0.38295 -0.89655 -0.92452
-0.34873 -0.75862 -0.84191
-0.32116 -0.62069 -0.77534
-0.29970 -0.48276 -0.72355
-0.28396 -0.34483 -0.68555
-0.27363 -0.20690 -0.66061
-0.26852 -0.06897 -0.64825
-0.26852 0.06897 -0.64825
-0.27363 0.20690 -0.66061
-0.28396 0.34483 -0.68555
-0.29970 0.48276 -0.72355
-0.32116 0.62069 -0.77534
-0.34873 0.75862 -0.84191
-0.38295 0.89655 -0.92452
-0.42446 1.03448 -1.02474
-0.47406 1.17241 -1.14449
-0.53270 1.31034 -1.28605
-0.60149 1.44828 -1.45212
-0.68174 1.58621 -1.64585
-0.77497 1.72414 -1.87095
-0.88298 1.86207 -2.13170
-1.00781 2.00000 -2.43307
-0.81381 -2.00000 -2.50464
-0.71301 -1.86207 -2.19441
-0.62579 -1.72414 -1.92599
-0.55050 -1.58621 -1.69427
-0.48570 -1.44828 -1.49483
-0.43016 -1.31034 -1.32388
-0.38281 -1.17241 -1.17816
-0.34275 -1.03448 -1.05488
-0.30923 -0.89655 -0.95171
-0.28160 -0.75862 -0.86667
-0.25933 -0.62069 -0.79815
-0.24201 -0.48276 -0.74484
-0.22930 -0.34483 -0.70571
-0.22096 -0.20690 -0.68004
-0.21683 -0.06897 -0.66732
-0.21683 0.06897 -0.66732
-0.22096 0.20690 -0.68004
-0.22930 0.34483 -0.70571
-0.24201 0.48276 -0.74484
-0.25933 0.62069 -0.79815
-0.28160 0.75862 -0.86667
-0.30923 0.89655 -0.95171
-0.34275 1.03448 -1.05488
-0.38281 1.17241 -1.17816
-0.43016 1.31034 -1.32388
-0.48570 1.44828 -1.49483
-0.55050 1.58621 -1.69427
-0.62579 1.72414 -1.92599
-0.71301 1.86207 -2.19441
-0.81381 2.00000 -2.50464
-0.61479 -2.00000 -2.56077
-0.53864 -1.86207 -2.24359
-0.47275 -1.72414 -1.96915
-0.41587 -1.58621 -1.73224
-0.36692 -1.44828 -1.52833
-0.32496 -1.31034 -1.35355
-0.28919 -1.17241 -1.20456
-0.25893 -1.03448 -1.07852
-0.23361 -0.89655 -0.97304
-0.21273 -0.75862 -0.88610
-0.19591 -0.62069 -0.81604
-0.18283 -0.48276 -0.76153
-0.17322 -0.34483 -0.72153
-0.16692 -0.20690 -0.69528
-0.16380 -0.06897 -0.68228
-0.16380 0.06897 -0.68228
-0.16692 0.20690 -0.69528
-0.17322 0.34483 -0.72153
-0.18283 0.48276 -0.76153
-0.19591 0.62069 -0.81604
-0.21273 0.75862 -0.88610
-0.23361 0.89655 -0.97304
-0.25893 1.03448 -1.07852
-0.28919 1.17241 -1.20456
-0.32496 1.31034 -1.35355
-0.36692 1.44828 -1.52833
-0.41587 1.58621 -1.73224
-0.47275 1.72414 -1.96915
-0.53864 1.86207 -2.24359
-0.61479 2.00000 -2.56077
-0.41198 -2.00000 -2.60111
-0.36095 -1.86207 -2.27893
-0.31680 -1.72414 -2.00017
-0.27868 -1.58621 -1.75953
-0.24588 -1.44828 -1.55241
-0.21776 -1.31034 -1.37487
-0.19379 -1.17241 -1.22354
-0.17351 -1.03448 -1.09552
-0.15654 -0.89655 -0.98837
-0.14255 -0.75862 -0.90005
-0.13128 -0.62069 -0.82889
-0.12251 -0.48276 -0.77352
-0.11608 -0.34483 -0.73290
-0.11186 -0.20690 -0.70623
-0.10976 -0.06897 -0.69303
-0.10976 0.06897 -0.69303
-0.11186 0.20690 -0.70623
-0.11608 0.34483 -0.73290
-0.12251 0.48276 -0.77352
-0.13128 0.62069 -0.82889
-0.14255 0.75862 -0.90005
-0.15654 0.89655 -0.98837
-0.17351 1.03448 -1.09552
-0.19379 1.17241 -1.22354
-0.21776 1.31034 -1.37487
-0.24588 1.44828 -1.55241
-0.27868 1.58621 -1.75953
-0.31680 1.72414 -2.00017
-0.36095 1.86207 -2.27893
-0.41198 2.00000 -2.60111
-0.20662 -2.00000 -2.62542
-0.18103 -1.86207 -2.30022
-0.15889 -1.72414 -2.01886
-0.13977 -1.58621 -1.77597
-0.12332 -1.44828 -1.56692
-0.10922 -1.31034 -1.38772
-0.09719 -1.17241 -1.23497
-0.08702 -1.03448 -1.10575
-0.07851 -0.89655 -0.99760
-0.07150 -0.75862 -0.90847
-0.06584 -0.62069 -0.83664
-0.06145 -0.48276 -0.78075
-0.05822 -0.34483 -0.73974
-0.05610 -0.20690 -0.71283
-0.05505 -0.06897 -0.69950
-0.05505 0.06897 -0.69950
-0.05610 0.20690 -0.71283
-0.05822 0.34483 -0.73974
-0.06145 0.48276 -0.78075
-0.06584 0.62069 -0.83664
-0.07150 0.75862 -0.90847
-0.07851 0.89655 -0.99760
-0.08702 1.03448 -1.10575
-0.09719 1.17241 -1.23497
-0.10922 1.31034 -1.38772
-0.12332 1.44828 -1.56692
-0.13977 1.58621 -1.77597
-0.15889 1.72414 -2.01886
-0.18103 1.86207 -2.30022
-0.20662 2.00000 -2.62542
-0.00000 -2.00000 -2.63354
-0.00000 -1.86207 -2.30734
-0.00000 -1.72414 -2.02510
-0.00000 -1.58621 -1.78146
-0.00000 -1.44828 -1.57176
-0.00000 -1.31034 -1.39201
-0.00000 -1.17241 -1.23879
-0.00000 -1.03448 -1.10917
-0.00000 -0.89655 -1.00069
-0.00000 -0.75862 -0.91127
-0.00000 -0.62069 -0.83922
-0.00000 -0.48276 -0.78317
-0.00000 -0.34483 -0.74203
-0.00000 -0.20690 -0.71504
-0.00000 -0.06897 -0.70167
-0.00000 0.06897 -0.70167
-0.00000 0.20690 -0.71504
-0.00000 0.34483 -0.74203
-0.00000 0.48276 -0.78317
-0.00000 0.62069 -0.83922
-0.00000 0.75862 -0.91127
-0.00000 0.89655 -1.00069
-0.00000 1.03448 -1.10917
-0.00000 1.17241 -1.23879
-0.00000 1.31034 -1.39201
-0.00000 1.44828 -1.57176
-0.00000 1.58621 -1.78146
-0.00000 1.72414 -2.02510
-0.00000 1.86207 -2.30734
-0.00000 2.00000 -2.63354
0.20662 -2.00000 -2.62542
0.18103 -1.86207 -2.30022
0.15889 -1.72414 -2.01886
0.13977 -1.58621 -1.77597
0.12332 -1.44828 -1.56692
0.10922 -1.31034 -1.38772
0.09719 -1.17241 -1.23497
0.08702 -1.03448 -1.10575
0.07851 -0.89655 -0.99760
0.07150 -0.75862 -0.90847
0.06584 -0.62069 -0.83664
0.06145 -0.48276 -0.78075
0.05822 -0.34483 -0.73974
0.05610 -0.20690 -0.71283
0.05505 -0.06897 -0.69950
0.05505 0.06897 -0.69950
0.05610 0.20690 -0.71283
0.05822 0.34483 -0.73974
0.06145 0.48276 -0.78075
0.06584 0.62069 -0.83664
0.07150 0.75862 -0.90847
0.07851 0.89655 -0.99760
0.08702 1.03448 -1.10575
0.09719 1.17241 -1.23497
0.10922 1.31034 -1.38772
0.12332 1.44828 -1.56692
0.13977 1.58621 -1.77597
0.15889 1.72414 -2.01886
0.18103 1.86207 -2.30022
0.20662 2.00000 -2.62542
0.41198 -2.00000 -2.60111
0.36095 -1.86207 -2.27893
0.31680 -1.72414 -2.00017
0.27868 -1.58621 -1.75953
0.24588 -1.44828 -1.55241
0.21776 -1.31034 -1.37487
0.19379 -1.17241 -1.22354
0.17351 -1.03448 -1.09552
0.15654 -0.89655 -0.98837
0.14255 -0.75862 -0.90005
0.13128 -0.62069 -0.82889
0.12251 -0.48276 -0.77352
0.11608 -0.34483 -0.73290
0.11186 -0.20690 -0.70623
0.10976 -0.06897 -0.69303
0.10976 0.06897 -0.69303
0.11186 0.20690 -0.70623
0.11608 0.34483 -0.73290
0.12251 0.48276 -0.77352
0.13128 0.62069 -0.82889
0.14255 0.75862 -0.90005
0.15654 0.89655 -0.98837
0.17351 1.03448 -1.09552
0.19379 1.17241 -1.22354
0.21776 1.31034 -1.37487
0.24588 1.44828 -1.55241
0.27868 1.58621 -1.75953
0.31680 1.72414 -2.00017
0.36095 1.86207 -2.27893
0.41198 2.00000 -2.60111
0.61479 -2.00000 -2.56077
0.53864 -1.86207 -2.24359
0.47275 -1.72414 -1.96915
0.41587 -1.58621 -1.73224
0.36692 -1.44828 -1.52833
0.32496 -1.31034 -1.35355
0.28919 -1.17241 -1.20456
0.25893 -1.03448 -1.07852
0.23361 -0.89655 -0.97304
0.21273 -0.75862 -0.88610
0.19591 -0.62069 -0.81604
0.18283 -0.48276 -0.76153
0.17322 -0.34483 -0.72153
0.16692 -0.20690 -0.69528
0.16380 -0.06897 -0.68228
0.16380 0.06897 -0.68228
0.16692 0.20690 -0.69528
0.17322 0.34483 -0.72153
0.18283 0.48276 -0.76153
0.19591 0.62069 -0.81604
0.21273 0.75862 -0.88610
0.23361 0.89655 -0.97304
0.25893 1.03448 -1.07852
0.28919 1.17241 -1.20456
0.32496 1.31034 -1.35355
0.36692 1.44828 -1.52833
0.41587 1.58621 -1.73224
0.47275 1.72414 -1.96915
0.53864 1.86207 -2.24359
0.61479 2.00000 -2.56077
0.81381 -2.00000 -2.50464
0.71301 -1.86207 -2.19441
0.62579 -1.72414 -1.92599
0.55050 -1.58621 -1.69427
0.48570 -1.44828 -1.49483
0.43016 -1.31034 -1.32388
0.38281 -1.17241 -1.17816
0.34275 -1.03448 -1.05488
0.30923 -0.89655 -0.95171
0.28160 -0.75862 -0.86667
0.25933 -0.62069 -0.79815
0.24201 -0.48276 -0.74484
0.22930 -0.34483 -0.70571
0.22096 -0.20690 -0.68004
0.21683 -0.06897 -0.66732
0.21683 0.06897 -0.66732
0.22096 0.20690 -0.68004
0.22930 0.34483 -0.70571
0.24201 0.48276 -0.74484
0.25933 0.62069 -0.79815
0.28160 0.75862 -0.86667
0.30923 0.89655 -0.95171
0.34275 1.03448 -1.05488
0.38281 1.17241 -1.17816
0.43016 1.31034 -1.32388
0.48570 1.44828 -1.49483
0.55050 1.58621 -1.69427
0.62579 1.72414 -1.92599
0.71301 1.86207 -2.19441
0.81381 2.00000 -2.50464
1.00781 -2.00000 -2.43307
0.88298 -1.86207 -2.13170
0.77497 -1.72414 -1.87095
0.68174 -1.58621 -1.64585
0.60149 -1.44828 -1.45212
0.53270 -1.31034 -1.28605
0.47406 -1.17241 -1.14449
0.42446 -1.03448 -1.02474
0.38295 -0.89655 -0.92452
0.34873 -0.75862 -0.84191
0.32116 -0.62069 -0.77534
0.29970 -0.48276 -0.72355
0.28396 -0.34483 -0.68555
0.27363 -0.20690 -0.66061
0.26852 -0.06897 -0.64825
0.26852 0.06897 -0.64825
0.27363 0.20690 -0.66061
0.28396 0.34483 -0.68555
0.29970 0.48276 -0.72355
0.32116 0.62069 -0.77534
0.34873 0.75862 -0.84191
0.38295 0.89655 -0.92452
0.42446 1.03448 -1.02474
0.47406 1.17241 -1.14449
0.53270 1.31034 -1.28605
0.60149 1.44828 -1.45212
0.68174 1.58621 -1.64585
0.77497 1.72414 -1.87095
0.88298 1.86207 -2.13170
1.00781 2.00000 -2.43307
1.19560 -2.00000 -2.34650
1.04751 -1.86207 -2.05585
0.91938 -1.72414 -1.80438
0.80877 -1.58621 -1.58729
0.71356 -1.44828 -1.40045
0.63196 -1.31034 -1.24029
0.56240 -1.17241 -1.10377
0.50355 -1.03448 -0.98828
0.45430 -0.89655 -0.89162
0.41371 -0.75862 -0.81195
0.38100 -0.62069 -0.74775
0.35555 -0.48276 -0.69781
0.33688 -0.34483 -0.66115
0.32462 -0.20690 -0.63710
0.31855 -0.06897 -0.62519
0.31855 0.06897 -0.62519
0.32462 0.20690 -0.63710
0.33688 0.34483 -0.66115
0.35555 0.48276 -0.69781
0.38100 0.62069 -0.74775
0.41371 0.75862 -0.81195
0.45430 0.89655 -0.89162
0.50355 1.03448 -0.98828
0.56240 1.17241 -1.10377
0.63196 1.31034 -1.24029
0.71356 1.44828 -1.40045
0.80877 1.58621 -1.58729
0.91938 1.72414 -1.80438
1.04751 1.86207 -2.05585
1.19560 2.00000 -2.34650
1.37602 -2.00000 -2.24546
1.20558 -1.86207 -1.96733
1.05811 -1.72414 -1.72669
0.93081 -1.58621 -1.51894
0.82124 -1.44828 -1.34015
0.72732 -1.31034 -1.18689
0.64727 -1.17241 -1.05624
0.57954 -1.03448 -0.94572
0.52286 -0.89655 -0.85323
0.47614 -0.75862 -0.77699
0.43849 -0.62069 -0.71556
0.40920 -0.48276 -0.66776
0.38771 -0.34483 -0.63269
0.37361 -0.20690 -0.60967
0.36662 -0.06897 -0.59827
0.36662 0.06897 -0.59827
0.37361 0.20690 -0.60967
0.38771 0.34483 -0.63269
0.40920 0.48276 -0.66776
0.43849 0.62069 -0.71556
0.47614 0.75862 -0.77699
0.52286 0.89655 -0.85323
0.57954 1.03448 -0.94572
0.64727 1.17241 -1.05624
0.72732 1.31034 -1.18689
0.82124 1.44828 -1.34015
0.93081 1.58621 -1.51894
1.05811 1.72414 -1.72669
1.20558 1.86207 -1.96733
1.37602 2.00000 -2.24546
1.54795 -2.00000 -2.13058
1.35622 -1.86207 -1.86667
1.19033 -1.72414 -1.63834
1.04712 -1.58621 -1.44123
0.92386 -1.44828 -1.27158
0.81820 -1.31034 -1.12616
0.72814 -1.17241 -1.00220
0.65195 -1.03448 -0.89734
0.58819 -0.89655 -0.80957
0.53563 -0.75862 -0.73724
0.49328 -0.62069 -0.67895
0.46033 -0.48276 -0.63359
0.43615 -0.34483 -0.60032
0.42029 -0.20690 -0.57848
0.41243 -0.06897 -0.56766
0.41243 0.06897 -0.56766
0.42029 0.20690 -0.57848
0.43615 0.34483 -0.60032
0.46033 0.48276 -0.63359
0.49328 0.62069 -0.67895
0.53563 0.75862 -0.73724
0.58819 0.89655 -0.80957
0.65195 1.03448 -0.89734
0.72814 1.17241 -1.00220
0.81820 1.31034 -1.12616
0.92386 1.44828 -1.27158
1.04712 1.58621 -1.44123
1.19033 1.72414 -1.63834
1.35622 1.86207 -1.86667
1.54795 2.00000 -2.13058
1.71035 -2.00000 -2.00256
1.49850 -1.86207 -1.75451
1.31520 -1.72414 -1.53990
1.15697 -1.58621 -1.35463
1.02078 -1.44828 -1.19518
0.90404 -1.31034 -1.05849
0.80453 -1.17241 -0.94198
0.72035 -1.03448 -0.84342
0.64990 -0.89655 -0.76093
0.59183 -0.75862 -0.69294
0.54503 -0.62069 -0.63815
0.50863 -0.48276 -0.59552
0.48191 -0.34483 -0.56424
0.46438 -0.20690 -0.54372
0.45570 -0.06897 -0.53355
0.45570 0.06897 -0.53355
0.46438 0.20690 -0.54372
0.48191 0.34483 -0.56424
0.50863 0.48276 -0.59552
0.54503 0.62069 -0.63815
0.59183 0.75862 -0.69294
0.64990 0.89655 -0.76093
0.72035 1.03448 -0.84342
0.80453 1.17241 -0.94198
0.90404 1.31034 -1.05849
1.02078 1.44828 -1.19518
1.15697 1.58621 -1.35463
1.31520 1.72414 -1.53990
1.49850 1.86207 -1.75451
1.71035 2.00000 -2.00256
1.86219 -2.00000 -1.86219
1.63153 -1.86207 -1.63153
1.43196 -1.72414 -1.43196
1.25968 -1.58621 -1.25968
1.11140 -1.44828 -1.11140
0.98430 -1.31034 -0.98430
0.87596 -1.17241 -0.87596
0.78430 -1.03448 -0.78430
0.70759 -0.89655 -0.70759
0.64437 -0.75862 -0.64437
0.59342 -0.62069 -0.59342
0.55378 -0.48276 -0.55378
0.52470 -0.34483 -0.52470
0.50561 -0.20690 -0.50561
0.49615 -0.06897 -0.49615
0.49615 0.06897 -0.49615
0.50561 0.20690 -0.50561
0.52470 0.34483 -0.52470
0.55378 0.48276 -0.55378
0.59342 0.62069 -0.59342
0.64437 0.75862 -0.64437
0.70759 0.89655 -0.70759
0.78430 1.03448 -0.78430
0.87596 1.17241 -0.87596
0.98430 1.31034 -0.98430
1.11140 1.44828 -1.11140
1.25968 1.58621 -1.25968
1.43196 1.72414 -1.43196
1.63153 1.86207 -1.63153
1.86219 2.00000 -1.86219
2.00256 -2.00000 -1.71035
1.75451 -1.86207 -1.49850
1.53990 -1.72414 -1.31520
1.35463 -1.58621 -1.15697
1.19518 -1.44828 -1.02078
1.05849 -1.31034 -0.90404
0.94198 -1.17241 -0.80453
0.84342 -1.03448 -0.72035
0.76093 -0.89655 -0.64990
0.69294 -0.75862 -0.59183
0.63815 -0.62069 -0.54503
0.59552 -0.48276 -0.50863
0.56424 -0.34483 -0.48191
0.54372 -0.20690 -0.46438
0.53355 -0.06897 -0.45570
0.53355 0.06897 -0.45570
0.54372 0.20690 -0.46438
0.56424 0.34483 -0.48191
0.59552 0.48276 -0.50863
0.63815 0.62069 -0.54503
0.69294 0.75862 -0.59183
0.76093 0.89655 -0.64990
0.84342 1.03448 -0.72035
0.94198 1.17241 -0.80453
1.05849 1.31034 -0.90404
1.19518 1.44828 -1.02078
1.35463 1.58621 -1.15697
1.53990 1.72414 -1.31520
1.75451 1.86207 -1.49850
2.00256 2.00000 -1.71035
2.13058 -2.00000 -1.54795
1.86667 -1.86207 -1.35622
1.63834 -1.72414 -1.19033
1.44123 -1.58621 -1.04712
1.27158 -1.44828 -0.92386
1.12616 -1.31034 -0.81820
1.00220 -1.17241 -0.72814
0.89734 -1.03448 -0.65195
0.80957 -0.89655 -0.58819
0.73724 -0.75862 -0.53563
0.67895 -0.62069 -0.49328
0.63359 -0.48276 -0.46033
0.60032 -0.34483 -0.43615
0.57848 -0.20690 -0.42029
0.56766 -0.06897 -0.41243
0.56766 0.06897 -0.41243
0.57848 0.20690 -0.42029
0.60032 0.34483 -0.43615
0.63359 0.48276 -0.46033
0.67895 0.62069 -0.49328
0.73724 0.75862 -0.53563
0.80957 0.89655 -0.58819
0.89734 1.03448 -0.65195
1.00220 1.17241 -0.72814
1.12616 1.31034 -0.81820
1.27158 1.44828 -0.92386
1.44123 1.58621 -1.04712
1.63834 1.72414 -1.19033
1.86667 1.86207 -1.35622
2.13058 2.00000 -1.54795
2.24546 -2.00000 -1.37602
1.96733 -1.86207 -1.20558
1.72669 -1.72414 -1.05811
1.51894 -1.58621 -0.93081
1.34015 -1.44828 -0.82124
1.18689 -1.31034 -0.72732
1.05624 -1.17241 -0.64727
0.94572 -1.03448 -0.57954
0.85323 -0.89655 -0.52286
0.77699 -0.75862 -0.47614
0.71556 -0.62069 -0.43849
0.66776 -0.48276 -0.40920
0.63269 -0.34483 -0.38771
0.60967 -0.20690 -0.37361
0.59827 -0.06897 -0.36662
0.59827 0.06897 -0.36662
0.60967 0.20690 -0.37361
0.63269 0.34483 -0.38771
0.66776 0.48276 -0.40920
0.71556 0.62069 -0.43849
0.77699 0.75862 -0.47614
0.85323 0.89655 -0.52286
0.94572 1.03448 -0.57954
1.05624 1.17241 -0.64727
1.18689 1.31034 -0.72732
1.34015 1.44828 -0.82124
1.51894 1.58621 -0.93081
1.72669 1.72414 -1.05811
1.96733 1.86207 -1.20558
2.24546 2.00000 -1.37602
2.34650 -2.00000 -1.19560
2.05585 -1.86207 -1.04751
1.80438 -1.72414 -0.91938
1.58729 -1.58621 -0.80877
1.40045 -1.44828 -0.71356
1.24029 -1.31034 -0.63196
1.10377 -1.17241 -0.56240
0.98828 -1.03448 -0.50355
0.89162 -0.89655 -0.45430
0.81195 -0.75862 -0.41371
0.74775 -0.62069 -0.38100
0.69781 -0.48276 -0.35555
0.66115 -0.34483 -0.33688
0.63710 -0.20690 -0.32462
0.62519 -0.06897 -0.31855
0.62519 0.06897 -0.31855
0.63710 0.20690 -0.32462
0.66115 0.34483 -0.33688
0.69781 0.48276 -0.35555
0.74775 0.62069 -0.38100
0.81195 0.75862 -0.41371
0.89162 0.89655 -0.45430
0.98828 1.03448 -0.50355
1.10377 1.17241 -0.56240
1.24029 1.31034 -0.63196
1.40045 1.44828 -0.71356
1.58729 1.58621 -0.80877
1.80438 1.72414 -0.91938
2.05585 1.86207 -1.04751
2.34650 2.00000 -1.19560
2.43307 -2.00000 -1.00781
2.13170 -1.86207 -0.88298
1.87095 -1.72414 -0.77497
1.64585 -1.58621 -0.68174
1.45212 -1.44828 -0.60149
1.28605 -1.31034 -0.53270
1.14449 -1.17241 -0.47406
1.02474 -1.03448 -0.42446
0.92452 -0.89655 -0.38295
0.84191 -0.75862 -0.34873
0.77534 -0.62069 -0.32116
0.72355 -0.48276 -0.29970
0.68555 -0.34483 -0.28396
0.66061 -0.20690 -0.27363
0.64825 -0.06897 -0.26852
0.64825 0.06897 -0.26852
0.66061 0.20690 -0.27363
0.68555 0.34483 -0.28396
0.72355 0.48276 -0.29970
0.77534 0.62069 -0.32116
0.84191 0.75862 -0.34873
0.92452 0.89655 -0.38295
1.02474 1.03448 -0.42446
1.14449 1.17241 -0.47406
1.28605 1.31034 -0.53270
1.45212 1.44828 -0.60149
1.64585 1.58621 -0.68174
1.87095 1.72414 -0.77497
2.13170 1.86207 -0.88298
2.43307 2.00000 -1.00781
2.50464 -2.00000 -0.81381
2.19441 -1.86207 -0.71301
1.92599 -1.72414 -0.62579
1.69427 -1.58621 -0.55050
1.49483 -1.44828 -0.48570
1.32388 -1.31034 -0.43016
1.17816 -1.17241 -0.38281
1.05488 -1.03448 -0.34275
0.95171 -0.89655 -0.30923
0.86667 -0.75862 -0.28160
0.79815 -0.62069 -0.25933
0.74484 -0.48276 -0.24201
0.70571 -0.34483 -0.22930
0.68004 -0.20690 -0.22096
0.66732 -0.06897 -0.21683
0.66732 0.06897 -0.21683
0.68004 0.20690 -0.22096
0.70571 0.34483 -0.22930
0.74484 0.48276 -0.24201
0.79815 0.62069 -0.25933
0.86667 0.75862 -0.28160
0.95171 0.89655 -0.30923
1.05488 1.03448 -0.34275
1.17816 1.17241 -0.38281
1.32388 1.31034 -0.43016
1.49483 1.44828 -0.48570
1.69427 1.58621 -0.55050
1.92599 1.72414 -0.62579
2.19441 1.86207 -0.71301
2.50464 2.00000 -0.81381
2.56077 -2.00000 -0.61479
2.24359 -1.86207 -0.53864
1.96915 -1.72414 -0.47275
1.73224 -1.58621 -0.41587
1.52833 -1.44828 -0.36692
1.35355 -1.31034 -0.32496
1.20456 -1.17241 -0.28919
1.07852 -1.03448 -0.25893
0.97304 -0.89655 -0.23361
0.88610 -0.75862 -0.21273
0.81604 -0.62069 -0.19591
0.76153 -0.48276 -0.18283
0.72153 -0.34483 -0.17322
0.69528 -0.20690 -0.16692
0.68228 -0.06897 -0.16380
0.68228 0.06897 -0.16380
0.69528 0.20690 -0.16692
0.72153 0.34483 -0.17322
0.76153 0.48276 -0.18283
0.81604 0.62069 -0.19591
0.88610 0.75862 -0.21273
0.97304 0.89655 -0.23361
1.07852 1.03448 -0.25893
1.20456 1.17241 -0.28919
1.35355 1.31034 -0.32496
1.52833 1.44828 -0.36692
1.73224 1.58621 -0.41587
1.96915 1.72414 -0.47275
2.24359 1.86207 -0.53864
2.56077 2.00000 -0.61479
2.60111 -2.00000 -0.41198
2.27893 -1.86207 -0.36095
2.00017 -1.72414 -0.31680
1.75953 -1.58621 -0.27868
1.55241 -1.44828 -0.24588
1.37487 -1.31034 -0.21776
1.22354 -1.17241 -0.19379
1.09552 -1.03448 -0.17351
0.98837 -0.89655 -0.15654
0.90005 -0.75862 -0.14255
0.82889 -0.62069 -0.13128
0.77352 -0.48276 -0.12251
0.73290 -0.34483 -0.11608
0.70623 -0.20690 -0.11186
0.69303 -0.06897 -0.10976
0.69303 0.06897 -0.10976
0.70623 0.20690 -0.11186
0.73290 0.34483 -0.11608
0.77352 0.48276 -0.12251
0.82889 0.62069 -0.13128
0.90005 0.75862 -0.14255
0.98837 0.89655 -0.15654
1.09552 1.03448 -0.17351
1.22354 1.17241 -0.19379
1.37487 1.31034 -0.21776
1.55241 1.44828 -0.24588
1.75953 1.58621 -0.27868
2.00017 1.72414 -0.31680
2.27893 1.86207 -0.36095
2.60111 2.00000 -0.41198
2.62542 -2.00000 -0.20662
2.30022 -1.86207 -0.18103
2.01886 -1.72414 -0.15889
1.77597 -1.58621 -0.13977
1.56692 -1.44828 -0.12332
1.38772 -1.31034 -0.10922
1.23497 -1.17241 -0.09719
1.10575 -1.03448 -0.08702
0.99760 -0.89655 -0.07851
0.90847 -0.75862 -0.07150
0.83664 -0.62069 -0.06584
0.78075 -0.48276 -0.06145
0.73974 -0.34483 -0.05822
0.71283 -0.20690 -0.05610
0.69950 -0.06897 -0.05505
0.69950 0.06897 -0.05505
0.71283 0.20690 -0.05610
0.73974 0.34483 -0.05822
0.78075 0.48276 -0.06145
0.83664 0.62069 -0.06584
0.90847 0.75862 -0.07150
0.99760 0.89655 -0.07851
1.10575 1.03448 -0.08702
1.23497 1.17241 -0.09719
1.38772 1.31034 -0.10922
1.56692 1.44828 -0.12332
1.77597 1.58621 -0.13977
2.01886 1.72414 -0.15889
2.30022 1.86207 -0.18103
2.62542 2.00000 -0.20662
3 0 30 31
3 0 31 1
3 1 31 32
3 1 32 2
3 2 32 33
3 2 33 3
3 3 33 34
3 3 34 4
3 4 34 35
3 4 35 5
3 5 35 36
3 5 36 6
3 6 36 37
3 6 37 7
3 7 37 38
3 7 38 8
3 8 38 39
3 8 39 9
3 9 39 40
3 9 40 10
3 10 40 41
3 10 41 11
3 11 41 42
3 11 42 12
3 12 42 43
3 12 43 13
3 13 43 44
3 13 44 14
3 14 44 45
3 14 45 15
3 15 45 46
3 15 46 16
3 16 46 47
3 16 47 17
3 17 47 48
3 17 48 18
3 18 48 49
3 18 49 19
3 19 49 50
3 19 50 20
3 20 50 51
3 20 51 21
3 21 51 52
3 21 52 22
3 22 52 53
3 22 53 23
3 23 53 54
3 23 54 24
3 24 54 55
3 24 55 25
3 25 55 56
3 25 56 26
3 26 56 57
3 26 57 27
3 27 57 58
3 27 58 28
3 28 58 59
3 28 59 29
3 30 60 61
3 30 61 31
3 31 61 62
3 31 62 32
3 32 62 63
3 32 63 33
3 33 63 64
3 33 64 34
3 34 64 65
3 34 65 35
3 35 65 66
3 35 66 36
3 36 66 67
3 36 67 37
3 37 67 68
3 37 68 38
3 38 68 69
3 38 69 39
3 39 69 70
3 39 70 40
3 40 70 71
3 40 71 41
3 41 71 72
3 41 72 42
3 42 72 73
3 42 73 43
3 43 73 74
3 43 74 44
3 44 74 75
3 44 75 45
3 45 75 76
3 45 76 46
3 46 76 77
3 46 77 47
3 47 77 78
3 47 78 48
3 48 78 79
3 48 79 49
3 49 79 80
3 49 80 50
3 50 80 81
3 50 81 51
3 51 81 82
3 51 82 52
3 52 82 83
3 52 83 53
3 53 83 84
3 53 84 54
3 54 84 85
3 54 85 55
3 55 85 86
3 55 86 56
3 56 86 87
3 56 87 57
3 57 87 88
3 57 88 58
3 58 88 89
3 58 89 59
3 60 90 91
3 60 91 61
3 61 91 92
3 61 92 62
3 62 92 93
3 62 93 63
3 63 93 94
3 63 94 64
3 64 94 95
3 64 95 65
3 65 95 96
3 65 96 66
3 66 96 97
3 66 97 67
3 67 97 98
3 67 98 68
3 68 98 99
3 68 99 69
3 69 99 100
3 69 100 70
3 70 100 101
3 70 101 71
3 71 101 102
3 71 102 72
3 72 102 103
3 72 103 73
3 73 103 104
3 73 104 74
3 74 104 105
3 74 105 75
3 75 105 106
3 75 106 76
3 76 106 107
3 76 107 77
3 77 107 108
3 77 108 78
3 78 108 109
3 78 109 79
3 79 109 110
3 79 110 80
3 80 110 111
3 80 111 81
3 81 111 112
3 81 112 82
3 82 112 113
3 82 113 83
3 83 113 114
3 83 114 84
3 84 114 115
3 84 115 85
3 85 115 116
3 85 116 86
3 86 116 117
3 86 117 87
3 87 117 118
3 87 118 88
3 88 118 119
3 88 119 89
3 90 120 121
3 90 121 91
3 91 121 122
3 91 122 92
3 92 122 123
3 92 123 93
3 93 123 124
3 93 124 94
3 94 124 125
3 94 125 95
3 95 125 126
3 95 126 96
3 96 126 127
3 96 127 97
3 97 127 128
3 97 128 98
3 98 128 129
3 98 129 99
3 99 129 130
3 99 130 100
3 100 130 131
3 100 131 101
3 101 131 132
3 101 132 102
3 102 132 133
3 102 133 103
3 103 133 134
3 103 134 104
3 104 134 135
3 104 135 105
3 105 135 136
3 105 136 106
3 106 136 137
3 106 137 107
3 107 137 138
3 107 138 108
3 108 138 139
3 108 139 109
3 109 139 140
3 109 140 110
3 110 140 141
3 110 141 111
3 111 141 142
3 111 142 112
3 112 142 143
3 112 143 113
3 113 143 144
3 113 144 114
3 114 144 145
3 114 145 115
3 115 145 146
3 115 146 116
3 116 146 147
3 116 147 117
3 117 147 148
3 117 148 118
3 118 148 149
3 118 149 119
3 120 150 151
3 120 151 121
3 121 151 152
3 121 152 122
3 122 152 153
3 122 153 123
3 123 153 154
3 123 154 124
3 124 154 155
3 124 155 125
3 125 155 156
3 125 156 126
3 126 156 157
3 126 157 127
3 127 157 158
3 127 158 128
3 128 158 159
3 128 159 129
3 129 159 160
3 129 160 130
3 130 160 161
3 130 161 131
3 131 161 162
3 131 162 132
3 132 162 163
3 132 163 133
3 133 163 164
3 133 164 134
3 134 164 165
3 134 165 135
3 135 165 166
3 135 166 136
3 136 166 167
3 136 167 137
3 137 167 168
3 137 168 138
3 138 168 169
3 138 169 139
3 139 169 170
3 139 170 140
3 140 170 171
3 140 171 141
3 141 171 172
3 141 172 142
3 142 172 173
3 142 173 143
3 143 173 174
3 143 174 144
3 144 174 175
3 144 175 145
3 145 175 176
3 145 176 146
3 146 176 177
3 146 177 147
3 147 177 178
3 147 178 148
3 148 178 179
3 148 179 149
3 150 180 181
3 150 181 151
3 151 181 182
3 151 182 152
3 152 182 183
3 152 183 153
3 153 183 184
3 153 184 154
3 154 184 185
3 154 185 155
3 155 185 186
3 155 186 156
3 156 186 187
3 156 187 157
3 157 187 188
3 157 188 158
3 158 188 189
3 158 189 159
3 159 189 190
3 159 190 160
3 160 190 191
3 160 191 161
3 161 191 192
3 161 192 162
3 162 192 193
3 162 193 163
3 163 193 194
3 163 194 164
3 164 194 195
3 164 195 165
3 165 195 196
3 165 196 166
3 166 196 197
3 166 197 167
3 167 197 198
3 167 198 168
3 168 198 199
3 168 199 169
3 169 199 200
3 169 200 170
3 170 200 201
3 170 201 171
3 171 201 202
3 171 202 172
3 172 202 203
3 172 203 173
3 173 203 204
3 173 204 174
3 174 204 205
3 174 205 175
3 175 205 206
3 175 206 176
3 176 206 207
3 176 207 177
3 177 207 208
3 177 208 178
3 178 208 209
3 178 209 179
3 180 210 211
3 180 211 181
3 181 211 212
3 181 212 182
3 182 212 213
3 182 213 183
3 183 213 214
3 183 214 184
3 184 214 215
3 184 215 185
3 185 215 216
3 185 216 186
3 186 216 217
3 186 217 187
3 187 217 218
3 187 218 188
3 188 218 219
3 188 219 189
3 189 219 220
3 189 220 190
3 190 220 221
3 190 221 191
3 191 221 222
3 191 222 192
3 192 222 223
3 192 223 193
3 193 223 224
3 193 224 194
3 194 224 225
3 194 225 195
3 195 225 226
3 195 226 196
3 196 226 227
3 196 227 197
3 197 227 228
3 197 228 198
3 198 228 229
3 198 229 199
3 199 229 230
3 199 230 200
3 200 230 231
3 200 231 201
3 201 231 232
3 201 232 202
3 202 232 233
3 202 233 203
3 203 233 234
3 203 234 204
3 204 234 235
3 204 235 205
3 205 235 236
3 205 236 206
3 206 236 237
3 206 237 207
3 207 237 238
3 207 238 208
3 208 238 239
3 208 239 209
3 210 240 241
3 210 241 211
3 211 241 242
3 211 242 212
3 212 242 243
3 212 243 213
3 213 243 244
3 213 244 214
3 214 244 245
3 214 245 215
3 215 245 246
3 215 246 216
3 216 246 247
3 216 247 217
3 217 247 248
3 217 248 218
3 218 248 249
3 218 249 219
3 219 249 250
3 219 250 220
3 220 250 251
3 220 251 221
3 221 251 252
3 221 252 222
3 222 252 253
3 222 253 223
3 223 253 254
3 223 254 224
3 224 254 255
3 224 255 225
3 225 255 256
3 225 256 226
3 226 256 257
3 226 257 227
3 227 257 258
3 227 258 228
3 228 258 259
3 228 259 229
3 229 259 260
3 229 260 230
3 230 260 261
3 230 261 231
3 231 261 262
3 231 262 232
3 232 262 263
3 232 263 233
3 233 263 264
3 233 264 234
3 234 264 265
3 234 265 235
3 235 265 266
3 235 266 236
3 236 266 267
3 236 267 237
3 237 267 268
3 237 268 238
3 238 268 269
3 238 269 239
3 240 270 271
3 240 271 241
3 241 271 272
3 241 272 242
3 242 272 273
3 242 273 243
3 243 273 274
3 243 274 244
3 244 274 275
3 244 275 245
3 245 275 276
3 245 276 246
3 246 276 277
3 246 277 247
3 247 277 278
3 247 278 248
3 248 278 279
3 248 279 249
3 249 279 280
3 249 280 250
3 250 280 281
3 250 281 251
3 251 281 282
3 251 282 252
3 252 282 283
3 252 283 253
3 253 283 284
3 253 284 254
3 254 284 285
3 254 285 255
3 255 285 286
3 255 286 256
3 256 286 287
3 256 287 257
3 257 287 288
3 257 288 258
3 258 288 289
3 258 289 259
3 259 289 290
3 259 290 260
3 260 290 291
3 260 291 261
3 261 291 292
3 261 292 262
3 262 292 293
3 262 293 263
3 263 293 294
3 263 294 264
3 264 294 295
3 264 295 265
3 265 295 296
3 265 296 266
3 266 296 297
3 266 297 267
3 267 297 298
3 267 298 268
3 268 298 299
3 268 299 269
3 270 300 301
3 270 301 271
3 271 301 302
3 271 302 272
3 272 302 303
3 272 303 273
3 273 303 304
3 273 304 274
3 274 304 305
3 274 305 275
3 275 305 306
3 275 306 276
3 276 306 307
3 276 307 277
3 277 307 308
3 277 308 278
3 278 308 309
3 278 309 279
3 279 309 310
3 279 310 280
3 280 310 311
3 280 311 281
3 281 311 312
3 281 312 282
3 282 312 313
3 282 313 283
3 283 313 314
3 283 314 284
3 284 314 315
3 284 315 285
3 285 315 316
3 285 316 286
3 286 316 317
3 286 317 287
3 287 317 318
3 287 318 288
3 288 318 319
3 288 319 289
3 289 319 320
3 289 320 290
3 290 320 321
3 290 321 291
3 291 321 322
3 291 322 292
3 292 322 323
3 292 323 293
3 293 323 324
3 293 324 294
3 294 324 325
3 294 325 295
3 295 325 326
3 295 326 296
3 296 326 327
3 296 327 297
3 297 327 328
3 297 328 298
3 298 328 329
3 298 329 299
3 300 330 331
3 300 331 301
3 301 331 332
3 301 332 302
3 302 332 333
3 302 333 303
3 303 333 334
3 303 334 304
3 304 334 335
3 304 335 305
3 305 335 336
3 305 336 306
3 306 336 337
3 306 337 307
3 307 337 338
3 307 338 308
3 308 338 339
3 308 339 309
3 309 339 340
3 309 340 310
3 310 340 341
3 310 341 311
3 311 341 342
3 311 342 312
3 312 342 343
3 312 343 313
3 313 343 344
3 313 344 314
3 314 344 345
3 314 345 315
3 315 345 346
3 315 346 316
3 316 346 347
3 316 347 317
3 317 347 348
3 317 348 318
3 318 348 349
3 318 349 319
3 319 349 350
3 319 350 320
3 320 350 351
3 320 351 321
3 321 351 352
3 321 352 322
3 322 352 353
3 322 353 323
3 323 353 354
3 323 354 324
3 324 354 355
3 324 355 325
3 325 355 356
3 325 356 326
3 326 356 357
3 326 357 327
3 327 357 358
3 327 358 328
3 328 358 359
3 328 359 329
3 330 360 361
3 330 361 331
3 331 361 362
3 331 362 332
3 332 362 363
3 332 363 333
3 333 363 364
3 333 364 334
3 334 364 365
3 334 365 335
3 335 365 366
3 335 366 336
3 336 366 367
3 336 367 337
3 337 367 368
3 337 368 338
3 338 368 369
3 338 369 339
3 339 369 370
3 339 370 340
3 340 370 371
3 340 371 341
3 341 371 372
3 341 372 342
3 342 372 373
3 342 373 343
3 343 373 374
3 343 374 344
3 344 374 375
3 344 375 345
3 345 375 376
3 345 376 346
3 346 376 377
3 346 377 347
3 347 377 378
3 347 378 348
3 348 378 379
3 348 379 349
3 349 379 380
3 349 380 350
3 350 380 381
3 350 381 351
3 351 381 382
3 351 382 352
3 352 382 383
3 352 383 353
3 353 383 384
3 353 384 354
3 354 384 385
3 354 385 355
3 355 385 386
3 355 386 356
3 356 386 387
3 356 387 357
3 357 387 388
3 357 388 358
3 358 388 389
3 358 389 359
3 360 390 391
3 360 391 361
3 361 391 392
3 361 392 362
3 362 392 393
3 362 393 363
3 363 393 394
3 363 394 364
3 364 394 395
3 364 395 365
3 365 395 396
3 365 396 366
3 366 396 397
3 366 397 367
3 367 397 398
3 367 398 368
3 368 398 399
3 368 399 369
3 369 399 400
3 369 400 370
3 370 400 401
3 370 401 371
3 371 401 402
3 371 402 372
3 372 402 403
3 372 403 373
3 373 403 404
3 373 404 374
3 374 404 405
3 374 405 375
3 375 405 406
3 375 406 376
3 376 406 407
3 376 407 377
3 377 407 408
3 377 408 378
3 378 408 409
3 378 409 379
3 379 409 410
3 379 410 380
3 380 410 411
3 380 411 381
3 381 411 412
3 381 412 382
3 382 412 413
3 382 413 383
3 383 413 414
3 383 414 384
3 384 414 415
3 384 415 385
3 385 415 416
3 385 416 386
3 386 416 417
3 386 417 387
3 387 417 418
3 387 418 388
3 388 418 419
3 388 419 389
3 390 420 421
3 390 421 391
3 391 421 422
3 391 422 392
3 392 422 423
3 392 423 393
3 393 423 424
3 393 424 394
3 394 424 425
3 394 425 395
3 395 425 426
3 395 426 396
3 396 426 427
3 396 427 397
3 397 427 428
3 397 428 398
3 398 428 429
3 398 429 399
3 399 429 430
3 399 430 400
3 400 430 431
3 400 431 401
3 401 431 432
3 401 432 402
3 402 432 433
3 402 433 403
3 403 433 434
3 403 434 404
3 404 434 435
3 404 435 405
3 405 435 436
3 405 436 406
3 406 436 437
3 406 437 407
3 407 437 438
3 407 438 408
3 408 438 439
3 408 439 409
3 409 439 440
3 409 440 410
3 410 440 441
3 410 441 411
3 411 441 442
3 411 442 412
3 412 442 443
3 412 443 413
3 413 443 444
3 413 444 414
3 414 444 445
3 414 445 415
3 415 445 446
3 415 446 416
3 416 446 447
3 416 447 417
3 417 447 448
3 417 448 418
3 418 448 449
3 418 449 419
3 420 450 451
3 420 451 421
3 421 451 452
3 421 452 422
3 422 452 453
3 422 453 423
3 423 453 454
3 423 454 424
3 424 454 455
3 424 455 425
3 425 455 456
3 425 456 426
3 426 456 457
3 426 457 427
3 427 457 458
3 427 458 428
3 428 458 459
3 428 459 429
3 429 459 460
3 429 460 430
3 430 460 461
3 430 461 431
3 431 461 462
3 431 462 432
3 432 462 463
3 432 463 433
3 433 463 464
3 433 464 434
3 434 464 465
3 434 465 435
3 435 465 466
3 435 466 436
3 436 466 467
3 436 467 437
3 437 467 468
3 437 468 438
3 438 468 469
3 438 469 439
3 439 469 470
3 439 470 440
3 440 470 471
3 440 471 441
3 441 471 472
3 441 472 442
3 442 472 473
3 442 473 443
3 443 473 474
3 443 474 444
3 444 474 475
3 444 475 445
3 445 475 476
3 445 476 446
3 446 476 477
3 446 477 447
3 447 477 478
3 447 478 448
3 448 478 479
3 448 479 449
3 450 480 481
3 450 481 451
3 451 481 482
3 451 482 452
3 452 482 483
3 452 483 453
3 453 483 484
3 453 484 454
3 454 484 485
3 454 485 455
3 455 485 486
3 455 486 456
3 456 486 487
3 456 487 457
3 457 487 488
3 457 488 458
3 458 488 489
3 458 489 459
3 459 489 490
3 459 490 460
3 460 490 491
3 460 491 461
3 461 491 492
3 461 492 462
3 462 492 493
3 462 493 463
3 463 493 494
3 463 494 464
3 464 494 495
3 464 495 465
3 465 495 496
3 465 496 466
3 466 496 497
3 466 497 467
3 467 497 498
3 467 498 468
3 468 498 499
3 468 499 469
3 469 499 500
3 469 500 470
3 470 500 501
3 470 501 471
3 471 501 502
3 471 502 472
3 472 502 503
3 472 503 473
3 473 503 504
3 473 504 474
3 474 504 505
3 474 505 475
3 475 505 506
3 475 506 476
3 476 506 507
3 476 507 477
3 477 507 508
3 477 508 478
3 478 508 509
3 478 509 479
3 480 510 511
3 480 511 481
3 481 511 512
3 481 512 482
3 482 512 513
3 482 513 483
3 483 513 514
3 483 514 484
3 484 514 515
3 484 515 485
3 485 515 516
3 485 516 486
3 486 516 517
3 486 517 487
3 487 517 518
3 487 518 488
3 488 518 519
3 488 519 489
3 489 519 520
3 489 520 490
3 490 520 521
3 490 521 491
3 491 521 522
3 491 522 492
3 492 522 523
3 492 523 493
3 493 523 524
3 493 524 494
3 494 524 525
3 494 525 495
3 495 525 526
3 495 526 496
3 496 526 527
3 496 527 497
3 497 527 528
3 497 528 498
3 498 528 529
3 498 529 499
3 499 529 530
3 499 530 500
3 500 530 531
3 500 531 501
3 501 531 532
3 501 532 502
3 502 532 533
3 502 533 503
3 503 533 534
3 503 534 504
3 504 534 535
3 504 535 505
3 505 535 536
3 505 536 506
3 506 536 537
3 506 537 507
3 507 537 538
3 507 538 508
3 508 538 539
3 508 539 509
3 510 540 541
3 510 541 511
3 511 541 542
3 511 542 512
3 512 542 543
3 512 543 513
3 513 543 544
3 513 544 514
3 514 544 545
3 514 545 515
3 515 545 546
3 515 546 516
3 516 546 547
3 516 547 517
3 517 547 548
3 517 548 518
3 518 548 549
3 518 549 519
3 519 549 550
3 519 550 520
3 520 550 551
3 520 551 521
3 521 551 552
3 521 552 522
3 522 552 553
3 522 553 523
3 523 553 554
3 523 554 524
3 524 554 555
3 524 555 525
3 525 555 556
3 525 556 526
3 526 556 557
3 526 557 527
3 527 557 558
3 527 558 528
3 528 558 559
3 528 559 529
3 529 559 560
3 529 560 530
3 530 560 561
3 530 561 531
3 531 561 562
3 531 562 532
3 532 562 563
3 532 563 533
3 533 563 564
3 533 564 534
3 534 564 565
3 534 565 535
3 535 565 566
3 535 566 536
3 536 566 567
3 536 567 537
3 537 567 568
3 537 568 538
3 538 568 569
3 538 569 539
3 540 570 571
3 540 571 541
3 541 571 572
3 541 572 542
3 542 572 573
3 542 573 543
3 543 573 574
3 543 574 544
3 544 574 575
3 544 575 545
3 545 575 576
3 545 576 546
3 546 576 577
3 546 577 547
3 547 577 578
3 547 578 548
3 548 578 579
3 548 579 549
3 549 579 580
3 549 580 550
3 550 580 581
3 550 581 551
3 551 581 582
3 551 582 552
3 552 582 583
3 552 583 553
3 553 583 584
3 553 584 554
3 554 584 585
3 554 585 555
3 555 585 586
3 555 586 556
3 556 586 587
3 556 587 557
3 557 587 588
3 557 588 558
3 558 588 589
3 558 589 559
3 559 589 590
3 559 590 560
3 560 590 591
3 560 591 561
3 561 591 592
3 561 592 562
3 562 592 593
3 562 593 563
3 563 593 594
3 563 594 564
3 564 594 595
3 564 595 565
3 565 595 596
3 565 596 566
3 566 596 597
3 566 597 567
3 567 597 598
3 567 598 568
3 568 598 599
3 568 599 569
3 570 600 601
3 570 601 571
3 571 601 602
3 571 602 572
3 572 602 603
3 572 603 573
3 573 603 604
3 573 604 574
3 574 604 605
3 574 605 575
3 575 605 606
3 575 606 576
3 576 606 607
3 576 607 577
3 577 607 608
3 577 608 578
3 578 608 609
3 578 609 579
3 579 609 610
3 579 610 580
3 580 610 611
3 580 611 581
3 581 611 612
3 581 612 582
3 582 612 613
3 582 613 583
3 583 613 614
3 583 614 584
3 584 614 615
3 584 615 585
3 585 615 616
3 585 616 586
3 586 616 617
3 586 617 587
3 587 617 618
3 587 618 588
3 588 618 619
3 588 619 589
3 589 619 620
3 589 620 590
3 590 620 621
3 590 621 591
3 591 621 622
3 591 622 592
3 592 622 623
3 592 623 593
3 593 623 624
3 593 624 594
3 594 624 625
3 594 625 595
3 595 625 626
3 595 626 596
3 596 626 627
3 596 627 597
3 597 627 628
3 597 628 598
3 598 628 629
3 598 629 599
3 600 630 631
3 600 631 601
3 601 631 632
3 601 632 602
3 602 632 633
3 602 633 603
3 603 633 634
3 603 634 604
3 604 634 635
3 604 635 605
3 605 635 636
3 605 636 606
3 606 636 637
3 606 637 607
3 607 637 638
3 607 638 608
3 608 638 639
3 608 639 609
3 609 639 640
3 609 640 610
3 610 640 641
3 610 641 611
3 611 641 642
3 611 642 612
3 612 642 643
3 612 643 613
3 613 643 644
3 613 644 614
3 614 644 645
3 614 645 615
3 615 645 646
3 615 646 616
3 616 646 647
3 616 647 617
3 617 647 648
3 617 648 618
3 618 648 649
3 618 649 619
3 619 649 650
3 619 650 620
3 620 650 651
3 620 651 621
3 621 651 652
3 621 652 622
3 622 652 653
3 622 653 623
3 623 653 654
3 623 654 624
3 624 654 655
3 624 655 625
3 625 655 656
3 625 656 626
3 626 656 657
3 626 657 627
3 627 657 658
3 627 658 628
3 628 658 659
3 628 659 629
3 630 660 661
3 630 661 631
3 631 661 662
3 631 662 632
3 632 662 663
3 632 663 633
3 633 663 664
3 633 664 634
3 634 664 665
3 634 665 635
3 635 665 666
3 635 666 636
3 636 666 667
3 636 667 637
3 637 667 668
3 637 668 638
3 638 668 669
3 638 669 639
3 639 669 670
3 639 670 640
3 640 670 671
3 640 671 641
3 641 671 672
3 641 672 642
3 642 672 673
3 642 673 643
3 643 673 674
3 643 674 644
3 644 674 675
3 644 675 645
3 645 675 676
3 645 676 646
3 646 676 677
3 646 677 647
3 647 677 678
3 647 678 648
3 648 678 679
3 648 679 649
3 649 679 680
3 649 680 650
3 650 680 681
3 650 681 651
3 651 681 682
3 651 682 652
3 652 682 683
3 652 683 653
3 653 683 684
3 653 684 654
3 654 684 685
3 654 685 655
3 655 685 686
3 655 686 656
3 656 686 687
3 656 687 657
3 657 687 688
3 657 688 658
3 658 688 689
3 658 689 659
3 660 690 691
3 660 691 661
3 661 691 692
3 661 692 662
3 662 692 693
3 662 693 663
3 663 693 694
3 663 694 664
3 664 694 695
3 664 695 665
3 665 695 696
3 665 696 666
3 666 696 697
3 666 697 667
3 667 697 698
3 667 698 668
3 668 698 699
3 668 699 669
3 669 699 700
3 669 700 670
3 670 700 701
3 670 701 671
3 671 701 702
3 671 702 672
3 672 702 703
3 672 703 673
3 673 703 704
3 673 704 674
3 674 704 705
3 674 705 675
3 675 705 706
3 675 706 676
3 676 706 707
3 676 707 677
3 677 707 708
3 677 708 678
3 678 708 709
3 678 709 679
3 679 709 710
3 679 710 680
3 680 710 711
3 680 711 681
3 681 711 712
3 681 712 682
3 682 712 713
3 682 713 683
3 683 713 714
3 683 714 684
3 684 714 715
3 684 715 685
3 685 715 716
3 685 716 686
3 686 716 717
3 686 717 687
3 687 717 718
3 687 718 688
3 688 718 719
3 688 719 689
3 690 720 721
3 690 721 691
3 691 721 722
3 691 722 692
3 692 722 723
3 692 723 693
3 693 723 724
3 693 724 694
3 694 724 725
3 694 725 695
3 695 725 726
3 695 726 696
3 696 726 727
3 696 727 697
3 697 727 728
3 697 728 698
3 698 728 729
3 698 729 699
3 699 729 730
3 699 730 700
3 700 730 731
3 700 731 701
3 701 731 732
3 701 732 702
3 702 732 733
3 702 733 703
3 703 733 734
3 703 734 704
3 704 734 735
3 704 735 705
3 705 735 736
3 705 736 706
3 706 736 737
3 706 737 707
3 707 737 738
3 707 738 708
3 708 738 739
3 708 739 709
3 709 739 740
3 709 740 710
3 710 740 741
3 710 741 711
3 711 741 742
3 711 742 712
3 712 742 743
3 712 743 713
3 713 743 744
3 713 744 714
3 714 744 745
3 714 745 715
3 715 745 746
3 715 746 716
3 716 746 747
3 716 747 717
3 717 747 748
3 717 748 718
3 718 748 749
3 718 749 719
3 720 750 751
3 720 751 721
3 721 751 752
3 721 752 722
3 722 752 753
3 722 753 723
3 723 753 754
3 723 754 724
3 724 754 755
3 724 755 725
3 725 755 756
3 725 756 726
3 726 756 757
3 726 757 727
3 727 757 758
3 727 758 728
3 728 758 759
3 728 759 729
3 729 759 760
3 729 760 730
3 730 760 761
3 730 761 731
3 731 761 762
3 731 762 732
3 732 762 763
3 732 763 733
3 733 763 764
3 733 764 734
3 734 764 765
3 734 765 735
3 735 765 766
3 735 766 736
3 736 766 767
3 736 767 737
3 737 767 768
3 737 768 738
3 738 768 769
3 738 769 739
3 739 769 770
3 739 770 740
3 740 770 771
3 740 771 741
3 741 771 772
3 741 772 742
3 742 772 773
3 742 773 743
3 743 773 774
3 743 774 744
3 744 774 775
3 744 775 745
3 745 775 776
3 745 776 746
3 746 776 777
3 746 777 747
3 747 777 778
3 747 778 748
3 748 778 779
3 748 779 749
3 750 780 781
3 750 781 751
3 751 781 782
3 751 782 752
3 752 782 783
3 752 783 753
3 753 783 784
3 753 784 754
3 754 784 785
3 754 785 755
3 755 785 786
3 755 786 756
3 756 786 787
3 756 787 757
3 757 787 788
3 757 788 758
3 758 788 789
3 758 789 759
3 759 789 790
3 759 790 760
3 760 790 791
3 760 791 761
3 761 791 792
3 761 792 762
3 762 792 793
3 762 793 763
3 763 793 794
3 763 794 764
3 764 794 795
3 764 795 765
3 765 795 796
3 765 796 766
3 766 796 797
3 766 797 767
3 767 797 798
3 767 798 768
3 768 798 799
3 768 799 769
3 769 799 800
3 769 800 770
3 770 800 801
3 770 801 771
3 771 801 802
3 771 802 772
3 772 802 803
3 772 803 773
3 773 803 804
3 773 804 774
3 774 804 805
3 774 805 775
3 775 805 806
3 775 806 776
3 776 806 807
3 776 807 777
3 777 807 808
3 777 808 778
3 778 808 809
3 778 809 779
3 780 810 811
3 780 811 781
3 781 811 812
3 781 812 782
3 782 812 813
3 782 813 783
3 783 813 814
3 783 814 784
3 784 814 815
3 784 815 785
3 785 815 816
3 785 816 786
3 786 816 817
3 786 817 787
3 787 817 818
3 787 818 788
3 788 818 819
3 788 819 789
3 789 819 820
3 789 820 790
3 790 820 821
3 790 821 791
3 791 821 822
3 791 822 792
3 792 822 823
3 792 823 793
3 793 823 824
3 793 824 794
3 794 824 825
3 794 825 795
3 795 825 826
3 795 826 796
3 796 826 827
3 796 827 797
3 797 827 828
3 797 828 798
3 798 828 829
3 798 829 799
3 799 829 830
3 799 830 800
3 800 830 831
3 800 831 801
3 801 831 832
3 801 832 802
3 802 832 833
3 802 833 803
3 803 833 834
3 803 834 804
3 804 834 835
3 804 835 805
3 805 835 836
3 805 836 806
3 806 836 837
3 806 837 807
3 807 837 838
3 807 838 808
3 808 838 839
3 808 839 809
3 810 840 841
3 810 841 811
3 811 841 842
3 811 842 812
3 812 842 843
3 812 843 813
3 813 843 844
3 813 844 814
3 814 844 845
3 814 845 815
3 815 845 846
3 815 846 816
3 816 846 847
3 816 847 817
3 817 847 848
3 817 848 818
3 818 848 849
3 818 849 819
3 819 849 850
3 819 850 820
3 820 850 851
3 820 851 821
3 821 851 852
3 821 852 822
3 822 852 853
3 822 853 823
3 823 853 854
3 823 854 824
3 824 854 855
3 824 855 825
3 825 855 856
3 825 856 826
3 826 856 857
3 826 857 827
3 827 857 858
3 827 858 828
3 828 858 859
3 828 859 829
3 829 859 860
3 829 860 830
3 830 860 861
3 830 861 831
3 831 861 862
3 831 862 832
3 832 862 863
3 832 863 833
3 833 863 864
3 833 864 834
3 834 864 865
3 834 865 835
3 835 865 866
3 835 866 836
3 836 866 867
3 836 867 837
3 837 867 868
3 837 868 838
3 838 868 869
3 838 869 839
3 840 870 871
3 840 871 841
3 841 871 872
3 841 872 842
3 842 872 873
3 842 873 843
3 843 873 874
3 843 874 844
3 844 874 875
3 844 875 845
3 845 875 876
3 845 876 846
3 846 876 877
3 846 877 847
3 847 877 878
3 847 878 848
3 848 878 879
3 848 879 849
3 849 879 880
3 849 880 850
3 850 880 881
3 850 881 851
3 851 881 882
3 851 882 852
3 852 882 883
3 852 883 853
3 853 883 884
3 853 884 854
3 854 884 885
3 854 885 855
3 855 885 886
3 855 886 856
3 856 886 887
3 856 887 857
3 857 887 888
3 857 888 858
3 858 888 889
3 858 889 859
3 859 889 890
3 859 890 860
3 860 890 891
3 860 891 861
3 861 891 892
3 861 892 862
3 862 892 893
3 862 893 863
3 863 893 894
3 863 894 864
3 864 894 895
3 864 895 865
3 865 895 896
3 865 896 866
3 866 896 897
3 866 897 867
3 867 897 898
3 867 898 868
3 868 898 899
3 868 899 869
3 870 900 901
3 870 901 871
3 871 901 902
3 871 902 872
3 872 902 903
3 872 903 873
3 873 903 904
3 873 904 874
3 874 904 905
3 874 905 875
3 875 905 906
3 875 906 876
3 876 906 907
3 876 907 877
3 877 907 908
3 877 908 878
3 878 908 909
3 878 909 879
3 879 909 910
3 879 910 880
3 880 910 911
3 880 911 881
3 881 911 912
3 881 912 882
3 882 912 913
3 882 913 883
3 883 913 914
3 883 914 884
3 884 914 915
3 884 915 885
3 885 915 916
3 885 916 886
3 886 916 917
3 886 917 887
3 887 917 918
3 887 918 888
3 888 918 919
3 888 919 889
3 889 919 920
3 889 920 890
3 890 920 921
3 890 921 891
3 891 921 922
3 891 922 892
3 892 922 923
3 892 923 893
3 893 923 924
3 893 924 894
3 894 924 925
3 894 925 895
3 895 925 926
3 895 926 896
3 896 926 927
3 896 927 897
3 897 927 928
3 897 928 898
3 898 928 929
3 898 929 899
3 900 930 931
3 900 931 901
3 901 931 932
3 901 932 902
3 902 932 933
3 902 933 903
3 903 933 934
3 903 934 904
3 904 934 935
3 904 935 905
3 905 935 936
3 905 936 906
3 906 936 937
3 906 937 907
3 907 937 938
3 907 938 908
3 908 938 939
3 908 939 909
3 909 939 940
3 909 940 910
3 910 940 941
3 910 941 911
3 911 941 942
3 911 942 912
3 912 942 943
3 912 943 913
3 913 943 944
3 913 944 914
3 914 944 945
3 914 945 915
3 915 945 946
3 915 946 916
3 916 946 947
3 916 947 917
3 917 947 948
3 917 948 918
3 918 948 949
3 918 949 919
3 919 949 950
3 919 950 920
3 920 950 951
3 920 951 921
3 921 951 952
3 921 952 922
3 922 952 953
3 922 953 923
3 923 953 954
3 923 954 924
3 924 954 955
3 924 955 925
3 925 955 956
3 925 956 926
3 926 956 957
3 926 957 927
3 927 957 958
3 927 958 928
3 928 958 959
3 928 959 929
3 930 960 961
3 930 961 931
3 931 961 962
3 931 962 932
3 932 962 963
3 932 963 933
3 933 963 964
3 933 964 934
3 934 964 965
3 934 965 935
3 935 965 966
3 935 966 936
3 936 966 967
3 936 967 937
3 937 967 968
3 937 968 938
3 938 968 969
3 938 969 939
3 939 969 970
3 939 970 940
3 940 970 971
3 940 971 941
3 941 971 972
3 941 972 942
3 942 972 973
3 942 973 943
3 943 973 974
3 943 974 944
3 944 974 975
3 944 975 945
3 945 975 976
3 945 976 946
3 946 976 977
3 946 977 947
3 947 977 978
3 947 978 948
3 948 978 979
3 948 979 949
3 949 979 980
3 949 980 950
3 950 980 981
3 950 981 951
3 951 981 982
3 951 982 952
3 952 982 983
3 952 983 953
3 953 983 984
3 953 984 954
3 954 984 985
3 954 985 955
3 955 985 986
3 955 986 956
3 956 986 987
3 956 987 957
3 957 987 988
3 957 988 958
3 958 988 989
3 958 989 959
3 960 990 991
3 960 991 961
3 961 991 992
3 961 992 962
3 962 992 993
3 962 993 963
3 963 993 994
3 963 994 964
3 964 994 995
3 964 995 965
3 965 995 996
3 965 996 966
3 966 996 997
3 966 997 967
3 967 997 998
3 967 998 968
3 968 998 999
3 968 999 969
3 969 999 1000
3 969 1000 970
3 970 1000 1001
3 970 1001 971
3 971 1001 1002
3 971 1002 972
3 972 1002 1003
3 972 1003 973
3 973 1003 1004
3 973 1004 974
3 974 1004 1005
3 974 1005 975
3 975 1005 1006
3 975 1006 976
3 976 1006 1007
3 976 1007 977
3 977 1007 1008
3 977 1008 978
3 978 1008 1009
3 978 1009 979
3 979 1009 1010
3 979 1010 980
3 980 1010 1011
3 980 1011 981
3 981 1011 1012
3 981 1012 982
3 982 1012 1013
3 982 1013 983
3 983 1013 1014
3 983 1014 984
3 984 1014 1015
3 984 1015 985
3 985 1015 1016
3 985 1016 986
3 986 1016 1017
3 986 1017 987
3 987 1017 1018
3 987 1018 988
3 988 1018 1019
3 988 1019 989
3 990 1020 1021
3 990 1021 991
3 991 1021 1022
3 991 1022 992
3 992 1022 1023
3 992 1023 993
3 993 1023 1024
3 993 1024 994
3 994 1024 1025
3 994 1025 995
3 995 1025 1026
3 995 1026 996
3 996 1026 1027
3 996 1027 997
3 997 1027 1028
3 997 1028 998
3 998 1028 1029
3 998 1029 999
3 999 1029 1030
3 999 1030 1000
3 1000 1030 1031
3 1000 1031 1001
3 1001 1031 1032
3 1001 1032 1002
3 1002 1032 1033
3 1002 1033 1003
3 1003 1033 1034
3 1003 1034 1004
3 1004 1034 1035
3 1004 1035 1005
3 1005 1035 1036
3 1005 1036 1006
3 1006 1036 1037
3 1006 1037 1007
3 1007 1037 1038
3 1007 1038 1008
3 1008 1038 1039
3 1008 1039 1009
3 1009 1039 1040
3 1009 1040 1010
3 1010 1040 1041
3 1010 1041 1011
3 1011 1041 1042
3 1011 1042 1012
3 1012 1042 1043
3 1012 1043 1013
3 1013 1043 1044
3 1013 1044 1014
3 1014 1044 1045
3 1014 1045 1015
3 1015 1045 1046
3 1015 1046 1016
3 1016 1046 1047
3 1016 1047 1017
3 1017 1047 1048
3 1017 1048 1018
3 1018 1048 1049
3 1018 1049 1019
3 1020 1050 1051
3 1020 1051 1021
3 1021 1051 1052
3 1021 1052 1022
3 1022 1052 1053
3 1022 1053 1023
3 1023 1053 1054
3 1023 1054 1024
3 1024 1054 1055
3 1024 1055 1025
3 1025 1055 1056
3 1025 1056 1026
3 1026 1056 1057
3 1026 1057 1027
3 1027 1057 1058
3 1027 1058 1028
3 1028 1058 1059
3 1028 1059 1029
3 1029 1059 1060
3 1029 1060 1030
3 1030 1060 1061
3 1030 1061 1031
3 1031 1061 1062
3 1031 1062 1032
3 1032 1062 1063
3 1032 1063 1033
3 1033 1063 1064
3 1033 1064 1034
3 1034 1064 1065
3 1034 1065 1035
3 1035 1065 1066
3 1035 1066 1036
3 1036 1066 1067
3 1036 1067 1037
3 1037 1067 1068
3 1037 1068 1038
3 1038 1068 1069
3 1038 1069 1039
3 1039 1069 1070
3 1039 1070 1040
3 1040 1070 1071
3 1040 1071 1041
3 1041 1071 1072
3 1041 1072 1042
3 1042 1072 1073
3 1042 1073 1043
3 1043 1073 1074
3 1043 1074 1044
3 1044 1074 1075
3 1044 1075 1045
3 1045 1075 1076
3 1045 1076 1046
3 1046 1076 1077
3 1046 1077 1047
3 1047 1077 1078
3 1047 1078 1048
3 1048 1078 1079
3 1048 1079 1049
3 1050 1080 1081
3 1050 1081 1051
3 1051 1081 1082
3 1051 1082 1052
3 1052 1082 1083
3 1052 1083 1053
3 1053 1083 1084
3 1053 1084 1054
3 1054 1084 1085
3 1054 1085 1055
3 1055 1085 1086
3 1055 1086 1056
3 1056 1086 1087
3 1056 1087 1057
3 1057 1087 1088
3 1057 1088 1058
3 1058 1088 1089
3 1058 1089 1059
3 1059 1089 1090
3 1059 1090 1060
3 1060 1090 1091
3 1060 1091 1061
3 1061 1091 1092
3 1061 1092 1062
3 1062 1092 1093
3 1062 1093 1063
3 1063 1093 1094
3 1063 1094 1064
3 1064 1094 1095
3 1064 1095 1065
3 1065 1095 1096
3 1065 1096 1066
3 1066 1096 1097
3 1066 1097 1067
3 1067 1097 1098
3 1067 1098 1068
3 1068 1098 1099
3 1068 1099 1069
3 1069 1099 1100
3 1069 1100 1070
3 1070 1100 1101
3 1070 1101 1071
3 1071 1101 1102
3 1071 1102 1072
3 1072 1102 1103
3 1072 1103 1073
3 1073 1103 1104
3 1073 1104 1074
3 1074 1104 1105
3 1074 1105 1075
3 1075 1105 1106
3 1075 1106 1076
3 1076 1106 1107
3 1076 1107 1077
3 1077 1107 1108
3 1077 1108 1078
3 1078 1108 1109
3 1078 1109 1079
3 1080 1110 1111
3 1080 1111 1081
3 1081 1111 1112
3 1081 1112 1082
3 1082 1112 1113
3 1082 1113 1083
3 1083 1113 1114
3 1083 1114 1084
3 1084 1114 1115
3 1084 1115 1085
3 1085 1115 1116
3 1085 1116 1086
3 1086 1116 1117
3 1086 1117 1087
3 1087 1117 1118
3 1087 1118 1088
3 1088 1118 1119
3 1088 1119 1089
3 1089 1119 1120
3 1089 1120 1090
3 1090 1120 1121
3 1090 1121 1091
3 1091 1121 1122
3 1091 1122 1092
3 1092 1122 1123
3 1092 1123 1093
3 1093 1123 1124
3 1093 1124 1094
3 1094 1124 1125
3 1094 1125 1095
3 1095 1125 1126
3 1095 1126 1096
3 1096 1126 1127
3 1096 1127 1097
3 1097 1127 1128
3 1097 1128 1098
3 1098 1128 1129
3 1098 1129 1099
3 1099 1129 1130
3 1099 1130 1100
3 1100 1130 1131
3 1100 1131 1101
3 1101 1131 1132
3 1101 1132 1102
3 1102 1132 1133
3 1102 1133 1103
3 1103 1133 1134
3 1103 1134 1104
3 1104 1134 1135
3 1104 1135 1105
3 1105 1135 1136
3 1105 1136 1106
3 1106 1136 1137
3 1106 1137 1107
3 1107 1137 1138
3 1107 1138 1108
3 1108 1138 1139
3 1108 1139 1109
3 1110 1140 1141
3 1110 1141 1111
3 1111 1141 1142
3 1111 1142 1112
3 1112 1142 1143
3 1112 1143 1113
3 1113 1143 1144
3 1113 1144 1114
3 1114 1144 1145
3 1114 1145 1115
3 1115 1145 1146
3 1115 1146 1116
3 1116 1146 1147
3 1116 1147 1117
3 1117 1147 1148
3 1117 1148 1118
3 1118 1148 1149
3 1118 1149 1119
3 1119 1149 1150
3 1119 1150 1120
3 1120 1150 1151
3 1120 1151 1121
3 1121 1151 1152
3 1121 1152 1122
3 1122 1152 1153
3 1122 1153 1123
3 1123 1153 1154
3 1123 1154 1124
3 1124 1154 1155
3 1124 1155 1125
3 1125 1155 1156
3 1125 1156 1126
3 1126 1156 1157
3 1126 1157 1127
3 1127 1157 1158
3 1127 1158 1128
3 1128 1158 1159
3 1128 1159 1129
3 1129 1159 1160
3 1129 1160 1130
3 1130 1160 1161
3 1130 1161 1131
3 1131 1161 1162
3 1131 1162 1132
3 1132 1162 1163
3 1132 1163 1133
3 1133 1163 1164
3 1133 1164 1134
3 1134 1164 1165
3 1134 1165 1135
3 1135 1165 1166
3 1135 1166 1136
3 1136 1166 1167
3 1136 1167 1137
3 1137 1167 1168
3 1137 1168 1138
3 1138 1168 1169
3 1138 1169 1139
3 1140 1170 1171
3 1140 1171 1141
3 1141 1171 1172
3 1141 1172 1142
3 1142 1172 1173
3 1142 1173 1143
3 1143 1173 1174
3 1143 1174 1144
3 1144 1174 1175
3 1144 1175 1145
3 1145 1175 1176
3 1145 1176 1146
3 1146 1176 1177
3 1146 1177 1147
3 1147 1177 1178
3 1147 1178 1148
3 1148 1178 1179
3 1148 1179 1149
3 1149 1179 1180
3 1149 1180 1150
3 1150 1180 1181
3 1150 1181 1151
3 1151 1181 1182
3 1151 1182 1152
3 1152 1182 1183
3 1152 1183 1153
3 1153 1183 1184
3 1153 1184 1154
3 1154 1184 1185
3 1154 1185 1155
3 1155 1185 1186
3 1155 1186 1156
3 1156 1186 1187
3 1156 1187 1157
3 1157 1187 1188
3 1157 1188 1158
3 1158 1188 1189
3 1158 1189 1159
3 1159 1189 1190
3 1159 1190 1160
3 1160 1190 1191
3 1160 1191 1161
3 1161 1191 1192
3 1161 1192 1162
3 1162 1192 1193
3 1162 1193 1163
3 1163 1193 1194
3 1163 1194 1164
3 1164 1194 1195
3 1164 1195 1165
3 1165 1195 1196
3 1165 1196 1166
3 1166 1196 1197
3 1166 1197 1167
3 1167 1197 1198
3 1167 1198 1168
3 1168 1198 1199
3 1168 1199 1169
3 1170 1200 1201
3 1170 1201 1171
3 1171 1201 1202
3 1171 1202 1172
3 1172 1202 1203
3 1172 1203 1173
3 1173 1203 1204
3 1173 1204 1174
3 1174 1204 1205
3 1174 1205 1175
3 1175 1205 1206
3 1175 1206 1176
3 1176 1206 1207
3 1176 1207 1177
3 1177 1207 1208
3 1177 1208 1178
3 1178 1208 1209
3 1178 1209 1179
3 1179 1209 1210
3 1179 1210 1180
3 1180 1210 1211
3 1180 1211 1181
3 1181 1211 1212
3 1181 1212 1182
3 1182 1212 1213
3 1182 1213 1183
3 1183 1213 1214
3 1183 1214 1184
3 1184 1214 1215
3 1184 1215 1185
3 1185 1215 1216
3 1185 1216 1186
3 1186 1216 1217
3 1186 1217 1187
3 1187 1217 1218
3 1187 1218 1188
3 1188 1218 1219
3 1188 1219 1189
3 1189 1219 1220
3 1189 1220 1190
3 1190 1220 1221
3 1190 1221 1191
3 1191 1221 1222
3 1191 1222 1192
3 1192 1222 1223
3 1192 1223 1193
3 1193 1223 1224
3 1193 1224 1194
3 1194 1224 1225
3 1194 1225 1195
3 1195 1225 1226
3 1195 1226 1196
3 1196 1226 1227
3 1196 1227 1197
3 1197 1227 1228
3 1197 1228 1198
3 1198 1228 1229
3 1198 1229 1199
3 1200 1230 1231
3 1200 1231 1201
3 1201 1231 1232
3 1201 1232 1202
3 1202 1232 1233
3 1202 1233 1203
3 1203 1233 1234
3 1203 1234 1204
3 1204 1234 1235
3 1204 1235 1205
3 1205 1235 1236
3 1205 1236 1206
3 1206 1236 1237
3 1206 1237 1207
3 1207 1237 1238
3 1207 1238 1208
3 1208 1238 1239
3 1208 1239 1209
3 1209 1239 1240
3 1209 1240 1210
3 1210 1240 1241
3 1210 1241 1211
3 1211 1241 1242
3 1211 1242 1212
3 1212 1242 1243
3 1212 1243 1213
3 1213 1243 1244
3 1213 1244 1214
3 1214 1244 1245
3 1214 1245 1215
3 1215 1245 1246
3 1215 1246 1216
3 1216 1246 1247
3 1216 1247 1217
3 1217 1247 1248
3 1217 1248 1218
3 1218 1248 1249
3 1218 1249 1219
3 1219 1249 1250
3 1219 1250 1220
3 1220 1250 1251
3 1220 1251 1221
3 1221 1251 1252
3 1221 1252 1222
3 1222 1252 1253
3 1222 1253 1223
3 1223 1253 1254
3 1223 1254 1224
3 1224 1254 1255
3 1224 1255 1225
3 1225 1255 1256
3 1225 1256 1226
3 1226 1256 1257
3 1226 1257 1227
3 1227 1257 1258
3 1227 1258 1228
3 1228 1258 1259
3 1228 1259 1229
3 1230 1260 1261
3 1230 1261 1231
3 1231 1261 1262
3 1231 1262 1232
3 1232 1262 1263
3 1232 1263 1233
3 1233 1263 1264
3 1233 1264 1234
3 1234 1264 1265
3 1234 1265 1235
3 1235 1265 1266
3 1235 1266 1236
3 1236 1266 1267
3 1236 1267 1237
3 1237 1267 1268
3 1237 1268 1238
3 1238 1268 1269
3 1238 1269 1239
3 1239 1269 1270
3 1239 1270 1240
3 1240 1270 1271
3 1240 1271 1241
3 1241 1271 1272
3 1241 1272 1242
3 1242 1272 1273
3 1242 1273 1243
3 1243 1273 1274
3 1243 1274 1244
3 1244 1274 1275
3 1244 1275 1245
3 1245 1275 1276
3 1245 1276 1246
3 1246 1276 1277
3 1246 1277 1247
3 1247 1277 1278
3 1247 1278 1248
3 1248 1278 1279
3 1248 1279 1249
3 1249 1279 1280
3 1249 1280 1250
3 1250 1280 1281
3 1250 1281 1251
3 1251 1281 1282
3 1251 1282 1252
3 1252 1282 1283
3 1252 1283 1253
3 1253 1283 1284
3 1253 1284 1254
3 1254 1284 1285
3 1254 1285 1255
3 1255 1285 1286
3 1255 1286 1256
3 1256 1286 1287
3 1256 1287 1257
3 1257 1287 1288
3 1257 1288 1258
3 1258 1288 1289
3 1258 1289 1259
3 1260 1290 1291
3 1260 1291 1261
3 1261 1291 1292
3 1261 1292 1262
3 1262 1292 1293
3 1262 1293 1263
3 1263 1293 1294
3 1263 1294 1264
3 1264 1294 1295
3 1264 1295 1265
3 1265 1295 1296
3 1265 1296 1266
3 1266 1296 1297
3 1266 1297 1267
3 1267 1297 1298
3 1267 1298 1268
3 1268 1298 1299
3 1268 1299 1269
3 1269 1299 1300
3 1269 1300 1270
3 1270 1300 1301
3 1270 1301 1271
3 1271 1301 1302
3 1271 1302 1272
3 1272 1302 1303
3 1272 1303 1273
3 1273 1303 1304
3 1273 1304 1274
3 1274 1304 1305
3 1274 1305 1275
3 1275 1305 1306
3 1275 1306 1276
3 1276 1306 1307
3 1276 1307 1277
3 1277 1307 1308
3 1277 1308 1278
3 1278 1308 1309
3 1278 1309 1279
3 1279 1309 1310
3 1279 1310 1280
3 1280 1310 1311
3 1280 1311 1281
3 1281 1311 1312
3 1281 1312 1282
3 1282 1312 1313
3 1282 1313 1283
3 1283 1313 1314
3 1283 1314 1284
3 1284 1314 1315
3 1284 1315 1285
3 1285 1315 1316
3 1285 1316 1286
3 1286 1316 1317
3 1286 1317 1287
3 1287 1317 1318
3 1287 1318 1288
3 1288 1318 1319
3 1288 1319 1289
3 1290 1320 1321
3 1290 1321 1291
3 1291 1321 1322
3 1291 1322 1292
3 1292 1322 1323
3 1292 1323 1293
3 1293 1323 1324
3 1293 1324 1294
3 1294 1324 1325
3 1294 1325 1295
3 1295 1325 1326
3 1295 1326 1296
3 1296 1326 1327
3 1296 1327 1297
3 1297 1327 1328
3 1297 1328 1298
3 1298 1328 1329
3 1298 1329 1299
3 1299 1329 1330
3 1299 1330 1300
3 1300 1330 1331
3 1300 1331 1301
3 1301 1331 1332
3 1301 1332 1302
3 1302 1332 1333
3 1302 1333 1303
3 1303 1333 1334
3 1303 1334 1304
3 1304 1334 1335
3 1304 1335 1305
3 1305 1335 1336
3 1305 1336 1306
3 1306 1336 1337
3 1306 1337 1307
3 1307 1337 1338
3 1307 1338 1308
3 1308 1338 1339
3 1308 1339 1309
3 1309 1339 1340
3 1309 1340 1310
3 1310 1340 1341
3 1310 1341 1311
3 1311 1341 1342
3 1311 1342 1312
3 1312 1342 1343
3 1312 1343 1313
3 1313 1343 1344
3 1313 1344 1314
3 1314 1344 1345
3 1314 1345 1315
3 1315 1345 1346
3 1315 1346 1316
3 1316 1346 1347
3 1316 1347 1317
3 1317 1347 1348
3 1317 1348 1318
3 1318 1348 1349
3 1318 1349 1319
3 1320 1350 1351
3 1320 1351 1321
3 1321 1351 1352
3 1321 1352 1322
3 1322 1352 1353
3 1322 1353 1323
3 1323 1353 1354
3 1323 1354 1324
3 1324 1354 1355
3 1324 1355 1325
3 1325 1355 1356
3 1325 1356 1326
3 1326 1356 1357
3 1326 1357 1327
3 1327 1357 1358
3 1327 1358 1328
3 1328 1358 1359
3 1328 1359 1329
3 1329 1359 1360
3 1329 1360 1330
3 1330 1360 1361
3 1330 1361 1331
3 1331 1361 1362
3 1331 1362 1332
3 1332 1362 1363
3 1332 1363 1333
3 1333 1363 1364
3 1333 1364 1334
3 1334 1364 1365
3 1334 1365 1335
3 1335 1365 1366
3 1335 1366 1336
3 1336 1366 1367
3 1336 1367 1337
3 1337 1367 1368
3 1337 1368 1338
3 1338 1368 1369
3 1338 1369 1339
3 1339 1369 1370
3 1339 1370 1340
3 1340 1370 1371
3 1340 1371 1341
3 1341 1371 1372
3 1341 1372 1342
3 1342 1372 1373
3 1342 1373 1343
3 1343 1373 1374
3 1343 1374 1344
3 1344 1374 1375
3 1344 1375 1345
3 1345 1375 1376
3 1345 1376 1346
3 1346 1376 1377
3 1346 1377 1347
3 1347 1377 1378
3 1347 1378 1348
3 1348 1378 1379
3 1348 1379 1349
3 1350 1380 1381
3 1350 1381 1351
3 1351 1381 1382
3 1351 1382 1352
3 1352 1382 1383
3 1352 1383 1353
3 1353 1383 1384
3 1353 1384 1354
3 1354 1384 1385
3 1354 1385 1355
3 1355 1385 1386
3 1355 1386 1356
3 1356 1386 1387
3 1356 1387 1357
3 1357 1387 1388
3 1357 1388 1358
3 1358 1388 1389
3 1358 1389 1359
3 1359 1389 1390
3 1359 1390 1360
3 1360 1390 1391
3 1360 1391 1361
3 1361 1391 1392
3 1361 1392 1362
3 1362 1392 1393
3 1362 1393 1363
3 1363 1393 1394
3 1363 1394 1364
3 1364 1394 1395
3 1364 1395 1365
3 1365 1395 1396
3 1365 1396 1366
3 1366 1396 1397
3 1366 1397 1367
3 1367 1397 1398
3 1367 1398 1368
3 1368 1398 1399
3 1368 1399 1369
3 1369 1399 1400
3 1369 1400 1370
3 1370 1400 1401
3 1370 1401 1371
3 1371 1401 1402
3 1371 1402 1372
3 1372 1402 1403
3 1372 1403 1373
3 1373 1403 1404
3 1373 1404 1374
3 1374 1404 1405
3 1374 1405 1375
3 1375 1405 1406
3 1375 1406 1376
3 1376 1406 1407
3 1376 1407 1377
3 1377 1407 1408
3 1377 1408 1378
3 1378 1408 1409
3 1378 1409 1379
3 1380 1410 1411
3 1380 1411 1381
3 1381 1411 1412
3 1381 1412 1382
3 1382 1412 1413
3 1382 1413 1383
3 1383 1413 1414
3 1383 1414 1384
3 1384 1414 1415
3 1384 1415 1385
3 1385 1415 1416
3 1385 1416 1386
3 1386 1416 1417
3 1386 1417 1387
3 1387 1417 1418
3 1387 1418 1388
3 1388 1418 1419
3 1388 1419 1389
3 1389 1419 1420
3 1389 1420 1390
3 1390 1420 1421
3 1390 1421 1391
3 1391 1421 1422
3 1391 1422 1392
3 1392 1422 1423
3 1392 1423 1393
3 1393 1423 1424
3 1393 1424 1394
3 1394 1424 1425
3 1394 1425 1395
3 1395 1425 1426
3 1395 1426 1396
3 1396 1426 1427
3 1396 1427 1397
3 1397 1427 1428
3 1397 1428 1398
3 1398 1428 1429
3 1398 1429 1399
3 1399 1429 1430
3 1399 1430 1400
3 1400 1430 1431
3 1400 1431 1401
3 1401 1431 1432
3 1401 1432 1402
3 1402 1432 1433
3 1402 1433 1403
3 1403 1433 1434
3 1403 1434 1404
3 1404 1434 1435
3 1404 1435 1405
3 1405 1435 1436
3 1405 1436 1406
3 1406 1436 1437
3 1406 1437 1407
3 1407 1437 1438
3 1407 1438 1408
3 1408 1438 1439
3 1408 1439 1409
3 1410 1440 1441
3 1410 1441 1411
3 1411 1441 1442
3 1411 1442 1412
3 1412 1442 1443
3 1412 1443 1413
3 1413 1443 1444
3 1413 1444 1414
3 1414 1444 1445
3 1414 1445 1415
3 1415 1445 1446
3 1415 1446 1416
3 1416 1446 1447
3 1416 1447 1417
3 1417 1447 1448
3 1417 1448 1418
3 1418 1448 1449
3 1418 1449 1419
3 1419 1449 1450
3 1419 1450 1420
3 1420 1450 1451
3 1420 1451 1421
3 1421 1451 1452
3 1421 1452 1422
3 1422 1452 1453
3 1422 1453 1423
3 1423 1453 1454
3 1423 1454 1424
3 1424 1454 1455
3 1424 1455 1425
3 1425 1455 1456
3 1425 1456 1426
3 1426 1456 1457
3 1426 1457 1427
3 1427 1457 1458
3 1427 1458 1428
3 1428 1458 1459
3 1428 1459 1429
3 1429 1459 1460
3 1429 1460 1430
3 1430 1460 1461
3 1430 1461 1431
3 1431 1461 1462
3 1431 1462 1432
3 1432 1462 1463
3 1432 1463 1433
3 1433 1463 1464
3 1433 1464 1434
3 1434 1464 1465
3 1434 1465 1435
3 1435 1465 1466
3 1435 1466 1436
3 1436 1466 1467
3 1436 1467 1437
3 1437 1467 1468
3 1437 1468 1438
3 1438 1468 1469
3 1438 1469 1439
3 1440 1470 1471
3 1440 1471 1441
3 1441 1471 1472
3 1441 1472 1442
3 1442 1472 1473
3 1442 1473 1443
3 1443 1473 1474
3 1443 1474 1444
3 1444 1474 1475
3 1444 1475 1445
3 1445 1475 1476
3 1445 1476 1446
3 1446 1476 1477
3 1446 1477 1447
3 1447 1477 1478
3 1447 1478 1448
3 1448 1478 1479
3 1448 1479 1449
3 1449 1479 1480
3 1449 1480 1450
3 1450 1480 1481
3 1450 1481 1451
3 1451 1481 1482
3 1451 1482 1452
3 1452 1482 1483
3 1452 1483 1453
3 1453 1483 1484
3 1453 1484 1454
3 1454 1484 1485
3 1454 1485 1455
3 1455 1485 1486
3 1455 1486 1456
3 1456 1486 1487
3 1456 1487 1457
3 1457 1487 1488
3 1457 1488 1458
3 1458 1488 1489
3 1458 1489 1459
3 1459 1489 1490
3 1459 1490 1460
3 1460 1490 1491
3 1460 1491 1461
3 1461 1491 1492
3 1461 1492 1462
3 1462 1492 1493
3 1462 1493 1463
3 1463 1493 1494
3 1463 1494 1464
3 1464 1494 1495
3 1464 1495 1465
3 1465 1495 1496
3 1465 1496 1466
3 1466 1496 1497
3 1466 1497 1467
3 1467 1497 1498
3 1467 1498 1468
3 1468 1498 1499
3 1468 1499 1469
3 1470 1500 1501
3 1470 1501 1471
3 1471 1501 1502
3 1471 1502 1472
3 1472 1502 1503
3 1472 1503 1473
3 1473 1503 1504
3 1473 1504 1474
3 1474 1504 1505
3 1474 1505 1475
3 1475 1505 1506
3 1475 1506 1476
3 1476 1506 1507
3 1476 1507 1477
3 1477 1507 1508
3 1477 1508 1478
3 1478 1508 1509
3 1478 1509 1479
3 1479 1509 1510
3 1479 1510 1480
3 1480 1510 1511
3 1480 1511 1481
3 1481 1511 1512
3 1481 1512 1482
3 1482 1512 1513
3 1482 1513 1483
3 1483 1513 1514
3 1483 1514 1484
3 1484 1514 1515
3 1484 1515 1485
3 1485 1515 1516
3 1485 1516 1486
3 1486 1516 1517
3 1486 1517 1487
3 1487 1517 1518
3 1487 1518 1488
3 1488 1518 1519
3 1488 1519 1489
3 1489 1519 1520
3 1489 1520 1490
3 1490 1520 1521
3 1490 1521 1491
3 1491 1521 1522
3 1491 1522 1492
3 1492 1522 1523
3 1492 1523 1493
3 1493 1523 1524
3 1493 1524 1494
3 1494 1524 1525
3 1494 1525 1495
3 1495 1525 1526
3 1495 1526 1496
3 1496 1526 1527
3 1496 1527 1497
3 1497 1527 1528
3 1497 1528 1498
3 1498 1528 1529
3 1498 1529 1499
3 1500 1530 1531
3 1500 1531 1501
3 1501 1531 1532
3 1501 1532 1502
3 1502 1532 1533
3 1502 1533 1503
3 1503 1533 1534
3 1503 1534 1504
3 1504 1534 1535
3 1504 1535 1505
3 1505 1535 1536
3 1505 1536 1506
3 1506 1536 1537
3 1506 1537 1507
3 1507 1537 1538
3 1507 1538 1508
3 1508 1538 1539
3 1508 1539 1509
3 1509 1539 1540
3 1509 1540 1510
3 1510 1540 1541
3 1510 1541 1511
3 1511 1541 1542
3 1511 1542 1512
3 1512 1542 1543
3 1512 1543 1513
3 1513 1543 1544
3 1513 1544 1514
3 1514 1544 1545
3 1514 1545 1515
3 1515 1545 1546
3 1515 1546 1516
3 1516 1546 1547
3 1516 1547 1517
3 1517 1547 1548
3 1517 1548 1518
3 1518 1548 1549
3 1518 1549 1519
3 1519 1549 1550
3 1519 1550 1520
3 1520 1550 1551
3 1520 1551 1521
3 1521 1551 1552
3 1521 1552 1522
3 1522 1552 1553
3 1522 1553 1523
3 1523 1553 1554
3 1523 1554 1524
3 1524 1554 1555
3 1524 1555 1525
3 1525 1555 1556
3 1525 1556 1526
3 1526 1556 1557
3 1526 1557 1527
3 1527 1557 1558
3 1527 1558 1528
3 1528 1558 1559
3 1528 1559 1529
3 1530 1560 1561
3 1530 1561 1531
3 1531 1561 1562
3 1531 1562 1532
3 1532 1562 1563
3 1532 1563 1533
3 1533 1563 1564
3 1533 1564 1534
3 1534 1564 1565
3 1534 1565 1535
3 1535 1565 1566
3 1535 1566 1536
3 1536 1566 1567
3 1536 1567 1537
3 1537 1567 1568
3 1537 1568 1538
3 1538 1568 1569
3 1538 1569 1539
3 1539 1569 1570
3 1539 1570 1540
3 1540 1570 1571
3 1540 1571 1541
3 1541 1571 1572
3 1541 1572 1542
3 1542 1572 1573
3 1542 1573 1543
3 1543 1573 1574
3 1543 1574 1544
3 1544 1574 1575
3 1544 1575 1545
3 1545 1575 1576
3 1545 1576 1546
3 1546 1576 1577
3 1546 1577 1547
3 1547 1577 1578
3 1547 1578 1548
3 1548 1578 1579
3 1548 1579 1549
3 1549 1579 1580
3 1549 1580 1550
3 1550 1580 1581
3 1550 1581 1551
3 1551 1581 1582
3 1551 1582 1552
3 1552 1582 1583
3 1552 1583 1553
3 1553 1583 1584
3 1553 1584 1554
3 1554 1584 1585
3 1554 1585 1555
3 1555 1585 1586
3 1555 1586 1556
3 1556 1586 1587
3 1556 1587 1557
3 1557 1587 1588
3 1557 1588 1558
3 1558 1588 1589
3 1558 1589 1559
3 1560 1590 1591
3 1560 1591 1561
3 1561 1591 1592
3 1561 1592 1562
3 1562 1592 1593
3 1562 1593 1563
3 1563 1593 1594
3 1563 1594 1564
3 1564 1594 1595
3 1564 1595 1565
3 1565 1595 1596
3 1565 1596 1566
3 1566 1596 1597
3 1566 1597 1567
3 1567 1597 1598
3 1567 1598 1568
3 1568 1598 1599
3 1568 1599 1569
3 1569 1599 1600
3 1569 1600 1570
3 1570 1600 1601
3 1570 1601 1571
3 1571 1601 1602
3 1571 1602 1572
3 1572 1602 1603
3 1572 1603 1573
3 1573 1603 1604
3 1573 1604 1574
3 1574 1604 1605
3 1574 1605 1575
3 1575 1605 1606
3 1575 1606 1576
3 1576 1606 1607
3 1576 1607 1577
3 1577 1607 1608
3 1577 1608 1578
3 1578 1608 1609
3 1578 1609 1579
3 1579 1609 1610
3 1579 1610 1580
3 1580 1610 1611
3 1580 1611 1581
3 1581 1611 1612
3 1581 1612 1582
3 1582 1612 1613
3 1582 1613 1583
3 1583 1613 1614
3 1583 1614 1584
3 1584 1614 1615
3 1584 1615 1585
3 1585 1615 1616
3 1585 1616 1586
3 1586 1616 1617
3 1586 1617 1587
3 1587 1617 1618
3 1587 1618 1588
3 1588 1618 1619
3 1588 1619 1589
3 1590 1620 1621
3 1590 1621 1591
3 1591 1621 1622
3 1591 1622 1592
3 1592 1622 1623
3 1592 1623 1593
3 1593 1623 1624
3 1593 1624 1594
3 1594 1624 1625
3 1594 1625 1595
3 1595 1625 1626
3 1595 1626 1596
3 1596 1626 1627
3 1596 1627 1597
3 1597 1627 1628
3 1597 1628 1598
3 1598 1628 1629
3 1598 1629 1599
3 1599 1629 1630
3 1599 1630 1600
3 1600 1630 1631
3 1600 1631 1601
3 1601 1631 1632
3 1601 1632 1602
3 1602 1632 1633
3 1602 1633 1603
3 1603 1633 1634
3 1603 1634 1604
3 1604 1634 1635
3 1604 1635 1605
3 1605 1635 1636
3 1605 1636 1606
3 1606 1636 1637
3 1606 1637 1607
3 1607 1637 1638
3 1607 1638 1608
3 1608 1638 1639
3 1608 1639 1609
3 1609 1639 1640
3 1609 1640 1610
3 1610 1640 1641
3 1610 1641 1611
3 1611 1641 1642
3 1611 1642 1612
3 1612 1642 1643
3 1612 1643 1613
3 1613 1643 1644
3 1613 1644 1614
3 1614 1644 1645
3 1614 1645 1615
3 1615 1645 1646
3 1615 1646 1616
3 1616 1646 1647
3 1616 1647 1617
3 1617 1647 1648
3 1617 1648 1618
3 1618 1648 1649
3 1618 1649 1619
3 1620 1650 1651
3 1620 1651 1621
3 1621 1651 1652
3 1621 1652 1622
3 1622 1652 1653
3 1622 1653 1623
3 1623 1653 1654
3 1623 1654 1624
3 1624 1654 1655
3 1624 1655 1625
3 1625 1655 1656
3 1625 1656 1626
3 1626 1656 1657
3 1626 1657 1627
3 1627 1657 1658
3 1627 1658 1628
3 1628 1658 1659
3 1628 1659 1629
3 1629 1659 1660
3 1629 1660 1630
3 1630 1660 1661
3 1630 1661 1631
3 1631 1661 1662
3 1631 1662 1632
3 1632 1662 1663
3 1632 1663 1633
3 1633 1663 1664
3 1633 1664 1634
3 1634 1664 1665
3 1634 1665 1635
3 1635 1665 1666
3 1635 1666 1636
3 1636 1666 1667
3 1636 1667 1637
3 1637 1667 1668
3 1637 1668 1638
3 1638 1668 1669
3 1638 1669 1639
3 1639 1669 1670
3 1639 1670 1640
3 1640 1670 1671
3 1640 1671 1641
3 1641 1671 1672
3 1641 1672 1642
3 1642 1672 1673
3 1642 1673 1643
3 1643 1673 1674
3 1643 1674 1644
3 1644 1674 1675
3 1644 1675 1645
3 1645 1675 1676
3 1645 1676 1646
3 1646 1676 1677
3 1646 1677 1647
3 1647 1677 1678
3 1647 1678 1648
3 1648 1678 1679
3 1648 1679 1649
3 1650 1680 1681
3 1650 1681 1651
3 1651 1681 1682
3 1651 1682 1652
3 1652 1682 1683
3 1652 1683 1653
3 1653 1683 1684
3 1653 1684 1654
3 1654 1684 1685
3 1654 1685 1655
3 1655 1685 1686
3 1655 1686 1656
3 1656 1686 1687
3 1656 1687 1657
3 1657 1687 1688
3 1657 1688 1658
3 1658 1688 1689
3 1658 1689 1659
3 1659 1689 1690
3 1659 1690 1660
3 1660 1690 1691
3 1660 1691 1661
3 1661 1691 1692
3 1661 1692 1662
3 1662 1692 1693
3 1662 1693 1663
3 1663 1693 1694
3 1663 1694 1664
3 1664 1694 1695
3 1664 1695 1665
3 1665 1695 1696
3 1665 1696 1666
3 1666 1696 1697
3 1666 1697 1667
3 1667 1697 1698
3 1667 1698 1668
3 1668 1698 1699
3 1668 1699 1669
3 1669 1699 1700
3 1669 1700 1670
3 1670 1700 1701
3 1670 1701 1671
3 1671 1701 1702
3 1671 1702 1672
3 1672 1702 1703
3 1672 1703 1673
3 1673 1703 1704
3 1673 1704 1674
3 1674 1704 1705
3 1674 1705 1675
3 1675 1705 1706
3 1675 1706 1676
3 1676 1706 1707
3 1676 1707 1677
3 1677 1707 1708
3 1677 1708 1678
3 1678 1708 1709
3 1678 1709 1679
3 1680 1710 1711
3 1680 1711 1681
3 1681 1711 1712
3 1681 1712 1682
3 1682 1712 1713
3 1682 1713 1683
3 1683 1713 1714
3 1683 1714 1684
3 1684 1714 1715
3 1684 1715 1685
3 1685 1715 1716
3 1685 1716 1686
3 1686 1716 1717
3 1686 1717 1687
3 1687 1717 1718
3 1687 1718 1688
3 1688 1718 1719
3 1688 1719 1689
3 1689 1719 1720
3 1689 1720 1690
3 1690 1720 1721
3 1690 1721 1691
3 1691 1721 1722
3 1691 1722 1692
3 1692 1722 1723
3 1692 1723 1693
3 1693 1723 1724
3 1693 1724 1694
3 1694 1724 1725
3 1694 1725 1695
3 1695 1725 1726
3 1695 1726 1696
3 1696 1726 1727
3 1696 1727 1697
3 1697 1727 1728
3 1697 1728 1698
3 1698 1728 1729
3 1698 1729 1699
3 1699 1729 1730
3 1699 1730 1700
3 1700 1730 1731
3 1700 1731 1701
3 1701 1731 1732
3 1701 1732 1702
3 1702 1732 1733
3 1702 1733 1703
3 1703 1733 1734
3 1703 1734 1704
3 1704 1734 1735
3 1704 1735 1705
3 1705 1735 1736
3 1705 1736 1706
3 1706 1736 1737
3 1706 1737 1707
3 1707 1737 1738
3 1707 1738 1708
3 1708 1738 1739
3 1708 1739 1709
3 1710 1740 1741
3 1710 1741 1711
3 1711 1741 1742
3 1711 1742 1712
3 1712 1742 1743
3 1712 1743 1713
3 1713 1743 1744
3 1713 1744 1714
3 1714 1744 1745
3 1714 1745 1715
3 1715 1745 1746
3 1715 1746 1716
3 1716 1746 1747
3 1716 1747 1717
3 1717 1747 1748
3 1717 1748 1718
3 1718 1748 1749
3 1718 1749 1719
3 1719 1749 1750
3 1719 1750 1720
3 1720 1750 1751
3 1720 1751 1721
3 1721 1751 1752
3 1721 1752 1722
3 1722 1752 1753
3 1722 1753 1723
3 1723 1753 1754
3 1723 1754 1724
3 1724 1754 1755
3 1724 1755 1725
3 1725 1755 1756
3 1725 1756 1726
3 1726 1756 1757
3 1726 1757 1727
3 1727 1757 1758
3 1727 1758 1728
3 1728 1758 1759
3 1728 1759 1729
3 1729 1759 1760
3 1729 1760 1730
3 1730 1760 1761
3 1730 1761 1731
3 1731 1761 1762
3 1731 1762 1732
3 1732 1762 1763
3 1732 1763 1733
3 1733 1763 1764
3 1733 1764 1734
3 1734 1764 1765
3 1734 1765 1735
3 1735 1765 1766
3 1735 1766 1736
3 1736 1766 1767
3 1736 1767 1737
3 1737 1767 1768
3 1737 1768 1738
3 1738 1768 1769
3 1738 1769 1739
3 1740 1770 1771
3 1740 1771 1741
3 1741 1771 1772
3 1741 1772 1742
3 1742 1772 1773
3 1742 1773 1743
3 1743 1773 1774
3 1743 1774 1744
3 1744 1774 1775
3 1744 1775 1745
3 1745 1775 1776
3 1745 1776 1746
3 1746 1776 1777
3 1746 1777 1747
3 1747 1777 1778
3 1747 1778 1748
3 1748 1778 1779
3 1748 1779 1749
3 1749 1779 1780
3 1749 1780 1750
3 1750 1780 1781
3 1750 1781 1751
3 1751 1781 1782
3 1751 1782 1752
3 1752 1782 1783
3 1752 1783 1753
3 1753 1783 1784
3 1753 1784 1754
3 1754 1784 1785
3 1754 1785 1755
3 1755 1785 1786
3 1755 1786 1756
3 1756 1786 1787
3 1756 1787 1757
3 1757 1787 1788
3 1757 1788 1758
3 1758 1788 1789
3 1758 1789 1759
3 1759 1789 1790
3 1759 1790 1760
3 1760 1790 1791
3 1760 1791 1761
3 1761 1791 1792
3 1761 1792 1762
3 1762 1792 1793
3 1762 1793 1763
3 1763 1793 1794
3 1763 1794 1764
3 1764 1794 1795
3 1764 1795 1765
3 1765 1795 1796
3 1765 1796 1766
3 1766 1796 1797
3 1766 1797 1767
3 1767 1797 1798
3 1767 1798 1768
3 1768 1798 1799
3 1768 1799 1769
3 1770 1800 1801
3 1770 1801 1771
3 1771 1801 1802
3 1771 1802 1772
3 1772 1802 1803
3 1772 1803 1773
3 1773 1803 1804
3 1773 1804 1774
3 1774 1804 1805
3 1774 1805 1775
3 1775 1805 1806
3 1775 1806 1776
3 1776 1806 1807
3 1776 1807 1777
3 1777 1807 1808
3 1777 1808 1778
3 1778 1808 1809
3 1778 1809 1779
3 1779 1809 1810
3 1779 1810 1780
3 1780 1810 1811
3 1780 1811 1781
3 1781 1811 1812
3 1781 1812 1782
3 1782 1812 1813
3 1782 1813 1783
3 1783 1813 1814
3 1783 1814 1784
3 1784 1814 1815
3 1784 1815 1785
3 1785 1815 1816
3 1785 1816 1786
3 1786 1816 1817
3 1786 1817 1787
3 1787 1817 1818
3 1787 1818 1788
3 1788 1818 1819
3 1788 1819 1789
3 1789 1819 1820
3 1789 1820 1790
3 1790 1820 1821
3 1790 1821 1791
3 1791 1821 1822
3 1791 1822 1792
3 1792 1822 1823
3 1792 1823 1793
3 1793 1823 1824
3 1793 1824 1794
3 1794 1824 1825
3 1794 1825 1795
3 1795 1825 1826
3 1795 1826 1796
3 1796 1826 1827
3 1796 1827 1797
3 1797 1827 1828
3 1797 1828 1798
3 1798 1828 1829
3 1798 1829 1799
3 1800 1830 1831
3 1800 1831 1801
3 1801 1831 1832
3 1801 1832 1802
3 1802 1832 1833
3 1802 1833 1803
3 1803 1833 1834
3 1803 1834 1804
3 1804 1834 1835
3 1804 1835 1805
3 1805 1835 1836
3 1805 1836 1806
3 1806 1836 1837
3 1806 1837 1807
3 1807 1837 1838
3 1807 1838 1808
3 1808 1838 1839
3 1808 1839 1809
3 1809 1839 1840
3 1809 1840 1810
3 1810 1840 1841
3 1810 1841 1811
3 1811 1841 1842
3 1811 1842 1812
3 1812 1842 1843
3 1812 1843 1813
3 1813 1843 1844
3 1813 1844 1814
3 1814 1844 1845
3 1814 1845 1815
3 1815 1845 1846
3 1815 1846 1816
3 1816 1846 1847
3 1816 1847 1817
3 1817 1847 1848
3 1817 1848 1818
3 1818 1848 1849
3 1818 1849 1819
3 1819 1849 1850
3 1819 1850 1820
3 1820 1850 1851
3 1820 1851 1821
3 1821 1851 1852
3 1821 1852 1822
3 1822 1852 1853
3 1822 1853 1823
3 1823 1853 1854
3 1823 1854 1824
3 1824 1854 1855
3 1824 1855 1825
3 1825 1855 1856
3 1825 1856 1826
3 1826 1856 1857
3 1826 1857 1827
3 1827 1857 1858
3 1827 1858 1828
3 1828 1858 1859
3 1828 1859 1829
3 1830 1860 1861
3 1830 1861 1831
3 1831 1861 1862
3 1831 1862 1832
3 1832 1862 1863
3 1832 1863 1833
3 1833 1863 1864
3 1833 1864 1834
3 1834 1864 1865
3 1834 1865 1835
3 1835 1865 1866
3 1835 1866 1836
3 1836 1866 1867
3 1836 1867 1837
3 1837 1867 1868
3 1837 1868 1838
3 1838 1868 1869
3 1838 1869 1839
3 1839 1869 1870
3 1839 1870 1840
3 1840 1870 1871
3 1840 1871 1841
3 1841 1871 1872
3 1841 1872 1842
3 1842 1872 1873
3 1842 1873 1843
3 1843 1873 1874
3 1843 1874 1844
3 1844 1874 1875
3 1844 1875 1845
3 1845 1875 1876
3 1845 1876 1846
3 1846 1876 1877
3 1846 1877 1847
3 1847 1877 1878
3 1847 1878 1848
3 1848 1878 1879
3 1848 1879 1849
3 1849 1879 1880
3 1849 1880 1850
3 1850 1880 1881
3 1850 1881 1851
3 1851 1881 1882
3 1851 1882 1852
3 1852 1882 1883
3 1852 1883 1853
3 1853 1883 1884
3 1853 1884 1854
3 1854 1884 1885
3 1854 1885 1855
3 1855 1885 1886
3 1855 1886 1856
3 1856 1886 1887
3 1856 1887 1857
3 1857 1887 1888
3 1857 1888 1858
3 1858 1888 1889
3 1858 1889 1859
3 1860 1890 1891
3 1860 1891 1861
3 1861 1891 1892
3 1861 1892 1862
3 1862 1892 1893
3 1862 1893 1863
3 1863 1893 1894
3 1863 1894 1864
3 1864 1894 1895
3 1864 1895 1865
3 1865 1895 1896
3 1865 1896 1866
3 1866 1896 1897
3 1866 1897 1867
3 1867 1897 1898
3 1867 1898 1868
3 1868 1898 1899
3 1868 1899 1869
3 1869 1899 1900
3 1869 1900 1870
3 1870 1900 1901
3 1870 1901 1871
3 1871 1901 1902
3 1871 1902 1872
3 1872 1902 1903
3 1872 1903 1873
3 1873 1903 1904
3 1873 1904 1874
3 1874 1904 1905
3 1874 1905 1875
3 1875 1905 1906
3 1875 1906 1876
3 1876 1906 1907
3 1876 1907 1877
3 1877 1907 1908
3 1877 1908 1878
3 1878 1908 1909
3 1878 1909 1879
3 1879 1909 1910
3 1879 1910 1880
3 1880 1910 1911
3 1880 1911 1881
3 1881 1911 1912
3 1881 1912 1882
3 1882 1912 1913
3 1882 1913 1883
3 1883 1913 1914
3 1883 1914 1884
3 1884 1914 1915
3 1884 1915 1885
3 1885 1915 1916
3 1885 1916 1886
3 1886 1916 1917
3 1886 1917 1887
3 1887 1917 1918
3 1887 1918 1888
3 1888 1918 1919
3 1888 1919 1889
3 1890 1920 1921
3 1890 1921 1891
3 1891 1921 1922
3 1891 1922 1892
3 1892 1922 1923
3 1892 1923 1893
3 1893 1923 1924
3 1893 1924 1894
3 1894 1924 1925
3 1894 1925 1895
3 1895 1925 1926
3 1895 1926 1896
3 1896 1926 1927
3 1896 1927 1897
3 1897 1927 1928
3 1897 1928 1898
3 1898 1928 1929
3 1898 1929 1899
3 1899 1929 1930
3 1899 1930 1900
3 1900 1930 1931
3 1900 1931 1901
3 1901 1931 1932
3 1901 1932 1902
3 1902 1932 1933
3 1902 1933 1903
3 1903 1933 1934
3 1903 1934 1904
3 1904 1934 1935
3 1904 1935 1905
3 1905 1935 1936
3 1905 1936 1906
3 1906 1936 1937
3 1906 1937 1907
3 1907 1937 1938
3 1907 1938 1908
3 1908 1938 1939
3 1908 1939 1909
3 1909 1939 1940
3 1909 1940 1910
3 1910 1940 1941
3 1910 1941 1911
3 1911 1941 1942
3 1911 1942 1912
3 1912 1942 1943
3 1912 1943 1913
3 1913 1943 1944
3 1913 1944 1914
3 1914 1944 1945
3 1914 1945 1915
3 1915 1945 1946
3 1915 1946 1916
3 1916 1946 1947
3 1916 1947 1917
3 1917 1947 1948
3 1917 1948 1918
3 1918 1948 1949
3 1918 1949 1919
3 1920 1950 1951
3 1920 1951 1921
3 1921 1951 1952
3 1921 1952 1922
3 1922 1952 1953
3 1922 1953 1923
3 1923 1953 1954
3 1923 1954 1924
3 1924 1954 1955
3 1924 1955 1925
3 1925 1955 1956
3 1925 1956 1926
3 1926 1956 1957
3 1926 1957 1927
3 1927 1957 1958
3 1927 1958 1928
3 1928 1958 1959
3 1928 1959 1929
3 1929 1959 1960
3 1929 1960 1930
3 1930 1960 1961
3 1930 1961 1931
3 1931 1961 1962
3 1931 1962 1932
3 1932 1962 1963
3 1932 1963 1933
3 1933 1963 1964
3 1933 1964 1934
3 1934 1964 1965
3 1934 1965 1935
3 1935 1965 1966
3 1935 1966 1936
3 1936 1966 1967
3 1936 1967 1937
3 1937 1967 1968
3 1937 1968 1938
3 1938 1968 1969
3 1938 1969 1939
3 1939 1969 1970
3 1939 1970 1940
3 1940 1970 1971
3 1940 1971 1941
3 1941 1971 1972
3 1941 1972 1942
3 1942 1972 1973
3 1942 1973 1943
3 1943 1973 1974
3 1943 1974 1944
3 1944 1974 1975
3 1944 1975 1945
3 1945 1975 1976
3 1945 1976 1946
3 1946 1976 1977
3 1946 1977 1947
3 1947 1977 1978
3 1947 1978 1948
3 1948 1978 1979
3 1948 1979 1949
3 1950 1980 1981
3 1950 1981 1951
3 1951 1981 1982
3 1951 1982 1952
3 1952 1982 1983
3 1952 1983 1953
3 1953 1983 1984
3 1953 1984 1954
3 1954 1984 1985
3 1954 1985 1955
3 1955 1985 1986
3 1955 1986 1956
3 1956 1986 1987
3 1956 1987 1957
3 1957 1987 1988
3 1957 1988 1958
3 1958 1988 1989
3 1958 1989 1959
3 1959 1989 1990
3 1959 1990 1960
3 1960 1990 1991
3 1960 1991 1961
3 1961 1991 1992
3 1961 1992 1962
3 1962 1992 1993
3 1962 1993 1963
3 1963 1993 1994
3 1963 1994 1964
3 1964 1994 1995
3 1964 1995 1965
3 1965 1995 1996
3 1965 1996 1966
3 1966 1996 1997
3 1966 1997 1967
3 1967 1997 1998
3 1967 1998 1968
3 1968 1998 1999
3 1968 1999 1969
3 1969 1999 2000
3 1969 2000 1970
3 1970 2000 2001
3 1970 2001 1971
3 1971 2001 2002
3 1971 2002 1972
3 1972 2002 2003
3 1972 2003 1973
3 1973 2003 2004
3 1973 2004 1974
3 1974 2004 2005
3 1974 2005 1975
3 1975 2005 2006
3 1975 2006 1976
3 1976 2006 2007
3 1976 2007 1977
3 1977 2007 2008
3 1977 2008 1978
3 1978 2008 2009
3 1978 2009 1979
3 1980 2010 2011
3 1980 2011 1981
3 1981 2011 2012
3 1981 2012 1982
3 1982 2012 2013
3 1982 2013 1983
3 1983 2013 2014
3 1983 2014 1984
3 1984 2014 2015
3 1984 2015 1985
3 1985 2015 2016
3 1985 2016 1986
3 1986 2016 2017
3 1986 2017 1987
3 1987 2017 2018
3 1987 2018 1988
3 1988 2018 2019
3 1988 2019 1989
3 1989 2019 2020
3 1989 2020 1990
3 1990 2020 2021
3 1990 2021 1991
3 1991 2021 2022
3 1991 2022 1992
3 1992 2022 2023
3 1992 2023 1993
3 1993 2023 2024
3 1993 2024 1994
3 1994 2024 2025
3 1994 2025 1995
3 1995 2025 2026
3 1995 2026 1996
3 1996 2026 2027
3 1996 2027 1997
3 1997 2027 2028
3 1997 2028 1998
3 1998 2028 2029
3 1998 2029 1999
3 1999 2029 2030
3 1999 2030 2000
3 2000 2030 2031
3 2000 2031 2001
3 2001 2031 2032
3 2001 2032 2002
3 2002 2032 2033
3 2002 2033 2003
3 2003 2033 2034
3 2003 2034 2004
3 2004 2034 2035
3 2004 2035 2005
3 2005 2035 2036
3 2005 2036 2006
3 2006 2036 2037
3 2006 2037 2007
3 2007 2037 2038
3 2007 2038 2008
3 2008 2038 2039
3 2008 2039 2009
3 2010 2040 2041
3 2010 2041 2011
3 2011 2041 2042
3 2011 2042 2012
3 2012 2042 2043
3 2012 2043 2013
3 2013 2043 2044
3 2013 2044 2014
3 2014 2044 2045
3 2014 2045 2015
3 2015 2045 2046
3 2015 2046 2016
3 2016 2046 2047
3 2016 2047 2017
3 2017 2047 2048
3 2017 2048 2018
3 2018 2048 2049
3 2018 2049 2019
3 2019 2049 2050
3 2019 2050 2020
3 2020 2050 2051
3 2020 2051 2021
3 2021 2051 2052
3 2021 2052 2022
3 2022 2052 2053
3 2022 2053 2023
3 2023 2053 2054
3 2023 2054 2024
3 2024 2054 2055
3 2024 2055 2025
3 2025 2055 2056
3 2025 2056 2026
3 2026 2056 2057
3 2026 2057 2027
3 2027 2057 2058
3 2027 2058 2028
3 2028 2058 2059
3 2028 2059 2029
3 2029 2059 2060
3 2029 2060 2030
3 2030 2060 2061
3 2030 2061 2031
3 2031 2061 2062
3 2031 2062 2032
3 2032 2062 2063
3 2032 2063 2033
3 2033 2063 2064
3 2033 2064 2034
3 2034 2064 2065
3 2034 2065 2035
3 2035 2065 2066
3 2035 2066 2036
3 2036 2066 2067
3 2036 2067 2037
3 2037 2067 2068
3 2037 2068 2038
3 2038 2068 2069
3 2038 2069 2039
3 2040 2070 2071
3 2040 2071 2041
3 2041 2071 2072
3 2041 2072 2042
3 2042 2072 2073
3 2042 2073 2043
3 2043 2073 2074
3 2043 2074 2044
3 2044 2074 2075
3 2044 2075 2045
3 2045 2075 2076
3 2045 2076 2046
3 2046 2076 2077
3 2046 2077 2047
3 2047 2077 2078
3 2047 2078 2048
3 2048 2078 2079
3 2048 2079 2049
3 2049 2079 2080
3 2049 2080 2050
3 2050 2080 2081
3 2050 2081 2051
3 2051 2081 2082
3 2051 2082 2052
3 2052 2082 2083
3 2052 2083 2053
3 2053 2083 2084
3 2053 2084 2054
3 2054 2084 2085
3 2054 2085 2055
3 2055 2085 2086
3 2055 2086 2056
3 2056 2086 2087
3 2056 2087 2057
3 2057 2087 2088
3 2057 2088 2058
3 2058 2088 2089
3 2058 2089 2059
3 2059 2089 2090
3 2059 2090 2060
3 2060 2090 2091
3 2060 2091 2061
3 2061 2091 2092
3 2061 2092 2062
3 2062 2092 2093
3 2062 2093 2063
3 2063 2093 2094
3 2063 2094 2064
3 2064 2094 2095
3 2064 2095 2065
3 2065 2095 2096
3 2065 2096 2066
3 2066 2096 2097
3 2066 2097 2067
3 2067 2097 2098
3 2067 2098 2068
3 2068 2098 2099
3 2068 2099 2069
3 2070 2100 2101
3 2070 2101 2071
3 2071 2101 2102
3 2071 2102 2072
3 2072 2102 2103
3 2072 2103 2073
3 2073 2103 2104
3 2073 2104 2074
3 2074 2104 2105
3 2074 2105 2075
3 2075 2105 2106
3 2075 2106 2076
3 2076 2106 2107
3 2076 2107 2077
3 2077 2107 2108
3 2077 2108 2078
3 2078 2108 2109
3 2078 2109 2079
3 2079 2109 2110
3 2079 2110 2080
3 2080 2110 2111
3 2080 2111 2081
3 2081 2111 2112
3 2081 2112 2082
3 2082 2112 2113
3 2082 2113 2083
3 2083 2113 2114
3 2083 2114 2084
3 2084 2114 2115
3 2084 2115 2085
3 2085 2115 2116
3 2085 2116 2086
3 2086 2116 2117
3 2086 2117 2087
3 2087 2117 2118
3 2087 2118 2088
3 2088 2118 2119
3 2088 2119 2089
3 2089 2119 2120
3 2089 2120 2090
3 2090 2120 2121
3 2090 2121 2091
3 2091 2121 2122
3 2091 2122 2092
3 2092 2122 2123
3 2092 2123 2093
3 2093 2123 2124
3 2093 2124 2094
3 2094 2124 2125
3 2094 2125 2095
3 2095 2125 2126
3 2095 2126 2096
3 2096 2126 2127
3 2096 2127 2097
3 2097 2127 2128
3 2097 2128 2098
3 2098 2128 2129
3 2098 2129 2099
3 2100 2130 2131
3 2100 2131 2101
3 2101 2131 2132
3 2101 2132 2102
3 2102 2132 2133
3 2102 2133 2103
3 2103 2133 2134
3 2103 2134 2104
3 2104 2134 2135
3 2104 2135 2105
3 2105 2135 2136
3 2105 2136 2106
3 2106 2136 2137
3 2106 2137 2107
3 2107 2137 2138
3 2107 2138 2108
3 2108 2138 2139
3 2108 2139 2109
3 2109 2139 2140
3 2109 2140 2110
3 2110 2140 2141
3 2110 2141 2111
3 2111 2141 2142
3 2111 2142 2112
3 2112 2142 2143
3 2112 2143 2113
3 2113 2143 2144
3 2113 2144 2114
3 2114 2144 2145
3 2114 2145 2115
3 2115 2145 2146
3 2115 2146 2116
3 2116 2146 2147
3 2116 2147 2117
3 2117 2147 2148
3 2117 2148 2118
3 2118 2148 2149
3 2118 2149 2119
3 2119 2149 2150
3 2119 2150 2120
3 2120 2150 2151
3 2120 2151 2121
3 2121 2151 2152
3 2121 2152 2122
3 2122 2152 2153
3 2122 2153 2123
3 2123 2153 2154
3 2123 2154 2124
3 2124 2154 2155
3 2124 2155 2125
3 2125 2155 2156
3 2125 2156 2126
3 2126 2156 2157
3 2126 2157 2127
3 2127 2157 2158
3 2127 2158 2128
3 2128 2158 2159
3 2128 2159 2129
3 2130 2160 2161
3 2130 2161 2131
3 2131 2161 2162
3 2131 2162 2132
3 2132 2162 2163
3 2132 2163 2133
3 2133 2163 2164
3 2133 2164 2134
3 2134 2164 2165
3 2134 2165 2135
3 2135 2165 2166
3 2135 2166 2136
3 2136 2166 2167
3 2136 2167 2137
3 2137 2167 2168
3 2137 2168 2138
3 2138 2168 2169
3 2138 2169 2139
3 2139 2169 2170
3 2139 2170 2140
3 2140 2170 2171
3 2140 2171 2141
3 2141 2171 2172
3 2141 2172 2142
3 2142 2172 2173
3 2142 2173 2143
3 2143 2173 2174
3 2143 2174 2144
3 2144 2174 2175
3 2144 2175 2145
3 2145 2175 2176
3 2145 2176 2146
3 2146 2176 2177
3 2146 2177 2147
3 2147 2177 2178
3 2147 2178 2148
3 2148 2178 2179
3 2148 2179 2149
3 2149 2179 2180
3 2149 2180 2150
3 2150 2180 2181
3 2150 2181 2151
3 2151 2181 2182
3 2151 2182 2152
3 2152 2182 2183
3 2152 2183 2153
3 2153 2183 2184
3 2153 2184 2154
3 2154 2184 2185
3 2154 2185 2155
3 2155 2185 2186
3 2155 2186 2156
3 2156 2186 2187
3 2156 2187 2157
3 2157 2187 2188
3 2157 2188 2158
3 2158 2188 2189
3 2158 2189 2159
3 2160 2190 2191
3 2160 2191 2161
3 2161 2191 2192
3 2161 2192 2162
3 2162 2192 2193
3 2162 2193 2163
3 2163 2193 2194
3 2163 2194 2164
3 2164 2194 2195
3 2164 2195 2165
3 2165 2195 2196
3 2165 2196 2166
3 2166 2196 2197
3 2166 2197 2167
3 2167 2197 2198
3 2167 2198 2168
3 2168 2198 2199
3 2168 2199 2169
3 2169 2199 2200
3 2169 2200 2170
3 2170 2200 2201
3 2170 2201 2171
3 2171 2201 2202
3 2171 2202 2172
3 2172 2202 2203
3 2172 2203 2173
3 2173 2203 2204
3 2173 2204 2174
3 2174 2204 2205
3 2174 2205 2175
3 2175 2205 2206
3 2175 2206 2176
3 2176 2206 2207
3 2176 2207 2177
3 2177 2207 2208
3 2177 2208 2178
3 2178 2208 2209
3 2178 2209 2179
3 2179 2209 2210
3 2179 2210 2180
3 2180 2210 2211
3 2180 2211 2181
3 2181 2211 2212
3 2181 2212 2182
3 2182 2212 2213
3 2182 2213 2183
3 2183 2213 2214
3 2183 2214 2184
3 2184 2214 2215
3 2184 2215 2185
3 2185 2215 2216
3 2185 2216 2186
3 2186 2216 2217
3 2186 2217 2187
3 2187 2217 2218
3 2187 2218 2188
3 2188 2218 2219
3 2188 2219 2189
3 2190 2220 2221
3 2190 2221 2191
3 2191 2221 2222
3 2191 2222 2192
3 2192 2222 2223
3 2192 2223 2193
3 2193 2223 2224
3 2193 2224 2194
3 2194 2224 2225
3 2194 2225 2195
3 2195 2225 2226
3 2195 2226 2196
3 2196 2226 2227
3 2196 2227 2197
3 2197 2227 2228
3 2197 2228 2198
3 2198 2228 2229
3 2198 2229 2199
3 2199 2229 2230
3 2199 2230 2200
3 2200 2230 2231
3 2200 2231 2201
3 2201 2231 2232
3 2201 2232 2202
3 2202 2232 2233
3 2202 2233 2203
3 2203 2233 2234
3 2203 2234 2204
3 2204 2234 2235
3 2204 2235 2205
3 2205 2235 2236
3 2205 2236 2206
3 2206 2236 2237
3 2206 2237 2207
3 2207 2237 2238
3 2207 2238 2208
3 2208 2238 2239
3 2208 2239 2209
3 2209 2239 2240
3 2209 2240 2210
3 2210 2240 2241
3 2210 2241 2211
3 2211 2241 2242
3 2211 2242 2212
3 2212 2242 2243
3 2212 2243 2213
3 2213 2243 2244
3 2213 2244 2214
3 2214 2244 2245
3 2214 2245 2215
3 2215 2245 2246
3 2215 2246 2216
3 2216 2246 2247
3 2216 2247 2217
3 2217 2247 2248
3 2217 2248 2218
3 2218 2248 2249
3 2218 2249 2219
3 2220 2250 2251
3 2220 2251 2221
3 2221 2251 2252
3 2221 2252 2222
3 2222 2252 2253
3 2222 2253 2223
3 2223 2253 2254
3 2223 2254 2224
3 2224 2254 2255
3 2224 2255 2225
3 2225 2255 2256
3 2225 2256 2226
3 2226 2256 2257
3 2226 2257 2227
3 2227 2257 2258
3 2227 2258 2228
3 2228 2258 2259
3 2228 2259 2229
3 2229 2259 2260
3 2229 2260 2230
3 2230 2260 2261
3 2230 2261 2231
3 2231 2261 2262
3 2231 2262 2232
3 2232 2262 2263
3 2232 2263 2233
3 2233 2263 2264
3 2233 2264 2234
3 2234 2264 2265
3 2234 2265 2235
3 2235 2265 2266
3 2235 2266 2236
3 2236 2266 2267
3 2236 2267 2237
3 2237 2267 2268
3 2237 2268 2238
3 2238 2268 2269
3 2238 2269 2239
3 2239 2269 2270
3 2239 2270 2240
3 2240 2270 2271
3 2240 2271 2241
3 2241 2271 2272
3 2241 2272 2242
3 2242 2272 2273
3 2242 2273 2243
3 2243 2273 2274
3 2243 2274 2244
3 2244 2274 2275
3 2244 2275 2245
3 2245 2275 2276
3 2245 2276 2246
3 2246 2276 2277
3 2246 2277 2247
3 2247 2277 2278
3 2247 2278 2248
3 2248 2278 2279
3 2248 2279 2249
3 2250 2280 2281
3 2250 2281 2251
3 2251 2281 2282
3 2251 2282 2252
3 2252 2282 2283
3 2252 2283 2253
3 2253 2283 2284
3 2253 2284 2254
3 2254 2284 2285
3 2254 2285 2255
3 2255 2285 2286
3 2255 2286 2256
3 2256 2286 2287
3 2256 2287 2257
3 2257 2287 2288
3 2257 2288 2258
3 2258 2288 2289
3 2258 2289 2259
3 2259 2289 2290
3 2259 2290 2260
3 2260 2290 2291
3 2260 2291 2261
3 2261 2291 2292
3 2261 2292 2262
3 2262 2292 2293
3 2262 2293 2263
3 2263 2293 2294
3 2263 2294 2264
3 2264 2294 2295
3 2264 2295 2265
3 2265 2295 2296
3 2265 2296 2266
3 2266 2296 2297
3 2266 2297 2267
3 2267 2297 2298
3 2267 2298 2268
3 2268 2298 2299
3 2268 2299 2269
3 2269 2299 2300
3 2269 2300 2270
3 2270 2300 2301
3 2270 2301 2271
3 2271 2301 2302
3 2271 2302 2272
3 2272 2302 2303
3 2272 2303 2273
3 2273 2303 2304
3 2273 2304 2274
3 2274 2304 2305
3 2274 2305 2275
3 2275 2305 2306
3 2275 2306 2276
3 2276 2306 2307
3 2276 2307 2277
3 2277 2307 2308
3 2277 2308 2278
3 2278 2308 2309
3 2278 2309 2279
3 2280 2310 2311
3 2280 2311 2281
3 2281 2311 2312
3 2281 2312 2282
3 2282 2312 2313
3 2282 2313 2283
3 2283 2313 2314
3 2283 2314 2284
3 2284 2314 2315
3 2284 2315 2285
3 2285 2315 2316
3 2285 2316 2286
3 2286 2316 2317
3 2286 2317 2287
3 2287 2317 2318
3 2287 2318 2288
3 2288 2318 2319
3 2288 2319 2289
3 2289 2319 2320
3 2289 2320 2290
3 2290 2320 2321
3 2290 2321 2291
3 2291 2321 2322
3 2291 2322 2292
3 2292 2322 2323
3 2292 2323 2293
3 2293 2323 2324
3 2293 2324 2294
3 2294 2324 2325
3 2294 2325 2295
3 2295 2325 2326
3 2295 2326 2296
3 2296 2326 2327
3 2296 2327 2297
3 2297 2327 2328
3 2297 2328 2298
3 2298 2328 2329
3 2298 2329 2299
3 2299 2329 2330
3 2299 2330 2300
3 2300 2330 2331
3 2300 2331 2301
3 2301 2331 2332
3 2301 2332 2302
3 2302 2332 2333
3 2302 2333 2303
3 2303 2333 2334
3 2303 2334 2304
3 2304 2334 2335
3 2304 2335 2305
3 2305 2335 2336
3 2305 2336 2306
3 2306 2336 2337
3 2306 2337 2307
3 2307 2337 2338
3 2307 2338 2308
3 2308 2338 2339
3 2308 2339 2309
3 2310 2340 2341
3 2310 2341 2311
3 2311 2341 2342
3 2311 2342 2312
3 2312 2342 2343
3 2312 2343 2313
3 2313 2343 2344
3 2313 2344 2314
3 2314 2344 2345
3 2314 2345 2315
3 2315 2345 2346
3 2315 2346 2316
3 2316 2346 2347
3 2316 2347 2317
3 2317 2347 2348
3 2317 2348 2318
3 2318 2348 2349
3 2318 2349 2319
3 2319 2349 2350
3 2319 2350 2320
3 2320 2350 2351
3 2320 2351 2321
3 2321 2351 2352
3 2321 2352 2322
3 2322 2352 2353
3 2322 2353 2323
3 2323 2353 2354
3 2323 2354 2324
3 2324 2354 2355
3 2324 2355 2325
3 2325 2355 2356
3 2325 2356 2326
3 2326 2356 2357
3 2326 2357 2327
3 2327 2357 2358
3 2327 2358 2328
3 2328 2358 2359
3 2328 2359 2329
3 2329 2359 2360
3 2329 2360 2330
3 2330 2360 2361
3 2330 2361 2331
3 2331 2361 2362
3 2331 2362 2332
3 2332 2362 2363
3 2332 2363 2333
3 2333 2363 2364
3 2333 2364 2334
3 2334 2364 2365
3 2334 2365 2335
3 2335 2365 2366
3 2335 2366 2336
3 2336 2366 2367
3 2336 2367 2337
3 2337 2367 2368
3 2337 2368 2338
3 2338 2368 2369
3 2338 2369 2339
3 2340 2370 2371
3 2340 2371 2341
3 2341 2371 2372
3 2341 2372 2342
3 2342 2372 2373
3 2342 2373 2343
3 2343 2373 2374
3 2343 2374 2344
3 2344 2374 2375
3 2344 2375 2345
3 2345 2375 2376
3 2345 2376 2346
3 2346 2376 2377
3 2346 2377 2347
3 2347 2377 2378
3 2347 2378 2348
3 2348 2378 2379
3 2348 2379 2349
3 2349 2379 2380
3 2349 2380 2350
3 2350 2380 2381
3 2350 2381 2351
3 2351 2381 2382
3 2351 2382 2352
3 2352 2382 2383
3 2352 2383 2353
3 2353 2383 2384
3 2353 2384 2354
3 2354 2384 2385
3 2354 2385 2355
3 2355 2385 2386
3 2355 2386 2356
3 2356 2386 2387
3 2356 2387 2357
3 2357 2387 2388
3 2357 2388 2358
3 2358 2388 2389
3 2358 2389 2359
3 2359 2389 2390
3 2359 2390 2360
3 2360 2390 2391
3 2360 2391 2361
3 2361 2391 2392
3 2361 2392 2362
3 2362 2392 2393
3 2362 2393 2363
3 2363 2393 2394
3 2363 2394 2364
3 2364 2394 2395
3 2364 2395 2365
3 2365 2395 2396
3 2365 2396 2366
3 2366 2396 2397
3 2366 2397 2367
3 2367 2397 2398
3 2367 2398 2368
3 2368 2398 2399
3 2368 2399 2369
3 2370 0 1
3 2370 1 2371
3 2371 1 2
3 2371 2 2372
3 2372 2 3
3 2372 3 2373
3 2373 3 4
3 2373 4 2374
3 2374 4 5
3 2374 5 2375
3 2375 5 6
3 2375 6 2376
3 2376 6 7
3 2376 7 2377
3 2377 7 8
3 2377 8 2378
3 2378 8 9
3 2378 9 2379
3 2379 9 10
3 2379 10 2380
3 2380 10 11
3 2380 11 2381
3 2381 11 12
3 2381 12 2382
3 2382 12 13
3 2382 13 2383
3 2383 13 14
3 2383 14 2384
3 2384 14 15
3 2384 15 2385
3 2385 15 16
3 2385 16 2386
3 2386 16 17
3 2386 17 2387
3 2387 17 18
3 2387 18 2388
3 2388 18 19
3 2388 19 2389
3 2389 19 20
3 2389 20 2390
3 2390 20 21
3 2390 21 2391
3 2391 21 22
3 2391 22 2392
3 2392 22 23
3 2392 23 2393
3 2393 23 24
3 2393 24 2394
3 2394 24 25
3 2394 25 2395
3 2395 25 26
3 2395 26 2396
3 2396 26 27
3 2396 27 2397
3 2397 27 28
3 2397 28 2398
3 2398 28 29
3 2398 29 2399
