ply
format ascii 1.0
element vertex 4800
property float x
property float y
property float z
element face 9600
property list uchar int vertex_indices
end_header
-0.40000 -0.00000 0.00000
-0.39508 -0.00000 0.06257
-0.38042 -0.00000 0.12361
-0.35640 -0.00000 0.18160
-0.32361 -0.00000 0.23511
-0.28284 -0.00000 0.28284
-0.23511 -0.00000 0.32361
-0.18160 -0.00000 0.35640
-0.12361 -0.00000 0.38042
-0.06257 -0.00000 0.39508
-0.00000 -0.00000 0.40000
0.06257 -0.00000 0.39508
0.12361 -0.00000 0.38042
0.18160 -0.00000 0.35640
0.23511 -0.00000 0.32361
0.28284 -0.00000 0.28284
0.32361 -0.00000 0.23511
0.35640 -0.00000 0.18160
0.38042 -0.00000 0.12361
0.39508 -0.00000 0.06257
0.40000 -0.00000 0.00000
0.39508 -0.00000 -0.06257
0.38042 -0.00000 -0.12361
0.35640 -0.00000 -0.18160
0.32361 -0.00000 -0.23511
0.28284 -0.00000 -0.28284
0.23511 -0.00000 -0.32361
0.18160 -0.00000 -0.35640
0.12361 -0.00000 -0.38042
0.06257 -0.00000 -0.39508
0.00000 -0.00000 -0.40000
-0.06257 -0.00000 -0.39508
-0.12361 -0.00000 -0.38042
-0.18160 -0.00000 -0.35640
-0.23511 -0.00000 -0.32361
-0.28284 -0.00000 -0.28284
-0.32361 -0.00000 -0.23511
-0.35640 -0.00000 -0.18160
-0.38042 -0.00000 -0.12361
-0.39508 -0.00000 -0.06257
-0.43424 0.01142 0.00000
-0.42890 0.01142 0.06802
-0.41299 0.01140 0.13437
-0.38691 0.01137 0.19741
-0.35131 0.01133 0.25559
-0.30705 0.01128 0.30748
-0.25524 0.01123 0.35180
-0.19714 0.01117 0.38745
-0.13418 0.01110 0.41356
-0.06793 0.01103 0.42949
0.00000 0.01096 0.43484
0.06794 0.01088 0.42949
0.13419 0.01081 0.41356
0.19715 0.01075 0.38745
0.25525 0.01068 0.35180
0.30706 0.01063 0.30748
0.35132 0.01058 0.25559
0.38692 0.01054 0.19741
0.41300 0.01051 0.13437
0.42891 0.01050 0.06802
0.43425 0.01049 0.00000
0.42891 0.01050 -0.06802
0.41300 0.01051 -0.13437
0.38692 0.01054 -0.19741
0.35132 0.01058 -0.25559
0.30706 0.01063 -0.30748
0.25525 0.01068 -0.35180
0.19715 0.01075 -0.38745
0.13419 0.01081 -0.41356
0.06794 0.01088 -0.42949
0.00000 0.01096 -0.43484
-0.06793 0.01103 -0.42949
-0.13418 0.01110 -0.41356
-0.19714 0.01117 -0.38745
-0.25524 0.01123 -0.35180
-0.30705 0.01128 -0.30748
-0.35131 0.01133 -0.25559
-0.38691 0.01137 -0.19741
-0.41299 0.01140 -0.13437
-0.42890 0.01142 -0.06802
-0.46659 0.04763 0.00000
-0.46084 0.04758 0.07342
-0.44374 0.04744 0.14502
-0.41571 0.04720 0.21306
-0.37745 0.04688 0.27585
-0.32988 0.04648 0.33185
-0.27419 0.04601 0.37967
-0.21174 0.04549 0.41815
-0.14408 0.04492 0.44633
-0.07287 0.04432 0.46353
0.00015 0.04370 0.46930
0.07316 0.04309 0.46353
0.14438 0.04249 0.44633
0.21204 0.04192 0.41815
0.27449 0.04140 0.37967
0.33018 0.04093 0.33185
0.37774 0.04053 0.27585
0.41601 0.04021 0.21306
0.44404 0.03997 0.14502
0.46113 0.03983 0.07342
0.46688 0.03978 0.00000
0.46113 0.03983 -0.07342
0.44404 0.03997 -0.14502
0.41601 0.04021 -0.21306
0.37774 0.04053 -0.27585
0.33018 0.04093 -0.33185
0.27449 0.04140 -0.37967
0.21204 0.04192 -0.41815
0.14438 0.04249 -0.44633
0.07316 0.04309 -0.46353
0.00015 0.04370 -0.46930
-0.07287 0.04432 -0.46353
-0.14408 0.04492 -0.44633
-0.21174 0.04549 -0.41815
-0.27419 0.04601 -0.37967
-0.32988 0.04648 -0.33185
-0.37745 0.04688 -0.27585
-0.41571 0.04720 -0.21306
-0.44374 0.04744 -0.14502
-0.46084 0.04758 -0.07342
-0.49572 0.11158 0.00000
-0.48960 0.11142 0.07869
-0.47140 0.11091 0.15544
-0.44157 0.11009 0.22836
-0.40084 0.10897 0.29566
-0.35021 0.10757 0.35568
-0.29093 0.10594 0.40694
-0.22446 0.10411 0.44818
-0.15243 0.10212 0.47839
-0.07663 0.10003 0.49681
0.00109 0.09789 0.50301
0.07881 0.09574 0.49681
0.15462 0.09365 0.47839
0.22664 0.09167 0.44818
0.29311 0.08984 0.40694
0.35239 0.08820 0.35568
0.40302 0.08681 0.29566
0.44376 0.08568 0.22836
0.47359 0.08486 0.15544
0.49179 0.08436 0.07869
0.49791 0.08419 0.00000
0.49179 0.08436 -0.07869
0.47359 0.08486 -0.15544
0.44376 0.08568 -0.22836
0.40302 0.08681 -0.29566
0.35239 0.08820 -0.35568
0.29311 0.08984 -0.40694
0.22664 0.09167 -0.44818
0.15462 0.09365 -0.47839
0.07881 0.09574 -0.49681
0.00109 0.09789 -0.50301
-0.07663 0.10003 -0.49681
-0.15243 0.10212 -0.47839
-0.22446 0.10411 -0.44818
-0.29093 0.10594 -0.40694
-0.35021 0.10757 -0.35568
-0.40084 0.10897 -0.29566
-0.44157 0.11009 -0.22836
-0.47140 0.11091 -0.15544
-0.48960 0.11142 -0.07869
-0.51945 0.20575 0.00000
-0.51300 0.20535 0.08378
-0.49381 0.20415 0.16550
-0.46235 0.20217 0.24315
-0.41940 0.19948 0.31481
-0.36601 0.19613 0.37871
-0.30350 0.19221 0.43329
-0.23341 0.18782 0.47720
-0.15746 0.18306 0.50937
-0.07752 0.17805 0.52899
0.00443 0.17291 0.53558
0.08638 0.16777 0.52899
0.16632 0.16276 0.50937
0.24226 0.15800 0.47720
0.31235 0.15360 0.43329
0.37486 0.14968 0.37871
0.42825 0.14634 0.31481
0.47120 0.14364 0.24315
0.50266 0.14167 0.16550
0.52185 0.14047 0.08378
0.52830 0.14007 0.00000
0.52185 0.14047 -0.08378
0.50266 0.14167 -0.16550
0.47120 0.14364 -0.24315
0.42825 0.14634 -0.31481
0.37486 0.14968 -0.37871
0.31235 0.15360 -0.43329
0.24226 0.15800 -0.47720
0.16632 0.16276 -0.50937
0.08638 0.16777 -0.52899
0.00443 0.17291 -0.53558
-0.07752 0.17805 -0.52899
-0.15746 0.18306 -0.50937
-0.23341 0.18782 -0.47720
-0.30350 0.19221 -0.43329
-0.36601 0.19613 -0.37871
-0.41940 0.19948 -0.31481
-0.46235 0.20217 -0.24315
-0.49381 0.20415 -0.16550
-0.51300 0.20535 -0.08378
-0.53450 0.33146 0.00000
-0.52776 0.33067 0.08865
-0.50771 0.32835 0.17511
-0.47484 0.32453 0.25726
-0.42996 0.31933 0.33308
-0.37418 0.31286 0.40069
-0.30887 0.30528 0.45844
-0.23563 0.29678 0.50490
-0.15628 0.28757 0.53893
-0.07276 0.27788 0.55969
0.01286 0.26795 0.56667
0.09849 0.25801 0.55969
0.18200 0.24832 0.53893
0.26136 0.23912 0.50490
0.33459 0.23062 0.45844
0.39990 0.22304 0.40069
0.45568 0.21657 0.33308
0.50056 0.21136 0.25726
0.53343 0.20755 0.17511
0.55348 0.20522 0.08865
0.56022 0.20444 0.00000
0.55348 0.20522 -0.08865
0.53343 0.20755 -0.17511
0.50056 0.21136 -0.25726
0.45568 0.21657 -0.33308
0.39990 0.22304 -0.40069
0.33459 0.23062 -0.45844
0.26136 0.23912 -0.50490
0.18200 0.24832 -0.53893
0.09849 0.25801 -0.55969
0.01286 0.26795 -0.56667
-0.07276 0.27788 -0.55969
-0.15628 0.28757 -0.53893
-0.23563 0.29678 -0.50490
-0.30887 0.30528 -0.45844
-0.37418 0.31286 -0.40069
-0.42996 0.31933 -0.33308
-0.47484 0.32453 -0.25726
-0.50771 0.32835 -0.17511
-0.52776 0.33067 -0.08865
-0.53665 0.48827 0.00000
-0.52967 0.48696 0.09322
-0.50891 0.48307 0.18415
-0.47488 0.47668 0.27055
-0.42841 0.46797 0.35028
-0.37065 0.45713 0.42139
-0.30302 0.44445 0.48212
-0.22719 0.43023 0.53098
-0.14503 0.41482 0.56676
-0.05855 0.39860 0.58859
0.03011 0.38197 0.59593
0.11877 0.36534 0.58859
0.20525 0.34912 0.56676
0.28742 0.33371 0.53098
0.36325 0.31948 0.48212
0.43087 0.30680 0.42139
0.48863 0.29597 0.35028
0.53510 0.28725 0.27055
0.56913 0.28087 0.18415
0.58990 0.27697 0.09322
0.59687 0.27566 0.00000
0.58990 0.27697 -0.09322
0.56913 0.28087 -0.18415
0.53510 0.28725 -0.27055
0.48863 0.29597 -0.35028
0.43087 0.30680 -0.42139
0.36325 0.31948 -0.48212
0.28742 0.33371 -0.53098
0.20525 0.34912 -0.56676
0.11877 0.36534 -0.58859
0.03011 0.38197 -0.59593
-0.05855 0.39860 -0.58859
-0.14503 0.41482 -0.56676
-0.22719 0.43023 -0.53098
-0.30302 0.44445 -0.48212
-0.37065 0.45713 -0.42139
-0.42841 0.46797 -0.35028
-0.47488 0.47668 -0.27055
-0.50891 0.48307 -0.18415
-0.52967 0.48696 -0.09322
-0.52111 0.67363 0.00000
-0.51395 0.67167 0.09747
-0.49264 0.66581 0.19253
-0.45772 0.65620 0.28286
-0.41002 0.64309 0.36622
-0.35075 0.62679 0.44056
-0.28134 0.60771 0.50405
-0.20352 0.58631 0.55514
-0.11919 0.56313 0.59255
-0.03044 0.53873 0.61537
0.06055 0.51371 0.62304
0.15154 0.48869 0.61537
0.24029 0.46429 0.59255
0.32462 0.44111 0.55514
0.40244 0.41971 0.50405
0.47185 0.40063 0.44056
0.53112 0.38433 0.36622
0.57881 0.37122 0.28286
0.61374 0.36161 0.19253
0.63505 0.35575 0.09747
0.64221 0.35379 0.00000
0.63505 0.35575 -0.09747
0.61374 0.36161 -0.19253
0.57881 0.37122 -0.28286
0.53112 0.38433 -0.36622
0.47185 0.40063 -0.44056
0.40244 0.41971 -0.50405
0.32462 0.44111 -0.55514
0.24029 0.46429 -0.59255
0.15154 0.48869 -0.61537
0.06055 0.51371 -0.62304
-0.03044 0.53873 -0.61537
-0.11919 0.56313 -0.59255
-0.20352 0.58631 -0.55514
-0.28134 0.60771 -0.50405
-0.35075 0.62679 -0.44056
-0.41002 0.64309 -0.36622
-0.45772 0.65620 -0.28286
-0.49264 0.66581 -0.19253
-0.51395 0.67167 -0.09747
-0.48314 0.88279 0.00000
-0.47586 0.88007 0.10132
-0.45418 0.87198 0.20015
-0.41865 0.85870 0.29406
-0.37013 0.84058 0.38072
-0.30983 0.81805 0.45800
-0.23923 0.79167 0.52401
-0.16006 0.76210 0.57712
-0.07428 0.73005 0.61601
0.01601 0.69632 0.63974
0.10857 0.66174 0.64771
0.20114 0.62716 0.63974
0.29142 0.59343 0.61601
0.37721 0.56138 0.57712
0.45638 0.53181 0.52401
0.52698 0.50543 0.45800
0.58728 0.48290 0.38072
0.63580 0.46478 0.29406
0.67133 0.45150 0.20015
0.69301 0.44340 0.10132
0.70029 0.44068 0.00000
0.69301 0.44340 -0.10132
0.67133 0.45150 -0.20015
0.63580 0.46478 -0.29406
0.58728 0.48290 -0.38072
0.52698 0.50543 -0.45800
0.45638 0.53181 -0.52401
0.37721 0.56138 -0.57712
0.29142 0.59343 -0.61601
0.20114 0.62716 -0.63974
0.10857 0.66174 -0.64771
0.01601 0.69632 -0.63974
-0.07428 0.73005 -0.61601
-0.16006 0.76210 -0.57712
-0.23923 0.79167 -0.52401
-0.30983 0.81805 -0.45800
-0.37013 0.84058 -0.38072
-0.41865 0.85870 -0.29406
-0.45418 0.87198 -0.20015
-0.47586 0.88007 -0.10132
-0.41881 1.10905 0.00000
-0.41147 1.10554 0.10476
-0.38961 1.09512 0.20694
-0.35378 1.07803 0.30402
-0.30486 1.05469 0.39362
-0.24405 1.02568 0.47353
-0.17285 0.99172 0.54178
-0.09302 0.95364 0.59668
-0.00651 0.91238 0.63690
0.08453 0.86895 0.66143
0.17787 0.82443 0.66967
0.27121 0.77991 0.66143
0.36226 0.73648 0.63690
0.44876 0.69522 0.59668
0.52859 0.65714 0.54178
0.59979 0.62317 0.47353
0.66060 0.59417 0.39362
0.70952 0.57083 0.30402
0.74535 0.55374 0.20694
0.76721 0.54332 0.10476
0.77455 0.53981 0.00000
0.76721 0.54332 -0.10476
0.74535 0.55374 -0.20694
0.70952 0.57083 -0.30402
0.66060 0.59417 -0.39362
0.59979 0.62317 -0.47353
0.52859 0.65714 -0.54178
0.44876 0.69522 -0.59668
0.36226 0.73648 -0.63690
0.27121 0.77991 -0.66143
0.17787 0.82443 -0.66967
0.08453 0.86895 -0.66143
-0.00651 0.91238 -0.63690
-0.09302 0.95364 -0.59668
-0.17285 0.99172 -0.54178
-0.24405 1.02568 -0.47353
-0.30486 1.05469 -0.39362
-0.35378 1.07803 -0.30402
-0.38961 1.09512 -0.20694
-0.41147 1.10554 -0.10476
-0.32578 1.34434 0.00000
-0.31843 1.34010 0.10773
-0.29659 1.32748 0.21281
-0.26077 1.30681 0.31265
-0.21187 1.27857 0.40479
-0.15109 1.24348 0.48697
-0.07993 1.20240 0.55715
-0.00013 1.15633 0.61361
0.08633 1.10641 0.65497
0.17733 1.05387 0.68020
0.27063 1.00000 0.68868
0.36393 0.94613 0.68020
0.45493 0.89359 0.65497
0.54140 0.84367 0.61361
0.62119 0.79760 0.55715
0.69236 0.75652 0.48697
0.75314 0.72143 0.40479
0.80204 0.69319 0.31265
0.83785 0.67252 0.21281
0.85970 0.65990 0.10773
0.86704 0.65566 0.00000
0.85970 0.65990 -0.10773
0.83785 0.67252 -0.21281
0.80204 0.69319 -0.31265
0.75314 0.72143 -0.40479
0.69236 0.75652 -0.48697
0.62119 0.79760 -0.55715
0.54140 0.84367 -0.61361
0.45493 0.89359 -0.65497
0.36393 0.94613 -0.68020
0.27063 1.00000 -0.68868
0.17733 1.05387 -0.68020
0.08633 1.10641 -0.65497
-0.00013 1.15633 -0.61361
-0.07993 1.20240 -0.55715
-0.15109 1.24348 -0.48697
-0.21187 1.27857 -0.40479
-0.26077 1.30681 -0.31265
-0.29659 1.32748 -0.21281
-0.31843 1.34010 -0.10773
-0.20393 1.58009 0.00000
-0.19666 1.57525 0.11021
-0.17502 1.56083 0.21771
-0.13953 1.53720 0.31984
-0.09109 1.50493 0.41410
-0.03088 1.46482 0.49817
0.03963 1.41786 0.56996
0.11868 1.36520 0.62773
0.20434 1.30815 0.67003
0.29449 1.24809 0.69584
0.38692 1.18653 0.70452
0.47935 1.12496 0.69584
0.56951 1.06491 0.67003
0.65517 1.00785 0.62773
0.73422 0.95519 0.56996
0.80472 0.90823 0.49817
0.86493 0.86812 0.41410
0.91338 0.83586 0.31984
0.94886 0.81222 0.21771
0.97050 0.79781 0.11021
0.97778 0.79296 0.00000
0.97050 0.79781 -0.11021
0.94886 0.81222 -0.21771
0.91338 0.83586 -0.31984
0.86493 0.86812 -0.41410
0.80472 0.90823 -0.49817
0.73422 0.95519 -0.56996
0.65517 1.00785 -0.62773
0.56951 1.06491 -0.67003
0.47935 1.12496 -0.69584
0.38692 1.18653 -0.70452
0.29449 1.24809 -0.69584
0.20434 1.30815 -0.67003
0.11868 1.36520 -0.62773
0.03963 1.41786 -0.56996
-0.03088 1.46482 -0.49817
-0.09109 1.50493 -0.41410
-0.13953 1.53720 -0.31984
-0.17502 1.56083 -0.21771
-0.19666 1.57525 -0.11021
-0.05583 1.80817 0.00000
-0.04869 1.80292 0.11217
-0.02744 1.78731 0.22157
0.00739 1.76172 0.32552
0.05495 1.72677 0.42145
0.11407 1.68334 0.50701
0.18329 1.63248 0.58008
0.26090 1.57546 0.63887
0.34499 1.51367 0.68193
0.43351 1.44864 0.70819
0.52425 1.38197 0.71702
0.61499 1.31529 0.70819
0.70350 1.25026 0.68193
0.78760 1.18847 0.63887
0.86521 1.13145 0.58008
0.93443 1.08059 0.50701
0.99354 1.03716 0.42145
1.04111 1.00222 0.32552
1.07594 0.97662 0.22157
1.09719 0.96101 0.11217
1.10433 0.95576 0.00000
1.09719 0.96101 -0.11217
1.07594 0.97662 -0.22157
1.04111 1.00222 -0.32552
0.99354 1.03716 -0.42145
0.93443 1.08059 -0.50701
0.86521 1.13145 -0.58008
0.78760 1.18847 -0.63887
0.70350 1.25026 -0.68193
0.61499 1.31529 -0.70819
0.52425 1.38197 -0.71702
0.43351 1.44864 -0.70819
0.34499 1.51367 -0.68193
0.26090 1.57546 -0.63887
0.18329 1.63248 -0.58008
0.11407 1.68334 -0.50701
0.05495 1.72677 -0.42145
0.00739 1.76172 -0.32552
-0.02744 1.78731 -0.22157
-0.04869 1.80292 -0.11217
0.11324 2.02176 0.00000
0.12019 2.01637 0.11358
0.14086 2.00034 0.22436
0.17474 1.97406 0.32962
0.22101 1.93819 0.42676
0.27851 1.89359 0.51339
0.34584 1.84138 0.58739
0.42133 1.78283 0.64691
0.50313 1.71940 0.69051
0.58922 1.65263 0.71711
0.67749 1.58418 0.72605
0.76576 1.51572 0.71711
0.85185 1.44896 0.69051
0.93365 1.38552 0.64691
1.00915 1.32697 0.58739
1.07647 1.27476 0.51339
1.13398 1.23017 0.42676
1.18024 1.19429 0.32962
1.21412 1.16801 0.22436
1.23479 1.15199 0.11358
1.24174 1.14660 0.00000
1.23479 1.15199 -0.11358
1.21412 1.16801 -0.22436
1.18024 1.19429 -0.32962
1.13398 1.23017 -0.42676
1.07647 1.27476 -0.51339
1.00915 1.32697 -0.58739
0.93365 1.38552 -0.64691
0.85185 1.44896 -0.69051
0.76576 1.51572 -0.71711
0.67749 1.58418 -0.72605
0.58922 1.65263 -0.71711
0.50313 1.71940 -0.69051
0.42133 1.78283 -0.64691
0.34584 1.84138 -0.58739
0.27851 1.89359 -0.51339
0.22101 1.93819 -0.42676
0.17474 1.97406 -0.32962
0.14086 2.00034 -0.22436
0.12019 2.01637 -0.11358
0.29554 2.21610 0.00000
0.30223 2.21086 0.11443
0.32215 2.19529 0.22605
0.35479 2.16976 0.33210
0.39936 2.13490 0.42997
0.45476 2.09157 0.51725
0.51963 2.04084 0.59180
0.59236 1.98396 0.65178
0.67117 1.92232 0.69570
0.75412 1.85745 0.72250
0.83916 1.79094 0.73151
0.92420 1.72443 0.72250
1.00714 1.65956 0.69570
1.08595 1.59793 0.65178
1.15869 1.54104 0.59180
1.22355 1.49031 0.51725
1.27895 1.44699 0.42997
1.32352 1.41213 0.33210
1.35617 1.38660 0.22605
1.37608 1.37102 0.11443
1.38277 1.36579 0.00000
1.37608 1.37102 -0.11443
1.35617 1.38660 -0.22605
1.32352 1.41213 -0.33210
1.27895 1.44699 -0.42997
1.22355 1.49031 -0.51725
1.15869 1.54104 -0.59180
1.08595 1.59793 -0.65178
1.00714 1.65956 -0.69570
0.92420 1.72443 -0.72250
0.83916 1.79094 -0.73151
0.75412 1.85745 -0.72250
0.67117 1.92232 -0.69570
0.59236 1.98396 -0.65178
0.51963 2.04084 -0.59180
0.45476 2.09157 -0.51725
0.39936 2.13490 -0.42997
0.35479 2.16976 -0.33210
0.32215 2.19529 -0.22605
0.30223 2.21086 -0.11443
0.48146 2.38891 0.00000
0.48784 2.38412 0.11472
0.50683 2.36987 0.22661
0.53797 2.34652 0.33293
0.58049 2.31463 0.43104
0.63333 2.27500 0.51854
0.69521 2.22859 0.59328
0.76459 2.17656 0.65340
0.83976 2.12018 0.69744
0.91888 2.06084 0.72430
1.00000 2.00000 0.73333
1.08112 1.93916 0.72430
1.16024 1.87982 0.69744
1.23541 1.82344 0.65340
1.30479 1.77141 0.59328
1.36667 1.72500 0.51854
1.41951 1.68537 0.43104
1.46203 1.65348 0.33293
1.49317 1.63013 0.22661
1.51216 1.61588 0.11472
1.51854 1.61109 0.00000
1.51216 1.61588 -0.11472
1.49317 1.63013 -0.22661
1.46203 1.65348 -0.33293
1.41951 1.68537 -0.43104
1.36667 1.72500 -0.51854
1.30479 1.77141 -0.59328
1.23541 1.82344 -0.65340
1.16024 1.87982 -0.69744
1.08112 1.93916 -0.72430
1.00000 2.00000 -0.73333
0.91888 2.06084 -0.72430
0.83976 2.12018 -0.69744
0.76459 2.17656 -0.65340
0.69521 2.22859 -0.59328
0.63333 2.27500 -0.51854
0.58049 2.31463 -0.43104
0.53797 2.34652 -0.33293
0.50683 2.36987 -0.22661
0.48784 2.38412 -0.11472
0.66041 2.54042 0.00000
0.66644 2.53634 0.11443
0.68437 2.52420 0.22605
0.71376 2.50430 0.33210
0.75390 2.47714 0.42997
0.80378 2.44337 0.51725
0.86218 2.40383 0.59180
0.92767 2.35949 0.65178
0.99863 2.31145 0.69570
1.07332 2.26089 0.72250
1.14989 2.20906 0.73151
1.22646 2.15722 0.72250
1.30114 2.10666 0.69570
1.37210 2.05862 0.65178
1.43759 2.01429 0.59180
1.49600 1.97475 0.51725
1.54588 1.94098 0.42997
1.58601 1.91381 0.33210
1.61541 1.89391 0.22605
1.63334 1.88177 0.11443
1.63936 1.87769 0.00000
1.63334 1.88177 -0.11443
1.61541 1.89391 -0.22605
1.58601 1.91381 -0.33210
1.54588 1.94098 -0.42997
1.49600 1.97475 -0.51725
1.43759 2.01429 -0.59180
1.37210 2.05862 -0.65178
1.30114 2.10666 -0.69570
1.22646 2.15722 -0.72250
1.14989 2.20906 -0.73151
1.07332 2.26089 -0.72250
0.99863 2.31145 -0.69570
0.92767 2.35949 -0.65178
0.86218 2.40383 -0.59180
0.80378 2.44337 -0.51725
0.75390 2.47714 -0.42997
0.71376 2.50430 -0.33210
0.68437 2.52420 -0.22605
0.66644 2.53634 -0.11443
0.82189 2.67305 0.00000
0.82751 2.66988 0.11358
0.84425 2.66046 0.22436
0.87169 2.64501 0.32962
0.90915 2.62392 0.42676
0.95572 2.59771 0.51339
1.01024 2.56702 0.58739
1.07137 2.53260 0.64691
1.13761 2.49531 0.69051
1.20733 2.45606 0.71711
1.27880 2.41582 0.72605
1.35028 2.37558 0.71711
1.42000 2.33634 0.69051
1.48624 2.29905 0.64691
1.54737 2.26463 0.58739
1.60189 2.23394 0.51339
1.64846 2.20773 0.42676
1.68592 2.18664 0.32962
1.71336 2.17119 0.22436
1.73010 2.16177 0.11358
1.73572 2.15860 0.00000
1.73010 2.16177 -0.11358
1.71336 2.17119 -0.22436
1.68592 2.18664 -0.32962
1.64846 2.20773 -0.42676
1.60189 2.23394 -0.51339
1.54737 2.26463 -0.58739
1.48624 2.29905 -0.64691
1.42000 2.33634 -0.69051
1.35028 2.37558 -0.71711
1.27880 2.41582 -0.72605
1.20733 2.45606 -0.71711
1.13761 2.49531 -0.69051
1.07137 2.53260 -0.64691
1.01024 2.56702 -0.58739
0.95572 2.59771 -0.51339
0.90915 2.62392 -0.42676
0.87169 2.64501 -0.32962
0.84425 2.66046 -0.22436
0.82751 2.66988 -0.11358
0.95641 2.79075 0.00000
0.96160 2.78862 0.11217
0.97704 2.78230 0.22157
1.00235 2.77193 0.32552
1.03690 2.75776 0.42145
1.07985 2.74016 0.50701
1.13014 2.71955 0.58008
1.18653 2.69645 0.63887
1.24763 2.67141 0.68193
1.31193 2.64505 0.70819
1.37786 2.61803 0.71702
1.44379 2.59102 0.70819
1.50810 2.56466 0.68193
1.56920 2.53962 0.63887
1.62559 2.51651 0.58008
1.67588 2.49590 0.50701
1.71883 2.47830 0.42145
1.75338 2.46414 0.32552
1.77869 2.45377 0.22157
1.79413 2.44744 0.11217
1.79932 2.44532 0.00000
1.79413 2.44744 -0.11217
1.77869 2.45377 -0.22157
1.75338 2.46414 -0.32552
1.71883 2.47830 -0.42145
1.67588 2.49590 -0.50701
1.62559 2.51651 -0.58008
1.56920 2.53962 -0.63887
1.50810 2.56466 -0.68193
1.44379 2.59102 -0.70819
1.37786 2.61803 -0.71702
1.31193 2.64505 -0.70819
1.24763 2.67141 -0.68193
1.18653 2.69645 -0.63887
1.13014 2.71955 -0.58008
1.07985 2.74016 -0.50701
1.03690 2.75776 -0.42145
1.00235 2.77193 -0.32552
0.97704 2.78230 -0.22157
0.96160 2.78862 -0.11217
1.05646 2.89822 0.00000
1.06119 2.89718 0.11021
1.07524 2.89407 0.21771
1.09828 2.88898 0.31984
1.12974 2.88204 0.41410
1.16885 2.87340 0.49817
1.21463 2.86329 0.56996
1.26597 2.85195 0.62773
1.32160 2.83966 0.67003
1.38014 2.82673 0.69584
1.44017 2.81347 0.70452
1.50019 2.80022 0.69584
1.55874 2.78728 0.67003
1.61437 2.77500 0.62773
1.66571 2.76366 0.56996
1.71149 2.75355 0.49817
1.75059 2.74491 0.41410
1.78205 2.73796 0.31984
1.80510 2.73287 0.21771
1.81915 2.72977 0.11021
1.82388 2.72873 0.00000
1.81915 2.72977 -0.11021
1.80510 2.73287 -0.21771
1.78205 2.73796 -0.31984
1.75059 2.74491 -0.41410
1.71149 2.75355 -0.49817
1.66571 2.76366 -0.56996
1.61437 2.77500 -0.62773
1.55874 2.78728 -0.67003
1.50019 2.80022 -0.69584
1.44017 2.81347 -0.70452
1.38014 2.82673 -0.69584
1.32160 2.83966 -0.67003
1.26597 2.85195 -0.62773
1.21463 2.86329 -0.56996
1.16885 2.87340 -0.49817
1.12974 2.88204 -0.41410
1.09828 2.88898 -0.31984
1.07524 2.89407 -0.21771
1.06119 2.89718 -0.11021
1.11708 3.00000 0.00000
1.12132 3.00000 0.10773
1.13393 3.00000 0.21281
1.15461 3.00000 0.31265
1.18284 3.00000 0.40479
1.21793 3.00000 0.48697
1.25902 3.00000 0.55715
1.30509 3.00000 0.61361
1.35501 3.00000 0.65497
1.40755 3.00000 0.68020
1.46142 3.00000 0.68868
1.51528 3.00000 0.68020
1.56782 3.00000 0.65497
1.61774 3.00000 0.61361
1.66381 3.00000 0.55715
1.70490 3.00000 0.48697
1.73999 3.00000 0.40479
1.76822 3.00000 0.31265
1.78890 3.00000 0.21281
1.80152 3.00000 0.10773
1.80576 3.00000 0.00000
1.80152 3.00000 -0.10773
1.78890 3.00000 -0.21281
1.76822 3.00000 -0.31265
1.73999 3.00000 -0.40479
1.70490 3.00000 -0.48697
1.66381 3.00000 -0.55715
1.61774 3.00000 -0.61361
1.56782 3.00000 -0.65497
1.51528 3.00000 -0.68020
1.46142 3.00000 -0.68868
1.40755 3.00000 -0.68020
1.35501 3.00000 -0.65497
1.30509 3.00000 -0.61361
1.25902 3.00000 -0.55715
1.21793 3.00000 -0.48697
1.18284 3.00000 -0.40479
1.15461 3.00000 -0.31265
1.13393 3.00000 -0.21281
1.12132 3.00000 -0.10773
1.13614 3.09970 0.00000
1.13988 3.10064 0.10476
1.15102 3.10342 0.20694
1.16928 3.10797 0.30402
1.19420 3.11419 0.39362
1.22519 3.12192 0.47353
1.26146 3.13098 0.54178
1.30214 3.14113 0.59668
1.34622 3.15213 0.63690
1.39260 3.16370 0.66143
1.44016 3.17557 0.66967
1.48772 3.18744 0.66143
1.53411 3.19901 0.63690
1.57819 3.21001 0.59668
1.61887 3.22016 0.54178
1.65514 3.22922 0.47353
1.68613 3.23695 0.39362
1.71105 3.24317 0.30402
1.72931 3.24772 0.20694
1.74045 3.25050 0.10476
1.74419 3.25144 0.00000
1.74045 3.25050 -0.10476
1.72931 3.24772 -0.20694
1.71105 3.24317 -0.30402
1.68613 3.23695 -0.39362
1.65514 3.22922 -0.47353
1.61887 3.22016 -0.54178
1.57819 3.21001 -0.59668
1.53411 3.19901 -0.63690
1.48772 3.18744 -0.66143
1.44016 3.17557 -0.66967
1.39260 3.16370 -0.66143
1.34622 3.15213 -0.63690
1.30214 3.14113 -0.59668
1.26146 3.13098 -0.54178
1.22519 3.12192 -0.47353
1.19420 3.11419 -0.39362
1.16928 3.10797 -0.30402
1.15102 3.10342 -0.20694
1.13988 3.10064 -0.10476
1.11427 3.19947 0.00000
1.11751 3.20118 0.10132
1.12716 3.20626 0.20015
1.14298 3.21460 0.29406
1.16458 3.22598 0.38072
1.19143 3.24012 0.45800
1.22286 3.25668 0.52401
1.25811 3.27525 0.57712
1.29631 3.29537 0.61601
1.33650 3.31655 0.63974
1.37772 3.33826 0.64771
1.41893 3.35997 0.63974
1.45913 3.38115 0.61601
1.49732 3.40127 0.57712
1.53257 3.41984 0.52401
1.56400 3.43640 0.45800
1.59085 3.45054 0.38072
1.61245 3.46192 0.29406
1.62827 3.47026 0.20015
1.63792 3.47534 0.10132
1.64116 3.47705 0.00000
1.63792 3.47534 -0.10132
1.62827 3.47026 -0.20015
1.61245 3.46192 -0.29406
1.59085 3.45054 -0.38072
1.56400 3.43640 -0.45800
1.53257 3.41984 -0.52401
1.49732 3.40127 -0.57712
1.45913 3.38115 -0.61601
1.41893 3.35997 -0.63974
1.37772 3.33826 -0.64771
1.33650 3.31655 -0.63974
1.29631 3.29537 -0.61601
1.25811 3.27525 -0.57712
1.22286 3.25668 -0.52401
1.19143 3.24012 -0.45800
1.16458 3.22598 -0.38072
1.14298 3.21460 -0.29406
1.12716 3.20626 -0.20015
1.11751 3.20118 -0.10132
1.05443 3.29970 0.00000
1.05718 3.30200 0.09747
1.06536 3.30883 0.19253
1.07877 3.32004 0.28286
1.09708 3.33534 0.36622
1.11983 3.35435 0.44056
1.14647 3.37662 0.50405
1.17635 3.40158 0.55514
1.20872 3.42863 0.59255
1.24278 3.45710 0.61537
1.27771 3.48629 0.62304
1.31264 3.51548 0.61537
1.34671 3.54395 0.59255
1.37908 3.57100 0.55514
1.40895 3.59596 0.50405
1.43559 3.61823 0.44056
1.45835 3.63724 0.36622
1.47666 3.65254 0.28286
1.49006 3.66374 0.19253
1.49824 3.67058 0.09747
1.50099 3.67288 0.00000
1.49824 3.67058 -0.09747
1.49006 3.66374 -0.19253
1.47666 3.65254 -0.28286
1.45835 3.63724 -0.36622
1.43559 3.61823 -0.44056
1.40895 3.59596 -0.50405
1.37908 3.57100 -0.55514
1.34671 3.54395 -0.59255
1.31264 3.51548 -0.61537
1.27771 3.48629 -0.62304
1.24278 3.45710 -0.61537
1.20872 3.42863 -0.59255
1.17635 3.40158 -0.55514
1.14647 3.37662 -0.50405
1.11983 3.35435 -0.44056
1.09708 3.33534 -0.36622
1.07877 3.32004 -0.28286
1.06536 3.30883 -0.19253
1.05718 3.30200 -0.09747
0.96131 3.39911 0.00000
0.96357 3.40181 0.09322
0.97032 3.40983 0.18415
0.98138 3.42297 0.27055
0.99648 3.44092 0.35028
1.01524 3.46323 0.42139
1.03722 3.48935 0.48212
1.06186 3.51864 0.53098
1.08855 3.55038 0.56676
1.11665 3.58379 0.58859
1.14546 3.61803 0.59593
1.17427 3.65228 0.58859
1.20237 3.68569 0.56676
1.22906 3.71742 0.53098
1.25370 3.74671 0.48212
1.27567 3.77284 0.42139
1.29444 3.79515 0.35028
1.30954 3.81310 0.27055
1.32060 3.82624 0.18415
1.32734 3.83426 0.09322
1.32961 3.83696 0.00000
1.32734 3.83426 -0.09322
1.32060 3.82624 -0.18415
1.30954 3.81310 -0.27055
1.29444 3.79515 -0.35028
1.27567 3.77284 -0.42139
1.25370 3.74671 -0.48212
1.22906 3.71742 -0.53098
1.20237 3.68569 -0.56676
1.17427 3.65228 -0.58859
1.14546 3.61803 -0.59593
1.11665 3.58379 -0.58859
1.08855 3.55038 -0.56676
1.06186 3.51864 -0.53098
1.03722 3.48935 -0.48212
1.01524 3.46323 -0.42139
0.99648 3.44092 -0.35028
0.98138 3.42297 -0.27055
0.97032 3.40983 -0.18415
0.96357 3.40181 -0.09322
0.84048 3.49504 0.00000
0.84228 3.49796 0.08865
0.84765 3.50664 0.17511
0.85646 3.52087 0.25726
0.86849 3.54030 0.33308
0.88343 3.56446 0.40069
0.90093 3.59274 0.45844
0.92056 3.62445 0.50490
0.94182 3.65881 0.53893
0.96420 3.69497 0.55969
0.98714 3.73205 0.56667
1.01008 3.76913 0.55969
1.03246 3.80529 0.53893
1.05372 3.83965 0.50490
1.07335 3.87136 0.45844
1.09085 3.89964 0.40069
1.10579 3.92380 0.33308
1.11782 3.94323 0.25726
1.12663 3.95746 0.17511
1.13200 3.96615 0.08865
1.13380 3.96906 0.00000
1.13200 3.96615 -0.08865
1.12663 3.95746 -0.17511
1.11782 3.94323 -0.25726
1.10579 3.92380 -0.33308
1.09085 3.89964 -0.40069
1.07335 3.87136 -0.45844
1.05372 3.83965 -0.50490
1.03246 3.80529 -0.53893
1.01008 3.76913 -0.55969
0.98714 3.73205 -0.56667
0.96420 3.69497 -0.55969
0.94182 3.65881 -0.53893
0.92056 3.62445 -0.50490
0.90093 3.59274 -0.45844
0.88343 3.56446 -0.40069
0.86849 3.54030 -0.33308
0.85646 3.52087 -0.25726
0.84765 3.50664 -0.17511
0.84228 3.49796 -0.08865
0.69769 3.58397 0.00000
0.69906 3.58696 0.08378
0.70314 3.59587 0.16550
0.70983 3.61047 0.24315
0.71896 3.63040 0.31481
0.73031 3.65518 0.37871
0.74359 3.68419 0.43329
0.75849 3.71672 0.47720
0.77463 3.75196 0.50937
0.79163 3.78906 0.52899
0.80904 3.82709 0.53558
0.82646 3.86512 0.52899
0.84345 3.90222 0.50937
0.85960 3.93747 0.47720
0.87450 3.96999 0.43329
0.88778 3.99900 0.37871
0.89913 4.02378 0.31481
0.90826 4.04371 0.24315
0.91495 4.05831 0.16550
0.91903 4.06722 0.08378
0.92040 4.07021 0.00000
0.91903 4.06722 -0.08378
0.91495 4.05831 -0.16550
0.90826 4.04371 -0.24315
0.89913 4.02378 -0.31481
0.88778 3.99900 -0.37871
0.87450 3.96999 -0.43329
0.85960 3.93747 -0.47720
0.84345 3.90222 -0.50937
0.82646 3.86512 -0.52899
0.80904 3.82709 -0.53558
0.79163 3.78906 -0.52899
0.77463 3.75196 -0.50937
0.75849 3.71672 -0.47720
0.74359 3.68419 -0.43329
0.73031 3.65518 -0.37871
0.71896 3.63040 -0.31481
0.70983 3.61047 -0.24315
0.70314 3.59587 -0.16550
0.69906 3.58696 -0.08378
0.53825 3.66211 0.00000
0.53922 3.66506 0.07869
0.54211 3.67385 0.15544
0.54683 3.68827 0.22836
0.55328 3.70794 0.29566
0.56130 3.73240 0.35568
0.57069 3.76104 0.40694
0.58122 3.79315 0.44818
0.59263 3.82795 0.47839
0.60463 3.86457 0.49681
0.61694 3.90211 0.50301
0.62925 3.93966 0.49681
0.64126 3.97628 0.47839
0.65267 4.01107 0.44818
0.66319 4.04318 0.40694
0.67258 4.07182 0.35568
0.68060 4.09628 0.29566
0.68705 4.11596 0.22836
0.69178 4.13037 0.15544
0.69466 4.13916 0.07869
0.69563 4.14212 0.00000
0.69466 4.13916 -0.07869
0.69178 4.13037 -0.15544
0.68705 4.11596 -0.22836
0.68060 4.09628 -0.29566
0.67258 4.07182 -0.35568
0.66319 4.04318 -0.40694
0.65267 4.01107 -0.44818
0.64126 3.97628 -0.47839
0.62925 3.93966 -0.49681
0.61694 3.90211 -0.50301
0.60463 3.86457 -0.49681
0.59263 3.82795 -0.47839
0.58122 3.79315 -0.44818
0.57069 3.76104 -0.40694
0.56130 3.73240 -0.35568
0.55328 3.70794 -0.29566
0.54683 3.68827 -0.22836
0.54211 3.67385 -0.15544
0.53922 3.66506 -0.07869
0.36662 3.72592 0.00000
0.36722 3.72876 0.07342
0.36902 3.73719 0.14502
0.37197 3.75103 0.21306
0.37599 3.76992 0.27585
0.38099 3.79339 0.33185
0.38684 3.82088 0.37967
0.39340 3.85171 0.41815
0.40052 3.88511 0.44633
0.40800 3.92026 0.46353
0.41568 3.95630 0.46930
0.42335 3.99233 0.46353
0.43083 4.02749 0.44633
0.43795 4.06088 0.41815
0.44451 4.09171 0.37967
0.45036 4.11920 0.33185
0.45536 4.14267 0.27585
0.45938 4.16156 0.21306
0.46233 4.17540 0.14502
0.46413 4.18383 0.07342
0.46473 4.18667 0.00000
0.46413 4.18383 -0.07342
0.46233 4.17540 -0.14502
0.45938 4.16156 -0.21306
0.45536 4.14267 -0.27585
0.45036 4.11920 -0.33185
0.44451 4.09171 -0.37967
0.43795 4.06088 -0.41815
0.43083 4.02749 -0.44633
0.42335 3.99233 -0.46353
0.41568 3.95630 -0.46930
0.40800 3.92026 -0.46353
0.40052 3.88511 -0.44633
0.39340 3.85171 -0.41815
0.38684 3.82088 -0.37967
0.38099 3.79339 -0.33185
0.37599 3.76992 -0.27585
0.37197 3.75103 -0.21306
0.36902 3.73719 -0.14502
0.36722 3.72876 -0.07342
0.18629 3.77254 0.00000
0.18657 3.77521 0.06802
0.18741 3.78314 0.13437
0.18877 3.79614 0.19741
0.19064 3.81389 0.25559
0.19296 3.83595 0.30748
0.19568 3.86179 0.35180
0.19872 3.89075 0.38745
0.20202 3.92214 0.41356
0.20549 3.95518 0.42949
0.20905 3.98904 0.43484
0.21261 4.02291 0.42949
0.21608 4.05595 0.41356
0.21938 4.08733 0.38745
0.22243 4.11630 0.35180
0.22514 4.14213 0.30748
0.22746 4.16420 0.25559
0.22933 4.18195 0.19741
0.23070 4.19495 0.13437
0.23153 4.20288 0.06802
0.23181 4.20555 0.00000
0.23153 4.20288 -0.06802
0.23070 4.19495 -0.13437
0.22933 4.18195 -0.19741
0.22746 4.16420 -0.25559
0.22514 4.14213 -0.30748
0.22243 4.11630 -0.35180
0.21938 4.08733 -0.38745
0.21608 4.05595 -0.41356
0.21261 4.02291 -0.42949
0.20905 3.98904 -0.43484
0.20549 3.95518 -0.42949
0.20202 3.92214 -0.41356
0.19872 3.89075 -0.38745
0.19568 3.86179 -0.35180
0.19296 3.83595 -0.30748
0.19064 3.81389 -0.25559
0.18877 3.79614 -0.19741
0.18741 3.78314 -0.13437
0.18657 3.77521 -0.06802
0.00000 3.80000 0.00000
0.00000 3.80246 0.06257
0.00000 3.80979 0.12361
0.00000 3.82180 0.18160
0.00000 3.83820 0.23511
0.00000 3.85858 0.28284
0.00000 3.88244 0.32361
0.00000 3.90920 0.35640
0.00000 3.93820 0.38042
0.00000 3.96871 0.39508
0.00000 4.00000 0.40000
0.00000 4.03129 0.39508
0.00000 4.06180 0.38042
0.00000 4.09080 0.35640
0.00000 4.11756 0.32361
0.00000 4.14142 0.28284
0.00000 4.16180 0.23511
0.00000 4.17820 0.18160
0.00000 4.19021 0.12361
0.00000 4.19754 0.06257
0.00000 4.20000 0.00000
0.00000 4.19754 -0.06257
0.00000 4.19021 -0.12361
0.00000 4.17820 -0.18160
0.00000 4.16180 -0.23511
0.00000 4.14142 -0.28284
0.00000 4.11756 -0.32361
0.00000 4.09080 -0.35640
0.00000 4.06180 -0.38042
0.00000 4.03129 -0.39508
0.00000 4.00000 -0.40000
0.00000 3.96871 -0.39508
0.00000 3.93820 -0.38042
0.00000 3.90920 -0.35640
0.00000 3.88244 -0.32361
0.00000 3.85858 -0.28284
0.00000 3.83820 -0.23511
0.00000 3.82180 -0.18160
0.00000 3.80979 -0.12361
0.00000 3.80246 -0.06257
-0.18994 3.80724 0.00000
-0.19018 3.80947 0.05712
-0.19088 3.81613 0.11284
-0.19202 3.82705 0.16578
-0.19359 3.84196 0.21463
-0.19554 3.86049 0.25821
-0.19782 3.88218 0.29542
-0.20038 3.90651 0.32536
-0.20315 3.93286 0.34729
-0.20606 3.96060 0.36066
-0.20905 3.98904 0.36516
-0.21204 4.01748 0.36066
-0.21496 4.04523 0.34729
-0.21773 4.07158 0.32536
-0.22029 4.09591 0.29542
-0.22257 4.11760 0.25821
-0.22451 4.13613 0.21463
-0.22608 4.15104 0.16578
-0.22723 4.16195 0.11284
-0.22793 4.16861 0.05712
-0.22816 4.17085 0.00000
-0.22793 4.16861 -0.05712
-0.22723 4.16195 -0.11284
-0.22608 4.15104 -0.16578
-0.22451 4.13613 -0.21463
-0.22257 4.11760 -0.25821
-0.22029 4.09591 -0.29542
-0.21773 4.07158 -0.32536
-0.21496 4.04523 -0.34729
-0.21204 4.01748 -0.36066
-0.20905 3.98904 -0.36516
-0.20606 3.96060 -0.36066
-0.20315 3.93286 -0.34729
-0.20038 3.90651 -0.32536
-0.19782 3.88218 -0.29542
-0.19554 3.86049 -0.25821
-0.19359 3.84196 -0.21463
-0.19202 3.82705 -0.16578
-0.19088 3.81613 -0.11284
-0.19018 3.80947 -0.05712
-0.38111 3.79396 0.00000
-0.38153 3.79596 0.05173
-0.38280 3.80191 0.10219
-0.38488 3.81165 0.15013
-0.38771 3.82496 0.19438
-0.39123 3.84151 0.23384
-0.39536 3.86088 0.26754
-0.39998 3.88260 0.29465
-0.40499 3.90613 0.31451
-0.41027 3.93090 0.32662
-0.41568 3.95630 0.33070
-0.42108 3.98169 0.32662
-0.42636 4.00646 0.31451
-0.43137 4.02999 0.29465
-0.43599 4.05171 0.26754
-0.44012 4.07108 0.23384
-0.44364 4.08763 0.19438
-0.44648 4.10094 0.15013
-0.44855 4.11068 0.10219
-0.44982 4.11663 0.05173
-0.45024 4.11863 0.00000
-0.44982 4.11663 -0.05173
-0.44855 4.11068 -0.10219
-0.44648 4.10094 -0.15013
-0.44364 4.08763 -0.19438
-0.44012 4.07108 -0.23384
-0.43599 4.05171 -0.26754
-0.43137 4.02999 -0.29465
-0.42636 4.00646 -0.31451
-0.42108 3.98169 -0.32662
-0.41568 3.95630 -0.33070
-0.41027 3.93090 -0.32662
-0.40499 3.90613 -0.31451
-0.39998 3.88260 -0.29465
-0.39536 3.86088 -0.26754
-0.39123 3.84151 -0.23384
-0.38771 3.82496 -0.19438
-0.38488 3.81165 -0.15013
-0.38280 3.80191 -0.10219
-0.38153 3.79596 -0.05173
-0.57048 3.76040 0.00000
-0.57105 3.76215 0.04646
-0.57276 3.76734 0.09178
-0.57555 3.77585 0.13483
-0.57935 3.78747 0.17457
-0.58409 3.80191 0.21001
-0.58963 3.81882 0.24027
-0.59585 3.83778 0.26462
-0.60258 3.85832 0.28246
-0.60967 3.87994 0.29334
-0.61694 3.90211 0.29699
-0.62421 3.92428 0.29334
-0.63130 3.94590 0.28246
-0.63803 3.96645 0.26462
-0.64425 3.98541 0.24027
-0.64979 4.00232 0.21001
-0.65453 4.01676 0.17457
-0.65834 4.02838 0.13483
-0.66113 4.03689 0.09178
-0.66283 4.04208 0.04646
-0.66340 4.04382 0.00000
-0.66283 4.04208 -0.04646
-0.66113 4.03689 -0.09178
-0.65834 4.02838 -0.13483
-0.65453 4.01676 -0.17457
-0.64979 4.00232 -0.21001
-0.64425 3.98541 -0.24027
-0.63803 3.96645 -0.26462
-0.63130 3.94590 -0.28246
-0.62421 3.92428 -0.29334
-0.61694 3.90211 -0.29699
-0.60967 3.87994 -0.29334
-0.60258 3.85832 -0.28246
-0.59585 3.83778 -0.26462
-0.58963 3.81882 -0.24027
-0.58409 3.80191 -0.21001
-0.57935 3.78747 -0.17457
-0.57555 3.77585 -0.13483
-0.57276 3.76734 -0.09178
-0.57105 3.76215 -0.04646
-0.75407 3.70706 0.00000
-0.75475 3.70854 0.04136
-0.75676 3.71293 0.08171
-0.76006 3.72014 0.12004
-0.76457 3.72998 0.15542
-0.77017 3.74222 0.18697
-0.77673 3.75654 0.21392
-0.78409 3.77260 0.23560
-0.79206 3.79000 0.25148
-0.80044 3.80831 0.26117
-0.80904 3.82709 0.26442
-0.81764 3.84587 0.26117
-0.82603 3.86418 0.25148
-0.83400 3.88158 0.23560
-0.84136 3.89764 0.21392
-0.84792 3.91197 0.18697
-0.85352 3.92420 0.15542
-0.85803 3.93404 0.12004
-0.86133 3.94125 0.08171
-0.86334 3.94565 0.04136
-0.86402 3.94712 0.00000
-0.86334 3.94565 -0.04136
-0.86133 3.94125 -0.08171
-0.85803 3.93404 -0.12004
-0.85352 3.92420 -0.15542
-0.84792 3.91197 -0.18697
-0.84136 3.89764 -0.21392
-0.83400 3.88158 -0.23560
-0.82603 3.86418 -0.25148
-0.81764 3.84587 -0.26117
-0.80904 3.82709 -0.26442
-0.80044 3.80831 -0.26117
-0.79206 3.79000 -0.25148
-0.78409 3.77260 -0.23560
-0.77673 3.75654 -0.21392
-0.77017 3.74222 -0.18697
-0.76457 3.72998 -0.15542
-0.76006 3.72014 -0.12004
-0.75676 3.71293 -0.08171
-0.75475 3.70854 -0.04136
-0.92675 3.63446 0.00000
-0.92749 3.63566 0.03650
-0.92970 3.63923 0.07210
-0.93333 3.64509 0.10593
-0.93828 3.65310 0.13715
-0.94444 3.66304 0.16499
-0.95164 3.67469 0.18877
-0.95972 3.68774 0.20790
-0.96848 3.70189 0.22191
-0.97769 3.71678 0.23046
-0.98714 3.73205 0.23333
-0.99659 3.74732 0.23046
-1.00580 3.76221 0.22191
-1.01456 3.77636 0.20790
-1.02264 3.78941 0.18877
-1.02984 3.80106 0.16499
-1.03600 3.81101 0.13715
-1.04095 3.81901 0.10593
-1.04457 3.82487 0.07210
-1.04679 3.82844 0.03650
-1.04753 3.82964 0.00000
-1.04679 3.82844 -0.03650
-1.04457 3.82487 -0.07210
-1.04095 3.81901 -0.10593
-1.03600 3.81101 -0.13715
-1.02984 3.80106 -0.16499
-1.02264 3.78941 -0.18877
-1.01456 3.77636 -0.20790
-1.00580 3.76221 -0.22191
-0.99659 3.74732 -0.23046
-0.98714 3.73205 -0.23333
-0.97769 3.71678 -0.23046
-0.96848 3.70189 -0.22191
-0.95972 3.68774 -0.20790
-0.95164 3.67469 -0.18877
-0.94444 3.66304 -0.16499
-0.93828 3.65310 -0.13715
-0.93333 3.64509 -0.10593
-0.92970 3.63923 -0.07210
-0.92749 3.63566 -0.03650
-1.08240 3.54307 0.00000
-1.08317 3.54399 0.03192
-1.08548 3.54673 0.06306
-1.08927 3.55124 0.09265
-1.09444 3.55738 0.11995
-1.10087 3.56502 0.14430
-1.10839 3.57397 0.16510
-1.11683 3.58400 0.18183
-1.12597 3.59487 0.19408
-1.13559 3.60631 0.20156
-1.14546 3.61803 0.20407
-1.15532 3.62976 0.20156
-1.16495 3.64120 0.19408
-1.17409 3.65207 0.18183
-1.18253 3.66210 0.16510
-1.19005 3.67105 0.14430
-1.19648 3.67869 0.11995
-1.20165 3.68483 0.09265
-1.20543 3.68933 0.06306
-1.20774 3.69208 0.03192
-1.20852 3.69300 0.00000
-1.20774 3.69208 -0.03192
-1.20543 3.68933 -0.06306
-1.20165 3.68483 -0.09265
-1.19648 3.67869 -0.11995
-1.19005 3.67105 -0.14430
-1.18253 3.66210 -0.16510
-1.17409 3.65207 -0.18183
-1.16495 3.64120 -0.19408
-1.15532 3.62976 -0.20156
-1.14546 3.61803 -0.20407
-1.13559 3.60631 -0.20156
-1.12597 3.59487 -0.19408
-1.11683 3.58400 -0.18183
-1.10839 3.57397 -0.16510
-1.10087 3.56502 -0.14430
-1.09444 3.55738 -0.11995
-1.08927 3.55124 -0.09265
-1.08548 3.54673 -0.06306
-1.08317 3.54399 -0.03192
-1.21430 3.43330 0.00000
-1.21508 3.43395 0.02768
-1.21740 3.43589 0.05468
-1.22121 3.43907 0.08034
-1.22641 3.44342 0.10401
-1.23287 3.44882 0.12513
-1.24044 3.45514 0.14316
-1.24892 3.46223 0.15767
-1.25812 3.46991 0.16830
-1.26779 3.47800 0.17478
-1.27771 3.48629 0.17696
-1.28763 3.49458 0.17478
-1.29731 3.50267 0.16830
-1.30650 3.51035 0.15767
-1.31499 3.51744 0.14316
-1.32255 3.52376 0.12513
-1.32902 3.52916 0.10401
-1.33422 3.53351 0.08034
-1.33802 3.53669 0.05468
-1.34035 3.53863 0.02768
-1.34113 3.53928 0.00000
-1.34035 3.53863 -0.02768
-1.33802 3.53669 -0.05468
-1.33422 3.53351 -0.08034
-1.32902 3.52916 -0.10401
-1.32255 3.52376 -0.12513
-1.31499 3.51744 -0.14316
-1.30650 3.51035 -0.15767
-1.29731 3.50267 -0.16830
-1.28763 3.49458 -0.17478
-1.27771 3.48629 -0.17696
-1.26779 3.47800 -0.17478
-1.25812 3.46991 -0.16830
-1.24892 3.46223 -0.15767
-1.24044 3.45514 -0.14316
-1.23287 3.44882 -0.12513
-1.22641 3.44342 -0.10401
-1.22121 3.43907 -0.08034
-1.21740 3.43589 -0.05468
-1.21508 3.43395 -0.02768
-1.31578 3.30563 0.00000
-1.31654 3.30603 0.02382
-1.31881 3.30723 0.04706
-1.32253 3.30919 0.06914
-1.32761 3.31186 0.08951
-1.33392 3.31519 0.10768
-1.34131 3.31908 0.12320
-1.34960 3.32345 0.13569
-1.35858 3.32818 0.14483
-1.36803 3.33316 0.15041
-1.37772 3.33826 0.15229
-1.38741 3.34337 0.15041
-1.39686 3.34834 0.14483
-1.40584 3.35308 0.13569
-1.41412 3.35744 0.12320
-1.42151 3.36133 0.10768
-1.42783 3.36466 0.08951
-1.43290 3.36734 0.06914
-1.43662 3.36930 0.04706
-1.43889 3.37049 0.02382
-1.43966 3.37089 0.00000
-1.43889 3.37049 -0.02382
-1.43662 3.36930 -0.04706
-1.43290 3.36734 -0.06914
-1.42783 3.36466 -0.08951
-1.42151 3.36133 -0.10768
-1.41412 3.35744 -0.12320
-1.40584 3.35308 -0.13569
-1.39686 3.34834 -0.14483
-1.38741 3.34337 -0.15041
-1.37772 3.33826 -0.15229
-1.36803 3.33316 -0.15041
-1.35858 3.32818 -0.14483
-1.34960 3.32345 -0.13569
-1.34131 3.31908 -0.12320
-1.33392 3.31519 -0.10768
-1.32761 3.31186 -0.08951
-1.32253 3.30919 -0.06914
-1.31881 3.30723 -0.04706
-1.31654 3.30603 -0.02382
-1.38100 3.16081 0.00000
-1.38172 3.16099 0.02039
-1.38389 3.16153 0.04027
-1.38745 3.16241 0.05917
-1.39230 3.16363 0.07660
-1.39833 3.16513 0.09216
-1.40539 3.16689 0.10544
-1.41330 3.16887 0.11612
-1.42188 3.17101 0.12395
-1.43091 3.17326 0.12872
-1.44016 3.17557 0.13033
-1.44942 3.17788 0.12872
-1.45845 3.18013 0.12395
-1.46703 3.18227 0.11612
-1.47494 3.18425 0.10544
-1.48200 3.18601 0.09216
-1.48803 3.18752 0.07660
-1.49288 3.18873 0.05917
-1.49644 3.18961 0.04027
-1.49860 3.19015 0.02039
-1.49933 3.19034 0.00000
-1.49860 3.19015 -0.02039
-1.49644 3.18961 -0.04027
-1.49288 3.18873 -0.05917
-1.48803 3.18752 -0.07660
-1.48200 3.18601 -0.09216
-1.47494 3.18425 -0.10544
-1.46703 3.18227 -0.11612
-1.45845 3.18013 -0.12395
-1.44942 3.17788 -0.12872
-1.44016 3.17557 -0.13033
-1.43091 3.17326 -0.12872
-1.42188 3.17101 -0.12395
-1.41330 3.16887 -0.11612
-1.40539 3.16689 -0.10544
-1.39833 3.16513 -0.09216
-1.39230 3.16363 -0.07660
-1.38745 3.16241 -0.05917
-1.38389 3.16153 -0.04027
-1.38172 3.16099 -0.02039
-1.40576 3.00000 0.00000
-1.40644 3.00000 0.01742
-1.40848 3.00000 0.03440
-1.41182 3.00000 0.05054
-1.41639 3.00000 0.06544
-1.42206 3.00000 0.07872
-1.42870 3.00000 0.09006
-1.43615 3.00000 0.09919
-1.44422 3.00000 0.10588
-1.45271 3.00000 0.10995
-1.46142 3.00000 0.11132
-1.47013 3.00000 0.10995
-1.47862 3.00000 0.10588
-1.48669 3.00000 0.09919
-1.49414 3.00000 0.09006
-1.50078 3.00000 0.07872
-1.50645 3.00000 0.06544
-1.51101 3.00000 0.05054
-1.51436 3.00000 0.03440
-1.51640 3.00000 0.01742
-1.51708 3.00000 0.00000
-1.51640 3.00000 -0.01742
-1.51436 3.00000 -0.03440
-1.51101 3.00000 -0.05054
-1.50645 3.00000 -0.06544
-1.50078 3.00000 -0.07872
-1.49414 3.00000 -0.09006
-1.48669 3.00000 -0.09919
-1.47862 3.00000 -0.10588
-1.47013 3.00000 -0.10995
-1.46142 3.00000 -0.11132
-1.45271 3.00000 -0.10995
-1.44422 3.00000 -0.10588
-1.43615 3.00000 -0.09919
-1.42870 3.00000 -0.09006
-1.42206 3.00000 -0.07872
-1.41639 3.00000 -0.06544
-1.41182 3.00000 -0.05054
-1.40848 3.00000 -0.03440
-1.40644 3.00000 -0.01742
-1.38816 2.82496 0.00000
-1.38880 2.82482 0.01494
-1.39071 2.82440 0.02951
-1.39383 2.82371 0.04335
-1.39810 2.82277 0.05612
-1.40340 2.82160 0.06752
-1.40960 2.82022 0.07725
-1.41656 2.81869 0.08508
-1.42410 2.81702 0.09081
-1.43203 2.81527 0.09431
-1.44017 2.81347 0.09548
-1.44830 2.81168 0.09431
-1.45624 2.80992 0.09081
-1.46378 2.80826 0.08508
-1.47074 2.80672 0.07725
-1.47694 2.80535 0.06752
-1.48224 2.80418 0.05612
-1.48651 2.80324 0.04335
-1.48963 2.80255 0.02951
-1.49153 2.80213 0.01494
-1.49217 2.80199 0.00000
-1.49153 2.80213 -0.01494
-1.48963 2.80255 -0.02951
-1.48651 2.80324 -0.04335
-1.48224 2.80418 -0.05612
-1.47694 2.80535 -0.06752
-1.47074 2.80672 -0.07725
-1.46378 2.80826 -0.08508
-1.45624 2.80992 -0.09081
-1.44830 2.81168 -0.09431
-1.44017 2.81347 -0.09548
-1.43203 2.81527 -0.09431
-1.42410 2.81702 -0.09081
-1.41656 2.81869 -0.08508
-1.40960 2.82022 -0.07725
-1.40340 2.82160 -0.06752
-1.39810 2.82277 -0.05612
-1.39383 2.82371 -0.04335
-1.39071 2.82440 -0.02951
-1.38880 2.82482 -0.01494
-1.32909 2.63802 0.00000
-1.32969 2.63778 0.01298
-1.33148 2.63704 0.02564
-1.33440 2.63584 0.03767
-1.33840 2.63421 0.04878
-1.34337 2.63217 0.05868
-1.34919 2.62978 0.06713
-1.35572 2.62711 0.07394
-1.36279 2.62421 0.07892
-1.37023 2.62116 0.08196
-1.37786 2.61803 0.08298
-1.38549 2.61491 0.08196
-1.39294 2.61186 0.07892
-1.40001 2.60896 0.07394
-1.40653 2.60628 0.06713
-1.41235 2.60390 0.05868
-1.41732 2.60186 0.04878
-1.42132 2.60022 0.03767
-1.42425 2.59902 0.02564
-1.42604 2.59829 0.01298
-1.42664 2.59805 0.00000
-1.42604 2.59829 -0.01298
-1.42425 2.59902 -0.02564
-1.42132 2.60022 -0.03767
-1.41732 2.60186 -0.04878
-1.41235 2.60390 -0.05868
-1.40653 2.60628 -0.06713
-1.40001 2.60896 -0.07394
-1.39294 2.61186 -0.07892
-1.38549 2.61491 -0.08196
-1.37786 2.61803 -0.08298
-1.37023 2.62116 -0.08196
-1.36279 2.62421 -0.07892
-1.35572 2.62711 -0.07394
-1.34919 2.62978 -0.06713
-1.34337 2.63217 -0.05868
-1.33840 2.63421 -0.04878
-1.33440 2.63584 -0.03767
-1.33148 2.63704 -0.02564
-1.32969 2.63778 -0.01298
-1.23227 2.44202 0.00000
-1.23284 2.44170 0.01157
-1.23454 2.44074 0.02285
-1.23734 2.43917 0.03357
-1.24115 2.43702 0.04347
-1.24590 2.43435 0.05229
-1.25145 2.43122 0.05983
-1.25768 2.42772 0.06589
-1.26442 2.42392 0.07033
-1.27152 2.41992 0.07304
-1.27880 2.41582 0.07395
-1.28608 2.41172 0.07304
-1.29319 2.40773 0.07033
-1.29993 2.40393 0.06589
-1.30616 2.40042 0.05983
-1.31171 2.39730 0.05229
-1.31646 2.39463 0.04347
-1.32027 2.39248 0.03357
-1.32307 2.39091 0.02285
-1.32477 2.38995 0.01157
-1.32534 2.38962 0.00000
-1.32477 2.38995 -0.01157
-1.32307 2.39091 -0.02285
-1.32027 2.39248 -0.03357
-1.31646 2.39463 -0.04347
-1.31171 2.39730 -0.05229
-1.30616 2.40042 -0.05983
-1.29993 2.40393 -0.06589
-1.29319 2.40773 -0.07033
-1.28608 2.41172 -0.07304
-1.27880 2.41582 -0.07395
-1.27152 2.41992 -0.07304
-1.26442 2.42392 -0.07033
-1.25768 2.42772 -0.06589
-1.25145 2.43122 -0.05983
-1.24590 2.43435 -0.05229
-1.24115 2.43702 -0.04347
-1.23734 2.43917 -0.03357
-1.23454 2.44074 -0.02285
-1.23284 2.44170 -0.01157
-1.10406 2.24008 0.00000
-1.10462 2.23970 0.01071
-1.10630 2.23856 0.02117
-1.10905 2.23670 0.03110
-1.11281 2.23416 0.04026
-1.11748 2.23100 0.04843
-1.12295 2.22729 0.05541
-1.12908 2.22314 0.06103
-1.13573 2.21864 0.06514
-1.14272 2.21391 0.06765
-1.14989 2.20906 0.06849
-1.15706 2.20420 0.06765
-1.16405 2.19947 0.06514
-1.17069 2.19497 0.06103
-1.17683 2.19082 0.05541
-1.18229 2.18712 0.04843
-1.18697 2.18396 0.04026
-1.19072 2.18141 0.03110
-1.19348 2.17955 0.02117
-1.19515 2.17841 0.01071
-1.19572 2.17803 0.00000
-1.19515 2.17841 -0.01071
-1.19348 2.17955 -0.02117
-1.19072 2.18141 -0.03110
-1.18697 2.18396 -0.04026
-1.18229 2.18712 -0.04843
-1.17683 2.19082 -0.05541
-1.17069 2.19497 -0.06103
-1.16405 2.19947 -0.06514
-1.15706 2.20420 -0.06765
-1.14989 2.20906 -0.06849
-1.14272 2.21391 -0.06765
-1.13573 2.21864 -0.06514
-1.12908 2.22314 -0.06103
-1.12295 2.22729 -0.05541
-1.11748 2.23100 -0.04843
-1.11281 2.23416 -0.04026
-1.10905 2.23670 -0.03110
-1.10630 2.23856 -0.02117
-1.10462 2.23970 -0.01071
-0.95286 2.03536 0.00000
-0.95344 2.03492 0.01043
-0.95517 2.03362 0.02060
-0.95800 2.03150 0.03027
-0.96186 2.02860 0.03919
-0.96667 2.02500 0.04714
-0.97229 2.02078 0.05393
-0.97860 2.01605 0.05940
-0.98543 2.01093 0.06340
-0.99263 2.00553 0.06585
-1.00000 2.00000 0.06667
-1.00737 1.99447 0.06585
-1.01457 1.98907 0.06340
-1.02140 1.98395 0.05940
-1.02771 1.97922 0.05393
-1.03333 1.97500 0.04714
-1.03814 1.97140 0.03919
-1.04200 1.96850 0.03027
-1.04483 1.96638 0.02060
-1.04656 1.96508 0.01043
-1.04714 1.96464 0.00000
-1.04656 1.96508 -0.01043
-1.04483 1.96638 -0.02060
-1.04200 1.96850 -0.03027
-1.03814 1.97140 -0.03919
-1.03333 1.97500 -0.04714
-1.02771 1.97922 -0.05393
-1.02140 1.98395 -0.05940
-1.01457 1.98907 -0.06340
-1.00737 1.99447 -0.06585
-1.00000 2.00000 -0.06667
-0.99263 2.00553 -0.06585
-0.98543 2.01093 -0.06340
-0.97860 2.01605 -0.05940
-0.97229 2.02078 -0.05393
-0.96667 2.02500 -0.04714
-0.96186 2.02860 -0.03919
-0.95800 2.03150 -0.03027
-0.95517 2.03362 -0.02060
-0.95344 2.03492 -0.01043
-0.78826 1.83075 0.00000
-0.78888 1.83026 0.01071
-0.79075 1.82880 0.02117
-0.79380 1.82641 0.03110
-0.79798 1.82315 0.04026
-0.80316 1.81909 0.04843
-0.80924 1.81434 0.05541
-0.81605 1.80902 0.06103
-0.82343 1.80324 0.06514
-0.83119 1.79717 0.06765
-0.83916 1.79094 0.06849
-0.84712 1.78472 0.06765
-0.85489 1.77864 0.06514
-0.86226 1.77287 0.06103
-0.86907 1.76754 0.05541
-0.87515 1.76279 0.04843
-0.88034 1.75874 0.04026
-0.88451 1.75547 0.03110
-0.88756 1.75308 0.02117
-0.88943 1.75163 0.01071
-0.89006 1.75114 0.00000
-0.88943 1.75163 -0.01071
-0.88756 1.75308 -0.02117
-0.88451 1.75547 -0.03110
-0.88034 1.75874 -0.04026
-0.87515 1.76279 -0.04843
-0.86907 1.76754 -0.05541
-0.86226 1.77287 -0.06103
-0.85489 1.77864 -0.06514
-0.84712 1.78472 -0.06765
-0.83916 1.79094 -0.06849
-0.83119 1.79717 -0.06765
-0.82343 1.80324 -0.06514
-0.81605 1.80902 -0.06103
-0.80924 1.81434 -0.05541
-0.80316 1.81909 -0.04843
-0.79798 1.82315 -0.04026
-0.79380 1.82641 -0.03110
-0.79075 1.82880 -0.02117
-0.78888 1.83026 -0.01071
-0.62002 1.62875 0.00000
-0.62073 1.62820 0.01157
-0.62283 1.62656 0.02285
-0.62628 1.62389 0.03357
-0.63100 1.62023 0.04347
-0.63685 1.61569 0.05229
-0.64371 1.61037 0.05983
-0.65140 1.60441 0.06589
-0.65973 1.59795 0.07033
-0.66850 1.59115 0.07304
-0.67749 1.58418 0.07395
-0.68648 1.57720 0.07304
-0.69525 1.57040 0.07033
-0.70358 1.56394 0.06589
-0.71127 1.55798 0.05983
-0.71813 1.55266 0.05229
-0.72399 1.54812 0.04347
-0.72870 1.54447 0.03357
-0.73215 1.54179 0.02285
-0.73425 1.54016 0.01157
-0.73496 1.53961 0.00000
-0.73425 1.54016 -0.01157
-0.73215 1.54179 -0.02285
-0.72870 1.54447 -0.03357
-0.72399 1.54812 -0.04347
-0.71813 1.55266 -0.05229
-0.71127 1.55798 -0.05983
-0.70358 1.56394 -0.06589
-0.69525 1.57040 -0.07033
-0.68648 1.57720 -0.07304
-0.67749 1.58418 -0.07395
-0.66850 1.59115 -0.07304
-0.65973 1.59795 -0.07033
-0.65140 1.60441 -0.06589
-0.64371 1.61037 -0.05983
-0.63685 1.61569 -0.05229
-0.63100 1.62023 -0.04347
-0.62628 1.62389 -0.03357
-0.62283 1.62656 -0.02285
-0.62073 1.62820 -0.01157
-0.45712 1.43129 0.00000
-0.45794 1.43068 0.01298
-0.46040 1.42888 0.02564
-0.46443 1.42591 0.03767
-0.46994 1.42187 0.04878
-0.47678 1.41684 0.05868
-0.48479 1.41096 0.06713
-0.49377 1.40436 0.07394
-0.50350 1.39721 0.07892
-0.51375 1.38968 0.08196
-0.52425 1.38197 0.08298
-0.53475 1.37425 0.08196
-0.54499 1.36672 0.07892
-0.55473 1.35957 0.07394
-0.56371 1.35297 0.06713
-0.57172 1.34709 0.05868
-0.57856 1.34206 0.04878
-0.58407 1.33802 0.03767
-0.58810 1.33506 0.02564
-0.59056 1.33325 0.01298
-0.59138 1.33264 0.00000
-0.59056 1.33325 -0.01298
-0.58810 1.33506 -0.02564
-0.58407 1.33802 -0.03767
-0.57856 1.34206 -0.04878
-0.57172 1.34709 -0.05868
-0.56371 1.35297 -0.06713
-0.55473 1.35957 -0.07394
-0.54499 1.36672 -0.07892
-0.53475 1.37425 -0.08196
-0.52425 1.38197 -0.08298
-0.51375 1.38968 -0.08196
-0.50350 1.39721 -0.07892
-0.49377 1.40436 -0.07394
-0.48479 1.41096 -0.06713
-0.47678 1.41684 -0.05868
-0.46994 1.42187 -0.04878
-0.46443 1.42591 -0.03767
-0.46040 1.42888 -0.02564
-0.45794 1.43068 -0.01298
-0.30684 1.23987 0.00000
-0.30783 1.23921 0.01494
-0.31076 1.23726 0.02951
-0.31557 1.23405 0.04335
-0.32214 1.22968 0.05612
-0.33030 1.22424 0.06752
-0.33985 1.21788 0.07725
-0.35057 1.21074 0.08508
-0.36218 1.20301 0.09081
-0.37439 1.19487 0.09431
-0.38692 1.18653 0.09548
-0.39945 1.17818 0.09431
-0.41167 1.17004 0.09081
-0.42328 1.16231 0.08508
-0.43399 1.15517 0.07725
-0.44355 1.14881 0.06752
-0.45171 1.14337 0.05612
-0.45827 1.13900 0.04335
-0.46308 1.13580 0.02951
-0.46602 1.13384 0.01494
-0.46700 1.13319 0.00000
-0.46602 1.13384 -0.01494
-0.46308 1.13580 -0.02951
-0.45827 1.13900 -0.04335
-0.45171 1.14337 -0.05612
-0.44355 1.14881 -0.06752
-0.43399 1.15517 -0.07725
-0.42328 1.16231 -0.08508
-0.41167 1.17004 -0.09081
-0.39945 1.17818 -0.09431
-0.38692 1.18653 -0.09548
-0.37439 1.19487 -0.09431
-0.36218 1.20301 -0.09081
-0.35057 1.21074 -0.08508
-0.33985 1.21788 -0.07725
-0.33030 1.22424 -0.06752
-0.32214 1.22968 -0.05612
-0.31557 1.23405 -0.04335
-0.31076 1.23726 -0.02951
-0.30783 1.23921 -0.01494
-0.17422 1.05566 0.00000
-0.17541 1.05498 0.01742
-0.17894 1.05294 0.03440
-0.18473 1.04960 0.05054
-0.19264 1.04503 0.06544
-0.20246 1.03936 0.07872
-0.21396 1.03272 0.09006
-0.22686 1.02527 0.09919
-0.24084 1.01720 0.10588
-0.25555 1.00871 0.10995
-0.27063 1.00000 0.11132
-0.28571 0.99129 0.10995
-0.30043 0.98280 0.10588
-0.31440 0.97473 0.09919
-0.32730 0.96728 0.09006
-0.33881 0.96064 0.07872
-0.34863 0.95497 0.06544
-0.35654 0.95040 0.05054
-0.36232 0.94706 0.03440
-0.36586 0.94502 0.01742
-0.36704 0.94434 0.00000
-0.36586 0.94502 -0.01742
-0.36232 0.94706 -0.03440
-0.35654 0.95040 -0.05054
-0.34863 0.95497 -0.06544
-0.33881 0.96064 -0.07872
-0.32730 0.96728 -0.09006
-0.31440 0.97473 -0.09919
-0.30043 0.98280 -0.10588
-0.28571 0.99129 -0.10995
-0.27063 1.00000 -0.11132
-0.25555 1.00871 -0.10995
-0.24084 1.01720 -0.10588
-0.22686 1.02527 -0.09919
-0.21396 1.03272 -0.09006
-0.20246 1.03936 -0.07872
-0.19264 1.04503 -0.06544
-0.18473 1.04960 -0.05054
-0.17894 1.05294 -0.03440
-0.17541 1.05498 -0.01742
-0.06175 0.87982 0.00000
-0.06318 0.87914 0.02039
-0.06743 0.87711 0.04027
-0.07440 0.87378 0.05917
-0.08392 0.86924 0.07660
-0.09576 0.86360 0.09216
-0.10961 0.85699 0.10544
-0.12515 0.84958 0.11612
-0.14199 0.84155 0.12395
-0.15970 0.83309 0.12872
-0.17787 0.82443 0.13033
-0.19604 0.81576 0.12872
-0.21375 0.80731 0.12395
-0.23059 0.79928 0.11612
-0.24613 0.79187 0.10544
-0.25998 0.78526 0.09216
-0.27182 0.77962 0.07660
-0.28134 0.77508 0.05917
-0.28831 0.77175 0.04027
-0.29256 0.76972 0.02039
-0.29399 0.76904 0.00000
-0.29256 0.76972 -0.02039
-0.28831 0.77175 -0.04027
-0.28134 0.77508 -0.05917
-0.27182 0.77962 -0.07660
-0.25998 0.78526 -0.09216
-0.24613 0.79187 -0.10544
-0.23059 0.79928 -0.11612
-0.21375 0.80731 -0.12395
-0.19604 0.81576 -0.12872
-0.17787 0.82443 -0.13033
-0.15970 0.83309 -0.12872
-0.14199 0.84155 -0.12395
-0.12515 0.84958 -0.11612
-0.10961 0.85699 -0.10544
-0.09576 0.86360 -0.09216
-0.08392 0.86924 -0.07660
-0.07440 0.87378 -0.05917
-0.06743 0.87711 -0.04027
-0.06318 0.87914 -0.02039
0.03055 0.71371 0.00000
0.02883 0.71307 0.02382
0.02374 0.71117 0.04706
0.01538 0.70805 0.06914
0.00398 0.70379 0.08951
-0.01020 0.69849 0.10768
-0.02680 0.69229 0.12320
-0.04542 0.68533 0.13569
-0.06558 0.67780 0.14483
-0.08681 0.66987 0.15041
-0.10857 0.66174 0.15229
-0.13034 0.65361 0.15041
-0.15156 0.64568 0.14483
-0.17173 0.63814 0.13569
-0.19035 0.63119 0.12320
-0.20695 0.62499 0.10768
-0.22112 0.61969 0.08951
-0.23253 0.61543 0.06914
-0.24088 0.61231 0.04706
-0.24598 0.61041 0.02382
-0.24769 0.60977 0.00000
-0.24598 0.61041 -0.02382
-0.24088 0.61231 -0.04706
-0.23253 0.61543 -0.06914
-0.22112 0.61969 -0.08951
-0.20695 0.62499 -0.10768
-0.19035 0.63119 -0.12320
-0.17173 0.63814 -0.13569
-0.15156 0.64568 -0.14483
-0.13034 0.65361 -0.15041
-0.10857 0.66174 -0.15229
-0.08681 0.66987 -0.15041
-0.06558 0.67780 -0.14483
-0.04542 0.68533 -0.13569
-0.02680 0.69229 -0.12320
-0.01020 0.69849 -0.10768
0.00398 0.70379 -0.08951
0.01538 0.70805 -0.06914
0.02374 0.71117 -0.04706
0.02883 0.71307 -0.02382
0.10465 0.55913 0.00000
0.10262 0.55857 0.02768
0.09657 0.55691 0.05468
0.08665 0.55418 0.08034
0.07310 0.55046 0.10401
0.05627 0.54583 0.12513
0.03656 0.54041 0.14316
0.01445 0.53433 0.15767
-0.00950 0.52775 0.16830
-0.03471 0.52082 0.17478
-0.06055 0.51371 0.17696
-0.08639 0.50660 0.17478
-0.11160 0.49967 0.16830
-0.13555 0.49309 0.15767
-0.15765 0.48701 0.14316
-0.17737 0.48159 0.12513
-0.19420 0.47696 0.10401
-0.20775 0.47324 0.08034
-0.21767 0.47051 0.05468
-0.22372 0.46885 0.02768
-0.22575 0.46829 0.00000
-0.22372 0.46885 -0.02768
-0.21767 0.47051 -0.05468
-0.20775 0.47324 -0.08034
-0.19420 0.47696 -0.10401
-0.17737 0.48159 -0.12513
-0.15765 0.48701 -0.14316
-0.13555 0.49309 -0.15767
-0.11160 0.49967 -0.16830
-0.08639 0.50660 -0.17478
-0.06055 0.51371 -0.17696
-0.03471 0.52082 -0.17478
-0.00950 0.52775 -0.16830
0.01445 0.53433 -0.15767
0.03656 0.54041 -0.14316
0.05627 0.54583 -0.12513
0.07310 0.55046 -0.10401
0.08665 0.55418 -0.08034
0.09657 0.55691 -0.05468
0.10262 0.55857 -0.02768
0.16397 0.41837 0.00000
0.16158 0.41792 0.03192
0.15447 0.41659 0.06306
0.14282 0.41440 0.09265
0.12691 0.41142 0.11995
0.10713 0.40771 0.14430
0.08397 0.40336 0.16510
0.05800 0.39849 0.18183
0.02986 0.39322 0.19408
0.00025 0.38766 0.20156
-0.03011 0.38197 0.20407
-0.06047 0.37627 0.20156
-0.09009 0.37072 0.19408
-0.11822 0.36544 0.18183
-0.14419 0.36057 0.16510
-0.16735 0.35623 0.14430
-0.18713 0.35252 0.11995
-0.20304 0.34953 0.09265
-0.21470 0.34735 0.06306
-0.22181 0.34601 0.03192
-0.22420 0.34556 0.00000
-0.22181 0.34601 -0.03192
-0.21470 0.34735 -0.06306
-0.20304 0.34953 -0.09265
-0.18713 0.35252 -0.11995
-0.16735 0.35623 -0.14430
-0.14419 0.36057 -0.16510
-0.11822 0.36544 -0.18183
-0.09009 0.37072 -0.19408
-0.06047 0.37627 -0.20156
-0.03011 0.38197 -0.20407
0.00025 0.38766 -0.20156
0.02986 0.39322 -0.19408
0.05800 0.39849 -0.18183
0.08397 0.40336 -0.16510
0.10713 0.40771 -0.14430
0.12691 0.41142 -0.11995
0.14282 0.41440 -0.09265
0.15447 0.41659 -0.06306
0.16158 0.41792 -0.03192
0.21252 0.29410 0.00000
0.20975 0.29378 0.03650
0.20149 0.29282 0.07210
0.18796 0.29125 0.10593
0.16948 0.28911 0.13715
0.14651 0.28644 0.16499
0.11962 0.28332 0.18877
0.08946 0.27982 0.20790
0.05679 0.27603 0.22191
0.02240 0.27204 0.23046
-0.01286 0.26795 0.23333
-0.04812 0.26386 0.23046
-0.08251 0.25987 0.22191
-0.11518 0.25608 0.20790
-0.14534 0.25258 0.18877
-0.17223 0.24946 0.16499
-0.19520 0.24679 0.13715
-0.21368 0.24465 0.10593
-0.22721 0.24308 0.07210
-0.23547 0.24212 0.03650
-0.23824 0.24180 0.00000
-0.23547 0.24212 -0.03650
-0.22721 0.24308 -0.07210
-0.21368 0.24465 -0.10593
-0.19520 0.24679 -0.13715
-0.17223 0.24946 -0.16499
-0.14534 0.25258 -0.18877
-0.11518 0.25608 -0.20790
-0.08251 0.25987 -0.22191
-0.04812 0.26386 -0.23046
-0.01286 0.26795 -0.23333
0.02240 0.27204 -0.23046
0.05679 0.27603 -0.22191
0.08946 0.27982 -0.20790
0.11962 0.28332 -0.18877
0.14651 0.28644 -0.16499
0.16948 0.28911 -0.13715
0.18796 0.29125 -0.10593
0.20149 0.29282 -0.07210
0.20975 0.29378 -0.03650
0.25421 0.18912 0.00000
0.25103 0.18892 0.04136
0.24156 0.18833 0.08171
0.22602 0.18736 0.12004
0.20482 0.18603 0.15542
0.17846 0.18438 0.18697
0.14760 0.18244 0.21392
0.11299 0.18027 0.23560
0.07550 0.17792 0.25148
0.03603 0.17545 0.26117
-0.00443 0.17291 0.26442
-0.04489 0.17037 0.26117
-0.08435 0.16790 0.25148
-0.12185 0.16555 0.23560
-0.15646 0.16338 0.21392
-0.18732 0.16144 0.18697
-0.21368 0.15979 0.15542
-0.23488 0.15846 0.12004
-0.25041 0.15749 0.08171
-0.25989 0.15689 0.04136
-0.26307 0.15669 0.00000
-0.25989 0.15689 -0.04136
-0.25041 0.15749 -0.08171
-0.23488 0.15846 -0.12004
-0.21368 0.15979 -0.15542
-0.18732 0.16144 -0.18697
-0.15646 0.16338 -0.21392
-0.12185 0.16555 -0.23560
-0.08435 0.16790 -0.25148
-0.04489 0.17037 -0.26117
-0.00443 0.17291 -0.26442
0.03603 0.17545 -0.26117
0.07550 0.17792 -0.25148
0.11299 0.18027 -0.23560
0.14760 0.18244 -0.21392
0.17846 0.18438 -0.18697
0.20482 0.18603 -0.15542
0.22602 0.18736 -0.12004
0.24156 0.18833 -0.08171
0.25103 0.18892 -0.04136
0.29225 0.10597 0.00000
0.28863 0.10587 0.04646
0.27789 0.10558 0.09178
0.26027 0.10509 0.13483
0.23622 0.10443 0.17457
0.20633 0.10361 0.21001
0.17133 0.10264 0.24027
0.13208 0.10156 0.26462
0.08955 0.10039 0.28246
0.04480 0.09915 0.29334
-0.00109 0.09789 0.29699
-0.04698 0.09662 0.29334
-0.09174 0.09539 0.28246
-0.13426 0.09422 0.26462
-0.17351 0.09313 0.24027
-0.20851 0.09217 0.21001
-0.23841 0.09134 0.17457
-0.26246 0.09068 0.13483
-0.28007 0.09020 0.09178
-0.29082 0.08990 0.04646
-0.29443 0.08980 0.00000
-0.29082 0.08990 -0.04646
-0.28007 0.09020 -0.09178
-0.26246 0.09068 -0.13483
-0.23841 0.09134 -0.17457
-0.20851 0.09217 -0.21001
-0.17351 0.09313 -0.24027
-0.13426 0.09422 -0.26462
-0.09174 0.09539 -0.28246
-0.04698 0.09662 -0.29334
-0.00109 0.09789 -0.29699
0.04480 0.09915 -0.29334
0.08955 0.10039 -0.28246
0.13208 0.10156 -0.26462
0.17133 0.10264 -0.24027
0.20633 0.10361 -0.21001
0.23622 0.10443 -0.17457
0.26027 0.10509 -0.13483
0.27789 0.10558 -0.09178
0.28863 0.10587 -0.04646
0.32874 0.04647 0.00000
0.32469 0.04644 0.05173
0.31264 0.04634 0.10219
0.29289 0.04617 0.15013
0.26593 0.04594 0.19438
0.23241 0.04566 0.23384
0.19317 0.04533 0.26754
0.14916 0.04496 0.29465
0.10148 0.04456 0.31451
0.05130 0.04414 0.32662
-0.00015 0.04370 0.33070
-0.05160 0.04327 0.32662
-0.10178 0.04285 0.31451
-0.14946 0.04245 0.29465
-0.19346 0.04208 0.26754
-0.23270 0.04175 0.23384
-0.26622 0.04147 0.19438
-0.29319 0.04124 0.15013
-0.31294 0.04107 0.10219
-0.32498 0.04097 0.05173
-0.32903 0.04094 0.00000
-0.32498 0.04097 -0.05173
-0.31294 0.04107 -0.10219
-0.29319 0.04124 -0.15013
-0.26622 0.04147 -0.19438
-0.23270 0.04175 -0.23384
-0.19346 0.04208 -0.26754
-0.14946 0.04245 -0.29465
-0.10178 0.04285 -0.31451
-0.05160 0.04327 -0.32662
-0.00015 0.04370 -0.33070
0.05130 0.04414 -0.32662
0.10148 0.04456 -0.31451
0.14916 0.04496 -0.29465
0.19317 0.04533 -0.26754
0.23241 0.04566 -0.23384
0.26593 0.04594 -0.19438
0.29289 0.04617 -0.15013
0.31264 0.04634 -0.10219
0.32469 0.04644 -0.05173
0.36465 0.01135 0.00000
0.36016 0.01134 0.05712
0.34680 0.01133 0.11284
0.32491 0.01130 0.16578
0.29501 0.01127 0.21463
0.25785 0.01123 0.25821
0.21434 0.01119 0.29542
0.16555 0.01113 0.32536
0.11268 0.01108 0.34729
0.05704 0.01102 0.36066
-0.00000 0.01096 0.36516
-0.05705 0.01090 0.36066
-0.11269 0.01084 0.34729
-0.16556 0.01078 0.32536
-0.21434 0.01073 0.29542
-0.25786 0.01068 0.25821
-0.29502 0.01064 0.21463
-0.32492 0.01061 0.16578
-0.34681 0.01059 0.11284
-0.36017 0.01057 0.05712
-0.36466 0.01057 0.00000
-0.36017 0.01057 -0.05712
-0.34681 0.01059 -0.11284
-0.32492 0.01061 -0.16578
-0.29502 0.01064 -0.21463
-0.25786 0.01068 -0.25821
-0.21434 0.01073 -0.29542
-0.16556 0.01078 -0.32536
-0.11269 0.01084 -0.34729
-0.05705 0.01090 -0.36066
-0.00000 0.01096 -0.36516
0.05704 0.01102 -0.36066
0.11268 0.01108 -0.34729
0.16555 0.01113 -0.32536
0.21434 0.01119 -0.29542
0.25785 0.01123 -0.25821
0.29501 0.01127 -0.21463
0.32491 0.01130 -0.16578
0.34680 0.01133 -0.11284
0.36016 0.01134 -0.05712
0.40000 0.00000 0.00000
0.39508 0.00000 0.06257
0.38042 0.00000 0.12361
0.35640 0.00000 0.18160
0.32361 0.00000 0.23511
0.28284 0.00000 0.28284
0.23511 0.00000 0.32361
0.18160 0.00000 0.35640
0.12361 0.00000 0.38042
0.06257 0.00000 0.39508
0.00000 0.00000 0.40000
-0.06257 0.00000 0.39508
-0.12361 0.00000 0.38042
-0.18160 0.00000 0.35640
-0.23511 0.00000 0.32361
-0.28284 0.00000 0.28284
-0.32361 0.00000 0.23511
-0.35640 0.00000 0.18160
-0.38042 0.00000 0.12361
-0.39508 0.00000 0.06257
-0.40000 0.00000 0.00000
-0.39508 0.00000 -0.06257
-0.38042 0.00000 -0.12361
-0.35640 0.00000 -0.18160
-0.32361 0.00000 -0.23511
-0.28284 0.00000 -0.28284
-0.23511 0.00000 -0.32361
-0.18160 0.00000 -0.35640
-0.12361 0.00000 -0.38042
-0.06257 0.00000 -0.39508
-0.00000 0.00000 -0.40000
0.06257 0.00000 -0.39508
0.12361 0.00000 -0.38042
0.18160 0.00000 -0.35640
0.23511 0.00000 -0.32361
0.28284 0.00000 -0.28284
0.32361 0.00000 -0.23511
0.35640 0.00000 -0.18160
0.38042 0.00000 -0.12361
0.39508 0.00000 -0.06257
0.43425 0.01049 0.00000
0.42891 0.01050 0.06802
0.41300 0.01051 0.13437
0.38692 0.01054 0.19741
0.35132 0.01058 0.25559
0.30706 0.01063 0.30748
0.25525 0.01068 0.35180
0.19715 0.01075 0.38745
0.13419 0.01081 0.41356
0.06794 0.01088 0.42949
0.00000 0.01096 0.43484
-0.06793 0.01103 0.42949
-0.13418 0.01110 0.41356
-0.19714 0.01117 0.38745
-0.25524 0.01123 0.35180
-0.30705 0.01128 0.30748
-0.35131 0.01133 0.25559
-0.38691 0.01137 0.19741
-0.41299 0.01140 0.13437
-0.42890 0.01142 0.06802
-0.43424 0.01142 0.00000
-0.42890 0.01142 -0.06802
-0.41299 0.01140 -0.13437
-0.38691 0.01137 -0.19741
-0.35131 0.01133 -0.25559
-0.30705 0.01128 -0.30748
-0.25524 0.01123 -0.35180
-0.19714 0.01117 -0.38745
-0.13418 0.01110 -0.41356
-0.06793 0.01103 -0.42949
0.00000 0.01096 -0.43484
0.06794 0.01088 -0.42949
0.13419 0.01081 -0.41356
0.19715 0.01075 -0.38745
0.25525 0.01068 -0.35180
0.30706 0.01063 -0.30748
0.35132 0.01058 -0.25559
0.38692 0.01054 -0.19741
0.41300 0.01051 -0.13437
0.42891 0.01050 -0.06802
0.46688 0.03978 0.00000
0.46113 0.03983 0.07342
0.44404 0.03997 0.14502
0.41601 0.04021 0.21306
0.37774 0.04053 0.27585
0.33018 0.04093 0.33185
0.27449 0.04140 0.37967
0.21204 0.04192 0.41815
0.14438 0.04249 0.44633
0.07316 0.04309 0.46353
0.00015 0.04370 0.46930
-0.07287 0.04432 0.46353
-0.14408 0.04492 0.44633
-0.21174 0.04549 0.41815
-0.27419 0.04601 0.37967
-0.32988 0.04648 0.33185
-0.37745 0.04688 0.27585
-0.41571 0.04720 0.21306
-0.44374 0.04744 0.14502
-0.46084 0.04758 0.07342
-0.46659 0.04763 0.00000
-0.46084 0.04758 -0.07342
-0.44374 0.04744 -0.14502
-0.41571 0.04720 -0.21306
-0.37745 0.04688 -0.27585
-0.32988 0.04648 -0.33185
-0.27419 0.04601 -0.37967
-0.21174 0.04549 -0.41815
-0.14408 0.04492 -0.44633
-0.07287 0.04432 -0.46353
0.00015 0.04370 -0.46930
0.07316 0.04309 -0.46353
0.14438 0.04249 -0.44633
0.21204 0.04192 -0.41815
0.27449 0.04140 -0.37967
0.33018 0.04093 -0.33185
0.37774 0.04053 -0.27585
0.41601 0.04021 -0.21306
0.44404 0.03997 -0.14502
0.46113 0.03983 -0.07342
0.49791 0.08419 0.00000
0.49179 0.08436 0.07869
0.47359 0.08486 0.15544
0.44376 0.08568 0.22836
0.40302 0.08681 0.29566
0.35239 0.08820 0.35568
0.29311 0.08984 0.40694
0.22664 0.09167 0.44818
0.15462 0.09365 0.47839
0.07881 0.09574 0.49681
0.00109 0.09789 0.50301
-0.07663 0.10003 0.49681
-0.15243 0.10212 0.47839
-0.22446 0.10411 0.44818
-0.29093 0.10594 0.40694
-0.35021 0.10757 0.35568
-0.40084 0.10897 0.29566
-0.44157 0.11009 0.22836
-0.47140 0.11091 0.15544
-0.48960 0.11142 0.07869
-0.49572 0.11158 0.00000
-0.48960 0.11142 -0.07869
-0.47140 0.11091 -0.15544
-0.44157 0.11009 -0.22836
-0.40084 0.10897 -0.29566
-0.35021 0.10757 -0.35568
-0.29093 0.10594 -0.40694
-0.22446 0.10411 -0.44818
-0.15243 0.10212 -0.47839
-0.07663 0.10003 -0.49681
0.00109 0.09789 -0.50301
0.07881 0.09574 -0.49681
0.15462 0.09365 -0.47839
0.22664 0.09167 -0.44818
0.29311 0.08984 -0.40694
0.35239 0.08820 -0.35568
0.40302 0.08681 -0.29566
0.44376 0.08568 -0.22836
0.47359 0.08486 -0.15544
0.49179 0.08436 -0.07869
0.52830 0.14007 0.00000
0.52185 0.14047 0.08378
0.50266 0.14167 0.16550
0.47120 0.14364 0.24315
0.42825 0.14634 0.31481
0.37486 0.14968 0.37871
0.31235 0.15360 0.43329
0.24226 0.15800 0.47720
0.16632 0.16276 0.50937
0.08638 0.16777 0.52899
0.00443 0.17291 0.53558
-0.07752 0.17805 0.52899
-0.15746 0.18306 0.50937
-0.23341 0.18782 0.47720
-0.30350 0.19221 0.43329
-0.36601 0.19613 0.37871
-0.41940 0.19948 0.31481
-0.46235 0.20217 0.24315
-0.49381 0.20415 0.16550
-0.51300 0.20535 0.08378
-0.51945 0.20575 0.00000
-0.51300 0.20535 -0.08378
-0.49381 0.20415 -0.16550
-0.46235 0.20217 -0.24315
-0.41940 0.19948 -0.31481
-0.36601 0.19613 -0.37871
-0.30350 0.19221 -0.43329
-0.23341 0.18782 -0.47720
-0.15746 0.18306 -0.50937
-0.07752 0.17805 -0.52899
0.00443 0.17291 -0.53558
0.08638 0.16777 -0.52899
0.16632 0.16276 -0.50937
0.24226 0.15800 -0.47720
0.31235 0.15360 -0.43329
0.37486 0.14968 -0.37871
0.42825 0.14634 -0.31481
0.47120 0.14364 -0.24315
0.50266 0.14167 -0.16550
0.52185 0.14047 -0.08378
0.56022 0.20444 0.00000
0.55348 0.20522 0.08865
0.53343 0.20755 0.17511
0.50056 0.21136 0.25726
0.45568 0.21657 0.33308
0.39990 0.22304 0.40069
0.33459 0.23062 0.45844
0.26136 0.23912 0.50490
0.18200 0.24832 0.53893
0.09849 0.25801 0.55969
0.01286 0.26795 0.56667
-0.07276 0.27788 0.55969
-0.15628 0.28757 0.53893
-0.23563 0.29678 0.50490
-0.30887 0.30528 0.45844
-0.37418 0.31286 0.40069
-0.42996 0.31933 0.33308
-0.47484 0.32453 0.25726
-0.50771 0.32835 0.17511
-0.52776 0.33067 0.08865
-0.53450 0.33146 0.00000
-0.52776 0.33067 -0.08865
-0.50771 0.32835 -0.17511
-0.47484 0.32453 -0.25726
-0.42996 0.31933 -0.33308
-0.37418 0.31286 -0.40069
-0.30887 0.30528 -0.45844
-0.23563 0.29678 -0.50490
-0.15628 0.28757 -0.53893
-0.07276 0.27788 -0.55969
0.01286 0.26795 -0.56667
0.09849 0.25801 -0.55969
0.18200 0.24832 -0.53893
0.26136 0.23912 -0.50490
0.33459 0.23062 -0.45844
0.39990 0.22304 -0.40069
0.45568 0.21657 -0.33308
0.50056 0.21136 -0.25726
0.53343 0.20755 -0.17511
0.55348 0.20522 -0.08865
0.59687 0.27566 0.00000
0.58990 0.27697 0.09322
0.56913 0.28087 0.18415
0.53510 0.28725 0.27055
0.48863 0.29597 0.35028
0.43087 0.30680 0.42139
0.36325 0.31948 0.48212
0.28742 0.33371 0.53098
0.20525 0.34912 0.56676
0.11877 0.36534 0.58859
0.03011 0.38197 0.59593
-0.05855 0.39860 0.58859
-0.14503 0.41482 0.56676
-0.22719 0.43023 0.53098
-0.30302 0.44445 0.48212
-0.37065 0.45713 0.42139
-0.42841 0.46797 0.35028
-0.47488 0.47668 0.27055
-0.50891 0.48307 0.18415
-0.52967 0.48696 0.09322
-0.53665 0.48827 0.00000
-0.52967 0.48696 -0.09322
-0.50891 0.48307 -0.18415
-0.47488 0.47668 -0.27055
-0.42841 0.46797 -0.35028
-0.37065 0.45713 -0.42139
-0.30302 0.44445 -0.48212
-0.22719 0.43023 -0.53098
-0.14503 0.41482 -0.56676
-0.05855 0.39860 -0.58859
0.03011 0.38197 -0.59593
0.11877 0.36534 -0.58859
0.20525 0.34912 -0.56676
0.28742 0.33371 -0.53098
0.36325 0.31948 -0.48212
0.43087 0.30680 -0.42139
0.48863 0.29597 -0.35028
0.53510 0.28725 -0.27055
0.56913 0.28087 -0.18415
0.58990 0.27697 -0.09322
0.64221 0.35379 0.00000
0.63505 0.35575 0.09747
0.61374 0.36161 0.19253
0.57881 0.37122 0.28286
0.53112 0.38433 0.36622
0.47185 0.40063 0.44056
0.40244 0.41971 0.50405
0.32462 0.44111 0.55514
0.24029 0.46429 0.59255
0.15154 0.48869 0.61537
0.06055 0.51371 0.62304
-0.03044 0.53873 0.61537
-0.11919 0.56313 0.59255
-0.20352 0.58631 0.55514
-0.28134 0.60771 0.50405
-0.35075 0.62679 0.44056
-0.41002 0.64309 0.36622
-0.45772 0.65620 0.28286
-0.49264 0.66581 0.19253
-0.51395 0.67167 0.09747
-0.52111 0.67363 0.00000
-0.51395 0.67167 -0.09747
-0.49264 0.66581 -0.19253
-0.45772 0.65620 -0.28286
-0.41002 0.64309 -0.36622
-0.35075 0.62679 -0.44056
-0.28134 0.60771 -0.50405
-0.20352 0.58631 -0.55514
-0.11919 0.56313 -0.59255
-0.03044 0.53873 -0.61537
0.06055 0.51371 -0.62304
0.15154 0.48869 -0.61537
0.24029 0.46429 -0.59255
0.32462 0.44111 -0.55514
0.40244 0.41971 -0.50405
0.47185 0.40063 -0.44056
0.53112 0.38433 -0.36622
0.57881 0.37122 -0.28286
0.61374 0.36161 -0.19253
0.63505 0.35575 -0.09747
0.70029 0.44068 0.00000
0.69301 0.44340 0.10132
0.67133 0.45150 0.20015
0.63580 0.46478 0.29406
0.58728 0.48290 0.38072
0.52698 0.50543 0.45800
0.45638 0.53181 0.52401
0.37721 0.56138 0.57712
0.29142 0.59343 0.61601
0.20114 0.62716 0.63974
0.10857 0.66174 0.64771
0.01601 0.69632 0.63974
-0.07428 0.73005 0.61601
-0.16006 0.76210 0.57712
-0.23923 0.79167 0.52401
-0.30983 0.81805 0.45800
-0.37013 0.84058 0.38072
-0.41865 0.85870 0.29406
-0.45418 0.87198 0.20015
-0.47586 0.88007 0.10132
-0.48314 0.88279 0.00000
-0.47586 0.88007 -0.10132
-0.45418 0.87198 -0.20015
-0.41865 0.85870 -0.29406
-0.37013 0.84058 -0.38072
-0.30983 0.81805 -0.45800
-0.23923 0.79167 -0.52401
-0.16006 0.76210 -0.57712
-0.07428 0.73005 -0.61601
0.01601 0.69632 -0.63974
0.10857 0.66174 -0.64771
0.20114 0.62716 -0.63974
0.29142 0.59343 -0.61601
0.37721 0.56138 -0.57712
0.45638 0.53181 -0.52401
0.52698 0.50543 -0.45800
0.58728 0.48290 -0.38072
0.63580 0.46478 -0.29406
0.67133 0.45150 -0.20015
0.69301 0.44340 -0.10132
0.77455 0.53981 0.00000
0.76721 0.54332 0.10476
0.74535 0.55374 0.20694
0.70952 0.57083 0.30402
0.66060 0.59417 0.39362
0.59979 0.62317 0.47353
0.52859 0.65714 0.54178
0.44876 0.69522 0.59668
0.36226 0.73648 0.63690
0.27121 0.77991 0.66143
0.17787 0.82443 0.66967
0.08453 0.86895 0.66143
-0.00651 0.91238 0.63690
-0.09302 0.95364 0.59668
-0.17285 0.99172 0.54178
-0.24405 1.02568 0.47353
-0.30486 1.05469 0.39362
-0.35378 1.07803 0.30402
-0.38961 1.09512 0.20694
-0.41147 1.10554 0.10476
-0.41881 1.10905 0.00000
-0.41147 1.10554 -0.10476
-0.38961 1.09512 -0.20694
-0.35378 1.07803 -0.30402
-0.30486 1.05469 -0.39362
-0.24405 1.02568 -0.47353
-0.17285 0.99172 -0.54178
-0.09302 0.95364 -0.59668
-0.00651 0.91238 -0.63690
0.08453 0.86895 -0.66143
0.17787 0.82443 -0.66967
0.27121 0.77991 -0.66143
0.36226 0.73648 -0.63690
0.44876 0.69522 -0.59668
0.52859 0.65714 -0.54178
0.59979 0.62317 -0.47353
0.66060 0.59417 -0.39362
0.70952 0.57083 -0.30402
0.74535 0.55374 -0.20694
0.76721 0.54332 -0.10476
0.86704 0.65566 0.00000
0.85970 0.65990 0.10773
0.83785 0.67252 0.21281
0.80204 0.69319 0.31265
0.75314 0.72143 0.40479
0.69236 0.75652 0.48697
0.62119 0.79760 0.55715
0.54140 0.84367 0.61361
0.45493 0.89359 0.65497
0.36393 0.94613 0.68020
0.27063 1.00000 0.68868
0.17733 1.05387 0.68020
0.08633 1.10641 0.65497
-0.00013 1.15633 0.61361
-0.07993 1.20240 0.55715
-0.15109 1.24348 0.48697
-0.21187 1.27857 0.40479
-0.26077 1.30681 0.31265
-0.29659 1.32748 0.21281
-0.31843 1.34010 0.10773
-0.32578 1.34434 0.00000
-0.31843 1.34010 -0.10773
-0.29659 1.32748 -0.21281
-0.26077 1.30681 -0.31265
-0.21187 1.27857 -0.40479
-0.15109 1.24348 -0.48697
-0.07993 1.20240 -0.55715
-0.00013 1.15633 -0.61361
0.08633 1.10641 -0.65497
0.17733 1.05387 -0.68020
0.27063 1.00000 -0.68868
0.36393 0.94613 -0.68020
0.45493 0.89359 -0.65497
0.54140 0.84367 -0.61361
0.62119 0.79760 -0.55715
0.69236 0.75652 -0.48697
0.75314 0.72143 -0.40479
0.80204 0.69319 -0.31265
0.83785 0.67252 -0.21281
0.85970 0.65990 -0.10773
0.97778 0.79296 0.00000
0.97050 0.79781 0.11021
0.94886 0.81222 0.21771
0.91338 0.83586 0.31984
0.86493 0.86812 0.41410
0.80472 0.90823 0.49817
0.73422 0.95519 0.56996
0.65517 1.00785 0.62773
0.56951 1.06491 0.67003
0.47935 1.12496 0.69584
0.38692 1.18653 0.70452
0.29449 1.24809 0.69584
0.20434 1.30815 0.67003
0.11868 1.36520 0.62773
0.03963 1.41786 0.56996
-0.03088 1.46482 0.49817
-0.09109 1.50493 0.41410
-0.13953 1.53720 0.31984
-0.17502 1.56083 0.21771
-0.19666 1.57525 0.11021
-0.20393 1.58009 0.00000
-0.19666 1.57525 -0.11021
-0.17502 1.56083 -0.21771
-0.13953 1.53720 -0.31984
-0.09109 1.50493 -0.41410
-0.03088 1.46482 -0.49817
0.03963 1.41786 -0.56996
0.11868 1.36520 -0.62773
0.20434 1.30815 -0.67003
0.29449 1.24809 -0.69584
0.38692 1.18653 -0.70452
0.47935 1.12496 -0.69584
0.56951 1.06491 -0.67003
0.65517 1.00785 -0.62773
0.73422 0.95519 -0.56996
0.80472 0.90823 -0.49817
0.86493 0.86812 -0.41410
0.91338 0.83586 -0.31984
0.94886 0.81222 -0.21771
0.97050 0.79781 -0.11021
1.10433 0.95576 0.00000
1.09719 0.96101 0.11217
1.07594 0.97662 0.22157
1.04111 1.00222 0.32552
0.99354 1.03716 0.42145
0.93443 1.08059 0.50701
0.86521 1.13145 0.58008
0.78760 1.18847 0.63887
0.70350 1.25026 0.68193
0.61499 1.31529 0.70819
0.52425 1.38197 0.71702
0.43351 1.44864 0.70819
0.34499 1.51367 0.68193
0.26090 1.57546 0.63887
0.18329 1.63248 0.58008
0.11407 1.68334 0.50701
0.05495 1.72677 0.42145
0.00739 1.76172 0.32552
-0.02744 1.78731 0.22157
-0.04869 1.80292 0.11217
-0.05583 1.80817 0.00000
-0.04869 1.80292 -0.11217
-0.02744 1.78731 -0.22157
0.00739 1.76172 -0.32552
0.05495 1.72677 -0.42145
0.11407 1.68334 -0.50701
0.18329 1.63248 -0.58008
0.26090 1.57546 -0.63887
0.34499 1.51367 -0.68193
0.43351 1.44864 -0.70819
0.52425 1.38197 -0.71702
0.61499 1.31529 -0.70819
0.70350 1.25026 -0.68193
0.78760 1.18847 -0.63887
0.86521 1.13145 -0.58008
0.93443 1.08059 -0.50701
0.99354 1.03716 -0.42145
1.04111 1.00222 -0.32552
1.07594 0.97662 -0.22157
1.09719 0.96101 -0.11217
1.24174 1.14660 0.00000
1.23479 1.15199 0.11358
1.21412 1.16801 0.22436
1.18024 1.19429 0.32962
1.13398 1.23017 0.42676
1.07647 1.27476 0.51339
1.00915 1.32697 0.58739
0.93365 1.38552 0.64691
0.85185 1.44896 0.69051
0.76576 1.51572 0.71711
0.67749 1.58418 0.72605
0.58922 1.65263 0.71711
0.50313 1.71940 0.69051
0.42133 1.78283 0.64691
0.34584 1.84138 0.58739
0.27851 1.89359 0.51339
0.22101 1.93819 0.42676
0.17474 1.97406 0.32962
0.14086 2.00034 0.22436
0.12019 2.01637 0.11358
0.11324 2.02176 0.00000
0.12019 2.01637 -0.11358
0.14086 2.00034 -0.22436
0.17474 1.97406 -0.32962
0.22101 1.93819 -0.42676
0.27851 1.89359 -0.51339
0.34584 1.84138 -0.58739
0.42133 1.78283 -0.64691
0.50313 1.71940 -0.69051
0.58922 1.65263 -0.71711
0.67749 1.58418 -0.72605
0.76576 1.51572 -0.71711
0.85185 1.44896 -0.69051
0.93365 1.38552 -0.64691
1.00915 1.32697 -0.58739
1.07647 1.27476 -0.51339
1.13398 1.23017 -0.42676
1.18024 1.19429 -0.32962
1.21412 1.16801 -0.22436
1.23479 1.15199 -0.11358
1.38277 1.36579 0.00000
1.37608 1.37102 0.11443
1.35617 1.38660 0.22605
1.32352 1.41213 0.33210
1.27895 1.44699 0.42997
1.22355 1.49031 0.51725
1.15869 1.54104 0.59180
1.08595 1.59793 0.65178
1.00714 1.65956 0.69570
0.92420 1.72443 0.72250
0.83916 1.79094 0.73151
0.75412 1.85745 0.72250
0.67117 1.92232 0.69570
0.59236 1.98396 0.65178
0.51963 2.04084 0.59180
0.45476 2.09157 0.51725
0.39936 2.13490 0.42997
0.35479 2.16976 0.33210
0.32215 2.19529 0.22605
0.30223 2.21086 0.11443
0.29554 2.21610 0.00000
0.30223 2.21086 -0.11443
0.32215 2.19529 -0.22605
0.35479 2.16976 -0.33210
0.39936 2.13490 -0.42997
0.45476 2.09157 -0.51725
0.51963 2.04084 -0.59180
0.59236 1.98396 -0.65178
0.67117 1.92232 -0.69570
0.75412 1.85745 -0.72250
0.83916 1.79094 -0.73151
0.92420 1.72443 -0.72250
1.00714 1.65956 -0.69570
1.08595 1.59793 -0.65178
1.15869 1.54104 -0.59180
1.22355 1.49031 -0.51725
1.27895 1.44699 -0.42997
1.32352 1.41213 -0.33210
1.35617 1.38660 -0.22605
1.37608 1.37102 -0.11443
1.51854 1.61109 0.00000
1.51216 1.61588 0.11472
1.49317 1.63013 0.22661
1.46203 1.65348 0.33293
1.41951 1.68537 0.43104
1.36667 1.72500 0.51854
1.30479 1.77141 0.59328
1.23541 1.82344 0.65340
1.16024 1.87982 0.69744
1.08112 1.93916 0.72430
1.00000 2.00000 0.73333
0.91888 2.06084 0.72430
0.83976 2.12018 0.69744
0.76459 2.17656 0.65340
0.69521 2.22859 0.59328
0.63333 2.27500 0.51854
0.58049 2.31463 0.43104
0.53797 2.34652 0.33293
0.50683 2.36987 0.22661
0.48784 2.38412 0.11472
0.48146 2.38891 0.00000
0.48784 2.38412 -0.11472
0.50683 2.36987 -0.22661
0.53797 2.34652 -0.33293
0.58049 2.31463 -0.43104
0.63333 2.27500 -0.51854
0.69521 2.22859 -0.59328
0.76459 2.17656 -0.65340
0.83976 2.12018 -0.69744
0.91888 2.06084 -0.72430
1.00000 2.00000 -0.73333
1.08112 1.93916 -0.72430
1.16024 1.87982 -0.69744
1.23541 1.82344 -0.65340
1.30479 1.77141 -0.59328
1.36667 1.72500 -0.51854
1.41951 1.68537 -0.43104
1.46203 1.65348 -0.33293
1.49317 1.63013 -0.22661
1.51216 1.61588 -0.11472
1.63936 1.87769 0.00000
1.63334 1.88177 0.11443
1.61541 1.89391 0.22605
1.58601 1.91381 0.33210
1.54588 1.94098 0.42997
1.49600 1.97475 0.51725
1.43759 2.01429 0.59180
1.37210 2.05862 0.65178
1.30114 2.10666 0.69570
1.22646 2.15722 0.72250
1.14989 2.20906 0.73151
1.07332 2.26089 0.72250
0.99863 2.31145 0.69570
0.92767 2.35949 0.65178
0.86218 2.40383 0.59180
0.80378 2.44337 0.51725
0.75390 2.47714 0.42997
0.71376 2.50430 0.33210
0.68437 2.52420 0.22605
0.66644 2.53634 0.11443
0.66041 2.54042 0.00000
0.66644 2.53634 -0.11443
0.68437 2.52420 -0.22605
0.71376 2.50430 -0.33210
0.75390 2.47714 -0.42997
0.80378 2.44337 -0.51725
0.86218 2.40383 -0.59180
0.92767 2.35949 -0.65178
0.99863 2.31145 -0.69570
1.07332 2.26089 -0.72250
1.14989 2.20906 -0.73151
1.22646 2.15722 -0.72250
1.30114 2.10666 -0.69570
1.37210 2.05862 -0.65178
1.43759 2.01429 -0.59180
1.49600 1.97475 -0.51725
1.54588 1.94098 -0.42997
1.58601 1.91381 -0.33210
1.61541 1.89391 -0.22605
1.63334 1.88177 -0.11443
1.73572 2.15860 0.00000
1.73010 2.16177 0.11358
1.71336 2.17119 0.22436
1.68592 2.18664 0.32962
1.64846 2.20773 0.42676
1.60189 2.23394 0.51339
1.54737 2.26463 0.58739
1.48624 2.29905 0.64691
1.42000 2.33634 0.69051
1.35028 2.37558 0.71711
1.27880 2.41582 0.72605
1.20733 2.45606 0.71711
1.13761 2.49531 0.69051
1.07137 2.53260 0.64691
1.01024 2.56702 0.58739
0.95572 2.59771 0.51339
0.90915 2.62392 0.42676
0.87169 2.64501 0.32962
0.84425 2.66046 0.22436
0.82751 2.66988 0.11358
0.82189 2.67305 0.00000
0.82751 2.66988 -0.11358
0.84425 2.66046 -0.22436
0.87169 2.64501 -0.32962
0.90915 2.62392 -0.42676
0.95572 2.59771 -0.51339
1.01024 2.56702 -0.58739
1.07137 2.53260 -0.64691
1.13761 2.49531 -0.69051
1.20733 2.45606 -0.71711
1.27880 2.41582 -0.72605
1.35028 2.37558 -0.71711
1.42000 2.33634 -0.69051
1.48624 2.29905 -0.64691
1.54737 2.26463 -0.58739
1.60189 2.23394 -0.51339
1.64846 2.20773 -0.42676
1.68592 2.18664 -0.32962
1.71336 2.17119 -0.22436
1.73010 2.16177 -0.11358
1.79932 2.44532 0.00000
1.79413 2.44744 0.11217
1.77869 2.45377 0.22157
1.75338 2.46414 0.32552
1.71883 2.47830 0.42145
1.67588 2.49590 0.50701
1.62559 2.51651 0.58008
1.56920 2.53962 0.63887
1.50810 2.56466 0.68193
1.44379 2.59102 0.70819
1.37786 2.61803 0.71702
1.31193 2.64505 0.70819
1.24763 2.67141 0.68193
1.18653 2.69645 0.63887
1.13014 2.71955 0.58008
1.07985 2.74016 0.50701
1.03690 2.75776 0.42145
1.00235 2.77193 0.32552
0.97704 2.78230 0.22157
0.96160 2.78862 0.11217
0.95641 2.79075 0.00000
0.96160 2.78862 -0.11217
0.97704 2.78230 -0.22157
1.00235 2.77193 -0.32552
1.03690 2.75776 -0.42145
1.07985 2.74016 -0.50701
1.13014 2.71955 -0.58008
1.18653 2.69645 -0.63887
1.24763 2.67141 -0.68193
1.31193 2.64505 -0.70819
1.37786 2.61803 -0.71702
1.44379 2.59102 -0.70819
1.50810 2.56466 -0.68193
1.56920 2.53962 -0.63887
1.62559 2.51651 -0.58008
1.67588 2.49590 -0.50701
1.71883 2.47830 -0.42145
1.75338 2.46414 -0.32552
1.77869 2.45377 -0.22157
1.79413 2.44744 -0.11217
1.82388 2.72873 0.00000
1.81915 2.72977 0.11021
1.80510 2.73287 0.21771
1.78205 2.73796 0.31984
1.75059 2.74491 0.41410
1.71149 2.75355 0.49817
1.66571 2.76366 0.56996
1.61437 2.77500 0.62773
1.55874 2.78728 0.67003
1.50019 2.80022 0.69584
1.44017 2.81347 0.70452
1.38014 2.82673 0.69584
1.32160 2.83966 0.67003
1.26597 2.85195 0.62773
1.21463 2.86329 0.56996
1.16885 2.87340 0.49817
1.12974 2.88204 0.41410
1.09828 2.88898 0.31984
1.07524 2.89407 0.21771
1.06119 2.89718 0.11021
1.05646 2.89822 0.00000
1.06119 2.89718 -0.11021
1.07524 2.89407 -0.21771
1.09828 2.88898 -0.31984
1.12974 2.88204 -0.41410
1.16885 2.87340 -0.49817
1.21463 2.86329 -0.56996
1.26597 2.85195 -0.62773
1.32160 2.83966 -0.67003
1.38014 2.82673 -0.69584
1.44017 2.81347 -0.70452
1.50019 2.80022 -0.69584
1.55874 2.78728 -0.67003
1.61437 2.77500 -0.62773
1.66571 2.76366 -0.56996
1.71149 2.75355 -0.49817
1.75059 2.74491 -0.41410
1.78205 2.73796 -0.31984
1.80510 2.73287 -0.21771
1.81915 2.72977 -0.11021
1.80576 3.00000 0.00000
1.80152 3.00000 0.10773
1.78890 3.00000 0.21281
1.76822 3.00000 0.31265
1.73999 3.00000 0.40479
1.70490 3.00000 0.48697
1.66381 3.00000 0.55715
1.61774 3.00000 0.61361
1.56782 3.00000 0.65497
1.51528 3.00000 0.68020
1.46142 3.00000 0.68868
1.40755 3.00000 0.68020
1.35501 3.00000 0.65497
1.30509 3.00000 0.61361
1.25902 3.00000 0.55715
1.21793 3.00000 0.48697
1.18284 3.00000 0.40479
1.15461 3.00000 0.31265
1.13393 3.00000 0.21281
1.12132 3.00000 0.10773
1.11708 3.00000 0.00000
1.12132 3.00000 -0.10773
1.13393 3.00000 -0.21281
1.15461 3.00000 -0.31265
1.18284 3.00000 -0.40479
1.21793 3.00000 -0.48697
1.25902 3.00000 -0.55715
1.30509 3.00000 -0.61361
1.35501 3.00000 -0.65497
1.40755 3.00000 -0.68020
1.46142 3.00000 -0.68868
1.51528 3.00000 -0.68020
1.56782 3.00000 -0.65497
1.61774 3.00000 -0.61361
1.66381 3.00000 -0.55715
1.70490 3.00000 -0.48697
1.73999 3.00000 -0.40479
1.76822 3.00000 -0.31265
1.78890 3.00000 -0.21281
1.80152 3.00000 -0.10773
1.74419 3.25144 0.00000
1.74045 3.25050 0.10476
1.72931 3.24772 0.20694
1.71105 3.24317 0.30402
1.68613 3.23695 0.39362
1.65514 3.22922 0.47353
1.61887 3.22016 0.54178
1.57819 3.21001 0.59668
1.53411 3.19901 0.63690
1.48772 3.18744 0.66143
1.44016 3.17557 0.66967
1.39260 3.16370 0.66143
1.34622 3.15213 0.63690
1.30214 3.14113 0.59668
1.26146 3.13098 0.54178
1.22519 3.12192 0.47353
1.19420 3.11419 0.39362
1.16928 3.10797 0.30402
1.15102 3.10342 0.20694
1.13988 3.10064 0.10476
1.13614 3.09970 0.00000
1.13988 3.10064 -0.10476
1.15102 3.10342 -0.20694
1.16928 3.10797 -0.30402
1.19420 3.11419 -0.39362
1.22519 3.12192 -0.47353
1.26146 3.13098 -0.54178
1.30214 3.14113 -0.59668
1.34622 3.15213 -0.63690
1.39260 3.16370 -0.66143
1.44016 3.17557 -0.66967
1.48772 3.18744 -0.66143
1.53411 3.19901 -0.63690
1.57819 3.21001 -0.59668
1.61887 3.22016 -0.54178
1.65514 3.22922 -0.47353
1.68613 3.23695 -0.39362
1.71105 3.24317 -0.30402
1.72931 3.24772 -0.20694
1.74045 3.25050 -0.10476
1.64116 3.47705 0.00000
1.63792 3.47534 0.10132
1.62827 3.47026 0.20015
1.61245 3.46192 0.29406
1.59085 3.45054 0.38072
1.56400 3.43640 0.45800
1.53257 3.41984 0.52401
1.49732 3.40127 0.57712
1.45913 3.38115 0.61601
1.41893 3.35997 0.63974
1.37772 3.33826 0.64771
1.33650 3.31655 0.63974
1.29631 3.29537 0.61601
1.25811 3.27525 0.57712
1.22286 3.25668 0.52401
1.19143 3.24012 0.45800
1.16458 3.22598 0.38072
1.14298 3.21460 0.29406
1.12716 3.20626 0.20015
1.11751 3.20118 0.10132
1.11427 3.19947 0.00000
1.11751 3.20118 -0.10132
1.12716 3.20626 -0.20015
1.14298 3.21460 -0.29406
1.16458 3.22598 -0.38072
1.19143 3.24012 -0.45800
1.22286 3.25668 -0.52401
1.25811 3.27525 -0.57712
1.29631 3.29537 -0.61601
1.33650 3.31655 -0.63974
1.37772 3.33826 -0.64771
1.41893 3.35997 -0.63974
1.45913 3.38115 -0.61601
1.49732 3.40127 -0.57712
1.53257 3.41984 -0.52401
1.56400 3.43640 -0.45800
1.59085 3.45054 -0.38072
1.61245 3.46192 -0.29406
1.62827 3.47026 -0.20015
1.63792 3.47534 -0.10132
1.50099 3.67288 0.00000
1.49824 3.67058 0.09747
1.49006 3.66374 0.19253
1.47666 3.65254 0.28286
1.45835 3.63724 0.36622
1.43559 3.61823 0.44056
1.40895 3.59596 0.50405
1.37908 3.57100 0.55514
1.34671 3.54395 0.59255
1.31264 3.51548 0.61537
1.27771 3.48629 0.62304
1.24278 3.45710 0.61537
1.20872 3.42863 0.59255
1.17635 3.40158 0.55514
1.14647 3.37662 0.50405
1.11983 3.35435 0.44056
1.09708 3.33534 0.36622
1.07877 3.32004 0.28286
1.06536 3.30883 0.19253
1.05718 3.30200 0.09747
1.05443 3.29970 0.00000
1.05718 3.30200 -0.09747
1.06536 3.30883 -0.19253
1.07877 3.32004 -0.28286
1.09708 3.33534 -0.36622
1.11983 3.35435 -0.44056
1.14647 3.37662 -0.50405
1.17635 3.40158 -0.55514
1.20872 3.42863 -0.59255
1.24278 3.45710 -0.61537
1.27771 3.48629 -0.62304
1.31264 3.51548 -0.61537
1.34671 3.54395 -0.59255
1.37908 3.57100 -0.55514
1.40895 3.59596 -0.50405
1.43559 3.61823 -0.44056
1.45835 3.63724 -0.36622
1.47666 3.65254 -0.28286
1.49006 3.66374 -0.19253
1.49824 3.67058 -0.09747
1.32961 3.83696 0.00000
1.32734 3.83426 0.09322
1.32060 3.82624 0.18415
1.30954 3.81310 0.27055
1.29444 3.79515 0.35028
1.27567 3.77284 0.42139
1.25370 3.74671 0.48212
1.22906 3.71742 0.53098
1.20237 3.68569 0.56676
1.17427 3.65228 0.58859
1.14546 3.61803 0.59593
1.11665 3.58379 0.58859
1.08855 3.55038 0.56676
1.06186 3.51864 0.53098
1.03722 3.48935 0.48212
1.01524 3.46323 0.42139
0.99648 3.44092 0.35028
0.98138 3.42297 0.27055
0.97032 3.40983 0.18415
0.96357 3.40181 0.09322
0.96131 3.39911 0.00000
0.96357 3.40181 -0.09322
0.97032 3.40983 -0.18415
0.98138 3.42297 -0.27055
0.99648 3.44092 -0.35028
1.01524 3.46323 -0.42139
1.03722 3.48935 -0.48212
1.06186 3.51864 -0.53098
1.08855 3.55038 -0.56676
1.11665 3.58379 -0.58859
1.14546 3.61803 -0.59593
1.17427 3.65228 -0.58859
1.20237 3.68569 -0.56676
1.22906 3.71742 -0.53098
1.25370 3.74671 -0.48212
1.27567 3.77284 -0.42139
1.29444 3.79515 -0.35028
1.30954 3.81310 -0.27055
1.32060 3.82624 -0.18415
1.32734 3.83426 -0.09322
1.13380 3.96906 0.00000
1.13200 3.96615 0.08865
1.12663 3.95746 0.17511
1.11782 3.94323 0.25726
1.10579 3.92380 0.33308
1.09085 3.89964 0.40069
1.07335 3.87136 0.45844
1.05372 3.83965 0.50490
1.03246 3.80529 0.53893
1.01008 3.76913 0.55969
0.98714 3.73205 0.56667
0.96420 3.69497 0.55969
0.94182 3.65881 0.53893
0.92056 3.62445 0.50490
0.90093 3.59274 0.45844
0.88343 3.56446 0.40069
0.86849 3.54030 0.33308
0.85646 3.52087 0.25726
0.84765 3.50664 0.17511
0.84228 3.49796 0.08865
0.84048 3.49504 0.00000
0.84228 3.49796 -0.08865
0.84765 3.50664 -0.17511
0.85646 3.52087 -0.25726
0.86849 3.54030 -0.33308
0.88343 3.56446 -0.40069
0.90093 3.59274 -0.45844
0.92056 3.62445 -0.50490
0.94182 3.65881 -0.53893
0.96420 3.69497 -0.55969
0.98714 3.73205 -0.56667
1.01008 3.76913 -0.55969
1.03246 3.80529 -0.53893
1.05372 3.83965 -0.50490
1.07335 3.87136 -0.45844
1.09085 3.89964 -0.40069
1.10579 3.92380 -0.33308
1.11782 3.94323 -0.25726
1.12663 3.95746 -0.17511
1.13200 3.96615 -0.08865
0.92040 4.07021 0.00000
0.91903 4.06722 0.08378
0.91495 4.05831 0.16550
0.90826 4.04371 0.24315
0.89913 4.02378 0.31481
0.88778 3.99900 0.37871
0.87450 3.96999 0.43329
0.85960 3.93747 0.47720
0.84345 3.90222 0.50937
0.82646 3.86512 0.52899
0.80904 3.82709 0.53558
0.79163 3.78906 0.52899
0.77463 3.75196 0.50937
0.75849 3.71672 0.47720
0.74359 3.68419 0.43329
0.73031 3.65518 0.37871
0.71896 3.63040 0.31481
0.70983 3.61047 0.24315
0.70314 3.59587 0.16550
0.69906 3.58696 0.08378
0.69769 3.58397 0.00000
0.69906 3.58696 -0.08378
0.70314 3.59587 -0.16550
0.70983 3.61047 -0.24315
0.71896 3.63040 -0.31481
0.73031 3.65518 -0.37871
0.74359 3.68419 -0.43329
0.75849 3.71672 -0.47720
0.77463 3.75196 -0.50937
0.79163 3.78906 -0.52899
0.80904 3.82709 -0.53558
0.82646 3.86512 -0.52899
0.84345 3.90222 -0.50937
0.85960 3.93747 -0.47720
0.87450 3.96999 -0.43329
0.88778 3.99900 -0.37871
0.89913 4.02378 -0.31481
0.90826 4.04371 -0.24315
0.91495 4.05831 -0.16550
0.91903 4.06722 -0.08378
0.69563 4.14212 0.00000
0.69466 4.13916 0.07869
0.69178 4.13037 0.15544
0.68705 4.11596 0.22836
0.68060 4.09628 0.29566
0.67258 4.07182 0.35568
0.66319 4.04318 0.40694
0.65267 4.01107 0.44818
0.64126 3.97628 0.47839
0.62925 3.93966 0.49681
0.61694 3.90211 0.50301
0.60463 3.86457 0.49681
0.59263 3.82795 0.47839
0.58122 3.79315 0.44818
0.57069 3.76104 0.40694
0.56130 3.73240 0.35568
0.55328 3.70794 0.29566
0.54683 3.68827 0.22836
0.54211 3.67385 0.15544
0.53922 3.66506 0.07869
0.53825 3.66211 0.00000
0.53922 3.66506 -0.07869
0.54211 3.67385 -0.15544
0.54683 3.68827 -0.22836
0.55328 3.70794 -0.29566
0.56130 3.73240 -0.35568
0.57069 3.76104 -0.40694
0.58122 3.79315 -0.44818
0.59263 3.82795 -0.47839
0.60463 3.86457 -0.49681
0.61694 3.90211 -0.50301
0.62925 3.93966 -0.49681
0.64126 3.97628 -0.47839
0.65267 4.01107 -0.44818
0.66319 4.04318 -0.40694
0.67258 4.07182 -0.35568
0.68060 4.09628 -0.29566
0.68705 4.11596 -0.22836
0.69178 4.13037 -0.15544
0.69466 4.13916 -0.07869
0.46473 4.18667 0.00000
0.46413 4.18383 0.07342
0.46233 4.17540 0.14502
0.45938 4.16156 0.21306
0.45536 4.14267 0.27585
0.45036 4.11920 0.33185
0.44451 4.09171 0.37967
0.43795 4.06088 0.41815
0.43083 4.02749 0.44633
0.42335 3.99233 0.46353
0.41568 3.95630 0.46930
0.40800 3.92026 0.46353
0.40052 3.88511 0.44633
0.39340 3.85171 0.41815
0.38684 3.82088 0.37967
0.38099 3.79339 0.33185
0.37599 3.76992 0.27585
0.37197 3.75103 0.21306
0.36902 3.73719 0.14502
0.36722 3.72876 0.07342
0.36662 3.72592 0.00000
0.36722 3.72876 -0.07342
0.36902 3.73719 -0.14502
0.37197 3.75103 -0.21306
0.37599 3.76992 -0.27585
0.38099 3.79339 -0.33185
0.38684 3.82088 -0.37967
0.39340 3.85171 -0.41815
0.40052 3.88511 -0.44633
0.40800 3.92026 -0.46353
0.41568 3.95630 -0.46930
0.42335 3.99233 -0.46353
0.43083 4.02749 -0.44633
0.43795 4.06088 -0.41815
0.44451 4.09171 -0.37967
0.45036 4.11920 -0.33185
0.45536 4.14267 -0.27585
0.45938 4.16156 -0.21306
0.46233 4.17540 -0.14502
0.46413 4.18383 -0.07342
0.23181 4.20555 0.00000
0.23153 4.20288 0.06802
0.23070 4.19495 0.13437
0.22933 4.18195 0.19741
0.22746 4.16420 0.25559
0.22514 4.14213 0.30748
0.22243 4.11630 0.35180
0.21938 4.08733 0.38745
0.21608 4.05595 0.41356
0.21261 4.02291 0.42949
0.20905 3.98904 0.43484
0.20549 3.95518 0.42949
0.20202 3.92214 0.41356
0.19872 3.89075 0.38745
0.19568 3.86179 0.35180
0.19296 3.83595 0.30748
0.19064 3.81389 0.25559
0.18877 3.79614 0.19741
0.18741 3.78314 0.13437
0.18657 3.77521 0.06802
0.18629 3.77254 0.00000
0.18657 3.77521 -0.06802
0.18741 3.78314 -0.13437
0.18877 3.79614 -0.19741
0.19064 3.81389 -0.25559
0.19296 3.83595 -0.30748
0.19568 3.86179 -0.35180
0.19872 3.89075 -0.38745
0.20202 3.92214 -0.41356
0.20549 3.95518 -0.42949
0.20905 3.98904 -0.43484
0.21261 4.02291 -0.42949
0.21608 4.05595 -0.41356
0.21938 4.08733 -0.38745
0.22243 4.11630 -0.35180
0.22514 4.14213 -0.30748
0.22746 4.16420 -0.25559
0.22933 4.18195 -0.19741
0.23070 4.19495 -0.13437
0.23153 4.20288 -0.06802
0.00000 4.20000 0.00000
0.00000 4.19754 0.06257
0.00000 4.19021 0.12361
0.00000 4.17820 0.18160
0.00000 4.16180 0.23511
0.00000 4.14142 0.28284
0.00000 4.11756 0.32361
0.00000 4.09080 0.35640
0.00000 4.06180 0.38042
0.00000 4.03129 0.39508
0.00000 4.00000 0.40000
0.00000 3.96871 0.39508
0.00000 3.93820 0.38042
0.00000 3.90920 0.35640
0.00000 3.88244 0.32361
0.00000 3.85858 0.28284
0.00000 3.83820 0.23511
0.00000 3.82180 0.18160
0.00000 3.80979 0.12361
0.00000 3.80246 0.06257
0.00000 3.80000 0.00000
0.00000 3.80246 -0.06257
0.00000 3.80979 -0.12361
0.00000 3.82180 -0.18160
0.00000 3.83820 -0.23511
0.00000 3.85858 -0.28284
0.00000 3.88244 -0.32361
0.00000 3.90920 -0.35640
0.00000 3.93820 -0.38042
0.00000 3.96871 -0.39508
0.00000 4.00000 -0.40000
0.00000 4.03129 -0.39508
0.00000 4.06180 -0.38042
0.00000 4.09080 -0.35640
0.00000 4.11756 -0.32361
0.00000 4.14142 -0.28284
0.00000 4.16180 -0.23511
0.00000 4.17820 -0.18160
0.00000 4.19021 -0.12361
0.00000 4.19754 -0.06257
-0.22816 4.17085 0.00000
-0.22793 4.16861 0.05712
-0.22723 4.16195 0.11284
-0.22608 4.15104 0.16578
-0.22451 4.13613 0.21463
-0.22257 4.11760 0.25821
-0.22029 4.09591 0.29542
-0.21773 4.07158 0.32536
-0.21496 4.04523 0.34729
-0.21204 4.01748 0.36066
-0.20905 3.98904 0.36516
-0.20606 3.96060 0.36066
-0.20315 3.93286 0.34729
-0.20038 3.90651 0.32536
-0.19782 3.88218 0.29542
-0.19554 3.86049 0.25821
-0.19359 3.84196 0.21463
-0.19202 3.82705 0.16578
-0.19088 3.81613 0.11284
-0.19018 3.80947 0.05712
-0.18994 3.80724 0.00000
-0.19018 3.80947 -0.05712
-0.19088 3.81613 -0.11284
-0.19202 3.82705 -0.16578
-0.19359 3.84196 -0.21463
-0.19554 3.86049 -0.25821
-0.19782 3.88218 -0.29542
-0.20038 3.90651 -0.32536
-0.20315 3.93286 -0.34729
-0.20606 3.96060 -0.36066
-0.20905 3.98904 -0.36516
-0.21204 4.01748 -0.36066
-0.21496 4.04523 -0.34729
-0.21773 4.07158 -0.32536
-0.22029 4.09591 -0.29542
-0.22257 4.11760 -0.25821
-0.22451 4.13613 -0.21463
-0.22608 4.15104 -0.16578
-0.22723 4.16195 -0.11284
-0.22793 4.16861 -0.05712
-0.45024 4.11863 0.00000
-0.44982 4.11663 0.05173
-0.44855 4.11068 0.10219
-0.44648 4.10094 0.15013
-0.44364 4.08763 0.19438
-0.44012 4.07108 0.23384
-0.43599 4.05171 0.26754
-0.43137 4.02999 0.29465
-0.42636 4.00646 0.31451
-0.42108 3.98169 0.32662
-0.41568 3.95630 0.33070
-0.41027 3.93090 0.32662
-0.40499 3.90613 0.31451
-0.39998 3.88260 0.29465
-0.39536 3.86088 0.26754
-0.39123 3.84151 0.23384
-0.38771 3.82496 0.19438
-0.38488 3.81165 0.15013
-0.38280 3.80191 0.10219
-0.38153 3.79596 0.05173
-0.38111 3.79396 0.00000
-0.38153 3.79596 -0.05173
-0.38280 3.80191 -0.10219
-0.38488 3.81165 -0.15013
-0.38771 3.82496 -0.19438
-0.39123 3.84151 -0.23384
-0.39536 3.86088 -0.26754
-0.39998 3.88260 -0.29465
-0.40499 3.90613 -0.31451
-0.41027 3.93090 -0.32662
-0.41568 3.95630 -0.33070
-0.42108 3.98169 -0.32662
-0.42636 4.00646 -0.31451
-0.43137 4.02999 -0.29465
-0.43599 4.05171 -0.26754
-0.44012 4.07108 -0.23384
-0.44364 4.08763 -0.19438
-0.44648 4.10094 -0.15013
-0.44855 4.11068 -0.10219
-0.44982 4.11663 -0.05173
-0.66340 4.04382 0.00000
-0.66283 4.04208 0.04646
-0.66113 4.03689 0.09178
-0.65834 4.02838 0.13483
-0.65453 4.01676 0.17457
-0.64979 4.00232 0.21001
-0.64425 3.98541 0.24027
-0.63803 3.96645 0.26462
-0.63130 3.94590 0.28246
-0.62421 3.92428 0.29334
-0.61694 3.90211 0.29699
-0.60967 3.87994 0.29334
-0.60258 3.85832 0.28246
-0.59585 3.83778 0.26462
-0.58963 3.81882 0.24027
-0.58409 3.80191 0.21001
-0.57935 3.78747 0.17457
-0.57555 3.77585 0.13483
-0.57276 3.76734 0.09178
-0.57105 3.76215 0.04646
-0.57048 3.76040 0.00000
-0.57105 3.76215 -0.04646
-0.57276 3.76734 -0.09178
-0.57555 3.77585 -0.13483
-0.57935 3.78747 -0.17457
-0.58409 3.80191 -0.21001
-0.58963 3.81882 -0.24027
-0.59585 3.83778 -0.26462
-0.60258 3.85832 -0.28246
-0.60967 3.87994 -0.29334
-0.61694 3.90211 -0.29699
-0.62421 3.92428 -0.29334
-0.63130 3.94590 -0.28246
-0.63803 3.96645 -0.26462
-0.64425 3.98541 -0.24027
-0.64979 4.00232 -0.21001
-0.65453 4.01676 -0.17457
-0.65834 4.02838 -0.13483
-0.66113 4.03689 -0.09178
-0.66283 4.04208 -0.04646
-0.86402 3.94712 0.00000
-0.86334 3.94565 0.04136
-0.86133 3.94125 0.08171
-0.85803 3.93404 0.12004
-0.85352 3.92420 0.15542
-0.84792 3.91197 0.18697
-0.84136 3.89764 0.21392
-0.83400 3.88158 0.23560
-0.82603 3.86418 0.25148
-0.81764 3.84587 0.26117
-0.80904 3.82709 0.26442
-0.80044 3.80831 0.26117
-0.79206 3.79000 0.25148
-0.78409 3.77260 0.23560
-0.77673 3.75654 0.21392
-0.77017 3.74222 0.18697
-0.76457 3.72998 0.15542
-0.76006 3.72014 0.12004
-0.75676 3.71293 0.08171
-0.75475 3.70854 0.04136
-0.75407 3.70706 0.00000
-0.75475 3.70854 -0.04136
-0.75676 3.71293 -0.08171
-0.76006 3.72014 -0.12004
-0.76457 3.72998 -0.15542
-0.77017 3.74222 -0.18697
-0.77673 3.75654 -0.21392
-0.78409 3.77260 -0.23560
-0.79206 3.79000 -0.25148
-0.80044 3.80831 -0.26117
-0.80904 3.82709 -0.26442
-0.81764 3.84587 -0.26117
-0.82603 3.86418 -0.25148
-0.83400 3.88158 -0.23560
-0.84136 3.89764 -0.21392
-0.84792 3.91197 -0.18697
-0.85352 3.92420 -0.15542
-0.85803 3.93404 -0.12004
-0.86133 3.94125 -0.08171
-0.86334 3.94565 -0.04136
-1.04753 3.82964 0.00000
-1.04679 3.82844 0.03650
-1.04457 3.82487 0.07210
-1.04095 3.81901 0.10593
-1.03600 3.81101 0.13715
-1.02984 3.80106 0.16499
-1.02264 3.78941 0.18877
-1.01456 3.77636 0.20790
-1.00580 3.76221 0.22191
-0.99659 3.74732 0.23046
-0.98714 3.73205 0.23333
-0.97769 3.71678 0.23046
-0.96848 3.70189 0.22191
-0.95972 3.68774 0.20790
-0.95164 3.67469 0.18877
-0.94444 3.66304 0.16499
-0.93828 3.65310 0.13715
-0.93333 3.64509 0.10593
-0.92970 3.63923 0.07210
-0.92749 3.63566 0.03650
-0.92675 3.63446 0.00000
-0.92749 3.63566 -0.03650
-0.92970 3.63923 -0.07210
-0.93333 3.64509 -0.10593
-0.93828 3.65310 -0.13715
-0.94444 3.66304 -0.16499
-0.95164 3.67469 -0.18877
-0.95972 3.68774 -0.20790
-0.96848 3.70189 -0.22191
-0.97769 3.71678 -0.23046
-0.98714 3.73205 -0.23333
-0.99659 3.74732 -0.23046
-1.00580 3.76221 -0.22191
-1.01456 3.77636 -0.20790
-1.02264 3.78941 -0.18877
-1.02984 3.80106 -0.16499
-1.03600 3.81101 -0.13715
-1.04095 3.81901 -0.10593
-1.04457 3.82487 -0.07210
-1.04679 3.82844 -0.03650
-1.20852 3.69300 0.00000
-1.20774 3.69208 0.03192
-1.20543 3.68933 0.06306
-1.20165 3.68483 0.09265
-1.19648 3.67869 0.11995
-1.19005 3.67105 0.14430
-1.18253 3.66210 0.16510
-1.17409 3.65207 0.18183
-1.16495 3.64120 0.19408
-1.15532 3.62976 0.20156
-1.14546 3.61803 0.20407
-1.13559 3.60631 0.20156
-1.12597 3.59487 0.19408
-1.11683 3.58400 0.18183
-1.10839 3.57397 0.16510
-1.10087 3.56502 0.14430
-1.09444 3.55738 0.11995
-1.08927 3.55124 0.09265
-1.08548 3.54673 0.06306
-1.08317 3.54399 0.03192
-1.08240 3.54307 0.00000
-1.08317 3.54399 -0.03192
-1.08548 3.54673 -0.06306
-1.08927 3.55124 -0.09265
-1.09444 3.55738 -0.11995
-1.10087 3.56502 -0.14430
-1.10839 3.57397 -0.16510
-1.11683 3.58400 -0.18183
-1.12597 3.59487 -0.19408
-1.13559 3.60631 -0.20156
-1.14546 3.61803 -0.20407
-1.15532 3.62976 -0.20156
-1.16495 3.64120 -0.19408
-1.17409 3.65207 -0.18183
-1.18253 3.66210 -0.16510
-1.19005 3.67105 -0.14430
-1.19648 3.67869 -0.11995
-1.20165 3.68483 -0.09265
-1.20543 3.68933 -0.06306
-1.20774 3.69208 -0.03192
-1.34113 3.53928 0.00000
-1.34035 3.53863 0.02768
-1.33802 3.53669 0.05468
-1.33422 3.53351 0.08034
-1.32902 3.52916 0.10401
-1.32255 3.52376 0.12513
-1.31499 3.51744 0.14316
-1.30650 3.51035 0.15767
-1.29731 3.50267 0.16830
-1.28763 3.49458 0.17478
-1.27771 3.48629 0.17696
-1.26779 3.47800 0.17478
-1.25812 3.46991 0.16830
-1.24892 3.46223 0.15767
-1.24044 3.45514 0.14316
-1.23287 3.44882 0.12513
-1.22641 3.44342 0.10401
-1.22121 3.43907 0.08034
-1.21740 3.43589 0.05468
-1.21508 3.43395 0.02768
-1.21430 3.43330 0.00000
-1.21508 3.43395 -0.02768
-1.21740 3.43589 -0.05468
-1.22121 3.43907 -0.08034
-1.22641 3.44342 -0.10401
-1.23287 3.44882 -0.12513
-1.24044 3.45514 -0.14316
-1.24892 3.46223 -0.15767
-1.25812 3.46991 -0.16830
-1.26779 3.47800 -0.17478
-1.27771 3.48629 -0.17696
-1.28763 3.49458 -0.17478
-1.29731 3.50267 -0.16830
-1.30650 3.51035 -0.15767
-1.31499 3.51744 -0.14316
-1.32255 3.52376 -0.12513
-1.32902 3.52916 -0.10401
-1.33422 3.53351 -0.08034
-1.33802 3.53669 -0.05468
-1.34035 3.53863 -0.02768
-1.43966 3.37089 0.00000
-1.43889 3.37049 0.02382
-1.43662 3.36930 0.04706
-1.43290 3.36734 0.06914
-1.42783 3.36466 0.08951
-1.42151 3.36133 0.10768
-1.41412 3.35744 0.12320
-1.40584 3.35308 0.13569
-1.39686 3.34834 0.14483
-1.38741 3.34337 0.15041
-1.37772 3.33826 0.15229
-1.36803 3.33316 0.15041
-1.35858 3.32818 0.14483
-1.34960 3.32345 0.13569
-1.34131 3.31908 0.12320
-1.33392 3.31519 0.10768
-1.32761 3.31186 0.08951
-1.32253 3.30919 0.06914
-1.31881 3.30723 0.04706
-1.31654 3.30603 0.02382
-1.31578 3.30563 0.00000
-1.31654 3.30603 -0.02382
-1.31881 3.30723 -0.04706
-1.32253 3.30919 -0.06914
-1.32761 3.31186 -0.08951
-1.33392 3.31519 -0.10768
-1.34131 3.31908 -0.12320
-1.34960 3.32345 -0.13569
-1.35858 3.32818 -0.14483
-1.36803 3.33316 -0.15041
-1.37772 3.33826 -0.15229
-1.38741 3.34337 -0.15041
-1.39686 3.34834 -0.14483
-1.40584 3.35308 -0.13569
-1.41412 3.35744 -0.12320
-1.42151 3.36133 -0.10768
-1.42783 3.36466 -0.08951
-1.43290 3.36734 -0.06914
-1.43662 3.36930 -0.04706
-1.43889 3.37049 -0.02382
-1.49933 3.19034 0.00000
-1.49860 3.19015 0.02039
-1.49644 3.18961 0.04027
-1.49288 3.18873 0.05917
-1.48803 3.18752 0.07660
-1.48200 3.18601 0.09216
-1.47494 3.18425 0.10544
-1.46703 3.18227 0.11612
-1.45845 3.18013 0.12395
-1.44942 3.17788 0.12872
-1.44016 3.17557 0.13033
-1.43091 3.17326 0.12872
-1.42188 3.17101 0.12395
-1.41330 3.16887 0.11612
-1.40539 3.16689 0.10544
-1.39833 3.16513 0.09216
-1.39230 3.16363 0.07660
-1.38745 3.16241 0.05917
-1.38389 3.16153 0.04027
-1.38172 3.16099 0.02039
-1.38100 3.16081 0.00000
-1.38172 3.16099 -0.02039
-1.38389 3.16153 -0.04027
-1.38745 3.16241 -0.05917
-1.39230 3.16363 -0.07660
-1.39833 3.16513 -0.09216
-1.40539 3.16689 -0.10544
-1.41330 3.16887 -0.11612
-1.42188 3.17101 -0.12395
-1.43091 3.17326 -0.12872
-1.44016 3.17557 -0.13033
-1.44942 3.17788 -0.12872
-1.45845 3.18013 -0.12395
-1.46703 3.18227 -0.11612
-1.47494 3.18425 -0.10544
-1.48200 3.18601 -0.09216
-1.48803 3.18752 -0.07660
-1.49288 3.18873 -0.05917
-1.49644 3.18961 -0.04027
-1.49860 3.19015 -0.02039
-1.51708 3.00000 0.00000
-1.51640 3.00000 0.01742
-1.51436 3.00000 0.03440
-1.51101 3.00000 0.05054
-1.50645 3.00000 0.06544
-1.50078 3.00000 0.07872
-1.49414 3.00000 0.09006
-1.48669 3.00000 0.09919
-1.47862 3.00000 0.10588
-1.47013 3.00000 0.10995
-1.46142 3.00000 0.11132
-1.45271 3.00000 0.10995
-1.44422 3.00000 0.10588
-1.43615 3.00000 0.09919
-1.42870 3.00000 0.09006
-1.42206 3.00000 0.07872
-1.41639 3.00000 0.06544
-1.41182 3.00000 0.05054
-1.40848 3.00000 0.03440
-1.40644 3.00000 0.01742
-1.40576 3.00000 0.00000
-1.40644 3.00000 -0.01742
-1.40848 3.00000 -0.03440
-1.41182 3.00000 -0.05054
-1.41639 3.00000 -0.06544
-1.42206 3.00000 -0.07872
-1.42870 3.00000 -0.09006
-1.43615 3.00000 -0.09919
-1.44422 3.00000 -0.10588
-1.45271 3.00000 -0.10995
-1.46142 3.00000 -0.11132
-1.47013 3.00000 -0.10995
-1.47862 3.00000 -0.10588
-1.48669 3.00000 -0.09919
-1.49414 3.00000 -0.09006
-1.50078 3.00000 -0.07872
-1.50645 3.00000 -0.06544
-1.51101 3.00000 -0.05054
-1.51436 3.00000 -0.03440
-1.51640 3.00000 -0.01742
-1.49217 2.80199 0.00000
-1.49153 2.80213 0.01494
-1.48963 2.80255 0.02951
-1.48651 2.80324 0.04335
-1.48224 2.80418 0.05612
-1.47694 2.80535 0.06752
-1.47074 2.80672 0.07725
-1.46378 2.80826 0.08508
-1.45624 2.80992 0.09081
-1.44830 2.81168 0.09431
-1.44017 2.81347 0.09548
-1.43203 2.81527 0.09431
-1.42410 2.81702 0.09081
-1.41656 2.81869 0.08508
-1.40960 2.82022 0.07725
-1.40340 2.82160 0.06752
-1.39810 2.82277 0.05612
-1.39383 2.82371 0.04335
-1.39071 2.82440 0.02951
-1.38880 2.82482 0.01494
-1.38816 2.82496 0.00000
-1.38880 2.82482 -0.01494
-1.39071 2.82440 -0.02951
-1.39383 2.82371 -0.04335
-1.39810 2.82277 -0.05612
-1.40340 2.82160 -0.06752
-1.40960 2.82022 -0.07725
-1.41656 2.81869 -0.08508
-1.42410 2.81702 -0.09081
-1.43203 2.81527 -0.09431
-1.44017 2.81347 -0.09548
-1.44830 2.81168 -0.09431
-1.45624 2.80992 -0.09081
-1.46378 2.80826 -0.08508
-1.47074 2.80672 -0.07725
-1.47694 2.80535 -0.06752
-1.48224 2.80418 -0.05612
-1.48651 2.80324 -0.04335
-1.48963 2.80255 -0.02951
-1.49153 2.80213 -0.01494
-1.42664 2.59805 0.00000
-1.42604 2.59829 0.01298
-1.42425 2.59902 0.02564
-1.42132 2.60022 0.03767
-1.41732 2.60186 0.04878
-1.41235 2.60390 0.05868
-1.40653 2.60628 0.06713
-1.40001 2.60896 0.07394
-1.39294 2.61186 0.07892
-1.38549 2.61491 0.08196
-1.37786 2.61803 0.08298
-1.37023 2.62116 0.08196
-1.36279 2.62421 0.07892
-1.35572 2.62711 0.07394
-1.34919 2.62978 0.06713
-1.34337 2.63217 0.05868
-1.33840 2.63421 0.04878
-1.33440 2.63584 0.03767
-1.33148 2.63704 0.02564
-1.32969 2.63778 0.01298
-1.32909 2.63802 0.00000
-1.32969 2.63778 -0.01298
-1.33148 2.63704 -0.02564
-1.33440 2.63584 -0.03767
-1.33840 2.63421 -0.04878
-1.34337 2.63217 -0.05868
-1.34919 2.62978 -0.06713
-1.35572 2.62711 -0.07394
-1.36279 2.62421 -0.07892
-1.37023 2.62116 -0.08196
-1.37786 2.61803 -0.08298
-1.38549 2.61491 -0.08196
-1.39294 2.61186 -0.07892
-1.40001 2.60896 -0.07394
-1.40653 2.60628 -0.06713
-1.41235 2.60390 -0.05868
-1.41732 2.60186 -0.04878
-1.42132 2.60022 -0.03767
-1.42425 2.59902 -0.02564
-1.42604 2.59829 -0.01298
-1.32534 2.38962 0.00000
-1.32477 2.38995 0.01157
-1.32307 2.39091 0.02285
-1.32027 2.39248 0.03357
-1.31646 2.39463 0.04347
-1.31171 2.39730 0.05229
-1.30616 2.40042 0.05983
-1.29993 2.40393 0.06589
-1.29319 2.40773 0.07033
-1.28608 2.41172 0.07304
-1.27880 2.41582 0.07395
-1.27152 2.41992 0.07304
-1.26442 2.42392 0.07033
-1.25768 2.42772 0.06589
-1.25145 2.43122 0.05983
-1.24590 2.43435 0.05229
-1.24115 2.43702 0.04347
-1.23734 2.43917 0.03357
-1.23454 2.44074 0.02285
-1.23284 2.44170 0.01157
-1.23227 2.44202 0.00000
-1.23284 2.44170 -0.01157
-1.23454 2.44074 -0.02285
-1.23734 2.43917 -0.03357
-1.24115 2.43702 -0.04347
-1.24590 2.43435 -0.05229
-1.25145 2.43122 -0.05983
-1.25768 2.42772 -0.06589
-1.26442 2.42392 -0.07033
-1.27152 2.41992 -0.07304
-1.27880 2.41582 -0.07395
-1.28608 2.41172 -0.07304
-1.29319 2.40773 -0.07033
-1.29993 2.40393 -0.06589
-1.30616 2.40042 -0.05983
-1.31171 2.39730 -0.05229
-1.31646 2.39463 -0.04347
-1.32027 2.39248 -0.03357
-1.32307 2.39091 -0.02285
-1.32477 2.38995 -0.01157
-1.19572 2.17803 0.00000
-1.19515 2.17841 0.01071
-1.19348 2.17955 0.02117
-1.19072 2.18141 0.03110
-1.18697 2.18396 0.04026
-1.18229 2.18712 0.04843
-1.17683 2.19082 0.05541
-1.17069 2.19497 0.06103
-1.16405 2.19947 0.06514
-1.15706 2.20420 0.06765
-1.14989 2.20906 0.06849
-1.14272 2.21391 0.06765
-1.13573 2.21864 0.06514
-1.12908 2.22314 0.06103
-1.12295 2.22729 0.05541
-1.11748 2.23100 0.04843
-1.11281 2.23416 0.04026
-1.10905 2.23670 0.03110
-1.10630 2.23856 0.02117
-1.10462 2.23970 0.01071
-1.10406 2.24008 0.00000
-1.10462 2.23970 -0.01071
-1.10630 2.23856 -0.02117
-1.10905 2.23670 -0.03110
-1.11281 2.23416 -0.04026
-1.11748 2.23100 -0.04843
-1.12295 2.22729 -0.05541
-1.12908 2.22314 -0.06103
-1.13573 2.21864 -0.06514
-1.14272 2.21391 -0.06765
-1.14989 2.20906 -0.06849
-1.15706 2.20420 -0.06765
-1.16405 2.19947 -0.06514
-1.17069 2.19497 -0.06103
-1.17683 2.19082 -0.05541
-1.18229 2.18712 -0.04843
-1.18697 2.18396 -0.04026
-1.19072 2.18141 -0.03110
-1.19348 2.17955 -0.02117
-1.19515 2.17841 -0.01071
-1.04714 1.96464 0.00000
-1.04656 1.96508 0.01043
-1.04483 1.96638 0.02060
-1.04200 1.96850 0.03027
-1.03814 1.97140 0.03919
-1.03333 1.97500 0.04714
-1.02771 1.97922 0.05393
-1.02140 1.98395 0.05940
-1.01457 1.98907 0.06340
-1.00737 1.99447 0.06585
-1.00000 2.00000 0.06667
-0.99263 2.00553 0.06585
-0.98543 2.01093 0.06340
-0.97860 2.01605 0.05940
-0.97229 2.02078 0.05393
-0.96667 2.02500 0.04714
-0.96186 2.02860 0.03919
-0.95800 2.03150 0.03027
-0.95517 2.03362 0.02060
-0.95344 2.03492 0.01043
-0.95286 2.03536 0.00000
-0.95344 2.03492 -0.01043
-0.95517 2.03362 -0.02060
-0.95800 2.03150 -0.03027
-0.96186 2.02860 -0.03919
-0.96667 2.02500 -0.04714
-0.97229 2.02078 -0.05393
-0.97860 2.01605 -0.05940
-0.98543 2.01093 -0.06340
-0.99263 2.00553 -0.06585
-1.00000 2.00000 -0.06667
-1.00737 1.99447 -0.06585
-1.01457 1.98907 -0.06340
-1.02140 1.98395 -0.05940
-1.02771 1.97922 -0.05393
-1.03333 1.97500 -0.04714
-1.03814 1.97140 -0.03919
-1.04200 1.96850 -0.03027
-1.04483 1.96638 -0.02060
-1.04656 1.96508 -0.01043
-0.89006 1.75114 0.00000
-0.88943 1.75163 0.01071
-0.88756 1.75308 0.02117
-0.88451 1.75547 0.03110
-0.88034 1.75874 0.04026
-0.87515 1.76279 0.04843
-0.86907 1.76754 0.05541
-0.86226 1.77287 0.06103
-0.85489 1.77864 0.06514
-0.84712 1.78472 0.06765
-0.83916 1.79094 0.06849
-0.83119 1.79717 0.06765
-0.82343 1.80324 0.06514
-0.81605 1.80902 0.06103
-0.80924 1.81434 0.05541
-0.80316 1.81909 0.04843
-0.79798 1.82315 0.04026
-0.79380 1.82641 0.03110
-0.79075 1.82880 0.02117
-0.78888 1.83026 0.01071
-0.78826 1.83075 0.00000
-0.78888 1.83026 -0.01071
-0.79075 1.82880 -0.02117
-0.79380 1.82641 -0.03110
-0.79798 1.82315 -0.04026
-0.80316 1.81909 -0.04843
-0.80924 1.81434 -0.05541
-0.81605 1.80902 -0.06103
-0.82343 1.80324 -0.06514
-0.83119 1.79717 -0.06765
-0.83916 1.79094 -0.06849
-0.84712 1.78472 -0.06765
-0.85489 1.77864 -0.06514
-0.86226 1.77287 -0.06103
-0.86907 1.76754 -0.05541
-0.87515 1.76279 -0.04843
-0.88034 1.75874 -0.04026
-0.88451 1.75547 -0.03110
-0.88756 1.75308 -0.02117
-0.88943 1.75163 -0.01071
-0.73496 1.53961 0.00000
-0.73425 1.54016 0.01157
-0.73215 1.54179 0.02285
-0.72870 1.54447 0.03357
-0.72399 1.54812 0.04347
-0.71813 1.55266 0.05229
-0.71127 1.55798 0.05983
-0.70358 1.56394 0.06589
-0.69525 1.57040 0.07033
-0.68648 1.57720 0.07304
-0.67749 1.58418 0.07395
-0.66850 1.59115 0.07304
-0.65973 1.59795 0.07033
-0.65140 1.60441 0.06589
-0.64371 1.61037 0.05983
-0.63685 1.61569 0.05229
-0.63100 1.62023 0.04347
-0.62628 1.62389 0.03357
-0.62283 1.62656 0.02285
-0.62073 1.62820 0.01157
-0.62002 1.62875 0.00000
-0.62073 1.62820 -0.01157
-0.62283 1.62656 -0.02285
-0.62628 1.62389 -0.03357
-0.63100 1.62023 -0.04347
-0.63685 1.61569 -0.05229
-0.64371 1.61037 -0.05983
-0.65140 1.60441 -0.06589
-0.65973 1.59795 -0.07033
-0.66850 1.59115 -0.07304
-0.67749 1.58418 -0.07395
-0.68648 1.57720 -0.07304
-0.69525 1.57040 -0.07033
-0.70358 1.56394 -0.06589
-0.71127 1.55798 -0.05983
-0.71813 1.55266 -0.05229
-0.72399 1.54812 -0.04347
-0.72870 1.54447 -0.03357
-0.73215 1.54179 -0.02285
-0.73425 1.54016 -0.01157
-0.59138 1.33264 0.00000
-0.59056 1.33325 0.01298
-0.58810 1.33506 0.02564
-0.58407 1.33802 0.03767
-0.57856 1.34206 0.04878
-0.57172 1.34709 0.05868
-0.56371 1.35297 0.06713
-0.55473 1.35957 0.07394
-0.54499 1.36672 0.07892
-0.53475 1.37425 0.08196
-0.52425 1.38197 0.08298
-0.51375 1.38968 0.08196
-0.50350 1.39721 0.07892
-0.49377 1.40436 0.07394
-0.48479 1.41096 0.06713
-0.47678 1.41684 0.05868
-0.46994 1.42187 0.04878
-0.46443 1.42591 0.03767
-0.46040 1.42888 0.02564
-0.45794 1.43068 0.01298
-0.45712 1.43129 0.00000
-0.45794 1.43068 -0.01298
-0.46040 1.42888 -0.02564
-0.46443 1.42591 -0.03767
-0.46994 1.42187 -0.04878
-0.47678 1.41684 -0.05868
-0.48479 1.41096 -0.06713
-0.49377 1.40436 -0.07394
-0.50350 1.39721 -0.07892
-0.51375 1.38968 -0.08196
-0.52425 1.38197 -0.08298
-0.53475 1.37425 -0.08196
-0.54499 1.36672 -0.07892
-0.55473 1.35957 -0.07394
-0.56371 1.35297 -0.06713
-0.57172 1.34709 -0.05868
-0.57856 1.34206 -0.04878
-0.58407 1.33802 -0.03767
-0.58810 1.33506 -0.02564
-0.59056 1.33325 -0.01298
-0.46700 1.13319 0.00000
-0.46602 1.13384 0.01494
-0.46308 1.13580 0.02951
-0.45827 1.13900 0.04335
-0.45171 1.14337 0.05612
-0.44355 1.14881 0.06752
-0.43399 1.15517 0.07725
-0.42328 1.16231 0.08508
-0.41167 1.17004 0.09081
-0.39945 1.17818 0.09431
-0.38692 1.18653 0.09548
-0.37439 1.19487 0.09431
-0.36218 1.20301 0.09081
-0.35057 1.21074 0.08508
-0.33985 1.21788 0.07725
-0.33030 1.22424 0.06752
-0.32214 1.22968 0.05612
-0.31557 1.23405 0.04335
-0.31076 1.23726 0.02951
-0.30783 1.23921 0.01494
-0.30684 1.23987 0.00000
-0.30783 1.23921 -0.01494
-0.31076 1.23726 -0.02951
-0.31557 1.23405 -0.04335
-0.32214 1.22968 -0.05612
-0.33030 1.22424 -0.06752
-0.33985 1.21788 -0.07725
-0.35057 1.21074 -0.08508
-0.36218 1.20301 -0.09081
-0.37439 1.19487 -0.09431
-0.38692 1.18653 -0.09548
-0.39945 1.17818 -0.09431
-0.41167 1.17004 -0.09081
-0.42328 1.16231 -0.08508
-0.43399 1.15517 -0.07725
-0.44355 1.14881 -0.06752
-0.45171 1.14337 -0.05612
-0.45827 1.13900 -0.04335
-0.46308 1.13580 -0.02951
-0.46602 1.13384 -0.01494
-0.36704 0.94434 0.00000
-0.36586 0.94502 0.01742
-0.36232 0.94706 0.03440
-0.35654 0.95040 0.05054
-0.34863 0.95497 0.06544
-0.33881 0.96064 0.07872
-0.32730 0.96728 0.09006
-0.31440 0.97473 0.09919
-0.30043 0.98280 0.10588
-0.28571 0.99129 0.10995
-0.27063 1.00000 0.11132
-0.25555 1.00871 0.10995
-0.24084 1.01720 0.10588
-0.22686 1.02527 0.09919
-0.21396 1.03272 0.09006
-0.20246 1.03936 0.07872
-0.19264 1.04503 0.06544
-0.18473 1.04960 0.05054
-0.17894 1.05294 0.03440
-0.17541 1.05498 0.01742
-0.17422 1.05566 0.00000
-0.17541 1.05498 -0.01742
-0.17894 1.05294 -0.03440
-0.18473 1.04960 -0.05054
-0.19264 1.04503 -0.06544
-0.20246 1.03936 -0.07872
-0.21396 1.03272 -0.09006
-0.22686 1.02527 -0.09919
-0.24084 1.01720 -0.10588
-0.25555 1.00871 -0.10995
-0.27063 1.00000 -0.11132
-0.28571 0.99129 -0.10995
-0.30043 0.98280 -0.10588
-0.31440 0.97473 -0.09919
-0.32730 0.96728 -0.09006
-0.33881 0.96064 -0.07872
-0.34863 0.95497 -0.06544
-0.35654 0.95040 -0.05054
-0.36232 0.94706 -0.03440
-0.36586 0.94502 -0.01742
-0.29399 0.76904 0.00000
-0.29256 0.76972 0.02039
-0.28831 0.77175 0.04027
-0.28134 0.77508 0.05917
-0.27182 0.77962 0.07660
-0.25998 0.78526 0.09216
-0.24613 0.79187 0.10544
-0.23059 0.79928 0.11612
-0.21375 0.80731 0.12395
-0.19604 0.81576 0.12872
-0.17787 0.82443 0.13033
-0.15970 0.83309 0.12872
-0.14199 0.84155 0.12395
-0.12515 0.84958 0.11612
-0.10961 0.85699 0.10544
-0.09576 0.86360 0.09216
-0.08392 0.86924 0.07660
-0.07440 0.87378 0.05917
-0.06743 0.87711 0.04027
-0.06318 0.87914 0.02039
-0.06175 0.87982 0.00000
-0.06318 0.87914 -0.02039
-0.06743 0.87711 -0.04027
-0.07440 0.87378 -0.05917
-0.08392 0.86924 -0.07660
-0.09576 0.86360 -0.09216
-0.10961 0.85699 -0.10544
-0.12515 0.84958 -0.11612
-0.14199 0.84155 -0.12395
-0.15970 0.83309 -0.12872
-0.17787 0.82443 -0.13033
-0.19604 0.81576 -0.12872
-0.21375 0.80731 -0.12395
-0.23059 0.79928 -0.11612
-0.24613 0.79187 -0.10544
-0.25998 0.78526 -0.09216
-0.27182 0.77962 -0.07660
-0.28134 0.77508 -0.05917
-0.28831 0.77175 -0.04027
-0.29256 0.76972 -0.02039
-0.24769 0.60977 0.00000
-0.24598 0.61041 0.02382
-0.24088 0.61231 0.04706
-0.23253 0.61543 0.06914
-0.22112 0.61969 0.08951
-0.20695 0.62499 0.10768
-0.19035 0.63119 0.12320
-0.17173 0.63814 0.13569
-0.15156 0.64568 0.14483
-0.13034 0.65361 0.15041
-0.10857 0.66174 0.15229
-0.08681 0.66987 0.15041
-0.06558 0.67780 0.14483
-0.04542 0.68533 0.13569
-0.02680 0.69229 0.12320
-0.01020 0.69849 0.10768
0.00398 0.70379 0.08951
0.01538 0.70805 0.06914
0.02374 0.71117 0.04706
0.02883 0.71307 0.02382
0.03055 0.71371 0.00000
0.02883 0.71307 -0.02382
0.02374 0.71117 -0.04706
0.01538 0.70805 -0.06914
0.00398 0.70379 -0.08951
-0.01020 0.69849 -0.10768
-0.02680 0.69229 -0.12320
-0.04542 0.68533 -0.13569
-0.06558 0.67780 -0.14483
-0.08681 0.66987 -0.15041
-0.10857 0.66174 -0.15229
-0.13034 0.65361 -0.15041
-0.15156 0.64568 -0.14483
-0.17173 0.63814 -0.13569
-0.19035 0.63119 -0.12320
-0.20695 0.62499 -0.10768
-0.22112 0.61969 -0.08951
-0.23253 0.61543 -0.06914
-0.24088 0.61231 -0.04706
-0.24598 0.61041 -0.02382
-0.22575 0.46829 0.00000
-0.22372 0.46885 0.02768
-0.21767 0.47051 0.05468
-0.20775 0.47324 0.08034
-0.19420 0.47696 0.10401
-0.17737 0.48159 0.12513
-0.15765 0.48701 0.14316
-0.13555 0.49309 0.15767
-0.11160 0.49967 0.16830
-0.08639 0.50660 0.17478
-0.06055 0.51371 0.17696
-0.03471 0.52082 0.17478
-0.00950 0.52775 0.16830
0.01445 0.53433 0.15767
0.03656 0.54041 0.14316
0.05627 0.54583 0.12513
0.07310 0.55046 0.10401
0.08665 0.55418 0.08034
0.09657 0.55691 0.05468
0.10262 0.55857 0.02768
0.10465 0.55913 0.00000
0.10262 0.55857 -0.02768
0.09657 0.55691 -0.05468
0.08665 0.55418 -0.08034
0.07310 0.55046 -0.10401
0.05627 0.54583 -0.12513
0.03656 0.54041 -0.14316
0.01445 0.53433 -0.15767
-0.00950 0.52775 -0.16830
-0.03471 0.52082 -0.17478
-0.06055 0.51371 -0.17696
-0.08639 0.50660 -0.17478
-0.11160 0.49967 -0.16830
-0.13555 0.49309 -0.15767
-0.15765 0.48701 -0.14316
-0.17737 0.48159 -0.12513
-0.19420 0.47696 -0.10401
-0.20775 0.47324 -0.08034
-0.21767 0.47051 -0.05468
-0.22372 0.46885 -0.02768
-0.22420 0.34556 0.00000
-0.22181 0.34601 0.03192
-0.21470 0.34735 0.06306
-0.20304 0.34953 0.09265
-0.18713 0.35252 0.11995
-0.16735 0.35623 0.14430
-0.14419 0.36057 0.16510
-0.11822 0.36544 0.18183
-0.09009 0.37072 0.19408
-0.06047 0.37627 0.20156
-0.03011 0.38197 0.20407
0.00025 0.38766 0.20156
0.02986 0.39322 0.19408
0.05800 0.39849 0.18183
0.08397 0.40336 0.16510
0.10713 0.40771 0.14430
0.12691 0.41142 0.11995
0.14282 0.41440 0.09265
0.15447 0.41659 0.06306
0.16158 0.41792 0.03192
0.16397 0.41837 0.00000
0.16158 0.41792 -0.03192
0.15447 0.41659 -0.06306
0.14282 0.41440 -0.09265
0.12691 0.41142 -0.11995
0.10713 0.40771 -0.14430
0.08397 0.40336 -0.16510
0.05800 0.39849 -0.18183
0.02986 0.39322 -0.19408
0.00025 0.38766 -0.20156
-0.03011 0.38197 -0.20407
-0.06047 0.37627 -0.20156
-0.09009 0.37072 -0.19408
-0.11822 0.36544 -0.18183
-0.14419 0.36057 -0.16510
-0.16735 0.35623 -0.14430
-0.18713 0.35252 -0.11995
-0.20304 0.34953 -0.09265
-0.21470 0.34735 -0.06306
-0.22181 0.34601 -0.03192
-0.23824 0.24180 0.00000
-0.23547 0.24212 0.03650
-0.22721 0.24308 0.07210
-0.21368 0.24465 0.10593
-0.19520 0.24679 0.13715
-0.17223 0.24946 0.16499
-0.14534 0.25258 0.18877
-0.11518 0.25608 0.20790
-0.08251 0.25987 0.22191
-0.04812 0.26386 0.23046
-0.01286 0.26795 0.23333
0.02240 0.27204 0.23046
0.05679 0.27603 0.22191
0.08946 0.27982 0.20790
0.11962 0.28332 0.18877
0.14651 0.28644 0.16499
0.16948 0.28911 0.13715
0.18796 0.29125 0.10593
0.20149 0.29282 0.07210
0.20975 0.29378 0.03650
0.21252 0.29410 0.00000
0.20975 0.29378 -0.03650
0.20149 0.29282 -0.07210
0.18796 0.29125 -0.10593
0.16948 0.28911 -0.13715
0.14651 0.28644 -0.16499
0.11962 0.28332 -0.18877
0.08946 0.27982 -0.20790
0.05679 0.27603 -0.22191
0.02240 0.27204 -0.23046
-0.01286 0.26795 -0.23333
-0.04812 0.26386 -0.23046
-0.08251 0.25987 -0.22191
-0.11518 0.25608 -0.20790
-0.14534 0.25258 -0.18877
-0.17223 0.24946 -0.16499
-0.19520 0.24679 -0.13715
-0.21368 0.24465 -0.10593
-0.22721 0.24308 -0.07210
-0.23547 0.24212 -0.03650
-0.26307 0.15669 0.00000
-0.25989 0.15689 0.04136
-0.25041 0.15749 0.08171
-0.23488 0.15846 0.12004
-0.21368 0.15979 0.15542
-0.18732 0.16144 0.18697
-0.15646 0.16338 0.21392
-0.12185 0.16555 0.23560
-0.08435 0.16790 0.25148
-0.04489 0.17037 0.26117
-0.00443 0.17291 0.26442
0.03603 0.17545 0.26117
0.07550 0.17792 0.25148
0.11299 0.18027 0.23560
0.14760 0.18244 0.21392
0.17846 0.18438 0.18697
0.20482 0.18603 0.15542
0.22602 0.18736 0.12004
0.24156 0.18833 0.08171
0.25103 0.18892 0.04136
0.25421 0.18912 0.00000
0.25103 0.18892 -0.04136
0.24156 0.18833 -0.08171
0.22602 0.18736 -0.12004
0.20482 0.18603 -0.15542
0.17846 0.18438 -0.18697
0.14760 0.18244 -0.21392
0.11299 0.18027 -0.23560
0.07550 0.17792 -0.25148
0.03603 0.17545 -0.26117
-0.00443 0.17291 -0.26442
-0.04489 0.17037 -0.26117
-0.08435 0.16790 -0.25148
-0.12185 0.16555 -0.23560
-0.15646 0.16338 -0.21392
-0.18732 0.16144 -0.18697
-0.21368 0.15979 -0.15542
-0.23488 0.15846 -0.12004
-0.25041 0.15749 -0.08171
-0.25989 0.15689 -0.04136
-0.29443 0.08980 0.00000
-0.29082 0.08990 0.04646
-0.28007 0.09020 0.09178
-0.26246 0.09068 0.13483
-0.23841 0.09134 0.17457
-0.20851 0.09217 0.21001
-0.17351 0.09313 0.24027
-0.13426 0.09422 0.26462
-0.09174 0.09539 0.28246
-0.04698 0.09662 0.29334
-0.00109 0.09789 0.29699
0.04480 0.09915 0.29334
0.08955 0.10039 0.28246
0.13208 0.10156 0.26462
0.17133 0.10264 0.24027
0.20633 0.10361 0.21001
0.23622 0.10443 0.17457
0.26027 0.10509 0.13483
0.27789 0.10558 0.09178
0.28863 0.10587 0.04646
0.29225 0.10597 0.00000
0.28863 0.10587 -0.04646
0.27789 0.10558 -0.09178
0.26027 0.10509 -0.13483
0.23622 0.10443 -0.17457
0.20633 0.10361 -0.21001
0.17133 0.10264 -0.24027
0.13208 0.10156 -0.26462
0.08955 0.10039 -0.28246
0.04480 0.09915 -0.29334
-0.00109 0.09789 -0.29699
-0.04698 0.09662 -0.29334
-0.09174 0.09539 -0.28246
-0.13426 0.09422 -0.26462
-0.17351 0.09313 -0.24027
-0.20851 0.09217 -0.21001
-0.23841 0.09134 -0.17457
-0.26246 0.09068 -0.13483
-0.28007 0.09020 -0.09178
-0.29082 0.08990 -0.04646
-0.32903 0.04094 0.00000
-0.32498 0.04097 0.05173
-0.31294 0.04107 0.10219
-0.29319 0.04124 0.15013
-0.26622 0.04147 0.19438
-0.23270 0.04175 0.23384
-0.19346 0.04208 0.26754
-0.14946 0.04245 0.29465
-0.10178 0.04285 0.31451
-0.05160 0.04327 0.32662
-0.00015 0.04370 0.33070
0.05130 0.04414 0.32662
0.10148 0.04456 0.31451
0.14916 0.04496 0.29465
0.19317 0.04533 0.26754
0.23241 0.04566 0.23384
0.26593 0.04594 0.19438
0.29289 0.04617 0.15013
0.31264 0.04634 0.10219
0.32469 0.04644 0.05173
0.32874 0.04647 0.00000
0.32469 0.04644 -0.05173
0.31264 0.04634 -0.10219
0.29289 0.04617 -0.15013
0.26593 0.04594 -0.19438
0.23241 0.04566 -0.23384
0.19317 0.04533 -0.26754
0.14916 0.04496 -0.29465
0.10148 0.04456 -0.31451
0.05130 0.04414 -0.32662
-0.00015 0.04370 -0.33070
-0.05160 0.04327 -0.32662
-0.10178 0.04285 -0.31451
-0.14946 0.04245 -0.29465
-0.19346 0.04208 -0.26754
-0.23270 0.04175 -0.23384
-0.26622 0.04147 -0.19438
-0.29319 0.04124 -0.15013
-0.31294 0.04107 -0.10219
-0.32498 0.04097 -0.05173
-0.36466 0.01057 0.00000
-0.36017 0.01057 0.05712
-0.34681 0.01059 0.11284
-0.32492 0.01061 0.16578
-0.29502 0.01064 0.21463
-0.25786 0.01068 0.25821
-0.21434 0.01073 0.29542
-0.16556 0.01078 0.32536
-0.11269 0.01084 0.34729
-0.05705 0.01090 0.36066
-0.00000 0.01096 0.36516
0.05704 0.01102 0.36066
0.11268 0.01108 0.34729
0.16555 0.01113 0.32536
0.21434 0.01119 0.29542
0.25785 0.01123 0.25821
0.29501 0.01127 0.21463
0.32491 0.01130 0.16578
0.34680 0.01133 0.11284
0.36016 0.01134 0.05712
0.36465 0.01135 0.00000
0.36016 0.01134 -0.05712
0.34680 0.01133 -0.11284
0.32491 0.01130 -0.16578
0.29501 0.01127 -0.21463
0.25785 0.01123 -0.25821
0.21434 0.01119 -0.29542
0.16555 0.01113 -0.32536
0.11268 0.01108 -0.34729
0.05704 0.01102 -0.36066
-0.00000 0.01096 -0.36516
-0.05705 0.01090 -0.36066
-0.11269 0.01084 -0.34729
-0.16556 0.01078 -0.32536
-0.21434 0.01073 -0.29542
-0.25786 0.01068 -0.25821
-0.29502 0.01064 -0.21463
-0.32492 0.01061 -0.16578
-0.34681 0.01059 -0.11284
-0.36017 0.01057 -0.05712
3 0 40 41
3 0 41 1
3 1 41 42
3 1 42 2
3 2 42 43
3 2 43 3
3 3 43 44
3 3 44 4
3 4 44 45
3 4 45 5
3 5 45 46
3 5 46 6
3 6 46 47
3 6 47 7
3 7 47 48
3 7 48 8
3 8 48 49
3 8 49 9
3 9 49 50
3 9 50 10
3 10 50 51
3 10 51 11
3 11 51 52
3 11 52 12
3 12 52 53
3 12 53 13
3 13 53 54
3 13 54 14
3 14 54 55
3 14 55 15
3 15 55 56
3 15 56 16
3 16 56 57
3 16 57 17
3 17 57 58
3 17 58 18
3 18 58 59
3 18 59 19
3 19 59 60
3 19 60 20
3 20 60 61
3 20 61 21
3 21 61 62
3 21 62 22
3 22 62 63
3 22 63 23
3 23 63 64
3 23 64 24
3 24 64 65
3 24 65 25
3 25 65 66
3 25 66 26
3 26 66 67
3 26 67 27
3 27 67 68
3 27 68 28
3 28 68 69
3 28 69 29
3 29 69 70
3 29 70 30
3 30 70 71
3 30 71 31
3 31 71 72
3 31 72 32
3 32 72 73
3 32 73 33
3 33 73 74
3 33 74 34
3 34 74 75
3 34 75 35
3 35 75 76
3 35 76 36
3 36 76 77
3 36 77 37
3 37 77 78
3 37 78 38
3 38 78 79
3 38 79 39
3 39 79 40
3 39 40 0
3 40 80 81
3 40 81 41
3 41 81 82
3 41 82 42
3 42 82 83
3 42 83 43
3 43 83 84
3 43 84 44
3 44 84 85
3 44 85 45
3 45 85 86
3 45 86 46
3 46 86 87
3 46 87 47
3 47 87 88
3 47 88 48
3 48 88 89
3 48 89 49
3 49 89 90
3 49 90 50
3 50 90 91
3 50 91 51
3 51 91 92
3 51 92 52
3 52 92 93
3 52 93 53
3 53 93 94
3 53 94 54
3 54 94 95
3 54 95 55
3 55 95 96
3 55 96 56
3 56 96 97
3 56 97 57
3 57 97 98
3 57 98 58
3 58 98 99
3 58 99 59
3 59 99 100
3 59 100 60
3 60 100 101
3 60 101 61
3 61 101 102
3 61 102 62
3 62 102 103
3 62 103 63
3 63 103 104
3 63 104 64
3 64 104 105
3 64 105 65
3 65 105 106
3 65 106 66
3 66 106 107
3 66 107 67
3 67 107 108
3 67 108 68
3 68 108 109
3 68 109 69
3 69 109 110
3 69 110 70
3 70 110 111
3 70 111 71
3 71 111 112
3 71 112 72
3 72 112 113
3 72 113 73
3 73 113 114
3 73 114 74
3 74 114 115
3 74 115 75
3 75 115 116
3 75 116 76
3 76 116 117
3 76 117 77
3 77 117 118
3 77 118 78
3 78 118 119
3 78 119 79
3 79 119 80
3 79 80 40
3 80 120 121
3 80 121 81
3 81 121 122
3 81 122 82
3 82 122 123
3 82 123 83
3 83 123 124
3 83 124 84
3 84 124 125
3 84 125 85
3 85 125 126
3 85 126 86
3 86 126 127
3 86 127 87
3 87 127 128
3 87 128 88
3 88 128 129
3 88 129 89
3 89 129 130
3 89 130 90
3 90 130 131
3 90 131 91
3 91 131 132
3 91 132 92
3 92 132 133
3 92 133 93
3 93 133 134
3 93 134 94
3 94 134 135
3 94 135 95
3 95 135 136
3 95 136 96
3 96 136 137
3 96 137 97
3 97 137 138
3 97 138 98
3 98 138 139
3 98 139 99
3 99 139 140
3 99 140 100
3 100 140 141
3 100 141 101
3 101 141 142
3 101 142 102
3 102 142 143
3 102 143 103
3 103 143 144
3 103 144 104
3 104 144 145
3 104 145 105
3 105 145 146
3 105 146 106
3 106 146 147
3 106 147 107
3 107 147 148
3 107 148 108
3 108 148 149
3 108 149 109
3 109 149 150
3 109 150 110
3 110 150 151
3 110 151 111
3 111 151 152
3 111 152 112
3 112 152 153
3 112 153 113
3 113 153 154
3 113 154 114
3 114 154 155
3 114 155 115
3 115 155 156
3 115 156 116
3 116 156 157
3 116 157 117
3 117 157 158
3 117 158 118
3 118 158 159
3 118 159 119
3 119 159 120
3 119 120 80
3 120 160 161
3 120 161 121
3 121 161 162
3 121 162 122
3 122 162 163
3 122 163 123
3 123 163 164
3 123 164 124
3 124 164 165
3 124 165 125
3 125 165 166
3 125 166 126
3 126 166 167
3 126 167 127
3 127 167 168
3 127 168 128
3 128 168 169
3 128 169 129
3 129 169 170
3 129 170 130
3 130 170 171
3 130 171 131
3 131 171 172
3 131 172 132
3 132 172 173
3 132 173 133
3 133 173 174
3 133 174 134
3 134 174 175
3 134 175 135
3 135 175 176
3 135 176 136
3 136 176 177
3 136 177 137
3 137 177 178
3 137 178 138
3 138 178 179
3 138 179 139
3 139 179 180
3 139 180 140
3 140 180 181
3 140 181 141
3 141 181 182
3 141 182 142
3 142 182 183
3 142 183 143
3 143 183 184
3 143 184 144
3 144 184 185
3 144 185 145
3 145 185 186
3 145 186 146
3 146 186 187
3 146 187 147
3 147 187 188
3 147 188 148
3 148 188 189
3 148 189 149
3 149 189 190
3 149 190 150
3 150 190 191
3 150 191 151
3 151 191 192
3 151 192 152
3 152 192 193
3 152 193 153
3 153 193 194
3 153 194 154
3 154 194 195
3 154 195 155
3 155 195 196
3 155 196 156
3 156 196 197
3 156 197 157
3 157 197 198
3 157 198 158
3 158 198 199
3 158 199 159
3 159 199 160
3 159 160 120
3 160 200 201
3 160 201 161
3 161 201 202
3 161 202 162
3 162 202 203
3 162 203 163
3 163 203 204
3 163 204 164
3 164 204 205
3 164 205 165
3 165 205 206
3 165 206 166
3 166 206 207
3 166 207 167
3 167 207 208
3 167 208 168
3 168 208 209
3 168 209 169
3 169 209 210
3 169 210 170
3 170 210 211
3 170 211 171
3 171 211 212
3 171 212 172
3 172 212 213
3 172 213 173
3 173 213 214
3 173 214 174
3 174 214 215
3 174 215 175
3 175 215 216
3 175 216 176
3 176 216 217
3 176 217 177
3 177 217 218
3 177 218 178
3 178 218 219
3 178 219 179
3 179 219 220
3 179 220 180
3 180 220 221
3 180 221 181
3 181 221 222
3 181 222 182
3 182 222 223
3 182 223 183
3 183 223 224
3 183 224 184
3 184 224 225
3 184 225 185
3 185 225 226
3 185 226 186
3 186 226 227
3 186 227 187
3 187 227 228
3 187 228 188
3 188 228 229
3 188 229 189
3 189 229 230
3 189 230 190
3 190 230 231
3 190 231 191
3 191 231 232
3 191 232 192
3 192 232 233
3 192 233 193
3 193 233 234
3 193 234 194
3 194 234 235
3 194 235 195
3 195 235 236
3 195 236 196
3 196 236 237
3 196 237 197
3 197 237 238
3 197 238 198
3 198 238 239
3 198 239 199
3 199 239 200
3 199 200 160
3 200 240 241
3 200 241 201
3 201 241 242
3 201 242 202
3 202 242 243
3 202 243 203
3 203 243 244
3 203 244 204
3 204 244 245
3 204 245 205
3 205 245 246
3 205 246 206
3 206 246 247
3 206 247 207
3 207 247 248
3 207 248 208
3 208 248 249
3 208 249 209
3 209 249 250
3 209 250 210
3 210 250 251
3 210 251 211
3 211 251 252
3 211 252 212
3 212 252 253
3 212 253 213
3 213 253 254
3 213 254 214
3 214 254 255
3 214 255 215
3 215 255 256
3 215 256 216
3 216 256 257
3 216 257 217
3 217 257 258
3 217 258 218
3 218 258 259
3 218 259 219
3 219 259 260
3 219 260 220
3 220 260 261
3 220 261 221
3 221 261 262
3 221 262 222
3 222 262 263
3 222 263 223
3 223 263 264
3 223 264 224
3 224 264 265
3 224 265 225
3 225 265 266
3 225 266 226
3 226 266 267
3 226 267 227
3 227 267 268
3 227 268 228
3 228 268 269
3 228 269 229
3 229 269 270
3 229 270 230
3 230 270 271
3 230 271 231
3 231 271 272
3 231 272 232
3 232 272 273
3 232 273 233
3 233 273 274
3 233 274 234
3 234 274 275
3 234 275 235
3 235 275 276
3 235 276 236
3 236 276 277
3 236 277 237
3 237 277 278
3 237 278 238
3 238 278 279
3 238 279 239
3 239 279 240
3 239 240 200
3 240 280 281
3 240 281 241
3 241 281 282
3 241 282 242
3 242 282 283
3 242 283 243
3 243 283 284
3 243 284 244
3 244 284 285
3 244 285 245
3 245 285 286
3 245 286 246
3 246 286 287
3 246 287 247
3 247 287 288
3 247 288 248
3 248 288 289
3 248 289 249
3 249 289 290
3 249 290 250
3 250 290 291
3 250 291 251
3 251 291 292
3 251 292 252
3 252 292 293
3 252 293 253
3 253 293 294
3 253 294 254
3 254 294 295
3 254 295 255
3 255 295 296
3 255 296 256
3 256 296 297
3 256 297 257
3 257 297 298
3 257 298 258
3 258 298 299
3 258 299 259
3 259 299 300
3 259 300 260
3 260 300 301
3 260 301 261
3 261 301 302
3 261 302 262
3 262 302 303
3 262 303 263
3 263 303 304
3 263 304 264
3 264 304 305
3 264 305 265
3 265 305 306
3 265 306 266
3 266 306 307
3 266 307 267
3 267 307 308
3 267 308 268
3 268 308 309
3 268 309 269
3 269 309 310
3 269 310 270
3 270 310 311
3 270 311 271
3 271 311 312
3 271 312 272
3 272 312 313
3 272 313 273
3 273 313 314
3 273 314 274
3 274 314 315
3 274 315 275
3 275 315 316
3 275 316 276
3 276 316 317
3 276 317 277
3 277 317 318
3 277 318 278
3 278 318 319
3 278 319 279
3 279 319 280
3 279 280 240
3 280 320 321
3 280 321 281
3 281 321 322
3 281 322 282
3 282 322 323
3 282 323 283
3 283 323 324
3 283 324 284
3 284 324 325
3 284 325 285
3 285 325 326
3 285 326 286
3 286 326 327
3 286 327 287
3 287 327 328
3 287 328 288
3 288 328 329
3 288 329 289
3 289 329 330
3 289 330 290
3 290 330 331
3 290 331 291
3 291 331 332
3 291 332 292
3 292 332 333
3 292 333 293
3 293 333 334
3 293 334 294
3 294 334 335
3 294 335 295
3 295 335 336
3 295 336 296
3 296 336 337
3 296 337 297
3 297 337 338
3 297 338 298
3 298 338 339
3 298 339 299
3 299 339 340
3 299 340 300
3 300 340 341
3 300 341 301
3 301 341 342
3 301 342 302
3 302 342 343
3 302 343 303
3 303 343 344
3 303 344 304
3 304 344 345
3 304 345 305
3 305 345 346
3 305 346 306
3 306 346 347
3 306 347 307
3 307 347 348
3 307 348 308
3 308 348 349
3 308 349 309
3 309 349 350
3 309 350 310
3 310 350 351
3 310 351 311
3 311 351 352
3 311 352 312
3 312 352 353
3 312 353 313
3 313 353 354
3 313 354 314
3 314 354 355
3 314 355 315
3 315 355 356
3 315 356 316
3 316 356 357
3 316 357 317
3 317 357 358
3 317 358 318
3 318 358 359
3 318 359 319
3 319 359 320
3 319 320 280
3 320 360 361
3 320 361 321
3 321 361 362
3 321 362 322
3 322 362 363
3 322 363 323
3 323 363 364
3 323 364 324
3 324 364 365
3 324 365 325
3 325 365 366
3 325 366 326
3 326 366 367
3 326 367 327
3 327 367 368
3 327 368 328
3 328 368 369
3 328 369 329
3 329 369 370
3 329 370 330
3 330 370 371
3 330 371 331
3 331 371 372
3 331 372 332
3 332 372 373
3 332 373 333
3 333 373 374
3 333 374 334
3 334 374 375
3 334 375 335
3 335 375 376
3 335 376 336
3 336 376 377
3 336 377 337
3 337 377 378
3 337 378 338
3 338 378 379
3 338 379 339
3 339 379 380
3 339 380 340
3 340 380 381
3 340 381 341
3 341 381 382
3 341 382 342
3 342 382 383
3 342 383 343
3 343 383 384
3 343 384 344
3 344 384 385
3 344 385 345
3 345 385 386
3 345 386 346
3 346 386 387
3 346 387 347
3 347 387 388
3 347 388 348
3 348 388 389
3 348 389 349
3 349 389 390
3 349 390 350
3 350 390 391
3 350 391 351
3 351 391 392
3 351 392 352
3 352 392 393
3 352 393 353
3 353 393 394
3 353 394 354
3 354 394 395
3 354 395 355
3 355 395 396
3 355 396 356
3 356 396 397
3 356 397 357
3 357 397 398
3 357 398 358
3 358 398 399
3 358 399 359
3 359 399 360
3 359 360 320
3 360 400 401
3 360 401 361
3 361 401 402
3 361 402 362
3 362 402 403
3 362 403 363
3 363 403 404
3 363 404 364
3 364 404 405
3 364 405 365
3 365 405 406
3 365 406 366
3 366 406 407
3 366 407 367
3 367 407 408
3 367 408 368
3 368 408 409
3 368 409 369
3 369 409 410
3 369 410 370
3 370 410 411
3 370 411 371
3 371 411 412
3 371 412 372
3 372 412 413
3 372 413 373
3 373 413 414
3 373 414 374
3 374 414 415
3 374 415 375
3 375 415 416
3 375 416 376
3 376 416 417
3 376 417 377
3 377 417 418
3 377 418 378
3 378 418 419
3 378 419 379
3 379 419 420
3 379 420 380
3 380 420 421
3 380 421 381
3 381 421 422
3 381 422 382
3 382 422 423
3 382 423 383
3 383 423 424
3 383 424 384
3 384 424 425
3 384 425 385
3 385 425 426
3 385 426 386
3 386 426 427
3 386 427 387
3 387 427 428
3 387 428 388
3 388 428 429
3 388 429 389
3 389 429 430
3 389 430 390
3 390 430 431
3 390 431 391
3 391 431 432
3 391 432 392
3 392 432 433
3 392 433 393
3 393 433 434
3 393 434 394
3 394 434 435
3 394 435 395
3 395 435 436
3 395 436 396
3 396 436 437
3 396 437 397
3 397 437 438
3 397 438 398
3 398 438 439
3 398 439 399
3 399 439 400
3 399 400 360
3 400 440 441
3 400 441 401
3 401 441 442
3 401 442 402
3 402 442 443
3 402 443 403
3 403 443 444
3 403 444 404
3 404 444 445
3 404 445 405
3 405 445 446
3 405 446 406
3 406 446 447
3 406 447 407
3 407 447 448
3 407 448 408
3 408 448 449
3 408 449 409
3 409 449 450
3 409 450 410
3 410 450 451
3 410 451 411
3 411 451 452
3 411 452 412
3 412 452 453
3 412 453 413
3 413 453 454
3 413 454 414
3 414 454 455
3 414 455 415
3 415 455 456
3 415 456 416
3 416 456 457
3 416 457 417
3 417 457 458
3 417 458 418
3 418 458 459
3 418 459 419
3 419 459 460
3 419 460 420
3 420 460 461
3 420 461 421
3 421 461 462
3 421 462 422
3 422 462 463
3 422 463 423
3 423 463 464
3 423 464 424
3 424 464 465
3 424 465 425
3 425 465 466
3 425 466 426
3 426 466 467
3 426 467 427
3 427 467 468
3 427 468 428
3 428 468 469
3 428 469 429
3 429 469 470
3 429 470 430
3 430 470 471
3 430 471 431
3 431 471 472
3 431 472 432
3 432 472 473
3 432 473 433
3 433 473 474
3 433 474 434
3 434 474 475
3 434 475 435
3 435 475 476
3 435 476 436
3 436 476 477
3 436 477 437
3 437 477 478
3 437 478 438
3 438 478 479
3 438 479 439
3 439 479 440
3 439 440 400
3 440 480 481
3 440 481 441
3 441 481 482
3 441 482 442
3 442 482 483
3 442 483 443
3 443 483 484
3 443 484 444
3 444 484 485
3 444 485 445
3 445 485 486
3 445 486 446
3 446 486 487
3 446 487 447
3 447 487 488
3 447 488 448
3 448 488 489
3 448 489 449
3 449 489 490
3 449 490 450
3 450 490 491
3 450 491 451
3 451 491 492
3 451 492 452
3 452 492 493
3 452 493 453
3 453 493 494
3 453 494 454
3 454 494 495
3 454 495 455
3 455 495 496
3 455 496 456
3 456 496 497
3 456 497 457
3 457 497 498
3 457 498 458
3 458 498 499
3 458 499 459
3 459 499 500
3 459 500 460
3 460 500 501
3 460 501 461
3 461 501 502
3 461 502 462
3 462 502 503
3 462 503 463
3 463 503 504
3 463 504 464
3 464 504 505
3 464 505 465
3 465 505 506
3 465 506 466
3 466 506 507
3 466 507 467
3 467 507 508
3 467 508 468
3 468 508 509
3 468 509 469
3 469 509 510
3 469 510 470
3 470 510 511
3 470 511 471
3 471 511 512
3 471 512 472
3 472 512 513
3 472 513 473
3 473 513 514
3 473 514 474
3 474 514 515
3 474 515 475
3 475 515 516
3 475 516 476
3 476 516 517
3 476 517 477
3 477 517 518
3 477 518 478
3 478 518 519
3 478 519 479
3 479 519 480
3 479 480 440
3 480 520 521
3 480 521 481
3 481 521 522
3 481 522 482
3 482 522 523
3 482 523 483
3 483 523 524
3 483 524 484
3 484 524 525
3 484 525 485
3 485 525 526
3 485 526 486
3 486 526 527
3 486 527 487
3 487 527 528
3 487 528 488
3 488 528 529
3 488 529 489
3 489 529 530
3 489 530 490
3 490 530 531
3 490 531 491
3 491 531 532
3 491 532 492
3 492 532 533
3 492 533 493
3 493 533 534
3 493 534 494
3 494 534 535
3 494 535 495
3 495 535 536
3 495 536 496
3 496 536 537
3 496 537 497
3 497 537 538
3 497 538 498
3 498 538 539
3 498 539 499
3 499 539 540
3 499 540 500
3 500 540 541
3 500 541 501
3 501 541 542
3 501 542 502
3 502 542 543
3 502 543 503
3 503 543 544
3 503 544 504
3 504 544 545
3 504 545 505
3 505 545 546
3 505 546 506
3 506 546 547
3 506 547 507
3 507 547 548
3 507 548 508
3 508 548 549
3 508 549 509
3 509 549 550
3 509 550 510
3 510 550 551
3 510 551 511
3 511 551 552
3 511 552 512
3 512 552 553
3 512 553 513
3 513 553 554
3 513 554 514
3 514 554 555
3 514 555 515
3 515 555 556
3 515 556 516
3 516 556 557
3 516 557 517
3 517 557 558
3 517 558 518
3 518 558 559
3 518 559 519
3 519 559 520
3 519 520 480
3 520 560 561
3 520 561 521
3 521 561 562
3 521 562 522
3 522 562 563
3 522 563 523
3 523 563 564
3 523 564 524
3 524 564 565
3 524 565 525
3 525 565 566
3 525 566 526
3 526 566 567
3 526 567 527
3 527 567 568
3 527 568 528
3 528 568 569
3 528 569 529
3 529 569 570
3 529 570 530
3 530 570 571
3 530 571 531
3 531 571 572
3 531 572 532
3 532 572 573
3 532 573 533
3 533 573 574
3 533 574 534
3 534 574 575
3 534 575 535
3 535 575 576
3 535 576 536
3 536 576 577
3 536 577 537
3 537 577 578
3 537 578 538
3 538 578 579
3 538 579 539
3 539 579 580
3 539 580 540
3 540 580 581
3 540 581 541
3 541 581 582
3 541 582 542
3 542 582 583
3 542 583 543
3 543 583 584
3 543 584 544
3 544 584 585
3 544 585 545
3 545 585 586
3 545 586 546
3 546 586 587
3 546 587 547
3 547 587 588
3 547 588 548
3 548 588 589
3 548 589 549
3 549 589 590
3 549 590 550
3 550 590 591
3 550 591 551
3 551 591 592
3 551 592 552
3 552 592 593
3 552 593 553
3 553 593 594
3 553 594 554
3 554 594 595
3 554 595 555
3 555 595 596
3 555 596 556
3 556 596 597
3 556 597 557
3 557 597 598
3 557 598 558
3 558 598 599
3 558 599 559
3 559 599 560
3 559 560 520
3 560 600 601
3 560 601 561
3 561 601 602
3 561 602 562
3 562 602 603
3 562 603 563
3 563 603 604
3 563 604 564
3 564 604 605
3 564 605 565
3 565 605 606
3 565 606 566
3 566 606 607
3 566 607 567
3 567 607 608
3 567 608 568
3 568 608 609
3 568 609 569
3 569 609 610
3 569 610 570
3 570 610 611
3 570 611 571
3 571 611 612
3 571 612 572
3 572 612 613
3 572 613 573
3 573 613 614
3 573 614 574
3 574 614 615
3 574 615 575
3 575 615 616
3 575 616 576
3 576 616 617
3 576 617 577
3 577 617 618
3 577 618 578
3 578 618 619
3 578 619 579
3 579 619 620
3 579 620 580
3 580 620 621
3 580 621 581
3 581 621 622
3 581 622 582
3 582 622 623
3 582 623 583
3 583 623 624
3 583 624 584
3 584 624 625
3 584 625 585
3 585 625 626
3 585 626 586
3 586 626 627
3 586 627 587
3 587 627 628
3 587 628 588
3 588 628 629
3 588 629 589
3 589 629 630
3 589 630 590
3 590 630 631
3 590 631 591
3 591 631 632
3 591 632 592
3 592 632 633
3 592 633 593
3 593 633 634
3 593 634 594
3 594 634 635
3 594 635 595
3 595 635 636
3 595 636 596
3 596 636 637
3 596 637 597
3 597 637 638
3 597 638 598
3 598 638 639
3 598 639 599
3 599 639 600
3 599 600 560
3 600 640 641
3 600 641 601
3 601 641 642
3 601 642 602
3 602 642 643
3 602 643 603
3 603 643 644
3 603 644 604
3 604 644 645
3 604 645 605
3 605 645 646
3 605 646 606
3 606 646 647
3 606 647 607
3 607 647 648
3 607 648 608
3 608 648 649
3 608 649 609
3 609 649 650
3 609 650 610
3 610 650 651
3 610 651 611
3 611 651 652
3 611 652 612
3 612 652 653
3 612 653 613
3 613 653 654
3 613 654 614
3 614 654 655
3 614 655 615
3 615 655 656
3 615 656 616
3 616 656 657
3 616 657 617
3 617 657 658
3 617 658 618
3 618 658 659
3 618 659 619
3 619 659 660
3 619 660 620
3 620 660 661
3 620 661 621
3 621 661 662
3 621 662 622
3 622 662 663
3 622 663 623
3 623 663 664
3 623 664 624
3 624 664 665
3 624 665 625
3 625 665 666
3 625 666 626
3 626 666 667
3 626 667 627
3 627 667 668
3 627 668 628
3 628 668 669
3 628 669 629
3 629 669 670
3 629 670 630
3 630 670 671
3 630 671 631
3 631 671 672
3 631 672 632
3 632 672 673
3 632 673 633
3 633 673 674
3 633 674 634
3 634 674 675
3 634 675 635
3 635 675 676
3 635 676 636
3 636 676 677
3 636 677 637
3 637 677 678
3 637 678 638
3 638 678 679
3 638 679 639
3 639 679 640
3 639 640 600
3 640 680 681
3 640 681 641
3 641 681 682
3 641 682 642
3 642 682 683
3 642 683 643
3 643 683 684
3 643 684 644
3 644 684 685
3 644 685 645
3 645 685 686
3 645 686 646
3 646 686 687
3 646 687 647
3 647 687 688
3 647 688 648
3 648 688 689
3 648 689 649
3 649 689 690
3 649 690 650
3 650 690 691
3 650 691 651
3 651 691 692
3 651 692 652
3 652 692 693
3 652 693 653
3 653 693 694
3 653 694 654
3 654 694 695
3 654 695 655
3 655 695 696
3 655 696 656
3 656 696 697
3 656 697 657
3 657 697 698
3 657 698 658
3 658 698 699
3 658 699 659
3 659 699 700
3 659 700 660
3 660 700 701
3 660 701 661
3 661 701 702
3 661 702 662
3 662 702 703
3 662 703 663
3 663 703 704
3 663 704 664
3 664 704 705
3 664 705 665
3 665 705 706
3 665 706 666
3 666 706 707
3 666 707 667
3 667 707 708
3 667 708 668
3 668 708 709
3 668 709 669
3 669 709 710
3 669 710 670
3 670 710 711
3 670 711 671
3 671 711 712
3 671 712 672
3 672 712 713
3 672 713 673
3 673 713 714
3 673 714 674
3 674 714 715
3 674 715 675
3 675 715 716
3 675 716 676
3 676 716 717
3 676 717 677
3 677 717 718
3 677 718 678
3 678 718 719
3 678 719 679
3 679 719 680
3 679 680 640
3 680 720 721
3 680 721 681
3 681 721 722
3 681 722 682
3 682 722 723
3 682 723 683
3 683 723 724
3 683 724 684
3 684 724 725
3 684 725 685
3 685 725 726
3 685 726 686
3 686 726 727
3 686 727 687
3 687 727 728
3 687 728 688
3 688 728 729
3 688 729 689
3 689 729 730
3 689 730 690
3 690 730 731
3 690 731 691
3 691 731 732
3 691 732 692
3 692 732 733
3 692 733 693
3 693 733 734
3 693 734 694
3 694 734 735
3 694 735 695
3 695 735 736
3 695 736 696
3 696 736 737
3 696 737 697
3 697 737 738
3 697 738 698
3 698 738 739
3 698 739 699
3 699 739 740
3 699 740 700
3 700 740 741
3 700 741 701
3 701 741 742
3 701 742 702
3 702 742 743
3 702 743 703
3 703 743 744
3 703 744 704
3 704 744 745
3 704 745 705
3 705 745 746
3 705 746 706
3 706 746 747
3 706 747 707
3 707 747 748
3 707 748 708
3 708 748 749
3 708 749 709
3 709 749 750
3 709 750 710
3 710 750 751
3 710 751 711
3 711 751 752
3 711 752 712
3 712 752 753
3 712 753 713
3 713 753 754
3 713 754 714
3 714 754 755
3 714 755 715
3 715 755 756
3 715 756 716
3 716 756 757
3 716 757 717
3 717 757 758
3 717 758 718
3 718 758 759
3 718 759 719
3 719 759 720
3 719 720 680
3 720 760 761
3 720 761 721
3 721 761 762
3 721 762 722
3 722 762 763
3 722 763 723
3 723 763 764
3 723 764 724
3 724 764 765
3 724 765 725
3 725 765 766
3 725 766 726
3 726 766 767
3 726 767 727
3 727 767 768
3 727 768 728
3 728 768 769
3 728 769 729
3 729 769 770
3 729 770 730
3 730 770 771
3 730 771 731
3 731 771 772
3 731 772 732
3 732 772 773
3 732 773 733
3 733 773 774
3 733 774 734
3 734 774 775
3 734 775 735
3 735 775 776
3 735 776 736
3 736 776 777
3 736 777 737
3 737 777 778
3 737 778 738
3 738 778 779
3 738 779 739
3 739 779 780
3 739 780 740
3 740 780 781
3 740 781 741
3 741 781 782
3 741 782 742
3 742 782 783
3 742 783 743
3 743 783 784
3 743 784 744
3 744 784 785
3 744 785 745
3 745 785 786
3 745 786 746
3 746 786 787
3 746 787 747
3 747 787 788
3 747 788 748
3 748 788 789
3 748 789 749
3 749 789 790
3 749 790 750
3 750 790 791
3 750 791 751
3 751 791 792
3 751 792 752
3 752 792 793
3 752 793 753
3 753 793 794
3 753 794 754
3 754 794 795
3 754 795 755
3 755 795 796
3 755 796 756
3 756 796 797
3 756 797 757
3 757 797 798
3 757 798 758
3 758 798 799
3 758 799 759
3 759 799 760
3 759 760 720
3 760 800 801
3 760 801 761
3 761 801 802
3 761 802 762
3 762 802 803
3 762 803 763
3 763 803 804
3 763 804 764
3 764 804 805
3 764 805 765
3 765 805 806
3 765 806 766
3 766 806 807
3 766 807 767
3 767 807 808
3 767 808 768
3 768 808 809
3 768 809 769
3 769 809 810
3 769 810 770
3 770 810 811
3 770 811 771
3 771 811 812
3 771 812 772
3 772 812 813
3 772 813 773
3 773 813 814
3 773 814 774
3 774 814 815
3 774 815 775
3 775 815 816
3 775 816 776
3 776 816 817
3 776 817 777
3 777 817 818
3 777 818 778
3 778 818 819
3 778 819 779
3 779 819 820
3 779 820 780
3 780 820 821
3 780 821 781
3 781 821 822
3 781 822 782
3 782 822 823
3 782 823 783
3 783 823 824
3 783 824 784
3 784 824 825
3 784 825 785
3 785 825 826
3 785 826 786
3 786 826 827
3 786 827 787
3 787 827 828
3 787 828 788
3 788 828 829
3 788 829 789
3 789 829 830
3 789 830 790
3 790 830 831
3 790 831 791
3 791 831 832
3 791 832 792
3 792 832 833
3 792 833 793
3 793 833 834
3 793 834 794
3 794 834 835
3 794 835 795
3 795 835 836
3 795 836 796
3 796 836 837
3 796 837 797
3 797 837 838
3 797 838 798
3 798 838 839
3 798 839 799
3 799 839 800
3 799 800 760
3 800 840 841
3 800 841 801
3 801 841 842
3 801 842 802
3 802 842 843
3 802 843 803
3 803 843 844
3 803 844 804
3 804 844 845
3 804 845 805
3 805 845 846
3 805 846 806
3 806 846 847
3 806 847 807
3 807 847 848
3 807 848 808
3 808 848 849
3 808 849 809
3 809 849 850
3 809 850 810
3 810 850 851
3 810 851 811
3 811 851 852
3 811 852 812
3 812 852 853
3 812 853 813
3 813 853 854
3 813 854 814
3 814 854 855
3 814 855 815
3 815 855 856
3 815 856 816
3 816 856 857
3 816 857 817
3 817 857 858
3 817 858 818
3 818 858 859
3 818 859 819
3 819 859 860
3 819 860 820
3 820 860 861
3 820 861 821
3 821 861 862
3 821 862 822
3 822 862 863
3 822 863 823
3 823 863 864
3 823 864 824
3 824 864 865
3 824 865 825
3 825 865 866
3 825 866 826
3 826 866 867
3 826 867 827
3 827 867 868
3 827 868 828
3 828 868 869
3 828 869 829
3 829 869 870
3 829 870 830
3 830 870 871
3 830 871 831
3 831 871 872
3 831 872 832
3 832 872 873
3 832 873 833
3 833 873 874
3 833 874 834
3 834 874 875
3 834 875 835
3 835 875 876
3 835 876 836
3 836 876 877
3 836 877 837
3 837 877 878
3 837 878 838
3 838 878 879
3 838 879 839
3 839 879 840
3 839 840 800
3 840 880 881
3 840 881 841
3 841 881 882
3 841 882 842
3 842 882 883
3 842 883 843
3 843 883 884
3 843 884 844
3 844 884 885
3 844 885 845
3 845 885 886
3 845 886 846
3 846 886 887
3 846 887 847
3 847 887 888
3 847 888 848
3 848 888 889
3 848 889 849
3 849 889 890
3 849 890 850
3 850 890 891
3 850 891 851
3 851 891 892
3 851 892 852
3 852 892 893
3 852 893 853
3 853 893 894
3 853 894 854
3 854 894 895
3 854 895 855
3 855 895 896
3 855 896 856
3 856 896 897
3 856 897 857
3 857 897 898
3 857 898 858
3 858 898 899
3 858 899 859
3 859 899 900
3 859 900 860
3 860 900 901
3 860 901 861
3 861 901 902
3 861 902 862
3 862 902 903
3 862 903 863
3 863 903 904
3 863 904 864
3 864 904 905
3 864 905 865
3 865 905 906
3 865 906 866
3 866 906 907
3 866 907 867
3 867 907 908
3 867 908 868
3 868 908 909
3 868 909 869
3 869 909 910
3 869 910 870
3 870 910 911
3 870 911 871
3 871 911 912
3 871 912 872
3 872 912 913
3 872 913 873
3 873 913 914
3 873 914 874
3 874 914 915
3 874 915 875
3 875 915 916
3 875 916 876
3 876 916 917
3 876 917 877
3 877 917 918
3 877 918 878
3 878 918 919
3 878 919 879
3 879 919 880
3 879 880 840
3 880 920 921
3 880 921 881
3 881 921 922
3 881 922 882
3 882 922 923
3 882 923 883
3 883 923 924
3 883 924 884
3 884 924 925
3 884 925 885
3 885 925 926
3 885 926 886
3 886 926 927
3 886 927 887
3 887 927 928
3 887 928 888
3 888 928 929
3 888 929 889
3 889 929 930
3 889 930 890
3 890 930 931
3 890 931 891
3 891 931 932
3 891 932 892
3 892 932 933
3 892 933 893
3 893 933 934
3 893 934 894
3 894 934 935
3 894 935 895
3 895 935 936
3 895 936 896
3 896 936 937
3 896 937 897
3 897 937 938
3 897 938 898
3 898 938 939
3 898 939 899
3 899 939 940
3 899 940 900
3 900 940 941
3 900 941 901
3 901 941 942
3 901 942 902
3 902 942 943
3 902 943 903
3 903 943 944
3 903 944 904
3 904 944 945
3 904 945 905
3 905 945 946
3 905 946 906
3 906 946 947
3 906 947 907
3 907 947 948
3 907 948 908
3 908 948 949
3 908 949 909
3 909 949 950
3 909 950 910
3 910 950 951
3 910 951 911
3 911 951 952
3 911 952 912
3 912 952 953
3 912 953 913
3 913 953 954
3 913 954 914
3 914 954 955
3 914 955 915
3 915 955 956
3 915 956 916
3 916 956 957
3 916 957 917
3 917 957 958
3 917 958 918
3 918 958 959
3 918 959 919
3 919 959 920
3 919 920 880
3 920 960 961
3 920 961 921
3 921 961 962
3 921 962 922
3 922 962 963
3 922 963 923
3 923 963 964
3 923 964 924
3 924 964 965
3 924 965 925
3 925 965 966
3 925 966 926
3 926 966 967
3 926 967 927
3 927 967 968
3 927 968 928
3 928 968 969
3 928 969 929
3 929 969 970
3 929 970 930
3 930 970 971
3 930 971 931
3 931 971 972
3 931 972 932
3 932 972 973
3 932 973 933
3 933 973 974
3 933 974 934
3 934 974 975
3 934 975 935
3 935 975 976
3 935 976 936
3 936 976 977
3 936 977 937
3 937 977 978
3 937 978 938
3 938 978 979
3 938 979 939
3 939 979 980
3 939 980 940
3 940 980 981
3 940 981 941
3 941 981 982
3 941 982 942
3 942 982 983
3 942 983 943
3 943 983 984
3 943 984 944
3 944 984 985
3 944 985 945
3 945 985 986
3 945 986 946
3 946 986 987
3 946 987 947
3 947 987 988
3 947 988 948
3 948 988 989
3 948 989 949
3 949 989 990
3 949 990 950
3 950 990 991
3 950 991 951
3 951 991 992
3 951 992 952
3 952 992 993
3 952 993 953
3 953 993 994
3 953 994 954
3 954 994 995
3 954 995 955
3 955 995 996
3 955 996 956
3 956 996 997
3 956 997 957
3 957 997 998
3 957 998 958
3 958 998 999
3 958 999 959
3 959 999 960
3 959 960 920
3 960 1000 1001
3 960 1001 961
3 961 1001 1002
3 961 1002 962
3 962 1002 1003
3 962 1003 963
3 963 1003 1004
3 963 1004 964
3 964 1004 1005
3 964 1005 965
3 965 1005 1006
3 965 1006 966
3 966 1006 1007
3 966 1007 967
3 967 1007 1008
3 967 1008 968
3 968 1008 1009
3 968 1009 969
3 969 1009 1010
3 969 1010 970
3 970 1010 1011
3 970 1011 971
3 971 1011 1012
3 971 1012 972
3 972 1012 1013
3 972 1013 973
3 973 1013 1014
3 973 1014 974
3 974 1014 1015
3 974 1015 975
3 975 1015 1016
3 975 1016 976
3 976 1016 1017
3 976 1017 977
3 977 1017 1018
3 977 1018 978
3 978 1018 1019
3 978 1019 979
3 979 1019 1020
3 979 1020 980
3 980 1020 1021
3 980 1021 981
3 981 1021 1022
3 981 1022 982
3 982 1022 1023
3 982 1023 983
3 983 1023 1024
3 983 1024 984
3 984 1024 1025
3 984 1025 985
3 985 1025 1026
3 985 1026 986
3 986 1026 1027
3 986 1027 987
3 987 1027 1028
3 987 1028 988
3 988 1028 1029
3 988 1029 989
3 989 1029 1030
3 989 1030 990
3 990 1030 1031
3 990 1031 991
3 991 1031 1032
3 991 1032 992
3 992 1032 1033
3 992 1033 993
3 993 1033 1034
3 993 1034 994
3 994 1034 1035
3 994 1035 995
3 995 1035 1036
3 995 1036 996
3 996 1036 1037
3 996 1037 997
3 997 1037 1038
3 997 1038 998
3 998 1038 1039
3 998 1039 999
3 999 1039 1000
3 999 1000 960
3 1000 1040 1041
3 1000 1041 1001
3 1001 1041 1042
3 1001 1042 1002
3 1002 1042 1043
3 1002 1043 1003
3 1003 1043 1044
3 1003 1044 1004
3 1004 1044 1045
3 1004 1045 1005
3 1005 1045 1046
3 1005 1046 1006
3 1006 1046 1047
3 1006 1047 1007
3 1007 1047 1048
3 1007 1048 1008
3 1008 1048 1049
3 1008 1049 1009
3 1009 1049 1050
3 1009 1050 1010
3 1010 1050 1051
3 1010 1051 1011
3 1011 1051 1052
3 1011 1052 1012
3 1012 1052 1053
3 1012 1053 1013
3 1013 1053 1054
3 1013 1054 1014
3 1014 1054 1055
3 1014 1055 1015
3 1015 1055 1056
3 1015 1056 1016
3 1016 1056 1057
3 1016 1057 1017
3 1017 1057 1058
3 1017 1058 1018
3 1018 1058 1059
3 1018 1059 1019
3 1019 1059 1060
3 1019 1060 1020
3 1020 1060 1061
3 1020 1061 1021
3 1021 1061 1062
3 1021 1062 1022
3 1022 1062 1063
3 1022 1063 1023
3 1023 1063 1064
3 1023 1064 1024
3 1024 1064 1065
3 1024 1065 1025
3 1025 1065 1066
3 1025 1066 1026
3 1026 1066 1067
3 1026 1067 1027
3 1027 1067 1068
3 1027 1068 1028
3 1028 1068 1069
3 1028 1069 1029
3 1029 1069 1070
3 1029 1070 1030
3 1030 1070 1071
3 1030 1071 1031
3 1031 1071 1072
3 1031 1072 1032
3 1032 1072 1073
3 1032 1073 1033
3 1033 1073 1074
3 1033 1074 1034
3 1034 1074 1075
3 1034 1075 1035
3 1035 1075 1076
3 1035 1076 1036
3 1036 1076 1077
3 1036 1077 1037
3 1037 1077 1078
3 1037 1078 1038
3 1038 1078 1079
3 1038 1079 1039
3 1039 1079 1040
3 1039 1040 1000
3 1040 1080 1081
3 1040 1081 1041
3 1041 1081 1082
3 1041 1082 1042
3 1042 1082 1083
3 1042 1083 1043
3 1043 1083 1084
3 1043 1084 1044
3 1044 1084 1085
3 1044 1085 1045
3 1045 1085 1086
3 1045 1086 1046
3 1046 1086 1087
3 1046 1087 1047
3 1047 1087 1088
3 1047 1088 1048
3 1048 1088 1089
3 1048 1089 1049
3 1049 1089 1090
3 1049 1090 1050
3 1050 1090 1091
3 1050 1091 1051
3 1051 1091 1092
3 1051 1092 1052
3 1052 1092 1093
3 1052 1093 1053
3 1053 1093 1094
3 1053 1094 1054
3 1054 1094 1095
3 1054 1095 1055
3 1055 1095 1096
3 1055 1096 1056
3 1056 1096 1097
3 1056 1097 1057
3 1057 1097 1098
3 1057 1098 1058
3 1058 1098 1099
3 1058 1099 1059
3 1059 1099 1100
3 1059 1100 1060
3 1060 1100 1101
3 1060 1101 1061
3 1061 1101 1102
3 1061 1102 1062
3 1062 1102 1103
3 1062 1103 1063
3 1063 1103 1104
3 1063 1104 1064
3 1064 1104 1105
3 1064 1105 1065
3 1065 1105 1106
3 1065 1106 1066
3 1066 1106 1107
3 1066 1107 1067
3 1067 1107 1108
3 1067 1108 1068
3 1068 1108 1109
3 1068 1109 1069
3 1069 1109 1110
3 1069 1110 1070
3 1070 1110 1111
3 1070 1111 1071
3 1071 1111 1112
3 1071 1112 1072
3 1072 1112 1113
3 1072 1113 1073
3 1073 1113 1114
3 1073 1114 1074
3 1074 1114 1115
3 1074 1115 1075
3 1075 1115 1116
3 1075 1116 1076
3 1076 1116 1117
3 1076 1117 1077
3 1077 1117 1118
3 1077 1118 1078
3 1078 1118 1119
3 1078 1119 1079
3 1079 1119 1080
3 1079 1080 1040
3 1080 1120 1121
3 1080 1121 1081
3 1081 1121 1122
3 1081 1122 1082
3 1082 1122 1123
3 1082 1123 1083
3 1083 1123 1124
3 1083 1124 1084
3 1084 1124 1125
3 1084 1125 1085
3 1085 1125 1126
3 1085 1126 1086
3 1086 1126 1127
3 1086 1127 1087
3 1087 1127 1128
3 1087 1128 1088
3 1088 1128 1129
3 1088 1129 1089
3 1089 1129 1130
3 1089 1130 1090
3 1090 1130 1131
3 1090 1131 1091
3 1091 1131 1132
3 1091 1132 1092
3 1092 1132 1133
3 1092 1133 1093
3 1093 1133 1134
3 1093 1134 1094
3 1094 1134 1135
3 1094 1135 1095
3 1095 1135 1136
3 1095 1136 1096
3 1096 1136 1137
3 1096 1137 1097
3 1097 1137 1138
3 1097 1138 1098
3 1098 1138 1139
3 1098 1139 1099
3 1099 1139 1140
3 1099 1140 1100
3 1100 1140 1141
3 1100 1141 1101
3 1101 1141 1142
3 1101 1142 1102
3 1102 1142 1143
3 1102 1143 1103
3 1103 1143 1144
3 1103 1144 1104
3 1104 1144 1145
3 1104 1145 1105
3 1105 1145 1146
3 1105 1146 1106
3 1106 1146 1147
3 1106 1147 1107
3 1107 1147 1148
3 1107 1148 1108
3 1108 1148 1149
3 1108 1149 1109
3 1109 1149 1150
3 1109 1150 1110
3 1110 1150 1151
3 1110 1151 1111
3 1111 1151 1152
3 1111 1152 1112
3 1112 1152 1153
3 1112 1153 1113
3 1113 1153 1154
3 1113 1154 1114
3 1114 1154 1155
3 1114 1155 1115
3 1115 1155 1156
3 1115 1156 1116
3 1116 1156 1157
3 1116 1157 1117
3 1117 1157 1158
3 1117 1158 1118
3 1118 1158 1159
3 1118 1159 1119
3 1119 1159 1120
3 1119 1120 1080
3 1120 1160 1161
3 1120 1161 1121
3 1121 1161 1162
3 1121 1162 1122
3 1122 1162 1163
3 1122 1163 1123
3 1123 1163 1164
3 1123 1164 1124
3 1124 1164 1165
3 1124 1165 1125
3 1125 1165 1166
3 1125 1166 1126
3 1126 1166 1167
3 1126 1167 1127
3 1127 1167 1168
3 1127 1168 1128
3 1128 1168 1169
3 1128 1169 1129
3 1129 1169 1170
3 1129 1170 1130
3 1130 1170 1171
3 1130 1171 1131
3 1131 1171 1172
3 1131 1172 1132
3 1132 1172 1173
3 1132 1173 1133
3 1133 1173 1174
3 1133 1174 1134
3 1134 1174 1175
3 1134 1175 1135
3 1135 1175 1176
3 1135 1176 1136
3 1136 1176 1177
3 1136 1177 1137
3 1137 1177 1178
3 1137 1178 1138
3 1138 1178 1179
3 1138 1179 1139
3 1139 1179 1180
3 1139 1180 1140
3 1140 1180 1181
3 1140 1181 1141
3 1141 1181 1182
3 1141 1182 1142
3 1142 1182 1183
3 1142 1183 1143
3 1143 1183 1184
3 1143 1184 1144
3 1144 1184 1185
3 1144 1185 1145
3 1145 1185 1186
3 1145 1186 1146
3 1146 1186 1187
3 1146 1187 1147
3 1147 1187 1188
3 1147 1188 1148
3 1148 1188 1189
3 1148 1189 1149
3 1149 1189 1190
3 1149 1190 1150
3 1150 1190 1191
3 1150 1191 1151
3 1151 1191 1192
3 1151 1192 1152
3 1152 1192 1193
3 1152 1193 1153
3 1153 1193 1194
3 1153 1194 1154
3 1154 1194 1195
3 1154 1195 1155
3 1155 1195 1196
3 1155 1196 1156
3 1156 1196 1197
3 1156 1197 1157
3 1157 1197 1198
3 1157 1198 1158
3 1158 1198 1199
3 1158 1199 1159
3 1159 1199 1160
3 1159 1160 1120
3 1160 1200 1201
3 1160 1201 1161
3 1161 1201 1202
3 1161 1202 1162
3 1162 1202 1203
3 1162 1203 1163
3 1163 1203 1204
3 1163 1204 1164
3 1164 1204 1205
3 1164 1205 1165
3 1165 1205 1206
3 1165 1206 1166
3 1166 1206 1207
3 1166 1207 1167
3 1167 1207 1208
3 1167 1208 1168
3 1168 1208 1209
3 1168 1209 1169
3 1169 1209 1210
3 1169 1210 1170
3 1170 1210 1211
3 1170 1211 1171
3 1171 1211 1212
3 1171 1212 1172
3 1172 1212 1213
3 1172 1213 1173
3 1173 1213 1214
3 1173 1214 1174
3 1174 1214 1215
3 1174 1215 1175
3 1175 1215 1216
3 1175 1216 1176
3 1176 1216 1217
3 1176 1217 1177
3 1177 1217 1218
3 1177 1218 1178
3 1178 1218 1219
3 1178 1219 1179
3 1179 1219 1220
3 1179 1220 1180
3 1180 1220 1221
3 1180 1221 1181
3 1181 1221 1222
3 1181 1222 1182
3 1182 1222 1223
3 1182 1223 1183
3 1183 1223 1224
3 1183 1224 1184
3 1184 1224 1225
3 1184 1225 1185
3 1185 1225 1226
3 1185 1226 1186
3 1186 1226 1227
3 1186 1227 1187
3 1187 1227 1228
3 1187 1228 1188
3 1188 1228 1229
3 1188 1229 1189
3 1189 1229 1230
3 1189 1230 1190
3 1190 1230 1231
3 1190 1231 1191
3 1191 1231 1232
3 1191 1232 1192
3 1192 1232 1233
3 1192 1233 1193
3 1193 1233 1234
3 1193 1234 1194
3 1194 1234 1235
3 1194 1235 1195
3 1195 1235 1236
3 1195 1236 1196
3 1196 1236 1237
3 1196 1237 1197
3 1197 1237 1238
3 1197 1238 1198
3 1198 1238 1239
3 1198 1239 1199
3 1199 1239 1200
3 1199 1200 1160
3 1200 1240 1241
3 1200 1241 1201
3 1201 1241 1242
3 1201 1242 1202
3 1202 1242 1243
3 1202 1243 1203
3 1203 1243 1244
3 1203 1244 1204
3 1204 1244 1245
3 1204 1245 1205
3 1205 1245 1246
3 1205 1246 1206
3 1206 1246 1247
3 1206 1247 1207
3 1207 1247 1248
3 1207 1248 1208
3 1208 1248 1249
3 1208 1249 1209
3 1209 1249 1250
3 1209 1250 1210
3 1210 1250 1251
3 1210 1251 1211
3 1211 1251 1252
3 1211 1252 1212
3 1212 1252 1253
3 1212 1253 1213
3 1213 1253 1254
3 1213 1254 1214
3 1214 1254 1255
3 1214 1255 1215
3 1215 1255 1256
3 1215 1256 1216
3 1216 1256 1257
3 1216 1257 1217
3 1217 1257 1258
3 1217 1258 1218
3 1218 1258 1259
3 1218 1259 1219
3 1219 1259 1260
3 1219 1260 1220
3 1220 1260 1261
3 1220 1261 1221
3 1221 1261 1262
3 1221 1262 1222
3 1222 1262 1263
3 1222 1263 1223
3 1223 1263 1264
3 1223 1264 1224
3 1224 1264 1265
3 1224 1265 1225
3 1225 1265 1266
3 1225 1266 1226
3 1226 1266 1267
3 1226 1267 1227
3 1227 1267 1268
3 1227 1268 1228
3 1228 1268 1269
3 1228 1269 1229
3 1229 1269 1270
3 1229 1270 1230
3 1230 1270 1271
3 1230 1271 1231
3 1231 1271 1272
3 1231 1272 1232
3 1232 1272 1273
3 1232 1273 1233
3 1233 1273 1274
3 1233 1274 1234
3 1234 1274 1275
3 1234 1275 1235
3 1235 1275 1276
3 1235 1276 1236
3 1236 1276 1277
3 1236 1277 1237
3 1237 1277 1278
3 1237 1278 1238
3 1238 1278 1279
3 1238 1279 1239
3 1239 1279 1240
3 1239 1240 1200
3 1240 1280 1281
3 1240 1281 1241
3 1241 1281 1282
3 1241 1282 1242
3 1242 1282 1283
3 1242 1283 1243
3 1243 1283 1284
3 1243 1284 1244
3 1244 1284 1285
3 1244 1285 1245
3 1245 1285 1286
3 1245 1286 1246
3 1246 1286 1287
3 1246 1287 1247
3 1247 1287 1288
3 1247 1288 1248
3 1248 1288 1289
3 1248 1289 1249
3 1249 1289 1290
3 1249 1290 1250
3 1250 1290 1291
3 1250 1291 1251
3 1251 1291 1292
3 1251 1292 1252
3 1252 1292 1293
3 1252 1293 1253
3 1253 1293 1294
3 1253 1294 1254
3 1254 1294 1295
3 1254 1295 1255
3 1255 1295 1296
3 1255 1296 1256
3 1256 1296 1297
3 1256 1297 1257
3 1257 1297 1298
3 1257 1298 1258
3 1258 1298 1299
3 1258 1299 1259
3 1259 1299 1300
3 1259 1300 1260
3 1260 1300 1301
3 1260 1301 1261
3 1261 1301 1302
3 1261 1302 1262
3 1262 1302 1303
3 1262 1303 1263
3 1263 1303 1304
3 1263 1304 1264
3 1264 1304 1305
3 1264 1305 1265
3 1265 1305 1306
3 1265 1306 1266
3 1266 1306 1307
3 1266 1307 1267
3 1267 1307 1308
3 1267 1308 1268
3 1268 1308 1309
3 1268 1309 1269
3 1269 1309 1310
3 1269 1310 1270
3 1270 1310 1311
3 1270 1311 1271
3 1271 1311 1312
3 1271 1312 1272
3 1272 1312 1313
3 1272 1313 1273
3 1273 1313 1314
3 1273 1314 1274
3 1274 1314 1315
3 1274 1315 1275
3 1275 1315 1316
3 1275 1316 1276
3 1276 1316 1317
3 1276 1317 1277
3 1277 1317 1318
3 1277 1318 1278
3 1278 1318 1319
3 1278 1319 1279
3 1279 1319 1280
3 1279 1280 1240
3 1280 1320 1321
3 1280 1321 1281
3 1281 1321 1322
3 1281 1322 1282
3 1282 1322 1323
3 1282 1323 1283
3 1283 1323 1324
3 1283 1324 1284
3 1284 1324 1325
3 1284 1325 1285
3 1285 1325 1326
3 1285 1326 1286
3 1286 1326 1327
3 1286 1327 1287
3 1287 1327 1328
3 1287 1328 1288
3 1288 1328 1329
3 1288 1329 1289
3 1289 1329 1330
3 1289 1330 1290
3 1290 1330 1331
3 1290 1331 1291
3 1291 1331 1332
3 1291 1332 1292
3 1292 1332 1333
3 1292 1333 1293
3 1293 1333 1334
3 1293 1334 1294
3 1294 1334 1335
3 1294 1335 1295
3 1295 1335 1336
3 1295 1336 1296
3 1296 1336 1337
3 1296 1337 1297
3 1297 1337 1338
3 1297 1338 1298
3 1298 1338 1339
3 1298 1339 1299
3 1299 1339 1340
3 1299 1340 1300
3 1300 1340 1341
3 1300 1341 1301
3 1301 1341 1342
3 1301 1342 1302
3 1302 1342 1343
3 1302 1343 1303
3 1303 1343 1344
3 1303 1344 1304
3 1304 1344 1345
3 1304 1345 1305
3 1305 1345 1346
3 1305 1346 1306
3 1306 1346 1347
3 1306 1347 1307
3 1307 1347 1348
3 1307 1348 1308
3 1308 1348 1349
3 1308 1349 1309
3 1309 1349 1350
3 1309 1350 1310
3 1310 1350 1351
3 1310 1351 1311
3 1311 1351 1352
3 1311 1352 1312
3 1312 1352 1353
3 1312 1353 1313
3 1313 1353 1354
3 1313 1354 1314
3 1314 1354 1355
3 1314 1355 1315
3 1315 1355 1356
3 1315 1356 1316
3 1316 1356 1357
3 1316 1357 1317
3 1317 1357 1358
3 1317 1358 1318
3 1318 1358 1359
3 1318 1359 1319
3 1319 1359 1320
3 1319 1320 1280
3 1320 1360 1361
3 1320 1361 1321
3 1321 1361 1362
3 1321 1362 1322
3 1322 1362 1363
3 1322 1363 1323
3 1323 1363 1364
3 1323 1364 1324
3 1324 1364 1365
3 1324 1365 1325
3 1325 1365 1366
3 1325 1366 1326
3 1326 1366 1367
3 1326 1367 1327
3 1327 1367 1368
3 1327 1368 1328
3 1328 1368 1369
3 1328 1369 1329
3 1329 1369 1370
3 1329 1370 1330
3 1330 1370 1371
3 1330 1371 1331
3 1331 1371 1372
3 1331 1372 1332
3 1332 1372 1373
3 1332 1373 1333
3 1333 1373 1374
3 1333 1374 1334
3 1334 1374 1375
3 1334 1375 1335
3 1335 1375 1376
3 1335 1376 1336
3 1336 1376 1377
3 1336 1377 1337
3 1337 1377 1378
3 1337 1378 1338
3 1338 1378 1379
3 1338 1379 1339
3 1339 1379 1380
3 1339 1380 1340
3 1340 1380 1381
3 1340 1381 1341
3 1341 1381 1382
3 1341 1382 1342
3 1342 1382 1383
3 1342 1383 1343
3 1343 1383 1384
3 1343 1384 1344
3 1344 1384 1385
3 1344 1385 1345
3 1345 1385 1386
3 1345 1386 1346
3 1346 1386 1387
3 1346 1387 1347
3 1347 1387 1388
3 1347 1388 1348
3 1348 1388 1389
3 1348 1389 1349
3 1349 1389 1390
3 1349 1390 1350
3 1350 1390 1391
3 1350 1391 1351
3 1351 1391 1392
3 1351 1392 1352
3 1352 1392 1393
3 1352 1393 1353
3 1353 1393 1394
3 1353 1394 1354
3 1354 1394 1395
3 1354 1395 1355
3 1355 1395 1396
3 1355 1396 1356
3 1356 1396 1397
3 1356 1397 1357
3 1357 1397 1398
3 1357 1398 1358
3 1358 1398 1399
3 1358 1399 1359
3 1359 1399 1360
3 1359 1360 1320
3 1360 1400 1401
3 1360 1401 1361
3 1361 1401 1402
3 1361 1402 1362
3 1362 1402 1403
3 1362 1403 1363
3 1363 1403 1404
3 1363 1404 1364
3 1364 1404 1405
3 1364 1405 1365
3 1365 1405 1406
3 1365 1406 1366
3 1366 1406 1407
3 1366 1407 1367
3 1367 1407 1408
3 1367 1408 1368
3 1368 1408 1409
3 1368 1409 1369
3 1369 1409 1410
3 1369 1410 1370
3 1370 1410 1411
3 1370 1411 1371
3 1371 1411 1412
3 1371 1412 1372
3 1372 1412 1413
3 1372 1413 1373
3 1373 1413 1414
3 1373 1414 1374
3 1374 1414 1415
3 1374 1415 1375
3 1375 1415 1416
3 1375 1416 1376
3 1376 1416 1417
3 1376 1417 1377
3 1377 1417 1418
3 1377 1418 1378
3 1378 1418 1419
3 1378 1419 1379
3 1379 1419 1420
3 1379 1420 1380
3 1380 1420 1421
3 1380 1421 1381
3 1381 1421 1422
3 1381 1422 1382
3 1382 1422 1423
3 1382 1423 1383
3 1383 1423 1424
3 1383 1424 1384
3 1384 1424 1425
3 1384 1425 1385
3 1385 1425 1426
3 1385 1426 1386
3 1386 1426 1427
3 1386 1427 1387
3 1387 1427 1428
3 1387 1428 1388
3 1388 1428 1429
3 1388 1429 1389
3 1389 1429 1430
3 1389 1430 1390
3 1390 1430 1431
3 1390 1431 1391
3 1391 1431 1432
3 1391 1432 1392
3 1392 1432 1433
3 1392 1433 1393
3 1393 1433 1434
3 1393 1434 1394
3 1394 1434 1435
3 1394 1435 1395
3 1395 1435 1436
3 1395 1436 1396
3 1396 1436 1437
3 1396 1437 1397
3 1397 1437 1438
3 1397 1438 1398
3 1398 1438 1439
3 1398 1439 1399
3 1399 1439 1400
3 1399 1400 1360
3 1400 1440 1441
3 1400 1441 1401
3 1401 1441 1442
3 1401 1442 1402
3 1402 1442 1443
3 1402 1443 1403
3 1403 1443 1444
3 1403 1444 1404
3 1404 1444 1445
3 1404 1445 1405
3 1405 1445 1446
3 1405 1446 1406
3 1406 1446 1447
3 1406 1447 1407
3 1407 1447 1448
3 1407 1448 1408
3 1408 1448 1449
3 1408 1449 1409
3 1409 1449 1450
3 1409 1450 1410
3 1410 1450 1451
3 1410 1451 1411
3 1411 1451 1452
3 1411 1452 1412
3 1412 1452 1453
3 1412 1453 1413
3 1413 1453 1454
3 1413 1454 1414
3 1414 1454 1455
3 1414 1455 1415
3 1415 1455 1456
3 1415 1456 1416
3 1416 1456 1457
3 1416 1457 1417
3 1417 1457 1458
3 1417 1458 1418
3 1418 1458 1459
3 1418 1459 1419
3 1419 1459 1460
3 1419 1460 1420
3 1420 1460 1461
3 1420 1461 1421
3 1421 1461 1462
3 1421 1462 1422
3 1422 1462 1463
3 1422 1463 1423
3 1423 1463 1464
3 1423 1464 1424
3 1424 1464 1465
3 1424 1465 1425
3 1425 1465 1466
3 1425 1466 1426
3 1426 1466 1467
3 1426 1467 1427
3 1427 1467 1468
3 1427 1468 1428
3 1428 1468 1469
3 1428 1469 1429
3 1429 1469 1470
3 1429 1470 1430
3 1430 1470 1471
3 1430 1471 1431
3 1431 1471 1472
3 1431 1472 1432
3 1432 1472 1473
3 1432 1473 1433
3 1433 1473 1474
3 1433 1474 1434
3 1434 1474 1475
3 1434 1475 1435
3 1435 1475 1476
3 1435 1476 1436
3 1436 1476 1477
3 1436 1477 1437
3 1437 1477 1478
3 1437 1478 1438
3 1438 1478 1479
3 1438 1479 1439
3 1439 1479 1440
3 1439 1440 1400
3 1440 1480 1481
3 1440 1481 1441
3 1441 1481 1482
3 1441 1482 1442
3 1442 1482 1483
3 1442 1483 1443
3 1443 1483 1484
3 1443 1484 1444
3 1444 1484 1485
3 1444 1485 1445
3 1445 1485 1486
3 1445 1486 1446
3 1446 1486 1487
3 1446 1487 1447
3 1447 1487 1488
3 1447 1488 1448
3 1448 1488 1489
3 1448 1489 1449
3 1449 1489 1490
3 1449 1490 1450
3 1450 1490 1491
3 1450 1491 1451
3 1451 1491 1492
3 1451 1492 1452
3 1452 1492 1493
3 1452 1493 1453
3 1453 1493 1494
3 1453 1494 1454
3 1454 1494 1495
3 1454 1495 1455
3 1455 1495 1496
3 1455 1496 1456
3 1456 1496 1497
3 1456 1497 1457
3 1457 1497 1498
3 1457 1498 1458
3 1458 1498 1499
3 1458 1499 1459
3 1459 1499 1500
3 1459 1500 1460
3 1460 1500 1501
3 1460 1501 1461
3 1461 1501 1502
3 1461 1502 1462
3 1462 1502 1503
3 1462 1503 1463
3 1463 1503 1504
3 1463 1504 1464
3 1464 1504 1505
3 1464 1505 1465
3 1465 1505 1506
3 1465 1506 1466
3 1466 1506 1507
3 1466 1507 1467
3 1467 1507 1508
3 1467 1508 1468
3 1468 1508 1509
3 1468 1509 1469
3 1469 1509 1510
3 1469 1510 1470
3 1470 1510 1511
3 1470 1511 1471
3 1471 1511 1512
3 1471 1512 1472
3 1472 1512 1513
3 1472 1513 1473
3 1473 1513 1514
3 1473 1514 1474
3 1474 1514 1515
3 1474 1515 1475
3 1475 1515 1516
3 1475 1516 1476
3 1476 1516 1517
3 1476 1517 1477
3 1477 1517 1518
3 1477 1518 1478
3 1478 1518 1519
3 1478 1519 1479
3 1479 1519 1480
3 1479 1480 1440
3 1480 1520 1521
3 1480 1521 1481
3 1481 1521 1522
3 1481 1522 1482
3 1482 1522 1523
3 1482 1523 1483
3 1483 1523 1524
3 1483 1524 1484
3 1484 1524 1525
3 1484 1525 1485
3 1485 1525 1526
3 1485 1526 1486
3 1486 1526 1527
3 1486 1527 1487
3 1487 1527 1528
3 1487 1528 1488
3 1488 1528 1529
3 1488 1529 1489
3 1489 1529 1530
3 1489 1530 1490
3 1490 1530 1531
3 1490 1531 1491
3 1491 1531 1532
3 1491 1532 1492
3 1492 1532 1533
3 1492 1533 1493
3 1493 1533 1534
3 1493 1534 1494
3 1494 1534 1535
3 1494 1535 1495
3 1495 1535 1536
3 1495 1536 1496
3 1496 1536 1537
3 1496 1537 1497
3 1497 1537 1538
3 1497 1538 1498
3 1498 1538 1539
3 1498 1539 1499
3 1499 1539 1540
3 1499 1540 1500
3 1500 1540 1541
3 1500 1541 1501
3 1501 1541 1542
3 1501 1542 1502
3 1502 1542 1543
3 1502 1543 1503
3 1503 1543 1544
3 1503 1544 1504
3 1504 1544 1545
3 1504 1545 1505
3 1505 1545 1546
3 1505 1546 1506
3 1506 1546 1547
3 1506 1547 1507
3 1507 1547 1548
3 1507 1548 1508
3 1508 1548 1549
3 1508 1549 1509
3 1509 1549 1550
3 1509 1550 1510
3 1510 1550 1551
3 1510 1551 1511
3 1511 1551 1552
3 1511 1552 1512
3 1512 1552 1553
3 1512 1553 1513
3 1513 1553 1554
3 1513 1554 1514
3 1514 1554 1555
3 1514 1555 1515
3 1515 1555 1556
3 1515 1556 1516
3 1516 1556 1557
3 1516 1557 1517
3 1517 1557 1558
3 1517 1558 1518
3 1518 1558 1559
3 1518 1559 1519
3 1519 1559 1520
3 1519 1520 1480
3 1520 1560 1561
3 1520 1561 1521
3 1521 1561 1562
3 1521 1562 1522
3 1522 1562 1563
3 1522 1563 1523
3 1523 1563 1564
3 1523 1564 1524
3 1524 1564 1565
3 1524 1565 1525
3 1525 1565 1566
3 1525 1566 1526
3 1526 1566 1567
3 1526 1567 1527
3 1527 1567 1568
3 1527 1568 1528
3 1528 1568 1569
3 1528 1569 1529
3 1529 1569 1570
3 1529 1570 1530
3 1530 1570 1571
3 1530 1571 1531
3 1531 1571 1572
3 1531 1572 1532
3 1532 1572 1573
3 1532 1573 1533
3 1533 1573 1574
3 1533 1574 1534
3 1534 1574 1575
3 1534 1575 1535
3 1535 1575 1576
3 1535 1576 1536
3 1536 1576 1577
3 1536 1577 1537
3 1537 1577 1578
3 1537 1578 1538
3 1538 1578 1579
3 1538 1579 1539
3 1539 1579 1580
3 1539 1580 1540
3 1540 1580 1581
3 1540 1581 1541
3 1541 1581 1582
3 1541 1582 1542
3 1542 1582 1583
3 1542 1583 1543
3 1543 1583 1584
3 1543 1584 1544
3 1544 1584 1585
3 1544 1585 1545
3 1545 1585 1586
3 1545 1586 1546
3 1546 1586 1587
3 1546 1587 1547
3 1547 1587 1588
3 1547 1588 1548
3 1548 1588 1589
3 1548 1589 1549
3 1549 1589 1590
3 1549 1590 1550
3 1550 1590 1591
3 1550 1591 1551
3 1551 1591 1592
3 1551 1592 1552
3 1552 1592 1593
3 1552 1593 1553
3 1553 1593 1594
3 1553 1594 1554
3 1554 1594 1595
3 1554 1595 1555
3 1555 1595 1596
3 1555 1596 1556
3 1556 1596 1597
3 1556 1597 1557
3 1557 1597 1598
3 1557 1598 1558
3 1558 1598 1599
3 1558 1599 1559
3 1559 1599 1560
3 1559 1560 1520
3 1560 1600 1601
3 1560 1601 1561
3 1561 1601 1602
3 1561 1602 1562
3 1562 1602 1603
3 1562 1603 1563
3 1563 1603 1604
3 1563 1604 1564
3 1564 1604 1605
3 1564 1605 1565
3 1565 1605 1606
3 1565 1606 1566
3 1566 1606 1607
3 1566 1607 1567
3 1567 1607 1608
3 1567 1608 1568
3 1568 1608 1609
3 1568 1609 1569
3 1569 1609 1610
3 1569 1610 1570
3 1570 1610 1611
3 1570 1611 1571
3 1571 1611 1612
3 1571 1612 1572
3 1572 1612 1613
3 1572 1613 1573
3 1573 1613 1614
3 1573 1614 1574
3 1574 1614 1615
3 1574 1615 1575
3 1575 1615 1616
3 1575 1616 1576
3 1576 1616 1617
3 1576 1617 1577
3 1577 1617 1618
3 1577 1618 1578
3 1578 1618 1619
3 1578 1619 1579
3 1579 1619 1620
3 1579 1620 1580
3 1580 1620 1621
3 1580 1621 1581
3 1581 1621 1622
3 1581 1622 1582
3 1582 1622 1623
3 1582 1623 1583
3 1583 1623 1624
3 1583 1624 1584
3 1584 1624 1625
3 1584 1625 1585
3 1585 1625 1626
3 1585 1626 1586
3 1586 1626 1627
3 1586 1627 1587
3 1587 1627 1628
3 1587 1628 1588
3 1588 1628 1629
3 1588 1629 1589
3 1589 1629 1630
3 1589 1630 1590
3 1590 1630 1631
3 1590 1631 1591
3 1591 1631 1632
3 1591 1632 1592
3 1592 1632 1633
3 1592 1633 1593
3 1593 1633 1634
3 1593 1634 1594
3 1594 1634 1635
3 1594 1635 1595
3 1595 1635 1636
3 1595 1636 1596
3 1596 1636 1637
3 1596 1637 1597
3 1597 1637 1638
3 1597 1638 1598
3 1598 1638 1639
3 1598 1639 1599
3 1599 1639 1600
3 1599 1600 1560
3 1600 1640 1641
3 1600 1641 1601
3 1601 1641 1642
3 1601 1642 1602
3 1602 1642 1643
3 1602 1643 1603
3 1603 1643 1644
3 1603 1644 1604
3 1604 1644 1645
3 1604 1645 1605
3 1605 1645 1646
3 1605 1646 1606
3 1606 1646 1647
3 1606 1647 1607
3 1607 1647 1648
3 1607 1648 1608
3 1608 1648 1649
3 1608 1649 1609
3 1609 1649 1650
3 1609 1650 1610
3 1610 1650 1651
3 1610 1651 1611
3 1611 1651 1652
3 1611 1652 1612
3 1612 1652 1653
3 1612 1653 1613
3 1613 1653 1654
3 1613 1654 1614
3 1614 1654 1655
3 1614 1655 1615
3 1615 1655 1656
3 1615 1656 1616
3 1616 1656 1657
3 1616 1657 1617
3 1617 1657 1658
3 1617 1658 1618
3 1618 1658 1659
3 1618 1659 1619
3 1619 1659 1660
3 1619 1660 1620
3 1620 1660 1661
3 1620 1661 1621
3 1621 1661 1662
3 1621 1662 1622
3 1622 1662 1663
3 1622 1663 1623
3 1623 1663 1664
3 1623 1664 1624
3 1624 1664 1665
3 1624 1665 1625
3 1625 1665 1666
3 1625 1666 1626
3 1626 1666 1667
3 1626 1667 1627
3 1627 1667 1668
3 1627 1668 1628
3 1628 1668 1669
3 1628 1669 1629
3 1629 1669 1670
3 1629 1670 1630
3 1630 1670 1671
3 1630 1671 1631
3 1631 1671 1672
3 1631 1672 1632
3 1632 1672 1673
3 1632 1673 1633
3 1633 1673 1674
3 1633 1674 1634
3 1634 1674 1675
3 1634 1675 1635
3 1635 1675 1676
3 1635 1676 1636
3 1636 1676 1677
3 1636 1677 1637
3 1637 1677 1678
3 1637 1678 1638
3 1638 1678 1679
3 1638 1679 1639
3 1639 1679 1640
3 1639 1640 1600
3 1640 1680 1681
3 1640 1681 1641
3 1641 1681 1682
3 1641 1682 1642
3 1642 1682 1683
3 1642 1683 1643
3 1643 1683 1684
3 1643 1684 1644
3 1644 1684 1685
3 1644 1685 1645
3 1645 1685 1686
3 1645 1686 1646
3 1646 1686 1687
3 1646 1687 1647
3 1647 1687 1688
3 1647 1688 1648
3 1648 1688 1689
3 1648 1689 1649
3 1649 1689 1690
3 1649 1690 1650
3 1650 1690 1691
3 1650 1691 1651
3 1651 1691 1692
3 1651 1692 1652
3 1652 1692 1693
3 1652 1693 1653
3 1653 1693 1694
3 1653 1694 1654
3 1654 1694 1695
3 1654 1695 1655
3 1655 1695 1696
3 1655 1696 1656
3 1656 1696 1697
3 1656 1697 1657
3 1657 1697 1698
3 1657 1698 1658
3 1658 1698 1699
3 1658 1699 1659
3 1659 1699 1700
3 1659 1700 1660
3 1660 1700 1701
3 1660 1701 1661
3 1661 1701 1702
3 1661 1702 1662
3 1662 1702 1703
3 1662 1703 1663
3 1663 1703 1704
3 1663 1704 1664
3 1664 1704 1705
3 1664 1705 1665
3 1665 1705 1706
3 1665 1706 1666
3 1666 1706 1707
3 1666 1707 1667
3 1667 1707 1708
3 1667 1708 1668
3 1668 1708 1709
3 1668 1709 1669
3 1669 1709 1710
3 1669 1710 1670
3 1670 1710 1711
3 1670 1711 1671
3 1671 1711 1712
3 1671 1712 1672
3 1672 1712 1713
3 1672 1713 1673
3 1673 1713 1714
3 1673 1714 1674
3 1674 1714 1715
3 1674 1715 1675
3 1675 1715 1716
3 1675 1716 1676
3 1676 1716 1717
3 1676 1717 1677
3 1677 1717 1718
3 1677 1718 1678
3 1678 1718 1719
3 1678 1719 1679
3 1679 1719 1680
3 1679 1680 1640
3 1680 1720 1721
3 1680 1721 1681
3 1681 1721 1722
3 1681 1722 1682
3 1682 1722 1723
3 1682 1723 1683
3 1683 1723 1724
3 1683 1724 1684
3 1684 1724 1725
3 1684 1725 1685
3 1685 1725 1726
3 1685 1726 1686
3 1686 1726 1727
3 1686 1727 1687
3 1687 1727 1728
3 1687 1728 1688
3 1688 1728 1729
3 1688 1729 1689
3 1689 1729 1730
3 1689 1730 1690
3 1690 1730 1731
3 1690 1731 1691
3 1691 1731 1732
3 1691 1732 1692
3 1692 1732 1733
3 1692 1733 1693
3 1693 1733 1734
3 1693 1734 1694
3 1694 1734 1735
3 1694 1735 1695
3 1695 1735 1736
3 1695 1736 1696
3 1696 1736 1737
3 1696 1737 1697
3 1697 1737 1738
3 1697 1738 1698
3 1698 1738 1739
3 1698 1739 1699
3 1699 1739 1740
3 1699 1740 1700
3 1700 1740 1741
3 1700 1741 1701
3 1701 1741 1742
3 1701 1742 1702
3 1702 1742 1743
3 1702 1743 1703
3 1703 1743 1744
3 1703 1744 1704
3 1704 1744 1745
3 1704 1745 1705
3 1705 1745 1746
3 1705 1746 1706
3 1706 1746 1747
3 1706 1747 1707
3 1707 1747 1748
3 1707 1748 1708
3 1708 1748 1749
3 1708 1749 1709
3 1709 1749 1750
3 1709 1750 1710
3 1710 1750 1751
3 1710 1751 1711
3 1711 1751 1752
3 1711 1752 1712
3 1712 1752 1753
3 1712 1753 1713
3 1713 1753 1754
3 1713 1754 1714
3 1714 1754 1755
3 1714 1755 1715
3 1715 1755 1756
3 1715 1756 1716
3 1716 1756 1757
3 1716 1757 1717
3 1717 1757 1758
3 1717 1758 1718
3 1718 1758 1759
3 1718 1759 1719
3 1719 1759 1720
3 1719 1720 1680
3 1720 1760 1761
3 1720 1761 1721
3 1721 1761 1762
3 1721 1762 1722
3 1722 1762 1763
3 1722 1763 1723
3 1723 1763 1764
3 1723 1764 1724
3 1724 1764 1765
3 1724 1765 1725
3 1725 1765 1766
3 1725 1766 1726
3 1726 1766 1767
3 1726 1767 1727
3 1727 1767 1768
3 1727 1768 1728
3 1728 1768 1769
3 1728 1769 1729
3 1729 1769 1770
3 1729 1770 1730
3 1730 1770 1771
3 1730 1771 1731
3 1731 1771 1772
3 1731 1772 1732
3 1732 1772 1773
3 1732 1773 1733
3 1733 1773 1774
3 1733 1774 1734
3 1734 1774 1775
3 1734 1775 1735
3 1735 1775 1776
3 1735 1776 1736
3 1736 1776 1777
3 1736 1777 1737
3 1737 1777 1778
3 1737 1778 1738
3 1738 1778 1779
3 1738 1779 1739
3 1739 1779 1780
3 1739 1780 1740
3 1740 1780 1781
3 1740 1781 1741
3 1741 1781 1782
3 1741 1782 1742
3 1742 1782 1783
3 1742 1783 1743
3 1743 1783 1784
3 1743 1784 1744
3 1744 1784 1785
3 1744 1785 1745
3 1745 1785 1786
3 1745 1786 1746
3 1746 1786 1787
3 1746 1787 1747
3 1747 1787 1788
3 1747 1788 1748
3 1748 1788 1789
3 1748 1789 1749
3 1749 1789 1790
3 1749 1790 1750
3 1750 1790 1791
3 1750 1791 1751
3 1751 1791 1792
3 1751 1792 1752
3 1752 1792 1793
3 1752 1793 1753
3 1753 1793 1794
3 1753 1794 1754
3 1754 1794 1795
3 1754 1795 1755
3 1755 1795 1796
3 1755 1796 1756
3 1756 1796 1797
3 1756 1797 1757
3 1757 1797 1798
3 1757 1798 1758
3 1758 1798 1799
3 1758 1799 1759
3 1759 1799 1760
3 1759 1760 1720
3 1760 1800 1801
3 1760 1801 1761
3 1761 1801 1802
3 1761 1802 1762
3 1762 1802 1803
3 1762 1803 1763
3 1763 1803 1804
3 1763 1804 1764
3 1764 1804 1805
3 1764 1805 1765
3 1765 1805 1806
3 1765 1806 1766
3 1766 1806 1807
3 1766 1807 1767
3 1767 1807 1808
3 1767 1808 1768
3 1768 1808 1809
3 1768 1809 1769
3 1769 1809 1810
3 1769 1810 1770
3 1770 1810 1811
3 1770 1811 1771
3 1771 1811 1812
3 1771 1812 1772
3 1772 1812 1813
3 1772 1813 1773
3 1773 1813 1814
3 1773 1814 1774
3 1774 1814 1815
3 1774 1815 1775
3 1775 1815 1816
3 1775 1816 1776
3 1776 1816 1817
3 1776 1817 1777
3 1777 1817 1818
3 1777 1818 1778
3 1778 1818 1819
3 1778 1819 1779
3 1779 1819 1820
3 1779 1820 1780
3 1780 1820 1821
3 1780 1821 1781
3 1781 1821 1822
3 1781 1822 1782
3 1782 1822 1823
3 1782 1823 1783
3 1783 1823 1824
3 1783 1824 1784
3 1784 1824 1825
3 1784 1825 1785
3 1785 1825 1826
3 1785 1826 1786
3 1786 1826 1827
3 1786 1827 1787
3 1787 1827 1828
3 1787 1828 1788
3 1788 1828 1829
3 1788 1829 1789
3 1789 1829 1830
3 1789 1830 1790
3 1790 1830 1831
3 1790 1831 1791
3 1791 1831 1832
3 1791 1832 1792
3 1792 1832 1833
3 1792 1833 1793
3 1793 1833 1834
3 1793 1834 1794
3 1794 1834 1835
3 1794 1835 1795
3 1795 1835 1836
3 1795 1836 1796
3 1796 1836 1837
3 1796 1837 1797
3 1797 1837 1838
3 1797 1838 1798
3 1798 1838 1839
3 1798 1839 1799
3 1799 1839 1800
3 1799 1800 1760
3 1800 1840 1841
3 1800 1841 1801
3 1801 1841 1842
3 1801 1842 1802
3 1802 1842 1843
3 1802 1843 1803
3 1803 1843 1844
3 1803 1844 1804
3 1804 1844 1845
3 1804 1845 1805
3 1805 1845 1846
3 1805 1846 1806
3 1806 1846 1847
3 1806 1847 1807
3 1807 1847 1848
3 1807 1848 1808
3 1808 1848 1849
3 1808 1849 1809
3 1809 1849 1850
3 1809 1850 1810
3 1810 1850 1851
3 1810 1851 1811
3 1811 1851 1852
3 1811 1852 1812
3 1812 1852 1853
3 1812 1853 1813
3 1813 1853 1854
3 1813 1854 1814
3 1814 1854 1855
3 1814 1855 1815
3 1815 1855 1856
3 1815 1856 1816
3 1816 1856 1857
3 1816 1857 1817
3 1817 1857 1858
3 1817 1858 1818
3 1818 1858 1859
3 1818 1859 1819
3 1819 1859 1860
3 1819 1860 1820
3 1820 1860 1861
3 1820 1861 1821
3 1821 1861 1862
3 1821 1862 1822
3 1822 1862 1863
3 1822 1863 1823
3 1823 1863 1864
3 1823 1864 1824
3 1824 1864 1865
3 1824 1865 1825
3 1825 1865 1866
3 1825 1866 1826
3 1826 1866 1867
3 1826 1867 1827
3 1827 1867 1868
3 1827 1868 1828
3 1828 1868 1869
3 1828 1869 1829
3 1829 1869 1870
3 1829 1870 1830
3 1830 1870 1871
3 1830 1871 1831
3 1831 1871 1872
3 1831 1872 1832
3 1832 1872 1873
3 1832 1873 1833
3 1833 1873 1874
3 1833 1874 1834
3 1834 1874 1875
3 1834 1875 1835
3 1835 1875 1876
3 1835 1876 1836
3 1836 1876 1877
3 1836 1877 1837
3 1837 1877 1878
3 1837 1878 1838
3 1838 1878 1879
3 1838 1879 1839
3 1839 1879 1840
3 1839 1840 1800
3 1840 1880 1881
3 1840 1881 1841
3 1841 1881 1882
3 1841 1882 1842
3 1842 1882 1883
3 1842 1883 1843
3 1843 1883 1884
3 1843 1884 1844
3 1844 1884 1885
3 1844 1885 1845
3 1845 1885 1886
3 1845 1886 1846
3 1846 1886 1887
3 1846 1887 1847
3 1847 1887 1888
3 1847 1888 1848
3 1848 1888 1889
3 1848 1889 1849
3 1849 1889 1890
3 1849 1890 1850
3 1850 1890 1891
3 1850 1891 1851
3 1851 1891 1892
3 1851 1892 1852
3 1852 1892 1893
3 1852 1893 1853
3 1853 1893 1894
3 1853 1894 1854
3 1854 1894 1895
3 1854 1895 1855
3 1855 1895 1896
3 1855 1896 1856
3 1856 1896 1897
3 1856 1897 1857
3 1857 1897 1898
3 1857 1898 1858
3 1858 1898 1899
3 1858 1899 1859
3 1859 1899 1900
3 1859 1900 1860
3 1860 1900 1901
3 1860 1901 1861
3 1861 1901 1902
3 1861 1902 1862
3 1862 1902 1903
3 1862 1903 1863
3 1863 1903 1904
3 1863 1904 1864
3 1864 1904 1905
3 1864 1905 1865
3 1865 1905 1906
3 1865 1906 1866
3 1866 1906 1907
3 1866 1907 1867
3 1867 1907 1908
3 1867 1908 1868
3 1868 1908 1909
3 1868 1909 1869
3 1869 1909 1910
3 1869 1910 1870
3 1870 1910 1911
3 1870 1911 1871
3 1871 1911 1912
3 1871 1912 1872
3 1872 1912 1913
3 1872 1913 1873
3 1873 1913 1914
3 1873 1914 1874
3 1874 1914 1915
3 1874 1915 1875
3 1875 1915 1916
3 1875 1916 1876
3 1876 1916 1917
3 1876 1917 1877
3 1877 1917 1918
3 1877 1918 1878
3 1878 1918 1919
3 1878 1919 1879
3 1879 1919 1880
3 1879 1880 1840
3 1880 1920 1921
3 1880 1921 1881
3 1881 1921 1922
3 1881 1922 1882
3 1882 1922 1923
3 1882 1923 1883
3 1883 1923 1924
3 1883 1924 1884
3 1884 1924 1925
3 1884 1925 1885
3 1885 1925 1926
3 1885 1926 1886
3 1886 1926 1927
3 1886 1927 1887
3 1887 1927 1928
3 1887 1928 1888
3 1888 1928 1929
3 1888 1929 1889
3 1889 1929 1930
3 1889 1930 1890
3 1890 1930 1931
3 1890 1931 1891
3 1891 1931 1932
3 1891 1932 1892
3 1892 1932 1933
3 1892 1933 1893
3 1893 1933 1934
3 1893 1934 1894
3 1894 1934 1935
3 1894 1935 1895
3 1895 1935 1936
3 1895 1936 1896
3 1896 1936 1937
3 1896 1937 1897
3 1897 1937 1938
3 1897 1938 1898
3 1898 1938 1939
3 1898 1939 1899
3 1899 1939 1940
3 1899 1940 1900
3 1900 1940 1941
3 1900 1941 1901
3 1901 1941 1942
3 1901 1942 1902
3 1902 1942 1943
3 1902 1943 1903
3 1903 1943 1944
3 1903 1944 1904
3 1904 1944 1945
3 1904 1945 1905
3 1905 1945 1946
3 1905 1946 1906
3 1906 1946 1947
3 1906 1947 1907
3 1907 1947 1948
3 1907 1948 1908
3 1908 1948 1949
3 1908 1949 1909
3 1909 1949 1950
3 1909 1950 1910
3 1910 1950 1951
3 1910 1951 1911
3 1911 1951 1952
3 1911 1952 1912
3 1912 1952 1953
3 1912 1953 1913
3 1913 1953 1954
3 1913 1954 1914
3 1914 1954 1955
3 1914 1955 1915
3 1915 1955 1956
3 1915 1956 1916
3 1916 1956 1957
3 1916 1957 1917
3 1917 1957 1958
3 1917 1958 1918
3 1918 1958 1959
3 1918 1959 1919
3 1919 1959 1920
3 1919 1920 1880
3 1920 1960 1961
3 1920 1961 1921
3 1921 1961 1962
3 1921 1962 1922
3 1922 1962 1963
3 1922 1963 1923
3 1923 1963 1964
3 1923 1964 1924
3 1924 1964 1965
3 1924 1965 1925
3 1925 1965 1966
3 1925 1966 1926
3 1926 1966 1967
3 1926 1967 1927
3 1927 1967 1968
3 1927 1968 1928
3 1928 1968 1969
3 1928 1969 1929
3 1929 1969 1970
3 1929 1970 1930
3 1930 1970 1971
3 1930 1971 1931
3 1931 1971 1972
3 1931 1972 1932
3 1932 1972 1973
3 1932 1973 1933
3 1933 1973 1974
3 1933 1974 1934
3 1934 1974 1975
3 1934 1975 1935
3 1935 1975 1976
3 1935 1976 1936
3 1936 1976 1977
3 1936 1977 1937
3 1937 1977 1978
3 1937 1978 1938
3 1938 1978 1979
3 1938 1979 1939
3 1939 1979 1980
3 1939 1980 1940
3 1940 1980 1981
3 1940 1981 1941
3 1941 1981 1982
3 1941 1982 1942
3 1942 1982 1983
3 1942 1983 1943
3 1943 1983 1984
3 1943 1984 1944
3 1944 1984 1985
3 1944 1985 1945
3 1945 1985 1986
3 1945 1986 1946
3 1946 1986 1987
3 1946 1987 1947
3 1947 1987 1988
3 1947 1988 1948
3 1948 1988 1989
3 1948 1989 1949
3 1949 1989 1990
3 1949 1990 1950
3 1950 1990 1991
3 1950 1991 1951
3 1951 1991 1992
3 1951 1992 1952
3 1952 1992 1993
3 1952 1993 1953
3 1953 1993 1994
3 1953 1994 1954
3 1954 1994 1995
3 1954 1995 1955
3 1955 1995 1996
3 1955 1996 1956
3 1956 1996 1997
3 1956 1997 1957
3 1957 1997 1998
3 1957 1998 1958
3 1958 1998 1999
3 1958 1999 1959
3 1959 1999 1960
3 1959 1960 1920
3 1960 2000 2001
3 1960 2001 1961
3 1961 2001 2002
3 1961 2002 1962
3 1962 2002 2003
3 1962 2003 1963
3 1963 2003 2004
3 1963 2004 1964
3 1964 2004 2005
3 1964 2005 1965
3 1965 2005 2006
3 1965 2006 1966
3 1966 2006 2007
3 1966 2007 1967
3 1967 2007 2008
3 1967 2008 1968
3 1968 2008 2009
3 1968 2009 1969
3 1969 2009 2010
3 1969 2010 1970
3 1970 2010 2011
3 1970 2011 1971
3 1971 2011 2012
3 1971 2012 1972
3 1972 2012 2013
3 1972 2013 1973
3 1973 2013 2014
3 1973 2014 1974
3 1974 2014 2015
3 1974 2015 1975
3 1975 2015 2016
3 1975 2016 1976
3 1976 2016 2017
3 1976 2017 1977
3 1977 2017 2018
3 1977 2018 1978
3 1978 2018 2019
3 1978 2019 1979
3 1979 2019 2020
3 1979 2020 1980
3 1980 2020 2021
3 1980 2021 1981
3 1981 2021 2022
3 1981 2022 1982
3 1982 2022 2023
3 1982 2023 1983
3 1983 2023 2024
3 1983 2024 1984
3 1984 2024 2025
3 1984 2025 1985
3 1985 2025 2026
3 1985 2026 1986
3 1986 2026 2027
3 1986 2027 1987
3 1987 2027 2028
3 1987 2028 1988
3 1988 2028 2029
3 1988 2029 1989
3 1989 2029 2030
3 1989 2030 1990
3 1990 2030 2031
3 1990 2031 1991
3 1991 2031 2032
3 1991 2032 1992
3 1992 2032 2033
3 1992 2033 1993
3 1993 2033 2034
3 1993 2034 1994
3 1994 2034 2035
3 1994 2035 1995
3 1995 2035 2036
3 1995 2036 1996
3 1996 2036 2037
3 1996 2037 1997
3 1997 2037 2038
3 1997 2038 1998
3 1998 2038 2039
3 1998 2039 1999
3 1999 2039 2000
3 1999 2000 1960
3 2000 2040 2041
3 2000 2041 2001
3 2001 2041 2042
3 2001 2042 2002
3 2002 2042 2043
3 2002 2043 2003
3 2003 2043 2044
3 2003 2044 2004
3 2004 2044 2045
3 2004 2045 2005
3 2005 2045 2046
3 2005 2046 2006
3 2006 2046 2047
3 2006 2047 2007
3 2007 2047 2048
3 2007 2048 2008
3 2008 2048 2049
3 2008 2049 2009
3 2009 2049 2050
3 2009 2050 2010
3 2010 2050 2051
3 2010 2051 2011
3 2011 2051 2052
3 2011 2052 2012
3 2012 2052 2053
3 2012 2053 2013
3 2013 2053 2054
3 2013 2054 2014
3 2014 2054 2055
3 2014 2055 2015
3 2015 2055 2056
3 2015 2056 2016
3 2016 2056 2057
3 2016 2057 2017
3 2017 2057 2058
3 2017 2058 2018
3 2018 2058 2059
3 2018 2059 2019
3 2019 2059 2060
3 2019 2060 2020
3 2020 2060 2061
3 2020 2061 2021
3 2021 2061 2062
3 2021 2062 2022
3 2022 2062 2063
3 2022 2063 2023
3 2023 2063 2064
3 2023 2064 2024
3 2024 2064 2065
3 2024 2065 2025
3 2025 2065 2066
3 2025 2066 2026
3 2026 2066 2067
3 2026 2067 2027
3 2027 2067 2068
3 2027 2068 2028
3 2028 2068 2069
3 2028 2069 2029
3 2029 2069 2070
3 2029 2070 2030
3 2030 2070 2071
3 2030 2071 2031
3 2031 2071 2072
3 2031 2072 2032
3 2032 2072 2073
3 2032 2073 2033
3 2033 2073 2074
3 2033 2074 2034
3 2034 2074 2075
3 2034 2075 2035
3 2035 2075 2076
3 2035 2076 2036
3 2036 2076 2077
3 2036 2077 2037
3 2037 2077 2078
3 2037 2078 2038
3 2038 2078 2079
3 2038 2079 2039
3 2039 2079 2040
3 2039 2040 2000
3 2040 2080 2081
3 2040 2081 2041
3 2041 2081 2082
3 2041 2082 2042
3 2042 2082 2083
3 2042 2083 2043
3 2043 2083 2084
3 2043 2084 2044
3 2044 2084 2085
3 2044 2085 2045
3 2045 2085 2086
3 2045 2086 2046
3 2046 2086 2087
3 2046 2087 2047
3 2047 2087 2088
3 2047 2088 2048
3 2048 2088 2089
3 2048 2089 2049
3 2049 2089 2090
3 2049 2090 2050
3 2050 2090 2091
3 2050 2091 2051
3 2051 2091 2092
3 2051 2092 2052
3 2052 2092 2093
3 2052 2093 2053
3 2053 2093 2094
3 2053 2094 2054
3 2054 2094 2095
3 2054 2095 2055
3 2055 2095 2096
3 2055 2096 2056
3 2056 2096 2097
3 2056 2097 2057
3 2057 2097 2098
3 2057 2098 2058
3 2058 2098 2099
3 2058 2099 2059
3 2059 2099 2100
3 2059 2100 2060
3 2060 2100 2101
3 2060 2101 2061
3 2061 2101 2102
3 2061 2102 2062
3 2062 2102 2103
3 2062 2103 2063
3 2063 2103 2104
3 2063 2104 2064
3 2064 2104 2105
3 2064 2105 2065
3 2065 2105 2106
3 2065 2106 2066
3 2066 2106 2107
3 2066 2107 2067
3 2067 2107 2108
3 2067 2108 2068
3 2068 2108 2109
3 2068 2109 2069
3 2069 2109 2110
3 2069 2110 2070
3 2070 2110 2111
3 2070 2111 2071
3 2071 2111 2112
3 2071 2112 2072
3 2072 2112 2113
3 2072 2113 2073
3 2073 2113 2114
3 2073 2114 2074
3 2074 2114 2115
3 2074 2115 2075
3 2075 2115 2116
3 2075 2116 2076
3 2076 2116 2117
3 2076 2117 2077
3 2077 2117 2118
3 2077 2118 2078
3 2078 2118 2119
3 2078 2119 2079
3 2079 2119 2080
3 2079 2080 2040
3 2080 2120 2121
3 2080 2121 2081
3 2081 2121 2122
3 2081 2122 2082
3 2082 2122 2123
3 2082 2123 2083
3 2083 2123 2124
3 2083 2124 2084
3 2084 2124 2125
3 2084 2125 2085
3 2085 2125 2126
3 2085 2126 2086
3 2086 2126 2127
3 2086 2127 2087
3 2087 2127 2128
3 2087 2128 2088
3 2088 2128 2129
3 2088 2129 2089
3 2089 2129 2130
3 2089 2130 2090
3 2090 2130 2131
3 2090 2131 2091
3 2091 2131 2132
3 2091 2132 2092
3 2092 2132 2133
3 2092 2133 2093
3 2093 2133 2134
3 2093 2134 2094
3 2094 2134 2135
3 2094 2135 2095
3 2095 2135 2136
3 2095 2136 2096
3 2096 2136 2137
3 2096 2137 2097
3 2097 2137 2138
3 2097 2138 2098
3 2098 2138 2139
3 2098 2139 2099
3 2099 2139 2140
3 2099 2140 2100
3 2100 2140 2141
3 2100 2141 2101
3 2101 2141 2142
3 2101 2142 2102
3 2102 2142 2143
3 2102 2143 2103
3 2103 2143 2144
3 2103 2144 2104
3 2104 2144 2145
3 2104 2145 2105
3 2105 2145 2146
3 2105 2146 2106
3 2106 2146 2147
3 2106 2147 2107
3 2107 2147 2148
3 2107 2148 2108
3 2108 2148 2149
3 2108 2149 2109
3 2109 2149 2150
3 2109 2150 2110
3 2110 2150 2151
3 2110 2151 2111
3 2111 2151 2152
3 2111 2152 2112
3 2112 2152 2153
3 2112 2153 2113
3 2113 2153 2154
3 2113 2154 2114
3 2114 2154 2155
3 2114 2155 2115
3 2115 2155 2156
3 2115 2156 2116
3 2116 2156 2157
3 2116 2157 2117
3 2117 2157 2158
3 2117 2158 2118
3 2118 2158 2159
3 2118 2159 2119
3 2119 2159 2120
3 2119 2120 2080
3 2120 2160 2161
3 2120 2161 2121
3 2121 2161 2162
3 2121 2162 2122
3 2122 2162 2163
3 2122 2163 2123
3 2123 2163 2164
3 2123 2164 2124
3 2124 2164 2165
3 2124 2165 2125
3 2125 2165 2166
3 2125 2166 2126
3 2126 2166 2167
3 2126 2167 2127
3 2127 2167 2168
3 2127 2168 2128
3 2128 2168 2169
3 2128 2169 2129
3 2129 2169 2170
3 2129 2170 2130
3 2130 2170 2171
3 2130 2171 2131
3 2131 2171 2172
3 2131 2172 2132
3 2132 2172 2173
3 2132 2173 2133
3 2133 2173 2174
3 2133 2174 2134
3 2134 2174 2175
3 2134 2175 2135
3 2135 2175 2176
3 2135 2176 2136
3 2136 2176 2177
3 2136 2177 2137
3 2137 2177 2178
3 2137 2178 2138
3 2138 2178 2179
3 2138 2179 2139
3 2139 2179 2180
3 2139 2180 2140
3 2140 2180 2181
3 2140 2181 2141
3 2141 2181 2182
3 2141 2182 2142
3 2142 2182 2183
3 2142 2183 2143
3 2143 2183 2184
3 2143 2184 2144
3 2144 2184 2185
3 2144 2185 2145
3 2145 2185 2186
3 2145 2186 2146
3 2146 2186 2187
3 2146 2187 2147
3 2147 2187 2188
3 2147 2188 2148
3 2148 2188 2189
3 2148 2189 2149
3 2149 2189 2190
3 2149 2190 2150
3 2150 2190 2191
3 2150 2191 2151
3 2151 2191 2192
3 2151 2192 2152
3 2152 2192 2193
3 2152 2193 2153
3 2153 2193 2194
3 2153 2194 2154
3 2154 2194 2195
3 2154 2195 2155
3 2155 2195 2196
3 2155 2196 2156
3 2156 2196 2197
3 2156 2197 2157
3 2157 2197 2198
3 2157 2198 2158
3 2158 2198 2199
3 2158 2199 2159
3 2159 2199 2160
3 2159 2160 2120
3 2160 2200 2201
3 2160 2201 2161
3 2161 2201 2202
3 2161 2202 2162
3 2162 2202 2203
3 2162 2203 2163
3 2163 2203 2204
3 2163 2204 2164
3 2164 2204 2205
3 2164 2205 2165
3 2165 2205 2206
3 2165 2206 2166
3 2166 2206 2207
3 2166 2207 2167
3 2167 2207 2208
3 2167 2208 2168
3 2168 2208 2209
3 2168 2209 2169
3 2169 2209 2210
3 2169 2210 2170
3 2170 2210 2211
3 2170 2211 2171
3 2171 2211 2212
3 2171 2212 2172
3 2172 2212 2213
3 2172 2213 2173
3 2173 2213 2214
3 2173 2214 2174
3 2174 2214 2215
3 2174 2215 2175
3 2175 2215 2216
3 2175 2216 2176
3 2176 2216 2217
3 2176 2217 2177
3 2177 2217 2218
3 2177 2218 2178
3 2178 2218 2219
3 2178 2219 2179
3 2179 2219 2220
3 2179 2220 2180
3 2180 2220 2221
3 2180 2221 2181
3 2181 2221 2222
3 2181 2222 2182
3 2182 2222 2223
3 2182 2223 2183
3 2183 2223 2224
3 2183 2224 2184
3 2184 2224 2225
3 2184 2225 2185
3 2185 2225 2226
3 2185 2226 2186
3 2186 2226 2227
3 2186 2227 2187
3 2187 2227 2228
3 2187 2228 2188
3 2188 2228 2229
3 2188 2229 2189
3 2189 2229 2230
3 2189 2230 2190
3 2190 2230 2231
3 2190 2231 2191
3 2191 2231 2232
3 2191 2232 2192
3 2192 2232 2233
3 2192 2233 2193
3 2193 2233 2234
3 2193 2234 2194
3 2194 2234 2235
3 2194 2235 2195
3 2195 2235 2236
3 2195 2236 2196
3 2196 2236 2237
3 2196 2237 2197
3 2197 2237 2238
3 2197 2238 2198
3 2198 2238 2239
3 2198 2239 2199
3 2199 2239 2200
3 2199 2200 2160
3 2200 2240 2241
3 2200 2241 2201
3 2201 2241 2242
3 2201 2242 2202
3 2202 2242 2243
3 2202 2243 2203
3 2203 2243 2244
3 2203 2244 2204
3 2204 2244 2245
3 2204 2245 2205
3 2205 2245 2246
3 2205 2246 2206
3 2206 2246 2247
3 2206 2247 2207
3 2207 2247 2248
3 2207 2248 2208
3 2208 2248 2249
3 2208 2249 2209
3 2209 2249 2250
3 2209 2250 2210
3 2210 2250 2251
3 2210 2251 2211
3 2211 2251 2252
3 2211 2252 2212
3 2212 2252 2253
3 2212 2253 2213
3 2213 2253 2254
3 2213 2254 2214
3 2214 2254 2255
3 2214 2255 2215
3 2215 2255 2256
3 2215 2256 2216
3 2216 2256 2257
3 2216 2257 2217
3 2217 2257 2258
3 2217 2258 2218
3 2218 2258 2259
3 2218 2259 2219
3 2219 2259 2260
3 2219 2260 2220
3 2220 2260 2261
3 2220 2261 2221
3 2221 2261 2262
3 2221 2262 2222
3 2222 2262 2263
3 2222 2263 2223
3 2223 2263 2264
3 2223 2264 2224
3 2224 2264 2265
3 2224 2265 2225
3 2225 2265 2266
3 2225 2266 2226
3 2226 2266 2267
3 2226 2267 2227
3 2227 2267 2268
3 2227 2268 2228
3 2228 2268 2269
3 2228 2269 2229
3 2229 2269 2270
3 2229 2270 2230
3 2230 2270 2271
3 2230 2271 2231
3 2231 2271 2272
3 2231 2272 2232
3 2232 2272 2273
3 2232 2273 2233
3 2233 2273 2274
3 2233 2274 2234
3 2234 2274 2275
3 2234 2275 2235
3 2235 2275 2276
3 2235 2276 2236
3 2236 2276 2277
3 2236 2277 2237
3 2237 2277 2278
3 2237 2278 2238
3 2238 2278 2279
3 2238 2279 2239
3 2239 2279 2240
3 2239 2240 2200
3 2240 2280 2281
3 2240 2281 2241
3 2241 2281 2282
3 2241 2282 2242
3 2242 2282 2283
3 2242 2283 2243
3 2243 2283 2284
3 2243 2284 2244
3 2244 2284 2285
3 2244 2285 2245
3 2245 2285 2286
3 2245 2286 2246
3 2246 2286 2287
3 2246 2287 2247
3 2247 2287 2288
3 2247 2288 2248
3 2248 2288 2289
3 2248 2289 2249
3 2249 2289 2290
3 2249 2290 2250
3 2250 2290 2291
3 2250 2291 2251
3 2251 2291 2292
3 2251 2292 2252
3 2252 2292 2293
3 2252 2293 2253
3 2253 2293 2294
3 2253 2294 2254
3 2254 2294 2295
3 2254 2295 2255
3 2255 2295 2296
3 2255 2296 2256
3 2256 2296 2297
3 2256 2297 2257
3 2257 2297 2298
3 2257 2298 2258
3 2258 2298 2299
3 2258 2299 2259
3 2259 2299 2300
3 2259 2300 2260
3 2260 2300 2301
3 2260 2301 2261
3 2261 2301 2302
3 2261 2302 2262
3 2262 2302 2303
3 2262 2303 2263
3 2263 2303 2304
3 2263 2304 2264
3 2264 2304 2305
3 2264 2305 2265
3 2265 2305 2306
3 2265 2306 2266
3 2266 2306 2307
3 2266 2307 2267
3 2267 2307 2308
3 2267 2308 2268
3 2268 2308 2309
3 2268 2309 2269
3 2269 2309 2310
3 2269 2310 2270
3 2270 2310 2311
3 2270 2311 2271
3 2271 2311 2312
3 2271 2312 2272
3 2272 2312 2313
3 2272 2313 2273
3 2273 2313 2314
3 2273 2314 2274
3 2274 2314 2315
3 2274 2315 2275
3 2275 2315 2316
3 2275 2316 2276
3 2276 2316 2317
3 2276 2317 2277
3 2277 2317 2318
3 2277 2318 2278
3 2278 2318 2319
3 2278 2319 2279
3 2279 2319 2280
3 2279 2280 2240
3 2280 2320 2321
3 2280 2321 2281
3 2281 2321 2322
3 2281 2322 2282
3 2282 2322 2323
3 2282 2323 2283
3 2283 2323 2324
3 2283 2324 2284
3 2284 2324 2325
3 2284 2325 2285
3 2285 2325 2326
3 2285 2326 2286
3 2286 2326 2327
3 2286 2327 2287
3 2287 2327 2328
3 2287 2328 2288
3 2288 2328 2329
3 2288 2329 2289
3 2289 2329 2330
3 2289 2330 2290
3 2290 2330 2331
3 2290 2331 2291
3 2291 2331 2332
3 2291 2332 2292
3 2292 2332 2333
3 2292 2333 2293
3 2293 2333 2334
3 2293 2334 2294
3 2294 2334 2335
3 2294 2335 2295
3 2295 2335 2336
3 2295 2336 2296
3 2296 2336 2337
3 2296 2337 2297
3 2297 2337 2338
3 2297 2338 2298
3 2298 2338 2339
3 2298 2339 2299
3 2299 2339 2340
3 2299 2340 2300
3 2300 2340 2341
3 2300 2341 2301
3 2301 2341 2342
3 2301 2342 2302
3 2302 2342 2343
3 2302 2343 2303
3 2303 2343 2344
3 2303 2344 2304
3 2304 2344 2345
3 2304 2345 2305
3 2305 2345 2346
3 2305 2346 2306
3 2306 2346 2347
3 2306 2347 2307
3 2307 2347 2348
3 2307 2348 2308
3 2308 2348 2349
3 2308 2349 2309
3 2309 2349 2350
3 2309 2350 2310
3 2310 2350 2351
3 2310 2351 2311
3 2311 2351 2352
3 2311 2352 2312
3 2312 2352 2353
3 2312 2353 2313
3 2313 2353 2354
3 2313 2354 2314
3 2314 2354 2355
3 2314 2355 2315
3 2315 2355 2356
3 2315 2356 2316
3 2316 2356 2357
3 2316 2357 2317
3 2317 2357 2358
3 2317 2358 2318
3 2318 2358 2359
3 2318 2359 2319
3 2319 2359 2320
3 2319 2320 2280
3 2320 2360 2361
3 2320 2361 2321
3 2321 2361 2362
3 2321 2362 2322
3 2322 2362 2363
3 2322 2363 2323
3 2323 2363 2364
3 2323 2364 2324
3 2324 2364 2365
3 2324 2365 2325
3 2325 2365 2366
3 2325 2366 2326
3 2326 2366 2367
3 2326 2367 2327
3 2327 2367 2368
3 2327 2368 2328
3 2328 2368 2369
3 2328 2369 2329
3 2329 2369 2370
3 2329 2370 2330
3 2330 2370 2371
3 2330 2371 2331
3 2331 2371 2372
3 2331 2372 2332
3 2332 2372 2373
3 2332 2373 2333
3 2333 2373 2374
3 2333 2374 2334
3 2334 2374 2375
3 2334 2375 2335
3 2335 2375 2376
3 2335 2376 2336
3 2336 2376 2377
3 2336 2377 2337
3 2337 2377 2378
3 2337 2378 2338
3 2338 2378 2379
3 2338 2379 2339
3 2339 2379 2380
3 2339 2380 2340
3 2340 2380 2381
3 2340 2381 2341
3 2341 2381 2382
3 2341 2382 2342
3 2342 2382 2383
3 2342 2383 2343
3 2343 2383 2384
3 2343 2384 2344
3 2344 2384 2385
3 2344 2385 2345
3 2345 2385 2386
3 2345 2386 2346
3 2346 2386 2387
3 2346 2387 2347
3 2347 2387 2388
3 2347 2388 2348
3 2348 2388 2389
3 2348 2389 2349
3 2349 2389 2390
3 2349 2390 2350
3 2350 2390 2391
3 2350 2391 2351
3 2351 2391 2392
3 2351 2392 2352
3 2352 2392 2393
3 2352 2393 2353
3 2353 2393 2394
3 2353 2394 2354
3 2354 2394 2395
3 2354 2395 2355
3 2355 2395 2396
3 2355 2396 2356
3 2356 2396 2397
3 2356 2397 2357
3 2357 2397 2398
3 2357 2398 2358
3 2358 2398 2399
3 2358 2399 2359
3 2359 2399 2360
3 2359 2360 2320
3 2360 2400 2401
3 2360 2401 2361
3 2361 2401 2402
3 2361 2402 2362
3 2362 2402 2403
3 2362 2403 2363
3 2363 2403 2404
3 2363 2404 2364
3 2364 2404 2405
3 2364 2405 2365
3 2365 2405 2406
3 2365 2406 2366
3 2366 2406 2407
3 2366 2407 2367
3 2367 2407 2408
3 2367 2408 2368
3 2368 2408 2409
3 2368 2409 2369
3 2369 2409 2410
3 2369 2410 2370
3 2370 2410 2411
3 2370 2411 2371
3 2371 2411 2412
3 2371 2412 2372
3 2372 2412 2413
3 2372 2413 2373
3 2373 2413 2414
3 2373 2414 2374
3 2374 2414 2415
3 2374 2415 2375
3 2375 2415 2416
3 2375 2416 2376
3 2376 2416 2417
3 2376 2417 2377
3 2377 2417 2418
3 2377 2418 2378
3 2378 2418 2419
3 2378 2419 2379
3 2379 2419 2420
3 2379 2420 2380
3 2380 2420 2421
3 2380 2421 2381
3 2381 2421 2422
3 2381 2422 2382
3 2382 2422 2423
3 2382 2423 2383
3 2383 2423 2424
3 2383 2424 2384
3 2384 2424 2425
3 2384 2425 2385
3 2385 2425 2426
3 2385 2426 2386
3 2386 2426 2427
3 2386 2427 2387
3 2387 2427 2428
3 2387 2428 2388
3 2388 2428 2429
3 2388 2429 2389
3 2389 2429 2430
3 2389 2430 2390
3 2390 2430 2431
3 2390 2431 2391
3 2391 2431 2432
3 2391 2432 2392
3 2392 2432 2433
3 2392 2433 2393
3 2393 2433 2434
3 2393 2434 2394
3 2394 2434 2435
3 2394 2435 2395
3 2395 2435 2436
3 2395 2436 2396
3 2396 2436 2437
3 2396 2437 2397
3 2397 2437 2438
3 2397 2438 2398
3 2398 2438 2439
3 2398 2439 2399
3 2399 2439 2400
3 2399 2400 2360
3 2400 2440 2441
3 2400 2441 2401
3 2401 2441 2442
3 2401 2442 2402
3 2402 2442 2443
3 2402 2443 2403
3 2403 2443 2444
3 2403 2444 2404
3 2404 2444 2445
3 2404 2445 2405
3 2405 2445 2446
3 2405 2446 2406
3 2406 2446 2447
3 2406 2447 2407
3 2407 2447 2448
3 2407 2448 2408
3 2408 2448 2449
3 2408 2449 2409
3 2409 2449 2450
3 2409 2450 2410
3 2410 2450 2451
3 2410 2451 2411
3 2411 2451 2452
3 2411 2452 2412
3 2412 2452 2453
3 2412 2453 2413
3 2413 2453 2454
3 2413 2454 2414
3 2414 2454 2455
3 2414 2455 2415
3 2415 2455 2456
3 2415 2456 2416
3 2416 2456 2457
3 2416 2457 2417
3 2417 2457 2458
3 2417 2458 2418
3 2418 2458 2459
3 2418 2459 2419
3 2419 2459 2460
3 2419 2460 2420
3 2420 2460 2461
3 2420 2461 2421
3 2421 2461 2462
3 2421 2462 2422
3 2422 2462 2463
3 2422 2463 2423
3 2423 2463 2464
3 2423 2464 2424
3 2424 2464 2465
3 2424 2465 2425
3 2425 2465 2466
3 2425 2466 2426
3 2426 2466 2467
3 2426 2467 2427
3 2427 2467 2468
3 2427 2468 2428
3 2428 2468 2469
3 2428 2469 2429
3 2429 2469 2470
3 2429 2470 2430
3 2430 2470 2471
3 2430 2471 2431
3 2431 2471 2472
3 2431 2472 2432
3 2432 2472 2473
3 2432 2473 2433
3 2433 2473 2474
3 2433 2474 2434
3 2434 2474 2475
3 2434 2475 2435
3 2435 2475 2476
3 2435 2476 2436
3 2436 2476 2477
3 2436 2477 2437
3 2437 2477 2478
3 2437 2478 2438
3 2438 2478 2479
3 2438 2479 2439
3 2439 2479 2440
3 2439 2440 2400
3 2440 2480 2481
3 2440 2481 2441
3 2441 2481 2482
3 2441 2482 2442
3 2442 2482 2483
3 2442 2483 2443
3 2443 2483 2484
3 2443 2484 2444
3 2444 2484 2485
3 2444 2485 2445
3 2445 2485 2486
3 2445 2486 2446
3 2446 2486 2487
3 2446 2487 2447
3 2447 2487 2488
3 2447 2488 2448
3 2448 2488 2489
3 2448 2489 2449
3 2449 2489 2490
3 2449 2490 2450
3 2450 2490 2491
3 2450 2491 2451
3 2451 2491 2492
3 2451 2492 2452
3 2452 2492 2493
3 2452 2493 2453
3 2453 2493 2494
3 2453 2494 2454
3 2454 2494 2495
3 2454 2495 2455
3 2455 2495 2496
3 2455 2496 2456
3 2456 2496 2497
3 2456 2497 2457
3 2457 2497 2498
3 2457 2498 2458
3 2458 2498 2499
3 2458 2499 2459
3 2459 2499 2500
3 2459 2500 2460
3 2460 2500 2501
3 2460 2501 2461
3 2461 2501 2502
3 2461 2502 2462
3 2462 2502 2503
3 2462 2503 2463
3 2463 2503 2504
3 2463 2504 2464
3 2464 2504 2505
3 2464 2505 2465
3 2465 2505 2506
3 2465 2506 2466
3 2466 2506 2507
3 2466 2507 2467
3 2467 2507 2508
3 2467 2508 2468
3 2468 2508 2509
3 2468 2509 2469
3 2469 2509 2510
3 2469 2510 2470
3 2470 2510 2511
3 2470 2511 2471
3 2471 2511 2512
3 2471 2512 2472
3 2472 2512 2513
3 2472 2513 2473
3 2473 2513 2514
3 2473 2514 2474
3 2474 2514 2515
3 2474 2515 2475
3 2475 2515 2516
3 2475 2516 2476
3 2476 2516 2517
3 2476 2517 2477
3 2477 2517 2518
3 2477 2518 2478
3 2478 2518 2519
3 2478 2519 2479
3 2479 2519 2480
3 2479 2480 2440
3 2480 2520 2521
3 2480 2521 2481
3 2481 2521 2522
3 2481 2522 2482
3 2482 2522 2523
3 2482 2523 2483
3 2483 2523 2524
3 2483 2524 2484
3 2484 2524 2525
3 2484 2525 2485
3 2485 2525 2526
3 2485 2526 2486
3 2486 2526 2527
3 2486 2527 2487
3 2487 2527 2528
3 2487 2528 2488
3 2488 2528 2529
3 2488 2529 2489
3 2489 2529 2530
3 2489 2530 2490
3 2490 2530 2531
3 2490 2531 2491
3 2491 2531 2532
3 2491 2532 2492
3 2492 2532 2533
3 2492 2533 2493
3 2493 2533 2534
3 2493 2534 2494
3 2494 2534 2535
3 2494 2535 2495
3 2495 2535 2536
3 2495 2536 2496
3 2496 2536 2537
3 2496 2537 2497
3 2497 2537 2538
3 2497 2538 2498
3 2498 2538 2539
3 2498 2539 2499
3 2499 2539 2540
3 2499 2540 2500
3 2500 2540 2541
3 2500 2541 2501
3 2501 2541 2542
3 2501 2542 2502
3 2502 2542 2543
3 2502 2543 2503
3 2503 2543 2544
3 2503 2544 2504
3 2504 2544 2545
3 2504 2545 2505
3 2505 2545 2546
3 2505 2546 2506
3 2506 2546 2547
3 2506 2547 2507
3 2507 2547 2548
3 2507 2548 2508
3 2508 2548 2549
3 2508 2549 2509
3 2509 2549 2550
3 2509 2550 2510
3 2510 2550 2551
3 2510 2551 2511
3 2511 2551 2552
3 2511 2552 2512
3 2512 2552 2553
3 2512 2553 2513
3 2513 2553 2554
3 2513 2554 2514
3 2514 2554 2555
3 2514 2555 2515
3 2515 2555 2556
3 2515 2556 2516
3 2516 2556 2557
3 2516 2557 2517
3 2517 2557 2558
3 2517 2558 2518
3 2518 2558 2559
3 2518 2559 2519
3 2519 2559 2520
3 2519 2520 2480
3 2520 2560 2561
3 2520 2561 2521
3 2521 2561 2562
3 2521 2562 2522
3 2522 2562 2563
3 2522 2563 2523
3 2523 2563 2564
3 2523 2564 2524
3 2524 2564 2565
3 2524 2565 2525
3 2525 2565 2566
3 2525 2566 2526
3 2526 2566 2567
3 2526 2567 2527
3 2527 2567 2568
3 2527 2568 2528
3 2528 2568 2569
3 2528 2569 2529
3 2529 2569 2570
3 2529 2570 2530
3 2530 2570 2571
3 2530 2571 2531
3 2531 2571 2572
3 2531 2572 2532
3 2532 2572 2573
3 2532 2573 2533
3 2533 2573 2574
3 2533 2574 2534
3 2534 2574 2575
3 2534 2575 2535
3 2535 2575 2576
3 2535 2576 2536
3 2536 2576 2577
3 2536 2577 2537
3 2537 2577 2578
3 2537 2578 2538
3 2538 2578 2579
3 2538 2579 2539
3 2539 2579 2580
3 2539 2580 2540
3 2540 2580 2581
3 2540 2581 2541
3 2541 2581 2582
3 2541 2582 2542
3 2542 2582 2583
3 2542 2583 2543
3 2543 2583 2584
3 2543 2584 2544
3 2544 2584 2585
3 2544 2585 2545
3 2545 2585 2586
3 2545 2586 2546
3 2546 2586 2587
3 2546 2587 2547
3 2547 2587 2588
3 2547 2588 2548
3 2548 2588 2589
3 2548 2589 2549
3 2549 2589 2590
3 2549 2590 2550
3 2550 2590 2591
3 2550 2591 2551
3 2551 2591 2592
3 2551 2592 2552
3 2552 2592 2593
3 2552 2593 2553
3 2553 2593 2594
3 2553 2594 2554
3 2554 2594 2595
3 2554 2595 2555
3 2555 2595 2596
3 2555 2596 2556
3 2556 2596 2597
3 2556 2597 2557
3 2557 2597 2598
3 2557 2598 2558
3 2558 2598 2599
3 2558 2599 2559
3 2559 2599 2560
3 2559 2560 2520
3 2560 2600 2601
3 2560 2601 2561
3 2561 2601 2602
3 2561 2602 2562
3 2562 2602 2603
3 2562 2603 2563
3 2563 2603 2604
3 2563 2604 2564
3 2564 2604 2605
3 2564 2605 2565
3 2565 2605 2606
3 2565 2606 2566
3 2566 2606 2607
3 2566 2607 2567
3 2567 2607 2608
3 2567 2608 2568
3 2568 2608 2609
3 2568 2609 2569
3 2569 2609 2610
3 2569 2610 2570
3 2570 2610 2611
3 2570 2611 2571
3 2571 2611 2612
3 2571 2612 2572
3 2572 2612 2613
3 2572 2613 2573
3 2573 2613 2614
3 2573 2614 2574
3 2574 2614 2615
3 2574 2615 2575
3 2575 2615 2616
3 2575 2616 2576
3 2576 2616 2617
3 2576 2617 2577
3 2577 2617 2618
3 2577 2618 2578
3 2578 2618 2619
3 2578 2619 2579
3 2579 2619 2620
3 2579 2620 2580
3 2580 2620 2621
3 2580 2621 2581
3 2581 2621 2622
3 2581 2622 2582
3 2582 2622 2623
3 2582 2623 2583
3 2583 2623 2624
3 2583 2624 2584
3 2584 2624 2625
3 2584 2625 2585
3 2585 2625 2626
3 2585 2626 2586
3 2586 2626 2627
3 2586 2627 2587
3 2587 2627 2628
3 2587 2628 2588
3 2588 2628 2629
3 2588 2629 2589
3 2589 2629 2630
3 2589 2630 2590
3 2590 2630 2631
3 2590 2631 2591
3 2591 2631 2632
3 2591 2632 2592
3 2592 2632 2633
3 2592 2633 2593
3 2593 2633 2634
3 2593 2634 2594
3 2594 2634 2635
3 2594 2635 2595
3 2595 2635 2636
3 2595 2636 2596
3 2596 2636 2637
3 2596 2637 2597
3 2597 2637 2638
3 2597 2638 2598
3 2598 2638 2639
3 2598 2639 2599
3 2599 2639 2600
3 2599 2600 2560
3 2600 2640 2641
3 2600 2641 2601
3 2601 2641 2642
3 2601 2642 2602
3 2602 2642 2643
3 2602 2643 2603
3 2603 2643 2644
3 2603 2644 2604
3 2604 2644 2645
3 2604 2645 2605
3 2605 2645 2646
3 2605 2646 2606
3 2606 2646 2647
3 2606 2647 2607
3 2607 2647 2648
3 2607 2648 2608
3 2608 2648 2649
3 2608 2649 2609
3 2609 2649 2650
3 2609 2650 2610
3 2610 2650 2651
3 2610 2651 2611
3 2611 2651 2652
3 2611 2652 2612
3 2612 2652 2653
3 2612 2653 2613
3 2613 2653 2654
3 2613 2654 2614
3 2614 2654 2655
3 2614 2655 2615
3 2615 2655 2656
3 2615 2656 2616
3 2616 2656 2657
3 2616 2657 2617
3 2617 2657 2658
3 2617 2658 2618
3 2618 2658 2659
3 2618 2659 2619
3 2619 2659 2660
3 2619 2660 2620
3 2620 2660 2661
3 2620 2661 2621
3 2621 2661 2662
3 2621 2662 2622
3 2622 2662 2663
3 2622 2663 2623
3 2623 2663 2664
3 2623 2664 2624
3 2624 2664 2665
3 2624 2665 2625
3 2625 2665 2666
3 2625 2666 2626
3 2626 2666 2667
3 2626 2667 2627
3 2627 2667 2668
3 2627 2668 2628
3 2628 2668 2669
3 2628 2669 2629
3 2629 2669 2670
3 2629 2670 2630
3 2630 2670 2671
3 2630 2671 2631
3 2631 2671 2672
3 2631 2672 2632
3 2632 2672 2673
3 2632 2673 2633
3 2633 2673 2674
3 2633 2674 2634
3 2634 2674 2675
3 2634 2675 2635
3 2635 2675 2676
3 2635 2676 2636
3 2636 2676 2677
3 2636 2677 2637
3 2637 2677 2678
3 2637 2678 2638
3 2638 2678 2679
3 2638 2679 2639
3 2639 2679 2640
3 2639 2640 2600
3 2640 2680 2681
3 2640 2681 2641
3 2641 2681 2682
3 2641 2682 2642
3 2642 2682 2683
3 2642 2683 2643
3 2643 2683 2684
3 2643 2684 2644
3 2644 2684 2685
3 2644 2685 2645
3 2645 2685 2686
3 2645 2686 2646
3 2646 2686 2687
3 2646 2687 2647
3 2647 2687 2688
3 2647 2688 2648
3 2648 2688 2689
3 2648 2689 2649
3 2649 2689 2690
3 2649 2690 2650
3 2650 2690 2691
3 2650 2691 2651
3 2651 2691 2692
3 2651 2692 2652
3 2652 2692 2693
3 2652 2693 2653
3 2653 2693 2694
3 2653 2694 2654
3 2654 2694 2695
3 2654 2695 2655
3 2655 2695 2696
3 2655 2696 2656
3 2656 2696 2697
3 2656 2697 2657
3 2657 2697 2698
3 2657 2698 2658
3 2658 2698 2699
3 2658 2699 2659
3 2659 2699 2700
3 2659 2700 2660
3 2660 2700 2701
3 2660 2701 2661
3 2661 2701 2702
3 2661 2702 2662
3 2662 2702 2703
3 2662 2703 2663
3 2663 2703 2704
3 2663 2704 2664
3 2664 2704 2705
3 2664 2705 2665
3 2665 2705 2706
3 2665 2706 2666
3 2666 2706 2707
3 2666 2707 2667
3 2667 2707 2708
3 2667 2708 2668
3 2668 2708 2709
3 2668 2709 2669
3 2669 2709 2710
3 2669 2710 2670
3 2670 2710 2711
3 2670 2711 2671
3 2671 2711 2712
3 2671 2712 2672
3 2672 2712 2713
3 2672 2713 2673
3 2673 2713 2714
3 2673 2714 2674
3 2674 2714 2715
3 2674 2715 2675
3 2675 2715 2716
3 2675 2716 2676
3 2676 2716 2717
3 2676 2717 2677
3 2677 2717 2718
3 2677 2718 2678
3 2678 2718 2719
3 2678 2719 2679
3 2679 2719 2680
3 2679 2680 2640
3 2680 2720 2721
3 2680 2721 2681
3 2681 2721 2722
3 2681 2722 2682
3 2682 2722 2723
3 2682 2723 2683
3 2683 2723 2724
3 2683 2724 2684
3 2684 2724 2725
3 2684 2725 2685
3 2685 2725 2726
3 2685 2726 2686
3 2686 2726 2727
3 2686 2727 2687
3 2687 2727 2728
3 2687 2728 2688
3 2688 2728 2729
3 2688 2729 2689
3 2689 2729 2730
3 2689 2730 2690
3 2690 2730 2731
3 2690 2731 2691
3 2691 2731 2732
3 2691 2732 2692
3 2692 2732 2733
3 2692 2733 2693
3 2693 2733 2734
3 2693 2734 2694
3 2694 2734 2735
3 2694 2735 2695
3 2695 2735 2736
3 2695 2736 2696
3 2696 2736 2737
3 2696 2737 2697
3 2697 2737 2738
3 2697 2738 2698
3 2698 2738 2739
3 2698 2739 2699
3 2699 2739 2740
3 2699 2740 2700
3 2700 2740 2741
3 2700 2741 2701
3 2701 2741 2742
3 2701 2742 2702
3 2702 2742 2743
3 2702 2743 2703
3 2703 2743 2744
3 2703 2744 2704
3 2704 2744 2745
3 2704 2745 2705
3 2705 2745 2746
3 2705 2746 2706
3 2706 2746 2747
3 2706 2747 2707
3 2707 2747 2748
3 2707 2748 2708
3 2708 2748 2749
3 2708 2749 2709
3 2709 2749 2750
3 2709 2750 2710
3 2710 2750 2751
3 2710 2751 2711
3 2711 2751 2752
3 2711 2752 2712
3 2712 2752 2753
3 2712 2753 2713
3 2713 2753 2754
3 2713 2754 2714
3 2714 2754 2755
3 2714 2755 2715
3 2715 2755 2756
3 2715 2756 2716
3 2716 2756 2757
3 2716 2757 2717
3 2717 2757 2758
3 2717 2758 2718
3 2718 2758 2759
3 2718 2759 2719
3 2719 2759 2720
3 2719 2720 2680
3 2720 2760 2761
3 2720 2761 2721
3 2721 2761 2762
3 2721 2762 2722
3 2722 2762 2763
3 2722 2763 2723
3 2723 2763 2764
3 2723 2764 2724
3 2724 2764 2765
3 2724 2765 2725
3 2725 2765 2766
3 2725 2766 2726
3 2726 2766 2767
3 2726 2767 2727
3 2727 2767 2768
3 2727 2768 2728
3 2728 2768 2769
3 2728 2769 2729
3 2729 2769 2770
3 2729 2770 2730
3 2730 2770 2771
3 2730 2771 2731
3 2731 2771 2772
3 2731 2772 2732
3 2732 2772 2773
3 2732 2773 2733
3 2733 2773 2774
3 2733 2774 2734
3 2734 2774 2775
3 2734 2775 2735
3 2735 2775 2776
3 2735 2776 2736
3 2736 2776 2777
3 2736 2777 2737
3 2737 2777 2778
3 2737 2778 2738
3 2738 2778 2779
3 2738 2779 2739
3 2739 2779 2780
3 2739 2780 2740
3 2740 2780 2781
3 2740 2781 2741
3 2741 2781 2782
3 2741 2782 2742
3 2742 2782 2783
3 2742 2783 2743
3 2743 2783 2784
3 2743 2784 2744
3 2744 2784 2785
3 2744 2785 2745
3 2745 2785 2786
3 2745 2786 2746
3 2746 2786 2787
3 2746 2787 2747
3 2747 2787 2788
3 2747 2788 2748
3 2748 2788 2789
3 2748 2789 2749
3 2749 2789 2790
3 2749 2790 2750
3 2750 2790 2791
3 2750 2791 2751
3 2751 2791 2792
3 2751 2792 2752
3 2752 2792 2793
3 2752 2793 2753
3 2753 2793 2794
3 2753 2794 2754
3 2754 2794 2795
3 2754 2795 2755
3 2755 2795 2796
3 2755 2796 2756
3 2756 2796 2797
3 2756 2797 2757
3 2757 2797 2798
3 2757 2798 2758
3 2758 2798 2799
3 2758 2799 2759
3 2759 2799 2760
3 2759 2760 2720
3 2760 2800 2801
3 2760 2801 2761
3 2761 2801 2802
3 2761 2802 2762
3 2762 2802 2803
3 2762 2803 2763
3 2763 2803 2804
3 2763 2804 2764
3 2764 2804 2805
3 2764 2805 2765
3 2765 2805 2806
3 2765 2806 2766
3 2766 2806 2807
3 2766 2807 2767
3 2767 2807 2808
3 2767 2808 2768
3 2768 2808 2809
3 2768 2809 2769
3 2769 2809 2810
3 2769 2810 2770
3 2770 2810 2811
3 2770 2811 2771
3 2771 2811 2812
3 2771 2812 2772
3 2772 2812 2813
3 2772 2813 2773
3 2773 2813 2814
3 2773 2814 2774
3 2774 2814 2815
3 2774 2815 2775
3 2775 2815 2816
3 2775 2816 2776
3 2776 2816 2817
3 2776 2817 2777
3 2777 2817 2818
3 2777 2818 2778
3 2778 2818 2819
3 2778 2819 2779
3 2779 2819 2820
3 2779 2820 2780
3 2780 2820 2821
3 2780 2821 2781
3 2781 2821 2822
3 2781 2822 2782
3 2782 2822 2823
3 2782 2823 2783
3 2783 2823 2824
3 2783 2824 2784
3 2784 2824 2825
3 2784 2825 2785
3 2785 2825 2826
3 2785 2826 2786
3 2786 2826 2827
3 2786 2827 2787
3 2787 2827 2828
3 2787 2828 2788
3 2788 2828 2829
3 2788 2829 2789
3 2789 2829 2830
3 2789 2830 2790
3 2790 2830 2831
3 2790 2831 2791
3 2791 2831 2832
3 2791 2832 2792
3 2792 2832 2833
3 2792 2833 2793
3 2793 2833 2834
3 2793 2834 2794
3 2794 2834 2835
3 2794 2835 2795
3 2795 2835 2836
3 2795 2836 2796
3 2796 2836 2837
3 2796 2837 2797
3 2797 2837 2838
3 2797 2838 2798
3 2798 2838 2839
3 2798 2839 2799
3 2799 2839 2800
3 2799 2800 2760
3 2800 2840 2841
3 2800 2841 2801
3 2801 2841 2842
3 2801 2842 2802
3 2802 2842 2843
3 2802 2843 2803
3 2803 2843 2844
3 2803 2844 2804
3 2804 2844 2845
3 2804 2845 2805
3 2805 2845 2846
3 2805 2846 2806
3 2806 2846 2847
3 2806 2847 2807
3 2807 2847 2848
3 2807 2848 2808
3 2808 2848 2849
3 2808 2849 2809
3 2809 2849 2850
3 2809 2850 2810
3 2810 2850 2851
3 2810 2851 2811
3 2811 2851 2852
3 2811 2852 2812
3 2812 2852 2853
3 2812 2853 2813
3 2813 2853 2854
3 2813 2854 2814
3 2814 2854 2855
3 2814 2855 2815
3 2815 2855 2856
3 2815 2856 2816
3 2816 2856 2857
3 2816 2857 2817
3 2817 2857 2858
3 2817 2858 2818
3 2818 2858 2859
3 2818 2859 2819
3 2819 2859 2860
3 2819 2860 2820
3 2820 2860 2861
3 2820 2861 2821
3 2821 2861 2862
3 2821 2862 2822
3 2822 2862 2863
3 2822 2863 2823
3 2823 2863 2864
3 2823 2864 2824
3 2824 2864 2865
3 2824 2865 2825
3 2825 2865 2866
3 2825 2866 2826
3 2826 2866 2867
3 2826 2867 2827
3 2827 2867 2868
3 2827 2868 2828
3 2828 2868 2869
3 2828 2869 2829
3 2829 2869 2870
3 2829 2870 2830
3 2830 2870 2871
3 2830 2871 2831
3 2831 2871 2872
3 2831 2872 2832
3 2832 2872 2873
3 2832 2873 2833
3 2833 2873 2874
3 2833 2874 2834
3 2834 2874 2875
3 2834 2875 2835
3 2835 2875 2876
3 2835 2876 2836
3 2836 2876 2877
3 2836 2877 2837
3 2837 2877 2878
3 2837 2878 2838
3 2838 2878 2879
3 2838 2879 2839
3 2839 2879 2840
3 2839 2840 2800
3 2840 2880 2881
3 2840 2881 2841
3 2841 2881 2882
3 2841 2882 2842
3 2842 2882 2883
3 2842 2883 2843
3 2843 2883 2884
3 2843 2884 2844
3 2844 2884 2885
3 2844 2885 2845
3 2845 2885 2886
3 2845 2886 2846
3 2846 2886 2887
3 2846 2887 2847
3 2847 2887 2888
3 2847 2888 2848
3 2848 2888 2889
3 2848 2889 2849
3 2849 2889 2890
3 2849 2890 2850
3 2850 2890 2891
3 2850 2891 2851
3 2851 2891 2892
3 2851 2892 2852
3 2852 2892 2893
3 2852 2893 2853
3 2853 2893 2894
3 2853 2894 2854
3 2854 2894 2895
3 2854 2895 2855
3 2855 2895 2896
3 2855 2896 2856
3 2856 2896 2897
3 2856 2897 2857
3 2857 2897 2898
3 2857 2898 2858
3 2858 2898 2899
3 2858 2899 2859
3 2859 2899 2900
3 2859 2900 2860
3 2860 2900 2901
3 2860 2901 2861
3 2861 2901 2902
3 2861 2902 2862
3 2862 2902 2903
3 2862 2903 2863
3 2863 2903 2904
3 2863 2904 2864
3 2864 2904 2905
3 2864 2905 2865
3 2865 2905 2906
3 2865 2906 2866
3 2866 2906 2907
3 2866 2907 2867
3 2867 2907 2908
3 2867 2908 2868
3 2868 2908 2909
3 2868 2909 2869
3 2869 2909 2910
3 2869 2910 2870
3 2870 2910 2911
3 2870 2911 2871
3 2871 2911 2912
3 2871 2912 2872
3 2872 2912 2913
3 2872 2913 2873
3 2873 2913 2914
3 2873 2914 2874
3 2874 2914 2915
3 2874 2915 2875
3 2875 2915 2916
3 2875 2916 2876
3 2876 2916 2917
3 2876 2917 2877
3 2877 2917 2918
3 2877 2918 2878
3 2878 2918 2919
3 2878 2919 2879
3 2879 2919 2880
3 2879 2880 2840
3 2880 2920 2921
3 2880 2921 2881
3 2881 2921 2922
3 2881 2922 2882
3 2882 2922 2923
3 2882 2923 2883
3 2883 2923 2924
3 2883 2924 2884
3 2884 2924 2925
3 2884 2925 2885
3 2885 2925 2926
3 2885 2926 2886
3 2886 2926 2927
3 2886 2927 2887
3 2887 2927 2928
3 2887 2928 2888
3 2888 2928 2929
3 2888 2929 2889
3 2889 2929 2930
3 2889 2930 2890
3 2890 2930 2931
3 2890 2931 2891
3 2891 2931 2932
3 2891 2932 2892
3 2892 2932 2933
3 2892 2933 2893
3 2893 2933 2934
3 2893 2934 2894
3 2894 2934 2935
3 2894 2935 2895
3 2895 2935 2936
3 2895 2936 2896
3 2896 2936 2937
3 2896 2937 2897
3 2897 2937 2938
3 2897 2938 2898
3 2898 2938 2939
3 2898 2939 2899
3 2899 2939 2940
3 2899 2940 2900
3 2900 2940 2941
3 2900 2941 2901
3 2901 2941 2942
3 2901 2942 2902
3 2902 2942 2943
3 2902 2943 2903
3 2903 2943 2944
3 2903 2944 2904
3 2904 2944 2945
3 2904 2945 2905
3 2905 2945 2946
3 2905 2946 2906
3 2906 2946 2947
3 2906 2947 2907
3 2907 2947 2948
3 2907 2948 2908
3 2908 2948 2949
3 2908 2949 2909
3 2909 2949 2950
3 2909 2950 2910
3 2910 2950 2951
3 2910 2951 2911
3 2911 2951 2952
3 2911 2952 2912
3 2912 2952 2953
3 2912 2953 2913
3 2913 2953 2954
3 2913 2954 2914
3 2914 2954 2955
3 2914 2955 2915
3 2915 2955 2956
3 2915 2956 2916
3 2916 2956 2957
3 2916 2957 2917
3 2917 2957 2958
3 2917 2958 2918
3 2918 2958 2959
3 2918 2959 2919
3 2919 2959 2920
3 2919 2920 2880
3 2920 2960 2961
3 2920 2961 2921
3 2921 2961 2962
3 2921 2962 2922
3 2922 2962 2963
3 2922 2963 2923
3 2923 2963 2964
3 2923 2964 2924
3 2924 2964 2965
3 2924 2965 2925
3 2925 2965 2966
3 2925 2966 2926
3 2926 2966 2967
3 2926 2967 2927
3 2927 2967 2968
3 2927 2968 2928
3 2928 2968 2969
3 2928 2969 2929
3 2929 2969 2970
3 2929 2970 2930
3 2930 2970 2971
3 2930 2971 2931
3 2931 2971 2972
3 2931 2972 2932
3 2932 2972 2973
3 2932 2973 2933
3 2933 2973 2974
3 2933 2974 2934
3 2934 2974 2975
3 2934 2975 2935
3 2935 2975 2976
3 2935 2976 2936
3 2936 2976 2977
3 2936 2977 2937
3 2937 2977 2978
3 2937 2978 2938
3 2938 2978 2979
3 2938 2979 2939
3 2939 2979 2980
3 2939 2980 2940
3 2940 2980 2981
3 2940 2981 2941
3 2941 2981 2982
3 2941 2982 2942
3 2942 2982 2983
3 2942 2983 2943
3 2943 2983 2984
3 2943 2984 2944
3 2944 2984 2985
3 2944 2985 2945
3 2945 2985 2986
3 2945 2986 2946
3 2946 2986 2987
3 2946 2987 2947
3 2947 2987 2988
3 2947 2988 2948
3 2948 2988 2989
3 2948 2989 2949
3 2949 2989 2990
3 2949 2990 2950
3 2950 2990 2991
3 2950 2991 2951
3 2951 2991 2992
3 2951 2992 2952
3 2952 2992 2993
3 2952 2993 2953
3 2953 2993 2994
3 2953 2994 2954
3 2954 2994 2995
3 2954 2995 2955
3 2955 2995 2996
3 2955 2996 2956
3 2956 2996 2997
3 2956 2997 2957
3 2957 2997 2998
3 2957 2998 2958
3 2958 2998 2999
3 2958 2999 2959
3 2959 2999 2960
3 2959 2960 2920
3 2960 3000 3001
3 2960 3001 2961
3 2961 3001 3002
3 2961 3002 2962
3 2962 3002 3003
3 2962 3003 2963
3 2963 3003 3004
3 2963 3004 2964
3 2964 3004 3005
3 2964 3005 2965
3 2965 3005 3006
3 2965 3006 2966
3 2966 3006 3007
3 2966 3007 2967
3 2967 3007 3008
3 2967 3008 2968
3 2968 3008 3009
3 2968 3009 2969
3 2969 3009 3010
3 2969 3010 2970
3 2970 3010 3011
3 2970 3011 2971
3 2971 3011 3012
3 2971 3012 2972
3 2972 3012 3013
3 2972 3013 2973
3 2973 3013 3014
3 2973 3014 2974
3 2974 3014 3015
3 2974 3015 2975
3 2975 3015 3016
3 2975 3016 2976
3 2976 3016 3017
3 2976 3017 2977
3 2977 3017 3018
3 2977 3018 2978
3 2978 3018 3019
3 2978 3019 2979
3 2979 3019 3020
3 2979 3020 2980
3 2980 3020 3021
3 2980 3021 2981
3 2981 3021 3022
3 2981 3022 2982
3 2982 3022 3023
3 2982 3023 2983
3 2983 3023 3024
3 2983 3024 2984
3 2984 3024 3025
3 2984 3025 2985
3 2985 3025 3026
3 2985 3026 2986
3 2986 3026 3027
3 2986 3027 2987
3 2987 3027 3028
3 2987 3028 2988
3 2988 3028 3029
3 2988 3029 2989
3 2989 3029 3030
3 2989 3030 2990
3 2990 3030 3031
3 2990 3031 2991
3 2991 3031 3032
3 2991 3032 2992
3 2992 3032 3033
3 2992 3033 2993
3 2993 3033 3034
3 2993 3034 2994
3 2994 3034 3035
3 2994 3035 2995
3 2995 3035 3036
3 2995 3036 2996
3 2996 3036 3037
3 2996 3037 2997
3 2997 3037 3038
3 2997 3038 2998
3 2998 3038 3039
3 2998 3039 2999
3 2999 3039 3000
3 2999 3000 2960
3 3000 3040 3041
3 3000 3041 3001
3 3001 3041 3042
3 3001 3042 3002
3 3002 3042 3043
3 3002 3043 3003
3 3003 3043 3044
3 3003 3044 3004
3 3004 3044 3045
3 3004 3045 3005
3 3005 3045 3046
3 3005 3046 3006
3 3006 3046 3047
3 3006 3047 3007
3 3007 3047 3048
3 3007 3048 3008
3 3008 3048 3049
3 3008 3049 3009
3 3009 3049 3050
3 3009 3050 3010
3 3010 3050 3051
3 3010 3051 3011
3 3011 3051 3052
3 3011 3052 3012
3 3012 3052 3053
3 3012 3053 3013
3 3013 3053 3054
3 3013 3054 3014
3 3014 3054 3055
3 3014 3055 3015
3 3015 3055 3056
3 3015 3056 3016
3 3016 3056 3057
3 3016 3057 3017
3 3017 3057 3058
3 3017 3058 3018
3 3018 3058 3059
3 3018 3059 3019
3 3019 3059 3060
3 3019 3060 3020
3 3020 3060 3061
3 3020 3061 3021
3 3021 3061 3062
3 3021 3062 3022
3 3022 3062 3063
3 3022 3063 3023
3 3023 3063 3064
3 3023 3064 3024
3 3024 3064 3065
3 3024 3065 3025
3 3025 3065 3066
3 3025 3066 3026
3 3026 3066 3067
3 3026 3067 3027
3 3027 3067 3068
3 3027 3068 3028
3 3028 3068 3069
3 3028 3069 3029
3 3029 3069 3070
3 3029 3070 3030
3 3030 3070 3071
3 3030 3071 3031
3 3031 3071 3072
3 3031 3072 3032
3 3032 3072 3073
3 3032 3073 3033
3 3033 3073 3074
3 3033 3074 3034
3 3034 3074 3075
3 3034 3075 3035
3 3035 3075 3076
3 3035 3076 3036
3 3036 3076 3077
3 3036 3077 3037
3 3037 3077 3078
3 3037 3078 3038
3 3038 3078 3079
3 3038 3079 3039
3 3039 3079 3040
3 3039 3040 3000
3 3040 3080 3081
3 3040 3081 3041
3 3041 3081 3082
3 3041 3082 3042
3 3042 3082 3083
3 3042 3083 3043
3 3043 3083 3084
3 3043 3084 3044
3 3044 3084 3085
3 3044 3085 3045
3 3045 3085 3086
3 3045 3086 3046
3 3046 3086 3087
3 3046 3087 3047
3 3047 3087 3088
3 3047 3088 3048
3 3048 3088 3089
3 3048 3089 3049
3 3049 3089 3090
3 3049 3090 3050
3 3050 3090 3091
3 3050 3091 3051
3 3051 3091 3092
3 3051 3092 3052
3 3052 3092 3093
3 3052 3093 3053
3 3053 3093 3094
3 3053 3094 3054
3 3054 3094 3095
3 3054 3095 3055
3 3055 3095 3096
3 3055 3096 3056
3 3056 3096 3097
3 3056 3097 3057
3 3057 3097 3098
3 3057 3098 3058
3 3058 3098 3099
3 3058 3099 3059
3 3059 3099 3100
3 3059 3100 3060
3 3060 3100 3101
3 3060 3101 3061
3 3061 3101 3102
3 3061 3102 3062
3 3062 3102 3103
3 3062 3103 3063
3 3063 3103 3104
3 3063 3104 3064
3 3064 3104 3105
3 3064 3105 3065
3 3065 3105 3106
3 3065 3106 3066
3 3066 3106 3107
3 3066 3107 3067
3 3067 3107 3108
3 3067 3108 3068
3 3068 3108 3109
3 3068 3109 3069
3 3069 3109 3110
3 3069 3110 3070
3 3070 3110 3111
3 3070 3111 3071
3 3071 3111 3112
3 3071 3112 3072
3 3072 3112 3113
3 3072 3113 3073
3 3073 3113 3114
3 3073 3114 3074
3 3074 3114 3115
3 3074 3115 3075
3 3075 3115 3116
3 3075 3116 3076
3 3076 3116 3117
3 3076 3117 3077
3 3077 3117 3118
3 3077 3118 3078
3 3078 3118 3119
3 3078 3119 3079
3 3079 3119 3080
3 3079 3080 3040
3 3080 3120 3121
3 3080 3121 3081
3 3081 3121 3122
3 3081 3122 3082
3 3082 3122 3123
3 3082 3123 3083
3 3083 3123 3124
3 3083 3124 3084
3 3084 3124 3125
3 3084 3125 3085
3 3085 3125 3126
3 3085 3126 3086
3 3086 3126 3127
3 3086 3127 3087
3 3087 3127 3128
3 3087 3128 3088
3 3088 3128 3129
3 3088 3129 3089
3 3089 3129 3130
3 3089 3130 3090
3 3090 3130 3131
3 3090 3131 3091
3 3091 3131 3132
3 3091 3132 3092
3 3092 3132 3133
3 3092 3133 3093
3 3093 3133 3134
3 3093 3134 3094
3 3094 3134 3135
3 3094 3135 3095
3 3095 3135 3136
3 3095 3136 3096
3 3096 3136 3137
3 3096 3137 3097
3 3097 3137 3138
3 3097 3138 3098
3 3098 3138 3139
3 3098 3139 3099
3 3099 3139 3140
3 3099 3140 3100
3 3100 3140 3141
3 3100 3141 3101
3 3101 3141 3142
3 3101 3142 3102
3 3102 3142 3143
3 3102 3143 3103
3 3103 3143 3144
3 3103 3144 3104
3 3104 3144 3145
3 3104 3145 3105
3 3105 3145 3146
3 3105 3146 3106
3 3106 3146 3147
3 3106 3147 3107
3 3107 3147 3148
3 3107 3148 3108
3 3108 3148 3149
3 3108 3149 3109
3 3109 3149 3150
3 3109 3150 3110
3 3110 3150 3151
3 3110 3151 3111
3 3111 3151 3152
3 3111 3152 3112
3 3112 3152 3153
3 3112 3153 3113
3 3113 3153 3154
3 3113 3154 3114
3 3114 3154 3155
3 3114 3155 3115
3 3115 3155 3156
3 3115 3156 3116
3 3116 3156 3157
3 3116 3157 3117
3 3117 3157 3158
3 3117 3158 3118
3 3118 3158 3159
3 3118 3159 3119
3 3119 3159 3120
3 3119 3120 3080
3 3120 3160 3161
3 3120 3161 3121
3 3121 3161 3162
3 3121 3162 3122
3 3122 3162 3163
3 3122 3163 3123
3 3123 3163 3164
3 3123 3164 3124
3 3124 3164 3165
3 3124 3165 3125
3 3125 3165 3166
3 3125 3166 3126
3 3126 3166 3167
3 3126 3167 3127
3 3127 3167 3168
3 3127 3168 3128
3 3128 3168 3169
3 3128 3169 3129
3 3129 3169 3170
3 3129 3170 3130
3 3130 3170 3171
3 3130 3171 3131
3 3131 3171 3172
3 3131 3172 3132
3 3132 3172 3173
3 3132 3173 3133
3 3133 3173 3174
3 3133 3174 3134
3 3134 3174 3175
3 3134 3175 3135
3 3135 3175 3176
3 3135 3176 3136
3 3136 3176 3177
3 3136 3177 3137
3 3137 3177 3178
3 3137 3178 3138
3 3138 3178 3179
3 3138 3179 3139
3 3139 3179 3180
3 3139 3180 3140
3 3140 3180 3181
3 3140 3181 3141
3 3141 3181 3182
3 3141 3182 3142
3 3142 3182 3183
3 3142 3183 3143
3 3143 3183 3184
3 3143 3184 3144
3 3144 3184 3185
3 3144 3185 3145
3 3145 3185 3186
3 3145 3186 3146
3 3146 3186 3187
3 3146 3187 3147
3 3147 3187 3188
3 3147 3188 3148
3 3148 3188 3189
3 3148 3189 3149
3 3149 3189 3190
3 3149 3190 3150
3 3150 3190 3191
3 3150 3191 3151
3 3151 3191 3192
3 3151 3192 3152
3 3152 3192 3193
3 3152 3193 3153
3 3153 3193 3194
3 3153 3194 3154
3 3154 3194 3195
3 3154 3195 3155
3 3155 3195 3196
3 3155 3196 3156
3 3156 3196 3197
3 3156 3197 3157
3 3157 3197 3198
3 3157 3198 3158
3 3158 3198 3199
3 3158 3199 3159
3 3159 3199 3160
3 3159 3160 3120
3 3160 3200 3201
3 3160 3201 3161
3 3161 3201 3202
3 3161 3202 3162
3 3162 3202 3203
3 3162 3203 3163
3 3163 3203 3204
3 3163 3204 3164
3 3164 3204 3205
3 3164 3205 3165
3 3165 3205 3206
3 3165 3206 3166
3 3166 3206 3207
3 3166 3207 3167
3 3167 3207 3208
3 3167 3208 3168
3 3168 3208 3209
3 3168 3209 3169
3 3169 3209 3210
3 3169 3210 3170
3 3170 3210 3211
3 3170 3211 3171
3 3171 3211 3212
3 3171 3212 3172
3 3172 3212 3213
3 3172 3213 3173
3 3173 3213 3214
3 3173 3214 3174
3 3174 3214 3215
3 3174 3215 3175
3 3175 3215 3216
3 3175 3216 3176
3 3176 3216 3217
3 3176 3217 3177
3 3177 3217 3218
3 3177 3218 3178
3 3178 3218 3219
3 3178 3219 3179
3 3179 3219 3220
3 3179 3220 3180
3 3180 3220 3221
3 3180 3221 3181
3 3181 3221 3222
3 3181 3222 3182
3 3182 3222 3223
3 3182 3223 3183
3 3183 3223 3224
3 3183 3224 3184
3 3184 3224 3225
3 3184 3225 3185
3 3185 3225 3226
3 3185 3226 3186
3 3186 3226 3227
3 3186 3227 3187
3 3187 3227 3228
3 3187 3228 3188
3 3188 3228 3229
3 3188 3229 3189
3 3189 3229 3230
3 3189 3230 3190
3 3190 3230 3231
3 3190 3231 3191
3 3191 3231 3232
3 3191 3232 3192
3 3192 3232 3233
3 3192 3233 3193
3 3193 3233 3234
3 3193 3234 3194
3 3194 3234 3235
3 3194 3235 3195
3 3195 3235 3236
3 3195 3236 3196
3 3196 3236 3237
3 3196 3237 3197
3 3197 3237 3238
3 3197 3238 3198
3 3198 3238 3239
3 3198 3239 3199
3 3199 3239 3200
3 3199 3200 3160
3 3200 3240 3241
3 3200 3241 3201
3 3201 3241 3242
3 3201 3242 3202
3 3202 3242 3243
3 3202 3243 3203
3 3203 3243 3244
3 3203 3244 3204
3 3204 3244 3245
3 3204 3245 3205
3 3205 3245 3246
3 3205 3246 3206
3 3206 3246 3247
3 3206 3247 3207
3 3207 3247 3248
3 3207 3248 3208
3 3208 3248 3249
3 3208 3249 3209
3 3209 3249 3250
3 3209 3250 3210
3 3210 3250 3251
3 3210 3251 3211
3 3211 3251 3252
3 3211 3252 3212
3 3212 3252 3253
3 3212 3253 3213
3 3213 3253 3254
3 3213 3254 3214
3 3214 3254 3255
3 3214 3255 3215
3 3215 3255 3256
3 3215 3256 3216
3 3216 3256 3257
3 3216 3257 3217
3 3217 3257 3258
3 3217 3258 3218
3 3218 3258 3259
3 3218 3259 3219
3 3219 3259 3260
3 3219 3260 3220
3 3220 3260 3261
3 3220 3261 3221
3 3221 3261 3262
3 3221 3262 3222
3 3222 3262 3263
3 3222 3263 3223
3 3223 3263 3264
3 3223 3264 3224
3 3224 3264 3265
3 3224 3265 3225
3 3225 3265 3266
3 3225 3266 3226
3 3226 3266 3267
3 3226 3267 3227
3 3227 3267 3268
3 3227 3268 3228
3 3228 3268 3269
3 3228 3269 3229
3 3229 3269 3270
3 3229 3270 3230
3 3230 3270 3271
3 3230 3271 3231
3 3231 3271 3272
3 3231 3272 3232
3 3232 3272 3273
3 3232 3273 3233
3 3233 3273 3274
3 3233 3274 3234
3 3234 3274 3275
3 3234 3275 3235
3 3235 3275 3276
3 3235 3276 3236
3 3236 3276 3277
3 3236 3277 3237
3 3237 3277 3278
3 3237 3278 3238
3 3238 3278 3279
3 3238 3279 3239
3 3239 3279 3240
3 3239 3240 3200
3 3240 3280 3281
3 3240 3281 3241
3 3241 3281 3282
3 3241 3282 3242
3 3242 3282 3283
3 3242 3283 3243
3 3243 3283 3284
3 3243 3284 3244
3 3244 3284 3285
3 3244 3285 3245
3 3245 3285 3286
3 3245 3286 3246
3 3246 3286 3287
3 3246 3287 3247
3 3247 3287 3288
3 3247 3288 3248
3 3248 3288 3289
3 3248 3289 3249
3 3249 3289 3290
3 3249 3290 3250
3 3250 3290 3291
3 3250 3291 3251
3 3251 3291 3292
3 3251 3292 3252
3 3252 3292 3293
3 3252 3293 3253
3 3253 3293 3294
3 3253 3294 3254
3 3254 3294 3295
3 3254 3295 3255
3 3255 3295 3296
3 3255 3296 3256
3 3256 3296 3297
3 3256 3297 3257
3 3257 3297 3298
3 3257 3298 3258
3 3258 3298 3299
3 3258 3299 3259
3 3259 3299 3300
3 3259 3300 3260
3 3260 3300 3301
3 3260 3301 3261
3 3261 3301 3302
3 3261 3302 3262
3 3262 3302 3303
3 3262 3303 3263
3 3263 3303 3304
3 3263 3304 3264
3 3264 3304 3305
3 3264 3305 3265
3 3265 3305 3306
3 3265 3306 3266
3 3266 3306 3307
3 3266 3307 3267
3 3267 3307 3308
3 3267 3308 3268
3 3268 3308 3309
3 3268 3309 3269
3 3269 3309 3310
3 3269 3310 3270
3 3270 3310 3311
3 3270 3311 3271
3 3271 3311 3312
3 3271 3312 3272
3 3272 3312 3313
3 3272 3313 3273
3 3273 3313 3314
3 3273 3314 3274
3 3274 3314 3315
3 3274 3315 3275
3 3275 3315 3316
3 3275 3316 3276
3 3276 3316 3317
3 3276 3317 3277
3 3277 3317 3318
3 3277 3318 3278
3 3278 3318 3319
3 3278 3319 3279
3 3279 3319 3280
3 3279 3280 3240
3 3280 3320 3321
3 3280 3321 3281
3 3281 3321 3322
3 3281 3322 3282
3 3282 3322 3323
3 3282 3323 3283
3 3283 3323 3324
3 3283 3324 3284
3 3284 3324 3325
3 3284 3325 3285
3 3285 3325 3326
3 3285 3326 3286
3 3286 3326 3327
3 3286 3327 3287
3 3287 3327 3328
3 3287 3328 3288
3 3288 3328 3329
3 3288 3329 3289
3 3289 3329 3330
3 3289 3330 3290
3 3290 3330 3331
3 3290 3331 3291
3 3291 3331 3332
3 3291 3332 3292
3 3292 3332 3333
3 3292 3333 3293
3 3293 3333 3334
3 3293 3334 3294
3 3294 3334 3335
3 3294 3335 3295
3 3295 3335 3336
3 3295 3336 3296
3 3296 3336 3337
3 3296 3337 3297
3 3297 3337 3338
3 3297 3338 3298
3 3298 3338 3339
3 3298 3339 3299
3 3299 3339 3340
3 3299 3340 3300
3 3300 3340 3341
3 3300 3341 3301
3 3301 3341 3342
3 3301 3342 3302
3 3302 3342 3343
3 3302 3343 3303
3 3303 3343 3344
3 3303 3344 3304
3 3304 3344 3345
3 3304 3345 3305
3 3305 3345 3346
3 3305 3346 3306
3 3306 3346 3347
3 3306 3347 3307
3 3307 3347 3348
3 3307 3348 3308
3 3308 3348 3349
3 3308 3349 3309
3 3309 3349 3350
3 3309 3350 3310
3 3310 3350 3351
3 3310 3351 3311
3 3311 3351 3352
3 3311 3352 3312
3 3312 3352 3353
3 3312 3353 3313
3 3313 3353 3354
3 3313 3354 3314
3 3314 3354 3355
3 3314 3355 3315
3 3315 3355 3356
3 3315 3356 3316
3 3316 3356 3357
3 3316 3357 3317
3 3317 3357 3358
3 3317 3358 3318
3 3318 3358 3359
3 3318 3359 3319
3 3319 3359 3320
3 3319 3320 3280
3 3320 3360 3361
3 3320 3361 3321
3 3321 3361 3362
3 3321 3362 3322
3 3322 3362 3363
3 3322 3363 3323
3 3323 3363 3364
3 3323 3364 3324
3 3324 3364 3365
3 3324 3365 3325
3 3325 3365 3366
3 3325 3366 3326
3 3326 3366 3367
3 3326 3367 3327
3 3327 3367 3368
3 3327 3368 3328
3 3328 3368 3369
3 3328 3369 3329
3 3329 3369 3370
3 3329 3370 3330
3 3330 3370 3371
3 3330 3371 3331
3 3331 3371 3372
3 3331 3372 3332
3 3332 3372 3373
3 3332 3373 3333
3 3333 3373 3374
3 3333 3374 3334
3 3334 3374 3375
3 3334 3375 3335
3 3335 3375 3376
3 3335 3376 3336
3 3336 3376 3377
3 3336 3377 3337
3 3337 3377 3378
3 3337 3378 3338
3 3338 3378 3379
3 3338 3379 3339
3 3339 3379 3380
3 3339 3380 3340
3 3340 3380 3381
3 3340 3381 3341
3 3341 3381 3382
3 3341 3382 3342
3 3342 3382 3383
3 3342 3383 3343
3 3343 3383 3384
3 3343 3384 3344
3 3344 3384 3385
3 3344 3385 3345
3 3345 3385 3386
3 3345 3386 3346
3 3346 3386 3387
3 3346 3387 3347
3 3347 3387 3388
3 3347 3388 3348
3 3348 3388 3389
3 3348 3389 3349
3 3349 3389 3390
3 3349 3390 3350
3 3350 3390 3391
3 3350 3391 3351
3 3351 3391 3392
3 3351 3392 3352
3 3352 3392 3393
3 3352 3393 3353
3 3353 3393 3394
3 3353 3394 3354
3 3354 3394 3395
3 3354 3395 3355
3 3355 3395 3396
3 3355 3396 3356
3 3356 3396 3397
3 3356 3397 3357
3 3357 3397 3398
3 3357 3398 3358
3 3358 3398 3399
3 3358 3399 3359
3 3359 3399 3360
3 3359 3360 3320
3 3360 3400 3401
3 3360 3401 3361
3 3361 3401 3402
3 3361 3402 3362
3 3362 3402 3403
3 3362 3403 3363
3 3363 3403 3404
3 3363 3404 3364
3 3364 3404 3405
3 3364 3405 3365
3 3365 3405 3406
3 3365 3406 3366
3 3366 3406 3407
3 3366 3407 3367
3 3367 3407 3408
3 3367 3408 3368
3 3368 3408 3409
3 3368 3409 3369
3 3369 3409 3410
3 3369 3410 3370
3 3370 3410 3411
3 3370 3411 3371
3 3371 3411 3412
3 3371 3412 3372
3 3372 3412 3413
3 3372 3413 3373
3 3373 3413 3414
3 3373 3414 3374
3 3374 3414 3415
3 3374 3415 3375
3 3375 3415 3416
3 3375 3416 3376
3 3376 3416 3417
3 3376 3417 3377
3 3377 3417 3418
3 3377 3418 3378
3 3378 3418 3419
3 3378 3419 3379
3 3379 3419 3420
3 3379 3420 3380
3 3380 3420 3421
3 3380 3421 3381
3 3381 3421 3422
3 3381 3422 3382
3 3382 3422 3423
3 3382 3423 3383
3 3383 3423 3424
3 3383 3424 3384
3 3384 3424 3425
3 3384 3425 3385
3 3385 3425 3426
3 3385 3426 3386
3 3386 3426 3427
3 3386 3427 3387
3 3387 3427 3428
3 3387 3428 3388
3 3388 3428 3429
3 3388 3429 3389
3 3389 3429 3430
3 3389 3430 3390
3 3390 3430 3431
3 3390 3431 3391
3 3391 3431 3432
3 3391 3432 3392
3 3392 3432 3433
3 3392 3433 3393
3 3393 3433 3434
3 3393 3434 3394
3 3394 3434 3435
3 3394 3435 3395
3 3395 3435 3436
3 3395 3436 3396
3 3396 3436 3437
3 3396 3437 3397
3 3397 3437 3438
3 3397 3438 3398
3 3398 3438 3439
3 3398 3439 3399
3 3399 3439 3400
3 3399 3400 3360
3 3400 3440 3441
3 3400 3441 3401
3 3401 3441 3442
3 3401 3442 3402
3 3402 3442 3443
3 3402 3443 3403
3 3403 3443 3444
3 3403 3444 3404
3 3404 3444 3445
3 3404 3445 3405
3 3405 3445 3446
3 3405 3446 3406
3 3406 3446 3447
3 3406 3447 3407
3 3407 3447 3448
3 3407 3448 3408
3 3408 3448 3449
3 3408 3449 3409
3 3409 3449 3450
3 3409 3450 3410
3 3410 3450 3451
3 3410 3451 3411
3 3411 3451 3452
3 3411 3452 3412
3 3412 3452 3453
3 3412 3453 3413
3 3413 3453 3454
3 3413 3454 3414
3 3414 3454 3455
3 3414 3455 3415
3 3415 3455 3456
3 3415 3456 3416
3 3416 3456 3457
3 3416 3457 3417
3 3417 3457 3458
3 3417 3458 3418
3 3418 3458 3459
3 3418 3459 3419
3 3419 3459 3460
3 3419 3460 3420
3 3420 3460 3461
3 3420 3461 3421
3 3421 3461 3462
3 3421 3462 3422
3 3422 3462 3463
3 3422 3463 3423
3 3423 3463 3464
3 3423 3464 3424
3 3424 3464 3465
3 3424 3465 3425
3 3425 3465 3466
3 3425 3466 3426
3 3426 3466 3467
3 3426 3467 3427
3 3427 3467 3468
3 3427 3468 3428
3 3428 3468 3469
3 3428 3469 3429
3 3429 3469 3470
3 3429 3470 3430
3 3430 3470 3471
3 3430 3471 3431
3 3431 3471 3472
3 3431 3472 3432
3 3432 3472 3473
3 3432 3473 3433
3 3433 3473 3474
3 3433 3474 3434
3 3434 3474 3475
3 3434 3475 3435
3 3435 3475 3476
3 3435 3476 3436
3 3436 3476 3477
3 3436 3477 3437
3 3437 3477 3478
3 3437 3478 3438
3 3438 3478 3479
3 3438 3479 3439
3 3439 3479 3440
3 3439 3440 3400
3 3440 3480 3481
3 3440 3481 3441
3 3441 3481 3482
3 3441 3482 3442
3 3442 3482 3483
3 3442 3483 3443
3 3443 3483 3484
3 3443 3484 3444
3 3444 3484 3485
3 3444 3485 3445
3 3445 3485 3486
3 3445 3486 3446
3 3446 3486 3487
3 3446 3487 3447
3 3447 3487 3488
3 3447 3488 3448
3 3448 3488 3489
3 3448 3489 3449
3 3449 3489 3490
3 3449 3490 3450
3 3450 3490 3491
3 3450 3491 3451
3 3451 3491 3492
3 3451 3492 3452
3 3452 3492 3493
3 3452 3493 3453
3 3453 3493 3494
3 3453 3494 3454
3 3454 3494 3495
3 3454 3495 3455
3 3455 3495 3496
3 3455 3496 3456
3 3456 3496 3497
3 3456 3497 3457
3 3457 3497 3498
3 3457 3498 3458
3 3458 3498 3499
3 3458 3499 3459
3 3459 3499 3500
3 3459 3500 3460
3 3460 3500 3501
3 3460 3501 3461
3 3461 3501 3502
3 3461 3502 3462
3 3462 3502 3503
3 3462 3503 3463
3 3463 3503 3504
3 3463 3504 3464
3 3464 3504 3505
3 3464 3505 3465
3 3465 3505 3506
3 3465 3506 3466
3 3466 3506 3507
3 3466 3507 3467
3 3467 3507 3508
3 3467 3508 3468
3 3468 3508 3509
3 3468 3509 3469
3 3469 3509 3510
3 3469 3510 3470
3 3470 3510 3511
3 3470 3511 3471
3 3471 3511 3512
3 3471 3512 3472
3 3472 3512 3513
3 3472 3513 3473
3 3473 3513 3514
3 3473 3514 3474
3 3474 3514 3515
3 3474 3515 3475
3 3475 3515 3516
3 3475 3516 3476
3 3476 3516 3517
3 3476 3517 3477
3 3477 3517 3518
3 3477 3518 3478
3 3478 3518 3519
3 3478 3519 3479
3 3479 3519 3480
3 3479 3480 3440
3 3480 3520 3521
3 3480 3521 3481
3 3481 3521 3522
3 3481 3522 3482
3 3482 3522 3523
3 3482 3523 3483
3 3483 3523 3524
3 3483 3524 3484
3 3484 3524 3525
3 3484 3525 3485
3 3485 3525 3526
3 3485 3526 3486
3 3486 3526 3527
3 3486 3527 3487
3 3487 3527 3528
3 3487 3528 3488
3 3488 3528 3529
3 3488 3529 3489
3 3489 3529 3530
3 3489 3530 3490
3 3490 3530 3531
3 3490 3531 3491
3 3491 3531 3532
3 3491 3532 3492
3 3492 3532 3533
3 3492 3533 3493
3 3493 3533 3534
3 3493 3534 3494
3 3494 3534 3535
3 3494 3535 3495
3 3495 3535 3536
3 3495 3536 3496
3 3496 3536 3537
3 3496 3537 3497
3 3497 3537 3538
3 3497 3538 3498
3 3498 3538 3539
3 3498 3539 3499
3 3499 3539 3540
3 3499 3540 3500
3 3500 3540 3541
3 3500 3541 3501
3 3501 3541 3542
3 3501 3542 3502
3 3502 3542 3543
3 3502 3543 3503
3 3503 3543 3544
3 3503 3544 3504
3 3504 3544 3545
3 3504 3545 3505
3 3505 3545 3546
3 3505 3546 3506
3 3506 3546 3547
3 3506 3547 3507
3 3507 3547 3548
3 3507 3548 3508
3 3508 3548 3549
3 3508 3549 3509
3 3509 3549 3550
3 3509 3550 3510
3 3510 3550 3551
3 3510 3551 3511
3 3511 3551 3552
3 3511 3552 3512
3 3512 3552 3553
3 3512 3553 3513
3 3513 3553 3554
3 3513 3554 3514
3 3514 3554 3555
3 3514 3555 3515
3 3515 3555 3556
3 3515 3556 3516
3 3516 3556 3557
3 3516 3557 3517
3 3517 3557 3558
3 3517 3558 3518
3 3518 3558 3559
3 3518 3559 3519
3 3519 3559 3520
3 3519 3520 3480
3 3520 3560 3561
3 3520 3561 3521
3 3521 3561 3562
3 3521 3562 3522
3 3522 3562 3563
3 3522 3563 3523
3 3523 3563 3564
3 3523 3564 3524
3 3524 3564 3565
3 3524 3565 3525
3 3525 3565 3566
3 3525 3566 3526
3 3526 3566 3567
3 3526 3567 3527
3 3527 3567 3568
3 3527 3568 3528
3 3528 3568 3569
3 3528 3569 3529
3 3529 3569 3570
3 3529 3570 3530
3 3530 3570 3571
3 3530 3571 3531
3 3531 3571 3572
3 3531 3572 3532
3 3532 3572 3573
3 3532 3573 3533
3 3533 3573 3574
3 3533 3574 3534
3 3534 3574 3575
3 3534 3575 3535
3 3535 3575 3576
3 3535 3576 3536
3 3536 3576 3577
3 3536 3577 3537
3 3537 3577 3578
3 3537 3578 3538
3 3538 3578 3579
3 3538 3579 3539
3 3539 3579 3580
3 3539 3580 3540
3 3540 3580 3581
3 3540 3581 3541
3 3541 3581 3582
3 3541 3582 3542
3 3542 3582 3583
3 3542 3583 3543
3 3543 3583 3584
3 3543 3584 3544
3 3544 3584 3585
3 3544 3585 3545
3 3545 3585 3586
3 3545 3586 3546
3 3546 3586 3587
3 3546 3587 3547
3 3547 3587 3588
3 3547 3588 3548
3 3548 3588 3589
3 3548 3589 3549
3 3549 3589 3590
3 3549 3590 3550
3 3550 3590 3591
3 3550 3591 3551
3 3551 3591 3592
3 3551 3592 3552
3 3552 3592 3593
3 3552 3593 3553
3 3553 3593 3594
3 3553 3594 3554
3 3554 3594 3595
3 3554 3595 3555
3 3555 3595 3596
3 3555 3596 3556
3 3556 3596 3597
3 3556 3597 3557
3 3557 3597 3598
3 3557 3598 3558
3 3558 3598 3599
3 3558 3599 3559
3 3559 3599 3560
3 3559 3560 3520
3 3560 3600 3601
3 3560 3601 3561
3 3561 3601 3602
3 3561 3602 3562
3 3562 3602 3603
3 3562 3603 3563
3 3563 3603 3604
3 3563 3604 3564
3 3564 3604 3605
3 3564 3605 3565
3 3565 3605 3606
3 3565 3606 3566
3 3566 3606 3607
3 3566 3607 3567
3 3567 3607 3608
3 3567 3608 3568
3 3568 3608 3609
3 3568 3609 3569
3 3569 3609 3610
3 3569 3610 3570
3 3570 3610 3611
3 3570 3611 3571
3 3571 3611 3612
3 3571 3612 3572
3 3572 3612 3613
3 3572 3613 3573
3 3573 3613 3614
3 3573 3614 3574
3 3574 3614 3615
3 3574 3615 3575
3 3575 3615 3616
3 3575 3616 3576
3 3576 3616 3617
3 3576 3617 3577
3 3577 3617 3618
3 3577 3618 3578
3 3578 3618 3619
3 3578 3619 3579
3 3579 3619 3620
3 3579 3620 3580
3 3580 3620 3621
3 3580 3621 3581
3 3581 3621 3622
3 3581 3622 3582
3 3582 3622 3623
3 3582 3623 3583
3 3583 3623 3624
3 3583 3624 3584
3 3584 3624 3625
3 3584 3625 3585
3 3585 3625 3626
3 3585 3626 3586
3 3586 3626 3627
3 3586 3627 3587
3 3587 3627 3628
3 3587 3628 3588
3 3588 3628 3629
3 3588 3629 3589
3 3589 3629 3630
3 3589 3630 3590
3 3590 3630 3631
3 3590 3631 3591
3 3591 3631 3632
3 3591 3632 3592
3 3592 3632 3633
3 3592 3633 3593
3 3593 3633 3634
3 3593 3634 3594
3 3594 3634 3635
3 3594 3635 3595
3 3595 3635 3636
3 3595 3636 3596
3 3596 3636 3637
3 3596 3637 3597
3 3597 3637 3638
3 3597 3638 3598
3 3598 3638 3639
3 3598 3639 3599
3 3599 3639 3600
3 3599 3600 3560
3 3600 3640 3641
3 3600 3641 3601
3 3601 3641 3642
3 3601 3642 3602
3 3602 3642 3643
3 3602 3643 3603
3 3603 3643 3644
3 3603 3644 3604
3 3604 3644 3645
3 3604 3645 3605
3 3605 3645 3646
3 3605 3646 3606
3 3606 3646 3647
3 3606 3647 3607
3 3607 3647 3648
3 3607 3648 3608
3 3608 3648 3649
3 3608 3649 3609
3 3609 3649 3650
3 3609 3650 3610
3 3610 3650 3651
3 3610 3651 3611
3 3611 3651 3652
3 3611 3652 3612
3 3612 3652 3653
3 3612 3653 3613
3 3613 3653 3654
3 3613 3654 3614
3 3614 3654 3655
3 3614 3655 3615
3 3615 3655 3656
3 3615 3656 3616
3 3616 3656 3657
3 3616 3657 3617
3 3617 3657 3658
3 3617 3658 3618
3 3618 3658 3659
3 3618 3659 3619
3 3619 3659 3660
3 3619 3660 3620
3 3620 3660 3661
3 3620 3661 3621
3 3621 3661 3662
3 3621 3662 3622
3 3622 3662 3663
3 3622 3663 3623
3 3623 3663 3664
3 3623 3664 3624
3 3624 3664 3665
3 3624 3665 3625
3 3625 3665 3666
3 3625 3666 3626
3 3626 3666 3667
3 3626 3667 3627
3 3627 3667 3668
3 3627 3668 3628
3 3628 3668 3669
3 3628 3669 3629
3 3629 3669 3670
3 3629 3670 3630
3 3630 3670 3671
3 3630 3671 3631
3 3631 3671 3672
3 3631 3672 3632
3 3632 3672 3673
3 3632 3673 3633
3 3633 3673 3674
3 3633 3674 3634
3 3634 3674 3675
3 3634 3675 3635
3 3635 3675 3676
3 3635 3676 3636
3 3636 3676 3677
3 3636 3677 3637
3 3637 3677 3678
3 3637 3678 3638
3 3638 3678 3679
3 3638 3679 3639
3 3639 3679 3640
3 3639 3640 3600
3 3640 3680 3681
3 3640 3681 3641
3 3641 3681 3682
3 3641 3682 3642
3 3642 3682 3683
3 3642 3683 3643
3 3643 3683 3684
3 3643 3684 3644
3 3644 3684 3685
3 3644 3685 3645
3 3645 3685 3686
3 3645 3686 3646
3 3646 3686 3687
3 3646 3687 3647
3 3647 3687 3688
3 3647 3688 3648
3 3648 3688 3689
3 3648 3689 3649
3 3649 3689 3690
3 3649 3690 3650
3 3650 3690 3691
3 3650 3691 3651
3 3651 3691 3692
3 3651 3692 3652
3 3652 3692 3693
3 3652 3693 3653
3 3653 3693 3694
3 3653 3694 3654
3 3654 3694 3695
3 3654 3695 3655
3 3655 3695 3696
3 3655 3696 3656
3 3656 3696 3697
3 3656 3697 3657
3 3657 3697 3698
3 3657 3698 3658
3 3658 3698 3699
3 3658 3699 3659
3 3659 3699 3700
3 3659 3700 3660
3 3660 3700 3701
3 3660 3701 3661
3 3661 3701 3702
3 3661 3702 3662
3 3662 3702 3703
3 3662 3703 3663
3 3663 3703 3704
3 3663 3704 3664
3 3664 3704 3705
3 3664 3705 3665
3 3665 3705 3706
3 3665 3706 3666
3 3666 3706 3707
3 3666 3707 3667
3 3667 3707 3708
3 3667 3708 3668
3 3668 3708 3709
3 3668 3709 3669
3 3669 3709 3710
3 3669 3710 3670
3 3670 3710 3711
3 3670 3711 3671
3 3671 3711 3712
3 3671 3712 3672
3 3672 3712 3713
3 3672 3713 3673
3 3673 3713 3714
3 3673 3714 3674
3 3674 3714 3715
3 3674 3715 3675
3 3675 3715 3716
3 3675 3716 3676
3 3676 3716 3717
3 3676 3717 3677
3 3677 3717 3718
3 3677 3718 3678
3 3678 3718 3719
3 3678 3719 3679
3 3679 3719 3680
3 3679 3680 3640
3 3680 3720 3721
3 3680 3721 3681
3 3681 3721 3722
3 3681 3722 3682
3 3682 3722 3723
3 3682 3723 3683
3 3683 3723 3724
3 3683 3724 3684
3 3684 3724 3725
3 3684 3725 3685
3 3685 3725 3726
3 3685 3726 3686
3 3686 3726 3727
3 3686 3727 3687
3 3687 3727 3728
3 3687 3728 3688
3 3688 3728 3729
3 3688 3729 3689
3 3689 3729 3730
3 3689 3730 3690
3 3690 3730 3731
3 3690 3731 3691
3 3691 3731 3732
3 3691 3732 3692
3 3692 3732 3733
3 3692 3733 3693
3 3693 3733 3734
3 3693 3734 3694
3 3694 3734 3735
3 3694 3735 3695
3 3695 3735 3736
3 3695 3736 3696
3 3696 3736 3737
3 3696 3737 3697
3 3697 3737 3738
3 3697 3738 3698
3 3698 3738 3739
3 3698 3739 3699
3 3699 3739 3740
3 3699 3740 3700
3 3700 3740 3741
3 3700 3741 3701
3 3701 3741 3742
3 3701 3742 3702
3 3702 3742 3743
3 3702 3743 3703
3 3703 3743 3744
3 3703 3744 3704
3 3704 3744 3745
3 3704 3745 3705
3 3705 3745 3746
3 3705 3746 3706
3 3706 3746 3747
3 3706 3747 3707
3 3707 3747 3748
3 3707 3748 3708
3 3708 3748 3749
3 3708 3749 3709
3 3709 3749 3750
3 3709 3750 3710
3 3710 3750 3751
3 3710 3751 3711
3 3711 3751 3752
3 3711 3752 3712
3 3712 3752 3753
3 3712 3753 3713
3 3713 3753 3754
3 3713 3754 3714
3 3714 3754 3755
3 3714 3755 3715
3 3715 3755 3756
3 3715 3756 3716
3 3716 3756 3757
3 3716 3757 3717
3 3717 3757 3758
3 3717 3758 3718
3 3718 3758 3759
3 3718 3759 3719
3 3719 3759 3720
3 3719 3720 3680
3 3720 3760 3761
3 3720 3761 3721
3 3721 3761 3762
3 3721 3762 3722
3 3722 3762 3763
3 3722 3763 3723
3 3723 3763 3764
3 3723 3764 3724
3 3724 3764 3765
3 3724 3765 3725
3 3725 3765 3766
3 3725 3766 3726
3 3726 3766 3767
3 3726 3767 3727
3 3727 3767 3768
3 3727 3768 3728
3 3728 3768 3769
3 3728 3769 3729
3 3729 3769 3770
3 3729 3770 3730
3 3730 3770 3771
3 3730 3771 3731
3 3731 3771 3772
3 3731 3772 3732
3 3732 3772 3773
3 3732 3773 3733
3 3733 3773 3774
3 3733 3774 3734
3 3734 3774 3775
3 3734 3775 3735
3 3735 3775 3776
3 3735 3776 3736
3 3736 3776 3777
3 3736 3777 3737
3 3737 3777 3778
3 3737 3778 3738
3 3738 3778 3779
3 3738 3779 3739
3 3739 3779 3780
3 3739 3780 3740
3 3740 3780 3781
3 3740 3781 3741
3 3741 3781 3782
3 3741 3782 3742
3 3742 3782 3783
3 3742 3783 3743
3 3743 3783 3784
3 3743 3784 3744
3 3744 3784 3785
3 3744 3785 3745
3 3745 3785 3786
3 3745 3786 3746
3 3746 3786 3787
3 3746 3787 3747
3 3747 3787 3788
3 3747 3788 3748
3 3748 3788 3789
3 3748 3789 3749
3 3749 3789 3790
3 3749 3790 3750
3 3750 3790 3791
3 3750 3791 3751
3 3751 3791 3792
3 3751 3792 3752
3 3752 3792 3793
3 3752 3793 3753
3 3753 3793 3794
3 3753 3794 3754
3 3754 3794 3795
3 3754 3795 3755
3 3755 3795 3796
3 3755 3796 3756
3 3756 3796 3797
3 3756 3797 3757
3 3757 3797 3798
3 3757 3798 3758
3 3758 3798 3799
3 3758 3799 3759
3 3759 3799 3760
3 3759 3760 3720
3 3760 3800 3801
3 3760 3801 3761
3 3761 3801 3802
3 3761 3802 3762
3 3762 3802 3803
3 3762 3803 3763
3 3763 3803 3804
3 3763 3804 3764
3 3764 3804 3805
3 3764 3805 3765
3 3765 3805 3806
3 3765 3806 3766
3 3766 3806 3807
3 3766 3807 3767
3 3767 3807 3808
3 3767 3808 3768
3 3768 3808 3809
3 3768 3809 3769
3 3769 3809 3810
3 3769 3810 3770
3 3770 3810 3811
3 3770 3811 3771
3 3771 3811 3812
3 3771 3812 3772
3 3772 3812 3813
3 3772 3813 3773
3 3773 3813 3814
3 3773 3814 3774
3 3774 3814 3815
3 3774 3815 3775
3 3775 3815 3816
3 3775 3816 3776
3 3776 3816 3817
3 3776 3817 3777
3 3777 3817 3818
3 3777 3818 3778
3 3778 3818 3819
3 3778 3819 3779
3 3779 3819 3820
3 3779 3820 3780
3 3780 3820 3821
3 3780 3821 3781
3 3781 3821 3822
3 3781 3822 3782
3 3782 3822 3823
3 3782 3823 3783
3 3783 3823 3824
3 3783 3824 3784
3 3784 3824 3825
3 3784 3825 3785
3 3785 3825 3826
3 3785 3826 3786
3 3786 3826 3827
3 3786 3827 3787
3 3787 3827 3828
3 3787 3828 3788
3 3788 3828 3829
3 3788 3829 3789
3 3789 3829 3830
3 3789 3830 3790
3 3790 3830 3831
3 3790 3831 3791
3 3791 3831 3832
3 3791 3832 3792
3 3792 3832 3833
3 3792 3833 3793
3 3793 3833 3834
3 3793 3834 3794
3 3794 3834 3835
3 3794 3835 3795
3 3795 3835 3836
3 3795 3836 3796
3 3796 3836 3837
3 3796 3837 3797
3 3797 3837 3838
3 3797 3838 3798
3 3798 3838 3839
3 3798 3839 3799
3 3799 3839 3800
3 3799 3800 3760
3 3800 3840 3841
3 3800 3841 3801
3 3801 3841 3842
3 3801 3842 3802
3 3802 3842 3843
3 3802 3843 3803
3 3803 3843 3844
3 3803 3844 3804
3 3804 3844 3845
3 3804 3845 3805
3 3805 3845 3846
3 3805 3846 3806
3 3806 3846 3847
3 3806 3847 3807
3 3807 3847 3848
3 3807 3848 3808
3 3808 3848 3849
3 3808 3849 3809
3 3809 3849 3850
3 3809 3850 3810
3 3810 3850 3851
3 3810 3851 3811
3 3811 3851 3852
3 3811 3852 3812
3 3812 3852 3853
3 3812 3853 3813
3 3813 3853 3854
3 3813 3854 3814
3 3814 3854 3855
3 3814 3855 3815
3 3815 3855 3856
3 3815 3856 3816
3 3816 3856 3857
3 3816 3857 3817
3 3817 3857 3858
3 3817 3858 3818
3 3818 3858 3859
3 3818 3859 3819
3 3819 3859 3860
3 3819 3860 3820
3 3820 3860 3861
3 3820 3861 3821
3 3821 3861 3862
3 3821 3862 3822
3 3822 3862 3863
3 3822 3863 3823
3 3823 3863 3864
3 3823 3864 3824
3 3824 3864 3865
3 3824 3865 3825
3 3825 3865 3866
3 3825 3866 3826
3 3826 3866 3867
3 3826 3867 3827
3 3827 3867 3868
3 3827 3868 3828
3 3828 3868 3869
3 3828 3869 3829
3 3829 3869 3870
3 3829 3870 3830
3 3830 3870 3871
3 3830 3871 3831
3 3831 3871 3872
3 3831 3872 3832
3 3832 3872 3873
3 3832 3873 3833
3 3833 3873 3874
3 3833 3874 3834
3 3834 3874 3875
3 3834 3875 3835
3 3835 3875 3876
3 3835 3876 3836
3 3836 3876 3877
3 3836 3877 3837
3 3837 3877 3878
3 3837 3878 3838
3 3838 3878 3879
3 3838 3879 3839
3 3839 3879 3840
3 3839 3840 3800
3 3840 3880 3881
3 3840 3881 3841
3 3841 3881 3882
3 3841 3882 3842
3 3842 3882 3883
3 3842 3883 3843
3 3843 3883 3884
3 3843 3884 3844
3 3844 3884 3885
3 3844 3885 3845
3 3845 3885 3886
3 3845 3886 3846
3 3846 3886 3887
3 3846 3887 3847
3 3847 3887 3888
3 3847 3888 3848
3 3848 3888 3889
3 3848 3889 3849
3 3849 3889 3890
3 3849 3890 3850
3 3850 3890 3891
3 3850 3891 3851
3 3851 3891 3892
3 3851 3892 3852
3 3852 3892 3893
3 3852 3893 3853
3 3853 3893 3894
3 3853 3894 3854
3 3854 3894 3895
3 3854 3895 3855
3 3855 3895 3896
3 3855 3896 3856
3 3856 3896 3897
3 3856 3897 3857
3 3857 3897 3898
3 3857 3898 3858
3 3858 3898 3899
3 3858 3899 3859
3 3859 3899 3900
3 3859 3900 3860
3 3860 3900 3901
3 3860 3901 3861
3 3861 3901 3902
3 3861 3902 3862
3 3862 3902 3903
3 3862 3903 3863
3 3863 3903 3904
3 3863 3904 3864
3 3864 3904 3905
3 3864 3905 3865
3 3865 3905 3906
3 3865 3906 3866
3 3866 3906 3907
3 3866 3907 3867
3 3867 3907 3908
3 3867 3908 3868
3 3868 3908 3909
3 3868 3909 3869
3 3869 3909 3910
3 3869 3910 3870
3 3870 3910 3911
3 3870 3911 3871
3 3871 3911 3912
3 3871 3912 3872
3 3872 3912 3913
3 3872 3913 3873
3 3873 3913 3914
3 3873 3914 3874
3 3874 3914 3915
3 3874 3915 3875
3 3875 3915 3916
3 3875 3916 3876
3 3876 3916 3917
3 3876 3917 3877
3 3877 3917 3918
3 3877 3918 3878
3 3878 3918 3919
3 3878 3919 3879
3 3879 3919 3880
3 3879 3880 3840
3 3880 3920 3921
3 3880 3921 3881
3 3881 3921 3922
3 3881 3922 3882
3 3882 3922 3923
3 3882 3923 3883
3 3883 3923 3924
3 3883 3924 3884
3 3884 3924 3925
3 3884 3925 3885
3 3885 3925 3926
3 3885 3926 3886
3 3886 3926 3927
3 3886 3927 3887
3 3887 3927 3928
3 3887 3928 3888
3 3888 3928 3929
3 3888 3929 3889
3 3889 3929 3930
3 3889 3930 3890
3 3890 3930 3931
3 3890 3931 3891
3 3891 3931 3932
3 3891 3932 3892
3 3892 3932 3933
3 3892 3933 3893
3 3893 3933 3934
3 3893 3934 3894
3 3894 3934 3935
3 3894 3935 3895
3 3895 3935 3936
3 3895 3936 3896
3 3896 3936 3937
3 3896 3937 3897
3 3897 3937 3938
3 3897 3938 3898
3 3898 3938 3939
3 3898 3939 3899
3 3899 3939 3940
3 3899 3940 3900
3 3900 3940 3941
3 3900 3941 3901
3 3901 3941 3942
3 3901 3942 3902
3 3902 3942 3943
3 3902 3943 3903
3 3903 3943 3944
3 3903 3944 3904
3 3904 3944 3945
3 3904 3945 3905
3 3905 3945 3946
3 3905 3946 3906
3 3906 3946 3947
3 3906 3947 3907
3 3907 3947 3948
3 3907 3948 3908
3 3908 3948 3949
3 3908 3949 3909
3 3909 3949 3950
3 3909 3950 3910
3 3910 3950 3951
3 3910 3951 3911
3 3911 3951 3952
3 3911 3952 3912
3 3912 3952 3953
3 3912 3953 3913
3 3913 3953 3954
3 3913 3954 3914
3 3914 3954 3955
3 3914 3955 3915
3 3915 3955 3956
3 3915 3956 3916
3 3916 3956 3957
3 3916 3957 3917
3 3917 3957 3958
3 3917 3958 3918
3 3918 3958 3959
3 3918 3959 3919
3 3919 3959 3920
3 3919 3920 3880
3 3920 3960 3961
3 3920 3961 3921
3 3921 3961 3962
3 3921 3962 3922
3 3922 3962 3963
3 3922 3963 3923
3 3923 3963 3964
3 3923 3964 3924
3 3924 3964 3965
3 3924 3965 3925
3 3925 3965 3966
3 3925 3966 3926
3 3926 3966 3967
3 3926 3967 3927
3 3927 3967 3968
3 3927 3968 3928
3 3928 3968 3969
3 3928 3969 3929
3 3929 3969 3970
3 3929 3970 3930
3 3930 3970 3971
3 3930 3971 3931
3 3931 3971 3972
3 3931 3972 3932
3 3932 3972 3973
3 3932 3973 3933
3 3933 3973 3974
3 3933 3974 3934
3 3934 3974 3975
3 3934 3975 3935
3 3935 3975 3976
3 3935 3976 3936
3 3936 3976 3977
3 3936 3977 3937
3 3937 3977 3978
3 3937 3978 3938
3 3938 3978 3979
3 3938 3979 3939
3 3939 3979 3980
3 3939 3980 3940
3 3940 3980 3981
3 3940 3981 3941
3 3941 3981 3982
3 3941 3982 3942
3 3942 3982 3983
3 3942 3983 3943
3 3943 3983 3984
3 3943 3984 3944
3 3944 3984 3985
3 3944 3985 3945
3 3945 3985 3986
3 3945 3986 3946
3 3946 3986 3987
3 3946 3987 3947
3 3947 3987 3988
3 3947 3988 3948
3 3948 3988 3989
3 3948 3989 3949
3 3949 3989 3990
3 3949 3990 3950
3 3950 3990 3991
3 3950 3991 3951
3 3951 3991 3992
3 3951 3992 3952
3 3952 3992 3993
3 3952 3993 3953
3 3953 3993 3994
3 3953 3994 3954
3 3954 3994 3995
3 3954 3995 3955
3 3955 3995 3996
3 3955 3996 3956
3 3956 3996 3997
3 3956 3997 3957
3 3957 3997 3998
3 3957 3998 3958
3 3958 3998 3999
3 3958 3999 3959
3 3959 3999 3960
3 3959 3960 3920
3 3960 4000 4001
3 3960 4001 3961
3 3961 4001 4002
3 3961 4002 3962
3 3962 4002 4003
3 3962 4003 3963
3 3963 4003 4004
3 3963 4004 3964
3 3964 4004 4005
3 3964 4005 3965
3 3965 4005 4006
3 3965 4006 3966
3 3966 4006 4007
3 3966 4007 3967
3 3967 4007 4008
3 3967 4008 3968
3 3968 4008 4009
3 3968 4009 3969
3 3969 4009 4010
3 3969 4010 3970
3 3970 4010 4011
3 3970 4011 3971
3 3971 4011 4012
3 3971 4012 3972
3 3972 4012 4013
3 3972 4013 3973
3 3973 4013 4014
3 3973 4014 3974
3 3974 4014 4015
3 3974 4015 3975
3 3975 4015 4016
3 3975 4016 3976
3 3976 4016 4017
3 3976 4017 3977
3 3977 4017 4018
3 3977 4018 3978
3 3978 4018 4019
3 3978 4019 3979
3 3979 4019 4020
3 3979 4020 3980
3 3980 4020 4021
3 3980 4021 3981
3 3981 4021 4022
3 3981 4022 3982
3 3982 4022 4023
3 3982 4023 3983
3 3983 4023 4024
3 3983 4024 3984
3 3984 4024 4025
3 3984 4025 3985
3 3985 4025 4026
3 3985 4026 3986
3 3986 4026 4027
3 3986 4027 3987
3 3987 4027 4028
3 3987 4028 3988
3 3988 4028 4029
3 3988 4029 3989
3 3989 4029 4030
3 3989 4030 3990
3 3990 4030 4031
3 3990 4031 3991
3 3991 4031 4032
3 3991 4032 3992
3 3992 4032 4033
3 3992 4033 3993
3 3993 4033 4034
3 3993 4034 3994
3 3994 4034 4035
3 3994 4035 3995
3 3995 4035 4036
3 3995 4036 3996
3 3996 4036 4037
3 3996 4037 3997
3 3997 4037 4038
3 3997 4038 3998
3 3998 4038 4039
3 3998 4039 3999
3 3999 4039 4000
3 3999 4000 3960
3 4000 4040 4041
3 4000 4041 4001
3 4001 4041 4042
3 4001 4042 4002
3 4002 4042 4043
3 4002 4043 4003
3 4003 4043 4044
3 4003 4044 4004
3 4004 4044 4045
3 4004 4045 4005
3 4005 4045 4046
3 4005 4046 4006
3 4006 4046 4047
3 4006 4047 4007
3 4007 4047 4048
3 4007 4048 4008
3 4008 4048 4049
3 4008 4049 4009
3 4009 4049 4050
3 4009 4050 4010
3 4010 4050 4051
3 4010 4051 4011
3 4011 4051 4052
3 4011 4052 4012
3 4012 4052 4053
3 4012 4053 4013
3 4013 4053 4054
3 4013 4054 4014
3 4014 4054 4055
3 4014 4055 4015
3 4015 4055 4056
3 4015 4056 4016
3 4016 4056 4057
3 4016 4057 4017
3 4017 4057 4058
3 4017 4058 4018
3 4018 4058 4059
3 4018 4059 4019
3 4019 4059 4060
3 4019 4060 4020
3 4020 4060 4061
3 4020 4061 4021
3 4021 4061 4062
3 4021 4062 4022
3 4022 4062 4063
3 4022 4063 4023
3 4023 4063 4064
3 4023 4064 4024
3 4024 4064 4065
3 4024 4065 4025
3 4025 4065 4066
3 4025 4066 4026
3 4026 4066 4067
3 4026 4067 4027
3 4027 4067 4068
3 4027 4068 4028
3 4028 4068 4069
3 4028 4069 4029
3 4029 4069 4070
3 4029 4070 4030
3 4030 4070 4071
3 4030 4071 4031
3 4031 4071 4072
3 4031 4072 4032
3 4032 4072 4073
3 4032 4073 4033
3 4033 4073 4074
3 4033 4074 4034
3 4034 4074 4075
3 4034 4075 4035
3 4035 4075 4076
3 4035 4076 4036
3 4036 4076 4077
3 4036 4077 4037
3 4037 4077 4078
3 4037 4078 4038
3 4038 4078 4079
3 4038 4079 4039
3 4039 4079 4040
3 4039 4040 4000
3 4040 4080 4081
3 4040 4081 4041
3 4041 4081 4082
3 4041 4082 4042
3 4042 4082 4083
3 4042 4083 4043
3 4043 4083 4084
3 4043 4084 4044
3 4044 4084 4085
3 4044 4085 4045
3 4045 4085 4086
3 4045 4086 4046
3 4046 4086 4087
3 4046 4087 4047
3 4047 4087 4088
3 4047 4088 4048
3 4048 4088 4089
3 4048 4089 4049
3 4049 4089 4090
3 4049 4090 4050
3 4050 4090 4091
3 4050 4091 4051
3 4051 4091 4092
3 4051 4092 4052
3 4052 4092 4093
3 4052 4093 4053
3 4053 4093 4094
3 4053 4094 4054
3 4054 4094 4095
3 4054 4095 4055
3 4055 4095 4096
3 4055 4096 4056
3 4056 4096 4097
3 4056 4097 4057
3 4057 4097 4098
3 4057 4098 4058
3 4058 4098 4099
3 4058 4099 4059
3 4059 4099 4100
3 4059 4100 4060
3 4060 4100 4101
3 4060 4101 4061
3 4061 4101 4102
3 4061 4102 4062
3 4062 4102 4103
3 4062 4103 4063
3 4063 4103 4104
3 4063 4104 4064
3 4064 4104 4105
3 4064 4105 4065
3 4065 4105 4106
3 4065 4106 4066
3 4066 4106 4107
3 4066 4107 4067
3 4067 4107 4108
3 4067 4108 4068
3 4068 4108 4109
3 4068 4109 4069
3 4069 4109 4110
3 4069 4110 4070
3 4070 4110 4111
3 4070 4111 4071
3 4071 4111 4112
3 4071 4112 4072
3 4072 4112 4113
3 4072 4113 4073
3 4073 4113 4114
3 4073 4114 4074
3 4074 4114 4115
3 4074 4115 4075
3 4075 4115 4116
3 4075 4116 4076
3 4076 4116 4117
3 4076 4117 4077
3 4077 4117 4118
3 4077 4118 4078
3 4078 4118 4119
3 4078 4119 4079
3 4079 4119 4080
3 4079 4080 4040
3 4080 4120 4121
3 4080 4121 4081
3 4081 4121 4122
3 4081 4122 4082
3 4082 4122 4123
3 4082 4123 4083
3 4083 4123 4124
3 4083 4124 4084
3 4084 4124 4125
3 4084 4125 4085
3 4085 4125 4126
3 4085 4126 4086
3 4086 4126 4127
3 4086 4127 4087
3 4087 4127 4128
3 4087 4128 4088
3 4088 4128 4129
3 4088 4129 4089
3 4089 4129 4130
3 4089 4130 4090
3 4090 4130 4131
3 4090 4131 4091
3 4091 4131 4132
3 4091 4132 4092
3 4092 4132 4133
3 4092 4133 4093
3 4093 4133 4134
3 4093 4134 4094
3 4094 4134 4135
3 4094 4135 4095
3 4095 4135 4136
3 4095 4136 4096
3 4096 4136 4137
3 4096 4137 4097
3 4097 4137 4138
3 4097 4138 4098
3 4098 4138 4139
3 4098 4139 4099
3 4099 4139 4140
3 4099 4140 4100
3 4100 4140 4141
3 4100 4141 4101
3 4101 4141 4142
3 4101 4142 4102
3 4102 4142 4143
3 4102 4143 4103
3 4103 4143 4144
3 4103 4144 4104
3 4104 4144 4145
3 4104 4145 4105
3 4105 4145 4146
3 4105 4146 4106
3 4106 4146 4147
3 4106 4147 4107
3 4107 4147 4148
3 4107 4148 4108
3 4108 4148 4149
3 4108 4149 4109
3 4109 4149 4150
3 4109 4150 4110
3 4110 4150 4151
3 4110 4151 4111
3 4111 4151 4152
3 4111 4152 4112
3 4112 4152 4153
3 4112 4153 4113
3 4113 4153 4154
3 4113 4154 4114
3 4114 4154 4155
3 4114 4155 4115
3 4115 4155 4156
3 4115 4156 4116
3 4116 4156 4157
3 4116 4157 4117
3 4117 4157 4158
3 4117 4158 4118
3 4118 4158 4159
3 4118 4159 4119
3 4119 4159 4120
3 4119 4120 4080
3 4120 4160 4161
3 4120 4161 4121
3 4121 4161 4162
3 4121 4162 4122
3 4122 4162 4163
3 4122 4163 4123
3 4123 4163 4164
3 4123 4164 4124
3 4124 4164 4165
3 4124 4165 4125
3 4125 4165 4166
3 4125 4166 4126
3 4126 4166 4167
3 4126 4167 4127
3 4127 4167 4168
3 4127 4168 4128
3 4128 4168 4169
3 4128 4169 4129
3 4129 4169 4170
3 4129 4170 4130
3 4130 4170 4171
3 4130 4171 4131
3 4131 4171 4172
3 4131 4172 4132
3 4132 4172 4173
3 4132 4173 4133
3 4133 4173 4174
3 4133 4174 4134
3 4134 4174 4175
3 4134 4175 4135
3 4135 4175 4176
3 4135 4176 4136
3 4136 4176 4177
3 4136 4177 4137
3 4137 4177 4178
3 4137 4178 4138
3 4138 4178 4179
3 4138 4179 4139
3 4139 4179 4180
3 4139 4180 4140
3 4140 4180 4181
3 4140 4181 4141
3 4141 4181 4182
3 4141 4182 4142
3 4142 4182 4183
3 4142 4183 4143
3 4143 4183 4184
3 4143 4184 4144
3 4144 4184 4185
3 4144 4185 4145
3 4145 4185 4186
3 4145 4186 4146
3 4146 4186 4187
3 4146 4187 4147
3 4147 4187 4188
3 4147 4188 4148
3 4148 4188 4189
3 4148 4189 4149
3 4149 4189 4190
3 4149 4190 4150
3 4150 4190 4191
3 4150 4191 4151
3 4151 4191 4192
3 4151 4192 4152
3 4152 4192 4193
3 4152 4193 4153
3 4153 4193 4194
3 4153 4194 4154
3 4154 4194 4195
3 4154 4195 4155
3 4155 4195 4196
3 4155 4196 4156
3 4156 4196 4197
3 4156 4197 4157
3 4157 4197 4198
3 4157 4198 4158
3 4158 4198 4199
3 4158 4199 4159
3 4159 4199 4160
3 4159 4160 4120
3 4160 4200 4201
3 4160 4201 4161
3 4161 4201 4202
3 4161 4202 4162
3 4162 4202 4203
3 4162 4203 4163
3 4163 4203 4204
3 4163 4204 4164
3 4164 4204 4205
3 4164 4205 4165
3 4165 4205 4206
3 4165 4206 4166
3 4166 4206 4207
3 4166 4207 4167
3 4167 4207 4208
3 4167 4208 4168
3 4168 4208 4209
3 4168 4209 4169
3 4169 4209 4210
3 4169 4210 4170
3 4170 4210 4211
3 4170 4211 4171
3 4171 4211 4212
3 4171 4212 4172
3 4172 4212 4213
3 4172 4213 4173
3 4173 4213 4214
3 4173 4214 4174
3 4174 4214 4215
3 4174 4215 4175
3 4175 4215 4216
3 4175 4216 4176
3 4176 4216 4217
3 4176 4217 4177
3 4177 4217 4218
3 4177 4218 4178
3 4178 4218 4219
3 4178 4219 4179
3 4179 4219 4220
3 4179 4220 4180
3 4180 4220 4221
3 4180 4221 4181
3 4181 4221 4222
3 4181 4222 4182
3 4182 4222 4223
3 4182 4223 4183
3 4183 4223 4224
3 4183 4224 4184
3 4184 4224 4225
3 4184 4225 4185
3 4185 4225 4226
3 4185 4226 4186
3 4186 4226 4227
3 4186 4227 4187
3 4187 4227 4228
3 4187 4228 4188
3 4188 4228 4229
3 4188 4229 4189
3 4189 4229 4230
3 4189 4230 4190
3 4190 4230 4231
3 4190 4231 4191
3 4191 4231 4232
3 4191 4232 4192
3 4192 4232 4233
3 4192 4233 4193
3 4193 4233 4234
3 4193 4234 4194
3 4194 4234 4235
3 4194 4235 4195
3 4195 4235 4236
3 4195 4236 4196
3 4196 4236 4237
3 4196 4237 4197
3 4197 4237 4238
3 4197 4238 4198
3 4198 4238 4239
3 4198 4239 4199
3 4199 4239 4200
3 4199 4200 4160
3 4200 4240 4241
3 4200 4241 4201
3 4201 4241 4242
3 4201 4242 4202
3 4202 4242 4243
3 4202 4243 4203
3 4203 4243 4244
3 4203 4244 4204
3 4204 4244 4245
3 4204 4245 4205
3 4205 4245 4246
3 4205 4246 4206
3 4206 4246 4247
3 4206 4247 4207
3 4207 4247 4248
3 4207 4248 4208
3 4208 4248 4249
3 4208 4249 4209
3 4209 4249 4250
3 4209 4250 4210
3 4210 4250 4251
3 4210 4251 4211
3 4211 4251 4252
3 4211 4252 4212
3 4212 4252 4253
3 4212 4253 4213
3 4213 4253 4254
3 4213 4254 4214
3 4214 4254 4255
3 4214 4255 4215
3 4215 4255 4256
3 4215 4256 4216
3 4216 4256 4257
3 4216 4257 4217
3 4217 4257 4258
3 4217 4258 4218
3 4218 4258 4259
3 4218 4259 4219
3 4219 4259 4260
3 4219 4260 4220
3 4220 4260 4261
3 4220 4261 4221
3 4221 4261 4262
3 4221 4262 4222
3 4222 4262 4263
3 4222 4263 4223
3 4223 4263 4264
3 4223 4264 4224
3 4224 4264 4265
3 4224 4265 4225
3 4225 4265 4266
3 4225 4266 4226
3 4226 4266 4267
3 4226 4267 4227
3 4227 4267 4268
3 4227 4268 4228
3 4228 4268 4269
3 4228 4269 4229
3 4229 4269 4270
3 4229 4270 4230
3 4230 4270 4271
3 4230 4271 4231
3 4231 4271 4272
3 4231 4272 4232
3 4232 4272 4273
3 4232 4273 4233
3 4233 4273 4274
3 4233 4274 4234
3 4234 4274 4275
3 4234 4275 4235
3 4235 4275 4276
3 4235 4276 4236
3 4236 4276 4277
3 4236 4277 4237
3 4237 4277 4278
3 4237 4278 4238
3 4238 4278 4279
3 4238 4279 4239
3 4239 4279 4240
3 4239 4240 4200
3 4240 4280 4281
3 4240 4281 4241
3 4241 4281 4282
3 4241 4282 4242
3 4242 4282 4283
3 4242 4283 4243
3 4243 4283 4284
3 4243 4284 4244
3 4244 4284 4285
3 4244 4285 4245
3 4245 4285 4286
3 4245 4286 4246
3 4246 4286 4287
3 4246 4287 4247
3 4247 4287 4288
3 4247 4288 4248
3 4248 4288 4289
3 4248 4289 4249
3 4249 4289 4290
3 4249 4290 4250
3 4250 4290 4291
3 4250 4291 4251
3 4251 4291 4292
3 4251 4292 4252
3 4252 4292 4293
3 4252 4293 4253
3 4253 4293 4294
3 4253 4294 4254
3 4254 4294 4295
3 4254 4295 4255
3 4255 4295 4296
3 4255 4296 4256
3 4256 4296 4297
3 4256 4297 4257
3 4257 4297 4298
3 4257 4298 4258
3 4258 4298 4299
3 4258 4299 4259
3 4259 4299 4300
3 4259 4300 4260
3 4260 4300 4301
3 4260 4301 4261
3 4261 4301 4302
3 4261 4302 4262
3 4262 4302 4303
3 4262 4303 4263
3 4263 4303 4304
3 4263 4304 4264
3 4264 4304 4305
3 4264 4305 4265
3 4265 4305 4306
3 4265 4306 4266
3 4266 4306 4307
3 4266 4307 4267
3 4267 4307 4308
3 4267 4308 4268
3 4268 4308 4309
3 4268 4309 4269
3 4269 4309 4310
3 4269 4310 4270
3 4270 4310 4311
3 4270 4311 4271
3 4271 4311 4312
3 4271 4312 4272
3 4272 4312 4313
3 4272 4313 4273
3 4273 4313 4314
3 4273 4314 4274
3 4274 4314 4315
3 4274 4315 4275
3 4275 4315 4316
3 4275 4316 4276
3 4276 4316 4317
3 4276 4317 4277
3 4277 4317 4318
3 4277 4318 4278
3 4278 4318 4319
3 4278 4319 4279
3 4279 4319 4280
3 4279 4280 4240
3 4280 4320 4321
3 4280 4321 4281
3 4281 4321 4322
3 4281 4322 4282
3 4282 4322 4323
3 4282 4323 4283
3 4283 4323 4324
3 4283 4324 4284
3 4284 4324 4325
3 4284 4325 4285
3 4285 4325 4326
3 4285 4326 4286
3 4286 4326 4327
3 4286 4327 4287
3 4287 4327 4328
3 4287 4328 4288
3 4288 4328 4329
3 4288 4329 4289
3 4289 4329 4330
3 4289 4330 4290
3 4290 4330 4331
3 4290 4331 4291
3 4291 4331 4332
3 4291 4332 4292
3 4292 4332 4333
3 4292 4333 4293
3 4293 4333 4334
3 4293 4334 4294
3 4294 4334 4335
3 4294 4335 4295
3 4295 4335 4336
3 4295 4336 4296
3 4296 4336 4337
3 4296 4337 4297
3 4297 4337 4338
3 4297 4338 4298
3 4298 4338 4339
3 4298 4339 4299
3 4299 4339 4340
3 4299 4340 4300
3 4300 4340 4341
3 4300 4341 4301
3 4301 4341 4342
3 4301 4342 4302
3 4302 4342 4343
3 4302 4343 4303
3 4303 4343 4344
3 4303 4344 4304
3 4304 4344 4345
3 4304 4345 4305
3 4305 4345 4346
3 4305 4346 4306
3 4306 4346 4347
3 4306 4347 4307
3 4307 4347 4348
3 4307 4348 4308
3 4308 4348 4349
3 4308 4349 4309
3 4309 4349 4350
3 4309 4350 4310
3 4310 4350 4351
3 4310 4351 4311
3 4311 4351 4352
3 4311 4352 4312
3 4312 4352 4353
3 4312 4353 4313
3 4313 4353 4354
3 4313 4354 4314
3 4314 4354 4355
3 4314 4355 4315
3 4315 4355 4356
3 4315 4356 4316
3 4316 4356 4357
3 4316 4357 4317
3 4317 4357 4358
3 4317 4358 4318
3 4318 4358 4359
3 4318 4359 4319
3 4319 4359 4320
3 4319 4320 4280
3 4320 4360 4361
3 4320 4361 4321
3 4321 4361 4362
3 4321 4362 4322
3 4322 4362 4363
3 4322 4363 4323
3 4323 4363 4364
3 4323 4364 4324
3 4324 4364 4365
3 4324 4365 4325
3 4325 4365 4366
3 4325 4366 4326
3 4326 4366 4367
3 4326 4367 4327
3 4327 4367 4368
3 4327 4368 4328
3 4328 4368 4369
3 4328 4369 4329
3 4329 4369 4370
3 4329 4370 4330
3 4330 4370 4371
3 4330 4371 4331
3 4331 4371 4372
3 4331 4372 4332
3 4332 4372 4373
3 4332 4373 4333
3 4333 4373 4374
3 4333 4374 4334
3 4334 4374 4375
3 4334 4375 4335
3 4335 4375 4376
3 4335 4376 4336
3 4336 4376 4377
3 4336 4377 4337
3 4337 4377 4378
3 4337 4378 4338
3 4338 4378 4379
3 4338 4379 4339
3 4339 4379 4380
3 4339 4380 4340
3 4340 4380 4381
3 4340 4381 4341
3 4341 4381 4382
3 4341 4382 4342
3 4342 4382 4383
3 4342 4383 4343
3 4343 4383 4384
3 4343 4384 4344
3 4344 4384 4385
3 4344 4385 4345
3 4345 4385 4386
3 4345 4386 4346
3 4346 4386 4387
3 4346 4387 4347
3 4347 4387 4388
3 4347 4388 4348
3 4348 4388 4389
3 4348 4389 4349
3 4349 4389 4390
3 4349 4390 4350
3 4350 4390 4391
3 4350 4391 4351
3 4351 4391 4392
3 4351 4392 4352
3 4352 4392 4393
3 4352 4393 4353
3 4353 4393 4394
3 4353 4394 4354
3 4354 4394 4395
3 4354 4395 4355
3 4355 4395 4396
3 4355 4396 4356
3 4356 4396 4397
3 4356 4397 4357
3 4357 4397 4398
3 4357 4398 4358
3 4358 4398 4399
3 4358 4399 4359
3 4359 4399 4360
3 4359 4360 4320
3 4360 4400 4401
3 4360 4401 4361
3 4361 4401 4402
3 4361 4402 4362
3 4362 4402 4403
3 4362 4403 4363
3 4363 4403 4404
3 4363 4404 4364
3 4364 4404 4405
3 4364 4405 4365
3 4365 4405 4406
3 4365 4406 4366
3 4366 4406 4407
3 4366 4407 4367
3 4367 4407 4408
3 4367 4408 4368
3 4368 4408 4409
3 4368 4409 4369
3 4369 4409 4410
3 4369 4410 4370
3 4370 4410 4411
3 4370 4411 4371
3 4371 4411 4412
3 4371 4412 4372
3 4372 4412 4413
3 4372 4413 4373
3 4373 4413 4414
3 4373 4414 4374
3 4374 4414 4415
3 4374 4415 4375
3 4375 4415 4416
3 4375 4416 4376
3 4376 4416 4417
3 4376 4417 4377
3 4377 4417 4418
3 4377 4418 4378
3 4378 4418 4419
3 4378 4419 4379
3 4379 4419 4420
3 4379 4420 4380
3 4380 4420 4421
3 4380 4421 4381
3 4381 4421 4422
3 4381 4422 4382
3 4382 4422 4423
3 4382 4423 4383
3 4383 4423 4424
3 4383 4424 4384
3 4384 4424 4425
3 4384 4425 4385
3 4385 4425 4426
3 4385 4426 4386
3 4386 4426 4427
3 4386 4427 4387
3 4387 4427 4428
3 4387 4428 4388
3 4388 4428 4429
3 4388 4429 4389
3 4389 4429 4430
3 4389 4430 4390
3 4390 4430 4431
3 4390 4431 4391
3 4391 4431 4432
3 4391 4432 4392
3 4392 4432 4433
3 4392 4433 4393
3 4393 4433 4434
3 4393 4434 4394
3 4394 4434 4435
3 4394 4435 4395
3 4395 4435 4436
3 4395 4436 4396
3 4396 4436 4437
3 4396 4437 4397
3 4397 4437 4438
3 4397 4438 4398
3 4398 4438 4439
3 4398 4439 4399
3 4399 4439 4400
3 4399 4400 4360
3 4400 4440 4441
3 4400 4441 4401
3 4401 4441 4442
3 4401 4442 4402
3 4402 4442 4443
3 4402 4443 4403
3 4403 4443 4444
3 4403 4444 4404
3 4404 4444 4445
3 4404 4445 4405
3 4405 4445 4446
3 4405 4446 4406
3 4406 4446 4447
3 4406 4447 4407
3 4407 4447 4448
3 4407 4448 4408
3 4408 4448 4449
3 4408 4449 4409
3 4409 4449 4450
3 4409 4450 4410
3 4410 4450 4451
3 4410 4451 4411
3 4411 4451 4452
3 4411 4452 4412
3 4412 4452 4453
3 4412 4453 4413
3 4413 4453 4454
3 4413 4454 4414
3 4414 4454 4455
3 4414 4455 4415
3 4415 4455 4456
3 4415 4456 4416
3 4416 4456 4457
3 4416 4457 4417
3 4417 4457 4458
3 4417 4458 4418
3 4418 4458 4459
3 4418 4459 4419
3 4419 4459 4460
3 4419 4460 4420
3 4420 4460 4461
3 4420 4461 4421
3 4421 4461 4462
3 4421 4462 4422
3 4422 4462 4463
3 4422 4463 4423
3 4423 4463 4464
3 4423 4464 4424
3 4424 4464 4465
3 4424 4465 4425
3 4425 4465 4466
3 4425 4466 4426
3 4426 4466 4467
3 4426 4467 4427
3 4427 4467 4468
3 4427 4468 4428
3 4428 4468 4469
3 4428 4469 4429
3 4429 4469 4470
3 4429 4470 4430
3 4430 4470 4471
3 4430 4471 4431
3 4431 4471 4472
3 4431 4472 4432
3 4432 4472 4473
3 4432 4473 4433
3 4433 4473 4474
3 4433 4474 4434
3 4434 4474 4475
3 4434 4475 4435
3 4435 4475 4476
3 4435 4476 4436
3 4436 4476 4477
3 4436 4477 4437
3 4437 4477 4478
3 4437 4478 4438
3 4438 4478 4479
3 4438 4479 4439
3 4439 4479 4440
3 4439 4440 4400
3 4440 4480 4481
3 4440 4481 4441
3 4441 4481 4482
3 4441 4482 4442
3 4442 4482 4483
3 4442 4483 4443
3 4443 4483 4484
3 4443 4484 4444
3 4444 4484 4485
3 4444 4485 4445
3 4445 4485 4486
3 4445 4486 4446
3 4446 4486 4487
3 4446 4487 4447
3 4447 4487 4488
3 4447 4488 4448
3 4448 4488 4489
3 4448 4489 4449
3 4449 4489 4490
3 4449 4490 4450
3 4450 4490 4491
3 4450 4491 4451
3 4451 4491 4492
3 4451 4492 4452
3 4452 4492 4493
3 4452 4493 4453
3 4453 4493 4494
3 4453 4494 4454
3 4454 4494 4495
3 4454 4495 4455
3 4455 4495 4496
3 4455 4496 4456
3 4456 4496 4497
3 4456 4497 4457
3 4457 4497 4498
3 4457 4498 4458
3 4458 4498 4499
3 4458 4499 4459
3 4459 4499 4500
3 4459 4500 4460
3 4460 4500 4501
3 4460 4501 4461
3 4461 4501 4502
3 4461 4502 4462
3 4462 4502 4503
3 4462 4503 4463
3 4463 4503 4504
3 4463 4504 4464
3 4464 4504 4505
3 4464 4505 4465
3 4465 4505 4506
3 4465 4506 4466
3 4466 4506 4507
3 4466 4507 4467
3 4467 4507 4508
3 4467 4508 4468
3 4468 4508 4509
3 4468 4509 4469
3 4469 4509 4510
3 4469 4510 4470
3 4470 4510 4511
3 4470 4511 4471
3 4471 4511 4512
3 4471 4512 4472
3 4472 4512 4513
3 4472 4513 4473
3 4473 4513 4514
3 4473 4514 4474
3 4474 4514 4515
3 4474 4515 4475
3 4475 4515 4516
3 4475 4516 4476
3 4476 4516 4517
3 4476 4517 4477
3 4477 4517 4518
3 4477 4518 4478
3 4478 4518 4519
3 4478 4519 4479
3 4479 4519 4480
3 4479 4480 4440
3 4480 4520 4521
3 4480 4521 4481
3 4481 4521 4522
3 4481 4522 4482
3 4482 4522 4523
3 4482 4523 4483
3 4483 4523 4524
3 4483 4524 4484
3 4484 4524 4525
3 4484 4525 4485
3 4485 4525 4526
3 4485 4526 4486
3 4486 4526 4527
3 4486 4527 4487
3 4487 4527 4528
3 4487 4528 4488
3 4488 4528 4529
3 4488 4529 4489
3 4489 4529 4530
3 4489 4530 4490
3 4490 4530 4531
3 4490 4531 4491
3 4491 4531 4532
3 4491 4532 4492
3 4492 4532 4533
3 4492 4533 4493
3 4493 4533 4534
3 4493 4534 4494
3 4494 4534 4535
3 4494 4535 4495
3 4495 4535 4536
3 4495 4536 4496
3 4496 4536 4537
3 4496 4537 4497
3 4497 4537 4538
3 4497 4538 4498
3 4498 4538 4539
3 4498 4539 4499
3 4499 4539 4540
3 4499 4540 4500
3 4500 4540 4541
3 4500 4541 4501
3 4501 4541 4542
3 4501 4542 4502
3 4502 4542 4543
3 4502 4543 4503
3 4503 4543 4544
3 4503 4544 4504
3 4504 4544 4545
3 4504 4545 4505
3 4505 4545 4546
3 4505 4546 4506
3 4506 4546 4547
3 4506 4547 4507
3 4507 4547 4548
3 4507 4548 4508
3 4508 4548 4549
3 4508 4549 4509
3 4509 4549 4550
3 4509 4550 4510
3 4510 4550 4551
3 4510 4551 4511
3 4511 4551 4552
3 4511 4552 4512
3 4512 4552 4553
3 4512 4553 4513
3 4513 4553 4554
3 4513 4554 4514
3 4514 4554 4555
3 4514 4555 4515
3 4515 4555 4556
3 4515 4556 4516
3 4516 4556 4557
3 4516 4557 4517
3 4517 4557 4558
3 4517 4558 4518
3 4518 4558 4559
3 4518 4559 4519
3 4519 4559 4520
3 4519 4520 4480
3 4520 4560 4561
3 4520 4561 4521
3 4521 4561 4562
3 4521 4562 4522
3 4522 4562 4563
3 4522 4563 4523
3 4523 4563 4564
3 4523 4564 4524
3 4524 4564 4565
3 4524 4565 4525
3 4525 4565 4566
3 4525 4566 4526
3 4526 4566 4567
3 4526 4567 4527
3 4527 4567 4568
3 4527 4568 4528
3 4528 4568 4569
3 4528 4569 4529
3 4529 4569 4570
3 4529 4570 4530
3 4530 4570 4571
3 4530 4571 4531
3 4531 4571 4572
3 4531 4572 4532
3 4532 4572 4573
3 4532 4573 4533
3 4533 4573 4574
3 4533 4574 4534
3 4534 4574 4575
3 4534 4575 4535
3 4535 4575 4576
3 4535 4576 4536
3 4536 4576 4577
3 4536 4577 4537
3 4537 4577 4578
3 4537 4578 4538
3 4538 4578 4579
3 4538 4579 4539
3 4539 4579 4580
3 4539 4580 4540
3 4540 4580 4581
3 4540 4581 4541
3 4541 4581 4582
3 4541 4582 4542
3 4542 4582 4583
3 4542 4583 4543
3 4543 4583 4584
3 4543 4584 4544
3 4544 4584 4585
3 4544 4585 4545
3 4545 4585 4586
3 4545 4586 4546
3 4546 4586 4587
3 4546 4587 4547
3 4547 4587 4588
3 4547 4588 4548
3 4548 4588 4589
3 4548 4589 4549
3 4549 4589 4590
3 4549 4590 4550
3 4550 4590 4591
3 4550 4591 4551
3 4551 4591 4592
3 4551 4592 4552
3 4552 4592 4593
3 4552 4593 4553
3 4553 4593 4594
3 4553 4594 4554
3 4554 4594 4595
3 4554 4595 4555
3 4555 4595 4596
3 4555 4596 4556
3 4556 4596 4597
3 4556 4597 4557
3 4557 4597 4598
3 4557 4598 4558
3 4558 4598 4599
3 4558 4599 4559
3 4559 4599 4560
3 4559 4560 4520
3 4560 4600 4601
3 4560 4601 4561
3 4561 4601 4602
3 4561 4602 4562
3 4562 4602 4603
3 4562 4603 4563
3 4563 4603 4604
3 4563 4604 4564
3 4564 4604 4605
3 4564 4605 4565
3 4565 4605 4606
3 4565 4606 4566
3 4566 4606 4607
3 4566 4607 4567
3 4567 4607 4608
3 4567 4608 4568
3 4568 4608 4609
3 4568 4609 4569
3 4569 4609 4610
3 4569 4610 4570
3 4570 4610 4611
3 4570 4611 4571
3 4571 4611 4612
3 4571 4612 4572
3 4572 4612 4613
3 4572 4613 4573
3 4573 4613 4614
3 4573 4614 4574
3 4574 4614 4615
3 4574 4615 4575
3 4575 4615 4616
3 4575 4616 4576
3 4576 4616 4617
3 4576 4617 4577
3 4577 4617 4618
3 4577 4618 4578
3 4578 4618 4619
3 4578 4619 4579
3 4579 4619 4620
3 4579 4620 4580
3 4580 4620 4621
3 4580 4621 4581
3 4581 4621 4622
3 4581 4622 4582
3 4582 4622 4623
3 4582 4623 4583
3 4583 4623 4624
3 4583 4624 4584
3 4584 4624 4625
3 4584 4625 4585
3 4585 4625 4626
3 4585 4626 4586
3 4586 4626 4627
3 4586 4627 4587
3 4587 4627 4628
3 4587 4628 4588
3 4588 4628 4629
3 4588 4629 4589
3 4589 4629 4630
3 4589 4630 4590
3 4590 4630 4631
3 4590 4631 4591
3 4591 4631 4632
3 4591 4632 4592
3 4592 4632 4633
3 4592 4633 4593
3 4593 4633 4634
3 4593 4634 4594
3 4594 4634 4635
3 4594 4635 4595
3 4595 4635 4636
3 4595 4636 4596
3 4596 4636 4637
3 4596 4637 4597
3 4597 4637 4638
3 4597 4638 4598
3 4598 4638 4639
3 4598 4639 4599
3 4599 4639 4600
3 4599 4600 4560
3 4600 4640 4641
3 4600 4641 4601
3 4601 4641 4642
3 4601 4642 4602
3 4602 4642 4643
3 4602 4643 4603
3 4603 4643 4644
3 4603 4644 4604
3 4604 4644 4645
3 4604 4645 4605
3 4605 4645 4646
3 4605 4646 4606
3 4606 4646 4647
3 4606 4647 4607
3 4607 4647 4648
3 4607 4648 4608
3 4608 4648 4649
3 4608 4649 4609
3 4609 4649 4650
3 4609 4650 4610
3 4610 4650 4651
3 4610 4651 4611
3 4611 4651 4652
3 4611 4652 4612
3 4612 4652 4653
3 4612 4653 4613
3 4613 4653 4654
3 4613 4654 4614
3 4614 4654 4655
3 4614 4655 4615
3 4615 4655 4656
3 4615 4656 4616
3 4616 4656 4657
3 4616 4657 4617
3 4617 4657 4658
3 4617 4658 4618
3 4618 4658 4659
3 4618 4659 4619
3 4619 4659 4660
3 4619 4660 4620
3 4620 4660 4661
3 4620 4661 4621
3 4621 4661 4662
3 4621 4662 4622
3 4622 4662 4663
3 4622 4663 4623
3 4623 4663 4664
3 4623 4664 4624
3 4624 4664 4665
3 4624 4665 4625
3 4625 4665 4666
3 4625 4666 4626
3 4626 4666 4667
3 4626 4667 4627
3 4627 4667 4668
3 4627 4668 4628
3 4628 4668 4669
3 4628 4669 4629
3 4629 4669 4670
3 4629 4670 4630
3 4630 4670 4671
3 4630 4671 4631
3 4631 4671 4672
3 4631 4672 4632
3 4632 4672 4673
3 4632 4673 4633
3 4633 4673 4674
3 4633 4674 4634
3 4634 4674 4675
3 4634 4675 4635
3 4635 4675 4676
3 4635 4676 4636
3 4636 4676 4677
3 4636 4677 4637
3 4637 4677 4678
3 4637 4678 4638
3 4638 4678 4679
3 4638 4679 4639
3 4639 4679 4640
3 4639 4640 4600
3 4640 4680 4681
3 4640 4681 4641
3 4641 4681 4682
3 4641 4682 4642
3 4642 4682 4683
3 4642 4683 4643
3 4643 4683 4684
3 4643 4684 4644
3 4644 4684 4685
3 4644 4685 4645
3 4645 4685 4686
3 4645 4686 4646
3 4646 4686 4687
3 4646 4687 4647
3 4647 4687 4688
3 4647 4688 4648
3 4648 4688 4689
3 4648 4689 4649
3 4649 4689 4690
3 4649 4690 4650
3 4650 4690 4691
3 4650 4691 4651
3 4651 4691 4692
3 4651 4692 4652
3 4652 4692 4693
3 4652 4693 4653
3 4653 4693 4694
3 4653 4694 4654
3 4654 4694 4695
3 4654 4695 4655
3 4655 4695 4696
3 4655 4696 4656
3 4656 4696 4697
3 4656 4697 4657
3 4657 4697 4698
3 4657 4698 4658
3 4658 4698 4699
3 4658 4699 4659
3 4659 4699 4700
3 4659 4700 4660
3 4660 4700 4701
3 4660 4701 4661
3 4661 4701 4702
3 4661 4702 4662
3 4662 4702 4703
3 4662 4703 4663
3 4663 4703 4704
3 4663 4704 4664
3 4664 4704 4705
3 4664 4705 4665
3 4665 4705 4706
3 4665 4706 4666
3 4666 4706 4707
3 4666 4707 4667
3 4667 4707 4708
3 4667 4708 4668
3 4668 4708 4709
3 4668 4709 4669
3 4669 4709 4710
3 4669 4710 4670
3 4670 4710 4711
3 4670 4711 4671
3 4671 4711 4712
3 4671 4712 4672
3 4672 4712 4713
3 4672 4713 4673
3 4673 4713 4714
3 4673 4714 4674
3 4674 4714 4715
3 4674 4715 4675
3 4675 4715 4716
3 4675 4716 4676
3 4676 4716 4717
3 4676 4717 4677
3 4677 4717 4718
3 4677 4718 4678
3 4678 4718 4719
3 4678 4719 4679
3 4679 4719 4680
3 4679 4680 4640
3 4680 4720 4721
3 4680 4721 4681
3 4681 4721 4722
3 4681 4722 4682
3 4682 4722 4723
3 4682 4723 4683
3 4683 4723 4724
3 4683 4724 4684
3 4684 4724 4725
3 4684 4725 4685
3 4685 4725 4726
3 4685 4726 4686
3 4686 4726 4727
3 4686 4727 4687
3 4687 4727 4728
3 4687 4728 4688
3 4688 4728 4729
3 4688 4729 4689
3 4689 4729 4730
3 4689 4730 4690
3 4690 4730 4731
3 4690 4731 4691
3 4691 4731 4732
3 4691 4732 4692
3 4692 4732 4733
3 4692 4733 4693
3 4693 4733 4734
3 4693 4734 4694
3 4694 4734 4735
3 4694 4735 4695
3 4695 4735 4736
3 4695 4736 4696
3 4696 4736 4737
3 4696 4737 4697
3 4697 4737 4738
3 4697 4738 4698
3 4698 4738 4739
3 4698 4739 4699
3 4699 4739 4740
3 4699 4740 4700
3 4700 4740 4741
3 4700 4741 4701
3 4701 4741 4742
3 4701 4742 4702
3 4702 4742 4743
3 4702 4743 4703
3 4703 4743 4744
3 4703 4744 4704
3 4704 4744 4745
3 4704 4745 4705
3 4705 4745 4746
3 4705 4746 4706
3 4706 4746 4747
3 4706 4747 4707
3 4707 4747 4748
3 4707 4748 4708
3 4708 4748 4749
3 4708 4749 4709
3 4709 4749 4750
3 4709 4750 4710
3 4710 4750 4751
3 4710 4751 4711
3 4711 4751 4752
3 4711 4752 4712
3 4712 4752 4753
3 4712 4753 4713
3 4713 4753 4754
3 4713 4754 4714
3 4714 4754 4755
3 4714 4755 4715
3 4715 4755 4756
3 4715 4756 4716
3 4716 4756 4757
3 4716 4757 4717
3 4717 4757 4758
3 4717 4758 4718
3 4718 4758 4759
3 4718 4759 4719
3 4719 4759 4720
3 4719 4720 4680
3 4720 4760 4761
3 4720 4761 4721
3 4721 4761 4762
3 4721 4762 4722
3 4722 4762 4763
3 4722 4763 4723
3 4723 4763 4764
3 4723 4764 4724
3 4724 4764 4765
3 4724 4765 4725
3 4725 4765 4766
3 4725 4766 4726
3 4726 4766 4767
3 4726 4767 4727
3 4727 4767 4768
3 4727 4768 4728
3 4728 4768 4769
3 4728 4769 4729
3 4729 4769 4770
3 4729 4770 4730
3 4730 4770 4771
3 4730 4771 4731
3 4731 4771 4772
3 4731 4772 4732
3 4732 4772 4773
3 4732 4773 4733
3 4733 4773 4774
3 4733 4774 4734
3 4734 4774 4775
3 4734 4775 4735
3 4735 4775 4776
3 4735 4776 4736
3 4736 4776 4777
3 4736 4777 4737
3 4737 4777 4778
3 4737 4778 4738
3 4738 4778 4779
3 4738 4779 4739
3 4739 4779 4780
3 4739 4780 4740
3 4740 4780 4781
3 4740 4781 4741
3 4741 4781 4782
3 4741 4782 4742
3 4742 4782 4783
3 4742 4783 4743
3 4743 4783 4784
3 4743 4784 4744
3 4744 4784 4785
3 4744 4785 4745
3 4745 4785 4786
3 4745 4786 4746
3 4746 4786 4787
3 4746 4787 4747
3 4747 4787 4788
3 4747 4788 4748
3 4748 4788 4789
3 4748 4789 4749
3 4749 4789 4790
3 4749 4790 4750
3 4750 4790 4791
3 4750 4791 4751
3 4751 4791 4792
3 4751 4792 4752
3 4752 4792 4793
3 4752 4793 4753
3 4753 4793 4794
3 4753 4794 4754
3 4754 4794 4795
3 4754 4795 4755
3 4755 4795 4796
3 4755 4796 4756
3 4756 4796 4797
3 4756 4797 4757
3 4757 4797 4798
3 4757 4798 4758
3 4758 4798 4799
3 4758 4799 4759
3 4759 4799 4760
3 4759 4760 4720
3 4760 0 1
3 4760 1 4761
3 4761 1 2
3 4761 2 4762
3 4762 2 3
3 4762 3 4763
3 4763 3 4
3 4763 4 4764
3 4764 4 5
3 4764 5 4765
3 4765 5 6
3 4765 6 4766
3 4766 6 7
3 4766 7 4767
3 4767 7 8
3 4767 8 4768
3 4768 8 9
3 4768 9 4769
3 4769 9 10
3 4769 10 4770
3 4770 10 11
3 4770 11 4771
3 4771 11 12
3 4771 12 4772
3 4772 12 13
3 4772 13 4773
3 4773 13 14
3 4773 14 4774
3 4774 14 15
3 4774 15 4775
3 4775 15 16
3 4775 16 4776
3 4776 16 17
3 4776 17 4777
3 4777 17 18
3 4777 18 4778
3 4778 18 19
3 4778 19 4779
3 4779 19 20
3 4779 20 4780
3 4780 20 21
3 4780 21 4781
3 4781 21 22
3 4781 22 4782
3 4782 22 23
3 4782 23 4783
3 4783 23 24
3 4783 24 4784
3 4784 24 25
3 4784 25 4785
3 4785 25 26
3 4785 26 4786
3 4786 26 27
3 4786 27 4787
3 4787 27 28
3 4787 28 4788
3 4788 28 29
3 4788 29 4789
3 4789 29 30
3 4789 30 4790
3 4790 30 31
3 4790 31 4791
3 4791 31 32
3 4791 32 4792
3 4792 32 33
3 4792 33 4793
3 4793 33 34
3 4793 34 4794
3 4794 34 35
3 4794 35 4795
3 4795 35 36
3 4795 36 4796
3 4796 36 37
3 4796 37 4797
3 4797 37 38
3 4797 38 4798
3 4798 38 39
3 4798 39 4799
3 4799 39 0
3 4799 0 4760
