ply
format ascii 1.0
element vertex 16000
property float x
property float y
property float z
element face 31984
property list uchar int vertex_indices
end_header
0.00475 -1.20000 0.00067
-0.02906 -1.21465 -0.00967
-0.04306 -1.25001 -0.01394
-0.02906 -1.28536 -0.00963
0.00475 -1.30000 0.00073
0.03856 -1.28535 0.01107
0.05256 -1.24999 0.01534
0.03856 -1.21464 0.01103
0.00455 -1.20000 0.00131
-0.02973 -1.21465 -0.00734
-0.04393 -1.25001 -0.01090
-0.02973 -1.28536 -0.00727
0.00455 -1.30000 0.00141
0.03882 -1.28535 0.01007
0.05302 -1.24999 0.01362
0.03882 -1.21464 0.01000
0.00439 -1.20000 0.00192
-0.03029 -1.21465 -0.00494
-0.04466 -1.25001 -0.00773
-0.03029 -1.28536 -0.00483
0.00439 -1.30000 0.00206
0.03907 -1.28534 0.00892
0.05343 -1.24999 0.01172
0.03907 -1.21463 0.00882
0.00427 -1.20000 0.00250
-0.03073 -1.21465 -0.00248
-0.04523 -1.25001 -0.00449
-0.03073 -1.28536 -0.00235
0.00427 -1.30000 0.00269
0.03927 -1.28534 0.00767
0.05376 -1.24999 0.00968
0.03927 -1.21463 0.00754
0.00418 -1.20000 0.00307
-0.03103 -1.21465 -0.00000
-0.04562 -1.25001 -0.00121
-0.03103 -1.28536 0.00016
0.00418 -1.30000 0.00329
0.03940 -1.28535 0.00636
0.05399 -1.24999 0.00757
0.03940 -1.21463 0.00620
0.00413 -1.20000 0.00362
-0.03120 -1.21464 0.00244
-0.04584 -1.25000 0.00204
-0.03120 -1.28535 0.00263
0.00413 -1.30000 0.00388
0.03947 -1.28535 0.00506
0.05411 -1.24999 0.00546
0.03947 -1.21464 0.00487
0.00412 -1.19999 0.00416
-0.03123 -1.21464 0.00482
-0.04588 -1.24999 0.00519
-0.03123 -1.28535 0.00504
0.00412 -1.29999 0.00446
0.03947 -1.28535 0.00380
0.05411 -1.25000 0.00343
0.03947 -1.21464 0.00358
0.00413 -1.19999 0.00469
-0.03115 -1.21463 0.00710
-0.04576 -1.24998 0.00820
-0.03115 -1.28534 0.00735
0.00413 -1.29999 0.00504
0.03940 -1.28536 0.00263
0.05401 -1.25000 0.00153
0.03940 -1.21465 0.00238
0.00416 -1.19999 0.00523
-0.03097 -1.21462 0.00925
-0.04552 -1.24997 0.01103
-0.03097 -1.28533 0.00952
0.00416 -1.29999 0.00561
0.03929 -1.28536 0.00158
0.05385 -1.25001 -0.00020
0.03929 -1.21465 0.00131
0.00422 -1.19999 0.00576
-0.03071 -1.21461 0.01126
-0.04518 -1.24996 0.01367
-0.03071 -1.28532 0.01156
0.00422 -1.29999 0.00618
0.03916 -1.28537 0.00068
0.05363 -1.25002 -0.00172
0.03916 -1.21466 0.00039
0.00431 -1.19999 0.00630
-0.03039 -1.21460 0.01313
-0.04477 -1.24994 0.01609
-0.03039 -1.28531 0.01345
0.00431 -1.29999 0.00677
0.03902 -1.28537 -0.00006
0.05339 -1.25003 -0.00302
0.03902 -1.21466 -0.00038
0.00442 -1.19998 0.00686
-0.03003 -1.21459 0.01485
-0.04431 -1.24993 0.01830
-0.03003 -1.28530 0.01520
0.00442 -1.29998 0.00736
0.03888 -1.28538 -0.00063
0.05315 -1.25004 -0.00409
0.03888 -1.21467 -0.00099
0.00456 -1.19998 0.00742
-0.02965 -1.21458 0.01643
-0.04382 -1.24991 0.02033
-0.02965 -1.28529 0.01682
0.00456 -1.29998 0.00796
0.03877 -1.28538 -0.00105
0.05293 -1.25005 -0.00495
0.03877 -1.21467 -0.00144
0.00471 -1.19998 0.00800
-0.02925 -1.21457 0.01790
-0.04332 -1.24990 0.02217
-0.02925 -1.28527 0.01831
0.00471 -1.29998 0.00858
0.03868 -1.28539 -0.00132
0.05275 -1.25006 -0.00559
0.03868 -1.21468 -0.00173
0.00489 -1.19997 0.00860
-0.02884 -1.21455 0.01926
-0.04282 -1.24988 0.02386
-0.02884 -1.28526 0.01970
0.00489 -1.29997 0.00922
0.03863 -1.28539 -0.00145
0.05260 -1.25007 -0.00605
0.03863 -1.21469 -0.00189
0.00509 -1.19997 0.00921
-0.02843 -1.21454 0.02053
-0.04232 -1.24986 0.02542
-0.02843 -1.28525 0.02101
0.00509 -1.29997 0.00988
0.03862 -1.28540 -0.00144
0.05251 -1.25008 -0.00632
0.03862 -1.21469 -0.00191
0.00532 -1.19997 0.00986
-0.02802 -1.21453 0.02174
-0.04183 -1.24985 0.02687
-0.02802 -1.28524 0.02224
0.00532 -1.29996 0.01057
0.03865 -1.28540 -0.00131
0.05246 -1.25008 -0.00644
0.03865 -1.21470 -0.00181
0.00556 -1.19996 0.01052
-0.02761 -1.21451 0.02288
-0.04134 -1.24983 0.02822
-0.02761 -1.28522 0.02342
0.00556 -1.29996 0.01129
0.03873 -1.28541 -0.00107
0.05247 -1.25009 -0.00641
0.03873 -1.21470 -0.00161
0.00583 -1.19996 0.01122
-0.02719 -1.21450 0.02398
-0.04087 -1.24981 0.02951
-0.02719 -1.28521 0.02456
0.00583 -1.29995 0.01204
0.03885 -1.28541 -0.00072
0.05252 -1.25010 -0.00624
0.03885 -1.21470 -0.00130
0.00612 -1.19995 0.01196
-0.02677 -1.21448 0.02506
-0.04039 -1.24979 0.03074
-0.02677 -1.28519 0.02567
0.00612 -1.29995 0.01282
0.03901 -1.28542 -0.00028
0.05263 -1.25011 -0.00596
0.03901 -1.21471 -0.00089
0.00643 -1.19994 0.01272
-0.02634 -1.21447 0.02611
-0.03992 -1.24977 0.03193
-0.02634 -1.28517 0.02677
0.00643 -1.29994 0.01365
0.03921 -1.28542 0.00025
0.05278 -1.25011 -0.00556
0.03921 -1.21471 -0.00040
0.00677 -1.19994 0.01353
-0.02591 -1.21445 0.02716
-0.03945 -1.24975 0.03310
-0.02591 -1.28516 0.02786
0.00677 -1.29993 0.01451
0.03945 -1.28542 0.00087
0.05298 -1.25012 -0.00506
0.03945 -1.21471 0.00018
0.00713 -1.19993 0.01437
-0.02546 -1.21443 0.02822
-0.03897 -1.24972 0.03426
-0.02546 -1.28514 0.02896
0.00713 -1.29992 0.01542
0.03973 -1.28542 0.00157
0.05323 -1.25013 -0.00447
0.03973 -1.21471 0.00083
0.00752 -1.19992 0.01527
-0.02500 -1.21441 0.02929
-0.03848 -1.24970 0.03542
-0.02500 -1.28512 0.03007
0.00752 -1.29991 0.01637
0.04005 -1.28542 0.00235
0.05352 -1.25013 -0.00378
0.04005 -1.21472 0.00157
0.00794 -1.19991 0.01621
-0.02453 -1.21439 0.03038
-0.03798 -1.24967 0.03659
-0.02453 -1.28509 0.03121
0.00794 -1.29990 0.01738
0.04040 -1.28542 0.00321
0.05385 -1.25014 -0.00301
0.04040 -1.21472 0.00238
0.00838 -1.19990 0.01720
-0.02404 -1.21436 0.03150
-0.03746 -1.24964 0.03779
-0.02404 -1.28507 0.03238
0.00838 -1.29989 0.01844
0.04079 -1.28542 0.00414
0.05422 -1.25014 -0.00214
0.04079 -1.21472 0.00326
0.00885 -1.19988 0.01824
-0.02352 -1.21434 0.03265
-0.03693 -1.24961 0.03901
-0.02352 -1.28504 0.03359
0.00885 -1.29988 0.01957
0.04122 -1.28542 0.00516
0.05463 -1.25015 -0.00120
0.04122 -1.21472 0.00422
0.00935 -1.19987 0.01935
-0.02298 -1.21431 0.03385
-0.03637 -1.24958 0.04027
-0.02298 -1.28502 0.03484
0.00935 -1.29986 0.02075
0.04169 -1.28542 0.00625
0.05508 -1.25015 -0.00017
0.04169 -1.21471 0.00525
0.00989 -1.19985 0.02052
-0.02242 -1.21428 0.03510
-0.03580 -1.24955 0.04158
-0.02242 -1.28499 0.03615
0.00989 -1.29984 0.02200
0.04219 -1.28541 0.00742
0.05557 -1.25015 0.00094
0.04219 -1.21471 0.00636
0.01046 -1.19983 0.02175
-0.02182 -1.21425 0.03640
-0.03519 -1.24951 0.04294
-0.02182 -1.28495 0.03752
0.01046 -1.29982 0.02332
0.04273 -1.28541 0.00867
0.05610 -1.25015 0.00213
0.04273 -1.21470 0.00755
0.01106 -1.19981 0.02305
-0.02120 -1.21422 0.03777
-0.03456 -1.24947 0.04436
-0.02120 -1.28492 0.03895
0.01106 -1.29980 0.02472
0.04332 -1.28540 0.01000
0.05668 -1.25015 0.00342
0.04332 -1.21470 0.00882
0.01170 -1.19979 0.02443
-0.02054 -1.21418 0.03920
-0.03389 -1.24942 0.04584
-0.02054 -1.28488 0.04046
0.01170 -1.29978 0.02620
0.04394 -1.28539 0.01143
0.05729 -1.25015 0.00479
0.04394 -1.21469 0.01018
0.01238 -1.19977 0.02589
-0.01984 -1.21413 0.04071
-0.03319 -1.24937 0.04740
-0.01984 -1.28483 0.04204
0.01238 -1.29975 0.02776
0.04460 -1.28538 0.01294
0.05795 -1.25014 0.00625
0.04460 -1.21468 0.01162
0.01310 -1.19974 0.02743
-0.01910 -1.21409 0.04230
-0.03245 -1.24932 0.04904
-0.01910 -1.28479 0.04370
0.01310 -1.29972 0.02942
0.04531 -1.28536 0.01455
0.05866 -1.25014 0.00781
0.04531 -1.21467 0.01315
0.01387 -1.19970 0.02907
-0.01833 -1.21404 0.04397
-0.03167 -1.24926 0.05077
-0.01833 -1.28473 0.04546
0.01387 -1.29968 0.03117
0.04607 -1.28535 0.01626
0.05941 -1.25013 0.00947
0.04607 -1.21465 0.01478
0.01468 -1.19967 0.03079
-0.01751 -1.21398 0.04574
-0.03084 -1.24919 0.05258
-0.01751 -1.28468 0.04732
0.01468 -1.29964 0.03302
0.04687 -1.28533 0.01808
0.06021 -1.25012 0.01124
0.04687 -1.21463 0.01650
0.01554 -1.19963 0.03262
-0.01664 -1.21392 0.04761
-0.02997 -1.24912 0.05450
-0.01664 -1.28461 0.04927
0.01554 -1.29960 0.03499
0.04773 -1.28530 0.02000
0.06106 -1.25010 0.01311
0.04773 -1.21461 0.01834
0.01646 -1.19958 0.03456
-0.01572 -1.21385 0.04958
-0.02905 -1.24905 0.05653
-0.01572 -1.28454 0.05134
0.01646 -1.29955 0.03706
0.04863 -1.28528 0.02205
0.06196 -1.25008 0.01510
0.04863 -1.21459 0.02028
0.01743 -1.19953 0.03661
-0.01475 -1.21378 0.05166
-0.02807 -1.24896 0.05867
-0.01475 -1.28447 0.05353
0.01743 -1.29949 0.03926
0.04960 -1.28524 0.02421
0.06292 -1.25006 0.01720
0.04960 -1.21456 0.02234
0.01845 -1.19947 0.03878
-0.01372 -1.21370 0.05386
-0.02704 -1.24887 0.06093
-0.01372 -1.28438 0.05585
0.01845 -1.29943 0.04159
0.05062 -1.28521 0.02651
0.06394 -1.25004 0.01944
0.05062 -1.21452 0.02452
0.01954 -1.19941 0.04108
-0.01263 -1.21361 0.05619
-0.02595 -1.24877 0.06332
-0.01263 -1.28429 0.05829
0.01954 -1.29936 0.04405
0.05170 -1.28516 0.02894
0.06502 -1.25000 0.02181
0.05170 -1.21448 0.02684
0.02069 -1.19934 0.04351
-0.01147 -1.21351 0.05866
-0.02479 -1.24866 0.06585
-0.01147 -1.28419 0.06088
0.02069 -1.29929 0.04666
0.05285 -1.28511 0.03152
0.06617 -1.24997 0.02432
0.05285 -1.21444 0.02929
0.02191 -1.19925 0.04609
-0.01025 -1.21340 0.06126
-0.02357 -1.24853 0.06853
-0.01025 -1.28407 0.06362
0.02191 -1.29920 0.04942
0.05407 -1.28505 0.03425
0.06739 -1.24992 0.02699
0.05407 -1.21438 0.03189
0.02320 -1.19916 0.04882
-0.00895 -1.21328 0.06402
-0.02227 -1.24840 0.07136
-0.00895 -1.28395 0.06652
0.02320 -1.29910 0.05235
0.05536 -1.28499 0.03714
0.06868 -1.24987 0.02981
0.05536 -1.21432 0.03465
0.02457 -1.19906 0.05171
-0.00758 -1.21315 0.06695
-0.02090 -1.24825 0.07435
-0.00758 -1.28381 0.06959
0.02457 -1.29899 0.05545
0.05672 -1.28491 0.04021
0.07004 -1.24980 0.03280
0.05672 -1.21425 0.03756
0.02602 -1.19895 0.05476
-0.00613 -1.21300 0.07004
-0.01945 -1.24808 0.07753
-0.00613 -1.28365 0.07284
0.02602 -1.29887 0.05873
0.05817 -1.28482 0.04345
0.07149 -1.24973 0.03597
0.05817 -1.21416 0.04065
0.02756 -1.19882 0.05800
-0.00459 -1.21283 0.07331
-0.01791 -1.24790 0.08088
-0.00459 -1.28348 0.07628
0.02756 -1.29873 0.06220
0.05971 -1.28472 0.04689
0.07303 -1.24965 0.03932
0.05971 -1.21407 0.04392
0.02918 -1.19868 0.06143
-0.00297 -1.21265 0.07678
-0.01628 -1.24770 0.08444
-0.00297 -1.28329 0.07992
0.02918 -1.29858 0.06588
0.06133 -1.28460 0.05053
0.07465 -1.24955 0.04287
0.06133 -1.21396 0.04739
0.03091 -1.19851 0.06507
-0.00124 -1.21245 0.08045
-0.01456 -1.24748 0.08820
-0.00124 -1.28308 0.08378
0.03091 -1.29840 0.06977
0.06306 -1.28447 0.05439
0.07637 -1.24944 0.04664
0.06306 -1.21383 0.05106
0.03273 -1.19833 0.06891
0.00058 -1.21223 0.08434
-0.01273 -1.24723 0.09219
0.00058 -1.28285 0.08786
0.03273 -1.29821 0.07390
0.06488 -1.28432 0.05847
0.07820 -1.24931 0.05062
0.06488 -1.21369 0.05495
0.03467 -1.19813 0.07298
0.00252 -1.21198 0.08845
-0.01080 -1.24696 0.09640
0.00252 -1.28259 0.09218
0.03467 -1.29799 0.07827
0.06682 -1.28414 0.06280
0.08013 -1.24916 0.05485
0.06682 -1.21353 0.05907
0.03671 -1.19790 0.07730
0.00457 -1.21170 0.09281
-0.00875 -1.24666 0.10087
0.00457 -1.28230 0.09676
0.03671 -1.29775 0.08289
0.06886 -1.28395 0.06738
0.08218 -1.24899 0.05932
0.06886 -1.21335 0.06343
0.03888 -1.19765 0.08186
0.00674 -1.21139 0.09742
-0.00658 -1.24633 0.10560
0.00674 -1.28198 0.10161
0.03888 -1.29747 0.08779
0.07103 -1.28372 0.07223
0.08435 -1.24879 0.06405
0.07103 -1.21314 0.06804
0.04118 -1.19736 0.08670
0.00903 -1.21105 0.10230
-0.00428 -1.24596 0.11060
0.00903 -1.28162 0.10674
0.04118 -1.29716 0.09297
0.07333 -1.28347 0.07737
0.08665 -1.24857 0.06907
0.07333 -1.21290 0.07293
0.04361 -1.19704 0.09182
0.01147 -1.21067 0.10747
-0.00185 -1.24555 0.11590
0.01147 -1.28123 0.11217
0.04361 -1.29682 0.09846
0.07576 -1.28318 0.08281
0.08908 -1.24831 0.07438
0.07576 -1.21263 0.07811
0.04619 -1.19668 0.09724
0.01404 -1.21025 0.11295
0.00073 -1.24509 0.12151
0.01404 -1.28079 0.11792
0.04619 -1.29643 0.10428
0.07834 -1.28286 0.08857
0.09165 -1.24802 0.08000
0.07834 -1.21232 0.08359
0.04892 -1.19627 0.10298
0.01677 -1.20978 0.11874
0.00345 -1.24458 0.12745
0.01677 -1.28030 0.12401
0.04892 -1.29600 0.11043
0.08107 -1.28249 0.09467
0.09438 -1.24768 0.08596
0.08107 -1.21197 0.08940
0.05181 -1.19582 0.10905
0.01966 -1.20926 0.12488
0.00634 -1.24402 0.13374
0.01966 -1.27975 0.13046
0.05181 -1.29551 0.11695
0.08396 -1.28207 0.10112
0.09727 -1.24731 0.09226
0.08396 -1.21158 0.09555
0.05487 -1.19531 0.11549
0.02272 -1.20868 0.13137
0.00940 -1.24340 0.14040
0.02272 -1.27914 0.13728
0.05487 -1.29496 0.12384
0.08702 -1.28160 0.10796
0.10033 -1.24687 0.09894
0.08702 -1.21113 0.10205
0.05811 -1.19474 0.12230
0.02596 -1.20803 0.13824
0.01264 -1.24270 0.14744
0.02596 -1.27846 0.14450
0.05811 -1.29435 0.13115
0.09026 -1.28106 0.11520
0.10358 -1.24639 0.10600
0.09026 -1.21063 0.10894
0.06154 -1.19410 0.12951
0.02939 -1.20730 0.14552
0.01607 -1.24193 0.15490
0.02939 -1.27770 0.15215
0.06154 -1.29366 0.13888
0.09369 -1.28046 0.12286
0.10701 -1.24583 0.11348
0.09369 -1.21006 0.11624
0.06517 -1.19338 0.13714
0.03302 -1.20650 0.15322
0.01970 -1.24107 0.16279
0.03302 -1.27686 0.16024
0.06517 -1.29289 0.14706
0.09732 -1.27978 0.13097
0.11064 -1.24520 0.12141
0.09732 -1.20942 0.12396
0.06902 -1.19258 0.14521
0.03686 -1.20560 0.16137
0.02355 -1.24012 0.17114
0.03686 -1.27592 0.16880
0.06902 -1.29203 0.15572
0.10117 -1.27901 0.13956
0.11449 -1.24449 0.12979
0.10117 -1.20869 0.13213
0.07309 -1.19168 0.15376
0.04094 -1.20459 0.17000
0.02762 -1.23905 0.17998
0.04094 -1.27487 0.17787
0.07309 -1.29106 0.16489
0.10524 -1.27814 0.14865
0.11856 -1.24368 0.13866
0.10524 -1.20787 0.14078
0.07740 -1.19067 0.16281
0.04525 -1.20348 0.17913
0.03193 -1.23787 0.18934
0.04525 -1.27369 0.18746
0.07740 -1.28997 0.17459
0.10956 -1.27716 0.15827
0.12288 -1.24277 0.14806
0.10956 -1.20694 0.14994
0.08197 -1.18953 0.17238
0.04981 -1.20223 0.18878
0.03649 -1.23655 0.19923
0.04981 -1.27239 0.19760
0.08197 -1.28875 0.18485
0.11412 -1.27605 0.16845
0.12744 -1.24173 0.15800
0.11412 -1.20589 0.15963
0.08680 -1.18826 0.18250
0.05464 -1.20084 0.19900
0.04132 -1.23508 0.20970
0.05464 -1.27093 0.20834
0.08680 -1.28738 0.19571
0.11896 -1.27481 0.17922
0.13228 -1.24056 0.16852
0.11896 -1.20472 0.16988
0.09191 -1.18683 0.19322
0.05975 -1.19928 0.20981
0.04643 -1.23344 0.22077
0.05975 -1.26930 0.21969
0.09191 -1.28585 0.20720
0.12407 -1.27340 0.19061
0.13740 -1.23925 0.17964
0.12407 -1.20339 0.18072
0.11275 -1.28225 0.21195
0.13849 -1.25850 0.19652
0.14012 -1.22081 0.19012
0.11668 -1.19124 0.19652
0.08190 -1.18712 0.21195
0.05616 -1.21087 0.22738
0.05454 -1.24856 0.23378
0.07798 -1.27813 0.22738
0.11930 -1.28011 0.22437
0.14459 -1.25594 0.20885
0.14555 -1.21823 0.20242
0.12162 -1.18907 0.20885
0.08682 -1.18554 0.22437
0.06153 -1.20971 0.23988
0.06057 -1.24742 0.24631
0.08450 -1.27658 0.23988
0.12622 -1.27773 0.23750
0.15102 -1.25312 0.22189
0.15128 -1.21541 0.21542
0.12685 -1.18667 0.22189
0.09203 -1.18375 0.23750
0.06723 -1.20836 0.25311
0.06697 -1.24608 0.25957
0.09140 -1.27481 0.25311
0.13352 -1.27506 0.25138
0.15781 -1.25001 0.23566
0.15734 -1.21230 0.22915
0.13239 -1.18403 0.23566
0.09757 -1.18175 0.25138
0.07328 -1.20680 0.26709
0.07375 -1.24451 0.27360
0.09870 -1.27278 0.26709
0.14122 -1.27209 0.26605
0.16496 -1.24658 0.25022
0.16373 -1.20890 0.24366
0.13825 -1.18111 0.25022
0.10345 -1.17950 0.26605
0.07971 -1.20500 0.28187
0.08094 -1.24268 0.28843
0.10642 -1.27047 0.28187
0.14935 -1.26876 0.28155
0.17251 -1.24280 0.26559
0.17048 -1.20516 0.25898
0.14446 -1.17789 0.26559
0.10969 -1.17696 0.28155
0.08653 -1.20292 0.29750
0.08856 -1.24056 0.30411
0.11458 -1.26783 0.29750
0.15793 -1.26504 0.29792
0.18046 -1.23862 0.28182
0.17760 -1.20105 0.27516
0.15103 -1.17433 0.28182
0.11632 -1.17411 0.29792
0.09379 -1.20052 0.31402
0.09664 -1.23810 0.32069
0.12321 -1.26482 0.31402
0.16697 -1.26089 0.31521
0.18884 -1.23402 0.29896
0.18512 -1.19653 0.29222
0.15800 -1.17038 0.29896
0.12335 -1.17090 0.31521
0.10149 -1.19777 0.33146
0.10521 -1.23526 0.33820
0.13233 -1.26140 0.33146
0.17650 -1.25626 0.33346
0.19766 -1.22893 0.31704
0.19305 -1.19156 0.31023
0.16537 -1.16602 0.31704
0.13083 -1.16729 0.33346
0.10967 -1.19462 0.34989
0.11428 -1.23199 0.35669
0.14196 -1.25752 0.34989
0.18653 -1.25109 0.35272
0.20696 -1.22332 0.33610
0.20143 -1.18608 0.32922
0.17319 -1.16119 0.33610
0.13877 -1.16323 0.35272
0.11835 -1.19100 0.36934
0.12388 -1.22824 0.37622
0.15212 -1.25313 0.36934
0.19710 -1.24533 0.37303
0.21674 -1.21712 0.35620
0.21027 -1.18005 0.34923
0.18147 -1.15584 0.35620
0.14721 -1.15866 0.37303
0.12757 -1.18686 0.38986
0.13405 -1.22393 0.39683
0.16285 -1.24815 0.38986
0.20823 -1.23890 0.39444
0.22705 -1.21028 0.37738
0.21959 -1.17342 0.37031
0.19024 -1.14990 0.37738
0.15617 -1.15352 0.39444
0.13736 -1.18214 0.41150
0.14481 -1.21901 0.41857
0.17417 -1.24252 0.41150
0.21993 -1.23175 0.41700
0.23789 -1.20273 0.39968
0.22944 -1.16610 0.39251
0.19953 -1.14332 0.39968
0.16569 -1.14774 0.41700
0.14774 -1.17676 0.43432
0.15619 -1.21338 0.44149
0.18609 -1.23616 0.43432
0.23224 -1.22378 0.44075
0.24929 -1.19438 0.42315
0.23982 -1.15803 0.41586
0.20938 -1.13601 0.42315
0.17580 -1.14123 0.44075
0.15876 -1.17063 0.45834
0.16822 -1.20698 0.46563
0.19866 -1.22900 0.45834
0.24518 -1.21491 0.46573
0.26129 -1.18517 0.44782
0.25078 -1.14913 0.44040
0.21982 -1.12790 0.44782
0.18654 -1.13391 0.46573
0.17043 -1.16365 0.48363
0.18094 -1.19970 0.49105
0.21190 -1.22093 0.48363
0.25877 -1.20505 0.49199
0.27390 -1.17500 0.47375
0.26234 -1.13931 0.46619
0.23088 -1.11888 0.47375
0.19793 -1.12569 0.49199
0.18281 -1.15574 0.51023
0.19436 -1.19143 0.51779
0.22583 -1.21185 0.51023
0.27305 -1.19408 0.51956
0.28716 -1.16376 0.50096
0.27454 -1.12846 0.49325
0.24259 -1.10886 0.50096
0.21002 -1.11644 0.51956
0.19591 -1.14676 0.53817
0.20853 -1.18206 0.54588
0.24048 -1.20166 0.53817
0.28803 -1.18189 0.54849
0.30109 -1.15135 0.52949
0.28741 -1.11649 0.52162
0.25499 -1.09773 0.52949
0.22284 -1.10606 0.54849
0.20978 -1.13660 0.56750
0.22346 -1.17146 0.57537
0.25588 -1.19022 0.56750
0.30375 -1.16835 0.57880
0.31573 -1.13764 0.55937
0.30097 -1.10326 0.55131
0.26813 -1.08535 0.55937
0.23643 -1.09440 0.57880
0.22445 -1.12511 0.59824
0.23920 -1.15949 0.60629
0.27205 -1.17740 0.59824
0.32022 -1.15333 0.61052
0.33110 -1.12250 0.59061
0.31528 -1.08865 0.58237
0.28203 -1.07159 0.59061
0.25083 -1.08133 0.61052
0.23995 -1.11215 0.63042
0.25577 -1.14600 0.63867
0.28902 -1.16306 0.63042
0.33749 -1.13666 0.64365
0.34723 -1.10579 0.62324
0.33035 -1.07250 0.61479
0.29673 -1.05630 0.62324
0.26606 -1.06667 0.64365
0.25631 -1.09754 0.66406
0.27320 -1.13083 0.67251
0.30682 -1.14703 0.66406
0.35557 -1.11818 0.67820
0.36416 -1.08733 0.65726
0.34622 -1.05466 0.64858
0.31226 -1.03930 0.65726
0.28217 -1.05026 0.67820
0.27357 -1.08111 0.69915
0.29151 -1.11378 0.70783
0.32547 -1.12913 0.69915
0.37448 -1.09771 0.71417
0.38191 -1.06695 0.69264
0.36294 -1.03494 0.68372
0.32867 -1.02042 0.69264
0.29919 -1.03190 0.71417
0.29176 -1.06265 0.73570
0.31073 -1.09467 0.74461
0.34500 -1.10919 0.73570
0.39426 -1.07505 0.75152
0.40051 -1.04447 0.72937
0.38051 -1.01316 0.72020
0.34598 -0.99946 0.72937
0.31714 -1.01139 0.75152
0.31089 -1.04196 0.77366
0.33089 -1.07327 0.78284
0.36542 -1.08698 0.77366
0.41492 -1.04999 0.79020
0.41999 -1.01967 0.76740
0.39899 -0.98911 0.75795
0.36422 -0.97620 0.76740
0.33606 -0.98850 0.79020
0.33100 -1.01881 0.81301
0.35200 -1.04937 0.82245
0.38676 -1.06229 0.81301
0.43649 -1.02230 0.83016
0.44036 -0.99234 0.80665
0.41838 -0.96257 0.79692
0.38342 -0.95041 0.80665
0.35597 -0.96300 0.83016
0.35210 -0.99295 0.85366
0.37408 -1.02273 0.86339
0.40903 -1.03488 0.85366
0.45897 -0.99174 0.87128
0.46165 -0.96224 0.84704
0.43871 -0.93330 0.83701
0.40360 -0.92186 0.84704
0.37688 -0.93463 0.87128
0.37420 -0.96413 0.89551
0.39714 -0.99307 0.90555
0.43225 -1.00451 0.89551
0.48238 -0.95805 0.91345
0.48387 -0.92912 0.88844
0.46000 -0.90105 0.87808
0.42477 -0.89029 0.88844
0.39880 -0.90314 0.91345
0.39732 -0.93207 0.93845
0.42118 -0.96014 0.94881
0.45642 -0.97090 0.93845
0.50672 -0.92097 0.95649
0.50702 -0.89272 0.93068
0.48225 -0.86557 0.91999
0.44693 -0.85543 0.93068
0.42175 -0.86825 0.95649
0.42145 -0.89650 0.98230
0.44622 -0.92365 0.99299
0.48153 -0.93379 0.98230
0.53199 -0.88023 1.00020
0.53110 -0.85277 0.97356
0.50547 -0.82658 0.96253
0.47010 -0.81701 0.97356
0.44571 -0.82966 1.00020
0.44659 -0.85712 1.02684
0.47223 -0.88331 1.03787
0.50760 -0.89288 1.02684
0.55816 -0.83553 1.04433
0.55611 -0.80899 1.01683
0.52964 -0.78382 1.00544
0.49424 -0.77475 1.01683
0.47067 -0.78711 1.04433
0.47272 -0.81364 1.07182
0.49919 -0.83882 1.08321
0.53459 -0.84788 1.07182
0.58522 -0.78660 1.08856
0.58202 -0.76112 1.06019
0.55473 -0.73700 1.04844
0.51935 -0.72837 1.06019
0.49660 -0.74029 1.08856
0.49980 -0.76577 1.11693
0.52709 -0.78989 1.12868
0.56247 -0.79852 1.11693
0.61313 -0.73318 1.13252
0.60878 -0.70889 1.10327
0.58072 -0.68587 1.09115
0.54537 -0.67760 1.10327
0.52345 -0.68893 1.13252
0.52780 -0.71321 1.16178
0.55587 -0.73623 1.17389
0.59121 -0.74450 1.16178
0.64183 -0.67499 1.17579
0.63636 -0.65205 1.14565
0.60754 -0.63018 1.13317
0.57226 -0.62219 1.14565
0.55118 -0.63277 1.17579
0.55665 -0.65571 1.20593
0.58547 -0.67757 1.21842
0.62075 -0.68556 1.20593
0.67124 -0.61181 1.21787
0.66467 -0.59037 1.18685
0.63513 -0.56971 1.17401
0.59993 -0.56192 1.18685
0.57969 -0.57157 1.21787
0.58627 -0.59301 1.24888
0.61581 -0.61367 1.26172
0.65101 -0.62146 1.24888
0.70128 -0.54344 1.25817
0.69362 -0.52367 1.22631
0.66339 -0.50427 1.21311
0.62830 -0.49660 1.22631
0.60890 -0.50515 1.25817
0.61656 -0.52491 1.29003
0.64679 -0.54432 1.30322
0.68188 -0.55199 1.29003
0.73181 -0.46974 1.29605
0.72309 -0.45182 1.26338
0.69220 -0.43373 1.24985
0.65723 -0.42609 1.26338
0.63867 -0.43335 1.29605
0.64739 -0.45128 1.32871
0.67828 -0.46936 1.34225
0.71325 -0.47701 1.32871
0.76271 -0.39065 1.33079
0.75295 -0.37474 1.29738
0.72143 -0.35804 1.28354
0.68659 -0.35032 1.29738
0.66886 -0.35612 1.33079
0.67861 -0.37202 1.36420
0.71014 -0.38873 1.37804
0.74497 -0.39644 1.36420
0.79378 -0.30617 1.36160
0.78303 -0.29247 1.32752
0.75090 -0.27721 1.31341
0.71621 -0.26934 1.32752
0.69928 -0.27346 1.36160
0.71004 -0.28716 1.39567
0.74217 -0.30242 1.40978
0.77686 -0.31029 1.39567
0.82484 -0.21643 1.38762
0.81312 -0.20511 1.35299
0.78041 -0.19137 1.33865
0.74587 -0.18325 1.35299
0.72974 -0.18551 1.38762
0.74146 -0.19683 1.42225
0.77417 -0.21057 1.43659
0.80870 -0.21869 1.42225
0.85563 -0.12167 1.40796
0.84299 -0.11293 1.37292
0.80973 -0.10078 1.35840
0.77534 -0.09233 1.37292
0.75997 -0.09253 1.40796
0.77262 -0.10127 1.44301
0.80588 -0.11342 1.45753
0.84026 -0.12187 1.44301
0.88590 -0.02229 1.42169
0.87238 -0.01632 1.38640
0.83860 -0.00582 1.37178
0.80437 0.00304 1.38640
0.78972 0.00509 1.42169
0.80325 -0.00089 1.45699
0.83702 -0.01138 1.47161
0.87126 -0.02025 1.45699
0.91534 0.08115 1.42787
0.90099 0.08419 1.39253
0.86674 0.09295 1.37788
0.83264 0.10230 1.39253
0.81867 0.10676 1.42787
0.83302 0.10372 1.46322
0.86727 0.09496 1.47786
0.90137 0.08562 1.46322
0.94361 0.18794 1.42559
0.92852 0.18787 1.39043
0.89382 0.19481 1.37586
0.85984 0.20470 1.39043
0.84648 0.21173 1.42559
0.86158 0.21180 1.46076
0.89628 0.20486 1.47532
0.93026 0.19497 1.46076
0.97036 0.29714 1.41400
0.95460 0.29382 1.37929
0.91950 0.29887 1.36491
0.88561 0.30933 1.37929
0.87279 0.31907 1.41400
0.88855 0.32238 1.44872
0.92365 0.31733 1.46310
0.95754 0.30688 1.44872
0.99519 0.40766 1.39236
0.97888 0.40096 1.35840
0.94343 0.40404 1.34433
0.90959 0.41508 1.35840
0.89720 0.42762 1.39236
0.91351 0.43431 1.42633
0.94897 0.43123 1.44040
0.98280 0.42019 1.42633
1.01770 0.51823 1.36008
1.00098 0.50807 1.32719
0.96523 0.50909 1.31357
0.93140 0.52068 1.32719
0.91931 0.53606 1.36008
0.93603 0.54622 1.39297
0.97178 0.54521 1.40659
1.00561 0.53361 1.39297
1.03748 0.62744 1.31675
1.02052 0.61376 1.28530
0.98455 0.61262 1.27227
0.95066 0.62470 1.28530
0.93869 0.64291 1.31675
0.95565 0.65659 1.34821
0.99161 0.65773 1.36124
1.02551 0.64566 1.34821
1.05411 0.73377 1.26223
1.03713 0.71655 1.23257
1.00105 0.71315 1.22028
0.96700 0.72557 1.23257
0.95493 0.74652 1.26223
0.97190 0.76374 1.29189
1.00799 0.76714 1.30417
1.04204 0.75473 1.29189
1.06718 0.83565 1.19664
1.05049 0.81492 1.16914
1.01442 0.80911 1.15775
0.98010 0.82164 1.16914
0.96763 0.84516 1.19664
0.98432 0.86589 1.22413
1.02039 0.87169 1.23552
1.05471 0.85917 1.22413
1.07629 0.93154 1.12041
1.06030 0.90737 1.09542
1.02443 0.89896 1.08508
0.98969 0.91123 1.09542
0.97644 0.93701 1.12041
0.99243 0.96119 1.14540
1.02830 0.96960 1.15575
1.06303 0.95732 1.14540
1.08107 1.02004 1.03431
1.06636 0.99253 1.01214
1.03098 0.98120 1.00296
0.99565 0.99268 1.01214
0.98107 1.02026 1.03431
0.99577 1.04777 1.05648
1.03115 1.05910 1.06566
1.06648 1.04762 1.05648
1.08111 1.10002 0.93942
1.06857 1.06932 0.92031
1.03417 1.05457 0.91239
0.99804 1.06439 0.92031
0.98135 1.09303 0.93942
0.99388 1.12373 0.95854
1.02829 1.13849 0.96646
1.06442 1.12866 0.95854
1.07588 1.17079 0.83712
1.06693 1.13717 0.82118
1.03438 1.11816 0.81457
0.99730 1.12490 0.82118
0.97740 1.15344 0.83712
0.98634 1.18706 0.85306
1.01889 1.20607 0.85966
1.05598 1.19933 0.85306
1.01716 1.16898 0.71174
0.98206 1.18125 0.72078
0.96752 1.21382 0.73464
0.98206 1.24761 0.74522
1.01716 1.26281 0.74631
1.05226 1.25053 0.73727
1.06680 1.21796 0.72340
1.05226 1.18418 0.71283
1.00276 1.20865 0.60487
0.96787 1.22148 0.61396
0.95342 1.25521 0.62481
0.96787 1.29009 0.63106
1.00276 1.30569 0.62905
1.03765 1.29286 0.61996
1.05210 1.25913 0.60911
1.03765 1.22425 0.60286
0.98347 1.23607 0.49607
0.94886 1.24960 0.50520
0.93452 1.28422 0.51296
0.94886 1.31966 0.51480
0.98347 1.33514 0.50964
1.01808 1.32161 0.50050
1.03241 1.28699 0.49274
1.01808 1.25156 0.49091
0.95944 1.25127 0.38720
0.92517 1.26566 0.39632
0.91097 1.30089 0.40095
0.92517 1.33634 0.39838
0.95944 1.35123 0.39011
0.99370 1.33685 0.38099
1.00790 1.30161 0.37636
0.99370 1.26617 0.37893
0.93090 1.25467 0.28008
0.89703 1.27005 0.28908
0.88300 1.30562 0.29057
0.89703 1.34055 0.28368
0.93090 1.35438 0.27244
0.96476 1.33900 0.26343
0.97879 1.30343 0.26194
0.96476 1.26850 0.26884
0.89816 1.24699 0.17637
0.86476 1.26347 0.18512
0.85092 1.29912 0.18350
0.86476 1.33304 0.17245
0.89816 1.34537 0.15844
0.93157 1.32889 0.14968
0.94541 1.29325 0.15130
0.93157 1.25932 0.16236
0.83276 1.31809 0.06362
0.86702 1.32438 0.04777
0.89812 1.30307 0.04120
0.90784 1.26665 0.04777
0.89050 1.23644 0.06362
0.85624 1.23015 0.07947
0.82513 1.25146 0.08603
0.81541 1.28789 0.07947
0.78948 1.28726 -0.03383
0.82188 1.29544 -0.05248
0.85419 1.27645 -0.06020
0.86748 1.24140 -0.05248
0.85397 1.21084 -0.03383
0.82157 1.20266 -0.01518
0.78926 1.22166 -0.00745
0.77597 1.25670 -0.01518
0.74468 1.24936 -0.12397
0.77527 1.25804 -0.14526
0.80801 1.24031 -0.15408
0.82373 1.20655 -0.14526
0.81322 1.17654 -0.12397
0.78263 1.16786 -0.10268
0.74988 1.18559 -0.09386
0.73416 1.21935 -0.10268
0.69830 1.20566 -0.20615
0.72716 1.21398 -0.22986
0.75992 1.19680 -0.23968
0.77738 1.16419 -0.22986
0.76931 1.13525 -0.20615
0.74044 1.12694 -0.18244
0.70769 1.14412 -0.17262
0.69023 1.17672 -0.18244
0.65056 1.15750 -0.28000
0.67778 1.16489 -0.30586
0.71029 1.14777 -0.31657
0.72904 1.11618 -0.30586
0.72305 1.08861 -0.28000
0.69583 1.08122 -0.25414
0.66332 1.09834 -0.24343
0.64457 1.12993 -0.25414
0.60181 1.10619 -0.34543
0.62746 1.11230 -0.37317
0.65955 1.09491 -0.38466
0.67929 1.06420 -0.37317
0.67512 1.03818 -0.34543
0.64947 1.03207 -0.31769
0.61738 1.04946 -0.30620
0.59764 1.08016 -0.31769
0.55245 1.05300 -0.40258
0.57657 1.05760 -0.43194
0.60812 1.03969 -0.44409
0.62864 1.00976 -0.43194
0.62609 0.98534 -0.40258
0.60197 0.98074 -0.37323
0.57042 0.99865 -0.36107
0.54990 1.02858 -0.37323
0.50287 0.99903 -0.45179
0.52550 1.00200 -0.48250
0.55643 0.98341 -0.49523
0.57755 0.95415 -0.48250
0.57648 0.93135 -0.45179
0.55386 0.92837 -0.42107
0.52292 0.94697 -0.40834
0.50180 0.97623 -0.42107
0.45345 0.94528 -0.49352
0.47463 0.94657 -0.52537
0.50487 0.92718 -0.53856
0.52646 0.89847 -0.52537
0.52676 0.87726 -0.49352
0.50558 0.87597 -0.46167
0.47534 0.89536 -0.44848
0.45375 0.92407 -0.46167
0.40454 0.89257 -0.52836
0.42429 0.89217 -0.56114
0.45379 0.87191 -0.57471
0.47575 0.84366 -0.56114
0.47730 0.82397 -0.52836
0.45755 0.82437 -0.49559
0.42806 0.84462 -0.48201
0.40610 0.87287 -0.49559
0.35645 0.84155 -0.55695
0.37481 0.83950 -0.59046
0.40351 0.81833 -0.60435
0.42574 0.79044 -0.59046
0.42847 0.77217 -0.55695
0.41011 0.77422 -0.52344
0.38141 0.79539 -0.50955
0.35918 0.82328 -0.52344
0.30943 0.79273 -0.57994
0.32643 0.78909 -0.61404
0.35430 0.76699 -0.62816
0.37671 0.73938 -0.61404
0.38054 0.72242 -0.57994
0.36355 0.72606 -0.54585
0.33568 0.74816 -0.53173
0.31326 0.77578 -0.54585
0.26372 0.74649 -0.59801
0.27938 0.74133 -0.63254
0.30638 0.71830 -0.64685
0.32891 0.69087 -0.63254
0.33377 0.67512 -0.59801
0.31811 0.68027 -0.56347
0.29111 0.70331 -0.54916
0.26858 0.73073 -0.56347
0.21948 0.70306 -0.61177
0.23383 0.69648 -0.64663
0.25993 0.67252 -0.66107
0.28251 0.64520 -0.64663
0.28833 0.63053 -0.61177
0.27398 0.63711 -0.57691
0.24788 0.66107 -0.56246
0.22530 0.68839 -0.57691
0.17686 0.66258 -0.62183
0.18992 0.65468 -0.65692
0.21510 0.62981 -0.67146
0.23766 0.60253 -0.65692
0.24438 0.58882 -0.62183
0.23133 0.59672 -0.58674
0.20614 0.62160 -0.57220
0.18358 0.64888 -0.58674
0.13595 0.62512 -0.62874
0.14775 0.61599 -0.66398
0.17199 0.59023 -0.67858
0.19448 0.56293 -0.66398
0.20204 0.55007 -0.62874
0.19025 0.55920 -0.59350
0.16601 0.58496 -0.57890
0.14352 0.61227 -0.59350
0.09684 0.59066 -0.63299
0.10739 0.58040 -0.66832
0.13066 0.55378 -0.68295
0.15303 0.52640 -0.66832
0.16139 0.51428 -0.63299
0.15083 0.52454 -0.59767
0.12756 0.55116 -0.58303
0.10519 0.57854 -0.59767
0.05955 0.55913 -0.63502
0.06888 0.54784 -0.67038
0.09117 0.52040 -0.68502
0.11336 0.49288 -0.67038
0.12246 0.48140 -0.63502
0.11313 0.49269 -0.59967
0.09084 0.52013 -0.58503
0.06865 0.54765 -0.59967
0.02411 0.53043 -0.63522
0.03223 0.51820 -0.67056
0.05352 0.48996 -0.68520
0.07550 0.46227 -0.67056
0.08530 0.45133 -0.63522
0.07718 0.46357 -0.59988
0.05589 0.49180 -0.58524
0.03391 0.51950 -0.59988
-0.00948 0.50443 -0.63391
-0.00256 0.49134 -0.66919
0.01770 0.46235 -0.68381
0.03943 0.43444 -0.66919
0.04990 0.42396 -0.63391
0.04297 0.43705 -0.59862
0.02271 0.46604 -0.58400
0.00098 0.49395 -0.59862
-0.04125 0.48097 -0.63137
-0.03551 0.46710 -0.66658
-0.01629 0.43739 -0.68116
0.00515 0.40925 -0.66658
0.01625 0.39915 -0.63137
0.01051 0.41301 -0.59617
-0.00871 0.44272 -0.58159
-0.03015 0.47087 -0.59617
-0.07121 0.45989 -0.62785
-0.06665 0.44533 -0.66295
-0.04850 0.41494 -0.67748
-0.02738 0.38652 -0.66295
-0.01567 0.37673 -0.62785
-0.02023 0.39130 -0.59276
-0.03839 0.42169 -0.57823
-0.05950 0.45010 -0.59276
-0.09942 0.44103 -0.62355
-0.09605 0.42583 -0.65851
-0.07897 0.39480 -0.67299
-0.05820 0.36611 -0.65851
-0.04590 0.35656 -0.62355
-0.04928 0.37176 -0.58859
-0.06635 0.40279 -0.57411
-0.08712 0.43149 -0.58859
-0.12593 0.42422 -0.61862
-0.12374 0.40845 -0.65343
-0.10776 0.37681 -0.66784
-0.08736 0.34782 -0.65343
-0.07448 0.33847 -0.61862
-0.07667 0.35423 -0.58382
-0.09265 0.38588 -0.56941
-0.11305 0.41487 -0.58382
-0.15079 0.40929 -0.61321
-0.14979 0.39302 -0.64784
-0.13493 0.36080 -0.66218
-0.11491 0.33151 -0.64784
-0.10146 0.32230 -0.61321
-0.10246 0.33857 -0.57859
-0.11732 0.37078 -0.56425
-0.13734 0.40008 -0.57859
-0.17406 0.39607 -0.60742
-0.17427 0.37935 -0.64185
-0.16055 0.34660 -0.65610
-0.14093 0.31700 -0.64185
-0.12690 0.30789 -0.60742
-0.12669 0.32461 -0.57300
-0.14041 0.35737 -0.55875
-0.16004 0.38697 -0.57300
-0.19581 0.38442 -0.60135
-0.19725 0.36730 -0.63554
-0.18468 0.33405 -0.64971
-0.16546 0.30414 -0.63554
-0.15085 0.29510 -0.60135
-0.14941 0.31222 -0.56715
-0.16198 0.34548 -0.55299
-0.18120 0.37538 -0.56715
-0.21611 0.37419 -0.59505
-0.21880 0.35672 -0.62899
-0.20739 0.32300 -0.64305
-0.18857 0.29279 -0.62899
-0.17335 0.28379 -0.59505
-0.17066 0.30126 -0.56111
-0.18207 0.33498 -0.54705
-0.20089 0.36518 -0.56111
-0.23501 0.36523 -0.58859
-0.23898 0.34745 -0.62225
-0.22875 0.31331 -0.63619
-0.21032 0.28281 -0.62225
-0.19448 0.27381 -0.58859
-0.19051 0.29159 -0.55494
-0.20074 0.32573 -0.54100
-0.21917 0.35624 -0.55494
-0.25260 0.35742 -0.58201
-0.25788 0.33937 -0.61534
-0.24884 0.30485 -0.62915
-0.23078 0.27406 -0.61534
-0.21428 0.26505 -0.58201
-0.20900 0.28310 -0.54868
-0.21804 0.31762 -0.53487
-0.23610 0.34841 -0.54868
-0.26893 0.35063 -0.57533
-0.27555 0.33236 -0.60830
-0.26771 0.29748 -0.62196
-0.25000 0.26642 -0.60830
-0.23280 0.25738 -0.57533
-0.22618 0.27565 -0.54237
-0.23403 0.31053 -0.52871
-0.25173 0.34159 -0.54237
-0.28409 0.34474 -0.56859
-0.29208 0.32628 -0.60115
-0.28543 0.29109 -0.61464
-0.26804 0.25978 -0.60115
-0.25009 0.25070 -0.56859
-0.24210 0.26916 -0.53604
-0.24875 0.30435 -0.52255
-0.26614 0.33565 -0.53604
-0.29813 0.33965 -0.56181
-0.30752 0.32103 -0.59390
-0.30205 0.28557 -0.60719
-0.28494 0.25403 -0.59390
-0.26620 0.24489 -0.56181
-0.25681 0.26350 -0.52972
-0.26228 0.29897 -0.51642
-0.27939 0.33051 -0.52972
-0.31113 0.33526 -0.55498
-0.32194 0.31651 -0.58654
-0.31765 0.28080 -0.59962
-0.30075 0.24905 -0.58654
-0.28116 0.23986 -0.55498
-0.27035 0.25860 -0.52342
-0.27465 0.29431 -0.51035
-0.29154 0.32606 -0.52342
-0.32316 0.33147 -0.54813
-0.33542 0.31262 -0.57910
-0.33225 0.27670 -0.59192
-0.31552 0.24476 -0.57910
-0.29502 0.23551 -0.54813
-0.28276 0.25437 -0.51717
-0.28592 0.29028 -0.50435
-0.30266 0.32222 -0.51717
-0.33428 0.32820 -0.54127
-0.34800 0.30925 -0.57155
-0.34592 0.27316 -0.58409
-0.32928 0.24106 -0.57155
-0.30780 0.23177 -0.54127
-0.29409 0.25072 -0.51098
-0.29616 0.28682 -0.49844
-0.31281 0.31891 -0.51098
-0.34457 0.32537 -0.53439
-0.35974 0.30633 -0.56391
-0.35869 0.27008 -0.57613
-0.34204 0.23786 -0.56391
-0.31954 0.22856 -0.53439
-0.30437 0.24760 -0.50487
-0.30541 0.28385 -0.49264
-0.32206 0.31606 -0.50487
-0.35409 0.32291 -0.52750
-0.37070 0.30375 -0.55616
-0.37060 0.26737 -0.56803
-0.35384 0.23508 -0.55616
-0.33025 0.22579 -0.52750
-0.31363 0.24495 -0.49884
-0.31374 0.28133 -0.48697
-0.33049 0.31362 -0.49884
-0.36293 0.32074 -0.52061
-0.38095 0.30143 -0.54831
-0.38167 0.26493 -0.55978
-0.36469 0.23262 -0.54831
-0.33994 0.22341 -0.52061
-0.32193 0.24272 -0.49291
-0.32120 0.27922 -0.48143
-0.33818 0.31153 -0.49291
-0.37116 0.31879 -0.51371
-0.39051 0.29928 -0.54035
-0.39193 0.26267 -0.55138
-0.37458 0.23039 -0.54035
-0.34862 0.22136 -0.51371
-0.32927 0.24087 -0.48708
-0.32786 0.27749 -0.47604
-0.34521 0.30976 -0.48708
-0.37888 0.31701 -0.50682
-0.39946 0.29720 -0.53229
-0.40137 0.26046 -0.54284
-0.38349 0.22832 -0.53229
-0.35629 0.21959 -0.50682
-0.33571 0.23939 -0.48136
-0.33380 0.27613 -0.47081
-0.35168 0.30828 -0.48136
-0.38616 0.31532 -0.49994
-0.40784 0.29508 -0.52413
-0.41001 0.25821 -0.53415
-0.39141 0.22631 -0.52413
-0.36293 0.21805 -0.49994
-0.34126 0.23828 -0.47575
-0.33908 0.27515 -0.46573
-0.35768 0.30706 -0.47575
-0.39312 0.31365 -0.49307
-0.41569 0.29281 -0.51589
-0.41783 0.25579 -0.52535
-0.39829 0.22427 -0.51589
-0.36851 0.21672 -0.49307
-0.34594 0.23757 -0.47025
-0.34380 0.27459 -0.46080
-0.36335 0.30610 -0.47025
-0.39989 0.31191 -0.48622
-0.42307 0.29023 -0.50759
-0.42479 0.25304 -0.51644
-0.40404 0.22213 -0.50759
-0.37297 0.21561 -0.48622
-0.34979 0.23729 -0.46485
-0.34807 0.27448 -0.45599
-0.36882 0.30539 -0.46485
-0.40659 0.31001 -0.47939
-0.43001 0.28718 -0.49926
-0.43083 0.24982 -0.50749
-0.40856 0.21980 -0.49926
-0.37625 0.21472 -0.47939
-0.35283 0.23755 -0.45952
-0.35201 0.27491 -0.45130
-0.37428 0.30493 -0.45952
-0.41338 0.30778 -0.47260
-0.43653 0.28345 -0.49094
-0.43584 0.24595 -0.49854
-0.41170 0.21725 -0.49094
-0.37826 0.21415 -0.47260
-0.35510 0.23848 -0.45425
-0.35580 0.27598 -0.44665
-0.37994 0.30468 -0.45425
-0.42040 0.30502 -0.46584
-0.44260 0.27880 -0.48270
-0.43965 0.24129 -0.48968
-0.41326 0.21446 -0.48270
-0.37891 0.21403 -0.46584
-0.35671 0.24025 -0.44899
-0.35967 0.27776 -0.44200
-0.38605 0.30459 -0.44899
-0.42778 0.30143 -0.45914
-0.44811 0.27293 -0.47460
-0.44200 0.23570 -0.48101
-0.41302 0.21154 -0.47460
-0.37815 0.21461 -0.45914
-0.35782 0.24310 -0.44367
-0.36393 0.28033 -0.43726
-0.39291 0.30449 -0.44367
-0.40577 0.30478 -0.43981
-0.43921 0.29352 -0.45463
-0.45306 0.26053 -0.46819
-0.43921 0.22512 -0.47256
-0.40577 0.20804 -0.46516
-0.37234 0.21930 -0.45035
-0.35848 0.25229 -0.43678
-0.37234 0.28770 -0.43242
-0.40811 0.30275 -0.43212
-0.44216 0.29129 -0.44531
-0.45627 0.25839 -0.45884
-0.44216 0.22332 -0.46480
-0.40811 0.20662 -0.45969
-0.37406 0.21808 -0.44651
-0.35995 0.25098 -0.43297
-0.37406 0.28605 -0.42702
-0.41000 0.30051 -0.42437
-0.44454 0.28881 -0.43598
-0.45885 0.25603 -0.44959
-0.44454 0.22137 -0.45724
-0.41000 0.20514 -0.45444
-0.37546 0.21683 -0.44283
-0.36115 0.24961 -0.42922
-0.37546 0.28427 -0.42157
-0.41147 0.29803 -0.41658
-0.44638 0.28604 -0.42669
-0.46083 0.25341 -0.44050
-0.44638 0.21925 -0.44991
-0.41147 0.20357 -0.44941
-0.37656 0.21556 -0.43929
-0.36211 0.24819 -0.42548
-0.37656 0.28235 -0.41607
-0.41255 0.29529 -0.40877
-0.44770 0.28295 -0.41751
-0.46227 0.25050 -0.43162
-0.44770 0.21693 -0.44284
-0.41255 0.20192 -0.44459
-0.37739 0.21426 -0.43585
-0.36283 0.24671 -0.42174
-0.37739 0.28028 -0.41052
-0.41325 0.29227 -0.40099
-0.44856 0.27954 -0.40848
-0.46318 0.24729 -0.42299
-0.44856 0.21442 -0.43604
-0.41325 0.20018 -0.43997
-0.37795 0.21291 -0.43248
-0.36333 0.24516 -0.41796
-0.37795 0.27803 -0.40492
-0.41361 0.28896 -0.39325
-0.44897 0.27578 -0.39964
-0.46361 0.24378 -0.41467
-0.44897 0.21171 -0.42955
-0.41361 0.19835 -0.43555
-0.37826 0.21153 -0.42916
-0.36362 0.24353 -0.41413
-0.37826 0.27560 -0.39925
-0.46346 0.23654 -0.40845
-0.44615 0.20651 -0.42467
-0.40980 0.19661 -0.43138
-0.37570 0.21265 -0.42467
-0.36384 0.24522 -0.40845
-0.38116 0.27525 -0.39224
-0.41751 0.28514 -0.38552
-0.45160 0.26911 -0.39224
-0.46270 0.22960 -0.40265
-0.44317 0.20179 -0.42024
-0.40620 0.19512 -0.42752
-0.37344 0.21351 -0.42024
-0.36409 0.24619 -0.40265
-0.38361 0.27400 -0.38506
-0.42059 0.28067 -0.37778
-0.45335 0.26228 -0.38506
-0.46156 0.22337 -0.39701
-0.44053 0.19766 -0.41602
-0.40330 0.19364 -0.42389
-0.37166 0.21368 -0.41602
-0.36416 0.24604 -0.39701
-0.38518 0.27175 -0.37799
-0.42241 0.27576 -0.37012
-0.45405 0.25572 -0.37799
-0.46016 0.21764 -0.39152
-0.43820 0.19389 -0.41196
-0.40092 0.19205 -0.42043
-0.37017 0.21320 -0.41196
-0.36396 0.24495 -0.39152
-0.38593 0.26870 -0.37108
-0.42321 0.27054 -0.36262
-0.45395 0.24939 -0.37108
-0.45860 0.21226 -0.38622
-0.43609 0.19032 -0.40805
-0.39891 0.19027 -0.41710
-0.36883 0.21213 -0.40805
-0.36347 0.24310 -0.38622
-0.38598 0.26504 -0.36438
-0.42317 0.26509 -0.35534
-0.45325 0.24323 -0.36438
-0.45690 0.20709 -0.38109
-0.43416 0.18685 -0.40427
-0.39714 0.18828 -0.41387
-0.36754 0.21055 -0.40427
-0.36269 0.24061 -0.38109
-0.38543 0.26085 -0.35791
-0.42245 0.25942 -0.34831
-0.45205 0.23715 -0.35791
-0.45510 0.20206 -0.37616
-0.43234 0.18339 -0.40062
-0.39553 0.18606 -0.41075
-0.36624 0.20851 -0.40062
-0.36162 0.23758 -0.37616
-0.38438 0.25624 -0.35170
-0.42119 0.25357 -0.34157
-0.45048 0.23113 -0.35170
-0.45320 0.19708 -0.37143
-0.43059 0.17990 -0.39708
-0.39402 0.18362 -0.40771
-0.36490 0.20607 -0.39708
-0.36030 0.23409 -0.37143
-0.38291 0.25126 -0.34577
-0.41948 0.24754 -0.33515
-0.44860 0.22509 -0.34577
-0.45122 0.19211 -0.36690
-0.42888 0.17634 -0.39368
-0.39255 0.18096 -0.40477
-0.36350 0.20326 -0.39368
-0.35875 0.23019 -0.36690
-0.38109 0.24596 -0.34013
-0.41742 0.24134 -0.32904
-0.44647 0.21903 -0.34013
-0.44916 0.18711 -0.36259
-0.42719 0.17268 -0.39041
-0.39110 0.17808 -0.40193
-0.36202 0.20014 -0.39041
-0.35700 0.22594 -0.36259
-0.37897 0.24037 -0.33478
-0.41506 0.23497 -0.32326
-0.44414 0.21291 -0.33478
-0.44703 0.18207 -0.35850
-0.42549 0.16893 -0.38727
-0.38964 0.17500 -0.39919
-0.36047 0.19672 -0.38727
-0.35508 0.22137 -0.35850
-0.37662 0.23451 -0.32973
-0.41248 0.22844 -0.31781
-0.44164 0.20672 -0.32973
-0.44485 0.17696 -0.35463
-0.42378 0.16507 -0.38428
-0.38815 0.17172 -0.39656
-0.35884 0.19303 -0.38428
-0.35301 0.21652 -0.35463
-0.37408 0.22842 -0.32499
-0.40970 0.22176 -0.31271
-0.43902 0.20045 -0.32499
-0.44262 0.17179 -0.35100
-0.42205 0.16109 -0.38144
-0.38664 0.16826 -0.39406
-0.35713 0.18911 -0.38144
-0.35081 0.21141 -0.35100
-0.37137 0.22211 -0.32055
-0.40678 0.21493 -0.30794
-0.43630 0.19409 -0.32055
-0.44035 0.16653 -0.34759
-0.42031 0.15700 -0.37876
-0.38510 0.16463 -0.39168
-0.35536 0.18496 -0.37876
-0.34850 0.20607 -0.34759
-0.36855 0.21560 -0.31642
-0.40375 0.20797 -0.30351
-0.43350 0.18765 -0.31642
-0.43806 0.16120 -0.34442
-0.41854 0.15281 -0.37625
-0.38353 0.16084 -0.38943
-0.35353 0.18061 -0.37625
-0.34611 0.20052 -0.34442
-0.36563 0.20892 -0.31259
-0.40065 0.20088 -0.29941
-0.43065 0.18112 -0.31259
-0.43575 0.15580 -0.34149
-0.41676 0.14851 -0.37391
-0.38192 0.15691 -0.38733
-0.35164 0.17607 -0.37391
-0.34366 0.19478 -0.34149
-0.36264 0.20207 -0.30907
-0.39748 0.19367 -0.29565
-0.42776 0.17451 -0.30907
-0.43343 0.15032 -0.33880
-0.41497 0.14412 -0.37174
-0.38029 0.15284 -0.38538
-0.34972 0.17137 -0.37174
-0.34115 0.18886 -0.33880
-0.35962 0.19506 -0.30586
-0.39429 0.18635 -0.29221
-0.42487 0.16782 -0.30586
-0.43112 0.14478 -0.33634
-0.41317 0.13964 -0.36975
-0.37865 0.14864 -0.38359
-0.34777 0.16651 -0.36975
-0.33862 0.18279 -0.33634
-0.35656 0.18793 -0.30294
-0.39109 0.17893 -0.28910
-0.42197 0.16106 -0.30294
-0.42882 0.13919 -0.33413
-0.41138 0.13509 -0.36795
-0.37699 0.14434 -0.38195
-0.34579 0.16152 -0.36795
-0.33607 0.17657 -0.33413
-0.35351 0.18067 -0.30032
-0.38790 0.17142 -0.28631
-0.41909 0.15423 -0.30032
-0.42654 0.13354 -0.33216
-0.40959 0.13047 -0.36633
-0.37532 0.13995 -0.38048
-0.34381 0.15641 -0.36633
-0.33351 0.17023 -0.33216
-0.35046 0.17330 -0.29799
-0.38473 0.16382 -0.28383
-0.41625 0.14736 -0.29799
-0.42430 0.12786 -0.33043
-0.40781 0.12580 -0.36490
-0.37365 0.13547 -0.37918
-0.34182 0.15120 -0.36490
-0.33097 0.16378 -0.33043
-0.34745 0.16583 -0.29595
-0.38161 0.15616 -0.28167
-0.41344 0.14043 -0.29595
-0.42209 0.12214 -0.32893
-0.40606 0.12109 -0.36366
-0.37199 0.13093 -0.37805
-0.33984 0.14589 -0.36366
-0.32845 0.15722 -0.32893
-0.34448 0.15828 -0.29420
-0.37855 0.14844 -0.27982
-0.41070 0.13347 -0.29420
-0.41994 0.11641 -0.32768
-0.40434 0.11635 -0.36262
-0.37035 0.12633 -0.37709
-0.33788 0.14051 -0.36262
-0.32597 0.15059 -0.32768
-0.34157 0.15065 -0.29273
-0.37556 0.14067 -0.27826
-0.40803 0.12649 -0.29273
-0.41785 0.11067 -0.32665
-0.40265 0.11158 -0.36176
-0.36873 0.12169 -0.37630
-0.33595 0.13506 -0.36176
-0.32353 0.14388 -0.32665
-0.33873 0.14296 -0.29155
-0.37266 0.13286 -0.27700
-0.40543 0.11948 -0.29155
-0.41583 0.10493 -0.32586
-0.40100 0.10682 -0.36109
-0.36713 0.11702 -0.37568
-0.33405 0.12957 -0.36109
-0.32115 0.13710 -0.32586
-0.33597 0.13522 -0.29063
-0.36985 0.12502 -0.27604
-0.40293 0.11247 -0.29063
-0.41388 0.09921 -0.32530
-0.39941 0.10206 -0.36061
-0.36557 0.11234 -0.37524
-0.33220 0.12403 -0.36061
-0.31883 0.13028 -0.32530
-0.33331 0.12743 -0.28999
-0.36714 0.11715 -0.27536
-0.40052 0.10546 -0.28999
-0.41202 0.09351 -0.32497
-0.39786 0.09732 -0.36032
-0.36405 0.10766 -0.37496
-0.33039 0.11847 -0.36032
-0.31659 0.12342 -0.32497
-0.33075 0.11962 -0.28962
-0.36456 0.10928 -0.27497
-0.39822 0.09846 -0.28962
-0.41024 0.08785 -0.32485
-0.39637 0.09261 -0.36020
-0.36258 0.10298 -0.37485
-0.32864 0.11290 -0.36020
-0.31444 0.11654 -0.32485
-0.32830 0.11178 -0.28950
-0.36210 0.10140 -0.27486
-0.39604 0.09149 -0.28950
-0.40855 0.08224 -0.32496
-0.39495 0.08795 -0.36027
-0.36115 0.09834 -0.37490
-0.32694 0.10732 -0.36027
-0.31238 0.10963 -0.32496
-0.32598 0.10392 -0.28965
-0.35978 0.09353 -0.27502
-0.39398 0.08455 -0.28965
-0.40697 0.07669 -0.32529
-0.39359 0.08334 -0.36052
-0.35977 0.09372 -0.37511
-0.32532 0.10175 -0.36052
-0.31041 0.10272 -0.32529
-0.32379 0.09606 -0.29005
-0.35760 0.08568 -0.27546
-0.39206 0.07766 -0.29005
-0.40548 0.07121 -0.32582
-0.39230 0.07881 -0.36094
-0.35845 0.08916 -0.37548
-0.32376 0.09620 -0.36094
-0.30855 0.09580 -0.32582
-0.32174 0.08821 -0.29071
-0.35558 0.07785 -0.27616
-0.39027 0.07082 -0.29071
-0.40411 0.06582 -0.32657
-0.39108 0.07436 -0.36152
-0.35719 0.08465 -0.37600
-0.32228 0.09068 -0.36152
-0.30681 0.08890 -0.32657
-0.31983 0.08036 -0.29161
-0.35373 0.07006 -0.27713
-0.38864 0.06404 -0.29161
-0.40285 0.06053 -0.32752
-0.38994 0.07000 -0.36227
-0.35598 0.08022 -0.37667
-0.32088 0.08519 -0.36227
-0.30518 0.08201 -0.32752
-0.31809 0.07254 -0.29276
-0.35205 0.06232 -0.27836
-0.38715 0.05734 -0.29276
-0.40170 0.05534 -0.32867
-0.38886 0.06575 -0.36318
-0.35483 0.07586 -0.37748
-0.31955 0.07976 -0.36318
-0.30368 0.07515 -0.32867
-0.31652 0.06474 -0.29415
-0.35054 0.05463 -0.27985
-0.38583 0.05074 -0.29415
-0.40067 0.05029 -0.33001
-0.38786 0.06162 -0.36424
-0.35374 0.07160 -0.37842
-0.31831 0.07437 -0.36424
-0.30231 0.06832 -0.33001
-0.31512 0.05698 -0.29578
-0.34923 0.04701 -0.28160
-0.38467 0.04423 -0.29578
-0.39976 0.04537 -0.33155
-0.38692 0.05762 -0.36545
-0.35270 0.06743 -0.37950
-0.31714 0.06905 -0.36545
-0.30107 0.06152 -0.33155
-0.31390 0.04927 -0.29764
-0.34812 0.03946 -0.28360
-0.38369 0.03784 -0.29764
-0.39897 0.04060 -0.33328
-0.38606 0.05376 -0.36681
-0.35172 0.06337 -0.38070
-0.31606 0.06379 -0.36681
-0.29998 0.05477 -0.33328
-0.31288 0.04160 -0.29974
-0.34722 0.03199 -0.28585
-0.38288 0.03158 -0.29974
-0.39830 0.03599 -0.33518
-0.38525 0.05006 -0.36830
-0.35078 0.05942 -0.38201
-0.31506 0.05860 -0.36830
-0.29903 0.04806 -0.33518
-0.31207 0.03400 -0.30207
-0.34655 0.02463 -0.28836
-0.38226 0.02546 -0.30207
-0.39774 0.03157 -0.33727
-0.38451 0.04652 -0.36992
-0.34988 0.05559 -0.38344
-0.31414 0.05348 -0.36992
-0.29823 0.04141 -0.33727
-0.31147 0.02646 -0.30463
-0.34610 0.01738 -0.29111
-0.38183 0.01950 -0.30463
-0.39731 0.02734 -0.33954
-0.38381 0.04315 -0.37166
-0.34901 0.05189 -0.38497
-0.31330 0.04843 -0.37166
-0.29759 0.03481 -0.33954
-0.31109 0.01899 -0.30741
-0.34589 0.01025 -0.29410
-0.38161 0.01371 -0.30741
-0.39699 0.02332 -0.34197
-0.38316 0.03996 -0.37353
-0.34817 0.04831 -0.38660
-0.31253 0.04346 -0.37353
-0.29712 0.02826 -0.34197
-0.31096 0.01161 -0.31041
-0.34594 0.00327 -0.29734
-0.38158 0.00812 -0.31041
-0.39679 0.01953 -0.34457
-0.38253 0.03697 -0.37551
-0.34734 0.04485 -0.38832
-0.31184 0.03855 -0.37551
-0.29681 0.02176 -0.34457
-0.31107 0.00432 -0.31364
-0.34626 -0.00356 -0.30082
-0.38177 0.00274 -0.31364
-0.39669 0.01599 -0.34734
-0.38192 0.03417 -0.37760
-0.34652 0.04151 -0.39013
-0.31121 0.03370 -0.37760
-0.29669 0.01532 -0.34734
-0.31146 -0.00287 -0.31708
-0.34686 -0.01021 -0.30454
-0.38217 -0.00240 -0.31708
-0.39669 0.01271 -0.35026
-0.38132 0.03158 -0.37979
-0.34568 0.03829 -0.39202
-0.31066 0.02891 -0.37979
-0.29676 0.00893 -0.35026
-0.31213 -0.00995 -0.32073
-0.34776 -0.01665 -0.30849
-0.38279 -0.00727 -0.32073
-0.39677 0.00972 -0.35333
-0.38069 0.02920 -0.38208
-0.34482 0.03518 -0.39399
-0.31016 0.02415 -0.38208
-0.29703 0.00258 -0.35333
-0.31310 -0.01690 -0.32458
-0.34898 -0.02288 -0.31267
-0.38363 -0.01185 -0.32458
-0.39693 0.00705 -0.35655
-0.38003 0.02704 -0.38447
-0.34392 0.03216 -0.39603
-0.30973 0.01942 -0.38447
-0.29751 -0.00372 -0.35655
-0.31441 -0.02372 -0.32864
-0.35052 -0.02884 -0.31707
-0.38471 -0.01610 -0.32864
-0.39714 0.00470 -0.35992
-0.37931 0.02508 -0.38696
-0.34295 0.02922 -0.39816
-0.30937 0.01469 -0.38696
-0.29823 -0.01000 -0.35992
-0.31606 -0.03038 -0.33289
-0.35242 -0.03452 -0.32169
-0.38601 -0.01999 -0.33289
-0.39739 0.00271 -0.36343
-0.37849 0.02334 -0.38954
-0.34191 0.02633 -0.40036
-0.30907 0.00994 -0.38954
-0.29921 -0.01624 -0.36343
-0.31810 -0.03687 -0.33732
-0.35469 -0.03986 -0.32650
-0.38753 -0.02347 -0.33732
-0.39764 0.00111 -0.36707
-0.37755 0.02180 -0.39222
-0.34077 0.02347 -0.40264
-0.30884 0.00512 -0.39222
-0.30047 -0.02248 -0.36707
-0.32056 -0.04317 -0.34192
-0.35735 -0.04483 -0.33151
-0.38928 -0.02649 -0.34192
-0.39787 -0.00008 -0.37085
-0.37645 0.02046 -0.39501
-0.33951 0.02058 -0.40501
-0.30869 0.00022 -0.39501
-0.30205 -0.02871 -0.37085
-0.32347 -0.04925 -0.34669
-0.36040 -0.04937 -0.33668
-0.39122 -0.02901 -0.34669
-0.39801 -0.00085 -0.37475
-0.37513 0.01928 -0.39790
-0.33812 0.01763 -0.40749
-0.30866 -0.00482 -0.39790
-0.30400 -0.03493 -0.37475
-0.32687 -0.05506 -0.35159
-0.36388 -0.05341 -0.34200
-0.39335 -0.03096 -0.35159
-0.39801 -0.00117 -0.37876
-0.37357 0.01824 -0.40091
-0.33660 0.01456 -0.41008
-0.30876 -0.01005 -0.40091
-0.30636 -0.04117 -0.37876
-0.33081 -0.06057 -0.35662
-0.36778 -0.05689 -0.34745
-0.39562 -0.03228 -0.35662
-0.39782 -0.00103 -0.38290
-0.37171 0.01728 -0.40405
-0.33494 0.01129 -0.41281
-0.30906 -0.01550 -0.40405
-0.30922 -0.04739 -0.38290
-0.33532 -0.06570 -0.36175
-0.37209 -0.05971 -0.35299
-0.39798 -0.03292 -0.36175
-0.39734 -0.00045 -0.38714
-0.36952 0.01635 -0.40734
-0.33318 0.00775 -0.41570
-0.30962 -0.02122 -0.40734
-0.31263 -0.05359 -0.38714
-0.34046 -0.07039 -0.36695
-0.37679 -0.06179 -0.35858
-0.40036 -0.03282 -0.36695
-0.39650 0.00054 -0.39149
-0.36697 0.01536 -0.41079
-0.33136 0.00386 -0.41878
-0.31053 -0.02723 -0.41079
-0.31669 -0.05970 -0.39149
-0.34622 -0.07453 -0.37219
-0.38183 -0.06302 -0.36420
-0.40266 -0.03193 -0.37219
-0.39522 0.00187 -0.39594
-0.36407 0.01421 -0.41443
-0.32956 -0.00046 -0.42208
-0.31191 -0.03354 -0.41443
-0.32146 -0.06566 -0.39594
-0.35261 -0.07800 -0.37745
-0.38712 -0.06333 -0.36979
-0.40477 -0.03025 -0.37745
-0.39343 0.00343 -0.40048
-0.36086 0.01278 -0.41827
-0.32792 -0.00525 -0.42564
-0.31390 -0.04009 -0.41827
-0.32701 -0.07133 -0.40048
-0.35958 -0.08067 -0.38269
-0.39252 -0.06264 -0.37532
-0.40654 -0.02781 -0.38269
-0.39111 0.00508 -0.40510
-0.35745 0.01096 -0.42234
-0.32659 -0.01052 -0.42947
-0.31661 -0.04677 -0.42234
-0.33336 -0.07655 -0.40510
-0.36702 -0.08243 -0.38786
-0.39787 -0.06095 -0.38073
-0.40785 -0.02470 -0.38786
-0.38830 0.00665 -0.40980
-0.35400 0.00867 -0.42665
-0.32577 -0.01622 -0.43362
-0.32016 -0.05342 -0.42665
-0.34045 -0.08116 -0.40980
-0.37475 -0.08317 -0.39296
-0.40298 -0.05829 -0.38598
-0.40859 -0.02108 -0.39296
-0.38513 0.00797 -0.41458
-0.35072 0.00589 -0.43121
-0.32565 -0.02218 -0.43810
-0.32459 -0.05981 -0.43121
-0.34817 -0.08495 -0.41458
-0.38257 -0.08287 -0.39794
-0.40764 -0.05480 -0.39106
-0.40870 -0.01717 -0.39794
-0.38176 0.00891 -0.41941
-0.34785 0.00269 -0.43602
-0.32636 -0.02821 -0.44290
-0.32986 -0.06569 -0.43602
-0.35632 -0.08780 -0.41941
-0.39023 -0.08158 -0.40281
-0.41173 -0.05067 -0.39593
-0.40822 -0.01319 -0.40281
-0.37844 0.00942 -0.42431
-0.34560 -0.00080 -0.44108
-0.32796 -0.03405 -0.44802
-0.33587 -0.07084 -0.44108
-0.36468 -0.08963 -0.42431
-0.39753 -0.07941 -0.40754
-0.41516 -0.04616 -0.40059
-0.40725 -0.00937 -0.40754
-0.37537 0.00952 -0.42925
-0.34409 -0.00440 -0.44635
-0.33045 -0.03945 -0.45344
-0.34244 -0.07509 -0.44635
-0.37303 -0.09046 -0.42925
-0.40430 -0.07654 -0.41215
-0.41795 -0.04150 -0.40506
-0.40596 -0.00585 -0.41215
-0.37274 0.00929 -0.43423
-0.34341 -0.00789 -0.45182
-0.33373 -0.04419 -0.45911
-0.34937 -0.07835 -0.45182
-0.38117 -0.09036 -0.43423
-0.41049 -0.07318 -0.41664
-0.42017 -0.03688 -0.40935
-0.40453 -0.00272 -0.41664
-0.37066 0.00886 -0.43924
-0.34354 -0.01109 -0.45745
-0.33768 -0.04815 -0.46499
-0.35650 -0.08060 -0.45745
-0.38898 -0.08945 -0.43924
-0.41609 -0.06950 -0.42104
-0.42195 -0.03244 -0.41350
-0.40313 0.00002 -0.42104
-0.36918 0.00837 -0.44427
-0.34443 -0.01385 -0.46320
-0.34215 -0.05123 -0.47104
-0.36367 -0.08189 -0.46320
-0.39639 -0.08785 -0.44427
-0.42114 -0.06563 -0.42535
-0.42343 -0.02825 -0.41751
-0.40190 0.00241 -0.42535
-0.36832 0.00795 -0.44932
-0.34598 -0.01606 -0.46904
-0.34700 -0.05343 -0.47721
-0.37079 -0.08227 -0.46904
-0.40341 -0.08569 -0.44932
-0.42575 -0.06168 -0.42959
-0.42472 -0.02431 -0.42142
-0.40093 0.00453 -0.42959
-0.36803 0.00769 -0.45436
-0.34809 -0.01767 -0.47493
-0.35213 -0.05476 -0.48345
-0.37779 -0.08184 -0.47493
-0.41004 -0.08306 -0.45436
-0.42998 -0.05769 -0.43378
-0.42593 -0.02060 -0.42526
-0.40028 0.00648 -0.43378
-0.36828 0.00768 -0.45939
-0.35067 -0.01866 -0.48085
-0.35745 -0.05526 -0.48974
-0.38464 -0.08068 -0.48085
-0.41632 -0.08002 -0.45939
-0.43393 -0.05368 -0.43792
-0.42715 -0.01708 -0.42903
-0.39996 0.00834 -0.43792
-0.36900 0.00797 -0.46439
-0.35365 -0.01901 -0.48676
-0.36289 -0.05497 -0.49603
-0.39133 -0.07884 -0.48676
-0.42230 -0.07664 -0.46439
-0.43766 -0.04965 -0.44202
-0.42841 -0.01370 -0.43276
-0.39998 0.01017 -0.44202
-0.37015 0.00860 -0.46936
-0.35693 -0.01874 -0.49265
-0.36841 -0.05395 -0.50229
-0.39786 -0.07640 -0.49265
-0.42803 -0.07294 -0.46936
-0.44125 -0.04560 -0.44608
-0.42977 -0.01039 -0.43643
-0.40032 0.01206 -0.44608
-0.37166 0.00960 -0.47429
-0.36047 -0.01786 -0.49848
-0.37397 -0.05224 -0.50850
-0.40424 -0.07340 -0.49848
-0.43355 -0.06895 -0.47429
-0.44474 -0.04149 -0.45009
-0.43124 -0.00711 -0.44007
-0.40097 0.01405 -0.45009
-0.37349 0.01098 -0.47915
-0.36422 -0.01639 -0.50424
-0.37954 -0.04989 -0.51463
-0.41047 -0.06989 -0.50424
-0.43889 -0.06467 -0.47915
-0.44816 -0.03730 -0.45406
-0.43284 -0.00381 -0.44367
-0.40191 0.01619 -0.45406
-0.37559 0.01274 -0.48394
-0.36814 -0.01437 -0.50990
-0.38511 -0.04694 -0.52066
-0.41657 -0.06589 -0.50990
-0.44408 -0.06013 -0.48394
-0.45154 -0.03302 -0.45797
-0.43456 -0.00045 -0.44722
-0.40310 0.01850 -0.45797
-0.37793 0.01488 -0.48864
-0.37219 -0.01181 -0.51545
-0.39067 -0.04342 -0.52656
-0.42255 -0.06144 -0.51545
-0.44916 -0.05531 -0.48864
-0.45490 -0.02862 -0.46182
-0.43641 0.00300 -0.45071
-0.40453 0.02101 -0.46182
-0.38047 0.01742 -0.49323
-0.37634 -0.00873 -0.52087
-0.39621 -0.03937 -0.53232
-0.42843 -0.05656 -0.52087
-0.45412 -0.05022 -0.49323
-0.45825 -0.02408 -0.46559
-0.43839 0.00656 -0.45415
-0.40617 0.02375 -0.46559
-0.38318 0.02033 -0.49771
-0.38058 -0.00515 -0.52614
-0.40171 -0.03481 -0.53791
-0.43420 -0.05126 -0.52614
-0.45901 -0.04487 -0.49771
-0.46161 -0.01938 -0.46928
-0.44047 0.01027 -0.45751
-0.40799 0.02672 -0.46928
-0.38604 0.02362 -0.50205
-0.38488 -0.00111 -0.53124
-0.40718 -0.02976 -0.54333
-0.43987 -0.04556 -0.53124
-0.46381 -0.03924 -0.50205
-0.46497 -0.01452 -0.47287
-0.44267 0.01414 -0.46078
-0.40998 0.02993 -0.47287
-0.38902 0.02727 -0.50625
-0.38923 0.00339 -0.53615
-0.41261 -0.02426 -0.54854
-0.44546 -0.03948 -0.53615
-0.46854 -0.03336 -0.50625
-0.46834 -0.00947 -0.47635
-0.44496 0.01818 -0.46396
-0.41210 0.03340 -0.47635
-0.39210 0.03128 -0.51028
-0.39360 0.00832 -0.54086
-0.41798 -0.01831 -0.55353
-0.45096 -0.03303 -0.54086
-0.47321 -0.02720 -0.51028
-0.47171 -0.00425 -0.47970
-0.44733 0.02239 -0.46703
-0.41435 0.03711 -0.47970
-0.39525 0.03563 -0.51413
-0.39799 0.01367 -0.54535
-0.42330 -0.01195 -0.55829
-0.45637 -0.02622 -0.54535
-0.47782 -0.02079 -0.51413
-0.47509 0.00117 -0.48291
-0.44977 0.02679 -0.46998
-0.41670 0.04106 -0.48291
-0.39847 0.04031 -0.51778
-0.40237 0.01942 -0.54961
-0.42856 -0.00517 -0.56279
-0.46169 -0.01906 -0.54961
-0.48236 -0.01411 -0.51778
-0.47846 0.00678 -0.48596
-0.45227 0.03138 -0.47278
-0.41914 0.04527 -0.48596
-0.40173 0.04531 -0.52122
-0.40674 0.02555 -0.55361
-0.43375 0.00198 -0.56702
-0.46692 -0.01158 -0.55361
-0.48684 -0.00719 -0.52122
-0.48183 0.01258 -0.48884
-0.45482 0.03614 -0.47543
-0.42164 0.04970 -0.48884
-0.40501 0.05062 -0.52444
-0.41109 0.03203 -0.55733
-0.43886 0.00951 -0.57096
-0.47206 -0.00377 -0.55733
-0.49125 -0.00002 -0.52444
-0.48518 0.01857 -0.49154
-0.45740 0.04109 -0.47791
-0.42420 0.05437 -0.49154
-0.40831 0.05621 -0.52740
-0.41539 0.03886 -0.56077
-0.44388 0.01738 -0.57459
-0.47710 0.00434 -0.56077
-0.49558 0.00739 -0.52740
-0.48850 0.02473 -0.49403
-0.46001 0.04621 -0.48021
-0.42679 0.05925 -0.49403
-0.41160 0.06206 -0.53011
-0.41964 0.04601 -0.56390
-0.44881 0.02559 -0.57790
-0.48204 0.01275 -0.56390
-0.49984 0.01502 -0.53011
-0.49180 0.03107 -0.49631
-0.46263 0.05150 -0.48231
-0.42940 0.06434 -0.49631
-0.41486 0.06817 -0.53254
-0.42382 0.05346 -0.56671
-0.45364 0.03410 -0.58087
-0.48686 0.02143 -0.56671
-0.50401 0.02287 -0.53254
-0.49506 0.03758 -0.49836
-0.46524 0.05694 -0.48420
-0.43202 0.06961 -0.49836
-0.41809 0.07451 -0.53467
-0.42792 0.06119 -0.56918
-0.45835 0.04292 -0.58347
-0.49156 0.03038 -0.56918
-0.50809 0.03092 -0.53467
-0.49827 0.04423 -0.50017
-0.46784 0.06251 -0.48587
-0.43463 0.07505 -0.50017
-0.42127 0.08105 -0.53651
-0.43192 0.06918 -0.57129
-0.46293 0.05200 -0.58570
-0.49613 0.03956 -0.57129
-0.51207 0.03916 -0.53651
-0.50142 0.05103 -0.50172
-0.47041 0.06821 -0.48731
-0.43721 0.08065 -0.50172
-0.42438 0.08778 -0.53802
-0.43582 0.07740 -0.57303
-0.46738 0.06133 -0.58754
-0.50057 0.04897 -0.57303
-0.51595 0.04757 -0.53802
-0.50451 0.05794 -0.50300
-0.47295 0.07402 -0.48850
-0.43976 0.08637 -0.50300
-0.42742 0.09466 -0.53920
-0.43960 0.08583 -0.57438
-0.47167 0.07089 -0.58896
-0.50485 0.05859 -0.57438
-0.51970 0.05614 -0.53920
-0.50751 0.06497 -0.50401
-0.47544 0.07991 -0.48944
-0.44226 0.09221 -0.50401
-0.43036 0.10168 -0.54004
-0.44324 0.09444 -0.57534
-0.47581 0.08065 -0.58996
-0.50898 0.06839 -0.57534
-0.52332 0.06484 -0.54004
-0.51044 0.07208 -0.50474
-0.47787 0.08587 -0.49011
-0.44470 0.09813 -0.50474
-0.43319 0.10881 -0.54052
-0.44673 0.10321 -0.57587
-0.47976 0.09059 -0.59051
-0.51293 0.07836 -0.57587
-0.52681 0.07367 -0.54052
-0.51327 0.07927 -0.50517
-0.48024 0.09188 -0.49052
-0.44707 0.10411 -0.50517
-0.43590 0.11601 -0.54064
-0.45005 0.11210 -0.57598
-0.48352 0.10069 -0.59061
-0.51670 0.08846 -0.57598
-0.53015 0.08259 -0.54064
-0.51600 0.08650 -0.50530
-0.48253 0.09791 -0.49066
-0.44935 0.11013 -0.50530
-0.43848 0.12326 -0.54038
-0.45319 0.12108 -0.57564
-0.48707 0.11090 -0.59025
-0.52026 0.09869 -0.57564
-0.53333 0.09159 -0.54038
-0.51862 0.09376 -0.50512
-0.48474 0.10394 -0.49052
-0.45155 0.11616 -0.50512
-0.44091 0.13052 -0.53975
-0.45613 0.13012 -0.57486
-0.49039 0.12121 -0.58940
-0.52362 0.10900 -0.57486
-0.53635 0.10064 -0.53975
-0.52112 0.10104 -0.50464
-0.48687 0.10995 -0.49010
-0.45364 0.12216 -0.50464
-0.44319 0.13775 -0.53873
-0.45886 0.13919 -0.57361
-0.49347 0.13158 -0.58806
-0.52674 0.11938 -0.57361
-0.53918 0.10974 -0.53873
-0.52351 0.10830 -0.50385
-0.48890 0.11591 -0.48940
-0.45563 0.12811 -0.50385
-0.44529 0.14494 -0.53733
-0.46136 0.14825 -0.57190
-0.49629 0.14198 -0.58622
-0.52962 0.12980 -0.57190
-0.54183 0.11884 -0.53733
-0.52576 0.11553 -0.50275
-0.49083 0.12180 -0.48843
-0.45750 0.13398 -0.50275
-0.44722 0.15203 -0.53553
-0.46361 0.15726 -0.56972
-0.49883 0.15238 -0.58388
-0.53224 0.14023 -0.56972
-0.54428 0.12794 -0.53553
-0.52789 0.12271 -0.50135
-0.49268 0.12759 -0.48719
-0.45926 0.13974 -0.50135
-0.44896 0.15899 -0.53335
-0.46559 0.16618 -0.56706
-0.50106 0.16273 -0.58102
-0.53458 0.15065 -0.56706
-0.54652 0.13702 -0.53335
-0.52989 0.12982 -0.49965
-0.49442 0.13327 -0.48569
-0.46090 0.14535 -0.49965
-0.45050 0.16577 -0.53079
-0.46729 0.17497 -0.56392
-0.50296 0.17301 -0.57765
-0.53661 0.16102 -0.56392
-0.54854 0.14605 -0.53079
-0.53175 0.13684 -0.49765
-0.49608 0.13881 -0.48393
-0.46243 0.15079 -0.49765
-0.45184 0.17234 -0.52784
-0.46869 0.18358 -0.56031
-0.50451 0.18316 -0.57376
-0.53833 0.17133 -0.56031
-0.55033 0.15501 -0.52784
-0.53348 0.14377 -0.49537
-0.49765 0.14419 -0.48192
-0.46384 0.15603 -0.49537
-0.45297 0.17866 -0.52451
-0.46976 0.19196 -0.55622
-0.50569 0.19315 -0.56935
-0.53970 0.18153 -0.55622
-0.55187 0.16390 -0.52451
-0.53508 0.15059 -0.49280
-0.49916 0.14940 -0.47967
-0.46515 0.16103 -0.49280
-0.45389 0.18466 -0.52082
-0.47049 0.20006 -0.55167
-0.50645 0.20294 -0.56444
-0.54069 0.19160 -0.55167
-0.55317 0.17270 -0.52082
-0.53656 0.15730 -0.48997
-0.50060 0.15442 -0.47720
-0.46636 0.16576 -0.48997
-0.45459 0.19031 -0.51677
-0.47086 0.20782 -0.54666
-0.50677 0.21247 -0.55904
-0.54129 0.20152 -0.54666
-0.55419 0.18140 -0.51677
-0.53792 0.16389 -0.48689
-0.50201 0.15925 -0.47451
-0.46749 0.17019 -0.48689
-0.45509 0.19555 -0.51238
-0.47084 0.21518 -0.54121
-0.50661 0.22168 -0.55315
-0.54145 0.21126 -0.54121
-0.55493 0.19001 -0.51238
-0.53918 0.17038 -0.48356
-0.50341 0.16387 -0.47162
-0.46857 0.17430 -0.48356
-0.45539 0.20032 -0.50766
-0.47042 0.22206 -0.53533
-0.50594 0.23053 -0.54679
-0.54112 0.22078 -0.53533
-0.55537 0.19851 -0.50766
-0.54033 0.17677 -0.47999
-0.50482 0.16830 -0.46853
-0.46963 0.17805 -0.47999
-0.45551 0.20455 -0.50262
-0.46959 0.22838 -0.52905
-0.50470 0.23895 -0.54000
-0.54028 0.23007 -0.52905
-0.55548 0.20694 -0.50262
-0.54140 0.18311 -0.47619
-0.50629 0.17254 -0.46525
-0.47071 0.18142 -0.47619
-0.45548 0.20818 -0.49729
-0.46831 0.23405 -0.52240
-0.50284 0.24686 -0.53280
-0.53884 0.23909 -0.52240
-0.55522 0.21530 -0.49729
-0.54239 0.18943 -0.47218
-0.50786 0.17663 -0.46178
-0.47186 0.18439 -0.47218
-0.45534 0.21113 -0.49168
-0.46659 0.23897 -0.51541
-0.50031 0.25417 -0.52523
-0.53675 0.24781 -0.51541
-0.55455 0.22363 -0.49168
-0.54330 0.19579 -0.46796
-0.50958 0.18060 -0.45814
-0.47315 0.18695 -0.46796
-0.45516 0.21332 -0.48582
-0.46443 0.24301 -0.50812
-0.49705 0.26077 -0.51736
-0.53390 0.25619 -0.50812
-0.55341 0.23197 -0.48582
-0.54413 0.20228 -0.46353
-0.51152 0.18452 -0.45429
-0.47466 0.18910 -0.46353
-0.45504 0.21467 -0.47973
-0.46186 0.24603 -0.50059
-0.49299 0.26653 -0.50922
-0.53020 0.26418 -0.50059
-0.55168 0.24035 -0.47973
-0.54486 0.20899 -0.45888
-0.51373 0.18849 -0.45024
-0.47652 0.19084 -0.45888
-0.45510 0.21511 -0.47343
-0.45894 0.24785 -0.49286
-0.48810 0.27129 -0.50091
-0.52551 0.27168 -0.49286
-0.54925 0.24881 -0.47343
-0.54542 0.21606 -0.45400
-0.51626 0.19263 -0.44595
-0.47885 0.19223 -0.45400
-0.45555 0.21458 -0.46695
-0.45578 0.24831 -0.48502
-0.48235 0.27481 -0.49251
-0.51969 0.27857 -0.48502
-0.54593 0.25737 -0.46695
-0.54570 0.22364 -0.44888
-0.51913 0.19713 -0.44139
-0.48179 0.19338 -0.44888
-0.45661 0.21311 -0.46031
-0.45260 0.24725 -0.47714
-0.47581 0.27687 -0.48411
-0.51263 0.28462 -0.47714
-0.54150 0.26597 -0.46031
-0.54550 0.23183 -0.44348
-0.52229 0.20222 -0.43651
-0.48547 0.19446 -0.44348
-0.45853 0.21086 -0.45354
-0.44971 0.24459 -0.46931
-0.46866 0.27719 -0.47584
-0.50428 0.28956 -0.46931
-0.53570 0.27445 -0.45354
-0.54452 0.24072 -0.43777
-0.52557 0.20812 -0.43123
-0.48995 0.19575 -0.43777
-0.49494 0.29303 -0.46157
-0.52850 0.28236 -0.44658
-0.54240 0.24999 -0.43165
-0.52850 0.21486 -0.42551
-0.49494 0.19757 -0.43176
-0.46138 0.20823 -0.44675
-0.44748 0.24061 -0.46168
-0.46138 0.27573 -0.46782
-0.49252 0.29607 -0.45146
-0.52572 0.28469 -0.43619
-0.53947 0.25151 -0.42298
-0.52572 0.21596 -0.41958
-0.49252 0.19886 -0.42797
-0.45933 0.21024 -0.44325
-0.44558 0.24342 -0.45645
-0.45933 0.27898 -0.45985
-0.48988 0.29843 -0.44120
-0.52269 0.28623 -0.42574
-0.53629 0.25232 -0.41437
-0.52269 0.21655 -0.41374
-0.48988 0.19988 -0.42423
-0.45707 0.21208 -0.43969
-0.44348 0.24600 -0.45106
-0.45707 0.28177 -0.45169
-0.48702 0.30010 -0.43085
-0.51945 0.28699 -0.41532
-0.53288 0.25242 -0.40587
-0.51945 0.21665 -0.40803
-0.48702 0.20063 -0.42054
-0.45460 0.21375 -0.43607
-0.44117 0.24831 -0.44552
-0.45460 0.28408 -0.44336
-0.48396 0.30106 -0.42045
-0.51599 0.28696 -0.40498
-0.52926 0.25184 -0.39754
-0.51599 0.21629 -0.40248
-0.48396 0.20113 -0.41691
-0.45192 0.21523 -0.43237
-0.43865 0.25034 -0.43982
-0.45192 0.28590 -0.43488
-0.48399 0.20145 -0.41169
-0.45146 0.21398 -0.42748
-0.43605 0.24839 -0.43402
-0.44679 0.28453 -0.42748
-0.47739 0.30123 -0.41169
-0.50993 0.28871 -0.39591
-0.52534 0.25429 -0.38937
-0.51459 0.21815 -0.39591
-0.48670 0.20202 -0.40476
-0.45337 0.21051 -0.42153
-0.43402 0.24279 -0.42848
-0.43999 0.27995 -0.42153
-0.46779 0.30021 -0.40476
-0.50112 0.29172 -0.38799
-0.52047 0.25944 -0.38105
-0.51449 0.22228 -0.38799
-0.48826 0.20261 -0.39791
-0.45482 0.20768 -0.41581
-0.43239 0.23778 -0.42322
-0.43411 0.27529 -0.41581
-0.45897 0.29822 -0.39791
-0.49242 0.29315 -0.38002
-0.51485 0.26305 -0.37260
-0.51313 0.22554 -0.38002
-0.48879 0.20299 -0.39117
-0.45571 0.20526 -0.41027
-0.43090 0.23330 -0.41819
-0.42890 0.27069 -0.41027
-0.45088 0.29552 -0.39117
-0.48396 0.29325 -0.37206
-0.50876 0.26521 -0.36415
-0.51077 0.22782 -0.37206
-0.48842 0.20301 -0.38455
-0.45602 0.20306 -0.40490
-0.42940 0.22923 -0.41333
-0.42416 0.26619 -0.40490
-0.44338 0.29228 -0.38455
-0.47578 0.29223 -0.36420
-0.50240 0.26606 -0.35577
-0.50764 0.22910 -0.36420
-0.48731 0.20257 -0.37808
-0.45577 0.20091 -0.39968
-0.42778 0.22542 -0.40863
-0.41974 0.26175 -0.39968
-0.43635 0.28861 -0.37808
-0.46790 0.29027 -0.35647
-0.49589 0.26576 -0.34752
-0.50393 0.22943 -0.35647
-0.48559 0.20165 -0.37177
-0.45503 0.19871 -0.39461
-0.42599 0.22178 -0.40407
-0.41550 0.25734 -0.39461
-0.42970 0.28457 -0.37177
-0.46026 0.28751 -0.34894
-0.48930 0.26445 -0.33948
-0.49979 0.22888 -0.34894
-0.48337 0.20023 -0.36565
-0.45384 0.19637 -0.38968
-0.42402 0.21819 -0.39963
-0.41138 0.25292 -0.38968
-0.42333 0.28020 -0.36565
-0.45286 0.28406 -0.34162
-0.48268 0.26224 -0.33167
-0.49532 0.22752 -0.34162
-0.48075 0.19833 -0.35973
-0.45228 0.19385 -0.38490
-0.42186 0.21460 -0.39533
-0.40732 0.24843 -0.38490
-0.41718 0.27552 -0.35973
-0.44565 0.28000 -0.33456
-0.47607 0.25925 -0.32414
-0.49061 0.22542 -0.33456
-0.47781 0.19596 -0.35403
-0.45039 0.19111 -0.38028
-0.41953 0.21094 -0.39116
-0.40329 0.24385 -0.38028
-0.41120 0.27054 -0.35403
-0.43862 0.27539 -0.32778
-0.46948 0.25556 -0.31690
-0.48572 0.22265 -0.32778
-0.47460 0.19314 -0.34856
-0.44823 0.18812 -0.37583
-0.41702 0.20717 -0.38713
-0.39926 0.23914 -0.37583
-0.40536 0.26528 -0.34856
-0.43174 0.27030 -0.32129
-0.46294 0.25125 -0.31000
-0.48070 0.21928 -0.32129
-0.47119 0.18989 -0.34333
-0.44583 0.18488 -0.37155
-0.41437 0.20327 -0.38324
-0.39523 0.23428 -0.37155
-0.39963 0.25975 -0.34333
-0.42499 0.26476 -0.31511
-0.45645 0.24638 -0.30343
-0.47559 0.21536 -0.31511
-0.46760 0.18626 -0.33836
-0.44323 0.18139 -0.36746
-0.41158 0.19921 -0.37951
-0.39119 0.22926 -0.36746
-0.39401 0.25396 -0.33836
-0.41838 0.25882 -0.30926
-0.45003 0.24101 -0.29721
-0.47042 0.21095 -0.30926
-0.46390 0.18225 -0.33365
-0.44047 0.17765 -0.36356
-0.40868 0.19497 -0.37594
-0.38714 0.22408 -0.36356
-0.38847 0.24791 -0.33365
-0.41190 0.25252 -0.30374
-0.44369 0.23519 -0.29135
-0.46523 0.20609 -0.30374
-0.46009 0.17791 -0.32920
-0.43758 0.17366 -0.35986
-0.40568 0.19056 -0.37255
-0.38308 0.21872 -0.35986
-0.38302 0.24163 -0.32920
-0.40553 0.24587 -0.29855
-0.43743 0.22897 -0.28586
-0.46003 0.20082 -0.29855
-0.45623 0.17325 -0.32504
-0.43459 0.16944 -0.35637
-0.40261 0.18598 -0.36935
-0.37903 0.21318 -0.35637
-0.37765 0.23511 -0.32504
-0.39929 0.23892 -0.29371
-0.43127 0.22239 -0.28073
-0.45485 0.19519 -0.29371
-0.45232 0.16831 -0.32115
-0.43151 0.16500 -0.35310
-0.39948 0.18122 -0.36633
-0.37498 0.20747 -0.35310
-0.37237 0.22838 -0.32115
-0.39318 0.23169 -0.28921
-0.42521 0.21547 -0.27598
-0.44971 0.18922 -0.28921
-0.44839 0.16311 -0.31756
-0.42838 0.16035 -0.35006
-0.39630 0.17629 -0.36352
-0.37095 0.20160 -0.35006
-0.36718 0.22145 -0.31756
-0.38719 0.22421 -0.28505
-0.41927 0.20826 -0.27159
-0.44462 0.18296 -0.28505
-0.44447 0.15767 -0.31424
-0.42521 0.15550 -0.34724
-0.39310 0.17120 -0.36091
-0.36695 0.19557 -0.34724
-0.36207 0.21433 -0.31424
-0.38133 0.21649 -0.28125
-0.41345 0.20079 -0.26758
-0.43960 0.17643 -0.28125
-0.44057 0.15201 -0.31122
-0.42203 0.15048 -0.34466
-0.38989 0.16596 -0.35851
-0.36298 0.18939 -0.34466
-0.35707 0.20703 -0.31122
-0.37561 0.20856 -0.27778
-0.40775 0.19308 -0.26393
-0.43466 0.16966 -0.27778
-0.43671 0.14617 -0.30849
-0.41884 0.14530 -0.34232
-0.38668 0.16059 -0.35633
-0.35906 0.18307 -0.34232
-0.35217 0.19958 -0.30849
-0.37004 0.20044 -0.27466
-0.40220 0.18516 -0.26065
-0.42982 0.16268 -0.27466
-0.43291 0.14016 -0.30604
-0.41568 0.13998 -0.34021
-0.38349 0.15508 -0.35436
-0.35520 0.17662 -0.34021
-0.34738 0.19198 -0.30604
-0.36461 0.19216 -0.27187
-0.39680 0.17706 -0.25772
-0.42509 0.15552 -0.27187
-0.42917 0.13401 -0.30389
-0.41254 0.13454 -0.33835
-0.38033 0.14947 -0.35262
-0.35140 0.17006 -0.33835
-0.34271 0.18425 -0.30389
-0.35934 0.18372 -0.26942
-0.39155 0.16879 -0.25515
-0.42048 0.14820 -0.26942
-0.42551 0.12773 -0.30201
-0.40945 0.12898 -0.33672
-0.37721 0.14376 -0.35110
-0.34768 0.16340 -0.33672
-0.33816 0.17641 -0.30201
-0.35423 0.17516 -0.26730
-0.38647 0.16038 -0.25293
-0.41599 0.14074 -0.26730
-0.42195 0.12135 -0.30042
-0.40641 0.12334 -0.33534
-0.37414 0.13796 -0.34980
-0.34404 0.15666 -0.33534
-0.33374 0.16846 -0.30042
-0.34928 0.16647 -0.26551
-0.38155 0.15185 -0.25105
-0.41165 0.13316 -0.26551
-0.41849 0.11489 -0.29911
-0.40344 0.11763 -0.33419
-0.37113 0.13210 -0.34872
-0.34049 0.14983 -0.33419
-0.32946 0.16043 -0.29911
-0.34451 0.15769 -0.26404
-0.37682 0.14322 -0.24951
-0.40746 0.12549 -0.26404
-0.41514 0.10836 -0.29808
-0.40055 0.11186 -0.33328
-0.36820 0.12619 -0.34787
-0.33704 0.14295 -0.33328
-0.32532 0.15233 -0.29808
-0.33992 0.14883 -0.26288
-0.37227 0.13450 -0.24830
-0.40342 0.11774 -0.26288
-0.41191 0.10178 -0.29732
-0.39774 0.10605 -0.33261
-0.36534 0.12023 -0.34723
-0.33369 0.13602 -0.33261
-0.32134 0.14417 -0.29732
-0.33551 0.13990 -0.26203
-0.36791 0.12572 -0.24741
-0.39955 0.10993 -0.26203
-0.40881 0.09518 -0.29682
-0.39503 0.10023 -0.33216
-0.36257 0.11426 -0.34680
-0.33046 0.12906 -0.33216
-0.31750 0.13595 -0.29682
-0.33129 0.13091 -0.26148
-0.36374 0.11688 -0.24684
-0.39586 0.10208 -0.26148
-0.40585 0.08857 -0.29659
-0.39242 0.09440 -0.33194
-0.35990 0.10827 -0.34659
-0.32735 0.12207 -0.33194
-0.31383 0.12771 -0.29659
-0.32727 0.12188 -0.26123
-0.35979 0.10801 -0.24659
-0.39234 0.09421 -0.26123
-0.40303 0.08197 -0.29661
-0.38991 0.08858 -0.33195
-0.35732 0.10230 -0.34658
-0.32436 0.11508 -0.33195
-0.31032 0.11944 -0.29661
-0.32345 0.11283 -0.26128
-0.35604 0.09911 -0.24664
-0.38900 0.08633 -0.26128
-0.40037 0.07538 -0.29689
-0.38752 0.08279 -0.33217
-0.35485 0.09634 -0.34678
-0.32149 0.10809 -0.33217
-0.30699 0.11117 -0.29689
-0.31983 0.10376 -0.26161
-0.35250 0.09021 -0.24699
-0.38586 0.07846 -0.26161
-0.39785 0.06884 -0.29741
-0.38524 0.07704 -0.33260
-0.35248 0.09042 -0.34717
-0.31876 0.10112 -0.33260
-0.30382 0.10289 -0.29741
-0.31643 0.09468 -0.26222
-0.34919 0.08131 -0.24764
-0.38291 0.07061 -0.26222
-0.39549 0.06235 -0.29817
-0.38309 0.07136 -0.33324
-0.35023 0.08454 -0.34776
-0.31616 0.09418 -0.33324
-0.30084 0.09462 -0.29817
-0.31324 0.08562 -0.26311
-0.34610 0.07243 -0.24858
-0.38017 0.06280 -0.26311
-0.39329 0.05593 -0.29917
-0.38105 0.06575 -0.33408
-0.34808 0.07873 -0.34854
-0.31370 0.08727 -0.33408
-0.29804 0.08638 -0.29917
-0.31028 0.07656 -0.26427
-0.34325 0.06358 -0.24981
-0.37763 0.05504 -0.26427
-0.39126 0.04960 -0.30040
-0.37914 0.06022 -0.33511
-0.34605 0.07299 -0.34949
-0.31138 0.08042 -0.33511
-0.29542 0.07816 -0.30040
-0.30754 0.06754 -0.26569
-0.34063 0.05478 -0.25131
-0.37530 0.04735 -0.26569
-0.38939 0.04337 -0.30186
-0.37735 0.05480 -0.33634
-0.34414 0.06733 -0.35062
-0.30919 0.07362 -0.33634
-0.29300 0.06999 -0.30186
-0.30503 0.05855 -0.26737
-0.33825 0.04602 -0.25309
-0.37319 0.03973 -0.26737
-0.38769 0.03725 -0.30353
-0.37569 0.04949 -0.33774
-0.34233 0.06177 -0.35192
-0.30715 0.06689 -0.33774
-0.29076 0.06186 -0.30353
-0.30277 0.04961 -0.26932
-0.33613 0.03734 -0.25515
-0.37130 0.03222 -0.26932
-0.38616 0.03126 -0.30542
-0.37414 0.04432 -0.33933
-0.34063 0.05632 -0.35337
-0.30525 0.06024 -0.33933
-0.28873 0.05378 -0.30542
-0.30074 0.04073 -0.27151
-0.33425 0.02873 -0.25747
-0.36963 0.02481 -0.27151
-0.38479 0.02542 -0.30752
-0.37272 0.03928 -0.34108
-0.33904 0.05098 -0.35498
-0.30349 0.05367 -0.34108
-0.28689 0.04577 -0.30752
-0.29896 0.03191 -0.27396
-0.33264 0.02021 -0.26005
-0.36819 0.01752 -0.27396
-0.38360 0.01974 -0.30982
-0.37141 0.03440 -0.34300
-0.33755 0.04578 -0.35674
-0.30186 0.04719 -0.34300
-0.28525 0.03782 -0.30982
-0.29744 0.02316 -0.27665
-0.33130 0.01179 -0.26290
-0.36699 0.01037 -0.27665
-0.38257 0.01423 -0.31233
-0.37020 0.02969 -0.34508
-0.33616 0.04070 -0.35864
-0.30037 0.04081 -0.34508
-0.28382 0.02995 -0.31233
-0.29618 0.01449 -0.27958
-0.33023 0.00349 -0.26601
-0.36602 0.00338 -0.27958
-0.38171 0.00892 -0.31503
-0.36911 0.02516 -0.34731
-0.33485 0.03576 -0.36068
-0.29902 0.03452 -0.34731
-0.28259 0.02216 -0.31503
-0.29520 0.00592 -0.28275
-0.32945 -0.00469 -0.26938
-0.36529 -0.00344 -0.28275
-0.38101 0.00381 -0.31792
-0.36810 0.02082 -0.34968
-0.33363 0.03097 -0.36283
-0.29779 0.02833 -0.34968
-0.28158 0.01444 -0.31792
-0.29449 -0.00256 -0.28616
-0.32896 -0.01272 -0.27301
-0.36480 -0.01008 -0.28616
-0.38047 -0.00107 -0.32100
-0.36718 0.01667 -0.35219
-0.33248 0.02633 -0.36511
-0.29669 0.02224 -0.35219
-0.28078 0.00681 -0.32100
-0.29407 -0.01093 -0.28980
-0.32877 -0.02059 -0.27688
-0.36456 -0.01650 -0.28980
-0.38008 -0.00570 -0.32426
-0.36634 0.01274 -0.35484
-0.33139 0.02184 -0.36751
-0.29571 0.01625 -0.35484
-0.28021 -0.00074 -0.32426
-0.29395 -0.01918 -0.29367
-0.32890 -0.02828 -0.28101
-0.36458 -0.02269 -0.29367
-0.37984 -0.01008 -0.32769
-0.36555 0.00903 -0.35762
-0.33035 0.01749 -0.37001
-0.29486 0.01036 -0.35762
-0.27986 -0.00820 -0.32769
-0.29415 -0.02730 -0.29777
-0.32935 -0.03577 -0.28538
-0.36485 -0.02863 -0.29777
-0.37974 -0.01417 -0.33130
-0.36481 0.00554 -0.36052
-0.32935 0.01329 -0.37262
-0.29411 0.00454 -0.36052
-0.27975 -0.01558 -0.33130
-0.29467 -0.03529 -0.30209
-0.33014 -0.04304 -0.28999
-0.36538 -0.03429 -0.30209
-0.37976 -0.01796 -0.33508
-0.36410 0.00228 -0.36354
-0.32836 0.00922 -0.37532
-0.29348 -0.00120 -0.36354
-0.27988 -0.02288 -0.33508
-0.29554 -0.04312 -0.30663
-0.33128 -0.05006 -0.29485
-0.36617 -0.03964 -0.30663
-0.37990 -0.02142 -0.33903
-0.36339 -0.00074 -0.36668
-0.32738 0.00529 -0.37813
-0.29295 -0.00688 -0.36668
-0.28027 -0.03010 -0.33903
-0.29678 -0.05078 -0.31138
-0.33279 -0.05681 -0.29993
-0.36722 -0.04464 -0.31138
-0.38013 -0.02453 -0.34314
-0.36266 -0.00352 -0.36993
-0.32638 0.00146 -0.38103
-0.29253 -0.01251 -0.36993
-0.28094 -0.03726 -0.34314
-0.29840 -0.05827 -0.31634
-0.33468 -0.06325 -0.30524
-0.36853 -0.04927 -0.31634
-0.38043 -0.02727 -0.34740
-0.36189 -0.00606 -0.37330
-0.32535 -0.00228 -0.38403
-0.29222 -0.01814 -0.37330
-0.28190 -0.04434 -0.34740
-0.30043 -0.06555 -0.32150
-0.33697 -0.06933 -0.31077
-0.37011 -0.05348 -0.32150
-0.38077 -0.02960 -0.35182
-0.36103 -0.00837 -0.37679
-0.32427 -0.00595 -0.38714
-0.29202 -0.02377 -0.37679
-0.28317 -0.05138 -0.35182
-0.30291 -0.07261 -0.32684
-0.33968 -0.07503 -0.31649
-0.37193 -0.05721 -0.32684
-0.38113 -0.03152 -0.35638
-0.36006 -0.01046 -0.38041
-0.32312 -0.00960 -0.39036
-0.29194 -0.02944 -0.38041
-0.28480 -0.05836 -0.35638
-0.30587 -0.07942 -0.33236
-0.34281 -0.08027 -0.32241
-0.37399 -0.06043 -0.33236
-0.38145 -0.03298 -0.36109
-0.35893 -0.01235 -0.38414
-0.32188 -0.01327 -0.39369
-0.29202 -0.03520 -0.38414
-0.28682 -0.06530 -0.36109
-0.30934 -0.08593 -0.33804
-0.34639 -0.08501 -0.32849
-0.37626 -0.06308 -0.33804
-0.38169 -0.03398 -0.36594
-0.35760 -0.01406 -0.38802
-0.32056 -0.01700 -0.39716
-0.29226 -0.04108 -0.38802
-0.28928 -0.07219 -0.36594
-0.31336 -0.09211 -0.34386
-0.35041 -0.08917 -0.33471
-0.37871 -0.06509 -0.34386
-0.38178 -0.03450 -0.37092
-0.35603 -0.01563 -0.39204
-0.31915 -0.02086 -0.40078
-0.29272 -0.04712 -0.39204
-0.29224 -0.07903 -0.37092
-0.31798 -0.09790 -0.34981
-0.35487 -0.09267 -0.34106
-0.38129 -0.06641 -0.34981
-0.38164 -0.03455 -0.37604
-0.35419 -0.01713 -0.39622
-0.31767 -0.02493 -0.40458
-0.29347 -0.05337 -0.39622
-0.29577 -0.08580 -0.37604
-0.32322 -0.10322 -0.35585
-0.35974 -0.09543 -0.34749
-0.38394 -0.06699 -0.35585
-0.38120 -0.03416 -0.38127
-0.35204 -0.01863 -0.40058
-0.31615 -0.02927 -0.40857
-0.29458 -0.05984 -0.40058
-0.29994 -0.09245 -0.38127
-0.32910 -0.10798 -0.36197
-0.36498 -0.09734 -0.35397
-0.38656 -0.06677 -0.36197
-0.38038 -0.03339 -0.38663
-0.34958 -0.02022 -0.40513
-0.31469 -0.03395 -0.41280
-0.29615 -0.06654 -0.40513
-0.30483 -0.09890 -0.38663
-0.33563 -0.11207 -0.36813
-0.37052 -0.09833 -0.36047
-0.38905 -0.06574 -0.36813
-0.37912 -0.03231 -0.39210
-0.34685 -0.02200 -0.40990
-0.31338 -0.03904 -0.41728
-0.29832 -0.07344 -0.40990
-0.31050 -0.10505 -0.39210
-0.34277 -0.11536 -0.37430
-0.37623 -0.09833 -0.36693
-0.39129 -0.06393 -0.37430
-0.37738 -0.03107 -0.39768
-0.34393 -0.02409 -0.41491
-0.31238 -0.04453 -0.42204
-0.30121 -0.08043 -0.41491
-0.31696 -0.11076 -0.39768
-0.35042 -0.11774 -0.38046
-0.38197 -0.09729 -0.37332
-0.39313 -0.06139 -0.38046
-0.37519 -0.02981 -0.40336
-0.34096 -0.02655 -0.42017
-0.31185 -0.05040 -0.42713
-0.30491 -0.08738 -0.42017
-0.32421 -0.11584 -0.40336
-0.35844 -0.11910 -0.38656
-0.38754 -0.09525 -0.37960
-0.39448 -0.05827 -0.38656
-0.37263 -0.02870 -0.40914
-0.33813 -0.02944 -0.42568
-0.31198 -0.05652 -0.43254
-0.30949 -0.09409 -0.42568
-0.33213 -0.12013 -0.40914
-0.36663 -0.11940 -0.39260
-0.39278 -0.09231 -0.38574
-0.39527 -0.05475 -0.39260
-0.36987 -0.02787 -0.41500
-0.33566 -0.03270 -0.43147
-0.31291 -0.06271 -0.43829
-0.31494 -0.10031 -0.43147
-0.34057 -0.12348 -0.41500
-0.37477 -0.11865 -0.39854
-0.39752 -0.08864 -0.39172
-0.39549 -0.05104 -0.39854
-0.36710 -0.02739 -0.42094
-0.33376 -0.03624 -0.43751
-0.31474 -0.06873 -0.44437
-0.32118 -0.10583 -0.43751
-0.34931 -0.12579 -0.42094
-0.38266 -0.11694 -0.40438
-0.40168 -0.08445 -0.39752
-0.39523 -0.04735 -0.40438
-0.36454 -0.02726 -0.42696
-0.33257 -0.03989 -0.44379
-0.31746 -0.07435 -0.45076
-0.32805 -0.11045 -0.44379
-0.35815 -0.12705 -0.42696
-0.39011 -0.11443 -0.41013
-0.40523 -0.07997 -0.40316
-0.39463 -0.04386 -0.41013
-0.36237 -0.02742 -0.43303
-0.33220 -0.04344 -0.45028
-0.32102 -0.07933 -0.45742
-0.33539 -0.11408 -0.45028
-0.36688 -0.12732 -0.43303
-0.39705 -0.11130 -0.41578
-0.40823 -0.07540 -0.40863
-0.39386 -0.04066 -0.41578
-0.36073 -0.02775 -0.43915
-0.33266 -0.04671 -0.45696
-0.32531 -0.08353 -0.46433
-0.34300 -0.11666 -0.45696
-0.37536 -0.12668 -0.43915
-0.40343 -0.10772 -0.42135
-0.41078 -0.07089 -0.41398
-0.39309 -0.03777 -0.42135
-0.35969 -0.02813 -0.44532
-0.33390 -0.04953 -0.46379
-0.33019 -0.08684 -0.47143
-0.35074 -0.11821 -0.46379
-0.38351 -0.12525 -0.44532
-0.40930 -0.10384 -0.42686
-0.41301 -0.06653 -0.41921
-0.39246 -0.03517 -0.42686
-0.35927 -0.02842 -0.45152
-0.33585 -0.05180 -0.47073
-0.33552 -0.08923 -0.47869
-0.35849 -0.11878 -0.47073
-0.39130 -0.12315 -0.45152
-0.41473 -0.09977 -0.43231
-0.41505 -0.06234 -0.42435
-0.39208 -0.03278 -0.43231
-0.35946 -0.02851 -0.45773
-0.33841 -0.05343 -0.47776
-0.34120 -0.09068 -0.48605
-0.36619 -0.11845 -0.47776
-0.39874 -0.12048 -0.45773
-0.41978 -0.09556 -0.43771
-0.41700 -0.05831 -0.42942
-0.39201 -0.03054 -0.43771
-0.36021 -0.02832 -0.46396
-0.34151 -0.05438 -0.48483
-0.34712 -0.09123 -0.49348
-0.37377 -0.11730 -0.48483
-0.40585 -0.11731 -0.46396
-0.42455 -0.09125 -0.44308
-0.41893 -0.05440 -0.43443
-0.39228 -0.02834 -0.44308
-0.36148 -0.02779 -0.47017
-0.34504 -0.05463 -0.49193
-0.35322 -0.09091 -0.50094
-0.38124 -0.11538 -0.49193
-0.41267 -0.11369 -0.47017
-0.42911 -0.08685 -0.44841
-0.42093 -0.05057 -0.43940
-0.39292 -0.02610 -0.44841
-0.36321 -0.02685 -0.47636
-0.34894 -0.05419 -0.49902
-0.35944 -0.08978 -0.50840
-0.38857 -0.11276 -0.49902
-0.41925 -0.10968 -0.47636
-0.43352 -0.08234 -0.45371
-0.42302 -0.04675 -0.44432
-0.39390 -0.02377 -0.45371
-0.36534 -0.02549 -0.48252
-0.35314 -0.05307 -0.50608
-0.36574 -0.08786 -0.51583
-0.39577 -0.10949 -0.50608
-0.42563 -0.10528 -0.48252
-0.43784 -0.07770 -0.45897
-0.42524 -0.04290 -0.44921
-0.39521 -0.02128 -0.45897
-0.36783 -0.02368 -0.48863
-0.35758 -0.05128 -0.51307
-0.37209 -0.08522 -0.52320
-0.40285 -0.10561 -0.51307
-0.43184 -0.10051 -0.48863
-0.44209 -0.07291 -0.46418
-0.42759 -0.03897 -0.45406
-0.39683 -0.01858 -0.46418
-0.37064 -0.02141 -0.49466
-0.36224 -0.04884 -0.51999
-0.37847 -0.08187 -0.53048
-0.40981 -0.10115 -0.51999
-0.43792 -0.09539 -0.49466
-0.44632 -0.06795 -0.46934
-0.43009 -0.03492 -0.45885
-0.39874 -0.01564 -0.46934
-0.37371 -0.01867 -0.50062
-0.36706 -0.04577 -0.52680
-0.38486 -0.07787 -0.53764
-0.41668 -0.09615 -0.52680
-0.44389 -0.08991 -0.50062
-0.45054 -0.06280 -0.47443
-0.43274 -0.03071 -0.46359
-0.40091 -0.01243 -0.47443
-0.37702 -0.01546 -0.50646
-0.37202 -0.04210 -0.53348
-0.39126 -0.07323 -0.54467
-0.42346 -0.09062 -0.53348
-0.44976 -0.08407 -0.50646
-0.45476 -0.05743 -0.47945
-0.43552 -0.02630 -0.46826
-0.40332 -0.00891 -0.47945
-0.38053 -0.01178 -0.51219
-0.37709 -0.03783 -0.54001
-0.39765 -0.06798 -0.55154
-0.43015 -0.08457 -0.54001
-0.45556 -0.07789 -0.51219
-0.45899 -0.05183 -0.48437
-0.43844 -0.02168 -0.47284
-0.40594 -0.00509 -0.48437
-0.38421 -0.00764 -0.51777
-0.38225 -0.03299 -0.54637
-0.40402 -0.06215 -0.55822
-0.43676 -0.07804 -0.54637
-0.46129 -0.07134 -0.51777
-0.46325 -0.04599 -0.48918
-0.44148 -0.01683 -0.47733
-0.40874 -0.00094 -0.48918
-0.38804 -0.00304 -0.52320
-0.38748 -0.02760 -0.55254
-0.41037 -0.05576 -0.56469
-0.44329 -0.07102 -0.55254
-0.46696 -0.06444 -0.52320
-0.46752 -0.03988 -0.49386
-0.44463 -0.01172 -0.48170
-0.41171 0.00354 -0.49386
-0.39199 0.00201 -0.52843
-0.39276 -0.02167 -0.55848
-0.41669 -0.04882 -0.57093
-0.44975 -0.06354 -0.55848
-0.47258 -0.05719 -0.52843
-0.47181 -0.03351 -0.49839
-0.44788 -0.00636 -0.48594
-0.41482 0.00836 -0.49839
-0.39604 0.00750 -0.53347
-0.39807 -0.01523 -0.56419
-0.42297 -0.04137 -0.57691
-0.45613 -0.05560 -0.56419
-0.47815 -0.04959 -0.53347
-0.47611 -0.02686 -0.50275
-0.45122 -0.00073 -0.49002
-0.41805 0.01350 -0.50275
-0.40017 0.01341 -0.53828
-0.40340 -0.00829 -0.56963
-0.42920 -0.03340 -0.58262
-0.46244 -0.04721 -0.56963
-0.48366 -0.04163 -0.53828
-0.48042 -0.01993 -0.50692
-0.45463 0.00517 -0.49394
-0.42139 0.01899 -0.50692
-0.40435 0.01973 -0.54284
-0.40873 -0.00087 -0.57479
-0.43537 -0.02495 -0.58802
-0.46866 -0.03840 -0.57479
-0.48911 -0.03334 -0.54284
-0.48473 -0.01274 -0.51089
-0.45809 0.01134 -0.49766
-0.42480 0.02479 -0.51089
-0.40858 0.02645 -0.54713
-0.41404 0.00701 -0.57963
-0.44147 -0.01603 -0.59310
-0.47480 -0.02917 -0.57963
-0.49450 -0.02471 -0.54713
-0.48903 -0.00527 -0.51463
-0.46160 0.01777 -0.50116
-0.42828 0.03091 -0.51463
-0.41282 0.03355 -0.55113
-0.41932 0.01533 -0.58414
-0.44749 -0.00667 -0.59782
-0.48084 -0.01954 -0.58414
-0.49981 -0.01576 -0.55113
-0.49331 0.00247 -0.51811
-0.46514 0.02446 -0.50444
-0.43179 0.03733 -0.51811
-0.41706 0.04101 -0.55481
-0.42455 0.02406 -0.58829
-0.45343 0.00313 -0.60216
-0.48677 -0.00953 -0.58829
-0.50505 -0.00649 -0.55481
-0.49756 0.01045 -0.52133
-0.46868 0.03139 -0.50746
-0.43534 0.04405 -0.52133
-0.42128 0.04881 -0.55816
-0.42972 0.03320 -0.59206
-0.45926 0.01333 -0.60611
-0.49260 0.00086 -0.59206
-0.51021 0.00307 -0.55816
-0.50177 0.01869 -0.52425
-0.47223 0.03855 -0.51021
-0.43889 0.05103 -0.52425
-0.42547 0.05693 -0.56114
-0.43480 0.04270 -0.59542
-0.46497 0.02392 -0.60962
-0.49830 0.01159 -0.59542
-0.51526 0.01292 -0.56114
-0.50593 0.02715 -0.52687
-0.47576 0.04593 -0.51267
-0.44243 0.05826 -0.52687
-0.42960 0.06534 -0.56375
-0.43979 0.05256 -0.59835
-0.47056 0.03487 -0.61268
-0.50387 0.02265 -0.59835
-0.52021 0.02304 -0.56375
-0.51001 0.03582 -0.52915
-0.47925 0.05350 -0.51482
-0.44594 0.06573 -0.52915
-0.43365 0.07401 -0.56596
-0.44467 0.06272 -0.60083
-0.47599 0.04616 -0.61527
-0.50928 0.03401 -0.60083
-0.52504 0.03340 -0.56596
-0.51403 0.04468 -0.53109
-0.48270 0.06125 -0.51664
-0.44941 0.07340 -0.53109
-0.43762 0.08291 -0.56774
-0.44941 0.07318 -0.60283
-0.48127 0.05775 -0.61736
-0.51454 0.04566 -0.60283
-0.52973 0.04399 -0.56774
-0.51795 0.05372 -0.53266
-0.48609 0.06915 -0.51813
-0.45281 0.08124 -0.53266
-0.44148 0.09202 -0.56909
-0.45399 0.08389 -0.60433
-0.48636 0.06962 -0.61892
-0.51962 0.05756 -0.60433
-0.53428 0.05478 -0.56909
-0.52177 0.06291 -0.53385
-0.48940 0.07718 -0.51926
-0.45614 0.08924 -0.53385
-0.44521 0.10129 -0.56998
-0.45841 0.09482 -0.60531
-0.49126 0.08173 -0.61995
-0.52451 0.06968 -0.60531
-0.53867 0.06574 -0.56998
-0.52547 0.07221 -0.53465
-0.49262 0.08531 -0.52002
-0.45938 0.09735 -0.53465
-0.44879 0.11070 -0.57040
-0.46264 0.10594 -0.60576
-0.49594 0.09405 -0.62040
-0.52918 0.08201 -0.60576
-0.54289 0.07686 -0.57040
-0.52904 0.08162 -0.53505
-0.49574 0.09350 -0.52040
-0.46250 0.10555 -0.53505
-0.45222 0.12020 -0.57034
-0.46666 0.11720 -0.60565
-0.50039 0.10655 -0.62027
-0.53363 0.09449 -0.60565
-0.54692 0.08809 -0.57034
-0.53248 0.09109 -0.53503
-0.49875 0.10174 -0.52040
-0.46551 0.11379 -0.53503
-0.45546 0.12975 -0.56978
-0.47046 0.12856 -0.60497
-0.50457 0.11918 -0.61954
-0.53783 0.10711 -0.60497
-0.55075 0.09941 -0.56978
-0.53576 0.10060 -0.53459
-0.50164 0.10998 -0.52001
-0.46838 0.12205 -0.53459
-0.45852 0.13931 -0.56871
-0.47400 0.13998 -0.60370
-0.50848 0.13191 -0.61820
-0.54177 0.11983 -0.60370
-0.55437 0.11080 -0.56871
-0.53889 0.11012 -0.53372
-0.50440 0.11819 -0.51923
-0.47111 0.13028 -0.53372
-0.46136 0.14883 -0.56713
-0.47727 0.15142 -0.60184
-0.51209 0.14470 -0.61622
-0.54543 0.13260 -0.60184
-0.55775 0.12221 -0.56713
-0.54184 0.11962 -0.53242
-0.50702 0.12634 -0.51805
-0.47368 0.13844 -0.53242
-0.46398 0.15827 -0.56503
-0.48025 0.16282 -0.59937
-0.51537 0.15749 -0.61359
-0.54878 0.14539 -0.59937
-0.56089 0.13362 -0.56503
-0.54462 0.12907 -0.53070
-0.50950 0.13440 -0.51647
-0.47609 0.14650 -0.53070
-0.46636 0.16757 -0.56242
-0.48291 0.17413 -0.59629
-0.51830 0.17024 -0.61032
-0.55179 0.15817 -0.59629
-0.56377 0.14500 -0.56242
-0.54722 0.13844 -0.52854
-0.51183 0.14233 -0.51451
-0.47834 0.15440 -0.52854
-0.46848 0.17669 -0.55928
-0.48523 0.18530 -0.59259
-0.52085 0.18290 -0.60639
-0.55446 0.17089 -0.59259
-0.56638 0.15632 -0.55928
-0.54963 0.14770 -0.52597
-0.51402 0.15011 -0.51217
-0.48041 0.16211 -0.52597
-0.47034 0.18557 -0.55563
-0.48720 0.19627 -0.58828
-0.52298 0.19542 -0.60180
-0.55675 0.18352 -0.58828
-0.56870 0.16754 -0.55563
-0.55185 0.15684 -0.52298
-0.51607 0.15769 -0.50946
-0.48230 0.16959 -0.52298
-0.47194 0.19416 -0.55147
-0.48877 0.20698 -0.58336
-0.52468 0.20775 -0.59656
-0.55863 0.19601 -0.58336
-0.57072 0.17865 -0.55147
-0.55389 0.16583 -0.51959
-0.51798 0.16506 -0.50638
-0.48403 0.17679 -0.51959
-0.47325 0.20239 -0.54682
-0.48994 0.21736 -0.57783
-0.52590 0.21982 -0.59067
-0.56007 0.20832 -0.57783
-0.57243 0.18961 -0.54682
-0.55573 0.17464 -0.51581
-0.51977 0.17219 -0.50296
-0.48560 0.18368 -0.51581
-0.47428 0.21020 -0.54168
-0.49067 0.22733 -0.57171
-0.52662 0.23157 -0.58415
-0.56105 0.22042 -0.57171
-0.57380 0.20042 -0.54168
-0.55740 0.18329 -0.51165
-0.52146 0.17905 -0.49921
-0.48703 0.19020 -0.51165
-0.47502 0.21752 -0.53607
-0.49095 0.23683 -0.56502
-0.52677 0.24294 -0.57701
-0.56151 0.23227 -0.56502
-0.57481 0.21106 -0.53607
-0.55889 0.19175 -0.50713
-0.52306 0.18564 -0.49514
-0.48833 0.19632 -0.50713
-0.47549 0.22429 -0.53002
-0.49074 0.24577 -0.55777
-0.52633 0.25386 -0.56927
-0.56142 0.24382 -0.55777
-0.57546 0.22153 -0.53002
-0.56021 0.20004 -0.50226
-0.52462 0.19195 -0.49076
-0.48953 0.20199 -0.50226
-0.47571 0.23042 -0.52353
-0.49002 0.25406 -0.55001
-0.52524 0.26426 -0.56097
-0.56073 0.25504 -0.55001
-0.57570 0.23182 -0.52353
-0.56138 0.20818 -0.49706
-0.52616 0.19798 -0.48610
-0.49068 0.20719 -0.49706
-0.47569 0.23584 -0.51665
-0.48878 0.26158 -0.54176
-0.52344 0.27403 -0.55216
-0.55936 0.26590 -0.54176
-0.57550 0.24195 -0.51665
-0.56240 0.21621 -0.49155
-0.52775 0.20375 -0.48115
-0.49183 0.21188 -0.49155
-0.47548 0.24045 -0.50940
-0.48701 0.26822 -0.53306
-0.52088 0.28309 -0.54287
-0.55725 0.27635 -0.53306
-0.57482 0.25195 -0.50940
-0.56329 0.22417 -0.48573
-0.52942 0.20930 -0.47593
-0.49305 0.21604 -0.48573
-0.47515 0.24415 -0.50180
-0.48469 0.27384 -0.52398
-0.51747 0.29132 -0.53317
-0.55428 0.28635 -0.52398
-0.57357 0.26185 -0.50180
-0.56403 0.23216 -0.47962
-0.53125 0.21468 -0.47043
-0.49444 0.21964 -0.47962
-0.47480 0.24684 -0.49389
-0.48186 0.27826 -0.51457
-0.51315 0.29855 -0.52313
-0.55035 0.29583 -0.51457
-0.57166 0.27170 -0.49389
-0.56460 0.24028 -0.47321
-0.53331 0.21999 -0.46464
-0.49611 0.22271 -0.47321
-0.47458 0.24844 -0.48570
-0.47858 0.28131 -0.50490
-0.50787 0.30461 -0.51285
-0.54530 0.30471 -0.50490
-0.56895 0.28153 -0.48570
-0.56495 0.24867 -0.46651
-0.53566 0.22537 -0.45855
-0.49823 0.22527 -0.46651
-0.47470 0.24889 -0.47727
-0.47497 0.28277 -0.49506
-0.50160 0.30925 -0.50242
-0.53899 0.31281 -0.49506
-0.56522 0.29137 -0.47727
-0.56495 0.25749 -0.45949
-0.53832 0.23101 -0.45212
-0.50094 0.22745 -0.45949
-0.47542 0.24820 -0.46864
-0.47128 0.28248 -0.48514
-0.49441 0.31219 -0.49198
-0.53125 0.31993 -0.48514
-0.56024 0.30116 -0.46864
-0.56438 0.26688 -0.45214
-0.54125 0.23717 -0.44531
-0.50440 0.22943 -0.45214
-0.47703 0.24653 -0.45984
-0.46783 0.28033 -0.47526
-0.48649 0.31312 -0.48164
-0.52206 0.32571 -0.47526
-0.55371 0.31071 -0.45984
-0.56290 0.27691 -0.44443
-0.54425 0.24411 -0.43804
-0.50868 0.23153 -0.44443
-0.51259 0.32985 -0.46520
-0.54619 0.31896 -0.45046
-0.56010 0.28638 -0.43599
-0.54619 0.25120 -0.43026
-0.51259 0.23402 -0.43663
-0.47899 0.24491 -0.45137
-0.46508 0.27749 -0.46584
-0.47899 0.31267 -0.47156
-0.50951 0.33339 -0.45294
-0.54273 0.32177 -0.43792
-0.55650 0.28840 -0.42523
-0.54273 0.25281 -0.42231
-0.50951 0.23586 -0.43085
-0.47628 0.24747 -0.44587
-0.46252 0.28085 -0.45856
-0.47628 0.31644 -0.46149
-0.50613 0.33608 -0.44054
-0.53897 0.32363 -0.42534
-0.55257 0.28953 -0.41453
-0.53897 0.25376 -0.41444
-0.50613 0.23727 -0.42512
-0.47329 0.24972 -0.44031
-0.45968 0.28382 -0.45112
-0.47329 0.31959 -0.45122
-0.50246 0.33791 -0.42806
-0.53491 0.32453 -0.41280
-0.54835 0.28981 -0.40396
-0.53491 0.25408 -0.40670
-0.50246 0.23828 -0.41944
-0.47002 0.25166 -0.43469
-0.45658 0.28638 -0.44354
-0.47002 0.32211 -0.44079
-0.49853 0.33887 -0.41555
-0.53057 0.32448 -0.40037
-0.54385 0.28924 -0.39358
-0.53057 0.25378 -0.39915
-0.49853 0.23888 -0.41383
-0.46648 0.25327 -0.42901
-0.45320 0.28851 -0.43580
-0.46648 0.32397 -0.43023
-0.49956 0.23931 -0.40569
-0.46659 0.25057 -0.42152
-0.44987 0.28436 -0.42808
-0.45920 0.32089 -0.42152
-0.48911 0.33876 -0.40569
-0.52208 0.32750 -0.38986
-0.53880 0.29370 -0.38331
-0.52947 0.25717 -0.38986
-0.50116 0.23985 -0.39679
-0.46761 0.24713 -0.41370
-0.44712 0.27868 -0.42071
-0.45169 0.31603 -0.41370
-0.47865 0.33728 -0.39679
-0.51220 0.33000 -0.37988
-0.53268 0.29845 -0.37287
-0.52811 0.26111 -0.37988
-0.50150 0.24021 -0.38802
-0.46803 0.24419 -0.40614
-0.44465 0.27353 -0.41365
-0.44504 0.31105 -0.40614
-0.46899 0.33477 -0.38802
-0.50246 0.33080 -0.36990
-0.52585 0.30145 -0.36239
-0.52545 0.26393 -0.36990
-0.50075 0.24015 -0.37941
-0.46779 0.24149 -0.39881
-0.44221 0.26880 -0.40684
-0.43899 0.30607 -0.39881
-0.46002 0.33148 -0.37941
-0.49298 0.33015 -0.36000
-0.51856 0.30284 -0.35197
-0.52178 0.26557 -0.36000
-0.49907 0.23956 -0.37098
-0.46689 0.23885 -0.39169
-0.43966 0.26433 -0.40027
-0.43333 0.30109 -0.39169
-0.45161 0.32758 -0.37098
-0.48378 0.32829 -0.35028
-0.51101 0.30280 -0.34170
-0.51734 0.26605 -0.35028
-0.49662 0.23836 -0.36278
-0.46539 0.23611 -0.38478
-0.43693 0.26001 -0.39390
-0.42791 0.29606 -0.38478
-0.44361 0.32315 -0.36278
-0.47484 0.32540 -0.34078
-0.50331 0.30150 -0.33166
-0.51233 0.26545 -0.34078
-0.49356 0.23653 -0.35482
-0.46337 0.23316 -0.37809
-0.43398 0.25571 -0.38772
-0.42262 0.29096 -0.37809
-0.43594 0.31827 -0.35482
-0.46614 0.32163 -0.33155
-0.49552 0.29909 -0.32192
-0.50688 0.26384 -0.33155
-0.49000 0.23409 -0.34713
-0.46088 0.22996 -0.37160
-0.43081 0.25134 -0.38174
-0.41740 0.28572 -0.37160
-0.42851 0.31295 -0.34713
-0.45763 0.31709 -0.32265
-0.48770 0.29571 -0.31251
-0.50111 0.26133 -0.32265
-0.48604 0.23106 -0.33972
-0.45800 0.22644 -0.36535
-0.42741 0.24684 -0.37597
-0.41219 0.28031 -0.36535
-0.42126 0.30724 -0.33972
-0.44930 0.31186 -0.31408
-0.47988 0.29146 -0.30347
-0.49510 0.25799 -0.31408
-0.48176 0.22747 -0.33261
-0.45479 0.22260 -0.35933
-0.42382 0.24217 -0.37040
-0.40699 0.27470 -0.35933
-0.41415 0.30115 -0.33261
-0.44111 0.30602 -0.30590
-0.47208 0.28645 -0.29483
-0.48892 0.25391 -0.30590
-0.47722 0.22334 -0.32583
-0.45131 0.21842 -0.35356
-0.42005 0.23728 -0.36504
-0.40176 0.26888 -0.35356
-0.40715 0.29469 -0.32583
-0.43307 0.29961 -0.29810
-0.46432 0.28075 -0.28661
-0.48261 0.24916 -0.29810
-0.47248 0.21872 -0.31938
-0.44759 0.21390 -0.34805
-0.41612 0.23217 -0.35992
-0.39652 0.26281 -0.34805
-0.40026 0.28789 -0.31938
-0.42515 0.29270 -0.29071
-0.45661 0.27444 -0.27884
-0.47621 0.24379 -0.29071
-0.46759 0.21364 -0.31327
-0.44368 0.20906 -0.34280
-0.41207 0.22681 -0.35504
-0.39126 0.25651 -0.34280
-0.39345 0.28075 -0.31327
-0.41736 0.28534 -0.28374
-0.44897 0.26758 -0.27151
-0.46978 0.23788 -0.28374
-0.46258 0.20814 -0.30752
-0.43962 0.20389 -0.33784
-0.40790 0.22121 -0.35040
-0.38599 0.24997 -0.33784
-0.38673 0.27330 -0.30752
-0.40969 0.27755 -0.27720
-0.44141 0.26023 -0.26464
-0.46332 0.23148 -0.27720
-0.45750 0.20225 -0.30213
-0.43545 0.19842 -0.33317
-0.40364 0.21537 -0.34603
-0.38072 0.24319 -0.33317
-0.38010 0.26556 -0.30213
-0.40215 0.26939 -0.27109
-0.43395 0.25243 -0.25824
-0.45688 0.22462 -0.27109
-0.45238 0.19601 -0.29711
-0.43119 0.19266 -0.32880
-0.39933 0.20930 -0.34193
-0.37545 0.23617 -0.32880
-0.37355 0.25754 -0.29711
-0.39474 0.26088 -0.26542
-0.42661 0.24425 -0.25229
-0.45048 0.21737 -0.26542
-0.44724 0.18944 -0.29245
-0.42687 0.18664 -0.32473
-0.39497 0.20300 -0.33810
-0.37021 0.22894 -0.32473
-0.36711 0.24926 -0.29245
-0.38747 0.25206 -0.26018
-0.41938 0.23570 -0.24681
-0.44414 0.20976 -0.26018
-0.44211 0.18259 -0.28817
-0.42252 0.18037 -0.32097
-0.39059 0.19649 -0.33456
-0.36500 0.22150 -0.32097
-0.36076 0.24075 -0.28817
-0.38035 0.24296 -0.25537
-0.41229 0.22685 -0.24178
-0.43787 0.20184 -0.25537
-0.43701 0.17547 -0.28425
-0.41816 0.17388 -0.31752
-0.38620 0.18978 -0.33130
-0.35984 0.21387 -0.31752
-0.35453 0.23202 -0.28425
-0.37338 0.23361 -0.25098
-0.40535 0.21771 -0.23720
-0.43170 0.19363 -0.25098
-0.43197 0.16813 -0.28070
-0.41382 0.16719 -0.31438
-0.38183 0.18290 -0.32833
-0.35475 0.20605 -0.31438
-0.34843 0.22309 -0.28070
-0.36658 0.22404 -0.24702
-0.39856 0.20833 -0.23307
-0.42565 0.18517 -0.24702
-0.42700 0.16059 -0.27752
-0.40951 0.16032 -0.31155
-0.37750 0.17585 -0.32565
-0.34972 0.19808 -0.31155
-0.34245 0.21399 -0.27752
-0.35994 0.21426 -0.24348
-0.39195 0.19873 -0.22938
-0.41973 0.17650 -0.24348
-0.42212 0.15288 -0.27470
-0.40524 0.15330 -0.30904
-0.37321 0.16866 -0.32327
-0.34478 0.18996 -0.30904
-0.33661 0.20473 -0.27470
-0.35348 0.20431 -0.24035
-0.38552 0.18895 -0.22613
-0.41395 0.16765 -0.24035
-0.41734 0.14502 -0.27223
-0.40104 0.14614 -0.30684
-0.36898 0.16134 -0.32117
-0.33994 0.18171 -0.30684
-0.33092 0.19533 -0.27223
-0.34721 0.19421 -0.23762
-0.37928 0.17901 -0.22329
-0.40832 0.15864 -0.23762
-0.41268 0.13703 -0.27011
-0.39693 0.13886 -0.30494
-0.36483 0.15391 -0.31937
-0.33520 0.17336 -0.30494
-0.32539 0.18582 -0.27011
-0.34114 0.18399 -0.23529
-0.37323 0.16894 -0.22086
-0.40287 0.14949 -0.23529
-0.40816 0.12895 -0.26834
-0.39291 0.13150 -0.30335
-0.36077 0.14639 -0.31785
-0.33058 0.16491 -0.30335
-0.32002 0.17620 -0.26834
-0.33527 0.17365 -0.23334
-0.36740 0.15875 -0.21884
-0.39759 0.14024 -0.23334
-0.40377 0.12079 -0.26691
-0.38899 0.12407 -0.30205
-0.35682 0.13881 -0.31661
-0.32610 0.15638 -0.30205
-0.31483 0.16649 -0.26691
-0.32961 0.16322 -0.23176
-0.36179 0.14848 -0.21720
-0.39251 0.13091 -0.23176
-0.39955 0.11258 -0.26580
-0.38519 0.11658 -0.30105
-0.35297 0.13117 -0.31565
-0.32174 0.14779 -0.30105
-0.30982 0.15672 -0.26580
-0.32417 0.15272 -0.23055
-0.35640 0.13814 -0.21595
-0.38762 0.12151 -0.23055
-0.39548 0.10434 -0.26502
-0.38152 0.10907 -0.30033
-0.34924 0.12349 -0.31496
-0.31754 0.13916 -0.30033
-0.30499 0.14690 -0.26502
-0.31895 0.14217 -0.22970
-0.35124 0.12774 -0.21507
-0.38294 0.11207 -0.22970
-0.39159 0.09608 -0.26454
-0.37799 0.10154 -0.29990
-0.34563 0.11580 -0.31454
-0.31348 0.13050 -0.29990
-0.30036 0.13704 -0.26454
-0.31396 0.13158 -0.22919
-0.34632 0.11732 -0.21455
-0.37847 0.10261 -0.22919
-0.38787 0.08782 -0.26438
-0.37460 0.09402 -0.29973
-0.34217 0.10810 -0.31437
-0.30958 0.12183 -0.29973
-0.29593 0.12715 -0.26438
-0.30921 0.12096 -0.22903
-0.34164 0.10687 -0.21438
-0.37422 0.09315 -0.22903
-0.38434 0.07959 -0.26451
-0.37135 0.08652 -0.29983
-0.33884 0.10042 -0.31446
-0.30585 0.11316 -0.29983
-0.29171 0.11727 -0.26451
-0.30470 0.11034 -0.22919
-0.33722 0.09643 -0.21456
-0.37020 0.08370 -0.22919
-0.38100 0.07140 -0.26493
-0.36826 0.07906 -0.30019
-0.33566 0.09278 -0.31480
-0.30229 0.10451 -0.30019
-0.28770 0.10738 -0.26493
-0.30044 0.09972 -0.22967
-0.33305 0.08600 -0.21506
-0.36642 0.07427 -0.22967
-0.37786 0.06326 -0.26563
-0.36533 0.07166 -0.30080
-0.33263 0.08517 -0.31537
-0.29890 0.09588 -0.30080
-0.28391 0.09751 -0.26563
-0.29643 0.08912 -0.23046
-0.32914 0.07561 -0.21589
-0.36287 0.06490 -0.23046
-0.37491 0.05520 -0.26661
-0.36256 0.06434 -0.30166
-0.32974 0.07763 -0.31618
-0.29568 0.08730 -0.30166
-0.28033 0.08768 -0.26661
-0.29268 0.07854 -0.23156
-0.32549 0.06525 -0.21704
-0.35955 0.05558 -0.23156
-0.37216 0.04723 -0.26785
-0.35995 0.05710 -0.30275
-0.32702 0.07017 -0.31721
-0.29265 0.07877 -0.30275
-0.27697 0.07788 -0.26785
-0.28918 0.06801 -0.23295
-0.32212 0.05494 -0.21849
-0.35649 0.04634 -0.23295
-0.36962 0.03936 -0.26935
-0.35751 0.04997 -0.30407
-0.32445 0.06279 -0.31845
-0.28979 0.07031 -0.30407
-0.27385 0.06814 -0.26935
-0.28595 0.05753 -0.23463
-0.31902 0.04471 -0.22025
-0.35367 0.03718 -0.23463
-0.36728 0.03161 -0.27110
-0.35524 0.04295 -0.30561
-0.32203 0.05551 -0.31990
-0.28712 0.06193 -0.30561
-0.27095 0.05845 -0.27110
-0.28299 0.04711 -0.23659
-0.31619 0.03455 -0.22230
-0.35111 0.02813 -0.23659
-0.36514 0.02399 -0.27309
-0.35312 0.03607 -0.30736
-0.31977 0.04835 -0.32155
-0.28463 0.05364 -0.30736
-0.26828 0.04884 -0.27309
-0.28030 0.03676 -0.23883
-0.31365 0.02448 -0.22463
-0.34879 0.01919 -0.23883
-0.36322 0.01652 -0.27532
-0.35117 0.02933 -0.30931
-0.31767 0.04131 -0.32339
-0.28232 0.04544 -0.30931
-0.26585 0.03930 -0.27532
-0.27789 0.02649 -0.24133
-0.31140 0.01451 -0.22725
-0.34674 0.01038 -0.24133
-0.36149 0.00921 -0.27779
-0.34938 0.02275 -0.31147
-0.31571 0.03441 -0.32542
-0.28020 0.03735 -0.31147
-0.26365 0.02985 -0.27779
-0.27576 0.01631 -0.24411
-0.30943 0.00466 -0.23015
-0.34495 0.00172 -0.24411
-0.35998 0.00208 -0.28048
-0.34775 0.01635 -0.31382
-0.31390 0.02765 -0.32762
-0.27825 0.02937 -0.31382
-0.26169 0.02050 -0.28048
-0.27391 0.00623 -0.24714
-0.30777 -0.00507 -0.23333
-0.34341 -0.00679 -0.24714
-0.35866 -0.00486 -0.28339
-0.34627 0.01012 -0.31635
-0.31223 0.02105 -0.33000
-0.27648 0.02151 -0.31635
-0.25997 0.01124 -0.28339
-0.27236 -0.00374 -0.25043
-0.30640 -0.01467 -0.23677
-0.34215 -0.01513 -0.25043
-0.35755 -0.01160 -0.28651
-0.34493 0.00409 -0.31905
-0.31069 0.01460 -0.33253
-0.27489 0.01378 -0.31905
-0.25849 0.00209 -0.28651
-0.27110 -0.01360 -0.25397
-0.30534 -0.02411 -0.24049
-0.34115 -0.02328 -0.25397
-0.35663 -0.01812 -0.28984
-0.34373 -0.00173 -0.32193
-0.30929 0.00833 -0.33522
-0.27347 0.00617 -0.32193
-0.25726 -0.00695 -0.28984
-0.27015 -0.02333 -0.25776
-0.30460 -0.03339 -0.24447
-0.34042 -0.03124 -0.25776
-0.35591 -0.02440 -0.29338
-0.34267 -0.00734 -0.32498
-0.30800 0.00223 -0.33806
-0.27222 -0.00130 -0.32498
-0.25627 -0.01587 -0.29338
-0.26951 -0.03293 -0.26179
-0.30417 -0.04250 -0.24871
-0.33996 -0.03897 -0.26179
-0.35537 -0.03043 -0.29712
-0.34172 -0.01272 -0.32818
-0.30683 -0.00369 -0.34104
-0.27113 -0.00865 -0.32818
-0.25554 -0.02468 -0.29712
-0.26918 -0.04239 -0.26607
-0.30408 -0.05142 -0.25321
-0.33978 -0.04646 -0.26607
-0.35502 -0.03619 -0.30106
-0.34088 -0.01786 -0.33154
-0.30575 -0.00944 -0.34416
-0.27020 -0.01586 -0.33154
-0.25506 -0.03336 -0.30106
-0.26919 -0.05170 -0.27059
-0.30432 -0.06012 -0.25797
-0.33987 -0.05370 -0.27059
-0.35484 -0.04167 -0.30519
-0.34014 -0.02276 -0.33504
-0.30477 -0.01500 -0.34741
-0.26943 -0.02294 -0.33504
-0.25484 -0.04193 -0.30519
-0.26953 -0.06084 -0.27534
-0.30491 -0.06859 -0.26298
-0.34024 -0.06065 -0.27534
-0.35482 -0.04683 -0.30951
-0.33948 -0.02740 -0.33869
-0.30386 -0.02039 -0.35078
-0.26882 -0.02990 -0.33869
-0.25489 -0.05037 -0.30951
-0.27023 -0.06981 -0.28033
-0.30585 -0.07682 -0.26825
-0.34089 -0.06730 -0.28033
-0.35496 -0.05168 -0.31402
-0.33888 -0.03179 -0.34249
-0.30301 -0.02560 -0.35428
-0.26835 -0.03675 -0.34249
-0.25521 -0.05869 -0.31402
-0.27129 -0.07858 -0.28556
-0.30717 -0.08477 -0.27377
-0.34183 -0.07362 -0.28556
-0.35525 -0.05617 -0.31871
-0.33833 -0.03591 -0.34642
-0.30220 -0.03066 -0.35790
-0.26803 -0.04349 -0.34642
-0.25582 -0.06690 -0.31871
-0.27274 -0.08716 -0.29100
-0.30886 -0.09241 -0.27953
-0.34304 -0.07958 -0.29100
-0.35565 -0.06030 -0.32358
-0.33780 -0.03977 -0.35049
-0.30143 -0.03556 -0.36164
-0.26785 -0.05015 -0.35049
-0.25674 -0.07499 -0.32358
-0.27459 -0.09552 -0.29667
-0.31096 -0.09973 -0.28553
-0.34453 -0.08514 -0.29667
-0.35616 -0.06404 -0.32863
-0.33726 -0.04336 -0.35470
-0.30067 -0.04034 -0.36550
-0.26783 -0.05674 -0.35470
-0.25797 -0.08296 -0.32863
-0.27686 -0.10364 -0.30256
-0.31345 -0.10666 -0.29176
-0.34630 -0.09026 -0.30256
-0.35675 -0.06737 -0.33385
-0.33669 -0.04670 -0.35905
-0.29991 -0.04501 -0.36949
-0.26795 -0.06329 -0.35905
-0.25954 -0.09083 -0.33385
-0.27959 -0.11150 -0.30865
-0.31637 -0.11319 -0.29821
-0.34833 -0.09491 -0.30865
-0.35738 -0.07025 -0.33924
-0.33606 -0.04978 -0.36354
-0.29914 -0.04960 -0.37361
-0.26824 -0.06982 -0.36354
-0.26148 -0.09859 -0.33924
-0.28280 -0.11907 -0.31493
-0.31972 -0.11925 -0.30487
-0.35061 -0.09903 -0.31493
-0.35802 -0.07268 -0.34479
-0.33532 -0.05262 -0.36818
-0.29833 -0.05414 -0.37787
-0.26871 -0.07636 -0.36818
-0.26382 -0.10625 -0.34479
-0.28651 -0.12631 -0.32141
-0.32350 -0.12479 -0.31172
-0.35312 -0.10258 -0.32141
-0.35862 -0.07464 -0.35052
-0.33445 -0.05525 -0.37298
-0.29749 -0.05869 -0.38228
-0.26939 -0.08294 -0.37298
-0.26660 -0.11380 -0.35052
-0.29077 -0.13319 -0.32805
-0.32773 -0.12975 -0.31875
-0.35583 -0.10550 -0.32805
-0.35913 -0.07611 -0.35640
-0.33341 -0.05770 -0.37794
-0.29662 -0.06330 -0.38687
-0.27031 -0.08961 -0.37794
-0.26989 -0.12124 -0.35640
-0.29560 -0.13964 -0.33485
-0.33240 -0.13405 -0.32593
-0.35871 -0.10773 -0.33485
-0.35948 -0.07710 -0.36244
-0.33216 -0.06002 -0.38309
-0.29573 -0.06801 -0.39164
-0.27152 -0.09639 -0.38309
-0.27372 -0.12853 -0.36244
-0.30104 -0.14561 -0.34179
-0.33748 -0.13762 -0.33323
-0.36168 -0.10924 -0.34179
-0.35961 -0.07762 -0.36863
-0.33068 -0.06226 -0.38842
-0.29485 -0.07290 -0.39662
-0.27310 -0.10330 -0.38842
-0.27817 -0.13565 -0.36863
-0.30710 -0.15101 -0.34883
-0.34293 -0.14037 -0.34063
-0.36468 -0.10997 -0.34883
-0.35945 -0.07771 -0.37497
-0.32897 -0.06451 -0.39397
-0.29405 -0.07802 -0.40184
-0.27513 -0.11034 -0.39397
-0.28331 -0.14254 -0.37497
-0.31378 -0.15575 -0.35597
-0.34871 -0.14223 -0.34809
-0.36763 -0.10991 -0.35597
-0.35894 -0.07745 -0.38145
-0.32705 -0.06684 -0.39975
-0.29341 -0.08342 -0.40733
-0.27772 -0.11749 -0.39975
-0.28917 -0.14909 -0.38145
-0.32106 -0.15971 -0.36316
-0.35471 -0.14312 -0.35558
-0.37040 -0.10905 -0.36316
-0.35805 -0.07694 -0.38808
-0.32498 -0.06934 -0.40577
-0.29305 -0.08912 -0.41310
-0.28096 -0.12469 -0.40577
-0.29581 -0.15520 -0.38808
-0.32888 -0.16279 -0.37038
-0.36081 -0.14301 -0.36306
-0.37289 -0.10745 -0.37038
-0.35678 -0.07628 -0.39484
-0.32286 -0.07210 -0.41206
-0.29311 -0.09510 -0.41919
-0.28497 -0.13181 -0.41206
-0.30320 -0.16072 -0.39484
-0.33711 -0.16490 -0.37762
-0.36686 -0.14190 -0.37048
-0.37500 -0.10519 -0.37762
-0.35517 -0.07563 -0.40172
-0.32084 -0.07516 -0.41862
-0.29376 -0.10128 -0.42561
-0.28980 -0.13870 -0.41862
-0.31128 -0.16548 -0.40172
-0.34562 -0.16596 -0.38483
-0.37270 -0.13983 -0.37783
-0.37665 -0.10242 -0.38483
-0.35335 -0.07510 -0.40873
-0.31910 -0.07850 -0.42545
-0.29513 -0.10752 -0.43238
-0.29548 -0.14515 -0.42545
-0.31995 -0.16936 -0.40873
-0.35421 -0.16596 -0.39201
-0.37818 -0.13694 -0.38508
-0.37782 -0.09931 -0.39201
-0.35148 -0.07478 -0.41585
-0.31783 -0.08206 -0.43257
-0.29732 -0.11362 -0.43949
-0.30197 -0.15097 -0.43257
-0.32904 -0.17223 -0.41585
-0.36268 -0.16495 -0.39913
-0.38319 -0.13339 -0.39221
-0.37855 -0.09604 -0.39913
-0.34973 -0.07470 -0.42308
-0.31719 -0.08571 -0.43995
-0.30038 -0.11938 -0.44694
-0.30914 -0.15597 -0.43995
-0.33834 -0.17405 -0.42308
-0.37088 -0.16304 -0.40620
-0.38769 -0.12938 -0.39921
-0.37893 -0.09279 -0.40620
-0.34829 -0.07483 -0.43040
-0.31730 -0.08929 -0.44758
-0.30429 -0.12457 -0.45470
-0.31688 -0.16000 -0.44758
-0.34769 -0.17483 -0.43040
-0.37868 -0.16037 -0.41322
-0.39169 -0.12509 -0.40611
-0.37910 -0.08966 -0.41322
-0.34730 -0.07509 -0.43781
-0.31820 -0.09261 -0.45543
-0.30896 -0.12902 -0.46273
-0.32500 -0.16299 -0.45543
-0.35692 -0.17462 -0.43781
-0.38602 -0.15710 -0.42019
-0.39526 -0.12069 -0.41289
-0.37922 -0.08672 -0.42019
-0.34687 -0.07536 -0.44530
-0.31989 -0.09551 -0.46348
-0.31429 -0.13261 -0.47101
-0.33336 -0.16493 -0.46348
-0.36592 -0.17353 -0.44530
-0.39290 -0.15337 -0.42712
-0.39849 -0.11627 -0.41960
-0.37943 -0.08396 -0.42712
-0.34703 -0.07552 -0.45286
-0.32232 -0.09786 -0.47169
-0.32017 -0.13526 -0.47949
-0.34184 -0.16582 -0.47169
-0.37465 -0.17163 -0.45286
-0.39936 -0.14930 -0.43403
-0.40151 -0.11189 -0.42623
-0.37984 -0.08133 -0.43403
-0.34781 -0.07547 -0.46046
-0.32541 -0.09956 -0.48002
-0.32646 -0.13695 -0.48812
-0.35035 -0.16573 -0.48002
-0.38307 -0.16904 -0.46046
-0.40547 -0.14495 -0.44091
-0.40442 -0.10757 -0.43281
-0.38053 -0.07879 -0.44091
-0.34917 -0.07510 -0.46811
-0.32909 -0.10055 -0.48845
-0.33308 -0.13766 -0.49688
-0.35882 -0.16470 -0.48845
-0.39121 -0.16583 -0.46811
-0.41129 -0.14039 -0.44777
-0.40730 -0.10327 -0.43935
-0.38157 -0.07623 -0.44777
-0.35108 -0.07434 -0.47578
-0.33327 -0.10078 -0.49695
-0.33995 -0.13743 -0.50571
-0.36722 -0.16281 -0.49695
-0.39909 -0.16206 -0.47578
-0.41691 -0.13562 -0.45462
-0.41022 -0.09897 -0.44585
-0.38296 -0.07359 -0.45462
-0.35350 -0.07312 -0.48346
-0.33788 -0.10025 -0.50548
-0.34700 -0.13627 -0.51459
-0.37553 -0.16010 -0.50548
-0.40674 -0.15777 -0.48346
-0.42237 -0.13064 -0.46145
-0.41324 -0.09461 -0.45233
-0.38472 -0.07078 -0.46145
-0.35637 -0.07140 -0.49114
-0.34285 -0.09894 -0.51401
-0.35419 -0.13424 -0.52349
-0.38375 -0.15663 -0.51401
-0.41421 -0.15298 -0.49114
-0.42773 -0.12544 -0.46826
-0.41639 -0.09014 -0.45879
-0.38683 -0.06776 -0.46826
-0.35965 -0.06916 -0.49878
-0.34812 -0.09687 -0.52252
-0.36147 -0.13136 -0.53236
-0.39187 -0.15243 -0.52252
-0.42152 -0.14772 -0.49878
-0.43304 -0.12000 -0.47504
-0.41969 -0.08551 -0.46521
-0.38929 -0.06445 -0.47504
-0.36328 -0.06636 -0.50638
-0.35366 -0.09405 -0.53098
-0.36883 -0.12767 -0.54117
-0.39992 -0.14753 -0.53098
-0.42870 -0.14199 -0.50638
-0.43833 -0.11430 -0.48178
-0.42315 -0.08068 -0.47159
-0.39207 -0.06083 -0.48178
-0.36723 -0.06300 -0.51392
-0.35941 -0.09049 -0.53937
-0.37625 -0.12320 -0.54991
-0.40789 -0.14197 -0.53937
-0.43579 -0.13580 -0.51392
-0.44362 -0.10832 -0.48847
-0.42678 -0.07561 -0.47792
-0.39514 -0.05684 -0.48847
-0.37146 -0.05907 -0.52136
-0.36534 -0.08620 -0.54765
-0.38370 -0.11797 -0.55853
-0.41578 -0.13575 -0.54765
-0.44280 -0.12915 -0.52136
-0.44892 -0.10202 -0.49508
-0.43056 -0.07026 -0.48419
-0.39848 -0.05247 -0.49508
-0.37594 -0.05456 -0.52869
-0.37143 -0.08120 -0.55579
-0.39118 -0.11200 -0.56702
-0.42362 -0.12891 -0.55579
-0.44975 -0.12203 -0.52869
-0.45426 -0.09539 -0.50159
-0.43451 -0.06459 -0.49037
-0.40207 -0.04768 -0.50159
-0.38062 -0.04948 -0.53589
-0.37764 -0.07551 -0.56378
-0.39867 -0.10532 -0.57533
-0.43140 -0.12145 -0.56378
-0.45665 -0.11444 -0.53589
-0.45963 -0.08841 -0.50800
-0.43860 -0.05860 -0.49645
-0.40588 -0.04247 -0.50800
-0.38550 -0.04381 -0.54292
-0.38396 -0.06913 -0.57157
-0.40617 -0.09795 -0.58344
-0.43912 -0.11338 -0.57157
-0.46350 -0.10638 -0.54292
-0.46504 -0.08106 -0.51427
-0.44283 -0.05225 -0.50240
-0.40988 -0.03682 -0.51427
-0.39052 -0.03758 -0.54976
-0.39036 -0.06209 -0.57915
-0.41366 -0.08990 -0.59132
-0.44678 -0.10471 -0.57915
-0.47032 -0.09786 -0.54976
-0.47048 -0.07334 -0.52037
-0.44718 -0.04553 -0.50820
-0.41406 -0.03072 -0.52037
-0.39568 -0.03078 -0.55638
-0.39682 -0.05440 -0.58647
-0.42114 -0.08119 -0.59893
-0.45439 -0.09546 -0.58647
-0.47709 -0.08886 -0.55638
-0.47595 -0.06524 -0.52629
-0.45163 -0.03844 -0.51383
-0.41839 -0.02417 -0.52629
-0.40095 -0.02343 -0.56276
-0.40333 -0.04607 -0.59351
-0.42859 -0.07184 -0.60625
-0.46193 -0.08564 -0.59351
-0.48383 -0.07939 -0.56276
-0.48144 -0.05674 -0.53200
-0.45618 -0.03097 -0.51926
-0.42284 -0.01718 -0.53200
-0.40629 -0.01554 -0.56885
-0.40986 -0.03713 -0.60024
-0.43600 -0.06187 -0.61325
-0.46941 -0.07525 -0.60024
-0.49052 -0.06945 -0.56885
-0.48695 -0.04786 -0.53746
-0.46081 -0.02312 -0.52446
-0.42740 -0.00973 -0.53746
-0.41170 -0.00711 -0.57464
-0.41639 -0.02759 -0.60663
-0.44337 -0.05128 -0.61988
-0.47682 -0.06432 -0.60663
-0.49715 -0.05906 -0.57464
-0.49246 -0.03858 -0.54265
-0.46549 -0.01489 -0.52940
-0.43204 -0.00185 -0.54265
-0.41715 0.00182 -0.58009
-0.42292 -0.01747 -0.61263
-0.45066 -0.04011 -0.62611
-0.48414 -0.05285 -0.61263
-0.50373 -0.04822 -0.58009
-0.49796 -0.02893 -0.54754
-0.47021 -0.00629 -0.53406
-0.43674 0.00645 -0.54754
-0.42261 0.01124 -0.58516
-0.42940 -0.00679 -0.61822
-0.45788 -0.02837 -0.63192
-0.49136 -0.04086 -0.61822
-0.51023 -0.03694 -0.58516
-0.50344 -0.01890 -0.55210
-0.47496 0.00268 -0.53840
-0.44148 0.01517 -0.55210
-0.42806 0.02114 -0.58983
-0.43584 0.00442 -0.62336
-0.46501 -0.01609 -0.63725
-0.49848 -0.02837 -0.62336
-0.51666 -0.02524 -0.58983
-0.50888 -0.00852 -0.55630
-0.47971 0.01199 -0.54241
-0.44623 0.02428 -0.55630
-0.43348 0.03148 -0.59406
-0.44220 0.01613 -0.62802
-0.47202 -0.00329 -0.64209
-0.50548 -0.01541 -0.62802
-0.52298 -0.01313 -0.59406
-0.51427 0.00221 -0.56011
-0.48444 0.02163 -0.54604
-0.45098 0.03375 -0.56011
-0.43885 0.04223 -0.59783
-0.44846 0.02832 -0.63216
-0.47890 0.01001 -0.64638
-0.51234 -0.00199 -0.63216
-0.52919 -0.00064 -0.59783
-0.51958 0.01327 -0.56350
-0.48914 0.03158 -0.54927
-0.45570 0.04358 -0.56350
-0.44414 0.05336 -0.60109
-0.45461 0.04095 -0.63575
-0.48564 0.02376 -0.65010
-0.51905 0.01185 -0.63575
-0.53528 0.01221 -0.60109
-0.52482 0.02462 -0.56644
-0.49379 0.04181 -0.55208
-0.46037 0.05372 -0.56644
-0.44934 0.06485 -0.60383
-0.46062 0.05399 -0.63875
-0.49220 0.03794 -0.65321
-0.52559 0.02609 -0.63875
-0.54122 0.02539 -0.60383
-0.52995 0.03624 -0.56891
-0.49836 0.05230 -0.55444
-0.46497 0.06414 -0.56891
-0.45441 0.07664 -0.60600
-0.46646 0.06740 -0.64113
-0.49857 0.05251 -0.65568
-0.53193 0.04070 -0.64113
-0.54701 0.03887 -0.60600
-0.53496 0.04811 -0.57087
-0.50285 0.06300 -0.55632
-0.46948 0.07482 -0.57087
-0.45934 0.08870 -0.60759
-0.47212 0.08114 -0.64286
-0.50473 0.06744 -0.65747
-0.53807 0.05563 -0.64286
-0.55261 0.05262 -0.60759
-0.53983 0.06019 -0.57232
-0.50722 0.07389 -0.55771
-0.47388 0.08570 -0.57232
-0.46410 0.10099 -0.60857
-0.47756 0.09515 -0.64391
-0.51064 0.08267 -0.65855
-0.54396 0.07084 -0.64391
-0.55801 0.06661 -0.60857
-0.54455 0.07244 -0.57322
-0.51147 0.08492 -0.55858
-0.47815 0.09675 -0.57322
-0.46867 0.11344 -0.60891
-0.48277 0.10940 -0.64425
-0.51629 0.09816 -0.65890
-0.54960 0.08631 -0.64425
-0.56319 0.08078 -0.60891
-0.54909 0.08483 -0.57356
-0.51557 0.09607 -0.55892
-0.48226 0.10792 -0.57356
-0.47303 0.12602 -0.60859
-0.48771 0.12383 -0.64386
-0.52165 0.11387 -0.65847
-0.55496 0.10197 -0.64386
-0.56813 0.09511 -0.60859
-0.55344 0.09731 -0.57332
-0.51951 0.10727 -0.55871
-0.48620 0.11916 -0.57332
-0.47714 0.13866 -0.60760
-0.49236 0.13837 -0.64271
-0.52669 0.12973 -0.65726
-0.56001 0.11779 -0.64271
-0.57281 0.10955 -0.60760
-0.55759 0.10984 -0.57249
-0.52327 0.11849 -0.55795
-0.48995 0.13043 -0.57249
-0.48100 0.15131 -0.60592
-0.49670 0.15298 -0.64078
-0.53138 0.14569 -0.65523
-0.56473 0.13371 -0.64078
-0.57722 0.12406 -0.60592
-0.56152 0.12239 -0.57106
-0.52684 0.12968 -0.55662
-0.49349 0.14166 -0.57106
-0.48458 0.16391 -0.60354
-0.50068 0.16759 -0.63806
-0.53569 0.16169 -0.65236
-0.56909 0.14968 -0.63806
-0.58132 0.13858 -0.60354
-0.56522 0.13490 -0.56902
-0.53022 0.14079 -0.55473
-0.49681 0.15281 -0.56902
-0.48786 0.17638 -0.60046
-0.50429 0.18212 -0.63454
-0.53958 0.17767 -0.64866
-0.57306 0.16564 -0.63454
-0.58510 0.15307 -0.60046
-0.56867 0.14733 -0.56638
-0.53338 0.15178 -0.55227
-0.49991 0.16381 -0.56638
-0.49081 0.18866 -0.59667
-0.50750 0.19651 -0.63020
-0.54303 0.19356 -0.64409
-0.57661 0.18154 -0.63020
-0.58855 0.16750 -0.59667
-0.57186 0.15964 -0.56313
-0.53633 0.16259 -0.54924
-0.50275 0.17461 -0.56313
-0.49343 0.20068 -0.59217
-0.51026 0.21068 -0.62505
-0.54600 0.20929 -0.63867
-0.57970 0.19733 -0.62505
-0.59163 0.18180 -0.59217
-0.57479 0.17180 -0.55929
-0.53906 0.17318 -0.54567
-0.50536 0.18514 -0.55929
-0.49569 0.21236 -0.58697
-0.51257 0.22455 -0.61908
-0.54845 0.22478 -0.63238
-0.58232 0.21293 -0.61908
-0.59433 0.19594 -0.58697
-0.57746 0.18375 -0.55486
-0.54158 0.18351 -0.54156
-0.50771 0.19536 -0.55486
-0.49758 0.22362 -0.58109
-0.51437 0.23803 -0.61231
-0.55033 0.23997 -0.62525
-0.58441 0.22831 -0.61231
-0.59663 0.20987 -0.58109
-0.57985 0.19547 -0.54986
-0.54389 0.19353 -0.53692
-0.50981 0.20519 -0.54986
-0.49910 0.23440 -0.57453
-0.51565 0.25104 -0.60476
-0.55162 0.25476 -0.61728
-0.58594 0.24339 -0.60476
-0.59851 0.22357 -0.57453
-0.58197 0.20693 -0.54430
-0.54600 0.20320 -0.53178
-0.51168 0.21458 -0.54430
-0.50024 0.24458 -0.56732
-0.51636 0.26348 -0.59643
-0.55224 0.26909 -0.60849
-0.58687 0.25812 -0.59643
-0.59995 0.23700 -0.56732
-0.58383 0.21811 -0.53821
-0.54794 0.21250 -0.52615
-0.51332 0.22347 -0.53821
-0.50099 0.25410 -0.55949
-0.51649 0.27524 -0.58737
-0.55217 0.28284 -0.59892
-0.58714 0.27245 -0.58737
-0.60092 0.25015 -0.55949
-0.58542 0.22901 -0.53161
-0.54974 0.22141 -0.52006
-0.51477 0.23180 -0.53161
-0.50138 0.26284 -0.55107
-0.51599 0.28622 -0.57761
-0.55133 0.29594 -0.58861
-0.58670 0.28633 -0.57761
-0.60138 0.26300 -0.55107
-0.58677 0.23963 -0.52452
-0.55143 0.22990 -0.51352
-0.51606 0.23952 -0.52452
-0.50142 0.27072 -0.54208
-0.51485 0.29627 -0.56720
-0.54966 0.30828 -0.57761
-0.58548 0.29970 -0.56720
-0.60131 0.27555 -0.54208
-0.58788 0.25000 -0.51696
-0.55307 0.23799 -0.50656
-0.51726 0.24657 -0.51696
-0.50116 0.27760 -0.53258
-0.51304 0.30527 -0.55620
-0.54709 0.31973 -0.56598
-0.58338 0.31251 -0.55620
-0.60064 0.28783 -0.53258
-0.58876 0.26016 -0.50897
-0.55471 0.24570 -0.49919
-0.51842 0.25292 -0.50897
-0.50067 0.28337 -0.52261
-0.51056 0.31304 -0.54466
-0.54354 0.33016 -0.55380
-0.58030 0.32470 -0.54466
-0.59930 0.29986 -0.52261
-0.58941 0.27019 -0.50056
-0.55643 0.25307 -0.49142
-0.51967 0.25853 -0.50056
-0.50005 0.28792 -0.51221
-0.50742 0.31940 -0.53268
-0.53892 0.33940 -0.54116
-0.57611 0.33621 -0.53268
-0.59718 0.31170 -0.51221
-0.58981 0.28022 -0.49174
-0.55831 0.26021 -0.48326
-0.52113 0.26340 -0.49174
-0.49947 0.29111 -0.50143
-0.50369 0.32411 -0.52034
-0.53317 0.34723 -0.52817
-0.57062 0.34692 -0.52034
-0.59412 0.32338 -0.50143
-0.58990 0.29038 -0.48252
-0.56043 0.26726 -0.47468
-0.52297 0.26756 -0.48252
-0.49916 0.29287 -0.49032
-0.49952 0.32694 -0.50775
-0.52623 0.35337 -0.51497
-0.56367 0.35668 -0.50775
-0.58989 0.33492 -0.49032
-0.58954 0.30086 -0.47290
-0.56282 0.27443 -0.46568
-0.52539 0.27112 -0.47290
-0.49944 0.29321 -0.47895
-0.49514 0.32767 -0.49503
-0.51819 0.35748 -0.50170
-0.55508 0.36519 -0.49503
-0.58420 0.34628 -0.47895
-0.58849 0.31183 -0.46286
-0.56545 0.28201 -0.45620
-0.52856 0.27430 -0.46286
-0.53867 0.37188 -0.48411
-0.57267 0.36133 -0.47004
-0.58675 0.32937 -0.45440
-0.57267 0.29471 -0.44635
-0.53867 0.27766 -0.45060
-0.50468 0.28820 -0.46467
-0.49060 0.32016 -0.48031
-0.50468 0.35482 -0.48836
-0.53511 0.37708 -0.46912
-0.56875 0.36592 -0.45470
-0.58269 0.33310 -0.44081
-0.56875 0.29784 -0.43559
-0.53511 0.28080 -0.44209
-0.50146 0.29197 -0.45651
-0.48753 0.32479 -0.47040
-0.50146 0.36005 -0.47562
-0.53113 0.38123 -0.45392
-0.56440 0.36932 -0.43923
-0.57819 0.33571 -0.42719
-0.56440 0.30009 -0.42485
-0.53113 0.28332 -0.43358
-0.49786 0.29522 -0.44827
-0.48408 0.32883 -0.46031
-0.49786 0.36446 -0.46265
-0.52676 0.38429 -0.43859
-0.55964 0.37153 -0.42374
-0.57326 0.33722 -0.41363
-0.55964 0.30146 -0.41420
-0.52676 0.28520 -0.42511
-0.49389 0.29796 -0.43997
-0.48027 0.33226 -0.45007
-0.49389 0.36802 -0.44950
-0.52202 0.38626 -0.42321
-0.55449 0.37255 -0.40831
-0.56794 0.33765 -0.40023
-0.55449 0.30199 -0.40371
-0.52202 0.28647 -0.41671
-0.48955 0.30017 -0.43161
-0.47609 0.33508 -0.43969
-0.48955 0.37073 -0.43621
-0.51692 0.38713 -0.40786
-0.54898 0.37241 -0.39305
-0.56227 0.33702 -0.38708
-0.54898 0.30170 -0.39344
-0.51692 0.28713 -0.40841
-0.48485 0.30186 -0.42322
-0.47157 0.33725 -0.42919
-0.48485 0.37257 -0.42283
-0.51908 0.28765 -0.39642
-0.48565 0.29732 -0.41233
-0.46735 0.33028 -0.41892
-0.47490 0.36721 -0.41233
-0.50387 0.38649 -0.39642
-0.53731 0.37681 -0.38051
-0.55561 0.34386 -0.37392
-0.54806 0.30693 -0.38051
-0.51916 0.28802 -0.38487
-0.48542 0.29382 -0.40198
-0.46358 0.32443 -0.40907
-0.46643 0.36193 -0.40198
-0.49229 0.38435 -0.38487
-0.52602 0.37855 -0.36775
-0.54787 0.34794 -0.36066
-0.54502 0.31044 -0.36775
-0.51786 0.28792 -0.37353
-0.48443 0.29059 -0.39196
-0.45993 0.31898 -0.39959
-0.45872 0.35646 -0.39196
-0.48150 0.38108 -0.37353
-0.51493 0.37840 -0.35510
-0.53943 0.35001 -0.34747
-0.54064 0.31253 -0.35510
-0.51540 0.28715 -0.36244
-0.48265 0.28739 -0.38223
-0.45618 0.31379 -0.39043
-0.45150 0.35087 -0.38223
-0.47135 0.37692 -0.36244
-0.50410 0.37668 -0.34265
-0.53057 0.35028 -0.33445
-0.53525 0.31320 -0.34265
-0.51197 0.28560 -0.35165
-0.48012 0.28402 -0.37281
-0.45221 0.30868 -0.38158
-0.44457 0.34514 -0.37281
-0.46169 0.37204 -0.35165
-0.49353 0.37363 -0.33048
-0.52145 0.34896 -0.32172
-0.52909 0.31250 -0.33048
-0.50776 0.28326 -0.34118
-0.47695 0.28035 -0.36369
-0.44797 0.30354 -0.37302
-0.43779 0.33923 -0.36369
-0.45237 0.36652 -0.34118
-0.48319 0.36943 -0.31867
-0.51217 0.34625 -0.30935
-0.52235 0.31056 -0.31867
-0.50293 0.28013 -0.33108
-0.47321 0.27630 -0.35489
-0.44344 0.29824 -0.36475
-0.43106 0.33308 -0.35489
-0.44332 0.36042 -0.33108
-0.47304 0.36424 -0.30727
-0.50280 0.34231 -0.29741
-0.51519 0.30747 -0.30727
-0.49760 0.27623 -0.32137
-0.46900 0.27183 -0.34641
-0.43865 0.29271 -0.35679
-0.42434 0.32665 -0.34641
-0.43445 0.35377 -0.32137
-0.46305 0.35817 -0.29633
-0.49339 0.33729 -0.28596
-0.50770 0.30335 -0.29633
-0.49186 0.27161 -0.31207
-0.46438 0.26689 -0.33828
-0.43362 0.28691 -0.34913
-0.41760 0.31992 -0.33828
-0.42571 0.34661 -0.31207
-0.45320 0.35133 -0.28587
-0.48396 0.33131 -0.27502
-0.49998 0.29830 -0.28587
-0.48582 0.26632 -0.30321
-0.45942 0.26151 -0.33050
-0.42836 0.28079 -0.34180
-0.41082 0.31287 -0.33050
-0.41709 0.33896 -0.30321
-0.44348 0.34377 -0.27593
-0.47455 0.32449 -0.26462
-0.49208 0.29241 -0.27593
-0.47953 0.26040 -0.29481
-0.45420 0.25567 -0.32310
-0.42291 0.27434 -0.33481
-0.40401 0.30548 -0.32310
-0.40855 0.33085 -0.29481
-0.43389 0.33558 -0.26652
-0.46517 0.31691 -0.25480
-0.48407 0.28577 -0.26652
-0.47306 0.25391 -0.28687
-0.44875 0.24939 -0.31608
-0.41731 0.26756 -0.32817
-0.39716 0.29776 -0.31608
-0.40010 0.32231 -0.28687
-0.42441 0.32682 -0.25766
-0.45585 0.30866 -0.24556
-0.47600 0.27846 -0.25766
-0.46645 0.24689 -0.27940
-0.44313 0.24271 -0.30945
-0.41158 0.26044 -0.32190
-0.39030 0.28971 -0.30945
-0.39174 0.31336 -0.27940
-0.41506 0.31754 -0.24935
-0.44661 0.29981 -0.23691
-0.46789 0.27054 -0.24935
-0.45976 0.23939 -0.27242
-0.43738 0.23563 -0.30323
-0.40576 0.25300 -0.31600
-0.38343 0.28134 -0.30323
-0.38346 0.30403 -0.27242
-0.40584 0.30780 -0.24161
-0.43746 0.29042 -0.22885
-0.45979 0.26209 -0.24161
-0.45302 0.23146 -0.26593
-0.43153 0.22819 -0.29743
-0.39987 0.24526 -0.31047
-0.37657 0.27267 -0.29743
-0.37528 0.29436 -0.26593
-0.39677 0.29763 -0.23443
-0.42843 0.28056 -0.22138
-0.45173 0.25315 -0.23443
-0.44627 0.22313 -0.25992
-0.42564 0.22041 -0.29204
-0.39393 0.23722 -0.30534
-0.36973 0.26371 -0.29204
-0.36721 0.28437 -0.25992
-0.38784 0.28709 -0.22781
-0.41954 0.27028 -0.21451
-0.44374 0.24379 -0.22781
-0.43954 0.21446 -0.25440
-0.41972 0.21233 -0.28707
-0.38799 0.22891 -0.30060
-0.36295 0.25449 -0.28707
-0.35926 0.27408 -0.25440
-0.37908 0.27621 -0.22174
-0.41081 0.25963 -0.20821
-0.43585 0.23406 -0.22174
-0.43286 0.20548 -0.24937
-0.41380 0.20398 -0.28252
-0.38206 0.22035 -0.29625
-0.35622 0.24502 -0.28252
-0.35143 0.26353 -0.24937
-0.37050 0.26504 -0.21622
-0.40224 0.24866 -0.20249
-0.42807 0.22400 -0.21622
-0.42626 0.19624 -0.24481
-0.40792 0.19538 -0.27838
-0.37616 0.21157 -0.29229
-0.34958 0.23534 -0.27838
-0.34376 0.25275 -0.24481
-0.36210 0.25361 -0.21123
-0.39386 0.23742 -0.19732
-0.42044 0.21365 -0.21123
-0.41976 0.18676 -0.24071
-0.40209 0.18656 -0.27466
-0.37032 0.20259 -0.28872
-0.34304 0.22545 -0.27466
-0.33624 0.24176 -0.24071
-0.35390 0.24195 -0.20677
-0.38568 0.22593 -0.19271
-0.41296 0.20307 -0.20677
-0.41338 0.17709 -0.23708
-0.39635 0.17757 -0.27135
-0.36455 0.19343 -0.28554
-0.33661 0.21539 -0.27135
-0.32889 0.23058 -0.23708
-0.34592 0.23010 -0.20281
-0.37772 0.21424 -0.18862
-0.40566 0.19228 -0.20281
-0.40714 0.16725 -0.23390
-0.39070 0.16841 -0.26844
-0.35887 0.18412 -0.28274
-0.33030 0.20518 -0.26844
-0.32173 0.21925 -0.23390
-0.33816 0.21809 -0.19936
-0.36999 0.20238 -0.18505
-0.39856 0.18132 -0.19936
-0.40106 0.15727 -0.23115
-0.38517 0.15912 -0.26592
-0.35331 0.17468 -0.28032
-0.32415 0.19484 -0.26592
-0.31475 0.20779 -0.23115
-0.33064 0.20594 -0.19639
-0.36250 0.19038 -0.18199
-0.39167 0.17022 -0.19639
-0.39515 0.14719 -0.22883
-0.37977 0.14973 -0.26378
-0.34788 0.16514 -0.27826
-0.31814 0.18439 -0.26378
-0.30799 0.19621 -0.22883
-0.32336 0.19368 -0.19388
-0.35526 0.17827 -0.17940
-0.38499 0.15901 -0.19388
-0.38943 0.13703 -0.22692
-0.37452 0.14026 -0.26202
-0.34258 0.15551 -0.27656
-0.31231 0.17386 -0.26202
-0.30144 0.18455 -0.22692
-0.31634 0.18133 -0.19182
-0.34828 0.16607 -0.17729
-0.37856 0.14772 -0.19182
-0.38390 0.12682 -0.22542
-0.36943 0.13073 -0.26063
-0.33744 0.14582 -0.27521
-0.30665 0.16326 -0.26063
-0.29511 0.17282 -0.22542
-0.30958 0.16891 -0.19021
-0.34158 0.15382 -0.17562
-0.37236 0.13638 -0.19021
-0.37859 0.11658 -0.22430
-0.36452 0.12117 -0.25959
-0.33245 0.13609 -0.27420
-0.30118 0.15261 -0.25959
-0.28902 0.16104 -0.22430
-0.30309 0.15645 -0.18901
-0.33515 0.14152 -0.17439
-0.36642 0.12501 -0.18901
-0.37349 0.10633 -0.22355
-0.35978 0.11160 -0.25889
-0.32764 0.12634 -0.27352
-0.29591 0.14193 -0.25889
-0.28316 0.14923 -0.22355
-0.29687 0.14396 -0.18821
-0.32901 0.12921 -0.17357
-0.36074 0.11362 -0.18821
-0.36862 0.09609 -0.22316
-0.35523 0.10203 -0.25852
-0.32302 0.11659 -0.27316
-0.29084 0.13124 -0.25852
-0.27755 0.13740 -0.22316
-0.29094 0.13146 -0.18780
-0.32316 0.11690 -0.17316
-0.35533 0.10225 -0.18780
-0.36398 0.08589 -0.22312
-0.35088 0.09249 -0.25846
-0.31858 0.10686 -0.27310
-0.28598 0.12056 -0.25846
-0.27220 0.12558 -0.22312
-0.28530 0.11898 -0.18777
-0.31761 0.10461 -0.17313
-0.35020 0.09091 -0.18777
-0.35958 0.07573 -0.22341
-0.34674 0.08300 -0.25872
-0.31433 0.09715 -0.27334
-0.28134 0.10990 -0.25872
-0.26710 0.11378 -0.22341
-0.27995 0.10651 -0.18810
-0.31236 0.09236 -0.17348
-0.34534 0.07961 -0.18810
-0.35542 0.06564 -0.22403
-0.34280 0.07357 -0.25927
-0.31028 0.08750 -0.27387
-0.27692 0.09928 -0.25927
-0.26227 0.10201 -0.22403
-0.27490 0.09408 -0.18878
-0.30741 0.08015 -0.17418
-0.34077 0.06837 -0.18878
-0.35151 0.05564 -0.22495
-0.33907 0.06422 -0.26011
-0.30643 0.07792 -0.27467
-0.27273 0.08871 -0.26011
-0.25770 0.09028 -0.22495
-0.27014 0.08170 -0.18979
-0.30277 0.06800 -0.17523
-0.33648 0.05721 -0.18979
-0.34784 0.04574 -0.22617
-0.33555 0.05496 -0.26122
-0.30279 0.06841 -0.27573
-0.26877 0.07820 -0.26122
-0.25340 0.07861 -0.22617
-0.26570 0.06938 -0.19113
-0.29845 0.05593 -0.17661
-0.33248 0.04614 -0.19113
-0.34443 0.03595 -0.22768
-0.33224 0.04582 -0.26259
-0.29936 0.05900 -0.27705
-0.26503 0.06778 -0.26259
-0.24937 0.06700 -0.22768
-0.26155 0.05714 -0.19277
-0.29444 0.04395 -0.17831
-0.32877 0.03518 -0.19277
-0.34126 0.02628 -0.22947
-0.32916 0.03679 -0.26422
-0.29613 0.04970 -0.27861
-0.26153 0.05744 -0.26422
-0.24562 0.05548 -0.22947
-0.25772 0.04497 -0.19472
-0.29075 0.03207 -0.18032
-0.32535 0.02433 -0.19472
-0.33834 0.01676 -0.23152
-0.32628 0.02791 -0.26609
-0.29311 0.04052 -0.28040
-0.25825 0.04720 -0.26609
-0.24214 0.04405 -0.23152
-0.25420 0.03290 -0.19696
-0.28737 0.02029 -0.18264
-0.32223 0.01361 -0.19696
-0.33567 0.00739 -0.23384
-0.32362 0.01917 -0.26819
-0.29029 0.03147 -0.28242
-0.25521 0.03707 -0.26819
-0.23893 0.03271 -0.23384
-0.25099 0.02093 -0.19948
-0.28432 0.00864 -0.18525
-0.31940 0.00303 -0.19948
-0.33326 -0.00181 -0.23640
-0.32117 0.01060 -0.27052
-0.28768 0.02256 -0.28466
-0.25240 0.02707 -0.27052
-0.23601 0.02148 -0.23640
-0.24809 0.00907 -0.20228
-0.28158 -0.00289 -0.18814
-0.31686 -0.00740 -0.20228
-0.33108 -0.01083 -0.23921
-0.31892 0.00220 -0.27307
-0.28527 0.01381 -0.28710
-0.24982 0.01719 -0.27307
-0.23336 0.01037 -0.23921
-0.24551 -0.00267 -0.20534
-0.27917 -0.01428 -0.19132
-0.31462 -0.01766 -0.20534
-0.32915 -0.01967 -0.24225
-0.31689 -0.00601 -0.27583
-0.28305 0.00523 -0.28974
-0.24747 0.00746 -0.27583
-0.23098 -0.00062 -0.24225
-0.24325 -0.01428 -0.20867
-0.27709 -0.02552 -0.19477
-0.31267 -0.02775 -0.20867
-0.32747 -0.02830 -0.24552
-0.31504 -0.01402 -0.27879
-0.28103 -0.00319 -0.29256
-0.24534 -0.00213 -0.27879
-0.22889 -0.01149 -0.24552
-0.24131 -0.02576 -0.21226
-0.27533 -0.03660 -0.19848
-0.31101 -0.03765 -0.21226
-0.32602 -0.03672 -0.24902
-0.31340 -0.02183 -0.28194
-0.27919 -0.01141 -0.29558
-0.24343 -0.01157 -0.28194
-0.22707 -0.02221 -0.24902
-0.23969 -0.03710 -0.21610
-0.27390 -0.04751 -0.20247
-0.30966 -0.04736 -0.21610
-0.32480 -0.04490 -0.25274
-0.31194 -0.02942 -0.28528
-0.27753 -0.01945 -0.29876
-0.24175 -0.02085 -0.28528
-0.22554 -0.03280 -0.25274
-0.23840 -0.04829 -0.22020
-0.27280 -0.05825 -0.20672
-0.30859 -0.05685 -0.22020
-0.32382 -0.05285 -0.25667
-0.31066 -0.03677 -0.28881
-0.27605 -0.02729 -0.30212
-0.24027 -0.02997 -0.28881
-0.22428 -0.04324 -0.25667
-0.23744 -0.05932 -0.22454
-0.27204 -0.06880 -0.21123
-0.30782 -0.06612 -0.22454
-0.32306 -0.06055 -0.26082
-0.30955 -0.04389 -0.29251
-0.27473 -0.03493 -0.30564
-0.23901 -0.03893 -0.29251
-0.22330 -0.05353 -0.26082
-0.23681 -0.07018 -0.22912
-0.27162 -0.07914 -0.21600
-0.30735 -0.07515 -0.22912
-0.32251 -0.06797 -0.26517
-0.30860 -0.05076 -0.29639
-0.27357 -0.04237 -0.30932
-0.23795 -0.04771 -0.29639
-0.22261 -0.06366 -0.26517
-0.23652 -0.08088 -0.23395
-0.27155 -0.08927 -0.22102
-0.30717 -0.08393 -0.23395
-0.32219 -0.07512 -0.26973
-0.30780 -0.05737 -0.30043
-0.27256 -0.04959 -0.31315
-0.23710 -0.05633 -0.30043
-0.22220 -0.07364 -0.26973
-0.23658 -0.09139 -0.23902
-0.27182 -0.09917 -0.22631
-0.30728 -0.09243 -0.23902
-0.32206 -0.08197 -0.27448
-0.30714 -0.06372 -0.30463
-0.27168 -0.05660 -0.31712
-0.23644 -0.06478 -0.30463
-0.22207 -0.08346 -0.27448
-0.23699 -0.10170 -0.24433
-0.27246 -0.10882 -0.23185
-0.30769 -0.10065 -0.24433
-0.32214 -0.08850 -0.27944
-0.30661 -0.06980 -0.30900
-0.27092 -0.06340 -0.32125
-0.23598 -0.07306 -0.30900
-0.22224 -0.09312 -0.27944
-0.23777 -0.11182 -0.24989
-0.27345 -0.11821 -0.23764
-0.30840 -0.10856 -0.24989
-0.32239 -0.09470 -0.28460
-0.30619 -0.07560 -0.31353
-0.27028 -0.07000 -0.32551
-0.23570 -0.08119 -0.31353
-0.22271 -0.10261 -0.28460
-0.23891 -0.12172 -0.25568
-0.27483 -0.12732 -0.24369
-0.30940 -0.11613 -0.25568
-0.32283 -0.10056 -0.28996
-0.30586 -0.08111 -0.31821
-0.26973 -0.07639 -0.32991
-0.23561 -0.08916 -0.31821
-0.22348 -0.11195 -0.28996
-0.24045 -0.13139 -0.26170
-0.27658 -0.13612 -0.25000
-0.31070 -0.12334 -0.26170
-0.32342 -0.10605 -0.29551
-0.30560 -0.08634 -0.32305
-0.26927 -0.08259 -0.33446
-0.23570 -0.09700 -0.32305
-0.22456 -0.12112 -0.29551
-0.24238 -0.14083 -0.26796
-0.27872 -0.14458 -0.25655
-0.31229 -0.13017 -0.26796
-0.32416 -0.11115 -0.30125
-0.30540 -0.09128 -0.32804
-0.26888 -0.08861 -0.33914
-0.23598 -0.10470 -0.32804
-0.22598 -0.13013 -0.30125
-0.24473 -0.15000 -0.27446
-0.28126 -0.15267 -0.26336
-0.31416 -0.13658 -0.27446
-0.32502 -0.11584 -0.30719
-0.30523 -0.09593 -0.33320
-0.26854 -0.09446 -0.34397
-0.23644 -0.11229 -0.33320
-0.22773 -0.13898 -0.30719
-0.24752 -0.15889 -0.28118
-0.28421 -0.16036 -0.27041
-0.31632 -0.14253 -0.28118
-0.32598 -0.12011 -0.31332
-0.30507 -0.10030 -0.33851
-0.26825 -0.10017 -0.34895
-0.23710 -0.11979 -0.33851
-0.22986 -0.14767 -0.31332
-0.25077 -0.16748 -0.28812
-0.28759 -0.16761 -0.27769
-0.31874 -0.14799 -0.28812
-0.32701 -0.12393 -0.31964
-0.30488 -0.10439 -0.34400
-0.26799 -0.10576 -0.35408
-0.23795 -0.12721 -0.34400
-0.23236 -0.15620 -0.31964
-0.25450 -0.17573 -0.29529
-0.29139 -0.17437 -0.28520
-0.32142 -0.15291 -0.29529
-0.32808 -0.12728 -0.32616
-0.30464 -0.10823 -0.34965
-0.26776 -0.11125 -0.35939
-0.23903 -0.13459 -0.34965
-0.23529 -0.16456 -0.32616
-0.25873 -0.18362 -0.30266
-0.29562 -0.18059 -0.29293
-0.32434 -0.15725 -0.30266
-0.32914 -0.13015 -0.33286
-0.30432 -0.11182 -0.35549
-0.26754 -0.11670 -0.36487
-0.24035 -0.14195 -0.35549
-0.23868 -0.17276 -0.33286
-0.26350 -0.19109 -0.31023
-0.30028 -0.18621 -0.30085
-0.32747 -0.16096 -0.31023
-0.33016 -0.13253 -0.33976
-0.30389 -0.11520 -0.36153
-0.26736 -0.12214 -0.37055
-0.24195 -0.14930 -0.36153
-0.24256 -0.18077 -0.33976
-0.26882 -0.19811 -0.31798
-0.30536 -0.19116 -0.30897
-0.33076 -0.16400 -0.31798
-0.33107 -0.13443 -0.34684
-0.30333 -0.11840 -0.36777
-0.26721 -0.12762 -0.37644
-0.24387 -0.15668 -0.36777
-0.24699 -0.18857 -0.34684
-0.27473 -0.20460 -0.32591
-0.31085 -0.19538 -0.31724
-0.33418 -0.16632 -0.32591
-0.33181 -0.13585 -0.35411
-0.30261 -0.12148 -0.37423
-0.26714 -0.13318 -0.38256
-0.24618 -0.16410 -0.37423
-0.25202 -0.19613 -0.35411
-0.28123 -0.21050 -0.33399
-0.31670 -0.19880 -0.32565
-0.33765 -0.16788 -0.33399
-0.33235 -0.13683 -0.36156
-0.30173 -0.12450 -0.38093
-0.26719 -0.13888 -0.38895
-0.24895 -0.17155 -0.38093
-0.25771 -0.20338 -0.36156
-0.28832 -0.21571 -0.34220
-0.32287 -0.20133 -0.33417
-0.34110 -0.16866 -0.34220
-0.33262 -0.13743 -0.36920
-0.30073 -0.12752 -0.38788
-0.26744 -0.14474 -0.39562
-0.25226 -0.17901 -0.38788
-0.26409 -0.21025 -0.36920
-0.29598 -0.22016 -0.35052
-0.32927 -0.20293 -0.34278
-0.34444 -0.16866 -0.35052
-0.33260 -0.13771 -0.37701
-0.29963 -0.13061 -0.39510
-0.26799 -0.15079 -0.40259
-0.25621 -0.18642 -0.39510
-0.27119 -0.21663 -0.37701
-0.30416 -0.22373 -0.35892
-0.33580 -0.20355 -0.35143
-0.34758 -0.16792 -0.35892
-0.33229 -0.13778 -0.38501
-0.29854 -0.13384 -0.40261
-0.26896 -0.15699 -0.40990
-0.26087 -0.19368 -0.40261
-0.27902 -0.22241 -0.38501
-0.31276 -0.22635 -0.36740
-0.34235 -0.20319 -0.36011
-0.35043 -0.16651 -0.36740
-0.33172 -0.13774 -0.39317
-0.29757 -0.13724 -0.41042
-0.27047 -0.16330 -0.41757
-0.26631 -0.20066 -0.41042
-0.28752 -0.22744 -0.39317
-0.32167 -0.22795 -0.37592
-0.34877 -0.20188 -0.36877
-0.35293 -0.16452 -0.37592
-0.33099 -0.13770 -0.40150
-0.29686 -0.14080 -0.41854
-0.27265 -0.16959 -0.42559
-0.27255 -0.20720 -0.41854
-0.29661 -0.23160 -0.40150
-0.33073 -0.22850 -0.38447
-0.35494 -0.19971 -0.37741
-0.35505 -0.16210 -0.38447
-0.33021 -0.13772 -0.41000
-0.29658 -0.14448 -0.42696
-0.27560 -0.17570 -0.43398
-0.27957 -0.21311 -0.42696
-0.30615 -0.23479 -0.41000
-0.33979 -0.22804 -0.39303
-0.36076 -0.19681 -0.38601
-0.35680 -0.15940 -0.39303
-0.32955 -0.13785 -0.41864
-0.29687 -0.14817 -0.43568
-0.27937 -0.18146 -0.44274
-0.28729 -0.21823 -0.43568
-0.31600 -0.23693 -0.41864
-0.34868 -0.22662 -0.40161
-0.36618 -0.19333 -0.39455
-0.35826 -0.15656 -0.40161
-0.32915 -0.13807 -0.42744
-0.29784 -0.15174 -0.44469
-0.28395 -0.18667 -0.45184
-0.29561 -0.22241 -0.44469
-0.32599 -0.23802 -0.42744
-0.35729 -0.22436 -0.41019
-0.37119 -0.18943 -0.40304
-0.35953 -0.15369 -0.41019
-0.32915 -0.13832 -0.43638
-0.29956 -0.15503 -0.45398
-0.28930 -0.19117 -0.46127
-0.30438 -0.22557 -0.45398
-0.33597 -0.23809 -0.43638
-0.36556 -0.22139 -0.41878
-0.37582 -0.18525 -0.41149
-0.36074 -0.15084 -0.41878
-0.32966 -0.13851 -0.44544
-0.30204 -0.15788 -0.46350
-0.29533 -0.19481 -0.47098
-0.31348 -0.22766 -0.46350
-0.34584 -0.23719 -0.44544
-0.37347 -0.21782 -0.42738
-0.38017 -0.18090 -0.41990
-0.36203 -0.14804 -0.42738
-0.33074 -0.13853 -0.45463
-0.30525 -0.16017 -0.47324
-0.30196 -0.19750 -0.48096
-0.32278 -0.22867 -0.47324
-0.35553 -0.23541 -0.45463
-0.38102 -0.21377 -0.43601
-0.38432 -0.17643 -0.42830
-0.36349 -0.14527 -0.43601
-0.33242 -0.13827 -0.46392
-0.30916 -0.16177 -0.48317
-0.30906 -0.19920 -0.49115
-0.33219 -0.22863 -0.48317
-0.36500 -0.23282 -0.46392
-0.38826 -0.20931 -0.44466
-0.38836 -0.17188 -0.43668
-0.36523 -0.14246 -0.44466
-0.33470 -0.13763 -0.47330
-0.31369 -0.16262 -0.49326
-0.31656 -0.19988 -0.50152
-0.34165 -0.22757 -0.49326
-0.37424 -0.22948 -0.47330
-0.39525 -0.20449 -0.45334
-0.39238 -0.16724 -0.44507
-0.36729 -0.13955 -0.45334
-0.33755 -0.13654 -0.48275
-0.31876 -0.16266 -0.50347
-0.32438 -0.19953 -0.51205
-0.35110 -0.22555 -0.50347
-0.38328 -0.22547 -0.48275
-0.40206 -0.19934 -0.46204
-0.39645 -0.16247 -0.45346
-0.36972 -0.13646 -0.46204
-0.34093 -0.13491 -0.49227
-0.32432 -0.16186 -0.51377
-0.33243 -0.19818 -0.52267
-0.36052 -0.22260 -0.51377
-0.39213 -0.22080 -0.49227
-0.40874 -0.19385 -0.47077
-0.40062 -0.15753 -0.46187
-0.37253 -0.13311 -0.47077
-0.34480 -0.13269 -0.50183
-0.33029 -0.16019 -0.52414
-0.34069 -0.19584 -0.53338
-0.36991 -0.21876 -0.52414
-0.40083 -0.21552 -0.50183
-0.41534 -0.18802 -0.47952
-0.40494 -0.15237 -0.47027
-0.37572 -0.12945 -0.47952
-0.34912 -0.12985 -0.51140
-0.33662 -0.15765 -0.53453
-0.34910 -0.19254 -0.54412
-0.37925 -0.21407 -0.53453
-0.40941 -0.20963 -0.51140
-0.42191 -0.18183 -0.48827
-0.40943 -0.14695 -0.47868
-0.37928 -0.12542 -0.48827
-0.35385 -0.12635 -0.52097
-0.34327 -0.15425 -0.54493
-0.35764 -0.18829 -0.55486
-0.38855 -0.20855 -0.54493
-0.41790 -0.20315 -0.52097
-0.42848 -0.17526 -0.49701
-0.41411 -0.14121 -0.48708
-0.38319 -0.12095 -0.49701
-0.35895 -0.12217 -0.53051
-0.35018 -0.14997 -0.55530
-0.36628 -0.18313 -0.56557
-0.39782 -0.20223 -0.55530
-0.42631 -0.19607 -0.53051
-0.43507 -0.16827 -0.50572
-0.41897 -0.13510 -0.49545
-0.38744 -0.11601 -0.50572
-0.36437 -0.11728 -0.53999
-0.35733 -0.14483 -0.56561
-0.37501 -0.17707 -0.57622
-0.40705 -0.19511 -0.56561
-0.43468 -0.18839 -0.53999
-0.44171 -0.16084 -0.51438
-0.42403 -0.12860 -0.50377
-0.39199 -0.11056 -0.51438
-0.37008 -0.11168 -0.54939
-0.36469 -0.13883 -0.57582
-0.38382 -0.17012 -0.58676
-0.41626 -0.18721 -0.57582
-0.44301 -0.18010 -0.54939
-0.44840 -0.15294 -0.52297
-0.42928 -0.12166 -0.51203
-0.39683 -0.10457 -0.52297
-0.37605 -0.10536 -0.55868
-0.37222 -0.13199 -0.58589
-0.39268 -0.16230 -0.59716
-0.42544 -0.17854 -0.58589
-0.45132 -0.17119 -0.55868
-0.45516 -0.14456 -0.53146
-0.43470 -0.11425 -0.52019
-0.40193 -0.09801 -0.53146
-0.38225 -0.09831 -0.56781
-0.37990 -0.12430 -0.59580
-0.40158 -0.15362 -0.60739
-0.43460 -0.16910 -0.59580
-0.45962 -0.16166 -0.56781
-0.46198 -0.13567 -0.53982
-0.44029 -0.10635 -0.52823
-0.40727 -0.09087 -0.53982
-0.38865 -0.09053 -0.57675
-0.38770 -0.11578 -0.60549
-0.41052 -0.14410 -0.61740
-0.44374 -0.15890 -0.60549
-0.46791 -0.15151 -0.57675
-0.46886 -0.12626 -0.54802
-0.44604 -0.09794 -0.53611
-0.41282 -0.08314 -0.54802
-0.39523 -0.08202 -0.58548
-0.39561 -0.10644 -0.61494
-0.41948 -0.13374 -0.62715
-0.45286 -0.14794 -0.61494
-0.47618 -0.14072 -0.58548
-0.47580 -0.11630 -0.55601
-0.45193 -0.08900 -0.54381
-0.41855 -0.07480 -0.55601
-0.40194 -0.07279 -0.59394
-0.40360 -0.09628 -0.62410
-0.42845 -0.12256 -0.63659
-0.46194 -0.13624 -0.62410
-0.48444 -0.12930 -0.59394
-0.48279 -0.10580 -0.56378
-0.45794 -0.07952 -0.55128
-0.42445 -0.06584 -0.56378
-0.40878 -0.06284 -0.60210
-0.41165 -0.08532 -0.63293
-0.43742 -0.11057 -0.64570
-0.47098 -0.12379 -0.63293
-0.49268 -0.11724 -0.60210
-0.48981 -0.09475 -0.57126
-0.46405 -0.06950 -0.55849
-0.43048 -0.05628 -0.57126
-0.41570 -0.05218 -0.60990
-0.41974 -0.07359 -0.64137
-0.44636 -0.09779 -0.65440
-0.47997 -0.11062 -0.64137
-0.50089 -0.10455 -0.60990
-0.49686 -0.08315 -0.57844
-0.47024 -0.05894 -0.56541
-0.43662 -0.04612 -0.57844
-0.42270 -0.04083 -0.61732
-0.42784 -0.06108 -0.64938
-0.45526 -0.08423 -0.66267
-0.48891 -0.09672 -0.64938
-0.50906 -0.09124 -0.61732
-0.50392 -0.07099 -0.58526
-0.47650 -0.04784 -0.57197
-0.44285 -0.03535 -0.58526
-0.42973 -0.02881 -0.62430
-0.43593 -0.04783 -0.65692
-0.46411 -0.06991 -0.67044
-0.49776 -0.08212 -0.65692
-0.51718 -0.07732 -0.62430
-0.51098 -0.05830 -0.59167
-0.48280 -0.03622 -0.57816
-0.44914 -0.02400 -0.59167
-0.43677 -0.01614 -0.63079
-0.44398 -0.03385 -0.66394
-0.47288 -0.05485 -0.67767
-0.50653 -0.06684 -0.66394
-0.52522 -0.06279 -0.63079
-0.51801 -0.04508 -0.59765
-0.48911 -0.02408 -0.58392
-0.45546 -0.01209 -0.59765
-0.44379 -0.00284 -0.63675
-0.45198 -0.01918 -0.67037
-0.48155 -0.03909 -0.68430
-0.51518 -0.05090 -0.67037
-0.53317 -0.04769 -0.63675
-0.52499 -0.03134 -0.60313
-0.49542 -0.01144 -0.58920
-0.46179 0.00037 -0.60313
-0.45077 0.01105 -0.64213
-0.45989 -0.00386 -0.67618
-0.49009 -0.02265 -0.69028
-0.52370 -0.03432 -0.67618
-0.54102 -0.03203 -0.64213
-0.53191 -0.01713 -0.60808
-0.50170 0.00167 -0.59398
-0.46809 0.01334 -0.60808
-0.45768 0.02550 -0.64688
-0.46768 0.01210 -0.68130
-0.49849 -0.00556 -0.69556
-0.53207 -0.01714 -0.68130
-0.54874 -0.01585 -0.64688
-0.53874 -0.00245 -0.61245
-0.50792 0.01521 -0.59819
-0.47435 0.02679 -0.61245
-0.46449 0.04046 -0.65095
-0.47533 0.02864 -0.68569
-0.50672 0.01213 -0.70008
-0.54025 0.00061 -0.68569
-0.55630 0.00083 -0.65095
-0.54545 0.01266 -0.61620
-0.51407 0.02916 -0.60181
-0.48053 0.04068 -0.61620
-0.47116 0.05589 -0.65429
-0.48281 0.04571 -0.68929
-0.51474 0.03038 -0.70379
-0.54824 0.01889 -0.68929
-0.56368 0.01796 -0.65429
-0.55203 0.02815 -0.61929
-0.52010 0.04347 -0.60480
-0.48660 0.05497 -0.61929
-0.47766 0.07174 -0.65687
-0.49008 0.06326 -0.69206
-0.52252 0.04914 -0.70664
-0.55598 0.03764 -0.69206
-0.57087 0.03551 -0.65687
-0.55845 0.04398 -0.62168
-0.52601 0.05811 -0.60711
-0.49254 0.06960 -0.62168
-0.48397 0.08795 -0.65864
-0.49711 0.08124 -0.69395
-0.53004 0.06835 -0.70858
-0.56347 0.05682 -0.69395
-0.57782 0.05341 -0.65864
-0.56468 0.06011 -0.62333
-0.53175 0.07300 -0.60870
-0.49832 0.08453 -0.62333
-0.49005 0.10445 -0.65956
-0.50386 0.09958 -0.69491
-0.53725 0.08796 -0.70956
-0.57066 0.07638 -0.69491
-0.58451 0.07163 -0.65956
-0.57070 0.07649 -0.62420
-0.53731 0.08812 -0.60956
-0.50390 0.09970 -0.62420
-0.49587 0.12117 -0.65959
-0.51031 0.11822 -0.69491
-0.54413 0.10789 -0.70953
-0.57752 0.09624 -0.69491
-0.59092 0.09009 -0.65959
-0.57648 0.09305 -0.62428
-0.54266 0.10338 -0.60965
-0.50927 0.11503 -0.62428
-0.50140 0.13805 -0.65870
-0.51641 0.13706 -0.69389
-0.55063 0.12807 -0.70846
-0.58402 0.11634 -0.69389
-0.59701 0.10875 -0.65870
-0.58200 0.10974 -0.62352
-0.54777 0.11873 -0.60894
-0.51439 0.13046 -0.62352
-0.50660 0.15500 -0.65687
-0.52213 0.15604 -0.69183
-0.55672 0.14842 -0.70631
-0.59012 0.13661 -0.69183
-0.60276 0.12753 -0.65687
-0.58723 0.12649 -0.62191
-0.55264 0.13411 -0.60743
-0.51924 0.14592 -0.62191
-0.51145 0.17193 -0.65407
-0.52743 0.17506 -0.68871
-0.56236 0.16886 -0.70305
-0.59579 0.15698 -0.68871
-0.60813 0.14637 -0.65407
-0.59215 0.14324 -0.61944
-0.55722 0.14944 -0.60509
-0.52379 0.16132 -0.61944
-0.51591 0.18876 -0.65029
-0.53226 0.19403 -0.68449
-0.56749 0.18931 -0.69865
-0.60098 0.17736 -0.68449
-0.61309 0.16519 -0.65029
-0.59675 0.15992 -0.61609
-0.56151 0.16464 -0.60193
-0.52803 0.17659 -0.61609
-0.51996 0.20539 -0.64551
-0.53659 0.21285 -0.67916
-0.57209 0.20966 -0.69310
-0.60565 0.19767 -0.67916
-0.61763 0.18392 -0.64551
-0.60099 0.17646 -0.61187
-0.56550 0.17966 -0.59793
-0.53193 0.19164 -0.61187
-0.52356 0.22172 -0.63975
-0.54038 0.23142 -0.67272
-0.57609 0.22981 -0.68638
-0.60978 0.21784 -0.67272
-0.62170 0.20250 -0.63975
-0.60487 0.19280 -0.60677
-0.56916 0.19441 -0.59311
-0.53548 0.20639 -0.60677
-0.52669 0.23765 -0.63299
-0.54359 0.24963 -0.66517
-0.57946 0.24968 -0.67850
-0.61330 0.23776 -0.66517
-0.62527 0.22086 -0.63299
-0.60838 0.20887 -0.60081
-0.57251 0.20883 -0.58749
-0.53867 0.22074 -0.60081
-0.52934 0.25306 -0.62526
-0.54617 0.26736 -0.65651
-0.58214 0.26913 -0.66946
-0.61617 0.25735 -0.65651
-0.62833 0.23891 -0.62526
-0.61150 0.22462 -0.59401
-0.57553 0.22284 -0.58107
-0.54150 0.23462 -0.59401
-0.53147 0.26785 -0.61658
-0.54809 0.28448 -0.64677
-0.58408 0.28808 -0.65928
-0.61835 0.27654 -0.64677
-0.63084 0.25662 -0.61658
-0.61422 0.23999 -0.58638
-0.57824 0.23639 -0.57388
-0.54396 0.24793 -0.58638
-0.53309 0.28189 -0.60697
-0.54930 0.30087 -0.63598
-0.58521 0.30639 -0.64800
-0.61978 0.29523 -0.63598
-0.63277 0.27391 -0.60697
-0.61656 0.25493 -0.57796
-0.58065 0.24941 -0.56595
-0.54607 0.26058 -0.57796
-0.53418 0.29507 -0.59648
-0.54976 0.31639 -0.62418
-0.58547 0.32396 -0.63566
-0.62040 0.31334 -0.62418
-0.63408 0.29075 -0.59648
-0.61850 0.26943 -0.56878
-0.58279 0.26187 -0.55731
-0.54786 0.27249 -0.56878
-0.53475 0.30726 -0.58515
-0.54943 0.33090 -0.61142
-0.58480 0.34064 -0.62231
-0.62014 0.33079 -0.61142
-0.63475 0.30711 -0.58515
-0.62007 0.28347 -0.55888
-0.58470 0.27372 -0.54800
-0.54936 0.28358 -0.55888
-0.53482 0.31831 -0.57304
-0.54827 0.34422 -0.59778
-0.58310 0.35632 -0.60802
-0.61891 0.34751 -0.59778
-0.63471 0.32297 -0.57304
-0.62126 0.29706 -0.54830
-0.58643 0.28496 -0.53805
-0.55063 0.29376 -0.54830
-0.53445 0.32807 -0.56019
-0.54627 0.35617 -0.58332
-0.58030 0.37082 -0.59290
-0.61660 0.36344 -0.58332
-0.63392 0.33834 -0.56019
-0.62210 0.31024 -0.53707
-0.58807 0.29559 -0.52749
-0.55176 0.30297 -0.53707
-0.53370 0.33639 -0.54669
-0.54339 0.36656 -0.56815
-0.57628 0.38399 -0.57704
-0.61309 0.37848 -0.56815
-0.63227 0.35325 -0.54669
-0.62257 0.32309 -0.52523
-0.58968 0.30565 -0.51634
-0.55287 0.31116 -0.52523
-0.53271 0.34310 -0.53260
-0.53968 0.37512 -0.55237
-0.57095 0.39560 -0.56056
-0.60821 0.39255 -0.55237
-0.62962 0.36775 -0.53260
-0.62266 0.33574 -0.51282
-0.59138 0.31526 -0.50463
-0.55413 0.31831 -0.51282
-0.53169 0.34805 -0.51800
-0.53520 0.38158 -0.53612
-0.56421 0.40537 -0.54363
-0.60174 0.40550 -0.53612
-0.62579 0.38189 -0.51800
-0.62228 0.34837 -0.49987
-0.59327 0.32458 -0.49236
-0.55574 0.32445 -0.49987
-0.53094 0.35115 -0.50296
-0.53014 0.38563 -0.51955
-0.55603 0.41296 -0.52641
-0.59345 0.41713 -0.51955
-0.62047 0.39569 -0.50296
-0.62126 0.36121 -0.48638
-0.59537 0.33388 -0.47952
-0.55796 0.32971 -0.48638
-0.57206 0.42726 -0.50589
-0.60635 0.41679 -0.49251
-0.62056 0.38519 -0.47624
-0.60635 0.35098 -0.46663
-0.57206 0.33420 -0.46929
-0.53778 0.34467 -0.48267
-0.52357 0.37627 -0.49893
-0.53778 0.41048 -0.50855
-0.56784 0.43458 -0.48696
-0.60180 0.42355 -0.47319
-0.61587 0.39105 -0.45870
-0.60180 0.35610 -0.45197
-0.56784 0.33918 -0.45695
-0.53388 0.35021 -0.47071
-0.51981 0.38271 -0.48520
-0.53388 0.41766 -0.49193
-0.56305 0.44049 -0.46774
-0.59665 0.42879 -0.45365
-0.61057 0.39546 -0.44102
-0.59665 0.36001 -0.43725
-0.56305 0.34322 -0.44454
-0.52944 0.35491 -0.45863
-0.51552 0.38825 -0.47126
-0.52944 0.42370 -0.47503
-0.55770 0.44499 -0.44834
-0.59092 0.43250 -0.43402
-0.60468 0.39842 -0.42335
-0.59092 0.36272 -0.42257
-0.55770 0.34631 -0.43214
-0.52448 0.35880 -0.44646
-0.51072 0.39287 -0.45714
-0.52448 0.42857 -0.45792
-0.55183 0.44805 -0.42887
-0.58464 0.43466 -0.41443
-0.59823 0.39994 -0.40580
-0.58464 0.36424 -0.40803
-0.55183 0.34846 -0.41981
-0.51902 0.36185 -0.43425
-0.50542 0.39657 -0.44288
-0.51902 0.43227 -0.44066
-0.54545 0.44969 -0.40944
-0.57785 0.43530 -0.39501
-0.59127 0.40006 -0.38850
-0.57785 0.36461 -0.39371
-0.54545 0.34970 -0.40760
-0.51306 0.36409 -0.42203
-0.49964 0.39933 -0.42854
-0.51306 0.43479 -0.42332
-0.53861 0.44991 -0.39014
-0.57058 0.43447 -0.37588
-0.58383 0.39882 -0.37156
-0.57058 0.36386 -0.37972
-0.53861 0.35006 -0.39558
-0.50663 0.36550 -0.40984
-0.49338 0.40114 -0.41415
-0.50663 0.43611 -0.40599
-0.54351 0.35065 -0.37743
-0.50958 0.35722 -0.39385
-0.48838 0.38834 -0.40066
-0.49233 0.42579 -0.39385
-0.51912 0.44763 -0.37743
-0.55306 0.44107 -0.36100
-0.57426 0.40994 -0.35420
-0.57031 0.37249 -0.36100
-0.54101 0.35033 -0.36230
-0.50728 0.35344 -0.38011
-0.48313 0.38219 -0.38749
-0.48269 0.41973 -0.38011
-0.50624 0.44409 -0.36230
-0.53997 0.44098 -0.34450
-0.56412 0.41223 -0.33712
-0.56456 0.37468 -0.34450
-0.53708 0.34908 -0.34755
-0.50401 0.34954 -0.36681
-0.47771 0.37617 -0.37478
-0.47358 0.41337 -0.36681
-0.49404 0.43935 -0.34755
-0.52711 0.43889 -0.32829
-0.55341 0.41226 -0.32031
-0.55754 0.37506 -0.32829
-0.53197 0.34680 -0.33322
-0.49983 0.34530 -0.35394
-0.47198 0.37011 -0.36252
-0.46474 0.40669 -0.35394
-0.48235 0.43362 -0.33322
-0.51449 0.43512 -0.31250
-0.54233 0.41031 -0.30392
-0.54957 0.37373 -0.31250
-0.52592 0.34345 -0.31937
-0.49485 0.34056 -0.34153
-0.46590 0.36384 -0.35071
-0.45602 0.39966 -0.34153
-0.47100 0.42703 -0.31937
-0.50207 0.42992 -0.29721
-0.53102 0.40664 -0.28804
-0.54090 0.37082 -0.29721
-0.51912 0.33907 -0.30605
-0.48919 0.33525 -0.32959
-0.45945 0.35726 -0.33934
-0.44731 0.39222 -0.32959
-0.45989 0.41964 -0.30605
-0.48982 0.42347 -0.28251
-0.51956 0.40145 -0.27276
-0.53170 0.36650 -0.28251
-0.51173 0.33370 -0.29329
-0.48297 0.32931 -0.31814
-0.45266 0.35028 -0.32844
-0.43856 0.38434 -0.31814
-0.44893 0.41152 -0.29329
-0.47770 0.41592 -0.26844
-0.50801 0.39495 -0.25814
-0.52211 0.36089 -0.26844
-0.50388 0.32741 -0.28113
-0.47627 0.32274 -0.30721
-0.44556 0.34286 -0.31802
-0.42975 0.37599 -0.30721
-0.43808 0.40272 -0.28113
-0.46569 0.40740 -0.25505
-0.49640 0.38728 -0.24424
-0.51222 0.35415 -0.25505
-0.49566 0.32027 -0.26960
-0.46918 0.31555 -0.29682
-0.43820 0.33497 -0.30810
-0.42086 0.36717 -0.29682
-0.42732 0.39327 -0.26960
-0.45379 0.39800 -0.24237
-0.48478 0.37858 -0.23110
-0.50212 0.34638 -0.24237
-0.48716 0.31235 -0.25871
-0.46179 0.30776 -0.28698
-0.43062 0.32661 -0.29869
-0.41191 0.35788 -0.28698
-0.41662 0.38323 -0.25871
-0.44200 0.38783 -0.23043
-0.47317 0.36897 -0.21872
-0.49188 0.33771 -0.23043
-0.47847 0.30372 -0.24847
-0.45415 0.29940 -0.27771
-0.42285 0.31780 -0.28981
-0.40291 0.34813 -0.27771
-0.40600 0.37263 -0.24847
-0.43032 0.37695 -0.21924
-0.46162 0.35856 -0.20713
-0.48156 0.32822 -0.21924
-0.46963 0.29445 -0.23891
-0.44633 0.29052 -0.26901
-0.41495 0.30854 -0.28148
-0.39388 0.33795 -0.26901
-0.39546 0.36153 -0.23891
-0.41876 0.36546 -0.20881
-0.45014 0.34744 -0.19634
-0.47121 0.31803 -0.20881
-0.46071 0.28461 -0.23002
-0.43838 0.28115 -0.26090
-0.40696 0.29886 -0.27369
-0.38486 0.32736 -0.26090
-0.38502 0.34996 -0.23002
-0.40735 0.35342 -0.19913
-0.43877 0.33571 -0.18634
-0.46088 0.30721 -0.19913
-0.45177 0.27426 -0.22179
-0.43036 0.27134 -0.25338
-0.39891 0.28879 -0.26646
-0.37585 0.31639 -0.25338
-0.37468 0.33796 -0.22179
-0.39609 0.34088 -0.19021
-0.42754 0.32344 -0.17713
-0.45060 0.29584 -0.19021
-0.44283 0.26347 -0.21423
-0.42229 0.26114 -0.24644
-0.39084 0.27837 -0.25978
-0.36688 0.30506 -0.24644
-0.36447 0.32559 -0.21423
-0.38501 0.32793 -0.18203
-0.41647 0.31070 -0.16869
-0.44042 0.28400 -0.18203
-0.43395 0.25228 -0.20733
-0.41424 0.25057 -0.24008
-0.38277 0.26762 -0.25365
-0.35799 0.29343 -0.24008
-0.35441 0.31289 -0.20733
-0.37412 0.31460 -0.17457
-0.40559 0.29755 -0.16100
-0.43037 0.27174 -0.17457
-0.42516 0.24076 -0.20106
-0.40622 0.23970 -0.23430
-0.37476 0.25658 -0.24807
-0.34920 0.28151 -0.23430
-0.34451 0.29989 -0.20106
-0.36345 0.30095 -0.16783
-0.39492 0.28407 -0.15406
-0.42048 0.25914 -0.16783
-0.41649 0.22895 -0.19543
-0.39829 0.22855 -0.22909
-0.36682 0.24528 -0.24303
-0.34052 0.26934 -0.22909
-0.33480 0.28663 -0.19543
-0.35301 0.28703 -0.16177
-0.38448 0.27030 -0.14783
-0.41078 0.24624 -0.16177
-0.40798 0.21690 -0.19040
-0.39045 0.21718 -0.22442
-0.35898 0.23376 -0.23851
-0.33199 0.25695 -0.22442
-0.32530 0.27315 -0.19040
-0.34282 0.27288 -0.15638
-0.37430 0.25629 -0.14229
-0.40129 0.23310 -0.15638
-0.39964 0.20466 -0.18597
-0.38275 0.20561 -0.22029
-0.35126 0.22206 -0.23451
-0.32362 0.24438 -0.22029
-0.31601 0.25949 -0.18597
-0.33290 0.25854 -0.15164
-0.36439 0.24209 -0.13742
-0.39204 0.21977 -0.15164
-0.39150 0.19226 -0.18210
-0.37520 0.19388 -0.21669
-0.34369 0.21020 -0.23101
-0.31542 0.23165 -0.21669
-0.30696 0.24567 -0.18210
-0.32326 0.24405 -0.14751
-0.35478 0.22774 -0.13319
-0.38304 0.20629 -0.14751
-0.38359 0.17974 -0.17878
-0.36783 0.18203 -0.21358
-0.33629 0.19821 -0.22800
-0.30743 0.21880 -0.21358
-0.29817 0.23174 -0.17878
-0.31392 0.22945 -0.14398
-0.34546 0.21328 -0.12957
-0.37432 0.19269 -0.14398
-0.37591 0.16714 -0.17599
-0.36066 0.17009 -0.21096
-0.32908 0.18612 -0.22545
-0.29966 0.20584 -0.21096
-0.28963 0.21771 -0.17599
-0.30488 0.21476 -0.14101
-0.33647 0.19873 -0.12652
-0.36589 0.17901 -0.14101
-0.36849 0.15449 -0.17370
-0.35370 0.15808 -0.20881
-0.32206 0.17396 -0.22335
-0.29211 0.19281 -0.20881
-0.28138 0.20361 -0.17370
-0.29617 0.20002 -0.13858
-0.32780 0.18414 -0.12404
-0.35776 0.16528 -0.13858
-0.36133 0.14181 -0.17188
-0.34696 0.14604 -0.20710
-0.31526 0.16175 -0.22169
-0.28480 0.17974 -0.20710
-0.27341 0.18947 -0.17188
-0.28778 0.18524 -0.13667
-0.31948 0.16953 -0.12208
-0.34994 0.15154 -0.13667
-0.35445 0.12914 -0.17053
-0.34047 0.13399 -0.20582
-0.30869 0.14952 -0.22043
-0.27774 0.16663 -0.20582
-0.26574 0.17530 -0.17053
-0.27973 0.17045 -0.13524
-0.31150 0.15492 -0.12062
-0.34245 0.13780 -0.13524
-0.34786 0.11648 -0.16961
-0.33422 0.12195 -0.20494
-0.30236 0.13729 -0.21958
-0.27095 0.15352 -0.20494
-0.25838 0.16114 -0.16961
-0.27202 0.15567 -0.13427
-0.30388 0.14033 -0.11963
-0.33529 0.12410 -0.13427
-0.34156 0.10388 -0.16910
-0.32822 0.10994 -0.20445
-0.29627 0.12508 -0.21910
-0.26442 0.14042 -0.20445
-0.25133 0.14699 -0.16910
-0.26466 0.14093 -0.13374
-0.29661 0.12579 -0.11910
-0.32846 0.11045 -0.13374
-0.33556 0.09134 -0.16898
-0.32249 0.09798 -0.20433
-0.29044 0.11290 -0.21897
-0.25817 0.12735 -0.20433
-0.24459 0.13288 -0.16898
-0.25766 0.12623 -0.13363
-0.28971 0.11131 -0.11899
-0.32198 0.09686 -0.13363
-0.32986 0.07888 -0.16923
-0.31703 0.08610 -0.20456
-0.28486 0.10078 -0.21919
-0.25220 0.11433 -0.20456
-0.23818 0.11881 -0.16923
-0.25101 0.11160 -0.13391
-0.28318 0.09692 -0.11928
-0.31584 0.08336 -0.13391
-0.32447 0.06653 -0.16984
-0.31184 0.07430 -0.20512
-0.27955 0.08873 -0.21973
-0.24652 0.10137 -0.20512
-0.23209 0.10481 -0.16984
-0.24472 0.09704 -0.13456
-0.27701 0.08261 -0.11995
-0.31004 0.06997 -0.13456
-0.31939 0.05428 -0.17078
-0.30692 0.06260 -0.20599
-0.27450 0.07677 -0.22058
-0.24112 0.08849 -0.20599
-0.22633 0.09089 -0.17078
-0.23879 0.08257 -0.13557
-0.27121 0.06841 -0.12098
-0.30460 0.05669 -0.13557
-0.31461 0.04217 -0.17204
-0.30228 0.05102 -0.20717
-0.26973 0.06491 -0.22172
-0.23602 0.07569 -0.20717
-0.22090 0.07706 -0.17204
-0.23323 0.06820 -0.13691
-0.26578 0.05432 -0.12236
-0.29949 0.04353 -0.13691
-0.31015 0.03019 -0.17360
-0.29792 0.03957 -0.20863
-0.26522 0.05316 -0.22314
-0.23120 0.06300 -0.20863
-0.21579 0.06332 -0.17360
-0.22802 0.05395 -0.13857
-0.26072 0.04036 -0.12406
-0.29474 0.03052 -0.13857
-0.30598 0.01837 -0.17545
-0.29383 0.02826 -0.21036
-0.26098 0.04154 -0.22482
-0.22668 0.05042 -0.21036
-0.21102 0.04970 -0.17545
-0.22318 0.03981 -0.14054
-0.25603 0.02653 -0.12607
-0.29033 0.01765 -0.14054
-0.30212 0.00670 -0.17757
-0.29001 0.01710 -0.21234
-0.25700 0.03005 -0.22675
-0.22244 0.03796 -0.21234
-0.20657 0.03620 -0.17757
-0.21869 0.02580 -0.14279
-0.25169 0.01285 -0.12838
-0.28625 0.00494 -0.14279
-0.29856 -0.00480 -0.17995
-0.28646 0.00611 -0.21458
-0.25330 0.01871 -0.22892
-0.21850 0.02563 -0.21458
-0.20245 0.02282 -0.17995
-0.21456 0.01192 -0.14532
-0.24772 -0.00069 -0.13098
-0.28252 -0.00761 -0.14532
-0.29530 -0.01611 -0.18258
-0.28318 -0.00472 -0.21704
-0.24985 0.00753 -0.23132
-0.21484 0.01345 -0.21704
-0.19866 0.00958 -0.18258
-0.21078 -0.00182 -0.14812
-0.24411 -0.01406 -0.13384
-0.27912 -0.01998 -0.14812
-0.29233 -0.02724 -0.18545
-0.28016 -0.01536 -0.21973
-0.24666 -0.00349 -0.23393
-0.21147 0.00141 -0.21973
-0.19519 -0.00352 -0.18545
-0.20736 -0.01540 -0.15117
-0.24086 -0.02727 -0.13698
-0.27605 -0.03218 -0.15117
-0.28965 -0.03817 -0.18856
-0.27740 -0.02580 -0.22264
-0.24373 -0.01433 -0.23675
-0.20838 -0.01046 -0.22264
-0.19204 -0.01647 -0.18856
-0.20429 -0.02884 -0.15448
-0.23796 -0.04032 -0.14036
-0.27332 -0.04418 -0.15448
-0.28726 -0.04890 -0.19189
-0.27490 -0.03605 -0.22575
-0.24105 -0.02498 -0.23977
-0.20556 -0.02217 -0.22575
-0.18920 -0.02927 -0.19189
-0.20157 -0.04211 -0.15802
-0.23541 -0.05319 -0.14400
-0.27090 -0.05600 -0.15802
-0.28514 -0.05941 -0.19543
-0.27264 -0.04609 -0.22906
-0.23862 -0.03544 -0.24298
-0.20302 -0.03371 -0.22906
-0.18669 -0.04190 -0.19543
-0.19919 -0.05522 -0.16181
-0.23321 -0.06587 -0.14788
-0.26881 -0.06761 -0.16181
-0.28330 -0.06971 -0.19919
-0.27062 -0.05591 -0.23255
-0.23642 -0.04570 -0.24638
-0.20075 -0.04507 -0.23255
-0.18448 -0.05437 -0.19919
-0.19716 -0.06817 -0.16582
-0.23135 -0.07837 -0.15200
-0.26703 -0.07901 -0.16582
-0.28172 -0.07977 -0.20315
-0.26884 -0.06550 -0.23624
-0.23446 -0.05576 -0.24995
-0.19874 -0.05624 -0.23624
-0.18259 -0.06667 -0.20315
-0.19547 -0.08093 -0.17006
-0.22985 -0.09068 -0.15636
-0.26557 -0.09020 -0.17006
-0.28041 -0.08959 -0.20732
-0.26728 -0.07486 -0.24011
-0.23273 -0.06560 -0.25369
-0.19698 -0.06722 -0.24011
-0.18100 -0.07879 -0.20732
-0.19413 -0.09352 -0.17453
-0.22868 -0.10279 -0.16095
-0.26442 -0.10116 -0.17453
-0.27936 -0.09917 -0.21168
-0.26595 -0.08398 -0.24415
-0.23121 -0.07522 -0.25759
-0.19549 -0.07802 -0.24415
-0.17971 -0.09074 -0.21168
-0.19312 -0.10593 -0.17922
-0.22786 -0.11469 -0.16577
-0.26358 -0.11189 -0.17922
-0.27855 -0.10849 -0.21625
-0.26482 -0.09285 -0.24836
-0.22990 -0.08461 -0.26166
-0.19424 -0.08861 -0.24836
-0.17873 -0.10250 -0.21625
-0.19246 -0.11814 -0.18414
-0.22739 -0.12638 -0.17083
-0.26305 -0.12238 -0.18414
-0.27799 -0.11755 -0.22101
-0.26390 -0.10146 -0.25274
-0.22879 -0.09378 -0.26589
-0.19323 -0.09900 -0.25274
-0.17805 -0.11407 -0.22101
-0.19215 -0.13016 -0.18927
-0.22726 -0.13784 -0.17613
-0.26281 -0.13262 -0.18927
-0.27767 -0.12633 -0.22596
-0.26317 -0.10981 -0.25729
-0.22787 -0.10271 -0.27026
-0.19246 -0.10920 -0.25729
-0.17767 -0.12546 -0.22596
-0.19218 -0.14198 -0.19464
-0.22747 -0.14908 -0.18166
-0.26288 -0.14259 -0.19464
-0.27758 -0.13482 -0.23112
-0.26262 -0.11788 -0.26200
-0.22714 -0.11141 -0.27479
-0.19192 -0.11918 -0.26200
-0.17760 -0.13666 -0.23112
-0.19255 -0.15359 -0.20023
-0.22803 -0.16007 -0.18744
-0.26325 -0.15229 -0.20023
-0.27771 -0.14301 -0.23646
-0.26224 -0.12568 -0.26688
-0.22658 -0.11987 -0.27947
-0.19161 -0.12897 -0.26688
-0.17782 -0.14766 -0.23646
-0.19328 -0.16499 -0.20605
-0.22895 -0.17080 -0.19345
-0.26392 -0.16170 -0.20605
-0.27805 -0.15089 -0.24201
-0.26202 -0.13320 -0.27191
-0.22618 -0.12809 -0.28430
-0.19152 -0.13856 -0.27191
-0.17834 -0.15847 -0.24201
-0.19437 -0.17616 -0.21210
-0.23022 -0.18127 -0.19971
-0.26488 -0.17080 -0.21210
-0.27860 -0.15844 -0.24775
-0.26195 -0.14042 -0.27712
-0.22593 -0.13607 -0.28928
-0.19164 -0.14794 -0.27712
-0.17917 -0.16908 -0.24775
-0.19583 -0.18710 -0.21839
-0.23185 -0.19145 -0.20622
-0.26614 -0.17958 -0.21839
-0.27935 -0.16565 -0.25369
-0.26200 -0.14735 -0.28248
-0.22581 -0.14382 -0.29440
-0.19198 -0.15714 -0.28248
-0.18031 -0.17949 -0.25369
-0.19766 -0.19780 -0.22491
-0.23385 -0.20132 -0.21298
-0.26769 -0.18801 -0.22491
-0.28028 -0.17251 -0.25984
-0.26218 -0.15398 -0.28801
-0.22583 -0.15135 -0.29968
-0.19252 -0.16615 -0.28801
-0.18177 -0.18971 -0.25984
-0.19987 -0.20823 -0.23167
-0.23622 -0.21087 -0.22000
-0.26953 -0.19607 -0.23167
-0.28138 -0.17899 -0.26619
-0.26245 -0.16031 -0.29371
-0.22596 -0.15865 -0.30511
-0.19328 -0.17497 -0.29371
-0.18355 -0.19973 -0.26619
-0.20248 -0.21840 -0.23867
-0.23898 -0.22006 -0.22727
-0.27166 -0.20374 -0.23867
-0.28263 -0.18508 -0.27275
-0.26280 -0.16634 -0.29958
-0.22619 -0.16574 -0.31069
-0.19424 -0.18364 -0.29958
-0.18567 -0.20954 -0.27275
-0.20550 -0.22828 -0.24591
-0.24212 -0.22888 -0.23480
-0.27406 -0.21098 -0.24591
-0.28402 -0.19077 -0.27952
-0.26322 -0.17207 -0.30563
-0.22651 -0.17264 -0.31644
-0.19541 -0.19214 -0.30563
-0.18814 -0.21915 -0.27952
-0.20895 -0.23785 -0.25340
-0.24565 -0.23728 -0.24259
-0.27675 -0.21778 -0.25340
-0.28553 -0.19603 -0.28650
-0.26367 -0.17750 -0.31186
-0.22692 -0.17936 -0.32237
-0.19681 -0.20051 -0.31186
-0.19097 -0.22856 -0.28650
-0.21284 -0.24709 -0.26113
-0.24959 -0.24523 -0.25063
-0.27970 -0.22408 -0.26113
-0.28713 -0.20084 -0.29370
-0.26414 -0.18264 -0.31829
-0.22740 -0.18592 -0.32847
-0.19843 -0.20875 -0.31829
-0.19420 -0.23777 -0.29370
-0.21719 -0.25597 -0.26911
-0.25393 -0.25269 -0.25892
-0.28290 -0.22986 -0.26911
-0.28880 -0.20521 -0.30112
-0.26461 -0.18751 -0.32491
-0.22795 -0.19234 -0.33477
-0.20029 -0.21688 -0.32491
-0.19784 -0.24675 -0.30112
-0.22202 -0.26445 -0.27732
-0.25868 -0.25961 -0.26746
-0.28634 -0.23507 -0.27732
-0.29049 -0.20910 -0.30876
-0.26505 -0.19211 -0.33175
-0.22858 -0.19867 -0.34128
-0.20242 -0.22493 -0.33175
-0.20192 -0.25552 -0.30876
-0.22736 -0.27251 -0.28576
-0.26384 -0.26595 -0.27624
-0.28999 -0.23968 -0.28576
-0.29218 -0.21251 -0.31663
-0.26545 -0.19647 -0.33882
-0.22927 -0.20492 -0.34801
-0.20485 -0.23291 -0.33882
-0.20649 -0.26404 -0.31663
-0.23322 -0.28008 -0.29444
-0.26939 -0.27163 -0.28524
-0.29382 -0.24364 -0.29444
-0.29383 -0.21544 -0.32473
-0.26578 -0.20061 -0.34612
-0.23007 -0.21113 -0.35499
-0.20761 -0.24082 -0.34612
-0.21157 -0.27230 -0.32473
-0.23962 -0.28712 -0.30333
-0.27533 -0.27661 -0.29446
-0.29779 -0.24691 -0.30333
-0.29538 -0.21789 -0.33305
-0.26603 -0.20458 -0.35369
-0.23097 -0.21734 -0.36223
-0.21076 -0.24869 -0.35369
-0.21722 -0.28026 -0.33305
-0.24657 -0.29357 -0.31242
-0.28163 -0.28082 -0.30388
-0.30184 -0.24947 -0.31242
-0.29681 -0.21990 -0.34162
-0.26620 -0.20842 -0.36152
-0.23204 -0.22358 -0.36976
-0.21434 -0.25649 -0.36152
-0.22347 -0.28788 -0.34162
-0.25408 -0.29935 -0.32172
-0.28823 -0.28419 -0.31347
-0.30593 -0.25128 -0.32172
-0.29806 -0.22148 -0.35042
-0.26631 -0.21218 -0.36965
-0.23333 -0.22988 -0.37761
-0.21844 -0.26422 -0.36965
-0.23036 -0.29508 -0.35042
-0.26211 -0.30439 -0.33119
-0.29509 -0.28669 -0.32322
-0.30998 -0.25234 -0.33119
-0.29912 -0.22270 -0.35945
-0.26639 -0.21590 -0.37808
-0.23491 -0.23624 -0.38580
-0.22312 -0.27182 -0.37808
-0.23792 -0.30179 -0.35945
-0.27065 -0.30860 -0.34082
-0.30213 -0.28825 -0.33311
-0.31392 -0.25267 -0.34082
-0.29998 -0.22362 -0.36872
-0.26651 -0.21963 -0.38684
-0.23688 -0.24265 -0.39435
-0.22845 -0.27922 -0.38684
-0.24616 -0.30790 -0.36872
-0.27963 -0.31190 -0.35061
-0.30926 -0.28887 -0.34310
-0.31769 -0.25231 -0.35061
-0.30066 -0.22433 -0.37823
-0.26675 -0.22340 -0.39594
-0.23934 -0.24908 -0.40328
-0.23449 -0.28632 -0.39594
-0.25504 -0.31331 -0.37823
-0.28895 -0.31424 -0.36052
-0.31636 -0.28856 -0.35319
-0.32121 -0.25132 -0.36052
-0.30122 -0.22488 -0.38798
-0.26722 -0.22721 -0.40540
-0.24239 -0.25542 -0.41261
-0.24128 -0.29299 -0.40540
-0.26452 -0.31790 -0.38798
-0.29852 -0.31557 -0.37056
-0.32335 -0.28736 -0.36335
-0.32447 -0.24979 -0.37056
-0.30174 -0.22535 -0.39796
-0.26806 -0.23104 -0.41521
-0.24613 -0.26158 -0.42235
-0.24880 -0.29908 -0.41521
-0.27451 -0.32158 -0.39796
-0.30819 -0.31589 -0.38071
-0.33012 -0.28535 -0.37357
-0.32745 -0.24785 -0.38071
-0.30234 -0.22579 -0.40817
-0.26938 -0.23482 -0.42538
-0.25061 -0.26740 -0.43251
-0.25704 -0.30444 -0.42538
-0.28489 -0.32425 -0.40817
-0.31786 -0.31522 -0.39096
-0.33662 -0.28264 -0.38383
-0.33020 -0.24560 -0.39096
-0.30315 -0.22618 -0.41861
-0.27129 -0.23843 -0.43591
-0.25587 -0.27271 -0.44307
-0.26591 -0.30894 -0.43591
-0.29554 -0.32589 -0.41861
-0.32740 -0.31363 -0.40131
-0.34283 -0.27935 -0.39415
-0.33278 -0.24313 -0.40131
-0.30429 -0.22650 -0.42927
-0.27388 -0.24177 -0.44678
-0.26188 -0.27737 -0.45403
-0.27532 -0.31246 -0.44678
-0.30632 -0.32648 -0.42927
-0.33674 -0.31121 -0.41176
-0.34874 -0.27561 -0.40451
-0.33530 -0.24052 -0.41176
-0.30588 -0.22668 -0.44014
-0.27719 -0.24467 -0.45798
-0.26861 -0.28123 -0.46536
-0.28515 -0.31493 -0.45798
-0.31714 -0.32605 -0.44014
-0.34582 -0.30806 -0.42231
-0.35441 -0.27150 -0.41492
-0.33786 -0.23780 -0.42231
-0.30798 -0.22664 -0.45123
-0.28123 -0.24702 -0.46948
-0.27598 -0.28416 -0.47705
-0.29531 -0.31631 -0.46948
-0.32790 -0.32463 -0.45123
-0.35465 -0.30425 -0.43297
-0.35990 -0.26711 -0.42540
-0.34056 -0.23496 -0.43297
-0.31065 -0.22627 -0.46250
-0.28597 -0.24869 -0.48127
-0.28392 -0.28610 -0.48905
-0.30570 -0.31659 -0.48127
-0.33855 -0.32229 -0.46250
-0.36324 -0.29987 -0.44373
-0.36529 -0.26246 -0.43595
-0.34351 -0.23197 -0.44373
-0.31392 -0.22547 -0.47396
-0.29137 -0.24958 -0.49332
-0.29233 -0.28699 -0.50134
-0.31623 -0.31578 -0.49332
-0.34908 -0.31908 -0.47396
-0.37162 -0.29497 -0.45460
-0.37067 -0.25757 -0.44658
-0.34676 -0.22878 -0.45460
-0.31777 -0.22416 -0.48559
-0.29738 -0.24962 -0.50560
-0.30115 -0.28679 -0.51388
-0.32687 -0.31389 -0.50560
-0.35947 -0.31505 -0.48559
-0.37986 -0.28958 -0.46558
-0.37609 -0.25241 -0.45730
-0.35037 -0.22531 -0.46558
-0.32220 -0.22224 -0.49737
-0.30395 -0.24875 -0.51807
-0.31031 -0.28550 -0.52665
-0.33756 -0.31096 -0.51807
-0.36974 -0.31022 -0.49737
-0.38799 -0.28371 -0.47667
-0.38163 -0.24696 -0.46810
-0.35438 -0.22150 -0.47667
-0.32717 -0.21966 -0.50928
-0.31100 -0.24693 -0.53072
-0.31975 -0.28311 -0.53959
-0.34830 -0.30701 -0.53072
-0.37991 -0.30462 -0.50928
-0.39608 -0.27735 -0.48785
-0.38733 -0.24117 -0.47897
-0.35878 -0.21727 -0.48785
-0.33265 -0.21635 -0.52131
-0.31850 -0.24413 -0.54350
-0.32944 -0.27963 -0.55269
-0.35906 -0.30205 -0.54350
-0.39000 -0.29827 -0.52131
-0.40415 -0.27048 -0.49912
-0.39321 -0.23498 -0.48992
-0.36360 -0.21256 -0.49912
-0.33860 -0.21226 -0.53342
-0.32640 -0.24033 -0.55639
-0.33934 -0.27506 -0.56590
-0.36984 -0.29611 -0.55639
-0.40005 -0.29115 -0.53342
-0.41226 -0.26308 -0.51045
-0.39931 -0.22835 -0.50094
-0.36881 -0.20730 -0.51045
-0.34499 -0.20735 -0.54559
-0.33464 -0.23551 -0.56935
-0.34942 -0.26941 -0.57919
-0.38066 -0.28920 -0.56935
-0.41007 -0.28328 -0.54559
-0.42042 -0.25512 -0.52183
-0.40565 -0.22122 -0.51199
-0.37440 -0.20143 -0.52183
-0.35178 -0.20159 -0.55778
-0.34320 -0.22967 -0.58234
-0.35965 -0.26269 -0.59251
-0.39150 -0.28131 -0.58234
-0.42008 -0.27463 -0.55778
-0.42866 -0.24656 -0.53323
-0.41221 -0.21354 -0.52306
-0.38037 -0.19491 -0.53323
-0.35894 -0.19496 -0.56997
-0.35205 -0.22279 -0.59532
-0.37004 -0.25489 -0.60582
-0.40237 -0.27246 -0.59532
-0.43011 -0.26520 -0.56997
-0.43700 -0.23737 -0.54463
-0.41901 -0.20527 -0.53413
-0.38668 -0.18770 -0.54463
-0.36643 -0.18742 -0.58212
-0.36114 -0.21487 -0.60825
-0.38055 -0.24602 -0.61908
-0.41328 -0.26263 -0.60825
-0.44017 -0.25497 -0.58212
-0.44545 -0.22752 -0.55598
-0.42605 -0.19636 -0.54516
-0.39331 -0.17975 -0.55598
-0.37423 -0.17895 -0.59418
-0.37047 -0.20590 -0.62109
-0.39118 -0.23608 -0.63224
-0.42423 -0.25183 -0.62109
-0.45025 -0.24391 -0.59418
-0.45401 -0.21697 -0.56726
-0.43330 -0.18678 -0.55612
-0.40025 -0.17103 -0.56726
-0.38229 -0.16955 -0.60611
-0.37999 -0.19587 -0.63379
-0.40191 -0.22507 -0.64526
-0.43521 -0.24005 -0.63379
-0.46038 -0.23202 -0.60611
-0.46268 -0.20570 -0.57843
-0.44077 -0.17650 -0.56696
-0.40747 -0.16152 -0.57843
-0.39060 -0.15920 -0.61786
-0.38969 -0.18479 -0.64629
-0.41272 -0.21299 -0.65807
-0.44621 -0.22727 -0.64629
-0.47055 -0.21928 -0.61786
-0.47146 -0.19368 -0.58942
-0.44843 -0.16548 -0.57764
-0.41494 -0.15120 -0.58942
-0.39913 -0.14789 -0.62937
-0.39954 -0.17266 -0.65854
-0.42361 -0.19984 -0.67062
-0.45725 -0.21351 -0.65854
-0.48075 -0.20567 -0.62937
-0.48034 -0.18090 -0.60021
-0.45627 -0.15371 -0.58812
-0.42263 -0.14004 -0.60021
-0.40784 -0.13561 -0.64060
-0.40951 -0.15946 -0.67048
-0.43456 -0.18562 -0.68286
-0.46830 -0.19876 -0.67048
-0.49098 -0.19118 -0.64060
-0.48931 -0.16733 -0.61072
-0.46426 -0.14118 -0.59835
-0.43052 -0.12804 -0.61072
-0.41671 -0.12237 -0.65149
-0.41959 -0.14522 -0.68205
-0.44554 -0.17034 -0.69471
-0.47936 -0.18301 -0.68205
-0.50123 -0.17582 -0.65149
-0.49835 -0.15297 -0.62092
-0.47240 -0.12786 -0.60826
-0.43858 -0.11518 -0.62092
-0.42570 -0.10818 -0.66196
-0.42974 -0.12993 -0.69318
-0.45654 -0.15400 -0.70611
-0.49040 -0.16627 -0.69318
-0.51149 -0.15957 -0.66196
-0.50745 -0.13782 -0.63073
-0.48065 -0.11375 -0.61780
-0.44679 -0.10148 -0.63073
-0.43479 -0.09303 -0.67195
-0.43994 -0.11361 -0.70380
-0.46754 -0.13661 -0.71699
-0.50142 -0.14855 -0.70380
-0.52173 -0.14244 -0.67195
-0.51659 -0.12186 -0.64010
-0.48899 -0.09887 -0.62691
-0.45511 -0.08692 -0.64010
-0.44395 -0.07695 -0.68139
-0.45016 -0.09628 -0.71383
-0.47851 -0.11819 -0.72727
-0.51239 -0.12986 -0.71383
-0.53195 -0.12444 -0.68139
-0.52574 -0.10512 -0.64895
-0.49739 -0.08320 -0.63551
-0.46351 -0.07154 -0.64895
-0.45313 -0.05996 -0.69022
-0.46036 -0.07795 -0.72321
-0.48942 -0.09877 -0.73688
-0.52328 -0.11021 -0.72321
-0.54211 -0.10558 -0.69022
-0.53488 -0.08759 -0.65723
-0.50582 -0.06678 -0.64356
-0.47196 -0.05533 -0.65723
-0.46230 -0.04209 -0.69835
-0.47051 -0.05867 -0.73185
-0.50025 -0.07836 -0.74573
-0.53408 -0.08964 -0.73185
-0.55220 -0.08589 -0.69835
-0.54399 -0.06931 -0.66485
-0.51425 -0.04961 -0.65098
-0.48042 -0.03834 -0.66485
-0.47143 -0.02337 -0.70571
-0.48059 -0.03846 -0.73967
-0.51095 -0.05701 -0.75374
-0.54475 -0.06817 -0.73967
-0.56218 -0.06539 -0.70571
-0.55302 -0.05030 -0.67176
-0.52266 -0.03174 -0.65769
-0.48886 -0.02059 -0.67176
-0.48049 -0.00385 -0.71223
-0.49054 -0.01736 -0.74659
-0.52151 -0.03476 -0.76082
-0.55526 -0.04584 -0.74659
-0.57202 -0.04412 -0.71223
-0.56197 -0.03060 -0.67787
-0.53099 -0.01320 -0.66364
-0.49724 -0.00212 -0.67787
-0.48941 0.01643 -0.71783
-0.50033 0.00456 -0.75253
-0.53187 -0.01165 -0.76691
-0.56557 -0.02270 -0.75253
-0.58169 -0.02212 -0.71783
-0.57077 -0.01025 -0.68312
-0.53923 0.00596 -0.66874
-0.50553 0.01701 -0.68312
-0.49818 0.03739 -0.72242
-0.50991 0.02724 -0.75741
-0.54200 0.01225 -0.77190
-0.57565 0.00119 -0.75741
-0.59115 0.00055 -0.72242
-0.57942 0.01069 -0.68744
-0.54733 0.02569 -0.67295
-0.51368 0.03674 -0.68744
-0.50674 0.05896 -0.72595
-0.51925 0.05062 -0.76114
-0.55185 0.03687 -0.77571
-0.58545 0.02577 -0.76114
-0.60036 0.02383 -0.72595
-0.58785 0.03217 -0.69076
-0.55525 0.04592 -0.67618
-0.52165 0.05702 -0.69076
-0.51505 0.08108 -0.72833
-0.52829 0.07461 -0.76364
-0.56138 0.06214 -0.77827
-0.59494 0.05097 -0.76364
-0.60929 0.04765 -0.72833
-0.59605 0.05411 -0.69301
-0.56296 0.06658 -0.67838
-0.52941 0.07775 -0.69301
-0.52306 0.10364 -0.72950
-0.53699 0.09912 -0.76486
-0.57054 0.08797 -0.77950
-0.60405 0.07670 -0.76486
-0.61790 0.07193 -0.72950
-0.60397 0.07644 -0.69415
-0.57042 0.08760 -0.67950
-0.53690 0.09886 -0.69415
-0.53073 0.12654 -0.72940
-0.54530 0.12406 -0.76470
-0.57928 0.11425 -0.77932
-0.61276 0.10287 -0.76470
-0.62613 0.09658 -0.72940
-0.61156 0.09906 -0.69410
-0.57759 0.10887 -0.67948
-0.54410 0.12025 -0.69410
-0.53800 0.14968 -0.72798
-0.55315 0.14930 -0.76312
-0.58753 0.14089 -0.77768
-0.62100 0.12938 -0.76312
-0.63395 0.12151 -0.72798
-0.61880 0.12190 -0.69284
-0.58443 0.13031 -0.67828
-0.55096 0.14182 -0.69284
-0.54484 0.17294 -0.72518
-0.56051 0.17472 -0.76005
-0.59525 0.16775 -0.77450
-0.62873 0.15611 -0.76005
-0.64132 0.14662 -0.72518
-0.62565 0.14484 -0.69031
-0.59090 0.15181 -0.67587
-0.55743 0.16345 -0.69031
-0.55119 0.19619 -0.72098
-0.56730 0.20020 -0.75546
-0.60238 0.19472 -0.76974
-0.63588 0.18296 -0.75546
-0.64817 0.17180 -0.72098
-0.63206 0.16778 -0.68650
-0.59699 0.17326 -0.67222
-0.56349 0.18503 -0.68650
-0.55701 0.21929 -0.71533
-0.57349 0.22560 -0.74930
-0.60886 0.22166 -0.76336
-0.64241 0.20979 -0.74930
-0.65448 0.19693 -0.71533
-0.63801 0.19062 -0.68137
-0.60264 0.19456 -0.66731
-0.56909 0.20643 -0.68137
-0.56226 0.24209 -0.70824
-0.57900 0.25075 -0.74155
-0.61461 0.24842 -0.75534
-0.64825 0.23647 -0.74155
-0.66020 0.22190 -0.70824
-0.64346 0.21325 -0.67493
-0.60784 0.21557 -0.66113
-0.57421 0.22752 -0.67493
-0.56688 0.26446 -0.69968
-0.58377 0.27551 -0.73220
-0.61959 0.27485 -0.74567
-0.65335 0.26288 -0.73220
-0.66527 0.24660 -0.69968
-0.64839 0.23555 -0.66717
-0.61257 0.23620 -0.65370
-0.57881 0.24818 -0.66717
-0.57085 0.28622 -0.68969
-0.58776 0.29970 -0.72126
-0.62371 0.30080 -0.73434
-0.65763 0.28887 -0.72126
-0.66967 0.27090 -0.68969
-0.65276 0.25742 -0.65811
-0.61681 0.25632 -0.64503
-0.58288 0.26825 -0.65811
-0.57412 0.30721 -0.67826
-0.59089 0.32315 -0.70875
-0.62690 0.32609 -0.72137
-0.66105 0.31431 -0.70875
-0.67334 0.29470 -0.67826
-0.65657 0.27877 -0.64778
-0.62056 0.27583 -0.63515
-0.58641 0.28761 -0.64778
-0.57668 0.32727 -0.66546
-0.59312 0.34568 -0.69470
-0.62909 0.35056 -0.70681
-0.66352 0.33905 -0.69470
-0.67624 0.31790 -0.66546
-0.65980 0.29949 -0.63621
-0.62382 0.29461 -0.62410
-0.58940 0.30612 -0.63621
-0.57849 0.34621 -0.65132
-0.59438 0.36709 -0.67918
-0.63019 0.37403 -0.69072
-0.66497 0.36298 -0.67918
-0.67832 0.34040 -0.65132
-0.66244 0.31952 -0.62345
-0.62662 0.31258 -0.61191
-0.59185 0.32363 -0.62345
-0.57956 0.36385 -0.63591
-0.59461 0.38717 -0.66225
-0.63012 0.39633 -0.67317
-0.66531 0.38596 -0.66225
-0.67954 0.36213 -0.63591
-0.66450 0.33880 -0.60957
-0.62898 0.32964 -0.59866
-0.59380 0.34002 -0.60957
-0.57989 0.37999 -0.61932
-0.59376 0.40572 -0.64403
-0.62878 0.41727 -0.65426
-0.66444 0.40788 -0.64403
-0.67985 0.38304 -0.61932
-0.66598 0.35731 -0.59462
-0.63096 0.34576 -0.58439
-0.59530 0.35515 -0.59462
-0.57953 0.39443 -0.60165
-0.59179 0.42248 -0.62461
-0.62604 0.43665 -0.63412
-0.66223 0.42863 -0.62461
-0.67915 0.40312 -0.60165
-0.66690 0.37506 -0.57868
-0.63265 0.36090 -0.56917
-0.59646 0.36892 -0.57868
-0.57856 0.40694 -0.58298
-0.58866 0.43719 -0.60414
-0.62178 0.45424 -0.61290
-0.65852 0.44809 -0.60414
-0.67736 0.42236 -0.58298
-0.66726 0.39211 -0.56183
-0.63413 0.37507 -0.55306
-0.59739 0.38121 -0.56183
-0.57711 0.41731 -0.56345
-0.58438 0.44953 -0.58277
-0.61586 0.46976 -0.59078
-0.65311 0.46615 -0.58277
-0.67431 0.44082 -0.56345
-0.66703 0.40861 -0.54412
-0.63555 0.38837 -0.53611
-0.59831 0.39198 -0.54412
-0.57544 0.42530 -0.54317
-0.57904 0.45912 -0.56071
-0.60815 0.48287 -0.56798
-0.64573 0.48264 -0.56071
-0.66975 0.45857 -0.54317
-0.66615 0.42475 -0.52563
-0.63704 0.40099 -0.51836
-0.59947 0.40122 -0.52563
-0.57394 0.43077 -0.52228
-0.57286 0.46557 -0.53816
-0.59859 0.49312 -0.54473
-0.63606 0.49728 -0.53816
-0.66331 0.47562 -0.52228
-0.66439 0.44082 -0.50640
-0.63866 0.41326 -0.49982
-0.60119 0.40910 -0.50640
-0.61381 0.50977 -0.51803
-0.64815 0.49888 -0.50513
-0.66238 0.46686 -0.48976
-0.64815 0.43245 -0.48092
-0.61381 0.41581 -0.48379
-0.57946 0.42670 -0.49669
-0.56524 0.45873 -0.51206
-0.57946 0.49314 -0.52090
-0.60816 0.51881 -0.49283
-0.64218 0.50734 -0.47956
-0.65627 0.47441 -0.46609
-0.64218 0.43931 -0.46030
-0.60816 0.42259 -0.46558
-0.57415 0.43406 -0.47884
-0.56006 0.46699 -0.49232
-0.57415 0.50209 -0.49811
-0.60171 0.52589 -0.46732
-0.63537 0.51371 -0.45377
-0.64931 0.47998 -0.44228
-0.63537 0.44444 -0.43960
-0.60171 0.42792 -0.44728
-0.56806 0.44009 -0.46084
-0.55412 0.47383 -0.47233
-0.56806 0.50937 -0.47501
-0.59449 0.53099 -0.44169
-0.62775 0.51798 -0.42793
-0.64153 0.48354 -0.41852
-0.62775 0.44784 -0.41896
-0.59449 0.43180 -0.42901
-0.56124 0.44480 -0.44277
-0.54746 0.47924 -0.45218
-0.56124 0.51494 -0.45173
-0.58654 0.53412 -0.41607
-0.61938 0.52018 -0.40223
-0.63298 0.48515 -0.39497
-0.61938 0.44956 -0.39855
-0.58654 0.43426 -0.41087
-0.55370 0.44820 -0.42471
-0.54009 0.48323 -0.43197
-0.55370 0.51882 -0.42839
-0.57788 0.53531 -0.39064
-0.61029 0.52034 -0.37685
-0.62372 0.48485 -0.37183
-0.61029 0.44964 -0.37850
-0.57788 0.43533 -0.39296
-0.54547 0.45030 -0.40675
-0.53205 0.48578 -0.41178
-0.54547 0.52099 -0.40510
-0.57879 0.43588 -0.37046
-0.54465 0.44371 -0.38588
-0.52453 0.47563 -0.39226
-0.53021 0.51293 -0.38588
-0.55837 0.53377 -0.37046
-0.59250 0.52593 -0.35505
-0.61263 0.49401 -0.34867
-0.60695 0.45671 -0.35505
-0.57485 0.43544 -0.34958
-0.54071 0.43925 -0.36645
-0.51710 0.46855 -0.37344
-0.51784 0.50616 -0.36645
-0.54250 0.53007 -0.34958
-0.57664 0.52626 -0.33270
-0.60025 0.49697 -0.32571
-0.59951 0.45935 -0.33270
-0.56901 0.43371 -0.32924
-0.53549 0.43448 -0.34768
-0.50942 0.46144 -0.35532
-0.50608 0.49879 -0.34768
-0.52743 0.52465 -0.32924
-0.56095 0.52388 -0.31080
-0.58701 0.49692 -0.30316
-0.59035 0.45957 -0.31080
-0.56165 0.43052 -0.30954
-0.52907 0.42910 -0.32958
-0.50130 0.45409 -0.33788
-0.49460 0.49084 -0.32958
-0.51289 0.51783 -0.30954
-0.54547 0.51925 -0.28951
-0.57324 0.49426 -0.28121
-0.57994 0.45751 -0.28951
-0.55307 0.42586 -0.29058
-0.52162 0.42293 -0.31218
-0.49266 0.44629 -0.32113
-0.48317 0.48227 -0.31218
-0.49869 0.50978 -0.29058
-0.53015 0.51271 -0.26898
-0.55910 0.48934 -0.26003
-0.56860 0.45337 -0.26898
-0.54354 0.41977 -0.27241
-0.51329 0.41586 -0.29552
-0.48352 0.43792 -0.30509
-0.47168 0.47303 -0.29552
-0.48469 0.50062 -0.27241
-0.51494 0.50453 -0.24931
-0.54471 0.48247 -0.23973
-0.55656 0.44736 -0.24931
-0.53327 0.41236 -0.25510
-0.50424 0.40789 -0.27964
-0.47392 0.42891 -0.28980
-0.46007 0.46310 -0.27964
-0.47080 0.49044 -0.25510
-0.49982 0.49491 -0.23057
-0.53014 0.47389 -0.22041
-0.54400 0.43969 -0.23057
-0.52241 0.40372 -0.23870
-0.49460 0.39901 -0.26456
-0.46392 0.41921 -0.27528
-0.44832 0.45247 -0.26456
-0.45696 0.47932 -0.23870
-0.48477 0.48403 -0.21283
-0.51546 0.46383 -0.20212
-0.53105 0.43057 -0.21283
-0.51111 0.39397 -0.22323
-0.48450 0.38928 -0.25032
-0.45357 0.40883 -0.26154
-0.43645 0.44116 -0.25032
-0.44316 0.46734 -0.22323
-0.46978 0.47203 -0.19614
-0.50071 0.45248 -0.18491
-0.51783 0.42015 -0.19614
-0.49948 0.38322 -0.20872
-0.47402 0.37874 -0.23694
-0.44295 0.39778 -0.24862
-0.42447 0.42919 -0.23694
-0.42941 0.45457 -0.20872
-0.45487 0.45905 -0.18051
-0.48594 0.44001 -0.16882
-0.50442 0.40860 -0.18051
-0.48761 0.37159 -0.19519
-0.46326 0.36747 -0.22442
-0.43211 0.38611 -0.23653
-0.41241 0.41661 -0.22442
-0.41570 0.44108 -0.19519
-0.44005 0.44521 -0.16596
-0.47120 0.42656 -0.15385
-0.49090 0.39607 -0.16596
-0.47559 0.35918 -0.18264
-0.45230 0.35552 -0.21278
-0.42112 0.37386 -0.22527
-0.40032 0.40345 -0.21278
-0.40207 0.42696 -0.18264
-0.42536 0.43062 -0.15249
-0.45654 0.41228 -0.14000
-0.47735 0.38268 -0.15249
-0.46350 0.34608 -0.17106
-0.44122 0.34298 -0.20202
-0.41004 0.36108 -0.21484
-0.38822 0.38978 -0.20202
-0.38855 0.41227 -0.17106
-0.41082 0.41538 -0.14009
-0.44200 0.39727 -0.12727
-0.46382 0.36857 -0.14009
-0.45140 0.33239 -0.16044
-0.43008 0.32990 -0.19212
-0.39892 0.34782 -0.20524
-0.37616 0.37565 -0.19212
-0.37515 0.39709 -0.16044
-0.39647 0.39958 -0.12875
-0.42763 0.38166 -0.11563
-0.45038 0.35383 -0.12875
-0.43935 0.31821 -0.15076
-0.41894 0.31637 -0.18308
-0.38780 0.33414 -0.19646
-0.36418 0.36111 -0.18308
-0.36191 0.38148 -0.15076
-0.38232 0.38331 -0.11844
-0.41346 0.36554 -0.10506
-0.43708 0.33858 -0.11844
-0.42741 0.30360 -0.14200
-0.40785 0.30244 -0.17487
-0.37674 0.32009 -0.18849
-0.35231 0.34621 -0.17487
-0.34887 0.36550 -0.14200
-0.36843 0.36666 -0.10913
-0.39953 0.34901 -0.09551
-0.42396 0.32289 -0.10913
-0.41562 0.28865 -0.13413
-0.39686 0.28819 -0.16748
-0.36578 0.30573 -0.18129
-0.34059 0.33101 -0.16748
-0.33605 0.34922 -0.13413
-0.35480 0.34968 -0.10077
-0.38588 0.33214 -0.08696
-0.41107 0.30686 -0.10077
-0.40402 0.27343 -0.12711
-0.38601 0.27366 -0.16087
-0.35496 0.29111 -0.17486
-0.32905 0.31556 -0.16087
-0.32347 0.33269 -0.12711
-0.34148 0.33246 -0.09334
-0.37254 0.31501 -0.07936
-0.39844 0.29056 -0.09334
-0.39266 0.25799 -0.12090
-0.37534 0.25891 -0.15502
-0.34430 0.27627 -0.16915
-0.31772 0.29990 -0.15502
-0.31117 0.31595 -0.12090
-0.32849 0.31503 -0.08679
-0.35953 0.29767 -0.07266
-0.38611 0.27405 -0.08679
-0.38156 0.24240 -0.11548
-0.36489 0.24400 -0.14989
-0.33385 0.26126 -0.16414
-0.30663 0.28408 -0.14989
-0.29917 0.29907 -0.11548
-0.31584 0.29747 -0.08107
-0.34688 0.28021 -0.06682
-0.37410 0.25739 -0.08107
-0.37075 0.22670 -0.11079
-0.35467 0.22897 -0.14545
-0.32363 0.24613 -0.15980
-0.29580 0.26813 -0.14545
-0.28749 0.28208 -0.11079
-0.30357 0.27981 -0.07614
-0.33461 0.26265 -0.06179
-0.36244 0.24065 -0.07614
-0.36026 0.21094 -0.10680
-0.34473 0.21386 -0.14166
-0.31366 0.23091 -0.15609
-0.28525 0.25210 -0.14166
-0.27615 0.26502 -0.10680
-0.29168 0.26210 -0.07195
-0.32275 0.24505 -0.05751
-0.35116 0.22386 -0.07195
-0.35011 0.19516 -0.10347
-0.33507 0.19870 -0.13848
-0.30396 0.21563 -0.15298
-0.27500 0.23601 -0.13848
-0.26516 0.24791 -0.10347
-0.28019 0.24437 -0.06846
-0.31130 0.22744 -0.05396
-0.34026 0.20706 -0.06846
-0.34031 0.17939 -0.10075
-0.32573 0.18354 -0.13589
-0.29456 0.20032 -0.15044
-0.26508 0.21990 -0.13589
-0.25454 0.23081 -0.10075
-0.26912 0.22665 -0.06562
-0.30029 0.20987 -0.05106
-0.32977 0.19030 -0.06562
-0.33088 0.16367 -0.09861
-0.31670 0.16841 -0.13384
-0.28547 0.18502 -0.14843
-0.25548 0.20379 -0.13384
-0.24430 0.21372 -0.09861
-0.25848 0.20898 -0.06338
-0.28971 0.19236 -0.04879
-0.31970 0.17359 -0.06338
-0.32183 0.14802 -0.09700
-0.30801 0.15331 -0.13230
-0.27670 0.16975 -0.14692
-0.24623 0.18771 -0.13230
-0.23446 0.19667 -0.09700
-0.24827 0.19138 -0.06171
-0.27959 0.17494 -0.04709
-0.31005 0.15698 -0.06171
-0.31316 0.13247 -0.09590
-0.29967 0.13829 -0.13123
-0.26826 0.15454 -0.14587
-0.23733 0.17168 -0.13123
-0.22501 0.17969 -0.09590
-0.23850 0.17387 -0.06056
-0.26991 0.15762 -0.04593
-0.30084 0.14048 -0.06056
-0.30489 0.11704 -0.09525
-0.29167 0.12337 -0.13061
-0.26016 0.13939 -0.14525
-0.22880 0.15572 -0.13061
-0.21597 0.16279 -0.09525
-0.22918 0.15646 -0.05990
-0.26070 0.14044 -0.04526
-0.29206 0.12411 -0.05990
-0.29701 0.10174 -0.09504
-0.28403 0.10854 -0.13039
-0.25240 0.12433 -0.14504
-0.22062 0.13983 -0.13039
-0.20733 0.14599 -0.09504
-0.22030 0.13918 -0.05969
-0.25194 0.12340 -0.04504
-0.28371 0.10789 -0.05969
-0.28952 0.08658 -0.09522
-0.27676 0.09385 -0.13056
-0.24499 0.10937 -0.14520
-0.21282 0.12405 -0.13056
-0.19910 0.12930 -0.09522
-0.21187 0.12203 -0.05989
-0.24364 0.10651 -0.04525
-0.27580 0.09183 -0.05989
-0.28243 0.07159 -0.09578
-0.26984 0.07929 -0.13108
-0.23792 0.09453 -0.14571
-0.20539 0.10838 -0.13108
-0.19128 0.11273 -0.09578
-0.20388 0.10503 -0.06047
-0.23579 0.08979 -0.04584
-0.26833 0.07594 -0.06047
-0.27573 0.05677 -0.09667
-0.26328 0.06487 -0.13193
-0.23121 0.07981 -0.14654
-0.19833 0.09283 -0.13193
-0.18388 0.09630 -0.09667
-0.19633 0.08819 -0.06140
-0.22839 0.07325 -0.04679
-0.26128 0.06024 -0.06140
-0.26942 0.04212 -0.09787
-0.25707 0.05062 -0.13308
-0.22485 0.06524 -0.14767
-0.19163 0.07741 -0.13308
-0.17687 0.08001 -0.09787
-0.18922 0.07152 -0.06266
-0.22144 0.05690 -0.04807
-0.25466 0.04472 -0.06266
-0.26349 0.02766 -0.09937
-0.25122 0.03653 -0.13451
-0.21884 0.05081 -0.14907
-0.18531 0.06214 -0.13451
-0.17028 0.06388 -0.09937
-0.18254 0.05501 -0.06422
-0.21492 0.04073 -0.04966
-0.24845 0.02940 -0.06422
-0.25793 0.01339 -0.10113
-0.24572 0.02261 -0.13621
-0.21317 0.03654 -0.15074
-0.17935 0.04701 -0.13621
-0.16408 0.04790 -0.10113
-0.17629 0.03869 -0.06605
-0.20884 0.02476 -0.05153
-0.24266 0.01429 -0.06605
-0.25275 -0.00068 -0.10314
-0.24056 0.00887 -0.13814
-0.20784 0.02243 -0.15263
-0.17376 0.03204 -0.13814
-0.15827 0.03209 -0.10314
-0.17046 0.02254 -0.06815
-0.20318 0.00899 -0.05365
-0.23727 -0.00063 -0.06815
-0.24793 -0.01455 -0.10539
-0.23574 -0.00468 -0.14030
-0.20285 0.00849 -0.15475
-0.16852 0.01724 -0.14030
-0.15286 0.01645 -0.10539
-0.16504 0.00658 -0.07048
-0.19794 -0.00658 -0.05602
-0.23227 -0.01534 -0.07048
-0.24346 -0.02822 -0.10785
-0.23126 -0.01805 -0.14266
-0.19819 -0.00528 -0.15708
-0.16363 0.00261 -0.14266
-0.14782 0.00099 -0.10785
-0.16003 -0.00919 -0.07303
-0.19310 -0.02196 -0.05861
-0.22766 -0.02984 -0.07303
-0.23934 -0.04168 -0.11051
-0.22710 -0.03122 -0.14522
-0.19385 -0.01886 -0.15960
-0.15909 -0.01185 -0.14522
-0.14316 -0.01430 -0.11051
-0.15541 -0.02477 -0.07580
-0.18865 -0.03712 -0.06142
-0.22342 -0.04413 -0.07580
-0.23556 -0.05494 -0.11336
-0.22325 -0.04419 -0.14796
-0.18984 -0.03226 -0.16230
-0.15489 -0.02613 -0.14796
-0.13887 -0.02940 -0.11336
-0.15118 -0.04016 -0.07876
-0.18460 -0.05209 -0.06442
-0.21955 -0.05821 -0.07876
-0.23210 -0.06799 -0.11639
-0.21972 -0.05696 -0.15088
-0.18613 -0.04546 -0.16516
-0.15101 -0.04022 -0.15088
-0.13494 -0.04432 -0.11639
-0.14733 -0.05535 -0.08190
-0.18092 -0.06685 -0.06762
-0.21603 -0.07208 -0.08190
-0.22897 -0.08082 -0.11959
-0.21648 -0.06952 -0.15396
-0.18273 -0.05846 -0.16819
-0.14747 -0.05413 -0.15396
-0.13137 -0.05905 -0.11959
-0.14385 -0.07035 -0.08523
-0.17761 -0.08141 -0.07099
-0.21287 -0.08574 -0.08523
-0.22614 -0.09344 -0.12296
-0.21354 -0.08188 -0.15719
-0.17962 -0.07127 -0.17137
-0.14424 -0.06784 -0.15719
-0.12813 -0.07359 -0.12296
-0.14073 -0.08516 -0.08872
-0.17466 -0.09576 -0.07454
-0.21004 -0.09919 -0.08872
-0.22362 -0.10585 -0.12648
-0.21089 -0.09402 -0.16057
-0.17680 -0.08387 -0.17470
-0.14132 -0.08135 -0.16057
-0.12524 -0.08793 -0.12648
-0.13797 -0.09976 -0.09238
-0.17206 -0.10991 -0.07826
-0.20754 -0.11243 -0.09238
-0.22139 -0.11803 -0.13015
-0.20851 -0.10594 -0.16410
-0.17426 -0.09626 -0.17816
-0.13871 -0.09466 -0.16410
-0.12267 -0.10208 -0.13015
-0.13555 -0.11418 -0.09621
-0.16980 -0.12386 -0.08215
-0.20536 -0.12546 -0.09621
-0.21945 -0.13000 -0.13398
-0.20640 -0.11764 -0.16776
-0.17200 -0.10843 -0.18176
-0.13638 -0.10777 -0.16776
-0.12043 -0.11604 -0.13398
-0.13347 -0.12840 -0.10019
-0.16788 -0.13761 -0.08620
-0.20349 -0.13827 -0.10019
-0.21778 -0.14175 -0.13795
-0.20455 -0.12912 -0.17156
-0.16999 -0.12039 -0.18549
-0.13435 -0.12067 -0.17156
-0.11850 -0.12979 -0.13795
-0.13173 -0.14242 -0.10433
-0.16629 -0.15115 -0.09041
-0.20193 -0.15087 -0.10433
-0.21638 -0.15327 -0.14206
-0.20295 -0.14037 -0.17549
-0.16824 -0.13212 -0.18934
-0.13259 -0.13335 -0.17549
-0.11688 -0.14335 -0.14206
-0.13031 -0.15624 -0.10863
-0.16502 -0.16449 -0.09478
-0.20067 -0.16326 -0.10863
-0.21525 -0.16456 -0.14632
-0.20160 -0.15138 -0.17956
-0.16674 -0.14362 -0.19332
-0.13110 -0.14583 -0.17956
-0.11556 -0.15670 -0.14632
-0.12921 -0.16987 -0.11309
-0.16406 -0.17763 -0.09932
-0.19970 -0.17543 -0.11309
-0.21436 -0.17561 -0.15073
-0.20047 -0.16216 -0.18375
-0.16548 -0.15490 -0.19743
-0.12988 -0.15809 -0.18375
-0.11453 -0.16985 -0.15073
-0.12842 -0.18331 -0.11771
-0.16342 -0.19057 -0.10403
-0.19902 -0.18738 -0.11771
-0.21373 -0.18643 -0.15528
-0.19957 -0.17269 -0.18807
-0.16444 -0.16594 -0.20166
-0.12891 -0.17013 -0.18807
-0.11379 -0.18280 -0.15528
-0.12795 -0.19654 -0.12249
-0.16308 -0.20330 -0.10891
-0.19861 -0.19911 -0.12249
-0.21333 -0.19701 -0.15998
-0.19889 -0.18298 -0.19253
-0.16362 -0.17674 -0.20601
-0.12819 -0.18195 -0.19253
-0.11334 -0.19555 -0.15998
-0.12778 -0.20958 -0.12744
-0.16305 -0.21582 -0.11396
-0.19849 -0.21061 -0.12744
-0.21317 -0.20734 -0.16484
-0.19842 -0.19302 -0.19712
-0.16302 -0.18730 -0.21048
-0.12771 -0.19355 -0.19712
-0.11317 -0.20809 -0.16484
-0.12792 -0.22241 -0.13257
-0.16332 -0.22813 -0.11920
-0.19863 -0.22189 -0.13257
-0.21323 -0.21742 -0.16985
-0.19814 -0.20280 -0.20184
-0.16261 -0.19762 -0.21508
-0.12746 -0.20492 -0.20184
-0.11328 -0.22043 -0.16985
-0.12837 -0.23505 -0.13787
-0.16389 -0.24023 -0.12462
-0.19905 -0.23292 -0.13787
-0.21351 -0.22724 -0.17503
-0.19805 -0.21232 -0.20669
-0.16240 -0.20769 -0.21981
-0.12744 -0.21608 -0.20669
-0.11365 -0.23256 -0.17503
-0.12911 -0.24748 -0.14336
-0.16477 -0.25210 -0.13024
-0.19973 -0.24372 -0.14336
-0.21401 -0.23679 -0.18037
-0.19814 -0.22157 -0.21169
-0.16237 -0.21752 -0.22467
-0.12764 -0.22701 -0.21169
-0.11430 -0.24449 -0.18037
-0.13017 -0.25970 -0.14904
-0.16594 -0.26375 -0.13607
-0.20067 -0.25426 -0.14904
-0.21471 -0.24606 -0.18588
-0.19841 -0.23055 -0.21683
-0.16251 -0.22710 -0.22965
-0.12806 -0.23772 -0.21683
-0.11522 -0.25621 -0.18588
-0.13153 -0.27172 -0.15492
-0.16742 -0.27517 -0.14210
-0.20187 -0.26454 -0.15492
-0.21561 -0.25505 -0.19157
-0.19883 -0.23926 -0.22212
-0.16282 -0.23643 -0.23477
-0.12869 -0.24822 -0.22212
-0.11641 -0.26772 -0.19157
-0.13320 -0.28351 -0.16101
-0.16920 -0.28634 -0.14836
-0.20334 -0.27455 -0.16101
-0.21670 -0.26374 -0.19744
-0.19940 -0.24768 -0.22756
-0.16329 -0.24551 -0.24003
-0.12952 -0.25849 -0.22756
-0.11788 -0.27903 -0.19744
-0.13518 -0.29509 -0.16732
-0.17129 -0.29726 -0.15484
-0.20506 -0.28428 -0.16732
-0.21798 -0.27213 -0.20350
-0.20011 -0.25583 -0.23315
-0.16390 -0.25435 -0.24543
-0.13055 -0.26856 -0.23315
-0.11961 -0.29013 -0.20350
-0.13748 -0.30644 -0.17385
-0.17370 -0.30792 -0.16156
-0.20704 -0.29371 -0.17385
-0.21944 -0.28021 -0.20976
-0.20095 -0.26369 -0.23891
-0.16464 -0.26294 -0.25099
-0.13179 -0.27841 -0.23891
-0.12163 -0.30102 -0.20976
-0.14012 -0.31754 -0.18061
-0.17642 -0.31829 -0.16853
-0.20928 -0.30282 -0.18061
-0.22106 -0.28795 -0.21622
-0.20190 -0.27126 -0.24484
-0.16552 -0.27131 -0.25669
-0.13322 -0.28806 -0.24484
-0.12393 -0.31171 -0.21622
-0.14308 -0.32840 -0.18761
-0.17947 -0.32836 -0.17576
-0.21177 -0.31160 -0.18761
-0.22285 -0.29535 -0.22290
-0.20296 -0.27854 -0.25094
-0.16651 -0.27944 -0.26256
-0.13484 -0.29751 -0.25094
-0.12651 -0.32219 -0.22290
-0.14640 -0.33900 -0.19486
-0.18285 -0.33810 -0.18324
-0.21452 -0.32002 -0.19486
-0.22478 -0.30240 -0.22980
-0.20411 -0.28553 -0.25724
-0.16761 -0.28735 -0.26860
-0.13667 -0.30678 -0.25724
-0.12940 -0.33245 -0.22980
-0.15007 -0.34932 -0.20237
-0.18657 -0.34751 -0.19100
-0.21751 -0.32807 -0.20237
-0.22685 -0.30908 -0.23693
-0.20534 -0.29223 -0.26372
-0.16882 -0.29504 -0.27482
-0.13869 -0.31587 -0.26372
-0.13260 -0.34250 -0.23693
-0.15412 -0.35935 -0.21014
-0.19063 -0.35654 -0.19904
-0.22076 -0.33571 -0.21014
-0.22904 -0.31537 -0.24430
-0.20663 -0.29865 -0.27042
-0.17013 -0.30255 -0.28124
-0.14093 -0.32479 -0.27042
-0.13613 -0.35234 -0.24430
-0.15854 -0.36906 -0.21818
-0.19504 -0.36516 -0.20736
-0.22425 -0.34292 -0.21818
-0.23135 -0.32126 -0.25191
-0.20797 -0.30478 -0.27733
-0.17153 -0.30986 -0.28786
-0.14338 -0.33355 -0.27733
-0.14000 -0.36196 -0.25191
-0.16338 -0.37844 -0.22649
-0.19981 -0.37335 -0.21596
-0.22797 -0.34967 -0.22649
-0.23374 -0.32674 -0.25978
-0.20934 -0.31063 -0.28447
-0.17302 -0.31702 -0.29470
-0.14605 -0.34217 -0.28447
-0.14423 -0.37134 -0.25978
-0.16863 -0.38746 -0.23508
-0.20494 -0.38107 -0.22486
-0.23191 -0.35592 -0.23508
-0.23619 -0.33180 -0.26791
-0.21074 -0.31621 -0.29186
-0.17461 -0.32402 -0.30178
-0.14898 -0.35065 -0.29186
-0.14885 -0.38050 -0.26791
-0.17431 -0.39608 -0.24396
-0.21044 -0.38827 -0.23404
-0.23607 -0.36164 -0.24396
-0.23870 -0.33641 -0.27632
-0.21214 -0.32154 -0.29951
-0.17630 -0.33091 -0.30912
-0.15217 -0.35901 -0.29951
-0.15389 -0.38940 -0.27632
-0.18045 -0.40427 -0.25312
-0.21629 -0.39491 -0.24351
-0.24042 -0.36680 -0.25312
-0.24122 -0.34059 -0.28500
-0.21354 -0.32664 -0.30744
-0.17810 -0.33769 -0.31673
-0.15566 -0.36726 -0.30744
-0.15937 -0.39804 -0.28500
-0.18705 -0.41199 -0.26256
-0.22249 -0.40094 -0.25327
-0.24493 -0.37136 -0.26256
-0.24373 -0.34431 -0.29398
-0.21492 -0.33151 -0.31567
-0.18002 -0.34439 -0.32465
-0.15948 -0.37540 -0.31567
-0.16533 -0.40638 -0.29398
-0.19414 -0.41918 -0.27229
-0.22904 -0.40630 -0.26330
-0.24958 -0.37529 -0.27229
-0.24621 -0.34759 -0.30325
-0.21629 -0.33619 -0.32421
-0.18210 -0.35103 -0.33290
-0.16367 -0.38343 -0.32421
-0.17180 -0.41440 -0.30325
-0.20172 -0.42580 -0.28229
-0.23590 -0.41096 -0.27361
-0.25433 -0.37856 -0.28229
-0.24862 -0.35044 -0.31283
-0.21765 -0.34070 -0.33310
-0.18437 -0.35764 -0.34149
-0.16829 -0.39134 -0.33310
-0.17881 -0.42205 -0.31283
-0.20978 -0.43178 -0.29257
-0.24305 -0.41484 -0.28418
-0.25914 -0.38115 -0.29257
-0.25094 -0.35288 -0.32273
-0.21901 -0.34508 -0.34234
-0.18689 -0.36423 -0.35046
-0.17338 -0.39910 -0.34234
-0.18641 -0.42927 -0.32273
-0.21833 -0.43707 -0.30312
-0.25045 -0.41792 -0.29500
-0.26396 -0.38305 -0.30312
-0.25315 -0.35494 -0.33295
-0.22042 -0.34936 -0.35196
-0.18970 -0.37079 -0.35984
-0.17901 -0.40667 -0.35196
-0.19459 -0.43600 -0.33295
-0.22733 -0.44158 -0.31393
-0.25804 -0.42015 -0.30606
-0.26874 -0.38427 -0.31393
-0.25527 -0.35666 -0.34350
-0.22191 -0.35355 -0.36199
-0.19289 -0.37730 -0.36965
-0.18522 -0.41400 -0.36199
-0.20339 -0.44216 -0.34350
-0.23675 -0.44527 -0.32501
-0.26576 -0.42152 -0.31735
-0.27343 -0.38482 -0.32501
-0.25729 -0.35810 -0.35438
-0.22355 -0.35768 -0.37243
-0.19654 -0.38374 -0.37990
-0.19208 -0.42100 -0.37243
-0.21278 -0.44765 -0.35438
-0.24652 -0.44806 -0.33633
-0.27353 -0.42201 -0.32885
-0.27800 -0.38474 -0.33633
-0.25927 -0.35929 -0.36560
-0.22543 -0.36175 -0.38330
-0.20071 -0.39003 -0.39064
-0.19960 -0.42757 -0.38330
-0.22274 -0.45238 -0.36560
-0.25658 -0.44993 -0.34790
-0.28129 -0.42165 -0.34056
-0.28241 -0.38411 -0.34790
-0.26125 -0.36029 -0.37717
-0.22764 -0.36573 -0.39463
-0.20550 -0.39609 -0.40186
-0.20781 -0.43360 -0.39463
-0.23321 -0.45628 -0.37717
-0.26683 -0.45084 -0.35971
-0.28896 -0.42048 -0.35247
-0.28666 -0.38297 -0.35971
-0.26334 -0.36111 -0.38909
-0.23028 -0.36956 -0.40641
-0.21096 -0.40181 -0.41359
-0.21669 -0.43896 -0.40641
-0.24412 -0.45925 -0.38909
-0.27718 -0.45080 -0.37176
-0.29650 -0.41856 -0.36458
-0.29077 -0.38141 -0.37176
-0.26562 -0.36177 -0.40135
-0.23344 -0.37318 -0.41865
-0.21712 -0.40704 -0.42582
-0.22621 -0.44352 -0.41865
-0.25538 -0.46124 -0.40135
-0.28755 -0.44983 -0.38405
-0.30387 -0.41597 -0.37689
-0.29479 -0.37949 -0.38405
-0.26819 -0.36224 -0.41397
-0.23721 -0.37648 -0.43135
-0.22400 -0.41167 -0.43855
-0.23630 -0.44719 -0.43135
-0.26689 -0.46223 -0.41397
-0.29787 -0.44798 -0.39659
-0.31108 -0.41280 -0.38940
-0.29878 -0.37728 -0.39659
-0.27115 -0.36246 -0.42695
-0.24164 -0.37935 -0.44451
-0.23159 -0.41555 -0.45178
-0.24689 -0.44986 -0.44451
-0.27857 -0.46219 -0.42695
-0.30809 -0.44531 -0.40938
-0.31814 -0.40911 -0.40211
-0.30284 -0.37479 -0.40938
-0.27458 -0.36239 -0.44027
-0.24675 -0.38166 -0.45811
-0.23984 -0.41857 -0.46550
-0.25790 -0.45149 -0.45811
-0.29035 -0.46114 -0.44027
-0.31818 -0.44186 -0.42242
-0.32509 -0.40496 -0.41503
-0.30703 -0.37204 -0.42242
-0.27855 -0.36191 -0.45393
-0.25256 -0.38330 -0.47215
-0.24871 -0.42062 -0.47969
-0.26925 -0.45201 -0.47215
-0.30216 -0.45909 -0.45393
-0.32815 -0.43770 -0.43572
-0.33200 -0.40038 -0.42818
-0.31146 -0.36899 -0.43572
-0.28310 -0.36096 -0.46794
-0.25905 -0.38416 -0.48660
-0.25814 -0.42163 -0.49432
-0.28089 -0.45142 -0.48660
-0.31397 -0.45607 -0.46794
-0.33802 -0.43287 -0.44928
-0.33893 -0.39540 -0.44155
-0.31618 -0.36561 -0.44928
-0.28823 -0.35942 -0.48227
-0.26620 -0.38415 -0.50144
-0.26807 -0.42154 -0.50938
-0.29274 -0.44969 -0.50144
-0.32578 -0.45211 -0.48227
-0.34781 -0.42738 -0.46310
-0.34594 -0.38999 -0.45516
-0.32127 -0.36184 -0.46310
-0.29397 -0.35722 -0.49692
-0.27396 -0.38318 -0.51666
-0.27844 -0.42030 -0.52484
-0.30478 -0.44682 -0.51666
-0.33757 -0.44721 -0.49692
-0.35758 -0.42125 -0.47718
-0.35310 -0.38413 -0.46900
-0.32675 -0.35761 -0.47718
-0.30030 -0.35426 -0.51188
-0.28230 -0.38120 -0.53224
-0.28921 -0.41788 -0.54067
-0.31698 -0.44282 -0.53224
-0.34935 -0.44140 -0.51188
-0.36736 -0.41446 -0.49151
-0.36045 -0.37778 -0.48308
-0.33267 -0.35284 -0.49151
-0.30720 -0.35047 -0.52711
-0.29117 -0.37814 -0.54813
-0.30033 -0.41426 -0.55684
-0.32932 -0.43767 -0.54813
-0.36116 -0.43466 -0.52711
-0.37719 -0.40699 -0.50609
-0.36803 -0.37087 -0.49738
-0.33904 -0.34746 -0.50609
-0.31465 -0.34577 -0.54261
-0.30053 -0.37395 -0.56432
-0.31178 -0.40941 -0.57331
-0.34179 -0.43137 -0.56432
-0.37300 -0.42699 -0.54261
-0.38712 -0.39881 -0.52090
-0.37587 -0.36335 -0.51190
-0.34586 -0.34139 -0.52090
-0.32263 -0.34012 -0.55834
-0.31036 -0.36860 -0.58076
-0.32352 -0.40331 -0.59005
-0.35440 -0.42392 -0.58076
-0.38490 -0.41836 -0.55834
-0.39717 -0.38988 -0.53591
-0.38401 -0.35517 -0.52662
-0.35313 -0.33456 -0.53591
-0.33110 -0.33344 -0.57427
-0.32062 -0.36204 -0.59743
-0.33555 -0.39595 -0.60703
-0.36714 -0.41530 -0.59743
-0.39689 -0.40875 -0.57427
-0.40737 -0.38015 -0.55110
-0.39244 -0.34625 -0.54151
-0.36085 -0.32690 -0.55110
-0.34004 -0.32569 -0.59036
-0.33127 -0.35425 -0.61428
-0.34783 -0.38730 -0.62419
-0.38001 -0.40548 -0.61428
-0.40897 -0.39814 -0.59036
-0.41774 -0.36958 -0.56645
-0.40119 -0.33653 -0.55654
-0.36900 -0.31835 -0.56645
-0.34943 -0.31681 -0.60658
-0.34230 -0.34518 -0.63126
-0.36035 -0.37733 -0.64148
-0.39302 -0.39444 -0.63126
-0.42117 -0.38648 -0.60658
-0.42830 -0.35811 -0.58191
-0.41024 -0.32596 -0.57168
-0.37757 -0.30885 -0.58191
-0.35923 -0.30677 -0.62288
-0.35367 -0.33480 -0.64832
-0.37311 -0.36603 -0.65886
-0.40618 -0.38216 -0.64832
-0.43349 -0.37374 -0.62288
-0.43906 -0.34570 -0.59744
-0.41961 -0.31447 -0.58690
-0.38655 -0.29834 -0.59744
-0.36943 -0.29551 -0.63920
-0.36536 -0.32309 -0.66541
-0.38609 -0.35337 -0.67626
-0.41947 -0.36861 -0.66541
-0.44595 -0.35988 -0.63920
-0.45002 -0.33229 -0.61298
-0.42929 -0.30201 -0.60213
-0.39591 -0.28678 -0.61298
-0.37998 -0.28300 -0.65547
-0.37735 -0.31002 -0.68245
-0.39927 -0.33932 -0.69363
-0.43291 -0.35376 -0.68245
-0.45855 -0.34486 -0.65547
-0.46118 -0.31785 -0.62850
-0.43926 -0.28854 -0.61732
-0.40562 -0.27410 -0.62850
-0.39087 -0.26921 -0.67165
-0.38961 -0.29554 -0.69939
-0.41264 -0.32386 -0.71087
-0.44647 -0.33758 -0.69939
-0.47128 -0.32865 -0.67165
-0.47254 -0.30232 -0.64391
-0.44951 -0.27400 -0.63242
-0.41568 -0.26028 -0.64391
-0.40206 -0.25410 -0.68764
-0.40212 -0.27965 -0.71613
-0.42619 -0.30696 -0.72793
-0.46017 -0.32004 -0.71613
-0.48415 -0.31122 -0.68764
-0.48408 -0.28566 -0.65915
-0.46002 -0.25835 -0.64735
-0.42604 -0.24528 -0.65915
-0.41353 -0.23765 -0.70338
-0.41486 -0.26232 -0.73260
-0.43989 -0.28861 -0.74471
-0.47397 -0.30112 -0.73260
-0.49713 -0.29252 -0.70338
-0.49580 -0.26786 -0.67415
-0.47077 -0.24157 -0.66204
-0.43669 -0.22905 -0.67415
-0.42524 -0.21984 -0.71876
-0.42778 -0.24352 -0.74871
-0.45373 -0.26877 -0.76111
-0.48787 -0.28079 -0.74871
-0.51022 -0.27255 -0.71876
-0.50768 -0.24886 -0.68881
-0.48174 -0.22361 -0.67640
-0.44759 -0.21159 -0.68881
-0.43716 -0.20064 -0.73370
-0.44087 -0.22325 -0.76435
-0.46767 -0.24745 -0.77704
-0.50185 -0.25905 -0.76435
-0.52340 -0.25127 -0.73370
-0.51969 -0.22866 -0.70304
-0.49290 -0.20447 -0.69035
-0.45871 -0.19286 -0.70304
-0.44926 -0.18007 -0.74808
-0.45409 -0.20151 -0.77941
-0.48169 -0.22463 -0.79239
-0.51589 -0.23588 -0.77941
-0.53665 -0.22868 -0.74808
-0.53182 -0.20724 -0.71676
-0.50422 -0.18412 -0.70378
-0.47002 -0.17287 -0.71676
-0.46149 -0.15811 -0.76181
-0.46740 -0.17829 -0.79379
-0.49576 -0.20031 -0.80703
-0.52994 -0.21128 -0.79379
-0.54994 -0.20476 -0.76181
-0.54402 -0.18459 -0.72984
-0.51567 -0.16256 -0.71659
-0.48148 -0.15160 -0.72984
-0.47380 -0.13478 -0.77476
-0.48076 -0.15360 -0.80735
-0.50983 -0.17451 -0.82085
-0.54399 -0.18525 -0.80735
-0.56323 -0.17954 -0.77476
-0.55627 -0.16071 -0.74218
-0.52720 -0.13981 -0.72868
-0.49304 -0.12907 -0.74218
-0.48616 -0.11010 -0.78682
-0.49413 -0.12748 -0.81997
-0.52388 -0.14724 -0.83371
-0.55800 -0.15782 -0.81997
-0.57649 -0.15301 -0.78682
-0.56853 -0.13564 -0.75366
-0.53878 -0.11587 -0.73993
-0.50466 -0.10530 -0.75366
-0.49852 -0.08411 -0.79784
-0.50745 -0.09995 -0.83152
-0.53785 -0.11854 -0.84547
-0.57191 -0.12901 -0.83152
-0.58968 -0.12521 -0.79784
-0.58076 -0.10938 -0.76417
-0.55036 -0.09079 -0.75022
-0.51630 -0.08032 -0.76417
-0.51082 -0.05686 -0.80771
-0.52067 -0.07106 -0.84185
-0.55169 -0.08846 -0.85600
-0.58569 -0.09887 -0.84185
-0.60276 -0.09619 -0.80771
-0.59291 -0.08199 -0.77357
-0.56190 -0.06459 -0.75942
-0.52789 -0.05418 -0.77357
-0.52300 -0.02840 -0.81628
-0.53375 -0.04087 -0.85083
-0.56534 -0.05705 -0.86514
-0.59927 -0.06745 -0.85083
-0.61567 -0.06599 -0.81628
-0.60492 -0.05352 -0.78174
-0.57333 -0.03735 -0.76743
-0.53940 -0.02694 -0.78174
-0.53501 0.00117 -0.82343
-0.54661 -0.00947 -0.85831
-0.57875 -0.02439 -0.87276
-0.61261 -0.03484 -0.85831
-0.62836 -0.03470 -0.82343
-0.61676 -0.02405 -0.78855
-0.58462 -0.00913 -0.77410
-0.55075 0.00132 -0.78855
-0.54678 0.03177 -0.82901
-0.55919 0.02304 -0.86415
-0.59185 0.00942 -0.87870
-0.62564 -0.00111 -0.86415
-0.64076 -0.00239 -0.82901
-0.62836 0.00635 -0.79388
-0.59569 0.01997 -0.77933
-0.56190 0.03050 -0.79388
-0.55824 0.06328 -0.83290
-0.57141 0.05656 -0.86820
-0.60458 0.04427 -0.88282
-0.63830 0.03361 -0.86820
-0.65283 0.03083 -0.83290
-0.63965 0.03755 -0.79761
-0.60649 0.04984 -0.78299
-0.57277 0.06050 -0.79761
-0.56932 0.09556 -0.83497
-0.58322 0.09093 -0.87033
-0.61684 0.08002 -0.88497
-0.65051 0.06921 -0.87033
-0.66448 0.06483 -0.83497
-0.65059 0.06946 -0.79962
-0.61696 0.08037 -0.78497
-0.58330 0.09118 -0.79962
-0.57995 0.12846 -0.83510
-0.59451 0.12602 -0.87041
-0.62858 0.11653 -0.88503
-0.66219 0.10553 -0.87041
-0.67566 0.09948 -0.83510
-0.66110 0.10192 -0.79980
-0.62703 0.11141 -0.78517
-0.59342 0.12241 -0.79980
-0.59005 0.16180 -0.83319
-0.60522 0.16164 -0.86832
-0.63969 0.15361 -0.88287
-0.67327 0.14242 -0.86832
-0.68629 0.13462 -0.83319
-0.67112 0.13478 -0.79806
-0.63665 0.14281 -0.78351
-0.60307 0.15400 -0.79806
-0.59955 0.19540 -0.82914
-0.61526 0.19759 -0.86396
-0.65010 0.19108 -0.87839
-0.68367 0.17969 -0.86396
-0.69629 0.17008 -0.82914
-0.68058 0.16789 -0.79431
-0.64574 0.17440 -0.77989
-0.61217 0.18579 -0.79431
-0.60837 0.22905 -0.82287
-0.62454 0.23367 -0.85724
-0.65972 0.22874 -0.87148
-0.69329 0.21714 -0.85724
-0.70560 0.20567 -0.82287
-0.68942 0.20105 -0.78850
-0.65425 0.20598 -0.77426
-0.62067 0.21758 -0.78850
-0.61643 0.26252 -0.81433
-0.63297 0.26963 -0.84810
-0.66844 0.26633 -0.86208
-0.70205 0.25456 -0.84810
-0.71413 0.24119 -0.81433
-0.69758 0.23408 -0.78056
-0.66212 0.23738 -0.76658
-0.62850 0.24916 -0.78056
-0.62365 0.29556 -0.80348
-0.64045 0.30523 -0.83648
-0.67616 0.30364 -0.85015
-0.70986 0.29172 -0.83648
-0.72181 0.27645 -0.80348
-0.70500 0.26678 -0.77049
-0.66930 0.26837 -0.75682
-0.63560 0.28030 -0.77049
-0.62997 0.32793 -0.79032
-0.64690 0.34020 -0.82237
-0.68279 0.34039 -0.83564
-0.71662 0.32838 -0.82237
-0.72856 0.31122 -0.79032
-0.71163 0.29895 -0.75827
-0.67574 0.29877 -0.74499
-0.64191 0.31077 -0.75827
-0.63532 0.35936 -0.77485
-0.65222 0.37426 -0.80578
-0.68822 0.37632 -0.81859
-0.72223 0.36432 -0.80578
-0.73432 0.34530 -0.77485
-0.71742 0.33041 -0.74392
-0.68141 0.32835 -0.73111
-0.64741 0.34035 -0.74392
-0.63963 0.38957 -0.75712
-0.65632 0.40712 -0.78674
-0.69234 0.41115 -0.79902
-0.72660 0.39929 -0.78674
-0.73901 0.37849 -0.75712
-0.72232 0.36094 -0.72749
-0.68630 0.35692 -0.71521
-0.65205 0.36878 -0.72749
-0.64286 0.41828 -0.73720
-0.65910 0.43848 -0.76535
-0.69503 0.44460 -0.77701
-0.72960 0.43305 -0.76535
-0.74256 0.41059 -0.73720
-0.72632 0.39039 -0.70905
-0.69039 0.38428 -0.69739
-0.65582 0.39582 -0.70905
-0.64497 0.44518 -0.71519
-0.66048 0.46801 -0.74170
-0.69617 0.47637 -0.75268
-0.73114 0.46537 -0.74170
-0.74490 0.44144 -0.71519
-0.72939 0.41861 -0.68869
-0.69370 0.41024 -0.67771
-0.65873 0.42125 -0.68869
-0.64595 0.46996 -0.69123
-0.66036 0.49539 -0.71594
-0.69561 0.50619 -0.72618
-0.73106 0.49605 -0.71594
-0.74595 0.47090 -0.69123
-0.73154 0.44548 -0.66653
-0.69628 0.43467 -0.65629
-0.66083 0.44482 -0.66653
-0.64582 0.49232 -0.66548
-0.65866 0.52026 -0.68827
-0.69321 0.53375 -0.69770
-0.72922 0.52489 -0.68827
-0.74560 0.49888 -0.66548
-0.73276 0.47094 -0.64269
-0.69822 0.45745 -0.63325
-0.66220 0.46631 -0.64269
-0.64465 0.51192 -0.63811
-0.65533 0.54223 -0.65888
-0.68877 0.55871 -0.66749
-0.72540 0.55171 -0.65888
-0.74375 0.52533 -0.63811
-0.73307 0.49502 -0.61733
-0.69963 0.47853 -0.60872
-0.66300 0.48553 -0.61733
-0.64261 0.52838 -0.60933
-0.65033 0.56085 -0.62806
-0.68210 0.58071 -0.63582
-0.71932 0.57634 -0.62806
-0.74018 0.55030 -0.60933
-0.73246 0.51783 -0.59059
-0.70069 0.49797 -0.58283
-0.66347 0.50234 -0.59059
-0.64000 0.54137 -0.57936
-0.64374 0.57558 -0.59610
-0.67299 0.59926 -0.60304
-0.71062 0.59854 -0.59610
-0.73458 0.57385 -0.57936
-0.73084 0.53964 -0.56262
-0.70159 0.51596 -0.55569
-0.66397 0.51668 -0.56262
-0.68190 0.61952 -0.56758
-0.71660 0.60858 -0.55572
-0.73097 0.57699 -0.53961
-0.71660 0.54325 -0.52867
-0.68190 0.52713 -0.52932
-0.64719 0.53807 -0.54118
-0.63282 0.56967 -0.55729
-0.64719 0.60340 -0.56823
-0.67522 0.63397 -0.53229
-0.70964 0.62254 -0.52007
-0.72390 0.58995 -0.50596
-0.70964 0.55529 -0.49822
-0.67522 0.53886 -0.50139
-0.64081 0.55029 -0.51361
-0.62655 0.58288 -0.52772
-0.64081 0.61754 -0.53546
-0.66730 0.64545 -0.49644
-0.70139 0.63340 -0.48390
-0.71551 0.59992 -0.47188
-0.70139 0.56463 -0.46743
-0.66730 0.54820 -0.47314
-0.63322 0.56026 -0.48567
-0.61910 0.59374 -0.49769
-0.63322 0.62902 -0.50215
-0.65818 0.65395 -0.46031
-0.69189 0.64113 -0.44753
-0.70586 0.60689 -0.43768
-0.69189 0.57128 -0.43655
-0.65818 0.55516 -0.44478
-0.62446 0.56797 -0.45757
-0.61050 0.60222 -0.46741
-0.62446 0.63783 -0.46855
-0.64790 0.65947 -0.42418
-0.68121 0.64577 -0.41125
-0.69500 0.61089 -0.40366
-0.68121 0.57526 -0.40585
-0.64790 0.55976 -0.41655
-0.61459 0.57346 -0.42949
-0.60079 0.60833 -0.43708
-0.61459 0.64396 -0.43488
-0.63652 0.66205 -0.38833
-0.66940 0.64737 -0.37537
-0.68302 0.61199 -0.37010
-0.66940 0.57666 -0.37560
-0.63652 0.56205 -0.38865
-0.60364 0.57674 -0.40160
-0.59003 0.61211 -0.40688
-0.60364 0.64745 -0.40138
-0.62412 0.66178 -0.35301
-0.65655 0.64602 -0.34017
-0.66998 0.61031 -0.33728
-0.65655 0.57556 -0.34601
-0.62412 0.56212 -0.36126
-0.59169 0.57788 -0.37410
-0.57826 0.61360 -0.37699
-0.59169 0.64835 -0.36826
-0.62692 0.56210 -0.32652
-0.59233 0.56577 -0.34247
-0.56854 0.59501 -0.34908
-0.56949 0.63269 -0.34247
-0.59462 0.65674 -0.32652
-0.62921 0.65307 -0.31056
-0.65300 0.62383 -0.30395
-0.65205 0.58614 -0.31056
-0.61777 0.55929 -0.29683
-0.58384 0.55957 -0.31453
-0.55737 0.58621 -0.32187
-0.55385 0.62360 -0.31453
-0.57535 0.64985 -0.29683
-0.60927 0.64957 -0.27912
-0.63575 0.62293 -0.27178
-0.63927 0.58553 -0.27912
-0.60655 0.55423 -0.26822
-0.57368 0.55218 -0.28772
-0.54543 0.57671 -0.29579
-0.53836 0.61344 -0.28772
-0.55659 0.64086 -0.26822
-0.58946 0.64291 -0.24873
-0.61771 0.61839 -0.24066
-0.62478 0.58165 -0.24873
-0.59372 0.54697 -0.24085
-0.56209 0.54341 -0.26210
-0.53269 0.56627 -0.27090
-0.52275 0.60216 -0.26210
-0.53808 0.63006 -0.24085
-0.56971 0.63361 -0.21961
-0.59911 0.61075 -0.21081
-0.60906 0.57486 -0.21961
-0.57966 0.53763 -0.21483
-0.54934 0.53319 -0.23776
-0.51920 0.55478 -0.24725
-0.50690 0.58975 -0.23776
-0.51964 0.61762 -0.21483
-0.54996 0.62206 -0.19191
-0.58010 0.60047 -0.18242
-0.59240 0.56550 -0.19191
-0.56463 0.52642 -0.19026
-0.53563 0.52156 -0.21475
-0.50504 0.54219 -0.22490
-0.49077 0.57622 -0.21475
-0.50119 0.60372 -0.19026
-0.53019 0.60857 -0.16576
-0.56078 0.58794 -0.15562
-0.57505 0.55392 -0.16576
-0.54887 0.51353 -0.16718
-0.52118 0.50861 -0.19313
-0.49032 0.52853 -0.20388
-0.47437 0.56161 -0.19313
-0.48268 0.58849 -0.16718
-0.51038 0.59340 -0.14124
-0.54123 0.57349 -0.13049
-0.55718 0.54040 -0.14124
-0.53256 0.49916 -0.14567
-0.50614 0.49444 -0.17294
-0.47515 0.51385 -0.18424
-0.45775 0.54600 -0.17294
-0.46413 0.57208 -0.14567
-0.49056 0.57679 -0.11839
-0.52155 0.55739 -0.10709
-0.53895 0.52523 -0.11839
-0.51586 0.48351 -0.12572
-0.49066 0.47919 -0.15419
-0.45963 0.49823 -0.16599
-0.44095 0.52948 -0.15419
-0.44556 0.55463 -0.12572
-0.47077 0.55895 -0.09725
-0.50179 0.53990 -0.08545
-0.52047 0.50866 -0.09725
-0.49890 0.46676 -0.10735
-0.47488 0.46298 -0.13689
-0.44387 0.48178 -0.14913
-0.42405 0.51214 -0.13689
-0.42702 0.53628 -0.10735
-0.45105 0.54006 -0.07781
-0.48206 0.52126 -0.06557
-0.50188 0.49090 -0.07781
-0.48181 0.44910 -0.09054
-0.45890 0.44596 -0.12103
-0.42796 0.46460 -0.13366
-0.40710 0.49410 -0.12103
-0.40856 0.51718 -0.09054
-0.43147 0.52032 -0.06005
-0.46241 0.50167 -0.04742
-0.48326 0.47218 -0.06005
-0.46468 0.43068 -0.07526
-0.44283 0.42825 -0.10658
-0.41198 0.44680 -0.11956
-0.39019 0.47546 -0.10658
-0.39023 0.49744 -0.07526
-0.41207 0.49987 -0.04393
-0.44293 0.48132 -0.03095
-0.46472 0.45266 -0.04393
-0.44760 0.41165 -0.06146
-0.42676 0.40998 -0.09351
-0.39601 0.42849 -0.10678
-0.37336 0.45633 -0.09351
-0.37208 0.47719 -0.06146
-0.39292 0.47887 -0.02940
-0.42367 0.46036 -0.01613
-0.44632 0.43252 -0.02940
-0.43068 0.39216 -0.04908
-0.41078 0.39126 -0.08176
-0.38013 0.40975 -0.09529
-0.35668 0.43679 -0.08176
-0.35417 0.45655 -0.04908
-0.37406 0.45744 -0.01640
-0.40471 0.43895 -0.00287
-0.42816 0.41191 -0.01640
-0.41397 0.37231 -0.03807
-0.39496 0.37219 -0.07128
-0.36441 0.39068 -0.08504
-0.34021 0.41695 -0.07128
-0.33654 0.43560 -0.03807
-0.35555 0.43571 -0.00486
-0.38610 0.41722 0.00890
-0.41030 0.39096 -0.00486
-0.39754 0.35222 -0.02835
-0.37936 0.35288 -0.06202
-0.34890 0.37138 -0.07596
-0.32400 0.39688 -0.06202
-0.31925 0.41444 -0.02835
-0.33744 0.41378 0.00532
-0.36790 0.39528 0.01926
-0.39279 0.36978 0.00532
-0.38145 0.33198 -0.01985
-0.36403 0.33340 -0.05389
-0.33365 0.35191 -0.06800
-0.30810 0.37666 -0.05389
-0.30234 0.39315 -0.01985
-0.31975 0.39173 0.01420
-0.35014 0.37323 0.02830
-0.37569 0.34848 0.01420
-0.36574 0.31168 -0.01248
-0.34904 0.31384 -0.04684
-0.31871 0.33234 -0.06107
-0.29254 0.35635 -0.04684
-0.28584 0.37181 -0.01248
-0.30254 0.36965 0.02188
-0.33287 0.35115 0.03612
-0.35904 0.32713 0.02188
-0.35047 0.29139 -0.00617
-0.33441 0.29425 -0.04079
-0.30413 0.31274 -0.05513
-0.27736 0.33603 -0.04079
-0.26978 0.35047 -0.00617
-0.28584 0.34760 0.02845
-0.31612 0.32911 0.04279
-0.34289 0.30583 0.02845
-0.33565 0.27116 -0.00084
-0.32019 0.27470 -0.03566
-0.28993 0.29316 -0.05009
-0.26260 0.31572 -0.03566
-0.25420 0.32918 -0.00084
-0.26966 0.32565 0.03399
-0.29993 0.30719 0.04841
-0.32726 0.28462 0.03399
-0.32133 0.25106 0.00360
-0.30640 0.25523 -0.03139
-0.27614 0.27363 -0.04589
-0.24827 0.29549 -0.03139
-0.23912 0.30799 0.00360
-0.25404 0.30382 0.03859
-0.28430 0.28542 0.05308
-0.31218 0.26357 0.03859
-0.30752 0.23113 0.00721
-0.29308 0.23589 -0.02791
-0.26279 0.25421 -0.04245
-0.23440 0.27536 -0.02791
-0.22454 0.28694 0.00721
-0.23899 0.28218 0.04232
-0.26928 0.26386 0.05687
-0.29766 0.24271 0.04232
-0.29424 0.21139 0.01007
-0.28022 0.21671 -0.02514
-0.24989 0.23492 -0.03972
-0.22101 0.25536 -0.02514
-0.21050 0.26605 0.01007
-0.22452 0.26073 0.04528
-0.25485 0.24252 0.05987
-0.28373 0.22209 0.04528
-0.28150 0.19188 0.01226
-0.26786 0.19771 -0.02302
-0.23746 0.21579 -0.03763
-0.20810 0.23552 -0.02302
-0.19700 0.24535 0.01226
-0.21064 0.23953 0.04754
-0.24104 0.22145 0.06215
-0.27039 0.20172 0.04754
-0.26931 0.17262 0.01384
-0.25599 0.17892 -0.02148
-0.22550 0.19683 -0.03611
-0.19569 0.21586 -0.02148
-0.18404 0.22486 0.01384
-0.19735 0.21857 0.04916
-0.22785 0.20066 0.06379
-0.25765 0.18163 0.04916
-0.25767 0.15363 0.01488
-0.24463 0.16035 -0.02047
-0.21402 0.17806 -0.03511
-0.18379 0.19639 -0.02047
-0.17163 0.20460 0.01488
-0.18467 0.19787 0.05022
-0.21527 0.18016 0.06486
-0.24551 0.16184 0.05022
-0.24657 0.13491 0.01543
-0.23376 0.14202 -0.01993
-0.20303 0.15950 -0.03457
-0.17238 0.17712 -0.01993
-0.15977 0.18456 0.01543
-0.17258 0.17746 0.05078
-0.20331 0.15998 0.06543
-0.23396 0.14235 0.05078
-0.23603 0.11648 0.01555
-0.22341 0.12393 -0.01981
-0.19253 0.14115 -0.03445
-0.16149 0.15807 -0.01981
-0.14846 0.16477 0.01555
-0.16108 0.15733 0.05090
-0.19195 0.14010 0.06554
-0.22300 0.12319 0.05090
-0.22601 0.09834 0.01529
-0.21354 0.10609 -0.02005
-0.18251 0.12303 -0.03469
-0.15109 0.13924 -0.02005
-0.13769 0.14523 0.01529
-0.15016 0.13749 0.05063
-0.18119 0.12055 0.06527
-0.21261 0.10434 0.05063
-0.21653 0.08050 0.01470
-0.20417 0.08850 -0.02062
-0.17296 0.10512 -0.03525
-0.14119 0.12063 -0.02062
-0.12746 0.12594 0.01470
-0.13981 0.11794 0.05002
-0.17102 0.10132 0.06465
-0.20280 0.08581 0.05002
-0.20757 0.06294 0.01382
-0.19529 0.07116 -0.02148
-0.16389 0.08744 -0.03610
-0.13178 0.10225 -0.02148
-0.11775 0.10691 0.01382
-0.13003 0.09869 0.04912
-0.16143 0.08240 0.06374
-0.19354 0.06760 0.04912
-0.19910 0.04567 0.01269
-0.18687 0.05407 -0.02258
-0.15528 0.06999 -0.03719
-0.12285 0.08410 -0.02258
-0.10857 0.08813 0.01269
-0.12080 0.07973 0.04797
-0.15239 0.06381 0.06258
-0.18482 0.04970 0.04797
-0.19113 0.02868 0.01135
-0.17892 0.03724 -0.02389
-0.14713 0.05276 -0.03849
-0.11440 0.06617 -0.02389
-0.09989 0.06961 0.01135
-0.11210 0.06106 0.04660
-0.14389 0.04553 0.06120
-0.17662 0.03212 0.04660
-0.18363 0.01198 0.00983
-0.17141 0.02064 -0.02539
-0.13942 0.03576 -0.03997
-0.10641 0.04847 -0.02539
-0.09170 0.05134 0.00983
-0.10392 0.04268 0.04504
-0.13591 0.02756 0.05963
-0.16893 0.01484 0.04504
-0.17659 -0.00445 0.00815
-0.16434 0.00429 -0.02703
-0.13215 0.01898 -0.04161
-0.09887 0.03100 -0.02703
-0.08400 0.03332 0.00815
-0.09624 0.02458 0.04333
-0.12844 0.00989 0.05791
-0.16172 -0.00213 0.04333
-0.16998 -0.02062 0.00634
-0.15769 -0.01182 -0.02881
-0.12529 0.00242 -0.04337
-0.09177 0.01376 -0.02881
-0.07676 0.01556 0.00634
-0.08905 0.00676 0.04150
-0.12145 -0.00748 0.05606
-0.15497 -0.01882 0.04150
-0.16380 -0.03653 0.00443
-0.15144 -0.02771 -0.03070
-0.11884 -0.01393 -0.04525
-0.08509 -0.00326 -0.03070
-0.06997 -0.00195 0.00443
-0.08232 -0.01078 0.03956
-0.11493 -0.02456 0.05411
-0.14867 -0.03522 0.03956
-0.15802 -0.05219 0.00243
-0.14559 -0.04336 -0.03267
-0.11279 -0.03006 -0.04721
-0.07883 -0.02006 -0.03267
-0.06361 -0.01922 0.00243
-0.07604 -0.02804 0.03753
-0.10885 -0.04135 0.05207
-0.14280 -0.05135 0.03753
-0.15263 -0.06760 0.00036
-0.14012 -0.05880 -0.03472
-0.10712 -0.04597 -0.04925
-0.07297 -0.03663 -0.03472
-0.05768 -0.03624 0.00036
-0.07019 -0.04504 0.03544
-0.10319 -0.05787 0.04997
-0.13734 -0.06721 0.03544
-0.14762 -0.08277 -0.00177
-0.13501 -0.07402 -0.03682
-0.10182 -0.06168 -0.05134
-0.06750 -0.05298 -0.03682
-0.05214 -0.05302 -0.00177
-0.06475 -0.06178 0.03329
-0.09794 -0.07412 0.04781
-0.13226 -0.08282 0.03329
-0.14295 -0.09772 -0.00393
-0.13024 -0.08902 -0.03897
-0.09687 -0.07718 -0.05348
-0.06239 -0.06912 -0.03897
-0.04700 -0.06957 -0.00393
-0.05971 -0.07826 0.03110
-0.09308 -0.09011 0.04561
-0.12756 -0.09817 0.03110
-0.13862 -0.11244 -0.00613
-0.12581 -0.10382 -0.04115
-0.09227 -0.09247 -0.05565
-0.05764 -0.08503 -0.04115
-0.04222 -0.08587 -0.00613
-0.05503 -0.09449 0.02888
-0.08858 -0.10585 0.04338
-0.12320 -0.11328 0.02888
-0.13462 -0.12695 -0.00836
-0.12170 -0.11842 -0.04335
-0.08799 -0.10756 -0.05785
-0.05323 -0.10073 -0.04335
-0.03780 -0.10194 -0.00836
-0.05072 -0.11048 0.02664
-0.08443 -0.12134 0.04114
-0.11918 -0.12816 0.02664
-0.13092 -0.14125 -0.01059
-0.11789 -0.13281 -0.04557
-0.08402 -0.12244 -0.06006
-0.04915 -0.11621 -0.04557
-0.03371 -0.11778 -0.01059
-0.04674 -0.12622 0.02439
-0.08061 -0.13659 0.03887
-0.11547 -0.14282 0.02439
-0.12751 -0.15534 -0.01284
-0.11437 -0.14701 -0.04780
-0.08036 -0.13712 -0.06229
-0.04539 -0.13148 -0.04780
-0.02995 -0.13339 -0.01284
-0.04308 -0.14173 0.02212
-0.07710 -0.15161 0.03660
-0.11207 -0.15725 0.02212
-0.12438 -0.16924 -0.01509
-0.11114 -0.16101 -0.05004
-0.07698 -0.15161 -0.06452
-0.04192 -0.14654 -0.05004
-0.02649 -0.14878 -0.01509
-0.03973 -0.15701 0.01985
-0.07389 -0.16641 0.03433
-0.10895 -0.17148 0.01985
-0.12151 -0.18294 -0.01735
-0.10816 -0.17482 -0.05228
-0.07388 -0.16589 -0.06675
-0.03874 -0.16139 -0.05228
-0.02333 -0.16394 -0.01735
-0.03667 -0.17206 0.01759
-0.07096 -0.18099 0.03206
-0.10610 -0.18550 0.01759
-0.11889 -0.19645 -0.01961
-0.10544 -0.18844 -0.05453
-0.07104 -0.17998 -0.06899
-0.03583 -0.17602 -0.05453
-0.02044 -0.17889 -0.01961
-0.03389 -0.18690 0.01532
-0.06829 -0.19536 0.02978
-0.10350 -0.19932 0.01532
-0.11650 -0.20978 -0.02186
-0.10296 -0.20187 -0.05677
-0.06844 -0.19387 -0.07123
-0.03318 -0.19045 -0.05677
-0.01782 -0.19362 -0.02186
-0.03136 -0.20152 0.01305
-0.06588 -0.20953 0.02751
-0.10114 -0.21295 0.01305
-0.11435 -0.22292 -0.02411
-0.10071 -0.21512 -0.05901
-0.06609 -0.20756 -0.07346
-0.03077 -0.20466 -0.05901
-0.01545 -0.20813 -0.02411
-0.02909 -0.21593 0.01078
-0.06370 -0.22350 0.02523
-0.09902 -0.22639 0.01078
-0.11240 -0.23589 -0.02636
-0.09867 -0.22818 -0.06124
-0.06396 -0.22105 -0.07569
-0.02860 -0.21867 -0.06124
-0.01331 -0.22244 -0.02636
-0.02704 -0.23014 0.00851
-0.06176 -0.23727 0.02296
-0.09711 -0.23965 0.00851
-0.11066 -0.24868 -0.02862
-0.09684 -0.24106 -0.06348
-0.06204 -0.23435 -0.07792
-0.02665 -0.23248 -0.06348
-0.01140 -0.23654 -0.02862
-0.02522 -0.24416 0.00625
-0.06002 -0.25087 0.02069
-0.09541 -0.25274 0.00625
-0.10912 -0.26129 -0.03087
-0.09521 -0.25376 -0.06571
-0.06033 -0.24746 -0.08015
-0.02491 -0.24608 -0.06571
-0.00971 -0.25044 -0.03087
-0.02362 -0.25798 0.00398
-0.05849 -0.26428 0.01841
-0.09391 -0.26565 0.00398
-0.10775 -0.27374 -0.03313
-0.09376 -0.26627 -0.06795
-0.05881 -0.26037 -0.08238
-0.02338 -0.25948 -0.06795
-0.00822 -0.26414 -0.03313
-0.02221 -0.27160 0.00170
-0.05716 -0.27751 0.01613
-0.09259 -0.27839 0.00170
-0.10657 -0.28601 -0.03539
-0.09249 -0.27860 -0.07020
-0.05748 -0.27308 -0.08461
-0.02203 -0.27268 -0.07020
-0.00692 -0.27764 -0.03539
-0.02099 -0.28505 -0.00058
-0.05601 -0.29057 0.01384
-0.09145 -0.29097 -0.00058
-0.10554 -0.29812 -0.03766
-0.09139 -0.29075 -0.07245
-0.05632 -0.28560 -0.08685
-0.02086 -0.28569 -0.07245
-0.00580 -0.29095 -0.03766
-0.01996 -0.29832 -0.00288
-0.05503 -0.30347 0.01153
-0.09048 -0.30339 -0.00288
-0.10468 -0.31006 -0.03995
-0.09045 -0.30272 -0.07471
-0.05532 -0.29793 -0.08910
-0.01987 -0.29849 -0.07471
-0.00486 -0.30407 -0.03995
-0.01909 -0.31141 -0.00519
-0.05423 -0.31620 0.00921
-0.08968 -0.31564 -0.00519
-0.10397 -0.32183 -0.04225
-0.08967 -0.31451 -0.07698
-0.05448 -0.31006 -0.09137
-0.01904 -0.31110 -0.07698
-0.00409 -0.31700 -0.04225
-0.01840 -0.32433 -0.00752
-0.05358 -0.32877 0.00686
-0.08903 -0.32774 -0.00752
-0.10341 -0.33344 -0.04458
-0.08902 -0.32612 -0.07928
-0.05380 -0.32200 -0.09365
-0.01836 -0.32351 -0.07928
-0.00348 -0.32975 -0.04458
-0.01786 -0.33708 -0.00988
-0.05309 -0.34119 0.00449
-0.08852 -0.33969 -0.00988
-0.10298 -0.34489 -0.04693
-0.08852 -0.33754 -0.08159
-0.05325 -0.33375 -0.09595
-0.01783 -0.33573 -0.08159
-0.00302 -0.34232 -0.04693
-0.01748 -0.34967 -0.01227
-0.05275 -0.35346 0.00209
-0.08816 -0.35148 -0.01227
-0.10269 -0.35617 -0.04931
-0.08815 -0.34878 -0.08393
-0.05284 -0.34530 -0.09827
-0.01745 -0.34776 -0.08393
-0.00270 -0.35472 -0.04931
-0.01724 -0.36210 -0.01469
-0.05255 -0.36558 -0.00035
-0.08794 -0.36313 -0.01469
-0.10253 -0.36728 -0.05173
-0.08791 -0.35984 -0.08630
-0.05256 -0.35666 -0.10062
-0.01720 -0.35960 -0.08630
-0.00253 -0.36694 -0.05173
-0.01715 -0.37438 -0.01715
-0.05249 -0.37756 -0.00283
-0.08786 -0.37462 -0.01715
-0.10249 -0.37824 -0.05418
-0.08778 -0.37072 -0.08871
-0.05241 -0.36783 -0.10301
-0.01708 -0.37125 -0.08871
-0.00249 -0.37898 -0.05418
-0.01719 -0.38650 -0.01966
-0.05257 -0.38939 -0.00536
-0.08790 -0.38597 -0.01966
-0.10256 -0.38902 -0.05669
-0.08778 -0.38141 -0.09115
-0.05237 -0.37880 -0.10543
-0.01708 -0.38271 -0.09115
-0.00258 -0.39087 -0.05669
-0.01737 -0.39848 -0.02222
-0.05278 -0.40109 -0.00795
-0.08807 -0.39717 -0.02222
-0.10276 -0.39965 -0.05924
-0.08788 -0.39192 -0.09364
-0.05244 -0.38958 -0.10789
-0.01720 -0.39399 -0.09364
-0.00280 -0.40258 -0.05924
-0.01768 -0.41031 -0.02484
-0.05312 -0.41265 -0.01059
-0.08836 -0.40823 -0.02484
-0.10306 -0.41010 -0.06186
-0.08809 -0.40224 -0.09618
-0.05262 -0.40016 -0.11040
-0.01743 -0.40509 -0.09618
-0.00314 -0.41414 -0.06186
-0.01812 -0.42200 -0.02753
-0.05358 -0.42408 -0.01331
-0.08877 -0.41915 -0.02753
-0.10347 -0.42039 -0.06453
-0.08840 -0.41237 -0.09878
-0.05290 -0.41055 -0.11296
-0.01778 -0.41600 -0.09878
-0.00360 -0.42553 -0.06453
-0.01868 -0.43356 -0.03029
-0.05418 -0.43537 -0.01610
-0.08930 -0.42992 -0.03029
-0.10399 -0.43052 -0.06728
-0.08880 -0.42231 -0.10143
-0.05328 -0.42075 -0.11558
-0.01823 -0.42674 -0.10143
-0.00419 -0.43677 -0.06728
-0.01937 -0.44498 -0.03312
-0.05490 -0.44654 -0.01898
-0.08995 -0.44055 -0.03312
-0.10461 -0.44047 -0.07010
-0.08930 -0.43207 -0.10415
-0.05375 -0.43075 -0.11825
-0.01879 -0.43729 -0.10415
-0.00488 -0.44786 -0.07010
-0.02019 -0.45626 -0.03605
-0.05574 -0.45758 -0.02194
-0.09071 -0.45104 -0.03605
-0.10533 -0.45026 -0.07300
-0.08989 -0.44163 -0.10694
-0.05432 -0.44056 -0.12099
-0.01944 -0.44767 -0.10694
-0.00570 -0.45879 -0.07300
-0.02114 -0.46742 -0.03906
-0.05671 -0.46850 -0.02501
-0.09159 -0.46138 -0.03906
-0.10615 -0.45987 -0.07599
-0.09057 -0.45100 -0.10980
-0.05497 -0.45017 -0.12380
-0.02020 -0.45787 -0.10980
-0.00663 -0.46958 -0.07599
-0.02221 -0.47845 -0.04218
-0.05781 -0.47928 -0.02818
-0.09258 -0.47159 -0.04218
-0.10707 -0.46931 -0.07908
-0.09133 -0.46018 -0.11274
-0.05570 -0.45959 -0.12669
-0.02105 -0.46789 -0.11274
-0.00767 -0.48023 -0.07908
-0.02340 -0.48936 -0.04541
-0.05904 -0.48995 -0.03147
-0.09369 -0.48164 -0.04541
-0.10808 -0.47857 -0.08227
-0.09218 -0.46916 -0.11577
-0.05652 -0.46881 -0.12965
-0.02199 -0.47775 -0.11577
-0.00883 -0.49073 -0.08227
-0.02473 -0.50015 -0.04876
-0.06039 -0.50049 -0.03488
-0.09492 -0.49155 -0.04876
-0.10919 -0.48766 -0.08556
-0.09310 -0.47794 -0.11889
-0.05741 -0.47785 -0.13270
-0.02303 -0.48743 -0.11889
-0.01010 -0.50109 -0.08556
-0.02619 -0.51081 -0.05223
-0.06188 -0.51090 -0.03843
-0.09626 -0.50132 -0.05223
-0.11039 -0.49657 -0.08898
-0.09409 -0.48653 -0.12211
-0.05837 -0.48669 -0.13584
-0.02415 -0.49695 -0.12211
-0.01149 -0.51131 -0.08898
-0.02779 -0.52135 -0.05585
-0.06351 -0.52119 -0.04212
-0.09773 -0.51093 -0.05585
-0.11169 -0.50529 -0.09252
-0.09516 -0.49491 -0.12544
-0.05940 -0.49533 -0.13907
-0.02537 -0.50630 -0.12544
-0.01300 -0.52140 -0.09252
-0.02953 -0.53178 -0.05960
-0.06528 -0.53136 -0.04597
-0.09932 -0.52039 -0.05960
-0.11308 -0.51383 -0.09619
-0.09629 -0.50310 -0.12887
-0.06051 -0.50379 -0.14240
-0.02668 -0.51549 -0.12887
-0.01463 -0.53135 -0.09619
-0.03141 -0.54208 -0.06352
-0.06720 -0.54139 -0.04998
-0.10103 -0.52969 -0.06352
-0.11456 -0.52217 -0.10001
-0.09750 -0.51108 -0.13241
-0.06167 -0.51205 -0.14584
-0.02807 -0.52452 -0.13241
-0.01638 -0.54118 -0.10001
-0.03344 -0.55227 -0.06760
-0.06927 -0.55130 -0.05417
-0.10287 -0.53883 -0.06760
-0.11613 -0.53033 -0.10397
-0.09876 -0.51887 -0.13608
-0.06290 -0.52013 -0.14939
-0.02956 -0.53339 -0.13608
-0.01826 -0.55087 -0.10397
-0.03563 -0.56233 -0.07185
-0.07149 -0.56106 -0.05855
-0.10483 -0.54780 -0.07185
-0.11779 -0.53828 -0.10809
-0.10009 -0.52645 -0.13988
-0.06419 -0.52803 -0.15305
-0.03113 -0.54211 -0.13988
-0.02028 -0.56043 -0.10809
-0.03798 -0.57227 -0.07630
-0.07388 -0.57068 -0.06313
-0.10694 -0.55661 -0.07630
-0.11955 -0.54603 -0.11238
-0.10147 -0.53382 -0.14382
-0.06554 -0.53575 -0.15684
-0.03280 -0.55068 -0.14382
-0.02243 -0.56987 -0.11238
-0.04051 -0.58209 -0.08094
-0.07644 -0.58016 -0.06791
-0.10918 -0.56523 -0.08094
-0.12139 -0.55358 -0.11684
-0.10290 -0.54099 -0.14790
-0.06694 -0.54329 -0.16076
-0.03455 -0.55911 -0.14790
-0.02472 -0.57919 -0.11684
-0.04321 -0.59177 -0.08578
-0.07918 -0.58948 -0.07292
-0.11156 -0.57366 -0.08578
-0.12332 -0.56090 -0.12149
-0.10439 -0.54797 -0.15213
-0.06839 -0.55065 -0.16482
-0.03640 -0.56740 -0.15213
-0.02717 -0.58838 -0.12149
-0.04610 -0.60132 -0.09085
-0.08210 -0.59863 -0.07816
-0.11409 -0.58189 -0.09085
-0.12534 -0.56801 -0.12634
-0.10593 -0.55474 -0.15652
-0.06989 -0.55786 -0.16903
-0.03835 -0.57555 -0.15652
-0.02977 -0.59746 -0.12634
-0.04919 -0.61073 -0.09615
-0.08522 -0.60761 -0.08365
-0.11677 -0.58992 -0.09615
-0.12745 -0.57490 -0.13139
-0.10751 -0.56131 -0.16109
-0.07145 -0.56490 -0.17339
-0.04040 -0.58358 -0.16109
-0.03254 -0.60640 -0.13139
-0.05249 -0.62000 -0.10169
-0.08854 -0.61640 -0.08939
-0.11960 -0.59772 -0.10169
-0.12964 -0.58155 -0.13665
-0.10913 -0.56768 -0.16583
-0.07305 -0.57180 -0.17791
-0.04255 -0.59150 -0.16583
-0.03549 -0.61523 -0.13665
-0.05600 -0.62910 -0.10748
-0.09208 -0.62498 -0.09540
-0.12258 -0.60529 -0.10748
-0.13192 -0.58796 -0.14215
-0.11079 -0.57386 -0.17077
-0.07471 -0.57855 -0.18262
-0.04481 -0.59930 -0.17077
-0.03862 -0.62394 -0.14215
-0.05975 -0.63805 -0.11353
-0.09584 -0.63335 -0.10168
-0.12573 -0.61260 -0.11353
-0.13428 -0.59413 -0.14789
-0.11248 -0.57985 -0.17591
-0.07641 -0.58518 -0.18752
-0.04719 -0.60700 -0.17591
-0.04195 -0.63253 -0.14789
-0.06375 -0.64681 -0.11986
-0.09982 -0.64148 -0.10826
-0.12904 -0.61965 -0.11986
-0.13672 -0.60004 -0.15387
-0.11421 -0.58565 -0.18127
-0.07816 -0.59168 -0.19262
-0.04970 -0.61461 -0.18127
-0.04549 -0.64099 -0.15387
-0.06800 -0.65538 -0.12647
-0.10405 -0.64934 -0.11513
-0.13251 -0.62642 -0.12647
-0.13923 -0.60568 -0.16012
-0.11596 -0.59127 -0.18687
-0.07997 -0.59808 -0.19794
-0.05234 -0.62213 -0.18687
-0.04926 -0.64933 -0.16012
-0.07252 -0.66374 -0.13338
-0.10852 -0.65693 -0.12230
-0.13615 -0.63288 -0.13338
-0.14181 -0.61106 -0.16665
-0.11774 -0.59671 -0.19271
-0.08183 -0.60438 -0.20351
-0.05513 -0.62957 -0.19271
-0.05326 -0.65753 -0.16665
-0.07733 -0.67188 -0.14059
-0.11324 -0.66421 -0.12979
-0.13994 -0.63902 -0.14059
-0.14445 -0.61616 -0.17347
-0.11954 -0.60198 -0.19882
-0.08376 -0.61060 -0.20933
-0.05808 -0.63695 -0.19882
-0.05753 -0.66560 -0.17347
-0.08244 -0.67978 -0.14811
-0.11822 -0.67116 -0.13760
-0.14390 -0.64481 -0.14811
-0.14715 -0.62097 -0.18059
-0.12136 -0.60709 -0.20522
-0.08577 -0.61674 -0.21543
-0.06121 -0.64426 -0.20522
-0.06208 -0.67353 -0.18059
-0.08787 -0.68741 -0.15595
-0.12347 -0.67776 -0.14574
-0.14802 -0.65024 -0.15595
-0.14990 -0.62549 -0.18802
-0.12321 -0.61205 -0.21193
-0.08785 -0.62283 -0.22183
-0.06454 -0.65152 -0.21193
-0.06693 -0.68131 -0.18802
-0.09362 -0.69474 -0.16412
-0.12898 -0.68396 -0.15422
-0.15229 -0.65527 -0.16412
-0.15269 -0.62971 -0.19579
-0.12507 -0.61686 -0.21896
-0.09003 -0.62888 -0.22856
-0.06809 -0.65873 -0.21896
-0.07210 -0.68892 -0.19579
-0.09972 -0.70177 -0.17262
-0.13476 -0.68975 -0.16303
-0.15670 -0.65990 -0.17262
-0.15551 -0.63363 -0.20391
-0.12696 -0.62153 -0.22635
-0.09233 -0.63489 -0.23564
-0.07189 -0.66588 -0.22635
-0.07762 -0.69635 -0.20391
-0.10617 -0.70844 -0.18147
-0.14080 -0.69508 -0.17218
-0.16124 -0.66409 -0.18147
-0.15835 -0.63725 -0.21239
-0.12888 -0.62608 -0.23410
-0.09476 -0.64088 -0.24310
-0.07597 -0.67298 -0.23410
-0.08351 -0.70358 -0.21239
-0.11298 -0.71474 -0.19068
-0.14711 -0.69994 -0.18168
-0.16590 -0.66784 -0.19068
-0.16121 -0.64056 -0.22125
-0.13084 -0.63051 -0.24226
-0.09735 -0.64686 -0.25096
-0.08035 -0.68002 -0.24226
-0.08980 -0.71058 -0.22125
-0.12017 -0.72063 -0.20024
-0.15366 -0.70428 -0.19154
-0.17066 -0.67112 -0.20024
-0.16407 -0.64359 -0.23051
-0.13285 -0.63485 -0.25084
-0.10013 -0.65282 -0.25926
-0.08508 -0.68698 -0.25084
-0.09652 -0.71732 -0.23051
-0.12774 -0.72606 -0.21017
-0.16045 -0.70809 -0.20175
-0.17550 -0.67392 -0.21017
-0.16693 -0.64632 -0.24017
-0.13493 -0.63909 -0.25986
-0.10314 -0.65877 -0.26802
-0.09019 -0.69385 -0.25986
-0.10367 -0.72377 -0.24017
-0.13568 -0.73100 -0.22048
-0.16747 -0.71132 -0.21233
-0.18041 -0.67624 -0.22048
-0.16980 -0.64878 -0.25027
-0.13710 -0.64324 -0.26936
-0.10642 -0.66470 -0.27727
-0.09573 -0.70059 -0.26936
-0.11129 -0.72988 -0.25027
-0.14399 -0.73541 -0.23118
-0.17468 -0.71395 -0.22327
-0.18537 -0.67807 -0.23118
-0.17268 -0.65098 -0.26082
-0.13940 -0.64733 -0.27936
-0.11001 -0.67060 -0.28704
-0.10172 -0.70716 -0.27936
-0.11939 -0.73559 -0.26082
-0.15267 -0.73924 -0.24227
-0.18206 -0.71597 -0.23459
-0.19035 -0.67941 -0.24227
-0.17557 -0.65293 -0.27183
-0.14187 -0.65134 -0.28988
-0.11396 -0.67643 -0.29736
-0.10821 -0.71352 -0.28988
-0.12797 -0.74087 -0.27183
-0.16168 -0.74246 -0.25377
-0.18958 -0.71736 -0.24630
-0.19534 -0.68028 -0.25377
-0.17851 -0.65465 -0.28332
-0.14455 -0.65527 -0.30095
-0.11833 -0.68217 -0.30825
-0.11522 -0.71961 -0.30095
-0.13704 -0.74564 -0.28332
-0.17100 -0.74503 -0.26570
-0.19721 -0.71813 -0.25840
-0.20033 -0.68069 -0.26570
-0.18153 -0.65616 -0.29532
-0.14750 -0.65910 -0.31258
-0.12317 -0.68776 -0.31974
-0.12279 -0.72535 -0.31258
-0.14658 -0.74986 -0.29532
-0.18060 -0.74692 -0.27805
-0.20493 -0.71826 -0.27090
-0.20532 -0.68067 -0.27805
-0.18466 -0.65747 -0.30783
-0.15079 -0.66281 -0.32481
-0.12853 -0.69314 -0.33185
-0.13092 -0.73068 -0.32481
-0.15657 -0.75344 -0.30783
-0.19044 -0.74810 -0.29085
-0.21270 -0.71778 -0.28382
-0.21031 -0.68024 -0.29085
-0.18797 -0.65858 -0.32089
-0.15446 -0.66637 -0.33766
-0.13444 -0.69823 -0.34460
-0.13962 -0.73550 -0.33766
-0.16699 -0.75635 -0.32089
-0.20049 -0.74857 -0.30412
-0.22051 -0.71670 -0.29718
-0.21533 -0.67943 -0.30412
-0.19150 -0.65948 -0.33450
-0.15859 -0.66971 -0.35114
-0.14094 -0.70296 -0.35803
-0.14890 -0.73975 -0.35114
-0.17779 -0.75853 -0.33450
-0.21071 -0.74830 -0.31787
-0.22835 -0.71505 -0.31098
-0.22040 -0.67826 -0.31787
-0.19532 -0.66014 -0.34869
-0.16322 -0.67277 -0.36527
-0.14806 -0.70723 -0.37213
-0.15872 -0.74334 -0.36527
-0.18895 -0.75994 -0.34869
-0.22105 -0.74731 -0.33212
-0.23622 -0.71286 -0.32526
-0.22556 -0.67675 -0.33212
-0.19951 -0.66054 -0.36347
-0.16842 -0.67548 -0.38006
-0.15581 -0.71095 -0.38693
-0.16907 -0.74618 -0.38006
-0.20043 -0.76054 -0.36347
-0.23152 -0.74561 -0.34689
-0.24412 -0.71013 -0.34002
-0.23086 -0.67490 -0.34689
-0.20410 -0.66063 -0.37886
-0.17421 -0.67775 -0.39554
-0.16419 -0.71403 -0.40244
-0.17992 -0.74822 -0.39554
-0.21218 -0.76030 -0.37886
-0.24208 -0.74319 -0.36219
-0.25209 -0.70690 -0.35529
-0.23636 -0.67271 -0.36219
-0.20917 -0.66034 -0.39488
-0.18063 -0.67949 -0.41171
-0.17320 -0.71638 -0.41868
-0.19124 -0.74940 -0.41171
-0.22419 -0.75921 -0.39488
-0.25273 -0.74006 -0.37805
-0.26015 -0.70317 -0.37109
-0.24211 -0.67015 -0.37805
-0.21476 -0.65961 -0.41154
-0.18769 -0.68061 -0.42858
-0.18282 -0.71791 -0.43564
-0.20301 -0.74965 -0.42858
-0.23642 -0.75723 -0.41154
-0.26349 -0.73623 -0.39449
-0.26835 -0.69893 -0.38743
-0.24817 -0.66720 -0.39449
-0.22091 -0.65835 -0.42884
-0.19541 -0.68103 -0.44617
-0.19304 -0.71855 -0.45334
-0.21518 -0.74892 -0.44617
-0.24887 -0.75436 -0.42884
-0.27436 -0.73169 -0.41152
-0.27673 -0.69417 -0.40434
-0.25459 -0.66380 -0.41152
-0.22764 -0.65649 -0.44681
-0.20379 -0.68065 -0.46447
-0.20383 -0.71821 -0.47179
-0.22775 -0.74718 -0.46447
-0.26153 -0.75058 -0.44681
-0.28538 -0.72642 -0.42915
-0.28534 -0.68885 -0.42184
-0.26142 -0.65989 -0.42915
-0.23499 -0.65394 -0.46546
-0.21282 -0.67938 -0.48350
-0.21518 -0.71684 -0.49098
-0.24069 -0.74437 -0.48350
-0.27441 -0.74584 -0.46546
-0.29657 -0.72040 -0.44741
-0.29421 -0.68294 -0.43994
-0.26870 -0.65541 -0.44741
-0.24296 -0.65061 -0.48477
-0.22250 -0.67715 -0.50325
-0.22707 -0.71436 -0.51091
-0.25400 -0.74045 -0.50325
-0.28751 -0.74013 -0.48477
-0.30797 -0.71359 -0.46629
-0.30340 -0.67638 -0.45864
-0.27647 -0.65029 -0.46629
-0.25156 -0.64641 -0.50477
-0.23282 -0.67386 -0.52373
-0.23949 -0.71071 -0.53158
-0.26767 -0.73538 -0.52373
-0.30086 -0.73341 -0.50477
-0.31960 -0.70596 -0.48581
-0.31293 -0.66911 -0.47796
-0.28475 -0.64444 -0.48581
-0.26081 -0.64124 -0.52545
-0.24377 -0.66943 -0.54493
-0.25242 -0.70582 -0.55299
-0.28171 -0.72910 -0.54493
-0.31446 -0.72563 -0.52545
-0.33151 -0.69744 -0.50597
-0.32285 -0.66105 -0.49790
-0.29357 -0.63777 -0.50597
-0.27070 -0.63502 -0.54679
-0.25534 -0.66378 -0.56683
-0.26587 -0.69963 -0.57512
-0.29611 -0.72156 -0.56683
-0.32835 -0.71673 -0.54679
-0.34372 -0.68797 -0.52676
-0.33319 -0.65212 -0.51846
-0.30295 -0.63019 -0.52676
-0.28124 -0.62765 -0.56880
-0.26753 -0.65683 -0.58942
-0.27981 -0.69205 -0.59796
-0.31088 -0.71269 -0.58942
-0.34255 -0.70665 -0.56880
-0.35626 -0.67748 -0.54817
-0.34398 -0.64225 -0.53963
-0.31290 -0.62161 -0.54817
-0.29241 -0.61904 -0.59144
-0.28032 -0.64848 -0.61268
-0.29425 -0.68302 -0.62148
-0.32604 -0.70243 -0.61268
-0.35707 -0.69533 -0.59144
-0.36916 -0.66588 -0.57020
-0.35523 -0.63134 -0.56140
-0.32344 -0.61194 -0.57020
-0.30422 -0.60909 -0.61469
-0.29370 -0.63866 -0.63659
-0.30918 -0.67246 -0.64566
-0.34158 -0.69070 -0.63659
-0.37193 -0.68267 -0.61469
-0.38244 -0.65310 -0.59280
-0.36696 -0.61930 -0.58373
-0.33456 -0.60107 -0.59280
-0.31665 -0.59769 -0.63853
-0.30768 -0.62727 -0.66110
-0.32461 -0.66029 -0.67044
-0.35753 -0.67742 -0.66110
-0.38715 -0.66862 -0.63853
-0.39613 -0.63904 -0.61596
-0.37920 -0.60602 -0.60661
-0.34628 -0.58889 -0.61596
-0.32971 -0.58476 -0.66289
-0.32223 -0.61420 -0.68616
-0.34052 -0.64641 -0.69580
-0.37388 -0.66250 -0.68616
-0.40276 -0.65306 -0.66289
-0.41024 -0.62361 -0.63963
-0.39195 -0.59141 -0.62999
-0.35859 -0.57532 -0.63963
-0.34339 -0.57018 -0.68774
-0.33735 -0.59938 -0.71173
-0.35693 -0.63073 -0.72166
-0.39064 -0.64586 -0.71173
-0.41875 -0.63591 -0.68774
-0.42478 -0.60671 -0.66375
-0.40521 -0.57536 -0.65381
-0.37149 -0.56023 -0.66375
-0.35766 -0.55386 -0.71300
-0.35303 -0.58269 -0.73773
-0.37381 -0.61315 -0.74797
-0.40782 -0.62739 -0.73773
-0.43514 -0.61707 -0.71300
-0.43977 -0.58823 -0.68827
-0.41899 -0.55777 -0.67803
-0.38498 -0.54353 -0.68827
-0.37252 -0.53568 -0.73859
-0.36926 -0.56404 -0.76407
-0.39117 -0.59359 -0.77463
-0.42542 -0.60701 -0.76407
-0.45194 -0.59644 -0.73859
-0.45520 -0.56808 -0.71310
-0.43329 -0.53854 -0.70255
-0.39904 -0.52511 -0.71310
-0.38795 -0.51554 -0.76441
-0.38602 -0.54332 -0.79066
-0.40900 -0.57193 -0.80154
-0.44343 -0.58460 -0.79066
-0.46914 -0.57392 -0.76441
-0.47108 -0.54615 -0.73816
-0.44810 -0.51754 -0.72729
-0.41367 -0.50487 -0.73816
-0.40394 -0.49335 -0.79036
-0.40329 -0.52043 -0.81739
-0.42727 -0.54807 -0.82859
-0.46184 -0.56007 -0.81739
-0.48675 -0.54941 -0.79036
-0.48740 -0.52233 -0.76333
-0.46341 -0.49469 -0.75214
-0.42884 -0.48269 -0.76333
-0.42045 -0.46899 -0.81631
-0.42105 -0.49527 -0.84412
-0.44598 -0.52192 -0.85564
-0.48065 -0.53332 -0.84412
-0.50474 -0.52280 -0.81631
-0.50414 -0.49652 -0.78850
-0.47920 -0.46988 -0.77698
-0.44454 -0.45847 -0.78850
-0.43745 -0.44238 -0.84211
-0.43927 -0.46775 -0.87070
-0.46510 -0.49337 -0.88255
-0.49983 -0.50424 -0.87070
-0.52310 -0.49400 -0.84211
-0.52129 -0.46863 -0.81351
-0.49545 -0.44301 -0.80166
-0.46073 -0.43213 -0.81351
-0.45492 -0.41342 -0.86759
-0.45791 -0.43776 -0.89697
-0.48460 -0.46234 -0.90913
-0.51936 -0.47276 -0.89697
-0.54182 -0.46291 -0.86759
-0.53883 -0.43857 -0.83821
-0.51214 -0.41400 -0.82604
-0.47738 -0.40358 -0.83821
-0.47281 -0.38204 -0.89256
-0.47695 -0.40524 -0.92271
-0.50445 -0.42874 -0.93520
-0.53920 -0.43878 -0.92271
-0.56085 -0.42947 -0.89256
-0.55671 -0.40627 -0.86241
-0.52922 -0.38276 -0.84992
-0.49446 -0.37273 -0.86241
-0.49107 -0.34817 -0.91682
-0.49632 -0.37012 -0.94773
-0.52459 -0.39251 -0.96053
-0.55932 -0.40224 -0.94773
-0.58016 -0.39359 -0.91682
-0.57491 -0.37164 -0.88592
-0.54665 -0.34925 -0.87311
-0.51192 -0.33952 -0.88592
-0.50965 -0.31176 -0.94014
-0.51598 -0.33234 -0.97177
-0.54498 -0.35360 -0.98488
-0.57966 -0.36308 -0.97177
-0.59971 -0.35523 -0.94014
-0.59338 -0.33465 -0.90850
-0.56438 -0.31339 -0.89540
-0.52970 -0.30391 -0.90850
-0.52848 -0.27278 -0.96225
-0.53585 -0.29187 -0.99459
-0.56555 -0.31196 -1.00798
-0.60016 -0.32127 -0.99459
-0.61943 -0.31435 -0.96225
-0.61205 -0.29526 -0.92992
-0.58236 -0.27518 -0.91652
-0.54774 -0.26587 -0.92992
-0.54748 -0.23123 -0.98290
-0.55587 -0.24871 -1.01590
-0.58623 -0.26758 -1.02956
-0.62077 -0.27680 -1.01590
-0.63925 -0.27095 -0.98290
-0.63086 -0.25347 -0.94991
-0.60050 -0.23460 -0.93624
-0.56597 -0.22539 -0.94991
-0.56657 -0.18714 -1.00179
-0.57595 -0.20288 -1.03538
-0.60694 -0.22050 -1.04930
-0.64139 -0.22968 -1.03538
-0.65911 -0.22504 -1.00179
-0.64973 -0.20930 -0.96819
-0.61875 -0.19168 -0.95427
-0.58430 -0.18250 -0.96819
-0.58567 -0.14055 -1.01860
-0.59600 -0.15443 -1.05274
-0.62759 -0.17076 -1.06688
-0.66193 -0.17997 -1.05274
-0.67891 -0.17668 -1.01860
-0.66858 -0.16280 -0.98446
-0.63699 -0.14647 -0.97033
-0.60265 -0.13726 -0.98446
-0.60465 -0.09157 -1.03302
-0.61590 -0.10346 -1.06762
-0.64806 -0.11845 -1.08195
-0.68230 -0.12776 -1.06762
-0.69856 -0.12595 -1.03302
-0.68731 -0.11407 -0.99843
-0.65515 -0.09907 -0.98410
-0.62091 -0.08976 -0.99843
-0.62342 -0.04034 -1.04472
-0.63554 -0.05011 -1.07968
-0.66824 -0.06371 -1.09416
-0.70237 -0.07319 -1.07968
-0.71794 -0.07299 -1.04472
-0.70582 -0.06322 -1.00976
-0.67311 -0.04962 -0.99528
-0.63898 -0.04014 -1.00976
-0.64183 0.01295 -1.05335
-0.65478 0.00544 -1.08857
-0.68801 -0.00673 -1.10316
-0.72203 -0.01642 -1.08857
-0.73693 -0.01797 -1.05335
-0.72397 -0.01045 -1.01814
-0.69075 0.00171 -1.00355
-0.65673 0.01141 -1.01814
-0.65975 0.06806 -1.05860
-0.67350 0.06293 -1.09394
-0.70720 0.05225 -1.10858
-0.74113 0.04229 -1.09394
-0.75540 0.03888 -1.05860
-0.74166 0.04402 -1.02326
-0.70795 0.05470 -1.00862
-0.67402 0.06465 -1.02326
-0.67705 0.12471 -1.06014
-0.69152 0.12207 -1.09546
-0.72568 0.11294 -1.11010
-0.75952 0.10268 -1.09546
-0.77321 0.09728 -1.06014
-0.75874 0.09992 -1.02481
-0.72457 0.10905 -1.01018
-0.69074 0.11932 -1.02481
-0.69355 0.18254 -1.05766
-0.70869 0.18251 -1.09281
-0.74328 0.17499 -1.10737
-0.77704 0.16439 -1.09281
-0.79021 0.15691 -1.05766
-0.77507 0.15694 -1.02252
-0.74048 0.16446 -1.00796
-0.70672 0.17506 -1.02252
-0.70910 0.24115 -1.05091
-0.72484 0.24384 -1.08569
-0.75980 0.23798 -1.10010
-0.79352 0.22702 -1.08569
-0.80623 0.21737 -1.05091
-0.79050 0.21469 -1.01613
-0.75553 0.22054 -1.00173
-0.72182 0.23150 -1.01613
-0.72354 0.30007 -1.03965
-0.73977 0.30557 -1.07387
-0.77508 0.30146 -1.08804
-0.80878 0.29014 -1.07387
-0.82113 0.27825 -1.03965
-0.80489 0.27275 -1.00544
-0.76958 0.27687 -0.99127
-0.73588 0.28818 -1.00544
-0.73668 0.35880 -1.02371
-0.75331 0.36719 -1.05714
-0.78891 0.36488 -1.07099
-0.82263 0.35324 -1.05714
-0.83471 0.33907 -1.02371
-0.81809 0.33068 -0.99028
-0.78249 0.33299 -0.97643
-0.74877 0.34464 -0.99028
-0.74837 0.41678 -1.00296
-0.76525 0.42812 -1.03537
-0.80108 0.42770 -1.04880
-0.83487 0.41577 -1.03537
-0.84683 0.39932 -1.00296
-0.82994 0.38798 -0.97054
-0.79411 0.38840 -0.95711
-0.76032 0.40033 -0.97054
-0.75843 0.47341 -0.97736
-0.77540 0.48774 -1.00852
-0.81140 0.48930 -1.02143
-0.84532 0.47717 -1.00852
-0.85730 0.45847 -0.97736
-0.84033 0.44413 -0.94620
-0.80433 0.44257 -0.93330
-0.77041 0.45470 -0.94620
-0.76671 0.52805 -0.94695
-0.78357 0.54540 -0.97661
-0.81963 0.54904 -0.98889
-0.85376 0.53686 -0.97661
-0.86597 0.51598 -0.94695
-0.84911 0.49863 -0.91730
-0.81305 0.49499 -0.90501
-0.77892 0.50717 -0.91730
-0.77306 0.58006 -0.91185
-0.78955 0.60041 -0.93975
-0.82555 0.60628 -0.95131
-0.85999 0.59423 -0.93975
-0.87268 0.57132 -0.91185
-0.85619 0.55097 -0.88394
-0.82019 0.54511 -0.87238
-0.78575 0.55716 -0.88394
-0.77738 0.62876 -0.87226
-0.79315 0.65208 -0.89818
-0.82894 0.66034 -0.90892
-0.86378 0.64871 -0.89818
-0.87726 0.62400 -0.87226
-0.86149 0.60068 -0.84634
-0.82570 0.59242 -0.83560
-0.79086 0.60405 -0.84634
-0.77957 0.67347 -0.82849
-0.79418 0.69969 -0.85222
-0.82952 0.71059 -0.86205
-0.86489 0.69978 -0.85222
-0.87957 0.67359 -0.82849
-0.86495 0.64737 -0.80475
-0.82961 0.63647 -0.79492
-0.79424 0.64728 -0.80475
-0.77961 0.71346 -0.78091
-0.79246 0.74249 -0.80229
-0.82701 0.75636 -0.81114
-0.86303 0.74694 -0.80229
-0.87941 0.71975 -0.78091
-0.86657 0.69073 -0.75954
-0.83202 0.67686 -0.75069
-0.79600 0.68628 -0.75954
-0.77759 0.74803 -0.73001
-0.78782 0.77968 -0.74892
-0.82105 0.79698 -0.75675
-0.85781 0.78978 -0.74892
-0.87657 0.76231 -0.73001
-0.86634 0.73065 -0.71110
-0.83312 0.71335 -0.70327
-0.79636 0.72055 -0.71110
-0.77380 0.77638 -0.67631
-0.78020 0.81034 -0.69274
-0.81122 0.83169 -0.69954
-0.84869 0.82792 -0.69274
-0.87066 0.80124 -0.67631
-0.86426 0.76728 -0.65987
-0.83324 0.74593 -0.65307
-0.79577 0.74970 -0.65987
-0.81493 0.86365 -0.63897
-0.84986 0.85210 -0.62844
-0.86433 0.82011 -0.61319
-0.84986 0.78644 -0.60217
-0.81493 0.77081 -0.60183
-0.78001 0.78237 -0.61236
-0.76554 0.81435 -0.62761
-0.78001 0.84802 -0.63863
-0.80521 0.88813 -0.57724
-0.83988 0.87607 -0.56645
-0.85425 0.84302 -0.55358
-0.83988 0.80833 -0.54619
-0.80521 0.79232 -0.54860
-0.77053 0.80438 -0.55940
-0.75617 0.83743 -0.57226
-0.77053 0.87213 -0.57965
-0.79309 0.90668 -0.51448
-0.82746 0.89398 -0.50345
-0.84170 0.86002 -0.49305
-0.82746 0.82469 -0.48937
-0.79309 0.80868 -0.49458
-0.75872 0.82139 -0.50561
-0.74448 0.85535 -0.51602
-0.75872 0.89068 -0.51969
-0.77866 0.91929 -0.45139
-0.81268 0.90580 -0.44018
-0.82676 0.87110 -0.43231
-0.81268 0.83552 -0.43239
-0.77866 0.81990 -0.44037
-0.74465 0.83339 -0.45158
-0.73056 0.86809 -0.45945
-0.74465 0.90367 -0.45937
-0.76202 0.92604 -0.38866
-0.79563 0.91163 -0.37737
-0.80955 0.87638 -0.37209
-0.79563 0.84093 -0.37590
-0.76202 0.82606 -0.38658
-0.72842 0.84048 -0.39787
-0.71450 0.87573 -0.40315
-0.72842 0.91117 -0.39934
-0.74330 0.92713 -0.32695
-0.77647 0.91168 -0.31571
-0.79020 0.87606 -0.31305
-0.77647 0.84113 -0.32053
-0.74330 0.82736 -0.33377
-0.71014 0.84281 -0.34500
-0.69641 0.87843 -0.34766
-0.71014 0.91335 -0.34018
-0.72266 0.92282 -0.26686
-0.75534 0.90626 -0.25582
-0.76888 0.87046 -0.25582
-0.75534 0.83641 -0.26684
-0.72266 0.82405 -0.28244
-0.68997 0.84061 -0.29347
-0.67643 0.87641 -0.29348
-0.68997 0.91046 -0.28245
-0.72371 0.82081 -0.22099
-0.68925 0.81910 -0.23756
-0.66124 0.84425 -0.24442
-0.65609 0.88155 -0.23756
-0.67681 0.90913 -0.22099
-0.71126 0.91085 -0.20443
-0.73927 0.88569 -0.19757
-0.74443 0.84839 -0.20443
-0.70364 0.81039 -0.16982
-0.67054 0.80626 -0.18858
-0.64081 0.82906 -0.19635
-0.63186 0.86545 -0.18858
-0.64895 0.89410 -0.16982
-0.68205 0.89824 -0.15107
-0.71178 0.87543 -0.14330
-0.72072 0.83904 -0.15107
-0.68101 0.79573 -0.12148
-0.64941 0.79030 -0.14237
-0.61872 0.81146 -0.15102
-0.60692 0.84682 -0.14237
-0.62093 0.87567 -0.12148
-0.65253 0.88110 -0.10060
-0.68322 0.85994 -0.09195
-0.69502 0.82458 -0.10060
-0.65645 0.77735 -0.07624
-0.62637 0.77139 -0.09913
-0.59519 0.79144 -0.10861
-0.58117 0.82577 -0.09913
-0.59254 0.85425 -0.07624
-0.62262 0.86021 -0.05335
-0.65380 0.84016 -0.04387
-0.66782 0.80583 -0.05335
-0.63043 0.75577 -0.03428
-0.60185 0.74983 -0.05902
-0.57047 0.76919 -0.06926
-0.55468 0.80251 -0.05902
-0.56373 0.83027 -0.03428
-0.59232 0.83621 -0.00954
-0.62370 0.81684 0.00071
-0.63948 0.78352 -0.00954
-0.60333 0.73152 0.00429
-0.57619 0.72599 -0.02212
-0.54481 0.74497 -0.03307
-0.52757 0.77733 -0.02212
-0.53456 0.80412 0.00429
-0.56169 0.80965 0.03070
-0.59307 0.79068 0.04164
-0.61032 0.75832 0.03070
-0.57544 0.70513 0.03942
-0.54971 0.70027 0.01151
-0.51845 0.71909 -0.00005
-0.49998 0.75054 0.01151
-0.50512 0.77622 0.03942
-0.53085 0.78108 0.06732
-0.56211 0.76227 0.07888
-0.58058 0.73081 0.06732
-0.54705 0.67706 0.07113
-0.52267 0.67306 0.04191
-0.49162 0.69187 0.02981
-0.47210 0.72248 0.04191
-0.47554 0.74695 0.07113
-0.49992 0.75095 0.10035
-0.53097 0.73213 0.11246
-0.55049 0.70153 0.10035
-0.51839 0.64774 0.09951
-0.49530 0.64471 0.06915
-0.46452 0.66365 0.05657
-0.44408 0.69346 0.06915
-0.44595 0.71668 0.09951
-0.46905 0.71970 0.12988
-0.49983 0.70076 0.14245
-0.52027 0.67095 0.12988
-0.48967 0.61756 0.12468
-0.46781 0.61558 0.09333
-0.43733 0.63473 0.08035
-0.41608 0.66378 0.09333
-0.41651 0.68573 0.12468
-0.43837 0.68771 0.15602
-0.46885 0.66856 0.16901
-0.49010 0.63951 0.15602
-0.46107 0.58687 0.14678
-0.44038 0.58596 0.11460
-0.41022 0.60537 0.10127
-0.38824 0.63372 0.11460
-0.38733 0.65441 0.14678
-0.40802 0.65532 0.17896
-0.43819 0.63591 0.19229
-0.46016 0.60756 0.17896
-0.43276 0.55596 0.16601
-0.41318 0.55613 0.13313
-0.38334 0.57584 0.11951
-0.36071 0.60353 0.13313
-0.35855 0.62299 0.16601
-0.37812 0.62281 0.19889
-0.40797 0.60311 0.21251
-0.43060 0.57542 0.19889
-0.40487 0.52509 0.18257
-0.38634 0.52632 0.14911
-0.35682 0.54633 0.13525
-0.33359 0.57340 0.14911
-0.33026 0.59167 0.18257
-0.34879 0.59044 0.21603
-0.37832 0.57043 0.22989
-0.40155 0.54336 0.21603
-0.37754 0.49446 0.19667
-0.35999 0.49671 0.16273
-0.33077 0.51704 0.14868
-0.30699 0.54352 0.16273
-0.30258 0.56065 0.19667
-0.32013 0.55840 0.23060
-0.34935 0.53808 0.24466
-0.37313 0.51159 0.23060
-0.35086 0.46425 0.20852
-0.33423 0.46748 0.17421
-0.30530 0.48810 0.16000
-0.28101 0.51403 0.17421
-0.27559 0.53008 0.20852
-0.29222 0.52685 0.24284
-0.32115 0.50623 0.25705
-0.34544 0.48030 0.24284
-0.32493 0.43460 0.21836
-0.30915 0.43875 0.18374
-0.28048 0.45965 0.16940
-0.25571 0.48506 0.18374
-0.24935 0.50008 0.21836
-0.26513 0.49593 0.25297
-0.29380 0.47503 0.26731
-0.31857 0.44962 0.25297
-0.29980 0.40560 0.22638
-0.28480 0.41062 0.19153
-0.25637 0.43177 0.17709
-0.23115 0.45668 0.19153
-0.22393 0.47074 0.22638
-0.23892 0.46573 0.26122
-0.26736 0.44457 0.27566
-0.29257 0.41967 0.26122
-0.27555 0.37735 0.23279
-0.26126 0.38316 0.19777
-0.23303 0.40453 0.18326
-0.20739 0.42896 0.19777
-0.19936 0.44212 0.23279
-0.21364 0.43631 0.26781
-0.24187 0.41494 0.28232
-0.26752 0.39051 0.26781
-0.25220 0.34989 0.23779
-0.23856 0.35642 0.20264
-0.21050 0.37798 0.18808
-0.18445 0.40194 0.20264
-0.17568 0.41427 0.23779
-0.18932 0.40773 0.27295
-0.21738 0.38617 0.28751
-0.24343 0.36221 0.27295
-0.22979 0.32326 0.24157
-0.21672 0.33044 0.20633
-0.18879 0.35215 0.19173
-0.16236 0.37566 0.20633
-0.15291 0.38720 0.24157
-0.16598 0.38001 0.27681
-0.19391 0.35831 0.29141
-0.22035 0.33480 0.27681
-0.20834 0.29747 0.24429
-0.19578 0.30524 0.20899
-0.16794 0.32705 0.19437
-0.14114 0.35012 0.20899
-0.13107 0.36094 0.24429
-0.14364 0.35317 0.27959
-0.17147 0.33136 0.29421
-0.19828 0.30829 0.27959
-0.18786 0.27253 0.24611
-0.17572 0.28082 0.21077
-0.14794 0.30269 0.19614
-0.12078 0.32533 0.21077
-0.11016 0.33548 0.24611
-0.12229 0.32719 0.28144
-0.15007 0.30532 0.29608
-0.17723 0.28268 0.28144
-0.16834 0.24843 0.24717
-0.15657 0.25716 0.21182
-0.12880 0.27905 0.19718
-0.10129 0.30126 0.21182
-0.09017 0.31080 0.24717
-0.10194 0.30207 0.28252
-0.12971 0.28018 0.29717
-0.15721 0.25797 0.28252
-0.14977 0.22516 0.24761
-0.13830 0.23426 0.21226
-0.11050 0.25612 0.19761
-0.08267 0.27792 0.21226
-0.07109 0.28689 0.24761
-0.08256 0.27779 0.28297
-0.11036 0.25593 0.29761
-0.13819 0.23414 0.28297
-0.13213 0.20269 0.24755
-0.12090 0.21210 0.21220
-0.09304 0.23388 0.19755
-0.06488 0.25526 0.21220
-0.05292 0.26373 0.24755
-0.06416 0.25432 0.28290
-0.09202 0.23255 0.29754
-0.12017 0.21116 0.28290
-0.11542 0.18100 0.24708
-0.10435 0.19065 0.21174
-0.07640 0.21230 0.19710
-0.04793 0.23327 0.21174
-0.03563 0.24129 0.24708
-0.04670 0.23164 0.28242
-0.07465 0.20999 0.29706
-0.10312 0.18901 0.28242
-0.09959 0.16006 0.24630
-0.08863 0.16987 0.21098
-0.06054 0.19135 0.19634
-0.03179 0.21192 0.21098
-0.01920 0.21953 0.24630
-0.03016 0.20972 0.28163
-0.05824 0.18824 0.29627
-0.08700 0.16767 0.28163
-0.08462 0.13983 0.24531
-0.07371 0.14974 0.20999
-0.04546 0.17101 0.19536
-0.01642 0.19118 0.20999
-0.00360 0.19844 0.24531
-0.01451 0.18853 0.28063
-0.04275 0.16726 0.29526
-0.07180 0.14709 0.28063
-0.07048 0.12028 0.24417
-0.05957 0.13022 0.20886
-0.03112 0.15123 0.19423
-0.00181 0.17102 0.20886
0.01120 0.17798 0.24417
0.00029 0.16804 0.27948
-0.02815 0.14703 0.29410
-0.05746 0.12725 0.27948
-0.05712 0.10138 0.24294
-0.04616 0.11128 0.20764
-0.01750 0.13200 0.19302
0.01207 0.15140 0.20764
0.02522 0.15813 0.24294
0.01426 0.14823 0.27825
-0.01440 0.12751 0.29287
-0.04397 0.10810 0.27825
-0.04451 0.08309 0.24170
-0.03345 0.09289 0.20640
-0.00455 0.11327 0.19177
0.02525 0.13231 0.20640
0.03851 0.13884 0.24170
0.02744 0.12905 0.27700
-0.00146 0.10866 0.29162
-0.03126 0.08963 0.27700
-0.03262 0.06539 0.24048
-0.02141 0.07501 0.20517
0.00774 0.09502 0.19055
0.03777 0.11371 0.20517
0.05108 0.12011 0.24048
0.03987 0.11049 0.27578
0.01072 0.09048 0.29040
-0.01931 0.07179 0.27578
-0.02139 0.04822 0.23933
-0.01000 0.05761 0.20402
0.01942 0.07722 0.18939
0.04965 0.09557 0.20402
0.06298 0.10191 0.23933
0.05159 0.09253 0.27464
0.02216 0.07291 0.28926
-0.00806 0.05456 0.27464
-0.01079 0.03158 0.23829
0.00081 0.04066 0.20297
0.03052 0.05985 0.18834
0.06093 0.07789 0.20297
0.07423 0.08422 0.23829
0.06263 0.07513 0.27360
0.03293 0.05595 0.28823
0.00251 0.03791 0.27360
-0.00078 0.01542 0.23739
0.01106 0.02414 0.20206
0.04106 0.04287 0.18742
0.07163 0.06062 0.20206
0.08488 0.06701 0.23739
0.07304 0.05829 0.27272
0.04304 0.03957 0.28735
0.01246 0.02181 0.27272
0.00868 -0.00028 0.23666
0.02079 0.00802 0.20132
0.05108 0.02626 0.18668
0.08180 0.04376 0.20132
0.09496 0.05027 0.23666
0.08284 0.04198 0.27200
0.05256 0.02373 0.28664
0.02183 0.00623 0.27200
0.01762 -0.01555 0.23612
0.03003 -0.00773 0.20077
0.06061 0.01001 0.18613
0.09145 0.02730 0.20077
0.10449 0.03399 0.23612
0.09209 0.02618 0.27147
0.06151 0.00844 0.28611
0.03066 -0.00885 0.27147
0.02610 -0.03041 0.23580
0.03882 -0.02313 0.20045
0.06968 -0.00590 0.18580
0.10063 0.01121 0.20045
0.11352 0.01816 0.23580
0.10081 0.01089 0.27116
0.06994 -0.00635 0.28580
0.03899 -0.02345 0.27116
0.03415 -0.04488 0.23571
0.04718 -0.03820 0.20036
0.07834 -0.02148 0.18571
0.10936 -0.00452 0.20036
0.12207 0.00276 0.23571
0.10904 -0.00392 0.27107
0.07788 -0.02064 0.28571
0.04686 -0.03761 0.27107
0.04180 -0.05899 0.23587
0.05517 -0.05295 0.20053
0.08660 -0.03676 0.18589
0.11767 -0.01988 0.20053
0.13019 -0.01222 0.23587
0.11681 -0.01826 0.27121
0.08538 -0.03446 0.28585
0.05431 -0.05133 0.27121
0.04908 -0.07275 0.23629
0.06280 -0.06741 0.20096
0.09450 -0.05173 0.18633
0.12560 -0.03490 0.20096
0.13789 -0.02679 0.23629
0.12417 -0.03213 0.27161
0.09247 -0.04781 0.28624
0.06137 -0.06464 0.27161
0.05604 -0.08619 0.23697
0.07012 -0.08158 0.20169
0.10207 -0.06641 0.18707
0.13317 -0.04958 0.20169
0.14521 -0.04094 0.23697
0.13113 -0.04555 0.27225
0.09918 -0.06072 0.28687
0.06807 -0.07755 0.27225
0.06270 -0.09931 0.23794
0.07715 -0.09547 0.20271
0.10934 -0.08081 0.18812
0.14042 -0.06391 0.20271
0.15219 -0.05469 0.23794
0.13774 -0.05853 0.27316
0.10554 -0.07319 0.28775
0.07446 -0.09008 0.27316
0.06909 -0.11214 0.23919
0.08392 -0.10910 0.20404
0.11635 -0.09492 0.18948
0.14738 -0.07791 0.20404
0.15884 -0.06803 0.23919
0.14401 -0.07107 0.27433
0.11159 -0.08524 0.28889
0.08055 -0.10225 0.27433
0.07525 -0.12467 0.24073
0.09047 -0.12247 0.20568
0.12311 -0.10876 0.19116
0.15407 -0.09157 0.20568
0.16520 -0.08097 0.24073
0.14999 -0.08318 0.27577
0.11734 -0.09689 0.29029
0.08639 -0.11407 0.27577
0.08121 -0.13693 0.24256
0.09682 -0.13559 0.20765
0.12967 -0.12232 0.19318
0.16052 -0.10489 0.20765
0.17130 -0.09352 0.24256
0.15569 -0.09486 0.27748
0.12283 -0.10813 0.29194
0.09199 -0.12556 0.27748
0.08699 -0.14892 0.24470
0.10301 -0.14845 0.20995
0.13605 -0.13559 0.19555
0.16676 -0.11787 0.20995
0.17715 -0.10566 0.24470
0.16113 -0.10613 0.27945
0.12809 -0.11899 0.29384
0.09738 -0.13672 0.27945
0.09262 -0.16065 0.24714
0.10906 -0.16107 0.21258
0.14228 -0.14858 0.19827
0.17282 -0.13050 0.21258
0.18278 -0.11741 0.24714
0.16634 -0.11699 0.28169
0.13312 -0.12947 0.29600
0.10258 -0.14756 0.28169
0.09812 -0.17213 0.24988
0.11501 -0.17345 0.21557
0.14839 -0.16129 0.20135
0.17872 -0.14278 0.21557
0.18822 -0.12875 0.24988
0.17133 -0.12743 0.28419
0.13795 -0.13959 0.29841
0.10762 -0.15810 0.28419
0.10353 -0.18336 0.25293
0.12088 -0.18557 0.21890
0.15442 -0.17370 0.20480
0.18449 -0.15469 0.21890
0.19349 -0.13969 0.25293
0.17613 -0.13748 0.28697
0.14260 -0.14935 0.30107
0.11252 -0.16835 0.28697
0.10886 -0.19434 0.25629
0.12670 -0.19744 0.22258
0.16038 -0.18580 0.20862
0.19016 -0.16624 0.22258
0.19860 -0.15022 0.25629
0.18075 -0.14712 0.29001
0.14708 -0.15876 0.30397
0.11730 -0.17832 0.29001
0.11414 -0.20509 0.25997
0.13250 -0.20905 0.22663
0.16630 -0.19759 0.21282
0.19574 -0.17741 0.22663
0.20357 -0.16033 0.25997
0.18521 -0.15637 0.29331
0.15141 -0.16783 0.30712
0.12197 -0.18801 0.29331
0.11941 -0.21560 0.26395
0.13832 -0.22040 0.23103
0.17222 -0.20904 0.21740
0.20126 -0.18818 0.23103
0.20842 -0.17002 0.26395
0.18950 -0.16522 0.29687
0.15560 -0.17658 0.31051
0.12656 -0.19745 0.29687
0.12467 -0.22587 0.26825
0.14417 -0.23148 0.23580
0.17816 -0.22015 0.22236
0.20674 -0.19854 0.23580
0.21316 -0.17929 0.26825
0.19366 -0.17368 0.30070
0.15966 -0.18501 0.31414
0.13109 -0.20662 0.30070
0.12996 -0.23591 0.27287
0.15009 -0.24226 0.24094
0.18415 -0.23090 0.22772
0.21220 -0.20847 0.24094
0.21780 -0.18812 0.27287
0.19767 -0.18176 0.30479
0.16361 -0.19313 0.31801
0.13556 -0.21556 0.30479
0.13531 -0.24572 0.27780
0.15611 -0.25275 0.24645
0.19022 -0.24125 0.23347
0.21766 -0.21795 0.24645
0.22235 -0.19650 0.27780
0.20155 -0.18947 0.30914
0.16744 -0.20097 0.32212
0.14000 -0.22427 0.30914
0.14073 -0.25529 0.28304
0.16225 -0.26293 0.25233
0.19638 -0.25119 0.23961
0.22313 -0.22696 0.25233
0.22683 -0.20443 0.28304
0.20531 -0.19679 0.31375
0.17118 -0.20853 0.32647
0.14443 -0.23276 0.31375
0.14626 -0.26463 0.28861
0.16855 -0.27277 0.25858
0.20267 -0.26069 0.24615
0.22862 -0.23547 0.25858
0.23122 -0.21189 0.28861
0.20893 -0.20375 0.31864
0.17482 -0.21583 0.33107
0.14886 -0.24105 0.31864
0.15193 -0.27373 0.29449
0.17504 -0.28225 0.26520
0.20909 -0.26971 0.25307
0.23415 -0.24346 0.26520
0.23554 -0.21887 0.29449
0.21243 -0.21036 0.32379
0.17838 -0.22290 0.33592
0.15331 -0.24915 0.32379
0.15777 -0.28259 0.30070
0.18174 -0.29135 0.27218
0.21569 -0.27822 0.26037
0.23973 -0.25089 0.27218
0.23978 -0.22537 0.30070
0.21581 -0.21661 0.32922
0.18186 -0.22974 0.34103
0.15782 -0.25707 0.32922
0.16381 -0.29120 0.30723
0.18869 -0.30004 0.27952
0.22246 -0.28617 0.26805
0.24534 -0.25773 0.27952
0.24393 -0.23136 0.30723
0.21905 -0.22253 0.33493
0.18528 -0.23639 0.34640
0.16240 -0.26484 0.33493
0.17009 -0.29955 0.31407
0.19591 -0.30828 0.28722
0.22943 -0.29354 0.27609
0.25100 -0.26395 0.28722
0.24799 -0.23685 0.31407
0.22216 -0.22812 0.34093
0.18865 -0.24287 0.35206
0.16708 -0.27246 0.34093
0.17664 -0.30763 0.32125
0.20344 -0.31604 0.29526
0.23659 -0.30025 0.28449
0.25668 -0.26951 0.29526
0.25194 -0.24183 0.32125
0.22514 -0.23341 0.34724
0.19198 -0.24920 0.35800
0.17189 -0.27994 0.34724
0.18351 -0.31541 0.32874
0.21129 -0.32327 0.30363
0.24397 -0.30628 0.29323
0.26239 -0.27439 0.30363
0.25576 -0.24628 0.32874
0.22798 -0.23842 0.35386
0.19531 -0.25542 0.36426
0.17689 -0.28731 0.35386
0.19074 -0.32288 0.33656
0.21950 -0.32992 0.31232
0.25154 -0.31156 0.30228
0.26808 -0.27854 0.31232
0.25945 -0.25022 0.33656
0.23068 -0.24318 0.36080
0.19865 -0.26154 0.37084
0.18210 -0.29456 0.36080
0.19837 -0.32999 0.34470
0.22807 -0.33594 0.32132
0.25929 -0.31604 0.31163
0.27374 -0.28196 0.32132
0.26296 -0.25365 0.34470
0.23326 -0.24770 0.36809
0.20204 -0.26760 0.37778
0.18759 -0.30168 0.36809
0.20644 -0.33670 0.35317
0.23701 -0.34126 0.33060
0.26720 -0.31968 0.32126
0.27933 -0.28461 0.33060
0.26629 -0.25659 0.35317
0.23573 -0.25203 0.37574
0.20553 -0.27361 0.38509
0.19340 -0.30868 0.37574
0.21499 -0.34295 0.36196
0.24631 -0.34582 0.34016
0.27523 -0.32244 0.33113
0.28480 -0.28650 0.34016
0.26943 -0.25907 0.36196
0.23811 -0.25620 0.38376
0.20919 -0.27958 0.39279
0.19961 -0.31551 0.38376
0.22403 -0.34867 0.37108
0.25595 -0.34956 0.34998
0.28332 -0.32428 0.34124
0.29012 -0.28765 0.34998
0.27236 -0.26112 0.37108
0.24045 -0.26023 0.39218
0.21307 -0.28551 0.40092
0.20627 -0.32214 0.39218
0.23359 -0.35377 0.38051
0.26588 -0.35241 0.36003
0.29141 -0.32520 0.35154
0.29523 -0.28808 0.36003
0.27509 -0.26280 0.38051
0.24280 -0.26416 0.40100
0.21726 -0.29137 0.40948
0.21345 -0.32849 0.40100
0.24363 -0.35818 0.39027
0.27605 -0.35434 0.37030
0.29944 -0.32521 0.36202
0.30011 -0.28785 0.37030
0.27766 -0.26415 0.39027
0.24525 -0.26799 0.41024
0.22185 -0.29712 0.41851
0.22118 -0.33448 0.41024
0.25414 -0.36179 0.40033
0.28638 -0.35530 0.38077
0.30734 -0.32433 0.37266
0.30475 -0.28702 0.38077
0.28012 -0.26523 0.40033
0.24788 -0.27172 0.41990
0.22692 -0.30269 0.42801
0.22951 -0.34000 0.41990
0.26503 -0.36453 0.41071
0.29677 -0.35530 0.39143
0.31505 -0.32264 0.38344
0.30916 -0.28568 0.39143
0.28255 -0.26607 0.41071
0.25081 -0.27530 0.43000
0.23253 -0.30796 0.43799
0.23842 -0.34492 0.43000
0.27625 -0.36633 0.42140
0.30715 -0.35435 0.40227
0.32253 -0.32021 0.39435
0.31336 -0.28391 0.40227
0.28503 -0.26671 0.42140
0.25412 -0.27869 0.44053
0.23875 -0.31283 0.44845
0.24791 -0.34913 0.44053
0.28768 -0.36714 0.43239
0.31743 -0.35249 0.41329
0.32976 -0.31714 0.40538
0.31743 -0.28178 0.41329
0.28767 -0.26714 0.43239
0.25792 -0.28179 0.45148
0.24559 -0.31714 0.45939
0.25792 -0.35250 0.45148
0.29924 -0.36695 0.44366
0.32756 -0.34979 0.42448
0.33675 -0.31351 0.41653
0.32144 -0.27935 0.42448
0.29058 -0.26733 0.44366
0.26226 -0.28449 0.46285
0.25307 -0.32077 0.47079
0.26838 -0.35493 0.46285
0.31084 -0.36577 0.45522
0.33749 -0.34632 0.43583
0.34355 -0.30940 0.42780
0.32548 -0.27663 0.43583
0.29386 -0.26722 0.45522
0.26721 -0.28667 0.47461
0.26114 -0.32359 0.48264
0.27921 -0.35635 0.47461
0.32241 -0.36361 0.46705
0.34721 -0.34213 0.44735
0.35021 -0.30486 0.43919
0.32965 -0.27364 0.44735
0.29757 -0.26674 0.46705
0.27277 -0.28822 0.48674
0.26977 -0.32549 0.49490
0.29033 -0.35672 0.48674
0.33392 -0.36051 0.47913
0.35675 -0.33729 0.45904
0.35680 -0.29994 0.45071
0.33402 -0.27033 0.45904
0.30177 -0.26582 0.47913
0.27893 -0.28904 0.49923
0.27889 -0.32639 0.50756
0.30167 -0.35599 0.49923
0.34533 -0.35650 0.49146
0.36613 -0.33184 0.47088
0.36337 -0.29463 0.46235
0.33867 -0.26668 0.47088
0.30649 -0.26435 0.49146
0.28568 -0.28901 0.51204
0.28844 -0.32622 0.52056
0.31315 -0.35417 0.51204
0.35665 -0.35161 0.50401
0.37539 -0.32579 0.48288
0.37000 -0.28893 0.47413
0.34363 -0.26262 0.48288
0.31173 -0.26226 0.50401
0.29298 -0.28808 0.52514
0.29837 -0.32494 0.53389
0.32474 -0.35126 0.52514
0.36787 -0.34586 0.51676
0.38458 -0.31916 0.49502
0.37674 -0.28280 0.48602
0.34895 -0.25808 0.49502
0.31748 -0.25948 0.51676
0.30078 -0.28618 0.53849
0.30861 -0.32254 0.54750
0.33640 -0.34726 0.53849
0.37902 -0.33926 0.52969
0.39373 -0.31193 0.50730
0.38363 -0.27620 0.49803
0.35464 -0.25300 0.50730
0.32374 -0.25592 0.52969
0.30903 -0.28325 0.55207
0.31913 -0.31898 0.56134
0.34812 -0.34218 0.55207
0.39011 -0.33181 0.54276
0.40289 -0.30408 0.51970
0.39071 -0.26908 0.51014
0.36072 -0.24732 0.51970
0.33048 -0.25154 0.54276
0.31771 -0.27927 0.56583
0.32988 -0.31427 0.57539
0.35987 -0.33603 0.56583
0.40118 -0.32352 0.55596
0.41208 -0.29559 0.53218
0.39800 -0.26140 0.52233
0.36717 -0.24097 0.53218
0.33766 -0.24628 0.55596
0.32676 -0.27421 0.57974
0.34084 -0.30840 0.58959
0.37167 -0.32882 0.57974
0.41223 -0.31436 0.56925
0.42135 -0.28642 0.54474
0.40551 -0.25309 0.53459
0.37399 -0.23391 0.54474
0.34526 -0.24010 0.56925
0.33615 -0.26804 0.59376
0.35199 -0.30136 0.60391
0.38350 -0.32055 0.59376
0.42329 -0.30432 0.58259
0.43070 -0.27654 0.55733
0.41325 -0.24412 0.54688
0.38117 -0.22607 0.55733
0.35325 -0.23295 0.58259
0.34585 -0.26074 0.60784
0.36329 -0.29315 0.61829
0.39537 -0.31121 0.60784
0.43438 -0.29339 0.59593
0.44015 -0.26591 0.56993
0.42122 -0.23444 0.55916
0.38868 -0.21742 0.56993
0.36159 -0.22482 0.59593
0.35582 -0.25230 0.62192
0.37475 -0.28377 0.63269
0.40729 -0.30079 0.62192
0.44550 -0.28154 0.60923
0.44972 -0.25449 0.58248
0.42943 -0.22400 0.57140
0.39652 -0.20791 0.58248
0.37027 -0.21566 0.60923
0.36605 -0.24270 0.63597
0.38634 -0.27320 0.64705
0.41925 -0.28929 0.63597
0.45667 -0.26874 0.62244
0.45940 -0.24226 0.59495
0.43785 -0.21276 0.58356
0.40465 -0.19751 0.59495
0.37924 -0.20546 0.62244
0.37651 -0.23194 0.64993
0.39805 -0.26145 0.66132
0.43126 -0.27669 0.64993
0.46788 -0.25499 0.63551
0.46919 -0.22918 0.60728
0.44648 -0.20069 0.59559
0.41305 -0.18619 0.60728
0.38848 -0.19419 0.63551
0.38716 -0.22000 0.66373
0.40987 -0.24850 0.67543
0.44330 -0.26299 0.66373
0.47913 -0.24025 0.64837
0.47909 -0.21523 0.61942
0.45530 -0.18776 0.60743
0.42170 -0.17393 0.61942
0.39796 -0.18185 0.64837
0.39799 -0.20688 0.67732
0.42178 -0.23435 0.68931
0.45539 -0.24817 0.67732
0.49042 -0.22453 0.66096
0.48910 -0.20038 0.63130
0.46430 -0.17394 0.61902
0.43057 -0.16070 0.63130
0.40765 -0.16842 0.66096
0.40897 -0.19256 0.69062
0.43376 -0.21900 0.70291
0.46750 -0.23224 0.69062
0.50174 -0.20779 0.67321
0.49919 -0.18462 0.64287
0.47346 -0.15923 0.63029
0.43963 -0.14650 0.64287
0.41752 -0.15389 0.67321
0.42007 -0.17706 0.70356
0.44580 -0.20244 0.71613
0.47963 -0.21517 0.70356
0.51309 -0.19004 0.68505
0.50935 -0.16794 0.65404
0.48274 -0.14361 0.64119
0.44885 -0.13132 0.65404
0.42753 -0.13826 0.68505
0.43127 -0.16037 0.71607
0.45788 -0.18469 0.72891
0.49177 -0.19698 0.71607
0.52443 -0.17127 0.69640
0.51955 -0.15033 0.66475
0.49213 -0.12708 0.65164
0.45821 -0.11516 0.66475
0.43767 -0.12155 0.69640
0.44254 -0.14250 0.72806
0.46997 -0.16574 0.74117
0.50389 -0.17766 0.72806
0.53575 -0.15150 0.70718
0.52979 -0.13179 0.67492
0.50159 -0.10964 0.66156
0.46766 -0.09803 0.67492
0.44788 -0.10375 0.70718
0.45384 -0.12346 0.73944
0.48204 -0.14561 0.75280
0.51597 -0.15722 0.73944
0.54702 -0.13072 0.71730
0.54002 -0.11234 0.68447
0.51109 -0.09130 0.67088
0.47718 -0.07994 0.68447
0.45814 -0.08489 0.71730
0.46514 -0.10328 0.75013
0.49407 -0.12431 0.76372
0.52799 -0.13568 0.75013
0.55823 -0.10897 0.72667
0.55023 -0.09200 0.69332
0.52061 -0.07209 0.67950
0.48672 -0.06091 0.69332
0.46841 -0.06501 0.72667
0.47641 -0.08198 0.76002
0.50603 -0.10188 0.77384
0.53992 -0.11306 0.76002
0.56933 -0.08626 0.73520
0.56037 -0.07079 0.70137
0.53010 -0.05203 0.68735
0.49625 -0.04099 0.70137
0.47864 -0.04412 0.73520
0.48760 -0.05960 0.76903
0.51787 -0.07835 0.78305
0.55172 -0.08940 0.76903
0.58029 -0.06265 0.74280
0.57042 -0.04875 0.70854
0.53953 -0.03117 0.69435
0.50572 -0.02021 0.70854
0.48880 -0.02229 0.74280
0.49868 -0.03619 0.77706
0.52956 -0.05376 0.79125
0.56337 -0.06472 0.77706
0.59108 -0.03816 0.74938
0.58033 -0.02593 0.71475
0.54886 -0.00955 0.70040
0.51510 0.00137 0.71475
0.49884 0.00044 0.74938
0.50959 -0.01180 0.78400
0.54106 -0.02817 0.79835
0.57482 -0.03909 0.78400
0.60166 -0.01288 0.75483
0.59006 -0.00238 0.71990
0.55804 0.01276 0.70543
0.52434 0.02369 0.71990
0.50870 0.02400 0.75483
0.52030 0.01351 0.78976
0.55232 -0.00164 0.80423
0.58603 -0.01257 0.78976
0.61197 0.01315 0.75908
0.59958 0.02181 0.72392
0.56703 0.03570 0.70936
0.53338 0.04667 0.72392
0.51835 0.04830 0.75908
0.53074 0.03964 0.79423
0.56330 0.02576 0.80879
0.59694 0.01479 0.79423
0.62198 0.03984 0.76202
0.60884 0.04659 0.72672
0.57579 0.05918 0.71210
0.54220 0.07023 0.72672
0.52773 0.07326 0.76202
0.54088 0.06651 0.79732
0.57393 0.05393 0.81194
0.60752 0.04288 0.79732
0.63164 0.06709 0.76358
0.61779 0.07185 0.72823
0.58427 0.08310 0.71358
0.55072 0.09426 0.72823
0.53679 0.09878 0.76358
0.55064 0.09402 0.79894
0.58416 0.08277 0.81358
0.61771 0.07161 0.79894
0.64089 0.09480 0.76368
0.62639 0.09749 0.72837
0.59243 0.10738 0.71375
0.55892 0.11866 0.72837
0.54548 0.12474 0.76368
0.55998 0.12205 0.79899
0.59394 0.11217 0.81362
0.62745 0.10088 0.79899
0.64969 0.12287 0.76225
0.63459 0.12342 0.72709
0.60023 0.13188 0.71253
0.56673 0.14331 0.72709
0.55373 0.15101 0.76225
0.56883 0.15047 0.79741
0.60319 0.14200 0.81197
0.63669 0.13057 0.79741
0.65798 0.15117 0.75923
0.64234 0.14950 0.72434
0.60761 0.15650 0.70989
0.57412 0.16808 0.72434
0.56150 0.17746 0.75923
0.57713 0.17914 0.79411
0.61187 0.17213 0.80856
0.64535 0.16055 0.79411
0.66571 0.17957 0.75456
0.64961 0.17561 0.72006
0.61454 0.18110 0.70578
0.58103 0.19283 0.72006
0.56872 0.20393 0.75456
0.58481 0.20789 0.78905
0.61989 0.20240 0.80333
0.65339 0.19067 0.78905
0.67282 0.20794 0.74821
0.65635 0.20162 0.71425
0.62097 0.20554 0.70018
0.58742 0.21740 0.71425
0.57534 0.23026 0.74821
0.59181 0.23658 0.78217
0.62718 0.23266 0.79623
0.66074 0.22080 0.78217
0.67926 0.23613 0.74015
0.66251 0.22740 0.70687
0.62689 0.22969 0.69308
0.59325 0.24165 0.70687
0.58131 0.25628 0.74015
0.59806 0.26501 0.77344
0.63368 0.26272 0.78722
0.66732 0.25076 0.77344
0.68498 0.26400 0.73039
0.66807 0.25282 0.69793
0.63225 0.25340 0.68448
0.59849 0.26541 0.69793
0.58658 0.28181 0.73039
0.60349 0.29300 0.76285
0.63931 0.29241 0.77629
0.67306 0.28040 0.76285
0.68992 0.29141 0.71892
0.67299 0.27773 0.68744
0.63704 0.27654 0.67441
0.60311 0.28852 0.68744
0.59109 0.30667 0.71892
0.60802 0.32034 0.75040
0.64398 0.32154 0.76344
0.67791 0.30955 0.75040
0.69404 0.31822 0.70578
0.67725 0.30202 0.67544
0.64124 0.29896 0.66288
0.60709 0.31081 0.67544
0.59482 0.33065 0.70578
0.61160 0.34684 0.73612
0.64762 0.34991 0.74869
0.68177 0.33805 0.73612
0.69728 0.34430 0.69101
0.68084 0.32557 0.66197
0.64486 0.32053 0.64994
0.61043 0.33211 0.66197
0.59771 0.35355 0.69101
0.61416 0.37227 0.72005
0.65013 0.37732 0.73208
0.68457 0.36573 0.72005
0.69959 0.36953 0.67468
0.68373 0.34828 0.64709
0.64792 0.34113 0.63566
0.61313 0.35226 0.64709
0.59975 0.37516 0.67468
0.61562 0.39641 0.70227
0.65143 0.40356 0.71369
0.68622 0.39243 0.70227
0.70092 0.39383 0.65686
0.68593 0.37008 0.63086
0.65044 0.36066 0.62009
0.61523 0.37109 0.63086
0.60093 0.39526 0.65686
0.61591 0.41901 0.68285
0.65141 0.42843 0.69362
0.68662 0.41800 0.68285
0.70119 0.41713 0.63766
0.68746 0.39093 0.61338
0.65250 0.37905 0.60333
0.61679 0.38845 0.61338
0.60125 0.41362 0.63766
0.61498 0.43982 0.66193
0.64994 0.45170 0.67199
0.68565 0.44230 0.66193
0.70032 0.43939 0.61719
0.68830 0.41083 0.59473
0.65417 0.39625 0.58543
0.61791 0.40419 0.59473
0.60076 0.43000 0.61719
0.61278 0.45857 0.63964
0.64692 0.47315 0.64894
0.68318 0.46520 0.63964
0.69819 0.46062 0.59558
0.68848 0.42985 0.57501
0.65558 0.41228 0.56649
0.61874 0.41820 0.57501
0.59956 0.44414 0.59558
0.60926 0.47492 0.61615
0.64217 0.49249 0.62467
0.67901 0.48657 0.61615
0.69461 0.48089 0.57298
0.68797 0.44815 0.55430
0.65687 0.42724 0.54656
0.61952 0.43040 0.55430
0.59781 0.45578 0.57298
0.60445 0.48851 0.59166
0.63555 0.50942 0.59940
0.67289 0.50627 0.59166
0.68927 0.50024 0.54954
0.68665 0.46598 0.53270
0.65819 0.44137 0.52572
0.62057 0.44082 0.53270
0.59582 0.46465 0.54954
0.59845 0.49891 0.56639
0.62690 0.52353 0.57337
0.66453 0.52408 0.56639
0.63790 0.44850 0.50620
0.60330 0.45922 0.51857
0.58897 0.49069 0.53496
0.60330 0.52449 0.54577
0.63790 0.54081 0.54467
0.67249 0.53010 0.53230
0.68682 0.49863 0.51591
0.67249 0.46483 0.50510
0.63227 0.45745 0.48509
0.59798 0.46865 0.49784
0.58377 0.50110 0.51234
0.59798 0.53578 0.52009
0.63227 0.55237 0.51655
0.66657 0.54117 0.50380
0.68078 0.50873 0.48931
0.66657 0.47405 0.48156
0.62570 0.46467 0.46377
0.59174 0.47650 0.47685
0.57767 0.50981 0.48937
0.59174 0.54510 0.49398
0.62570 0.56169 0.48799
0.65966 0.54986 0.47490
0.67373 0.51655 0.46239
0.65966 0.48126 0.45778
0.61821 0.47016 0.44238
0.58463 0.48274 0.45573
0.57071 0.51682 0.46617
0.58463 0.55245 0.46760
0.61821 0.56874 0.45917
0.65180 0.55616 0.44582
0.66571 0.52207 0.43538
0.65180 0.48645 0.43395
0.60984 0.47394 0.42107
0.57666 0.48739 0.43457
0.56291 0.52213 0.44287
0.57666 0.55780 0.44110
0.60984 0.57351 0.43030
0.64302 0.56005 0.41679
0.65676 0.52532 0.40849
0.64302 0.48964 0.41026
0.60063 0.47604 0.39997
0.56788 0.49047 0.41351
0.55431 0.52573 0.41958
0.56788 0.56117 0.41463
0.60063 0.57603 0.40156
0.63339 0.56159 0.38801
0.64695 0.52633 0.38194
0.63339 0.49089 0.38689
0.59064 0.47651 0.37921
0.55832 0.49200 0.39264
0.54494 0.52765 0.39642
0.55832 0.56258 0.38834
0.59064 0.57633 0.37314
0.62295 0.56084 0.35971
0.63634 0.52519 0.35592
0.62295 0.49026 0.36400
0.56620 0.57304 0.35206
0.60058 0.56761 0.33615
0.62285 0.53720 0.32955
0.61997 0.49962 0.33615
0.59363 0.47687 0.35206
0.55925 0.48230 0.36797
0.53698 0.51271 0.37456
0.53986 0.55029 0.36797
0.54947 0.56793 0.32855
0.58345 0.56610 0.31105
0.60869 0.53826 0.30380
0.61039 0.50072 0.31105
0.58757 0.47548 0.32855
0.55359 0.47731 0.34606
0.52835 0.50516 0.35331
0.52665 0.54269 0.34606
0.53340 0.56109 0.30578
0.56652 0.56185 0.28663
0.59379 0.53620 0.27869
0.59922 0.49916 0.28663
0.57965 0.47243 0.30578
0.54653 0.47167 0.32493
0.51926 0.49732 0.33287
0.51382 0.53436 0.32493
0.51772 0.55277 0.28384
0.54974 0.55533 0.26304
0.57839 0.53146 0.25443
0.58689 0.49516 0.26304
0.57025 0.46768 0.28384
0.53823 0.46512 0.30464
0.50958 0.48898 0.31325
0.50109 0.52529 0.30464
0.50226 0.54312 0.26282
0.53307 0.54685 0.24043
0.56265 0.52442 0.23116
0.57368 0.48897 0.24043
0.55970 0.46126 0.26282
0.52889 0.45754 0.28522
0.49930 0.47997 0.29449
0.48827 0.51542 0.28522
0.48690 0.53227 0.24281
0.51646 0.53669 0.21890
0.54667 0.51538 0.20900
0.55983 0.48084 0.21890
0.54824 0.45330 0.24281
0.51868 0.44888 0.26671
0.48848 0.47019 0.27662
0.47531 0.50473 0.26671
0.47158 0.52032 0.22385
0.49988 0.52505 0.19853
0.53050 0.50462 0.18805
0.54549 0.47101 0.19853
0.53608 0.44391 0.22385
0.50778 0.43918 0.24917
0.47717 0.45961 0.25966
0.46217 0.49322 0.24917
0.45628 0.50737 0.20600
0.48335 0.51212 0.17937
0.51422 0.49237 0.16834
0.53080 0.45970 0.17937
0.52339 0.43323 0.20600
0.49632 0.42848 0.23263
0.46545 0.44823 0.24366
0.44886 0.48090 0.23263
0.44099 0.49350 0.18928
0.46687 0.49806 0.16146
0.49788 0.47883 0.14993
0.51587 0.44708 0.16146
0.51029 0.42141 0.18928
0.48442 0.41685 0.21711
0.45340 0.43607 0.22863
0.43541 0.46783 0.21711
0.42574 0.47881 0.17371
0.45046 0.48302 0.14481
0.48155 0.46418 0.13283
0.50079 0.43334 0.14481
0.49691 0.40856 0.17371
0.47218 0.40436 0.20262
0.44110 0.42320 0.21459
0.42186 0.45404 0.20262
0.41055 0.46340 0.15929
0.43417 0.46712 0.12942
0.46527 0.44858 0.11704
0.48564 0.41864 0.12942
0.48334 0.39484 0.15929
0.45972 0.39112 0.18917
0.42861 0.40966 0.20155
0.40825 0.43960 0.18917
0.39545 0.44736 0.14602
0.41802 0.45051 0.11528
0.44911 0.43218 0.10255
0.47050 0.40312 0.11528
0.46967 0.38035 0.14602
0.44710 0.37720 0.17677
0.41601 0.39552 0.18950
0.39462 0.42458 0.17677
0.38048 0.43077 0.13388
0.40206 0.43328 0.10237
0.43311 0.41511 0.08932
0.45545 0.38692 0.10237
0.45599 0.36520 0.13388
0.43441 0.36269 0.16539
0.40336 0.38085 0.17844
0.38102 0.40905 0.16539
0.36568 0.41371 0.12284
0.38631 0.41554 0.09066
0.41732 0.39750 0.07733
0.44053 0.37015 0.09066
0.44235 0.34951 0.12284
0.42172 0.34768 0.15502
0.39072 0.36572 0.16834
0.36750 0.39307 0.15502
0.35108 0.39626 0.11287
0.37083 0.39739 0.08011
0.40178 0.37944 0.06654
0.42581 0.35292 0.08011
0.42883 0.33338 0.11287
0.40909 0.33225 0.14563
0.37813 0.35020 0.15920
0.35411 0.37671 0.14563
0.33672 0.37850 0.10393
0.35564 0.37891 0.07066
0.38654 0.36103 0.05688
0.41133 0.33534 0.07066
0.41548 0.31688 0.10393
0.39657 0.31647 0.13719
0.36566 0.33434 0.15097
0.34087 0.36004 0.13719
0.32264 0.36049 0.09597
0.34078 0.36018 0.06228
0.37164 0.34237 0.04832
0.39714 0.31748 0.06228
0.40235 0.30010 0.09597
0.38421 0.30041 0.12967
0.35335 0.31822 0.14362
0.32784 0.34311 0.12967
0.30886 0.34228 0.08896
0.32628 0.34127 0.05490
0.35711 0.32352 0.04079
0.38329 0.29944 0.05490
0.38948 0.28312 0.08896
0.37206 0.28414 0.12301
0.34123 0.30189 0.13712
0.31505 0.32597 0.12301
0.29541 0.32395 0.08283
0.31216 0.32223 0.04847
0.34297 0.30455 0.03423
0.36979 0.28126 0.04847
0.37691 0.26600 0.08283
0.36016 0.26771 0.11719
0.32935 0.28539 0.13143
0.30253 0.30869 0.11719
0.28231 0.30552 0.07754
0.29845 0.30313 0.04293
0.32926 0.28553 0.02859
0.35668 0.26302 0.04293
0.36467 0.24880 0.07754
0.34853 0.25118 0.11216
0.31773 0.26879 0.12650
0.29030 0.29129 0.11216
0.26960 0.28705 0.07304
0.28517 0.28401 0.03822
0.31599 0.26650 0.02379
0.34400 0.24477 0.03822
0.35279 0.23156 0.07304
0.33721 0.23460 0.10786
0.30640 0.25211 0.12229
0.27839 0.27384 0.10786
0.25728 0.26857 0.06927
0.27234 0.26490 0.03429
0.30319 0.24750 0.01980
0.33175 0.22655 0.03429
0.34129 0.21433 0.06927
0.32623 0.21800 0.10426
0.29538 0.23541 0.11875
0.26682 0.25636 0.10426
0.24537 0.25012 0.06619
0.25998 0.24586 0.03108
0.29087 0.22857 0.01653
0.31995 0.20840 0.03108
0.33020 0.19716 0.06619
0.31560 0.20143 0.10131
0.28470 0.21871 0.11585
0.25562 0.23888 0.10131
0.23389 0.23173 0.06374
0.24808 0.22689 0.02853
0.27903 0.20976 0.01394
0.30862 0.19036 0.02853
0.31952 0.18007 0.06374
0.30533 0.18490 0.09895
0.27438 0.20204 0.11354
0.24479 0.22143 0.09895
0.22285 0.21341 0.06188
0.23667 0.20804 0.02660
0.26770 0.19107 0.01198
0.29777 0.17245 0.02660
0.30926 0.16309 0.06188
0.29545 0.16846 0.09716
0.26442 0.18543 0.11177
0.23434 0.20405 0.09716
0.21225 0.19520 0.06055
0.22574 0.18931 0.02522
0.25687 0.17254 0.01059
0.28740 0.15470 0.02522
0.29945 0.14624 0.06055
0.28596 0.15212 0.09587
0.25483 0.16890 0.11050
0.22430 0.18674 0.09587
0.20210 0.17710 0.05972
0.21531 0.17074 0.02437
0.24654 0.15418 0.00973
0.27751 0.13712 0.02437
0.29007 0.12955 0.05972
0.27686 0.13591 0.09506
0.24562 0.15247 0.10971
0.21465 0.16953 0.09506
0.19240 0.15913 0.05934
0.20536 0.15233 0.02398
0.23673 0.13601 0.00934
0.26811 0.11973 0.02398
0.28113 0.11303 0.05934
0.26817 0.11984 0.09469
0.23680 0.13616 0.10934
0.20542 0.15244 0.09469
0.18315 0.14132 0.05937
0.19591 0.13410 0.02402
0.22741 0.11804 0.00938
0.25919 0.10255 0.02402
0.27264 0.09670 0.05937
0.25988 0.10392 0.09472
0.22838 0.11998 0.10936
0.19659 0.13547 0.09472
0.17435 0.12366 0.05978
0.18695 0.11605 0.02445
0.21859 0.10028 0.00982
0.25075 0.08557 0.02445
0.26458 0.08056 0.05978
0.25199 0.08816 0.09510
0.22034 0.10394 0.10974
0.18818 0.11864 0.09510
0.16600 0.10616 0.06053
0.17846 0.09820 0.02523
0.21027 0.08273 0.01062
0.24278 0.06882 0.02523
0.25696 0.06462 0.06053
0.24450 0.07258 0.09582
0.21270 0.08805 0.11044
0.18018 0.10196 0.09582
0.15810 0.08884 0.06159
0.17046 0.08055 0.02634
0.20243 0.06541 0.01174
0.23528 0.05230 0.02634
0.24977 0.04889 0.06159
0.23741 0.05718 0.09685
0.20544 0.07232 0.11145
0.17259 0.08543 0.09685
0.15064 0.07170 0.06294
0.16292 0.06310 0.02773
0.19507 0.04831 0.01315
0.22823 0.03600 0.02773
0.24300 0.03337 0.06294
0.23071 0.04197 0.09815
0.19857 0.05676 0.11273
0.16540 0.06908 0.09815
0.14361 0.05475 0.06454
0.15585 0.04587 0.02939
0.18817 0.03144 0.01483
0.22163 0.01993 0.02939
0.23664 0.01807 0.06454
0.22440 0.02695 0.09970
0.19208 0.04137 0.11426
0.15862 0.05289 0.09970
0.13701 0.03798 0.06638
0.14923 0.02884 0.03129
0.18172 0.01481 0.01675
0.21546 0.00409 0.03129
0.23068 0.00298 0.06638
0.21846 0.01212 0.10148
0.18597 0.02616 0.11601
0.15223 0.03687 0.10148
0.13082 0.02141 0.06843
0.14304 0.01203 0.03340
0.17572 -0.00161 0.01889
0.20972 -0.01151 0.03340
0.22512 -0.01188 0.06843
0.21290 -0.00250 0.10346
0.18022 0.01113 0.11797
0.14622 0.02104 0.10346
0.12505 0.00503 0.07067
0.13729 -0.00457 0.03571
0.17015 -0.01779 0.02123
0.20439 -0.02689 0.03571
0.21994 -0.02653 0.07067
0.20770 -0.01693 0.10564
0.17484 -0.00371 0.12012
0.14060 0.00539 0.10564
0.11968 -0.01114 0.07309
0.13196 -0.02095 0.03820
0.16500 -0.03374 0.02375
0.19945 -0.04203 0.03820
0.21513 -0.04096 0.07309
0.20285 -0.03116 0.10799
0.16981 -0.01836 0.12244
0.13536 -0.01007 0.10799
0.11470 -0.02712 0.07567
0.12703 -0.03712 0.04085
0.16026 -0.04947 0.02643
0.19490 -0.05695 0.04085
0.21068 -0.05517 0.07567
0.19834 -0.04518 0.11049
0.16512 -0.03283 0.12492
0.13047 -0.02535 0.11049
0.11009 -0.04290 0.07841
0.12250 -0.05307 0.04366
0.15590 -0.06498 0.02927
0.19073 -0.07165 0.04366
0.20658 -0.06917 0.07841
0.19417 -0.05900 0.11315
0.16077 -0.04709 0.12754
0.12595 -0.04042 0.11315
0.10586 -0.05847 0.08128
0.11836 -0.06882 0.04661
0.15193 -0.08027 0.03226
0.18691 -0.08613 0.04661
0.20282 -0.08295 0.08128
0.19033 -0.07261 0.11594
0.15675 -0.06116 0.13029
0.12177 -0.05530 0.11594
0.10199 -0.07384 0.08428
0.11458 -0.08435 0.04970
0.14832 -0.09534 0.03538
0.18345 -0.10038 0.04970
0.19938 -0.09652 0.08428
0.18679 -0.08602 0.11885
0.15305 -0.07503 0.13318
0.11793 -0.06998 0.11885
0.09847 -0.08901 0.08740
0.11117 -0.09967 0.05291
0.14507 -0.11020 0.03862
0.18032 -0.11443 0.05291
0.19627 -0.10988 0.08740
0.18357 -0.09922 0.12189
0.14966 -0.08869 0.13617
0.11441 -0.08446 0.12189
0.09528 -0.10397 0.09064
0.10810 -0.11479 0.05624
0.14217 -0.12484 0.04199
0.17752 -0.12826 0.05624
0.19345 -0.12302 0.09064
0.18063 -0.11221 0.12503
0.14657 -0.10215 0.13928
0.11122 -0.09874 0.12503
0.09243 -0.11873 0.09399
0.10538 -0.12970 0.05969
0.13959 -0.13928 0.04548
0.17503 -0.14188 0.05969
0.19093 -0.13595 0.09399
0.17799 -0.12499 0.12829
0.14377 -0.11540 0.14250
0.10833 -0.11281 0.12829
0.08989 -0.13328 0.09745
0.10298 -0.14440 0.06325
0.13734 -0.15352 0.04908
0.17285 -0.15529 0.06325
0.18870 -0.14868 0.09745
0.17561 -0.13756 0.13165
0.14125 -0.12844 0.14581
0.10574 -0.12667 0.13165
0.08767 -0.14763 0.10101
0.10090 -0.15891 0.06692
0.13541 -0.16755 0.05280
0.17096 -0.16849 0.06692
0.18674 -0.16119 0.10101
0.17351 -0.14991 0.13510
0.13900 -0.14127 0.14922
0.10345 -0.14032 0.13510
0.08574 -0.16177 0.10469
0.09914 -0.17321 0.07071
0.13377 -0.18138 0.05664
0.16936 -0.18150 0.07071
0.18505 -0.17349 0.10469
0.17165 -0.16205 0.13866
0.13702 -0.15388 0.15273
0.10143 -0.15376 0.13866
0.08410 -0.17571 0.10846
0.09767 -0.18732 0.07461
0.13243 -0.19502 0.06059
0.16803 -0.19430 0.07461
0.18362 -0.18558 0.10846
0.17005 -0.17397 0.14231
0.13529 -0.16627 0.15633
0.09968 -0.16699 0.14231
0.08275 -0.18945 0.11235
0.09650 -0.20123 0.07863
0.13138 -0.20846 0.06467
0.16698 -0.20690 0.07863
0.18243 -0.19746 0.11235
0.16868 -0.18567 0.14606
0.13380 -0.17844 0.16002
0.09820 -0.18000 0.14606
0.08167 -0.20298 0.11634
0.09561 -0.21495 0.08277
0.13061 -0.22171 0.06886
0.16619 -0.21930 0.08277
0.18148 -0.20912 0.11634
0.16755 -0.19714 0.14991
0.13254 -0.19038 0.16381
0.09697 -0.19280 0.14991
0.08086 -0.21631 0.12044
0.09500 -0.22848 0.08703
0.13012 -0.23477 0.07319
0.16565 -0.23149 0.08703
0.18077 -0.22056 0.12044
0.16663 -0.20839 0.15385
0.13151 -0.20210 0.16769
0.09598 -0.20538 0.15385
0.08031 -0.22944 0.12466
0.09467 -0.24182 0.09142
0.12990 -0.24764 0.07765
0.16536 -0.24349 0.09142
0.18028 -0.23179 0.12466
0.16593 -0.21941 0.15790
0.13070 -0.21359 0.17167
0.09523 -0.21775 0.15790
0.08002 -0.24237 0.12899
0.09461 -0.25497 0.09594
0.12994 -0.26032 0.08225
0.16532 -0.25528 0.09594
0.18001 -0.24280 0.12899
0.16542 -0.23020 0.16205
0.13009 -0.22485 0.17574
0.09471 -0.22989 0.16205
0.07997 -0.25509 0.13345
0.09481 -0.26793 0.10060
0.13024 -0.27280 0.08699
0.16551 -0.26686 0.10060
0.17996 -0.25358 0.13345
0.16512 -0.24075 0.16631
0.12968 -0.23587 0.17992
0.09442 -0.24182 0.16631
0.08017 -0.26762 0.13804
0.09528 -0.28070 0.10541
0.13081 -0.28510 0.09189
0.16595 -0.27824 0.10541
0.18011 -0.26414 0.13804
0.16500 -0.25106 0.17068
0.12947 -0.24666 0.18419
0.09433 -0.25352 0.17068
0.08061 -0.27995 0.14276
0.09601 -0.29329 0.11037
0.13163 -0.29720 0.09695
0.16661 -0.28940 0.11037
0.18046 -0.27446 0.14276
0.16506 -0.26112 0.17516
0.12943 -0.25721 0.18858
0.09445 -0.26501 0.17516
0.08129 -0.29209 0.14763
0.09700 -0.30568 0.11549
0.13272 -0.30911 0.10218
0.16751 -0.30035 0.11549
0.18100 -0.28454 0.14763
0.16529 -0.27094 0.17976
0.12957 -0.26752 0.19307
0.09478 -0.27628 0.17976
0.08220 -0.30402 0.15264
0.09826 -0.31789 0.12079
0.13406 -0.32081 0.10760
0.16864 -0.31107 0.12079
0.18174 -0.29438 0.15264
0.16568 -0.28051 0.18448
0.12987 -0.27759 0.19768
0.09530 -0.28733 0.18448
0.08335 -0.31576 0.15780
0.09978 -0.32991 0.12627
0.13567 -0.33231 0.11320
0.17000 -0.32156 0.12627
0.18265 -0.30396 0.15780
0.16623 -0.28982 0.18934
0.13034 -0.28741 0.20240
0.09601 -0.29816 0.18934
0.08474 -0.32730 0.16313
0.10157 -0.34173 0.13193
0.13754 -0.34360 0.11901
0.17158 -0.33182 0.13193
0.18375 -0.31329 0.16313
0.16692 -0.29887 0.19432
0.13095 -0.29700 0.20725
0.09690 -0.30878 0.19432
0.08636 -0.33865 0.16863
0.10363 -0.35335 0.13780
0.13968 -0.35466 0.12503
0.17339 -0.34182 0.13780
0.18502 -0.32236 0.16863
0.16775 -0.30766 0.19945
0.13170 -0.30635 0.21222
0.09798 -0.31918 0.19945
0.08821 -0.34980 0.17430
0.10596 -0.36477 0.14388
0.14209 -0.36550 0.13128
0.17543 -0.35157 0.14388
0.18646 -0.33115 0.17430
0.16871 -0.31619 0.20473
0.13258 -0.31545 0.21733
0.09924 -0.32938 0.20473
0.09031 -0.36076 0.18017
0.10858 -0.37597 0.15018
0.14477 -0.37609 0.13775
0.17769 -0.36105 0.15018
0.18806 -0.33965 0.18017
0.16979 -0.32444 0.21016
0.13359 -0.32433 0.22258
0.10067 -0.33937 0.21016
0.09265 -0.37153 0.18623
0.11148 -0.38696 0.15671
0.14774 -0.38643 0.14448
0.18019 -0.37024 0.15671
0.18981 -0.34787 0.18623
0.17098 -0.33243 0.21575
0.13472 -0.33297 0.22798
0.10228 -0.34916 0.21575
0.09524 -0.38210 0.19250
0.11469 -0.39773 0.16348
0.15100 -0.39650 0.15146
0.18291 -0.37912 0.16348
0.19172 -0.35578 0.19250
0.17228 -0.34015 0.22151
0.13596 -0.34138 0.23353
0.10406 -0.35875 0.22151
0.09809 -0.39247 0.19898
0.11820 -0.40826 0.17050
0.15455 -0.40628 0.15871
0.18585 -0.38769 0.17050
0.19377 -0.36338 0.19898
0.17366 -0.34759 0.22746
0.13731 -0.34957 0.23925
0.10601 -0.36816 0.22746
0.10121 -0.40265 0.20569
0.12203 -0.41853 0.17779
0.15841 -0.41574 0.16623
0.18903 -0.39591 0.17779
0.19596 -0.37065 0.20569
0.17513 -0.35476 0.23359
0.13876 -0.35755 0.24515
0.10814 -0.37739 0.23359
0.10461 -0.41262 0.21263
0.12620 -0.42854 0.18534
0.16258 -0.42488 0.17404
0.19243 -0.40377 0.18534
0.19827 -0.37758 0.21263
0.17668 -0.36166 0.23992
0.14030 -0.36533 0.25123
0.11045 -0.38644 0.23992
0.10830 -0.42240 0.21983
0.13072 -0.43827 0.19318
0.16706 -0.43365 0.18214
0.19605 -0.41123 0.19318
0.20070 -0.38416 0.21983
0.17828 -0.36829 0.24647
0.14193 -0.37292 0.25751
0.11295 -0.39533 0.24647
0.11230 -0.43197 0.22727
0.13559 -0.44770 0.20130
0.17188 -0.44203 0.19054
0.19989 -0.41828 0.20130
0.20324 -0.39038 0.22727
0.17994 -0.37466 0.25325
0.14366 -0.38033 0.26401
0.11564 -0.40407 0.25325
0.11662 -0.44133 0.23499
0.14084 -0.45679 0.20972
0.17702 -0.44998 0.19925
0.20395 -0.42489 0.20972
0.20586 -0.39622 0.23499
0.18164 -0.38076 0.26026
0.14547 -0.38757 0.27073
0.11853 -0.41266 0.26026
0.12129 -0.45048 0.24299
0.14649 -0.46553 0.21844
0.18249 -0.45747 0.20827
0.20820 -0.43101 0.21844
0.20857 -0.40166 0.24299
0.18337 -0.38660 0.26754
0.14736 -0.39467 0.27771
0.12165 -0.42112 0.26754
0.12633 -0.45939 0.25127
0.15255 -0.47389 0.22746
0.18830 -0.46446 0.21760
0.21265 -0.43663 0.22746
0.21133 -0.40670 0.25127
0.18511 -0.39221 0.27509
0.14936 -0.40163 0.28495
0.12501 -0.42946 0.27509
0.13177 -0.46806 0.25986
0.15903 -0.48182 0.23679
0.19445 -0.47091 0.22724
0.21727 -0.44171 0.23679
0.21413 -0.41134 0.25986
0.18687 -0.39758 0.28293
0.15146 -0.40849 0.29248
0.12864 -0.43768 0.28293
0.13764 -0.47646 0.26876
0.16596 -0.48929 0.24644
0.20092 -0.47676 0.23719
0.22204 -0.44622 0.24644
0.21695 -0.41555 0.26876
0.18864 -0.40273 0.29108
0.15368 -0.41525 0.30033
0.13256 -0.44579 0.29108
0.14397 -0.48457 0.27798
0.17334 -0.49625 0.25640
0.20770 -0.48198 0.24746
0.22694 -0.45013 0.25640
0.21977 -0.41935 0.27798
0.19041 -0.40768 0.29957
0.15604 -0.42194 0.30851
0.13681 -0.45380 0.29957
0.15079 -0.49236 0.28754
0.18117 -0.50265 0.26667
0.21478 -0.48651 0.25803
0.23193 -0.45341 0.26667
0.22256 -0.42273 0.28754
0.19218 -0.41244 0.30841
0.15857 -0.42858 0.31706
0.14143 -0.46168 0.30841
0.15813 -0.49978 0.29745
0.18947 -0.50843 0.27726
0.22213 -0.49032 0.26890
0.23697 -0.45605 0.27726
0.22531 -0.42571 0.29745
0.19397 -0.41706 0.31763
0.16131 -0.43517 0.32600
0.14647 -0.46944 0.31763
0.16602 -0.50678 0.30771
0.19822 -0.51354 0.28816
0.22970 -0.49336 0.28006
0.24204 -0.45805 0.28816
0.22799 -0.42830 0.30771
0.19580 -0.42153 0.32726
0.16431 -0.44172 0.33535
0.15198 -0.47703 0.32726
0.17448 -0.51329 0.31833
0.20739 -0.51792 0.29937
0.23746 -0.49560 0.29151
0.24708 -0.45940 0.29937
0.23061 -0.43053 0.31833
0.19770 -0.42590 0.33730
0.16762 -0.44822 0.34516
0.15800 -0.48442 0.33730
0.18350 -0.51924 0.32934
0.21695 -0.52150 0.31089
0.24535 -0.49701 0.30324
0.25206 -0.46012 0.31089
0.23316 -0.43244 0.32934
0.19971 -0.43017 0.34779
0.17131 -0.45466 0.35543
0.16460 -0.49155 0.34779
0.19310 -0.52454 0.34073
0.22686 -0.52424 0.32271
0.25331 -0.49761 0.31525
0.25696 -0.46025 0.32271
0.23566 -0.43405 0.34073
0.20190 -0.43436 0.35875
0.17545 -0.46099 0.36621
0.17181 -0.49834 0.35875
0.20324 -0.52912 0.35252
0.23705 -0.52609 0.33485
0.26128 -0.49739 0.32753
0.26174 -0.45983 0.33485
0.23816 -0.43542 0.35252
0.20435 -0.43844 0.37019
0.18012 -0.46714 0.37750
0.17966 -0.50470 0.37019
0.21387 -0.53289 0.36471
0.24744 -0.52704 0.34729
0.26921 -0.49640 0.34008
0.26642 -0.45892 0.34729
0.24071 -0.43656 0.36471
0.20714 -0.44241 0.38212
0.18537 -0.47305 0.38934
0.18816 -0.51053 0.38212
0.22494 -0.53578 0.37731
0.25797 -0.52708 0.36005
0.27705 -0.49469 0.35291
0.27101 -0.45758 0.36005
0.24338 -0.43750 0.37731
0.21035 -0.44620 0.39457
0.19127 -0.47859 0.40172
0.19731 -0.51570 0.39457
0.23637 -0.53774 0.39033
0.26856 -0.52622 0.37313
0.28479 -0.49230 0.36600
0.27555 -0.45586 0.37313
0.24627 -0.43823 0.39033
0.21408 -0.44974 0.40754
0.19785 -0.48366 0.41466
0.20708 -0.52011 0.40754
0.24809 -0.53872 0.40378
0.27915 -0.52450 0.38653
0.29241 -0.48932 0.37939
0.28011 -0.45379 0.38653
0.24945 -0.43873 0.40378
0.21839 -0.45295 0.42102
0.20513 -0.48813 0.42817
0.21743 -0.52365 0.42102
0.26001 -0.53871 0.41765
0.28970 -0.52195 0.40026
0.29995 -0.48579 0.39306
0.28476 -0.45141 0.40026
0.25302 -0.43895 0.41765
0.22334 -0.45571 0.43503
0.21309 -0.49187 0.44224
0.22828 -0.52625 0.43503
0.27209 -0.53770 0.43195
0.30019 -0.51861 0.41433
0.30743 -0.48175 0.40703
0.28957 -0.44870 0.41433
0.25706 -0.43883 0.43195
0.22896 -0.45792 0.44956
0.22172 -0.49478 0.45686
0.23958 -0.52782 0.44956
0.28426 -0.53569 0.44667
0.31063 -0.51453 0.42874
0.31492 -0.47724 0.42131
0.29462 -0.44566 0.42874
0.26163 -0.43829 0.44667
0.23526 -0.45945 0.46461
0.23097 -0.49674 0.47203
0.25127 -0.52833 0.46461
0.29650 -0.53271 0.46183
0.32101 -0.50974 0.44350
0.32246 -0.47226 0.43592
0.29999 -0.44223 0.44350
0.26676 -0.43724 0.46183
0.24225 -0.46021 0.48015
0.24080 -0.49769 0.48774
0.26327 -0.52772 0.48015
0.30879 -0.52876 0.47740
0.33139 -0.50424 0.45862
0.33012 -0.46679 0.45084
0.30572 -0.43835 0.45862
0.27249 -0.43558 0.47740
0.24989 -0.46010 0.49618
0.25117 -0.49754 0.50396
0.27556 -0.52599 0.49618
0.32113 -0.52384 0.49339
0.34178 -0.49803 0.47409
0.33794 -0.46081 0.46610
0.31187 -0.43396 0.47409
0.27883 -0.43322 0.49339
0.25818 -0.45903 0.51268
0.26201 -0.49625 0.52067
0.28809 -0.52310 0.51268
0.33353 -0.51795 0.50977
0.35223 -0.49111 0.48991
0.34599 -0.45426 0.48169
0.31846 -0.42898 0.48991
0.28577 -0.43009 0.50977
0.26707 -0.45692 0.52963
0.27330 -0.49377 0.53786
0.30083 -0.51905 0.52963
0.34600 -0.51107 0.52655
0.36278 -0.48344 0.50608
0.35431 -0.44710 0.49760
0.32553 -0.42334 0.50608
0.29331 -0.42608 0.52655
0.27653 -0.45372 0.54702
0.28500 -0.49006 0.55550
0.31378 -0.51382 0.54702
0.35857 -0.50320 0.54369
0.37347 -0.47498 0.52257
0.36291 -0.43925 0.51383
0.33308 -0.41695 0.52257
0.30143 -0.42113 0.54369
0.28653 -0.44935 0.56480
0.29709 -0.48508 0.57355
0.32692 -0.50738 0.56480
0.37125 -0.49430 0.56117
0.38433 -0.46569 0.53938
0.37185 -0.43066 0.53035
0.34111 -0.40973 0.53938
0.31012 -0.41516 0.56117
0.29704 -0.44376 0.58296
0.30952 -0.47879 0.59199
0.34026 -0.49973 0.58296
0.38407 -0.48433 0.57897
0.39538 -0.45551 0.55647
0.38112 -0.42125 0.54716
0.34962 -0.40161 0.55647
0.31935 -0.40809 0.57897
0.30803 -0.43691 0.60146
0.32230 -0.47118 0.61078
0.35379 -0.49082 0.60146
0.39704 -0.47326 0.59704
0.40666 -0.44439 0.57383
0.39074 -0.41095 0.56421
0.35862 -0.39251 0.57383
0.32910 -0.39988 0.59704
0.31949 -0.42874 0.62026
0.33540 -0.46219 0.62987
0.36753 -0.48063 0.62026
0.41019 -0.46103 0.61535
0.41817 -0.43227 0.59140
0.40073 -0.39969 0.58148
0.36808 -0.38236 0.59140
0.33935 -0.39044 0.61535
0.33137 -0.41920 0.63931
0.34881 -0.45179 0.64923
0.38146 -0.46911 0.63931
0.42352 -0.44760 0.63385
0.42993 -0.41909 0.60915
0.41108 -0.38740 0.59892
0.37800 -0.37109 0.60915
0.35008 -0.37973 0.63385
0.34367 -0.40824 0.65856
0.36252 -0.43993 0.66879
0.39560 -0.45624 0.65856
0.43705 -0.43292 0.65249
0.44195 -0.40477 0.62702
0.42178 -0.37401 0.61648
0.38836 -0.35864 0.62702
0.36126 -0.36768 0.65249
0.35636 -0.39582 0.67795
0.37652 -0.42659 0.68850
0.40995 -0.44195 0.67795
0.45077 -0.41693 0.67119
0.45423 -0.38928 0.64496
0.43284 -0.35946 0.63410
0.39914 -0.34495 0.64496
0.37287 -0.35424 0.67119
0.36941 -0.38189 0.69742
0.39080 -0.41171 0.70828
0.42450 -0.42622 0.69742
0.46470 -0.39959 0.68989
0.46676 -0.37254 0.66290
0.44424 -0.34369 0.65172
0.41032 -0.32994 0.66290
0.38488 -0.33935 0.68989
0.38281 -0.36640 0.71688
0.40533 -0.39525 0.72806
0.43925 -0.40899 0.71688
0.47882 -0.38083 0.70851
0.47955 -0.35450 0.68075
0.45597 -0.32664 0.66926
0.42188 -0.31358 0.68075
0.39726 -0.32297 0.70851
0.39653 -0.34931 0.73626
0.42012 -0.37717 0.74776
0.45420 -0.39022 0.73626
0.49313 -0.36063 0.72695
0.49258 -0.33511 0.69844
0.46800 -0.30826 0.68663
0.43379 -0.29581 0.69844
0.41000 -0.30505 0.72695
0.41055 -0.33058 0.75546
0.43513 -0.35742 0.76727
0.46934 -0.36987 0.75546
0.50762 -0.33893 0.74512
0.50583 -0.31433 0.71586
0.48032 -0.28850 0.70374
0.44603 -0.27659 0.71586
0.42305 -0.28556 0.74512
0.42484 -0.31016 0.77438
0.45036 -0.33598 0.78650
0.48464 -0.34790 0.77438
0.52226 -0.31569 0.76290
0.51928 -0.29211 0.73291
0.49289 -0.26733 0.72049
0.45855 -0.25588 0.73291
0.43638 -0.26446 0.76290
0.43937 -0.28804 0.79289
0.46576 -0.31282 0.80532
0.50010 -0.32427 0.79289
0.53704 -0.29089 0.78018
0.53291 -0.26843 0.74948
0.50569 -0.24472 0.73676
0.47134 -0.23366 0.74948
0.44996 -0.24172 0.78018
0.45410 -0.26419 0.81089
0.48131 -0.28789 0.82360
0.51567 -0.29895 0.81089
0.55193 -0.26450 0.79683
0.54668 -0.24326 0.76543
0.51869 -0.22064 0.75243
0.48433 -0.20990 0.76543
0.46375 -0.21734 0.79683
0.46899 -0.23858 0.82822
0.49699 -0.26120 0.84122
0.53134 -0.27194 0.82822
0.56688 -0.23652 0.81269
0.56057 -0.21659 0.78064
0.53183 -0.19509 0.76736
0.49750 -0.18461 0.78064
0.47769 -0.19129 0.81269
0.48401 -0.21122 0.84475
0.51274 -0.23273 0.85802
0.54707 -0.24321 0.84475
0.58187 -0.20695 0.82764
0.57452 -0.18844 0.79496
0.54508 -0.16807 0.78143
0.51080 -0.15779 0.79496
0.49175 -0.16360 0.82764
0.49909 -0.18212 0.86031
0.52853 -0.20248 0.87385
0.56282 -0.21277 0.86031
0.59684 -0.17580 0.84150
0.58850 -0.15880 0.80824
0.55839 -0.13961 0.79447
0.52416 -0.12945 0.80824
0.50586 -0.13429 0.84150
0.51420 -0.15129 0.87475
0.54430 -0.17048 0.88853
0.57853 -0.18064 0.87475
0.61174 -0.14311 0.85411
0.60244 -0.12773 0.82032
0.57171 -0.10973 0.80633
0.53755 -0.09965 0.82032
0.51997 -0.10339 0.85411
0.52927 -0.11877 0.88789
0.56000 -0.13677 0.90189
0.59417 -0.14685 0.88789
0.62653 -0.10892 0.86530
0.61630 -0.09526 0.83105
0.58497 -0.07849 0.81686
0.55088 -0.06842 0.83105
0.53401 -0.07097 0.86530
0.54424 -0.08462 0.89955
0.57557 -0.10140 0.91374
0.60966 -0.11146 0.89955
0.64113 -0.07331 0.87490
0.63001 -0.06147 0.84024
0.59811 -0.04596 0.82589
0.56410 -0.03587 0.84024
0.54791 -0.03709 0.87490
0.55903 -0.04892 0.90955
0.59093 -0.06443 0.92391
0.62494 -0.07453 0.90955
0.65547 -0.03636 0.88272
0.64351 -0.02645 0.84775
0.61106 -0.01225 0.83326
0.57714 -0.00206 0.84775
0.56161 -0.00187 0.88272
0.57357 -0.01177 0.91770
0.60602 -0.02598 0.93218
0.63994 -0.03616 0.91770
0.66949 0.00180 0.88860
0.65672 0.00968 0.85339
0.62376 0.02254 0.83881
0.58991 0.03286 0.85339
0.57501 0.03458 0.88860
0.58778 0.02670 0.92380
0.62074 0.01384 0.93839
0.65458 0.00352 0.92380
0.68309 0.04104 0.89236
0.66956 0.04679 0.85703
0.63612 0.05827 0.84239
0.60235 0.06875 0.85703
0.58804 0.07210 0.89236
0.60157 0.06636 0.92769
0.63501 0.05488 0.94233
0.66878 0.04439 0.92769
0.69621 0.08121 0.89383
0.68197 0.08473 0.85849
0.64807 0.09477 0.84385
0.61437 0.10546 0.85849
0.60060 0.11053 0.89383
0.61484 0.10701 0.92918
0.64874 0.09696 0.94382
0.68244 0.08628 0.92918
0.70874 0.12211 0.89287
0.69385 0.12330 0.85764
0.65953 0.13187 0.84305
0.62588 0.14278 0.85764
0.61261 0.14965 0.89287
0.62750 0.14846 0.92811
0.66183 0.13989 0.94270
0.69548 0.12898 0.92811
0.72060 0.16353 0.88934
0.70513 0.16231 0.85437
0.67041 0.16934 0.83988
0.63679 0.18050 0.85437
0.62397 0.18925 0.88934
0.63945 0.19047 0.92432
0.67416 0.18344 0.93881
0.70778 0.17228 0.92432
0.73170 0.20525 0.88312
0.71571 0.20154 0.84855
0.68064 0.20698 0.83423
0.64704 0.21838 0.84855
0.63458 0.22907 0.88312
0.65057 0.23279 0.91769
0.68564 0.22735 0.93201
0.71924 0.21594 0.91769
0.74193 0.24702 0.87412
0.72552 0.24074 0.84012
0.69014 0.24453 0.82604
0.65652 0.25616 0.84012
0.64434 0.26884 0.87412
0.66075 0.27512 0.90811
0.69613 0.27134 0.92219
0.72976 0.25970 0.90811
0.75121 0.28858 0.86227
0.73449 0.27966 0.82902
0.69884 0.28173 0.81525
0.66516 0.29357 0.82902
0.65316 0.30825 0.86227
0.66989 0.31717 0.89551
0.70553 0.31510 0.90928
0.73922 0.30326 0.89551
0.75943 0.32965 0.84753
0.74252 0.31804 0.81523
0.70667 0.31831 0.80185
0.67288 0.33030 0.81523
0.66095 0.34698 0.84753
0.67786 0.35859 0.87984
0.71371 0.35832 0.89322
0.74750 0.34633 0.87984
0.76651 0.36995 0.82992
0.74957 0.35562 0.79875
0.71358 0.35400 0.78583
0.67963 0.36605 0.79875
0.66761 0.38471 0.82992
0.68455 0.39904 0.86110
0.72054 0.40065 0.87401
0.75449 0.38860 0.86110
0.77235 0.40921 0.80947
0.75556 0.39213 0.77962
0.71952 0.38853 0.76726
0.68535 0.40052 0.77962
0.67306 0.42107 0.80947
0.68985 0.43815 0.83932
0.72588 0.44175 0.85168
0.76006 0.42976 0.83932
0.77686 0.44716 0.78626
0.76046 0.42733 0.75794
0.72448 0.42163 0.74620
0.69000 0.43339 0.75794
0.67722 0.45572 0.78626
0.69363 0.47554 0.81459
0.72960 0.48125 0.82632
0.76408 0.46949 0.81459
0.77995 0.48357 0.76042
0.76423 0.46102 0.73380
0.72846 0.45305 0.72277
0.69359 0.46433 0.73380
0.68006 0.48827 0.76042
0.69578 0.51082 0.78703
0.73155 0.51879 0.79806
0.76641 0.50750 0.78703
0.78152 0.51824 0.73209
0.76685 0.49299 0.70735
0.73149 0.48257 0.69710
0.69614 0.49306 0.70735
0.68152 0.51833 0.73209
0.69619 0.54357 0.75683
0.73156 0.55400 0.76708
0.76690 0.54351 0.75683
0.78148 0.55100 0.70149
0.76834 0.52315 0.67877
0.73365 0.51001 0.66936
0.69774 0.51927 0.67877
0.68163 0.54552 0.70149
0.69476 0.57337 0.72421
0.72945 0.58651 0.73362
0.76537 0.57725 0.72421
0.77966 0.58180 0.66885
0.76869 0.55147 0.64825
0.73509 0.53528 0.63971
0.69853 0.54271 0.64825
0.68043 0.56940 0.66885
0.69140 0.59973 0.68945
0.72501 0.61592 0.69798
0.76157 0.60850 0.68945
0.77586 0.61063 0.63443
0.76791 0.57806 0.61599
0.73598 0.55839 0.60835
0.69879 0.56315 0.61599
0.67811 0.58955 0.63443
0.68607 0.62212 0.65288
0.71799 0.64179 0.66052
0.75519 0.63703 0.65288
0.76972 0.63758 0.59854
0.76590 0.60318 0.58221
0.73658 0.57954 0.57544
0.69893 0.58050 0.58221
0.67500 0.60551 0.59854
0.67882 0.63990 0.61487
0.70814 0.66355 0.62164
0.74579 0.66258 0.61487
0.71617 0.59334 0.54306
0.68143 0.60453 0.55459
0.66705 0.63639 0.57015
0.68143 0.67027 0.58064
0.71617 0.68631 0.57991
0.75090 0.67512 0.56838
0.76529 0.64326 0.55282
0.75090 0.60939 0.54233
0.70843 0.60701 0.50902
0.67398 0.61871 0.52088
0.65971 0.65157 0.53433
0.67398 0.68635 0.54149
0.70843 0.70267 0.53817
0.74289 0.69097 0.52631
0.75716 0.65811 0.51286
0.74289 0.62333 0.50570
0.69919 0.61767 0.47460
0.66507 0.63002 0.48676
0.65094 0.66376 0.49801
0.66507 0.69912 0.50177
0.69919 0.71540 0.49583
0.73332 0.70305 0.48367
0.74745 0.66931 0.47242
0.73332 0.63395 0.46866
0.68849 0.62534 0.44010
0.65475 0.63847 0.45248
0.64077 0.67295 0.46145
0.65475 0.70857 0.46177
0.68849 0.72447 0.45324
0.72224 0.71134 0.44087
0.73622 0.67687 0.43189
0.72224 0.64124 0.43158
0.67640 0.63006 0.40582
0.64307 0.64410 0.41831
0.62926 0.67917 0.42494
0.64307 0.71472 0.42182
0.67640 0.72993 0.41078
0.70974 0.71589 0.39829
0.72355 0.68082 0.39166
0.70974 0.64527 0.39478
0.66300 0.63191 0.37203
0.63010 0.64696 0.38450
0.61648 0.68247 0.38873
0.63010 0.71764 0.38222
0.66300 0.73185 0.36879
0.69589 0.71680 0.35631
0.70952 0.68129 0.35209
0.69589 0.64612 0.35860
0.64837 0.63100 0.33898
0.61593 0.64716 0.35130
0.60250 0.68294 0.35307
0.61593 0.71741 0.34325
0.64837 0.73035 0.32760
0.68080 0.71420 0.31529
0.69424 0.67841 0.31352
0.68080 0.64395 0.32334
0.61363 0.72280 0.29722
0.64819 0.72116 0.28088
0.67364 0.69339 0.27412
0.67505 0.65575 0.28088
0.65160 0.63029 0.29722
0.61704 0.63193 0.31356
0.59159 0.65971 0.32032
0.59018 0.69734 0.31356
0.59230 0.71377 0.26242
0.62592 0.71512 0.24421
0.65365 0.68984 0.23666
0.65923 0.65274 0.24421
0.63939 0.62555 0.26242
0.60577 0.62420 0.28064
0.57804 0.64948 0.28819
0.57246 0.68658 0.28064
0.57129 0.70239 0.22911
0.60369 0.70568 0.20901
0.63286 0.68234 0.20068
0.64171 0.64605 0.20901
0.62505 0.61807 0.22911
0.59266 0.61478 0.24921
0.56349 0.63811 0.25754
0.55464 0.67440 0.24921
0.55036 0.68893 0.19744
0.58141 0.69337 0.17552
0.61147 0.67150 0.16644
0.62294 0.63613 0.17552
0.60908 0.60799 0.19744
0.57803 0.60356 0.21936
0.54797 0.62543 0.22844
0.53651 0.66079 0.21936
0.52936 0.67363 0.16756
0.55903 0.67863 0.14392
0.58963 0.65784 0.13413
0.60323 0.62343 0.14392
0.59186 0.59556 0.16756
0.56218 0.59056 0.19119
0.53158 0.61136 0.20099
0.51798 0.64576 0.19119
0.50823 0.65667 0.13955
0.53655 0.66180 0.11433
0.56744 0.64178 0.10388
0.58282 0.60834 0.11433
0.57367 0.58105 0.13955
0.54536 0.57592 0.16478
0.51447 0.59594 0.17523
0.49909 0.62939 0.16478
0.48700 0.63826 0.11349
0.51398 0.64321 0.08681
0.54501 0.62373 0.07576
0.56190 0.59122 0.08681
0.55477 0.56473 0.11349
0.52779 0.55977 0.14017
0.49676 0.57926 0.15123
0.47987 0.61177 0.14017
0.46568 0.61859 0.08941
0.49138 0.62313 0.06141
0.52243 0.60399 0.04982
0.54064 0.57240 0.06141
0.53535 0.54685 0.08941
0.50965 0.54231 0.11740
0.47860 0.56144 0.12900
0.46039 0.59304 0.11740
0.44434 0.59785 0.06730
0.46880 0.60181 0.03814
0.49980 0.58289 0.02606
0.51917 0.55218 0.03814
0.51557 0.52766 0.06730
0.49112 0.52370 0.09647
0.46012 0.54262 0.10855
0.44075 0.57333 0.09647
0.42305 0.57623 0.04716
0.44633 0.57949 0.01696
0.47722 0.56068 0.00445
0.49763 0.53082 0.01696
0.49560 0.50741 0.04716
0.47232 0.50414 0.07735
0.44143 0.52295 0.08986
0.42102 0.55281 0.07735
0.40188 0.55389 0.02892
0.42403 0.55638 -0.00218
0.45479 0.53761 -0.01506
0.47613 0.50858 -0.00218
0.47556 0.48629 0.02892
0.45340 0.48380 0.06003
0.42265 0.50257 0.07291
0.40130 0.53161 0.06003
0.38089 0.53101 0.01254
0.40198 0.53268 -0.01935
0.43259 0.51389 -0.03255
0.45479 0.48565 -0.01935
0.45557 0.46451 0.01254
0.43448 0.46284 0.04443
0.40387 0.48163 0.05764
0.38167 0.50987 0.04443
0.36016 0.50772 -0.00207
0.38025 0.50854 -0.03463
0.41070 0.48970 -0.04811
0.43369 0.46224 -0.03463
0.43573 0.44224 -0.00207
0.41564 0.44142 0.03050
0.38519 0.46026 0.04398
0.36220 0.48772 0.03050
0.33975 0.48416 -0.01499
0.35889 0.48414 -0.04812
0.38920 0.46523 -0.06185
0.41291 0.43851 -0.04812
0.41614 0.41963 -0.01499
0.39699 0.41966 0.01815
0.36669 0.43857 0.03187
0.34297 0.46529 0.01815
0.31972 0.46045 -0.02632
0.33799 0.45958 -0.05994
0.36815 0.44059 -0.07386
0.39254 0.41460 -0.05994
0.39688 0.39683 -0.02632
0.37861 0.39770 0.00729
0.34844 0.41669 0.02122
0.32405 0.44268 0.00729
0.30012 0.43668 -0.03617
0.31758 0.43500 -0.07019
0.34762 0.41593 -0.08428
0.37265 0.39065 -0.07019
0.37801 0.37395 -0.03617
0.36056 0.37563 -0.00216
0.33052 0.39470 0.01193
0.30548 0.41998 -0.00216
0.28101 0.41294 -0.04465
0.29771 0.41047 -0.07900
0.32764 0.39134 -0.09322
0.35328 0.36675 -0.07900
0.35960 0.35110 -0.04465
0.34290 0.35356 -0.01031
0.31297 0.37269 0.00392
0.28733 0.39729 -0.01031
0.26242 0.38930 -0.05186
0.27842 0.38609 -0.08647
0.30827 0.36691 -0.10081
0.33448 0.34299 -0.08647
0.34170 0.32835 -0.05186
0.32569 0.33156 -0.01725
0.29584 0.35074 -0.00291
0.26963 0.37466 -0.01725
0.24438 0.36583 -0.05791
0.25975 0.36192 -0.09273
0.28954 0.34271 -0.10716
0.31630 0.31946 -0.09273
0.32434 0.30579 -0.05791
0.30897 0.30970 -0.02308
0.27918 0.32891 -0.00866
0.25242 0.35216 -0.02308
0.22692 0.34258 -0.06290
0.24173 0.33801 -0.09789
0.27148 0.31880 -0.11239
0.29876 0.29620 -0.09789
0.30757 0.28346 -0.06290
0.29277 0.28803 -0.02791
0.26301 0.30724 -0.01342
0.23574 0.32983 -0.02791
0.21006 0.31958 -0.06694
0.22436 0.31439 -0.10206
0.25411 0.29521 -0.11661
0.28188 0.27327 -0.10206
0.29141 0.26142 -0.06694
0.27712 0.26660 -0.03183
0.24737 0.28578 -0.01728
0.21959 0.30772 -0.03183
0.19383 0.29686 -0.07013
0.20768 0.29112 -0.10534
0.23744 0.27200 -0.11993
0.26570 0.25070 -0.10534
0.27588 0.23970 -0.07013
0.26203 0.24544 -0.03492
0.23227 0.26456 -0.02034
0.20401 0.28586 -0.03492
0.17822 0.27445 -0.07256
0.19168 0.26820 -0.10783
0.22149 0.24917 -0.12245
0.25020 0.22851 -0.10783
0.26099 0.21833 -0.07256
0.24754 0.22458 -0.03728
0.21772 0.24361 -0.02267
0.18901 0.26426 -0.03728
0.16325 0.25236 -0.07431
0.17637 0.24565 -0.10963
0.20626 0.22675 -0.12426
0.23541 0.20674 -0.10963
0.24675 0.19733 -0.07431
0.23363 0.20403 -0.03899
0.20374 0.22293 -0.02437
0.17459 0.24295 -0.03899
0.14892 0.23060 -0.07548
0.16175 0.22349 -0.11082
0.19174 0.20476 -0.12546
0.22131 0.18538 -0.11082
0.23315 0.17671 -0.07548
0.22031 0.18382 -0.04013
0.19033 0.20255 -0.02549
0.16075 0.22193 -0.04013
0.13522 0.20919 -0.07612
0.14782 0.20172 -0.11148
0.17793 0.18319 -0.12612
0.20791 0.16445 -0.11148
0.22019 0.15647 -0.07612
0.20759 0.16394 -0.04077
0.17748 0.18247 -0.02613
0.14751 0.20122 -0.04077
0.12215 0.18812 -0.07633
0.13457 0.18035 -0.11168
0.16482 0.16205 -0.12632
0.19519 0.14394 -0.11168
0.20788 0.13663 -0.07633
0.19546 0.14440 -0.04097
0.16521 0.16270 -0.02633
0.13484 0.18081 -0.04097
0.10971 0.16739 -0.07615
0.12199 0.15937 -0.11150
0.15240 0.14134 -0.12614
0.18314 0.12386 -0.11150
0.19619 0.11718 -0.07615
0.18391 0.12520 -0.04080
0.15350 0.14323 -0.02616
0.12276 0.16070 -0.04080
0.09788 0.14700 -0.07565
0.11006 0.13878 -0.11098
0.14065 0.12105 -0.12562
0.17174 0.10420 -0.11098
0.18511 0.09811 -0.07565
0.17293 0.10633 -0.04032
0.14234 0.12406 -0.02568
0.11125 0.14090 -0.04032
0.08665 0.12695 -0.07488
0.09876 0.11857 -0.11020
0.12955 0.10118 -0.12483
0.16098 0.08496 -0.11020
0.17463 0.07942 -0.07488
0.16251 0.08780 -0.03956
0.13172 0.10519 -0.02494
0.10030 0.12141 -0.03956
0.07600 0.10723 -0.07390
0.08809 0.09875 -0.10920
0.11909 0.08172 -0.12382
0.15083 0.06612 -0.10920
0.16472 0.06109 -0.07390
0.15263 0.06958 -0.03860
0.12163 0.08661 -0.02397
0.08989 0.10220 -0.03860
0.06592 0.08784 -0.07274
0.07802 0.07929 -0.10802
0.10923 0.06266 -0.12264
0.14127 0.04768 -0.10802
0.15537 0.04313 -0.07274
0.14327 0.05168 -0.03745
0.11206 0.06831 -0.02284
0.08002 0.08329 -0.03745
0.05640 0.06877 -0.07144
0.06853 0.06020 -0.10671
0.09997 0.04399 -0.12131
0.13229 0.02962 -0.10671
0.14656 0.02551 -0.07144
0.13442 0.03407 -0.03617
0.10299 0.05029 -0.02156
0.07067 0.06466 -0.03617
0.04741 0.05001 -0.07004
0.05960 0.04147 -0.10529
0.09126 0.02570 -0.11989
0.12384 0.01193 -0.10529
0.13826 0.00823 -0.07004
0.12607 0.01677 -0.03478
0.09441 0.03254 -0.02018
0.06182 0.04631 -0.03478
0.03893 0.03157 -0.06856
0.05120 0.02309 -0.10381
0.08309 0.00778 -0.11840
0.11591 -0.00541 -0.10381
0.13045 -0.00874 -0.06856
0.11818 -0.00026 -0.03332
0.08629 0.01505 -0.01872
0.05347 0.02824 -0.03332
0.03095 0.01342 -0.06705
0.04331 0.00505 -0.10228
0.07542 -0.00979 -0.11688
0.10848 -0.02240 -0.10228
0.12311 -0.02539 -0.06705
0.11074 -0.01702 -0.03181
0.07863 -0.00218 -0.01722
0.04558 0.01043 -0.03181
0.02344 -0.00442 -0.06551
0.03591 -0.01266 -0.10074
0.06825 -0.02701 -0.11533
0.10151 -0.03906 -0.10074
0.11621 -0.04175 -0.06551
0.10374 -0.03352 -0.03028
0.07140 -0.01917 -0.01569
0.03814 -0.00712 -0.03028
0.01638 -0.02198 -0.06397
0.02897 -0.03005 -0.09920
0.06153 -0.04389 -0.11379
0.09498 -0.05540 -0.09920
0.10973 -0.05783 -0.06397
0.09714 -0.04976 -0.02875
0.06459 -0.03592 -0.01416
0.03113 -0.02441 -0.02875
0.00975 -0.03925 -0.06246
0.02247 -0.04712 -0.09768
0.05524 -0.06045 -0.11227
0.08887 -0.07143 -0.09768
0.10365 -0.07364 -0.06246
0.09094 -0.06577 -0.02723
0.05817 -0.05244 -0.01264
0.02454 -0.04145 -0.02723
0.00354 -0.05624 -0.06097
0.01638 -0.06388 -0.09620
0.04936 -0.07669 -0.11080
0.08315 -0.08718 -0.09620
0.09795 -0.08919 -0.06097
0.08511 -0.08154 -0.02574
0.05214 -0.06873 -0.01115
0.01835 -0.05825 -0.02574
-0.00229 -0.07295 -0.05954
0.01069 -0.08034 -0.09477
0.04386 -0.09264 -0.10937
0.07779 -0.10264 -0.09477
0.09261 -0.10449 -0.05954
0.07963 -0.09710 -0.02430
0.04646 -0.08480 -0.00971
0.01253 -0.07480 -0.02430
-0.00775 -0.08939 -0.05816
0.00536 -0.09651 -0.09340
0.03872 -0.10829 -0.10800
0.07278 -0.11783 -0.09340
0.08760 -0.11955 -0.05816
0.07449 -0.11243 -0.02292
0.04113 -0.10065 -0.00832
0.00707 -0.09111 -0.02292
-0.01286 -0.10557 -0.05686
0.00038 -0.11239 -0.09211
0.03391 -0.12366 -0.10671
0.06809 -0.13277 -0.09211
0.08290 -0.13438 -0.05686
0.06966 -0.12756 -0.02161
0.03613 -0.11629 -0.00700
0.00195 -0.10718 -0.02161
-0.01764 -0.12148 -0.05563
-0.00427 -0.12800 -0.09089
0.02942 -0.13876 -0.10549
0.06371 -0.14746 -0.09089
0.07850 -0.14900 -0.05563
0.06513 -0.14249 -0.02037
0.03143 -0.13173 -0.00576
-0.00285 -0.12303 -0.02037
-0.02212 -0.13714 -0.05448
-0.00863 -0.14333 -0.08975
0.02522 -0.15359 -0.10436
0.05960 -0.16191 -0.08975
0.07437 -0.16341 -0.05448
0.06088 -0.15722 -0.01921
0.02703 -0.14696 -0.00460
-0.00735 -0.13864 -0.01921
-0.02631 -0.15255 -0.05342
-0.01270 -0.15840 -0.08871
0.02129 -0.16817 -0.10332
0.05576 -0.17613 -0.08871
0.07050 -0.17761 -0.05342
0.05689 -0.17176 -0.01814
0.02289 -0.16199 -0.00353
-0.01157 -0.15403 -0.01814
-0.03023 -0.16771 -0.05246
-0.01650 -0.17321 -0.08776
0.01762 -0.18250 -0.10237
0.05215 -0.19013 -0.08776
0.06687 -0.19162 -0.05246
0.05314 -0.18611 -0.01717
0.01902 -0.17683 -0.00255
-0.01552 -0.16920 -0.01717
-0.03390 -0.18262 -0.05159
-0.02007 -0.18777 -0.08690
0.01418 -0.19659 -0.10152
0.04878 -0.20391 -0.08690
0.06346 -0.20544 -0.05159
0.04963 -0.20029 -0.01629
0.01538 -0.19147 -0.00166
-0.01922 -0.18415 -0.01629
-0.03734 -0.19729 -0.05083
-0.02340 -0.20209 -0.08614
0.01095 -0.21045 -0.10077
0.04561 -0.21749 -0.08614
0.06026 -0.21908 -0.05083
0.04632 -0.21429 -0.01551
0.01197 -0.20592 -0.00088
-0.02269 -0.19888 -0.01551
-0.04056 -0.21173 -0.05016
-0.02653 -0.21616 -0.08549
0.00793 -0.22409 -0.10012
0.04263 -0.23088 -0.08549
0.05725 -0.23254 -0.05016
0.04322 -0.22812 -0.01484
0.00876 -0.22018 -0.00020
-0.02594 -0.21340 -0.01484
-0.04358 -0.22593 -0.04960
-0.02946 -0.22999 -0.08494
0.00509 -0.23750 -0.09957
0.03984 -0.24406 -0.08494
0.05442 -0.24583 -0.04960
0.04030 -0.24177 -0.01427
0.00575 -0.23426 0.00037
-0.02899 -0.22770 -0.01427
-0.04641 -0.23991 -0.04914
-0.03221 -0.24360 -0.08449
0.00242 -0.25070 -0.09913
0.03720 -0.25706 -0.08449
0.05175 -0.25895 -0.04914
0.03755 -0.25527 -0.01380
0.00292 -0.24816 0.00084
-0.03186 -0.24180 -0.01380
-0.04908 -0.25366 -0.04879
-0.03480 -0.25697 -0.08414
-0.00009 -0.26369 -0.09878
0.03472 -0.26988 -0.08414
0.04924 -0.27191 -0.04879
0.03496 -0.26860 -0.01344
0.00025 -0.26188 0.00120
-0.03456 -0.25569 -0.01344
-0.05159 -0.26719 -0.04854
-0.03724 -0.27013 -0.08390
-0.00246 -0.27648 -0.09854
0.03238 -0.28252 -0.08390
0.04686 -0.28471 -0.04854
0.03251 -0.28177 -0.01319
-0.00227 -0.27542 0.00145
-0.03711 -0.26938 -0.01319
-0.05396 -0.28050 -0.04840
-0.03954 -0.28307 -0.08376
-0.00470 -0.28906 -0.09840
0.03016 -0.29498 -0.08376
0.04461 -0.29735 -0.04840
0.03019 -0.29478 -0.01305
-0.00465 -0.28878 0.00160
-0.03951 -0.28287 -0.01305
-0.05620 -0.29360 -0.04837
-0.04172 -0.29579 -0.08372
-0.00682 -0.30145 -0.09836
0.02806 -0.30727 -0.08372
0.04248 -0.30984 -0.04837
0.02800 -0.30764 -0.01301
-0.00690 -0.30198 0.00163
-0.04178 -0.29616 -0.01301
-0.05832 -0.30648 -0.04843
-0.04378 -0.30830 -0.08379
-0.00883 -0.31365 -0.09843
0.02606 -0.31939 -0.08379
0.04045 -0.32217 -0.04843
0.02591 -0.32035 -0.01308
-0.00904 -0.31500 0.00156
-0.04393 -0.30926 -0.01308
-0.06033 -0.31916 -0.04861
-0.04573 -0.32060 -0.08395
-0.01074 -0.32566 -0.09859
0.02415 -0.33135 -0.08395
0.03851 -0.33436 -0.04861
0.02391 -0.33291 -0.01326
-0.01108 -0.32786 0.00138
-0.04597 -0.32217 -0.01326
-0.06225 -0.33163 -0.04888
-0.04760 -0.33270 -0.08422
-0.01256 -0.33747 -0.09886
0.02234 -0.34315 -0.08422
0.03666 -0.34640 -0.04888
0.02201 -0.34533 -0.01355
-0.01303 -0.34056 0.00109
-0.04793 -0.33489 -0.01355
-0.06408 -0.34390 -0.04926
-0.04938 -0.34460 -0.08459
-0.01431 -0.34911 -0.09922
0.02059 -0.35478 -0.08459
0.03488 -0.35830 -0.04926
0.02018 -0.35760 -0.01394
-0.01489 -0.35309 0.00069
-0.04979 -0.34742 -0.01394
-0.06583 -0.35597 -0.04975
-0.05109 -0.35630 -0.08506
-0.01598 -0.36056 -0.09969
0.01892 -0.36626 -0.08506
0.03317 -0.37006 -0.04975
0.01842 -0.36973 -0.01444
-0.01668 -0.36547 0.00019
-0.05158 -0.35977 -0.01444
-0.06752 -0.36784 -0.05034
-0.05273 -0.36780 -0.08563
-0.01759 -0.37183 -0.10025
0.01730 -0.37758 -0.08563
0.03152 -0.38167 -0.05034
0.01672 -0.38172 -0.01505
-0.01841 -0.37769 -0.00043
-0.05331 -0.37194 -0.01505
-0.06915 -0.37952 -0.05103
-0.05431 -0.37910 -0.08630
-0.01915 -0.38292 -0.10091
0.01574 -0.38874 -0.08630
0.02991 -0.39315 -0.05103
0.01507 -0.39357 -0.01576
-0.02009 -0.38976 -0.00115
-0.05498 -0.38394 -0.01576
-0.07073 -0.39101 -0.05183
-0.05585 -0.39021 -0.08707
-0.02066 -0.39383 -0.10167
0.01422 -0.39975 -0.08707
0.02835 -0.40450 -0.05183
0.01346 -0.40529 -0.01658
-0.02172 -0.40167 -0.00199
-0.05660 -0.39576 -0.01658
-0.07227 -0.40230 -0.05273
-0.05733 -0.40113 -0.08794
-0.02212 -0.40457 -0.10253
0.01274 -0.41061 -0.08794
0.02683 -0.41571 -0.05273
0.01189 -0.41688 -0.01752
-0.02332 -0.41344 -0.00293
-0.05818 -0.40741 -0.01752
-0.07377 -0.41341 -0.05374
-0.05879 -0.41186 -0.08891
-0.02355 -0.41513 -0.10349
0.01129 -0.42131 -0.08891
0.02533 -0.42679 -0.05374
0.01034 -0.42834 -0.01856
-0.02489 -0.42507 -0.00399
-0.05974 -0.41889 -0.01856
-0.07525 -0.42433 -0.05485
-0.06021 -0.42240 -0.08999
-0.02495 -0.42552 -0.10454
0.00987 -0.43187 -0.08999
0.02385 -0.43774 -0.05485
0.00881 -0.43968 -0.01971
-0.02645 -0.43655 -0.00516
-0.06126 -0.43020 -0.01971
-0.07670 -0.43507 -0.05607
-0.06160 -0.43274 -0.09116
-0.02633 -0.43573 -0.10569
0.00846 -0.44228 -0.09116
0.02239 -0.44856 -0.05607
0.00729 -0.45088 -0.02098
-0.02798 -0.44790 -0.00645
-0.06277 -0.44135 -0.02098
-0.07814 -0.44563 -0.05740
-0.06298 -0.44290 -0.09243
-0.02768 -0.44577 -0.10694
0.00707 -0.45254 -0.09243
0.02093 -0.45925 -0.05740
0.00578 -0.46197 -0.02236
-0.02952 -0.45911 -0.00785
-0.06428 -0.45234 -0.02236
-0.07956 -0.45600 -0.05883
-0.06434 -0.45288 -0.09380
-0.02903 -0.45563 -0.10829
0.00569 -0.46265 -0.09380
0.01948 -0.46982 -0.05883
0.00426 -0.47294 -0.02386
-0.03106 -0.47018 -0.00937
-0.06578 -0.46317 -0.02386
-0.08098 -0.46619 -0.06038
-0.06569 -0.46266 -0.09528
-0.03036 -0.46533 -0.10974
0.00432 -0.47261 -0.09528
0.01802 -0.48026 -0.06038
0.00273 -0.48379 -0.02548
-0.03260 -0.48113 -0.01102
-0.06728 -0.47384 -0.02548
-0.08241 -0.47620 -0.06204
-0.06704 -0.47226 -0.09686
-0.03168 -0.47484 -0.11129
0.00294 -0.48243 -0.09686
0.01655 -0.49058 -0.06204
0.00118 -0.49452 -0.02722
-0.03417 -0.49194 -0.01279
-0.06879 -0.48435 -0.02722
-0.08383 -0.48603 -0.06381
-0.06838 -0.48168 -0.09855
-0.03301 -0.48419 -0.11294
0.00156 -0.49211 -0.09855
0.01507 -0.50078 -0.06381
-0.00039 -0.50514 -0.02908
-0.03576 -0.50263 -0.01469
-0.07032 -0.49471 -0.02908
-0.08527 -0.49569 -0.06571
-0.06972 -0.49090 -0.10034
-0.03433 -0.49336 -0.11469
0.00017 -0.50163 -0.10034
0.01357 -0.51087 -0.06571
-0.00198 -0.51565 -0.03107
-0.03738 -0.51319 -0.01672
-0.07188 -0.50492 -0.03107
-0.08673 -0.50516 -0.06772
-0.07107 -0.49994 -0.10225
-0.03566 -0.50236 -0.11655
-0.00123 -0.51102 -0.10225
0.01204 -0.52083 -0.06772
-0.00362 -0.52606 -0.03320
-0.03903 -0.52363 -0.01889
-0.07346 -0.51498 -0.03320
-0.08820 -0.51446 -0.06986
-0.07243 -0.50879 -0.10426
-0.03699 -0.51119 -0.11851
-0.00266 -0.52026 -0.10426
0.01047 -0.53068 -0.06986
-0.00530 -0.53635 -0.03546
-0.04074 -0.53395 -0.02121
-0.07507 -0.52488 -0.03546
-0.08970 -0.52358 -0.07212
-0.07380 -0.51745 -0.10639
-0.03834 -0.51985 -0.12058
-0.00410 -0.52936 -0.10639
0.00887 -0.54042 -0.07212
-0.00703 -0.54655 -0.03786
-0.04249 -0.54415 -0.02367
-0.07673 -0.53464 -0.03786
-0.09123 -0.53252 -0.07452
-0.07518 -0.52593 -0.10863
-0.03970 -0.52833 -0.12276
-0.00556 -0.53832 -0.10863
0.00723 -0.55004 -0.07452
-0.00882 -0.55663 -0.04041
-0.04430 -0.55423 -0.02628
-0.07844 -0.54425 -0.04041
-0.09278 -0.54128 -0.07705
-0.07658 -0.53422 -0.11099
-0.04107 -0.53664 -0.12505
-0.00706 -0.54714 -0.11099
0.00553 -0.55955 -0.07705
-0.01068 -0.56662 -0.04311
-0.04619 -0.56420 -0.02905
-0.08020 -0.55370 -0.04311
-0.09438 -0.54986 -0.07972
-0.07799 -0.54231 -0.11347
-0.04245 -0.54478 -0.12745
-0.00858 -0.55582 -0.11347
0.00378 -0.56896 -0.07972
-0.01261 -0.57651 -0.04597
-0.04814 -0.57404 -0.03199
-0.08201 -0.56300 -0.04597
-0.09601 -0.55826 -0.08253
-0.07942 -0.55022 -0.11607
-0.04385 -0.55275 -0.12996
-0.01014 -0.56436 -0.11607
0.00197 -0.57825 -0.08253
-0.01462 -0.58629 -0.04900
-0.05018 -0.58377 -0.03511
-0.08390 -0.57216 -0.04900
-0.09768 -0.56647 -0.08550
-0.08087 -0.55794 -0.11880
-0.04527 -0.56054 -0.13260
-0.01174 -0.57277 -0.11880
0.00009 -0.58744 -0.08550
-0.01671 -0.59598 -0.05220
-0.05231 -0.59337 -0.03840
-0.08585 -0.58115 -0.05220
-0.09940 -0.57450 -0.08862
-0.08235 -0.56546 -0.12166
-0.04671 -0.56817 -0.13535
-0.01337 -0.58104 -0.12166
-0.00186 -0.59653 -0.08862
-0.01891 -0.60557 -0.05557
-0.05455 -0.60286 -0.04189
-0.08789 -0.58999 -0.05557
-0.10117 -0.58234 -0.09190
-0.08384 -0.57280 -0.12466
-0.04817 -0.57563 -0.13823
-0.01505 -0.58918 -0.12466
-0.00389 -0.60551 -0.09190
-0.02122 -0.61505 -0.05914
-0.05689 -0.61222 -0.04557
-0.09000 -0.59867 -0.05914
-0.10299 -0.58999 -0.09535
-0.08536 -0.57995 -0.12780
-0.04965 -0.58293 -0.14124
-0.01678 -0.59720 -0.12780
-0.00601 -0.61439 -0.09535
-0.02364 -0.62444 -0.06290
-0.05934 -0.62145 -0.04946
-0.09221 -0.60718 -0.06290
-0.10486 -0.59745 -0.09897
-0.08690 -0.58690 -0.13108
-0.05115 -0.59007 -0.14437
-0.01857 -0.60509 -0.13108
-0.00822 -0.62317 -0.09897
-0.02618 -0.63371 -0.06687
-0.06193 -0.63055 -0.05357
-0.09451 -0.61552 -0.06687
-0.10678 -0.60471 -0.10277
-0.08846 -0.59367 -0.13451
-0.05268 -0.59705 -0.14765
-0.02040 -0.61287 -0.13451
-0.01054 -0.63185 -0.10277
-0.02887 -0.64288 -0.07104
-0.06465 -0.63950 -0.05790
-0.09692 -0.62369 -0.07104
-0.10877 -0.61176 -0.10677
-0.09004 -0.60025 -0.13809
-0.05422 -0.60388 -0.15107
-0.02230 -0.62053 -0.13809
-0.01297 -0.64043 -0.10677
-0.03170 -0.65194 -0.07544
-0.06751 -0.64831 -0.06247
-0.09944 -0.63167 -0.07544
-0.11081 -0.61862 -0.11096
-0.09164 -0.60665 -0.14184
-0.05579 -0.61057 -0.15463
-0.02425 -0.62808 -0.14184
-0.01551 -0.64892 -0.11096
-0.03468 -0.66088 -0.08007
-0.07054 -0.65697 -0.06728
-0.10207 -0.63946 -0.08007
-0.11291 -0.62526 -0.11535
-0.09326 -0.61286 -0.14576
-0.05738 -0.61711 -0.15835
-0.02628 -0.63552 -0.14576
-0.01819 -0.65731 -0.11535
-0.03784 -0.66970 -0.08495
-0.07373 -0.66545 -0.07235
-0.10482 -0.64704 -0.08495
-0.11508 -0.63169 -0.11996
-0.09490 -0.61889 -0.14986
-0.05899 -0.62353 -0.16224
-0.02838 -0.64287 -0.14986
-0.02100 -0.66560 -0.11996
-0.04118 -0.67839 -0.09007
-0.07710 -0.67376 -0.07769
-0.10770 -0.65441 -0.09007
-0.11730 -0.63790 -0.12480
-0.09656 -0.62475 -0.15414
-0.06063 -0.62982 -0.16630
-0.03056 -0.65013 -0.15414
-0.02397 -0.67379 -0.12480
-0.04472 -0.68694 -0.09545
-0.08065 -0.68187 -0.08330
-0.11071 -0.66156 -0.09545
-0.11959 -0.64388 -0.12987
-0.09823 -0.63043 -0.15863
-0.06229 -0.63600 -0.17054
-0.03283 -0.65731 -0.15863
-0.02710 -0.68189 -0.12987
-0.04846 -0.69534 -0.10110
-0.08440 -0.68978 -0.08919
-0.11386 -0.66846 -0.10110
-0.12194 -0.64963 -0.13518
-0.09992 -0.63594 -0.16333
-0.06399 -0.64207 -0.17499
-0.03520 -0.66442 -0.16333
-0.03040 -0.68989 -0.13518
-0.05242 -0.70358 -0.10703
-0.08835 -0.69745 -0.09537
-0.11715 -0.67511 -0.10703
-0.12435 -0.65514 -0.14075
-0.10162 -0.64129 -0.16825
-0.06572 -0.64805 -0.17964
-0.03767 -0.67145 -0.16825
-0.03390 -0.69780 -0.14075
-0.05662 -0.71164 -0.11324
-0.09252 -0.70489 -0.10185
-0.12058 -0.68148 -0.11324
-0.12681 -0.66041 -0.14658
-0.10334 -0.64648 -0.17341
-0.06749 -0.65395 -0.18452
-0.04026 -0.67843 -0.17341
-0.03760 -0.70559 -0.14658
-0.06107 -0.71952 -0.11975
-0.09692 -0.71205 -0.10864
-0.12415 -0.68757 -0.11975
-0.12932 -0.66543 -0.15270
-0.10507 -0.65152 -0.17883
-0.06930 -0.65978 -0.18965
-0.04298 -0.68537 -0.17883
-0.04152 -0.71329 -0.15270
-0.06578 -0.72719 -0.12657
-0.10154 -0.71893 -0.11575
-0.12786 -0.69335 -0.12657
-0.13189 -0.67019 -0.15910
-0.10681 -0.65642 -0.18451
-0.07117 -0.66556 -0.19504
-0.04585 -0.69225 -0.18451
-0.04568 -0.72087 -0.15910
-0.07077 -0.73464 -0.13369
-0.10641 -0.72550 -0.12317
-0.13172 -0.69880 -0.13369
-0.13450 -0.67469 -0.16582
-0.10856 -0.66117 -0.19049
-0.07309 -0.67129 -0.20071
-0.04888 -0.69911 -0.19049
-0.05010 -0.72833 -0.16582
-0.07605 -0.74184 -0.14114
-0.11151 -0.73173 -0.13092
-0.13572 -0.70391 -0.14114
-0.13715 -0.67892 -0.17285
-0.11032 -0.66580 -0.19678
-0.07510 -0.67699 -0.20669
-0.05210 -0.70593 -0.19678
-0.05481 -0.73566 -0.17285
-0.08163 -0.74878 -0.14891
-0.11686 -0.73759 -0.13900
-0.13986 -0.70866 -0.14891
-0.13983 -0.68288 -0.18021
-0.11211 -0.67031 -0.20340
-0.07719 -0.68267 -0.21301
-0.05552 -0.71272 -0.20340
-0.05981 -0.74285 -0.18021
-0.08753 -0.75543 -0.15702
-0.12246 -0.74307 -0.14741
-0.14412 -0.71302 -0.15702
-0.14254 -0.68657 -0.18792
-0.11391 -0.67471 -0.21037
-0.07938 -0.68834 -0.21967
-0.05918 -0.71948 -0.21037
-0.06514 -0.74989 -0.18792
-0.09377 -0.76176 -0.16547
-0.12830 -0.74812 -0.15617
-0.14850 -0.71698 -0.16547
-0.14527 -0.68999 -0.19600
-0.11575 -0.67900 -0.21772
-0.08171 -0.69400 -0.22672
-0.06310 -0.72621 -0.21772
-0.07082 -0.75675 -0.19600
-0.10034 -0.76774 -0.17427
-0.13438 -0.75274 -0.16527
-0.15299 -0.72053 -0.17427
-0.14801 -0.69314 -0.20445
-0.11762 -0.68320 -0.22547
-0.08419 -0.69967 -0.23418
-0.06731 -0.73290 -0.22547
-0.07687 -0.76341 -0.20445
-0.10727 -0.77334 -0.18343
-0.14069 -0.75688 -0.17473
-0.15757 -0.72365 -0.18343
-0.15077 -0.69602 -0.21331
-0.11954 -0.68732 -0.23365
-0.08685 -0.70535 -0.24208
-0.07185 -0.73953 -0.23365
-0.08332 -0.76984 -0.21331
-0.11454 -0.77854 -0.19296
-0.14723 -0.76051 -0.18454
-0.16224 -0.72633 -0.19296
-0.15353 -0.69864 -0.22257
-0.12154 -0.69137 -0.24227
-0.08973 -0.71103 -0.25043
-0.07674 -0.74608 -0.24227
-0.09018 -0.77601 -0.22257
-0.12217 -0.78328 -0.20288
-0.15398 -0.76363 -0.19472
-0.16697 -0.72857 -0.20288
-0.15631 -0.70102 -0.23227
-0.12363 -0.69536 -0.25137
-0.09287 -0.71670 -0.25929
-0.08203 -0.75254 -0.25137
-0.09748 -0.78188 -0.23227
-0.13015 -0.78755 -0.21318
-0.16092 -0.76621 -0.20526
-0.17175 -0.73036 -0.21318
-0.15910 -0.70316 -0.24243
-0.12585 -0.69928 -0.26097
-0.09630 -0.72235 -0.26866
-0.08776 -0.75885 -0.26097
-0.10522 -0.78741 -0.24243
-0.13847 -0.79129 -0.22388
-0.16802 -0.76822 -0.21620
-0.17657 -0.73172 -0.22388
-0.16192 -0.70508 -0.25305
-0.12823 -0.70315 -0.27110
-0.10008 -0.72796 -0.27857
-0.09394 -0.76499 -0.27110
-0.11343 -0.79254 -0.25305
-0.14712 -0.79447 -0.23499
-0.17527 -0.76966 -0.22752
-0.18141 -0.73263 -0.23499
-0.16480 -0.70680 -0.26415
-0.13082 -0.70695 -0.28177
-0.10424 -0.73349 -0.28906
-0.10062 -0.77089 -0.28177
-0.12209 -0.79722 -0.26415
-0.15606 -0.79707 -0.24654
-0.18264 -0.77053 -0.23925
-0.18626 -0.73313 -0.24654
-0.16775 -0.70832 -0.27577
-0.13367 -0.71067 -0.29301
-0.10885 -0.73890 -0.30015
-0.10782 -0.77649 -0.29301
-0.13120 -0.80140 -0.27577
-0.16529 -0.79905 -0.25853
-0.19011 -0.77082 -0.25139
-0.19113 -0.73323 -0.25853
-0.17083 -0.70965 -0.28792
-0.13683 -0.71429 -0.30485
-0.11393 -0.74414 -0.31187
-0.11556 -0.78172 -0.30485
-0.14076 -0.80503 -0.28792
-0.17476 -0.80039 -0.27099
-0.19765 -0.77054 -0.26397
-0.19603 -0.73296 -0.27099
-0.17407 -0.71080 -0.30062
-0.14035 -0.71777 -0.31731
-0.11954 -0.74914 -0.32423
-0.12384 -0.78653 -0.31731
-0.15073 -0.80804 -0.30062
-0.18445 -0.80108 -0.28392
-0.20526 -0.76971 -0.27700
-0.20096 -0.73232 -0.28392
-0.17753 -0.71176 -0.31388
-0.14429 -0.72107 -0.33041
-0.12571 -0.75382 -0.33726
-0.13267 -0.79082 -0.33041
-0.16109 -0.81040 -0.31388
-0.19433 -0.80109 -0.29735
-0.21291 -0.76835 -0.29051
-0.20595 -0.73135 -0.29735
-0.18126 -0.71251 -0.32774
-0.14871 -0.72413 -0.34417
-0.13247 -0.75811 -0.35098
-0.14204 -0.79453 -0.34417
-0.17182 -0.81206 -0.32774
-0.20437 -0.80044 -0.31130
-0.22061 -0.76647 -0.30450
-0.21104 -0.73005 -0.31130
-0.18532 -0.71302 -0.34220
-0.15365 -0.72689 -0.35861
-0.13982 -0.76192 -0.36540
-0.15192 -0.79758 -0.35861
-0.18288 -0.81299 -0.34220
-0.21454 -0.79911 -0.32580
-0.22838 -0.76409 -0.31900
-0.21627 -0.72842 -0.32580
-0.18977 -0.71325 -0.35730
-0.15916 -0.72928 -0.37374
-0.14779 -0.76517 -0.38056
-0.16232 -0.79992 -0.37374
-0.19424 -0.81315 -0.35730
-0.22485 -0.79712 -0.34086
-0.23622 -0.76122 -0.33405
-0.22169 -0.72648 -0.34086
-0.19466 -0.71314 -0.37305
-0.16526 -0.73120 -0.38960
-0.15636 -0.76778 -0.39645
-0.17319 -0.80147 -0.38960
-0.20588 -0.81251 -0.37305
-0.23528 -0.79445 -0.35650
-0.24418 -0.75787 -0.34965
-0.22735 -0.72419 -0.35650
-0.20004 -0.71265 -0.38946
-0.17197 -0.73259 -0.40618
-0.16555 -0.76967 -0.41310
-0.18452 -0.80217 -0.40618
-0.21778 -0.81106 -0.38946
-0.24584 -0.79112 -0.37275
-0.25227 -0.75403 -0.36583
-0.23330 -0.72153 -0.37275
-0.20594 -0.71168 -0.40657
-0.17933 -0.73335 -0.42350
-0.17533 -0.77075 -0.43052
-0.19629 -0.80199 -0.42350
-0.22993 -0.80877 -0.40657
-0.25655 -0.78710 -0.38963
-0.26055 -0.74970 -0.38262
-0.23959 -0.71846 -0.38963
-0.21241 -0.71018 -0.42437
-0.18732 -0.73339 -0.44158
-0.18569 -0.77096 -0.44871
-0.20847 -0.80087 -0.44158
-0.24232 -0.80561 -0.42437
-0.26741 -0.78239 -0.40716
-0.26904 -0.74483 -0.40003
-0.24626 -0.71492 -0.40716
-0.21947 -0.70806 -0.44289
-0.19597 -0.73265 -0.46043
-0.19663 -0.77021 -0.46770
-0.22107 -0.79875 -0.46043
-0.25496 -0.80155 -0.44289
-0.27846 -0.77697 -0.42535
-0.27780 -0.73940 -0.41808
-0.25337 -0.71086 -0.42535
-0.22715 -0.70523 -0.46214
-0.20527 -0.73102 -0.48006
-0.20813 -0.76845 -0.48748
-0.23406 -0.79560 -0.48006
-0.26786 -0.79657 -0.46214
-0.28973 -0.77079 -0.44422
-0.28687 -0.73336 -0.43680
-0.26095 -0.70620 -0.44422
-0.23545 -0.70161 -0.48213
-0.21521 -0.72843 -0.50047
-0.22018 -0.76560 -0.50806
-0.24744 -0.79137 -0.50047
-0.28102 -0.79063 -0.48213
-0.30125 -0.76381 -0.46379
-0.29628 -0.72664 -0.45619
-0.26903 -0.70087 -0.46379
-0.24439 -0.69711 -0.50286
-0.22580 -0.72478 -0.52166
-0.23278 -0.76160 -0.52945
-0.26122 -0.78599 -0.52166
-0.29447 -0.78367 -0.50286
-0.31305 -0.75599 -0.48406
-0.30608 -0.71918 -0.47627
-0.27764 -0.69479 -0.48406
-0.25397 -0.69163 -0.52433
-0.23704 -0.72000 -0.54363
-0.24591 -0.75636 -0.55163
-0.27540 -0.77940 -0.54363
-0.30822 -0.77564 -0.52433
-0.32516 -0.74727 -0.50503
-0.31629 -0.71091 -0.49704
-0.28680 -0.68786 -0.50503
-0.26421 -0.68508 -0.54655
-0.24890 -0.71400 -0.56639
-0.25957 -0.74982 -0.57461
-0.28998 -0.77156 -0.56639
-0.32231 -0.76648 -0.54655
-0.33762 -0.73756 -0.52671
-0.32695 -0.70174 -0.51849
-0.29654 -0.68000 -0.52671
-0.27511 -0.67736 -0.56950
-0.26140 -0.70669 -0.58991
-0.27377 -0.74190 -0.59837
-0.30498 -0.76238 -0.58991
-0.33674 -0.75612 -0.56950
-0.35045 -0.72680 -0.54909
-0.33808 -0.69158 -0.54064
-0.30687 -0.67111 -0.54909
-0.28667 -0.66838 -0.59317
-0.27453 -0.69797 -0.61418
-0.28850 -0.73251 -0.62289
-0.32040 -0.75178 -0.61418
-0.35154 -0.74448 -0.59317
-0.36368 -0.71489 -0.57215
-0.34971 -0.68035 -0.56345
-0.31781 -0.66108 -0.57215
-0.29888 -0.65802 -0.61753
-0.28828 -0.68774 -0.63918
-0.30377 -0.72157 -0.64814
-0.33626 -0.73969 -0.63918
-0.36673 -0.73148 -0.61753
-0.37733 -0.70176 -0.59589
-0.36185 -0.66793 -0.58692
-0.32935 -0.64981 -0.59589
-0.31175 -0.64618 -0.64256
-0.30266 -0.67591 -0.66486
-0.31956 -0.70898 -0.67410
-0.35257 -0.72601 -0.66486
-0.38233 -0.71702 -0.64256
-0.39143 -0.68729 -0.62025
-0.37452 -0.65422 -0.61101
-0.34152 -0.63719 -0.62025
-0.32528 -0.63275 -0.66821
-0.31765 -0.66237 -0.69120
-0.33589 -0.69464 -0.70072
-0.36933 -0.71064 -0.69120
-0.39836 -0.70101 -0.66821
-0.40599 -0.67138 -0.64521
-0.38774 -0.63912 -0.63569
-0.35431 -0.62312 -0.64521
-0.33945 -0.61762 -0.69442
-0.33325 -0.64702 -0.71812
-0.35276 -0.67844 -0.72794
-0.38655 -0.69349 -0.71812
-0.41483 -0.68334 -0.69442
-0.42103 -0.65394 -0.67072
-0.40152 -0.62251 -0.66090
-0.36773 -0.60747 -0.67072
-0.35426 -0.60067 -0.72114
-0.34945 -0.62973 -0.74557
-0.37015 -0.66028 -0.75569
-0.40424 -0.67443 -0.74557
-0.43174 -0.66389 -0.72114
-0.43655 -0.63484 -0.69670
-0.41585 -0.60428 -0.68658
-0.38177 -0.59013 -0.69670
-0.36971 -0.58178 -0.74828
-0.36625 -0.61039 -0.77346
-0.38808 -0.64004 -0.78389
-0.42240 -0.65337 -0.77346
-0.44911 -0.64257 -0.74828
-0.45257 -0.61397 -0.72309
-0.43074 -0.58431 -0.71266
-0.39642 -0.57098 -0.72309
-0.38577 -0.56084 -0.77574
-0.38363 -0.58888 -0.80169
-0.40652 -0.61761 -0.81244
-0.44102 -0.63019 -0.80169
-0.46694 -0.61925 -0.77574
-0.46908 -0.59121 -0.74979
-0.44619 -0.56248 -0.73904
-0.41168 -0.54990 -0.74979
-0.40243 -0.53772 -0.80341
-0.40157 -0.56510 -0.83014
-0.42546 -0.59287 -0.84121
-0.46011 -0.60476 -0.83014
-0.48521 -0.59382 -0.80341
-0.48607 -0.56645 -0.77668
-0.46218 -0.53868 -0.76561
-0.42753 -0.52678 -0.77668
-0.41967 -0.51232 -0.83116
-0.42006 -0.53891 -0.85868
-0.44490 -0.56569 -0.87008
-0.47964 -0.57698 -0.85868
-0.50394 -0.56616 -0.83116
-0.50355 -0.53957 -0.80365
-0.47870 -0.51278 -0.79225
-0.44396 -0.50150 -0.80365
-0.43745 -0.48451 -0.85884
-0.43906 -0.51021 -0.88715
-0.46480 -0.53598 -0.89887
-0.49961 -0.54673 -0.88715
-0.52309 -0.53615 -0.85884
-0.52148 -0.51045 -0.83053
-0.49574 -0.48468 -0.81880
-0.46093 -0.47394 -0.83053
-0.45576 -0.45419 -0.88626
-0.45854 -0.47888 -0.91536
-0.48514 -0.50361 -0.92741
-0.51998 -0.51389 -0.91536
-0.54264 -0.50370 -0.88626
-0.53986 -0.47901 -0.85715
-0.51326 -0.45428 -0.84510
-0.47842 -0.44400 -0.85715
-0.47453 -0.42127 -0.91322
-0.47847 -0.44484 -0.94311
-0.50588 -0.46850 -0.95549
-0.54072 -0.47838 -0.94311
-0.56257 -0.46870 -0.91322
-0.55863 -0.44513 -0.88333
-0.53122 -0.42147 -0.87095
-0.49639 -0.41159 -0.88333
-0.49374 -0.38565 -0.93951
-0.49879 -0.40799 -0.97017
-0.52698 -0.43054 -0.98287
-0.56179 -0.44010 -0.97017
-0.58283 -0.43107 -0.93951
-0.57778 -0.40874 -0.90885
-0.54959 -0.38619 -0.89615
-0.51478 -0.37662 -0.90885
-0.51331 -0.34729 -0.96487
-0.51945 -0.36826 -0.99628
-0.54838 -0.38968 -1.00929
-0.58314 -0.39899 -0.99628
-0.60338 -0.39074 -0.96487
-0.59724 -0.36977 -0.93345
-0.56832 -0.34835 -0.92044
-0.53355 -0.33904 -0.93345
-0.53319 -0.30612 -0.98902
-0.54039 -0.32561 -1.02116
-0.57001 -0.34585 -1.03447
-0.60471 -0.35498 -1.02116
-0.62415 -0.34766 -0.98902
-0.61695 -0.32817 -0.95688
-0.58733 -0.30793 -0.94357
-0.55263 -0.29879 -0.95688
-0.55329 -0.26212 -1.01167
-0.56152 -0.28000 -1.04449
-0.59181 -0.29903 -1.05809
-0.62642 -0.30806 -1.04449
-0.64508 -0.30180 -1.01167
-0.63686 -0.28392 -0.97885
-0.60657 -0.26489 -0.96526
-0.57195 -0.25587 -0.97885
-0.57353 -0.21533 -1.03250
-0.58276 -0.23146 -1.06595
-0.61368 -0.24924 -1.07980
-0.64820 -0.25823 -1.06595
-0.66609 -0.25318 -1.03250
-0.65687 -0.23704 -0.99905
-0.62594 -0.21927 -0.98519
-0.59142 -0.21027 -0.99905
-0.59381 -0.16577 -1.05115
-0.60400 -0.18003 -1.08517
-0.63553 -0.19651 -1.09926
-0.66995 -0.20554 -1.08517
-0.68708 -0.20183 -1.05115
-0.67690 -0.18757 -1.01713
-0.64536 -0.17109 -1.00304
-0.61095 -0.16206 -1.01713
-0.61402 -0.11354 -1.06727
-0.62513 -0.12580 -1.10178
-0.65725 -0.14093 -1.11607
-0.69155 -0.15006 -1.10178
-0.70795 -0.14785 -1.06727
-0.69683 -0.13559 -1.03277
-0.66472 -0.12046 -1.01847
-0.63042 -0.11133 -1.03277
-0.63402 -0.05879 -1.08049
-0.64603 -0.06891 -1.11539
-0.67869 -0.08264 -1.12985
-0.71288 -0.09194 -1.11539
-0.72857 -0.09136 -1.08049
-0.71657 -0.08124 -1.04559
-0.68390 -0.06751 -1.03113
-0.64971 -0.05821 -1.04559
-0.65369 -0.00171 -1.09042
-0.66655 -0.00955 -1.12560
-0.69973 -0.02183 -1.14018
-0.73381 -0.03135 -1.12560
-0.74882 -0.03254 -1.09042
-0.73597 -0.02470 -1.05524
-0.70278 -0.01243 -1.04067
-0.66870 -0.00290 -1.05524
-0.67288 0.05745 -1.09669
-0.68653 0.05202 -1.13202
-0.72021 0.04125 -1.14666
-0.75418 0.03144 -1.13202
-0.76855 0.02835 -1.09669
-0.75490 0.03378 -1.06136
-0.72122 0.04456 -1.04672
-0.68725 0.05436 -1.06136
-0.69142 0.11838 -1.09892
-0.70582 0.11548 -1.13426
-0.73996 0.10627 -1.14890
-0.77384 0.09614 -1.13426
-0.78761 0.09103 -1.09892
-0.77321 0.09392 -1.06359
-0.73907 0.10313 -1.04895
-0.70519 0.11326 -1.06359
-0.70914 0.18069 -1.09678
-0.72423 0.18045 -1.13195
-0.75879 0.17286 -1.14652
-0.79259 0.16237 -1.13195
-0.80582 0.15513 -1.09678
-0.79074 0.15537 -1.06161
-0.75617 0.16295 -1.04704
-0.72238 0.17344 -1.06161
-0.72587 0.24393 -1.08994
-0.74157 0.24646 -1.12475
-0.77652 0.24057 -1.13917
-0.81026 0.22970 -1.12475
-0.82302 0.22023 -1.08994
-0.80733 0.21770 -1.05513
-0.77238 0.22360 -1.04071
-0.73864 0.23446 -1.05513
-0.74142 0.30761 -1.07813
-0.75763 0.31300 -1.11238
-0.79293 0.30887 -1.12656
-0.82664 0.29762 -1.11238
-0.83903 0.28585 -1.07813
-0.82282 0.28046 -1.04389
-0.78752 0.28459 -1.02970
-0.75380 0.29584 -1.04389
-0.75560 0.37114 -1.06115
-0.77221 0.37949 -1.09460
-0.80781 0.37718 -1.10845
-0.84154 0.36557 -1.09460
-0.85364 0.35146 -1.06115
-0.83703 0.34312 -1.02770
-0.80143 0.34543 -1.01384
-0.76770 0.35704 -1.02770
-0.76821 0.43391 -1.03884
-0.78509 0.44527 -1.07125
-0.82092 0.44487 -1.08468
-0.85472 0.43295 -1.07125
-0.86668 0.41649 -1.03884
-0.84980 0.40514 -1.00643
-0.81397 0.40554 -0.99300
-0.78017 0.41745 -1.00643
-0.77907 0.49523 -1.01115
-0.79605 0.50964 -1.04227
-0.83205 0.51125 -1.05516
-0.86598 0.49911 -1.04227
-0.87796 0.48033 -1.01115
-0.86098 0.46593 -0.98003
-0.82498 0.46432 -0.96714
-0.79105 0.47646 -0.98003
-0.78801 0.55440 -0.97811
-0.80488 0.57188 -1.00768
-0.84094 0.57560 -1.01993
-0.87508 0.56338 -1.00768
-0.88728 0.54237 -0.97811
-0.87041 0.52490 -0.94854
-0.83435 0.52118 -0.93629
-0.80022 0.53340 -0.94854
-0.79486 0.61068 -0.93985
-0.81135 0.63122 -0.96761
-0.84736 0.63718 -0.97911
-0.88179 0.62508 -0.96761
-0.89448 0.60200 -0.93985
-0.87799 0.58146 -0.91208
-0.84198 0.57550 -0.90058
-0.80755 0.58760 -0.91208
-0.79948 0.66330 -0.89660
-0.81524 0.68686 -0.92231
-0.85102 0.69526 -0.93296
-0.88587 0.68357 -0.92231
-0.89937 0.65865 -0.89660
-0.88362 0.63509 -0.87089
-0.84783 0.62669 -0.86024
-0.81298 0.63838 -0.87089
-0.80179 0.71149 -0.84871
-0.81634 0.73800 -0.87216
-0.85166 0.74908 -0.88187
-0.88705 0.73824 -0.87216
-0.90179 0.71182 -0.84871
-0.88723 0.68531 -0.82527
-0.85191 0.67423 -0.81556
-0.81652 0.68507 -0.82527
-0.80175 0.75445 -0.79663
-0.81446 0.78381 -0.81763
-0.84895 0.79793 -0.82633
-0.88501 0.78853 -0.81763
-0.90152 0.76113 -0.79663
-0.88881 0.73178 -0.77563
-0.85432 0.71766 -0.76693
-0.81826 0.72705 -0.77563
-0.79945 0.79136 -0.74088
-0.80940 0.82337 -0.75934
-0.84248 0.84103 -0.76699
-0.87931 0.83399 -0.75934
-0.89832 0.80637 -0.74088
-0.88836 0.77436 -0.72243
-0.85528 0.75670 -0.71478
-0.81845 0.76375 -0.72243
-0.79523 0.82135 -0.68210
-0.80109 0.85565 -0.69801
-0.83179 0.87753 -0.70460
-0.86934 0.87417 -0.69801
-0.89174 0.84753 -0.68210
-0.88587 0.81323 -0.66619
-0.85517 0.79135 -0.65960
-0.81763 0.79471 -0.66619
-0.83541 0.91096 -0.63861
-0.87033 0.89923 -0.62822
-0.88479 0.86697 -0.61357
-0.87033 0.83307 -0.60325
-0.83541 0.81740 -0.60330
-0.80050 0.82913 -0.61370
-0.78604 0.86140 -0.62834
-0.80050 0.89529 -0.63866
-0.82469 0.93607 -0.57147
-0.85935 0.92381 -0.56083
-0.87370 0.89050 -0.54865
-0.85935 0.85564 -0.54206
-0.82469 0.83966 -0.54491
-0.79004 0.85193 -0.55555
-0.77568 0.88524 -0.56773
-0.79004 0.92010 -0.57432
-0.81137 0.95462 -0.50334
-0.84571 0.94168 -0.49249
-0.85993 0.90749 -0.48285
-0.84571 0.87207 -0.48006
-0.81137 0.85618 -0.48576
-0.77702 0.86912 -0.49660
-0.76280 0.90331 -0.50624
-0.77702 0.93873 -0.50903
-0.79553 0.96660 -0.43503
-0.82950 0.95284 -0.42404
-0.84358 0.91796 -0.41701
-0.82950 0.88239 -0.41804
-0.79553 0.86697 -0.42654
-0.76155 0.88073 -0.43752
-0.74747 0.91561 -0.44456
-0.76155 0.95118 -0.44352
-0.77729 0.97216 -0.36732
-0.81085 0.95745 -0.35630
-0.82475 0.92207 -0.35191
-0.81085 0.88674 -0.35674
-0.77729 0.87217 -0.36794
-0.74372 0.88688 -0.37896
-0.72982 0.92226 -0.38335
-0.74372 0.95759 -0.37852
-0.75681 0.97154 -0.30094
-0.78991 0.95577 -0.29002
-0.80363 0.92008 -0.28832
-0.78991 0.88539 -0.29685
-0.75681 0.87201 -0.31060
-0.72370 0.88778 -0.32153
-0.70998 0.92347 -0.32323
-0.72370 0.95816 -0.31470
-0.73425 0.96510 -0.23658
-0.76688 0.94818 -0.22590
-0.78039 0.91239 -0.22690
-0.76688 0.87869 -0.23899
-0.73425 0.86683 -0.25509
-0.70163 0.88374 -0.26577
-0.68811 0.91953 -0.26477
-0.70163 0.95323 -0.25268
-0.73522 0.86206 -0.18836
-0.70115 0.85898 -0.20552
-0.67217 0.88294 -0.21262
-0.66525 0.91990 -0.20552
-0.68445 0.94821 -0.18836
-0.71852 0.95129 -0.17121
-0.74750 0.92733 -0.16411
-0.75442 0.89037 -0.17121
-0.71256 0.84890 -0.13382
-0.67997 0.84384 -0.15322
-0.64959 0.86569 -0.16126
-0.63923 0.90164 -0.15322
-0.65495 0.93064 -0.13382
-0.68755 0.93569 -0.11442
-0.71793 0.91385 -0.10638
-0.72829 0.87790 -0.11442
-0.68742 0.83128 -0.08257
-0.65637 0.82527 -0.10412
-0.62526 0.84569 -0.11305
-0.61231 0.88058 -0.10412
-0.62511 0.90949 -0.08257
-0.65615 0.91550 -0.06102
-0.68726 0.89508 -0.05209
-0.70021 0.86020 -0.06102
-0.66039 0.80981 -0.03488
-0.63089 0.80356 -0.05844
-0.59945 0.82307 -0.06820
-0.58448 0.85691 -0.05844
-0.59476 0.88526 -0.03488
-0.62426 0.89151 -0.01132
-0.65571 0.87200 -0.00156
-0.67067 0.83816 -0.01132
-0.63195 0.78511 0.00907
-0.60396 0.77911 -0.01632
-0.57244 0.79809 -0.02684
-0.55586 0.83094 -0.01632
-0.56393 0.85841 0.00907
-0.59193 0.86441 0.03446
-0.62345 0.84542 0.04498
-0.64003 0.81258 0.03446
-0.60248 0.75777 0.04919
-0.57594 0.75237 0.02216
-0.54451 0.77111 0.01096
-0.52660 0.80302 0.02216
-0.53270 0.82941 0.04919
-0.55924 0.83481 0.07623
-0.59067 0.81607 0.08742
-0.60858 0.78416 0.07623
-0.57229 0.72838 0.08548
-0.54715 0.72380 0.05699
-0.51592 0.74250 0.04519
-0.49690 0.77354 0.05699
-0.50122 0.79872 0.08548
-0.52635 0.80330 0.11396
-0.55758 0.78460 0.12576
-0.57661 0.75356 0.11396
-0.54166 0.69744 0.11798
-0.51787 0.69384 0.08822
-0.48692 0.71266 0.07590
-0.46693 0.74288 0.08822
-0.46962 0.76679 0.11798
-0.49341 0.77039 0.14774
-0.52436 0.75157 0.16007
-0.54435 0.72135 0.14774
-0.51085 0.66543 0.14682
-0.48835 0.66291 0.11597
-0.45771 0.68195 0.10319
-0.43689 0.71140 0.11597
-0.43807 0.73401 0.14682
-0.46057 0.73654 0.17768
-0.49121 0.71749 0.19046
-0.51203 0.68804 0.17768
-0.48006 0.63276 0.17217
-0.45879 0.63137 0.14039
-0.42851 0.65070 0.12722
-0.40694 0.67945 0.14039
-0.40673 0.70076 0.17217
-0.42800 0.70215 0.20396
-0.45829 0.68282 0.21712
-0.47985 0.65407 0.20396
-0.44949 0.59980 0.19422
-0.42940 0.59954 0.16166
-0.39947 0.61922 0.14817
-0.37725 0.64730 0.16166
-0.37575 0.66734 0.19422
-0.39584 0.66760 0.22679
-0.42576 0.64792 0.24028
-0.44798 0.61984 0.22679
-0.41931 0.56685 0.21321
-0.40033 0.56772 0.17999
-0.37077 0.58776 0.16623
-0.34795 0.61523 0.17999
-0.34524 0.63403 0.21321
-0.36422 0.63316 0.24642
-0.39378 0.61312 0.26018
-0.41660 0.58565 0.24642
-0.38966 0.53417 0.22936
-0.37173 0.53613 0.19561
-0.34253 0.55654 0.18163
-0.31918 0.58344 0.19561
-0.31534 0.60107 0.22936
-0.33327 0.59910 0.26311
-0.36247 0.57869 0.27709
-0.38583 0.55179 0.26311
-0.36068 0.50196 0.24293
-0.34373 0.50498 0.20876
-0.31488 0.52576 0.19460
-0.29102 0.55212 0.20876
-0.28614 0.56863 0.24293
-0.30309 0.56561 0.27711
-0.33194 0.54484 0.29127
-0.35579 0.51847 0.27711
-0.33245 0.47041 0.25418
-0.31642 0.47442 0.21966
-0.28790 0.49555 0.20537
-0.26359 0.52141 0.21966
-0.25773 0.53686 0.25418
-0.27376 0.53285 0.28870
-0.30228 0.51173 0.30299
-0.32660 0.48586 0.28870
-0.30508 0.43963 0.26334
-0.28990 0.44457 0.22857
-0.26167 0.46602 0.21416
-0.23693 0.49142 0.22857
-0.23017 0.50588 0.26334
-0.24535 0.50094 0.29812
-0.27358 0.47949 0.31253
-0.29832 0.45409 0.29812
-0.27863 0.40972 0.27067
-0.26423 0.41552 0.23569
-0.23627 0.43727 0.22120
-0.21113 0.46222 0.23569
-0.20353 0.47576 0.27067
-0.21793 0.46995 0.30564
-0.24589 0.44820 0.32013
-0.27103 0.42325 0.30564
-0.25314 0.38074 0.27637
-0.23945 0.38733 0.24125
-0.21173 0.40934 0.22670
-0.18621 0.43387 0.24125
-0.17784 0.44655 0.27637
-0.19153 0.43995 0.31149
-0.21925 0.41794 0.32604
-0.24477 0.39342 0.31149
-0.22866 0.35273 0.28067
-0.21561 0.36004 0.24544
-0.18809 0.38227 0.23085
-0.16221 0.40639 0.24544
-0.15314 0.41828 0.28067
-0.16618 0.41097 0.31589
-0.19371 0.38874 0.33049
-0.21958 0.36462 0.31589
-0.20521 0.32571 0.28376
-0.19273 0.33367 0.24847
-0.16537 0.35608 0.23385
-0.13915 0.37981 0.24847
-0.12943 0.39096 0.28376
-0.14191 0.38301 0.31905
-0.16927 0.36060 0.33367
-0.19549 0.33687 0.31905
-0.18280 0.29969 0.28583
-0.17083 0.30822 0.25050
-0.14359 0.33076 0.23586
-0.11704 0.35412 0.25050
-0.10673 0.36460 0.28583
-0.11871 0.35607 0.32116
-0.14595 0.33353 0.33580
-0.17250 0.31018 0.32116
-0.16144 0.27466 0.28704
-0.14989 0.28368 0.25169
-0.12273 0.30631 0.23704
-0.09586 0.32930 0.25169
-0.08503 0.33917 0.28704
-0.09658 0.33015 0.32239
-0.12374 0.30751 0.33703
-0.15061 0.28453 0.32239
-0.14112 0.25059 0.28754
-0.12993 0.26004 0.25218
-0.10280 0.28271 0.23754
-0.07563 0.30533 0.25218
-0.06433 0.31465 0.28754
-0.07552 0.30520 0.32289
-0.10264 0.28252 0.33753
-0.12981 0.25990 0.32289
-0.12181 0.22745 0.28746
-0.11091 0.23725 0.25211
-0.08379 0.25993 0.23747
-0.05632 0.28219 0.25211
-0.04461 0.29101 0.28746
-0.05551 0.28120 0.32281
-0.08263 0.25853 0.33745
-0.11010 0.23626 0.32281
-0.10351 0.20522 0.28693
-0.09283 0.21530 0.25159
-0.06566 0.23793 0.23696
-0.03791 0.25984 0.25159
-0.02584 0.26821 0.28693
-0.03652 0.25812 0.32227
-0.06369 0.23550 0.33691
-0.09144 0.21359 0.32227
-0.08618 0.18385 0.28606
-0.07566 0.19415 0.25073
-0.04841 0.21668 0.23610
-0.02038 0.23825 0.25073
-0.00801 0.24622 0.28606
-0.01853 0.23592 0.32138
-0.04579 0.21339 0.33601
-0.07381 0.19182 0.32138
-0.06979 0.16331 0.28493
-0.05937 0.17375 0.24962
-0.03199 0.19614 0.23500
-0.00371 0.21736 0.24962
0.00892 0.22499 0.28493
-0.00151 0.21456 0.32024
-0.02888 0.19217 0.33487
-0.05717 0.17094 0.32024
-0.05431 0.14356 0.28364
-0.04392 0.15407 0.24834
-0.01639 0.17627 0.23372
0.01214 0.19716 0.24834
0.02497 0.20450 0.28364
0.01458 0.19400 0.31894
-0.01295 0.17180 0.33356
-0.04148 0.15090 0.31894
-0.03969 0.12455 0.28226
-0.02927 0.13506 0.24697
-0.00156 0.15703 0.23235
0.02721 0.17760 0.24697
0.04018 0.18471 0.28226
0.02977 0.17420 0.31755
0.00205 0.15223 0.33217
-0.02672 0.13166 0.31755
-0.02590 0.10624 0.28085
-0.01540 0.11668 0.24556
0.01252 0.13838 0.23094
0.04151 0.15864 0.24556
0.05459 0.16558 0.28085
0.04410 0.15514 0.31614
0.01617 0.13343 0.33075
-0.01282 0.11318 0.31614
-0.01289 0.08859 0.27946
-0.00226 0.09890 0.24417
0.02590 0.12029 0.22956
0.05510 0.14025 0.24417
0.06823 0.14707 0.27946
0.05761 0.13677 0.31476
0.02945 0.11537 0.32937
0.00025 0.09542 0.31476
-0.00061 0.07157 0.27816
0.01019 0.08167 0.24286
0.03860 0.10272 0.22824
0.06799 0.12239 0.24286
0.08114 0.12916 0.27816
0.07034 0.11906 0.31345
0.04192 0.09801 0.32807
0.01253 0.07834 0.31345
0.01097 0.05514 0.27697
0.02198 0.06496 0.24166
0.05067 0.08563 0.22703
0.08023 0.10505 0.24166
0.09335 0.11183 0.27697
0.08233 0.10200 0.31227
0.05364 0.08133 0.32690
0.02408 0.06192 0.31227
0.02190 0.03926 0.27593
0.03317 0.04874 0.24061
0.06215 0.06901 0.22598
0.09186 0.08818 0.24061
0.10490 0.09504 0.27593
0.09362 0.08555 0.31125
0.06465 0.06529 0.32588
0.03494 0.04611 0.31125
0.03222 0.02390 0.27507
0.04378 0.03297 0.23974
0.07306 0.05280 0.22510
0.10290 0.07177 0.23974
0.11582 0.07877 0.27507
0.10426 0.06969 0.31041
0.07499 0.04986 0.32504
0.04515 0.03089 0.31041
0.04199 0.00903 0.27443
0.05387 0.01763 0.23908
0.08344 0.03701 0.22444
0.11339 0.05580 0.23908
0.12616 0.06301 0.27443
0.11428 0.05441 0.30977
0.08471 0.03503 0.32441
0.05476 0.01623 0.30977
0.05123 -0.00539 0.27401
0.06346 0.00268 0.23866
0.09334 0.02159 0.22402
0.12336 0.04025 0.23866
0.13595 0.04774 0.27401
0.12373 0.03967 0.30937
0.09385 0.02077 0.32401
0.06382 0.00210 0.30937
0.06000 -0.01936 0.27385
0.07260 -0.01189 0.23850
0.10277 0.00653 0.22385
0.13286 0.02511 0.23850
0.14523 0.03295 0.27385
0.13263 0.02548 0.30920
0.10245 0.00706 0.32385
0.07237 -0.01152 0.30920
0.06833 -0.03293 0.27395
0.08132 -0.02611 0.23861
0.11179 -0.00818 0.22396
0.14191 0.01035 0.23861
0.15402 0.01863 0.27395
0.14103 0.01180 0.30930
0.11056 -0.00613 0.32394
0.08045 -0.02466 0.30930
0.07627 -0.04611 0.27433
0.08966 -0.03999 0.23901
0.12042 -0.02255 0.22438
0.15054 -0.00402 0.23901
0.16236 0.00476 0.27433
0.14897 -0.00137 0.30965
0.11821 -0.01880 0.32428
0.08809 -0.03734 0.30965
0.08384 -0.05893 0.27499
0.09766 -0.05356 0.23971
0.12870 -0.03661 0.22510
0.15879 -0.01802 0.23971
0.17029 -0.00867 0.27499
0.15647 -0.01404 0.31027
0.12543 -0.03098 0.32489
0.09534 -0.04958 0.31027
0.09109 -0.07139 0.27595
0.10535 -0.06682 0.24074
0.13666 -0.05035 0.22615
0.16669 -0.03164 0.24074
0.17784 -0.02164 0.27595
0.16358 -0.02622 0.31117
0.13226 -0.04268 0.32576
0.10224 -0.06139 0.31117
0.09805 -0.08353 0.27722
0.11276 -0.07979 0.24209
0.14434 -0.06379 0.22754
0.17427 -0.04490 0.24209
0.18503 -0.03418 0.27722
0.17031 -0.03792 0.31234
0.13874 -0.05392 0.32689
0.10881 -0.07281 0.31234
0.10475 -0.09534 0.27879
0.11994 -0.09247 0.24378
0.15176 -0.07692 0.22928
0.18156 -0.05778 0.24378
0.19189 -0.04628 0.27879
0.17670 -0.04915 0.31379
0.14488 -0.06471 0.32829
0.11508 -0.08384 0.31379
0.11123 -0.10685 0.28067
0.12691 -0.10488 0.24582
0.15896 -0.08974 0.23138
0.18859 -0.07030 0.24582
0.19846 -0.05795 0.28067
0.18278 -0.05992 0.31552
0.15073 -0.07506 0.32995
0.12110 -0.09450 0.31552
0.11752 -0.11807 0.28286
0.13371 -0.11700 0.24820
0.16597 -0.10225 0.23385
0.19539 -0.08244 0.24820
0.20475 -0.06918 0.28286
0.18856 -0.07024 0.31752
0.15630 -0.08500 0.33187
0.12687 -0.10481 0.31752
0.12364 -0.12900 0.28537
0.14037 -0.12886 0.25095
0.17282 -0.11444 0.23670
0.20200 -0.09419 0.25095
0.21080 -0.07997 0.28537
0.19407 -0.08011 0.31979
0.16162 -0.09452 0.33405
0.13245 -0.11477 0.31979
0.12964 -0.13965 0.28820
0.14692 -0.14044 0.25407
0.17955 -0.12631 0.23993
0.20843 -0.10555 0.25407
0.21662 -0.09032 0.28820
0.19934 -0.08953 0.32234
0.16670 -0.10365 0.33648
0.13783 -0.12442 0.32234
0.13553 -0.15004 0.29135
0.15340 -0.15174 0.25755
0.18619 -0.13785 0.24355
0.21471 -0.11651 0.25755
0.22224 -0.10022 0.29135
0.20437 -0.09852 0.32515
0.17157 -0.11241 0.33915
0.14306 -0.13375 0.32515
0.14135 -0.16016 0.29481
0.15983 -0.16275 0.26140
0.19277 -0.14904 0.24757
0.22086 -0.12705 0.26140
0.22766 -0.10967 0.29481
0.20918 -0.10708 0.32822
0.17624 -0.12079 0.34206
0.14815 -0.14278 0.32822
0.14712 -0.17003 0.29860
0.16625 -0.17347 0.26563
0.19931 -0.15986 0.25198
0.22692 -0.13715 0.26563
0.23292 -0.11866 0.29860
0.21379 -0.11521 0.33156
0.18073 -0.12883 0.34521
0.15312 -0.15153 0.33156
0.15288 -0.17963 0.30270
0.17270 -0.18389 0.27024
0.20585 -0.17029 0.25680
0.23291 -0.14681 0.27024
0.23802 -0.12719 0.30270
0.21820 -0.12293 0.33515
0.18505 -0.13653 0.34860
0.15799 -0.16002 0.33515
0.15865 -0.18899 0.30711
0.17920 -0.19399 0.27522
0.21241 -0.18032 0.26201
0.23883 -0.15598 0.27522
0.24297 -0.13524 0.30711
0.22242 -0.13024 0.33900
0.18921 -0.14391 0.35221
0.16279 -0.16825 0.33900
0.16446 -0.19810 0.31184
0.18579 -0.20375 0.28058
0.21903 -0.18990 0.26763
0.24471 -0.16466 0.28058
0.24779 -0.14281 0.31184
0.22646 -0.13715 0.34311
0.19322 -0.15101 0.35606
0.16754 -0.17625 0.34311
0.17036 -0.20696 0.31689
0.19250 -0.21316 0.28631
0.22573 -0.19902 0.27364
0.25057 -0.17281 0.28631
0.25247 -0.14988 0.31689
0.23032 -0.14368 0.34748
0.19710 -0.15782 0.36014
0.17226 -0.18403 0.34748
0.17635 -0.21556 0.32225
0.19937 -0.22219 0.29240
0.23253 -0.20762 0.28004
0.25641 -0.18040 0.29240
0.25702 -0.15646 0.32225
0.23401 -0.14983 0.35210
0.20085 -0.16439 0.36446
0.17697 -0.19162 0.35210
0.18250 -0.22391 0.32792
0.20642 -0.23081 0.29886
0.23945 -0.21569 0.28682
0.26223 -0.18740 0.29886
0.26143 -0.16252 0.32792
0.23751 -0.15561 0.35698
0.20448 -0.17073 0.36902
0.18170 -0.19902 0.35698
0.18882 -0.23199 0.33390
0.21369 -0.23899 0.30566
0.24651 -0.22316 0.29397
0.26805 -0.19378 0.30566
0.26571 -0.16805 0.33390
0.24084 -0.16106 0.36213
0.20802 -0.17688 0.37383
0.18647 -0.20627 0.36213
0.19536 -0.23981 0.34018
0.22120 -0.24670 0.31281
0.25372 -0.23000 0.30147
0.27386 -0.19950 0.31281
0.26983 -0.17306 0.34018
0.24399 -0.16617 0.36755
0.21147 -0.18287 0.37889
0.19133 -0.21337 0.36755
0.20217 -0.24733 0.34677
0.22900 -0.25388 0.32029
0.26109 -0.23615 0.30931
0.27964 -0.20453 0.32029
0.27378 -0.17754 0.34677
0.24695 -0.17099 0.37326
0.21486 -0.18872 0.38423
0.19631 -0.22034 0.37326
0.20928 -0.25455 0.35366
0.23710 -0.26050 0.32807
0.26862 -0.24157 0.31747
0.28537 -0.20884 0.32807
0.27755 -0.18149 0.35366
0.24973 -0.17553 0.37926
0.21821 -0.19447 0.38986
0.20145 -0.22720 0.37926
0.21674 -0.26143 0.36085
0.24551 -0.26650 0.33614
0.27629 -0.24619 0.32591
0.29104 -0.21240 0.33614
0.28112 -0.18491 0.36085
0.25234 -0.17984 0.38556
0.22156 -0.20015 0.39580
0.20681 -0.23394 0.38556
0.22459 -0.26793 0.36834
0.25426 -0.27182 0.34449
0.28409 -0.24998 0.33461
0.29660 -0.21518 0.34449
0.28446 -0.18783 0.36834
0.25478 -0.18393 0.39219
0.22496 -0.20578 0.40206
0.21245 -0.24057 0.39219
0.23287 -0.27399 0.37611
0.26334 -0.27640 0.35309
0.29198 -0.25288 0.34355
0.30201 -0.21720 0.35309
0.28755 -0.19027 0.37611
0.25708 -0.18786 0.39914
0.22845 -0.21139 0.40868
0.21842 -0.24706 0.39914
0.24162 -0.27956 0.38418
0.27273 -0.28017 0.36191
0.29991 -0.25486 0.35268
0.30723 -0.21845 0.36191
0.29040 -0.19227 0.38418
0.25929 -0.19166 0.40645
0.23211 -0.21697 0.41567
0.22479 -0.25338 0.40645
0.25084 -0.28456 0.39252
0.28240 -0.28308 0.37093
0.30782 -0.25591 0.36198
0.31221 -0.21896 0.37093
0.29300 -0.19388 0.39252
0.26144 -0.19536 0.41412
0.23602 -0.22253 0.42306
0.23163 -0.25947 0.41412
0.26052 -0.28889 0.40114
0.29228 -0.28507 0.38013
0.31563 -0.25603 0.37142
0.31692 -0.21879 0.38013
0.29537 -0.19516 0.40114
0.26362 -0.19897 0.42216
0.24026 -0.22801 0.43086
0.23898 -0.26525 0.42216
0.27065 -0.29247 0.41003
0.30230 -0.28611 0.38948
0.32329 -0.25526 0.38097
0.32133 -0.21801 0.38948
0.29757 -0.19616 0.41003
0.26592 -0.20252 0.43058
0.24492 -0.23336 0.43910
0.24688 -0.27062 0.43058
0.28115 -0.29521 0.41919
0.31237 -0.28618 0.39898
0.33072 -0.25366 0.39061
0.32546 -0.21669 0.39898
0.29966 -0.19693 0.41919
0.26844 -0.20596 0.43940
0.25008 -0.23848 0.44777
0.25535 -0.27545 0.43940
0.29195 -0.29704 0.42859
0.32240 -0.28532 0.40859
0.33788 -0.25131 0.40031
0.32932 -0.21495 0.40859
0.30173 -0.19752 0.42859
0.27128 -0.20925 0.44859
0.25581 -0.24325 0.45687
0.26437 -0.27962 0.44859
0.30296 -0.29793 0.43824
0.33231 -0.28356 0.41832
0.34474 -0.24832 0.41007
0.33297 -0.21285 0.41832
0.30390 -0.19793 0.43824
0.27456 -0.21230 0.45816
0.26213 -0.24754 0.46642
0.27389 -0.28301 0.45816
0.31407 -0.29784 0.44813
0.34201 -0.28097 0.42815
0.35130 -0.24478 0.41988
0.33650 -0.21047 0.42815
0.30627 -0.19815 0.44813
0.27833 -0.21502 0.46810
0.26904 -0.25121 0.47638
0.28384 -0.28552 0.46810
0.32519 -0.29679 0.45823
0.35147 -0.27762 0.43808
0.35761 -0.24078 0.42973
0.33999 -0.20785 0.43808
0.30895 -0.19812 0.45823
0.28266 -0.21729 0.47838
0.27653 -0.25413 0.48673
0.29415 -0.28706 0.47838
0.33625 -0.29480 0.46854
0.36068 -0.27360 0.44810
0.36370 -0.23641 0.43963
0.34354 -0.20500 0.44810
0.31201 -0.19778 0.46854
0.28757 -0.21898 0.48898
0.28455 -0.25618 0.49745
0.30471 -0.28759 0.48898
0.34719 -0.29191 0.47904
0.36964 -0.26898 0.45821
0.36967 -0.23169 0.44958
0.34724 -0.20191 0.45821
0.31551 -0.19706 0.47904
0.29305 -0.22000 0.49988
0.29303 -0.25729 0.50850
0.31545 -0.28707 0.49988
0.35798 -0.28817 0.48972
0.37838 -0.26379 0.46841
0.37556 -0.22666 0.45959
0.35116 -0.19853 0.46841
0.31949 -0.19588 0.48972
0.29908 -0.22025 0.51103
0.30191 -0.25738 0.51985
0.32630 -0.28551 0.51103
0.36862 -0.28361 0.50055
0.38694 -0.25809 0.47869
0.38144 -0.22132 0.46964
0.35535 -0.19483 0.47869
0.32395 -0.19414 0.50055
0.30562 -0.21966 0.52240
0.31112 -0.25643 0.53146
0.33721 -0.28292 0.52240
0.37911 -0.27826 0.51151
0.39536 -0.25188 0.48905
0.38739 -0.21563 0.47975
0.35985 -0.19074 0.48905
0.32888 -0.19179 0.51151
0.31263 -0.21816 0.53397
0.32060 -0.25442 0.54328
0.34814 -0.27931 0.53397
0.38946 -0.27215 0.52258
0.40369 -0.24517 0.49947
0.39343 -0.20957 0.48990
0.36468 -0.18620 0.49947
0.33428 -0.18875 0.52258
0.32005 -0.21573 0.54570
0.33031 -0.25133 0.55527
0.35907 -0.27470 0.54570
0.39970 -0.26528 0.53374
0.41197 -0.23794 0.50994
0.39960 -0.20310 0.50008
0.36984 -0.18116 0.50994
0.34011 -0.18498 0.53374
0.32784 -0.21232 0.55754
0.34021 -0.24717 0.56739
0.36998 -0.26911 0.55754
0.40985 -0.25768 0.54495
0.42023 -0.23018 0.52044
0.40594 -0.19617 0.51029
0.37533 -0.17556 0.52044
0.34635 -0.18043 0.54495
0.33596 -0.20792 0.56945
0.35026 -0.24194 0.57961
0.38087 -0.26255 0.56945
0.41993 -0.24932 0.55618
0.42851 -0.22186 0.53094
0.41244 -0.18874 0.52049
0.38115 -0.16936 0.53094
0.35295 -0.17507 0.55618
0.34437 -0.20253 0.58141
0.36044 -0.23565 0.59186
0.39173 -0.25503 0.58141
0.42996 -0.24021 0.56739
0.43682 -0.21296 0.54142
0.41913 -0.18077 0.53066
0.38727 -0.16250 0.54142
0.35989 -0.16887 0.56739
0.35304 -0.19612 0.59336
0.37072 -0.22831 0.60412
0.40258 -0.24657 0.59336
0.43996 -0.23034 0.57856
0.44517 -0.20344 0.55185
0.42601 -0.17222 0.54079
0.39369 -0.15497 0.55185
0.36714 -0.16180 0.57856
0.36193 -0.18870 0.60526
0.38109 -0.21993 0.61633
0.41341 -0.23717 0.60526
0.44993 -0.21970 0.58963
0.45359 -0.19328 0.56219
0.43306 -0.16305 0.55082
0.40037 -0.14672 0.56219
0.37467 -0.15385 0.58963
0.37101 -0.18027 0.61707
0.39154 -0.21050 0.62844
0.42423 -0.22683 0.61707
0.45989 -0.20827 0.60057
0.46206 -0.18246 0.57240
0.44028 -0.15324 0.56073
0.40730 -0.13773 0.57240
0.38244 -0.14501 0.60057
0.38027 -0.17082 0.62874
0.40205 -0.20004 0.64041
0.43504 -0.21555 0.62874
0.46984 -0.19605 0.61132
0.47060 -0.17096 0.58244
0.44766 -0.14276 0.57047
0.41445 -0.12798 0.58244
0.39043 -0.13527 0.61132
0.38967 -0.16036 0.64021
0.41261 -0.18856 0.65217
0.44582 -0.20334 0.64021
0.47979 -0.18302 0.62184
0.47920 -0.15875 0.59226
0.45518 -0.13160 0.58000
0.42180 -0.11746 0.59226
0.39861 -0.12462 0.62184
0.39919 -0.14889 0.65143
0.42321 -0.17605 0.66368
0.45659 -0.19018 0.65143
0.48972 -0.16918 0.63208
0.48785 -0.14583 0.60181
0.46284 -0.11973 0.58928
0.42932 -0.10616 0.60181
0.40694 -0.11307 0.63208
0.40881 -0.13642 0.66234
0.43382 -0.16253 0.67487
0.46734 -0.17610 0.66234
0.49963 -0.15453 0.64197
0.49654 -0.13219 0.61105
0.47059 -0.10714 0.59825
0.43699 -0.09407 0.61105
0.41541 -0.10061 0.64197
0.41849 -0.12296 0.67288
0.44444 -0.14800 0.68569
0.47804 -0.16108 0.67288
0.50951 -0.13907 0.65146
0.50525 -0.11783 0.61991
0.47844 -0.09385 0.60685
0.44477 -0.08119 0.61991
0.42397 -0.08726 0.65146
0.42822 -0.10851 0.68300
0.45504 -0.13249 0.69607
0.48871 -0.14514 0.68300
0.51934 -0.12281 0.66048
0.51397 -0.10274 0.62834
0.48635 -0.07985 0.61503
0.45264 -0.06754 0.62834
0.43261 -0.07303 0.66048
0.43798 -0.09310 0.69262
0.46560 -0.11599 0.70593
0.49931 -0.12830 0.69262
0.52912 -0.10575 0.66898
0.52268 -0.08694 0.63628
0.49429 -0.06514 0.62274
0.46057 -0.05313 0.63628
0.44128 -0.05794 0.66898
0.44772 -0.07675 0.70168
0.47611 -0.09855 0.71522
0.50983 -0.11055 0.70168
0.53881 -0.08791 0.67689
0.53136 -0.07043 0.64367
0.50224 -0.04975 0.62991
0.46853 -0.03798 0.64367
0.44997 -0.04201 0.67689
0.45742 -0.05949 0.71011
0.48653 -0.08017 0.72387
0.52025 -0.09194 0.71011
0.54840 -0.06932 0.68413
0.53997 -0.05326 0.65043
0.51018 -0.03371 0.63647
0.47649 -0.02212 0.65043
0.45862 -0.02528 0.68413
0.46706 -0.04134 0.71782
0.49685 -0.06089 0.73178
0.53054 -0.07248 0.71782
0.55787 -0.05000 0.69064
0.54850 -0.03543 0.65652
0.51807 -0.01703 0.64238
0.48440 -0.00557 0.65652
0.46722 -0.00777 0.69064
0.47659 -0.02234 0.72477
0.50702 -0.04074 0.73890
0.54069 -0.05220 0.72477
0.56718 -0.02999 0.69636
0.55691 -0.01699 0.66186
0.52587 0.00024 0.64757
0.49224 0.01161 0.66186
0.47572 0.01045 0.69636
0.48599 -0.00254 0.73086
0.51702 -0.01978 0.74515
0.55065 -0.03114 0.73086
0.57630 -0.00934 0.70121
0.56518 0.00202 0.66639
0.53357 0.01805 0.65197
0.49998 0.02938 0.66639
0.48409 0.02935 0.70121
0.49521 0.01800 0.73602
0.52682 0.00196 0.75044
0.56041 -0.00936 0.73602
0.58521 0.01191 0.70512
0.57328 0.02154 0.67006
0.54112 0.03636 0.65554
0.50757 0.04767 0.67006
0.49229 0.04886 0.70512
0.50421 0.03923 0.74018
0.53637 0.02441 0.75471
0.56992 0.01309 0.74018
0.59386 0.03369 0.70804
0.58116 0.04153 0.67280
0.54849 0.05510 0.65821
0.51499 0.06644 0.67280
0.50027 0.06891 0.70804
0.51297 0.06107 0.74328
0.54564 0.04751 0.75788
0.57914 0.03616 0.74328
0.60223 0.05594 0.70990
0.58881 0.06191 0.67456
0.55565 0.07420 0.65993
0.52218 0.08560 0.67456
0.50800 0.08943 0.70990
0.52142 0.08346 0.74524
0.55458 0.07117 0.75988
0.58805 0.05977 0.74524
0.61027 0.07858 0.71064
0.59617 0.08262 0.67529
0.56256 0.09359 0.66065
0.52912 0.10507 0.67529
0.51544 0.11033 0.71064
0.52953 0.10629 0.74599
0.56314 0.09533 0.76063
0.59658 0.08385 0.74599
0.61794 0.10154 0.71022
0.60323 0.10357 0.67495
0.56919 0.11318 0.66034
0.53577 0.12476 0.67495
0.52254 0.13151 0.71022
0.53726 0.12949 0.74548
0.57129 0.11988 0.76009
0.60472 0.10830 0.74548
0.62522 0.12473 0.70857
0.60994 0.12467 0.67349
0.57551 0.13290 0.65896
0.54209 0.14458 0.67349
0.52926 0.15288 0.70857
0.54454 0.15294 0.74366
0.57898 0.14472 0.75819
0.61239 0.13304 0.74366
0.63205 0.14806 0.70568
0.61627 0.14585 0.67088
0.58148 0.15263 0.65647
0.54805 0.16443 0.67088
0.53556 0.17433 0.70568
0.55134 0.17653 0.74047
0.58614 0.16975 0.75488
0.61957 0.15796 0.74047
0.63840 0.17142 0.70150
0.62220 0.16701 0.66711
0.58708 0.17230 0.65287
0.55361 0.18419 0.66711
0.54140 0.19573 0.70150
0.55760 0.20014 0.73588
0.59273 0.19485 0.75012
0.62619 0.18295 0.73588
0.64423 0.19472 0.69601
0.62768 0.18804 0.66215
0.59227 0.19179 0.64813
0.55874 0.20377 0.66215
0.54673 0.21696 0.69601
0.56328 0.22364 0.72986
0.59869 0.21990 0.74388
0.63222 0.20792 0.72986
0.64949 0.21786 0.68920
0.63270 0.20886 0.65601
0.59705 0.21100 0.64226
0.56343 0.22303 0.65601
0.55152 0.23790 0.68920
0.56831 0.24690 0.72239
0.60396 0.24475 0.73614
0.63759 0.23273 0.72239
0.65416 0.24072 0.68108
0.63724 0.22936 0.64869
0.60140 0.22983 0.63527
0.56764 0.24185 0.64869
0.55573 0.25839 0.68108
0.57265 0.26975 0.71347
0.60848 0.26929 0.72689
0.64225 0.25726 0.71347
0.65818 0.26322 0.67165
0.64126 0.24946 0.64020
0.60530 0.24818 0.62718
0.57136 0.26013 0.64020
0.55932 0.27831 0.67165
0.57624 0.29207 0.70310
0.61220 0.29335 0.71613
0.64614 0.28140 0.70310
0.66152 0.28526 0.66094
0.64477 0.26907 0.63058
0.60876 0.26595 0.61800
0.57459 0.27772 0.63058
0.56227 0.29749 0.66094
0.57902 0.31368 0.69131
0.61503 0.31680 0.70388
0.64920 0.30503 0.69131
0.66414 0.30674 0.64899
0.64774 0.28812 0.61985
0.61178 0.28306 0.60778
0.57732 0.29452 0.61985
0.56455 0.31579 0.64899
0.58095 0.33441 0.67812
0.61691 0.33947 0.69019
0.65137 0.32801 0.67812
0.66600 0.32759 0.63583
0.65019 0.30654 0.60807
0.61439 0.29941 0.59657
0.57958 0.31039 0.60807
0.56615 0.33304 0.63583
0.58197 0.35410 0.66360
0.61776 0.36122 0.67510
0.65257 0.35025 0.66360
0.66706 0.34776 0.62155
0.65211 0.32430 0.59528
0.61663 0.31496 0.58440
0.58140 0.32522 0.59528
0.56707 0.34908 0.62155
0.58202 0.37255 0.64782
0.61751 0.38188 0.65870
0.65273 0.37162 0.64782
0.66726 0.36721 0.60619
0.65351 0.34137 0.58154
0.61854 0.32965 0.57133
0.58284 0.33890 0.58154
0.56732 0.36372 0.60619
0.58107 0.38955 0.63085
0.61604 0.40128 0.64106
0.65174 0.39202 0.63085
0.66653 0.38592 0.58986
0.65440 0.35779 0.56692
0.62021 0.34346 0.55741
0.58399 0.35132 0.56692
0.56694 0.37677 0.58986
0.57907 0.40489 0.61281
0.61326 0.41922 0.62232
0.64948 0.41136 0.61281
0.66476 0.40391 0.57265
0.65479 0.37363 0.55147
0.62175 0.35644 0.54270
0.58498 0.36241 0.55147
0.56603 0.38803 0.57265
0.57599 0.41831 0.59382
0.60904 0.43550 0.60260
0.64580 0.42953 0.59382
0.66180 0.42123 0.55465
0.65466 0.38902 0.53526
0.62326 0.36867 0.52723
0.58600 0.37210 0.53526
0.56471 0.39730 0.55465
0.57185 0.42951 0.57404
0.60325 0.44986 0.58207
0.64051 0.44643 0.57404
0.65742 0.43794 0.53597
0.65391 0.40416 0.51833
0.62487 0.38034 0.51102
0.58731 0.38042 0.51833
0.56323 0.40437 0.53597
0.56673 0.43814 0.55362
0.59578 0.46197 0.56092
0.63334 0.46189 0.55362
0.65127 0.45407 0.51674
0.65236 0.41933 0.50073
0.62665 0.39177 0.49409
0.58920 0.38753 0.50073
0.56195 0.40910 0.51674
0.56085 0.44384 0.53276
0.58656 0.47140 0.53939
0.62401 0.47564 0.53276
0.60211 0.39361 0.47973
0.56779 0.40441 0.49275
0.55357 0.43636 0.50831
0.56779 0.47073 0.51728
0.60211 0.48740 0.51443
0.63644 0.47660 0.50141
0.65066 0.44466 0.48585
0.63644 0.41029 0.47688
0.59686 0.39987 0.46320
0.56286 0.41124 0.47659
0.54878 0.44409 0.49028
0.56286 0.47916 0.49625
0.59686 0.49593 0.49101
0.63086 0.48456 0.47762
0.64494 0.45171 0.46393
0.63086 0.41663 0.45796
0.59087 0.40482 0.44658
0.55724 0.41689 0.46027
0.54331 0.45055 0.47201
0.55724 0.48607 0.47491
0.59087 0.50265 0.46729
0.62451 0.49058 0.45360
0.63844 0.45693 0.44187
0.62451 0.42140 0.43896
0.58418 0.40847 0.42998
0.55093 0.42137 0.44388
0.53716 0.45573 0.45357
0.55093 0.49143 0.45339
0.58418 0.50756 0.44343
0.61742 0.49467 0.42953
0.63119 0.46031 0.41983
0.61742 0.42460 0.42002
0.57680 0.41085 0.41350
0.54397 0.42467 0.42748
0.53038 0.45963 0.43505
0.54397 0.49525 0.43177
0.57680 0.51066 0.41956
0.60963 0.49684 0.40557
0.62323 0.46188 0.39800
0.60963 0.42626 0.40128
0.56879 0.41198 0.39721
0.53639 0.42682 0.41115
0.52297 0.46225 0.41652
0.53639 0.49752 0.41018
0.56879 0.51197 0.39583
0.60119 0.49713 0.38189
0.61461 0.46170 0.37652
0.60119 0.42642 0.38286
0.56018 0.41189 0.38121
0.52820 0.42782 0.39495
0.51496 0.46359 0.39806
0.52820 0.49825 0.38871
0.56018 0.51150 0.37238
0.59215 0.49558 0.35863
0.60539 0.45981 0.35553
0.59215 0.42515 0.36488
0.53574 0.50759 0.35745
0.56985 0.50316 0.34068
0.59292 0.47343 0.33374
0.59144 0.43582 0.34068
0.56628 0.41237 0.35745
0.53217 0.41681 0.37422
0.50909 0.44654 0.38116
0.51057 0.48414 0.37422
0.52131 0.50270 0.33858
0.55490 0.50139 0.32029
0.58054 0.47401 0.31272
0.58321 0.43660 0.32029
0.56135 0.41106 0.33858
0.52776 0.41237 0.35687
0.50212 0.43974 0.36444
0.49944 0.47716 0.35687
0.50746 0.49646 0.32028
0.54017 0.49746 0.30043
0.56762 0.47209 0.29221
0.57373 0.43522 0.30043
0.55492 0.40844 0.32028
0.52222 0.40744 0.34012
0.49477 0.43281 0.34834
0.48866 0.46968 0.34012
0.49399 0.48907 0.30261
0.52562 0.49168 0.28122
0.55433 0.46799 0.27237
0.56331 0.43186 0.28122
0.54730 0.40446 0.30261
0.51567 0.40184 0.32399
0.48696 0.42554 0.33285
0.47798 0.46167 0.32399
0.48076 0.48064 0.28564
0.51121 0.48433 0.26277
0.54081 0.46199 0.25329
0.55221 0.42671 0.26277
0.53873 0.39915 0.28564
0.50827 0.39546 0.30852
0.47868 0.41779 0.31799
0.46728 0.45308 0.30852
0.46766 0.47125 0.26944
0.49691 0.47560 0.24515
0.52712 0.45436 0.23509
0.54058 0.41998 0.24515
0.52941 0.39260 0.26944
0.50016 0.38825 0.29373
0.46996 0.40949 0.30379
0.45650 0.44387 0.29373
0.45465 0.46098 0.25404
0.48269 0.46564 0.22842
0.51331 0.44528 0.21781
0.52856 0.41183 0.22842
0.51952 0.38488 0.25404
0.49147 0.38022 0.27965
0.46086 0.40058 0.29026
0.44560 0.43403 0.27965
0.44169 0.44990 0.23947
0.46855 0.45462 0.21263
0.49944 0.43495 0.20151
0.51627 0.40243 0.21263
0.50917 0.37610 0.23947
0.48231 0.37138 0.26632
0.45142 0.39104 0.27744
0.43459 0.42356 0.26632
0.42878 0.43806 0.22577
0.45449 0.44263 0.19780
0.48556 0.42353 0.18621
0.50378 0.39193 0.19780
0.49849 0.36636 0.22577
0.47277 0.36179 0.25374
0.44171 0.38089 0.26533
0.42348 0.41249 0.25374
0.41593 0.42554 0.21295
0.44053 0.42981 0.18395
0.47170 0.41114 0.17194
0.49118 0.38047 0.18395
0.48755 0.35576 0.21295
0.46295 0.35149 0.24195
0.43178 0.37016 0.25396
0.41230 0.40083 0.24195
0.40314 0.41240 0.20101
0.42669 0.41624 0.17109
0.45791 0.39792 0.15870
0.47853 0.36816 0.17109
0.47646 0.34439 0.20101
0.45291 0.34054 0.23094
0.42169 0.35887 0.24333
0.40107 0.38863 0.23094
0.39045 0.39870 0.18996
0.41299 0.40203 0.15921
0.44423 0.38398 0.14648
0.46589 0.35512 0.15921
0.46527 0.33235 0.18996
0.44274 0.32901 0.22071
0.41149 0.34706 0.23345
0.38983 0.37593 0.22071
0.37788 0.38450 0.17979
0.39945 0.38726 0.14830
0.43070 0.36943 0.13526
0.45331 0.34145 0.14830
0.45405 0.31971 0.17979
0.43248 0.31695 0.21128
0.40123 0.33479 0.22432
0.37862 0.36277 0.21128
0.36545 0.36988 0.17049
0.38612 0.37201 0.13835
0.41735 0.35435 0.12503
0.44085 0.32725 0.13835
0.44286 0.30657 0.17049
0.42220 0.30444 0.20263
0.39097 0.32210 0.21594
0.36746 0.34920 0.20263
0.35320 0.35488 0.16203
0.37300 0.35636 0.12932
0.40422 0.33884 0.11577
0.42855 0.31260 0.12932
0.43175 0.29300 0.16203
0.41195 0.29152 0.19474
0.38073 0.30904 0.20829
0.35640 0.33528 0.19474
0.34114 0.33956 0.15439
0.36014 0.34036 0.12118
0.39133 0.32298 0.10743
0.41644 0.29758 0.12118
0.42076 0.27906 0.15439
0.40176 0.27826 0.18760
0.37057 0.29565 0.20135
0.34546 0.32104 0.18760
0.32931 0.32398 0.14755
0.34755 0.32409 0.11391
0.37873 0.30682 0.09998
0.40457 0.28227 0.11391
0.40994 0.26483 0.14755
0.39169 0.26472 0.18119
0.36052 0.28199 0.19512
0.33468 0.30654 0.18119
0.31772 0.30817 0.14147
0.33526 0.30760 0.10747
0.36643 0.29043 0.09338
0.39296 0.26672 0.10747
0.39932 0.25036 0.14147
0.38178 0.25093 0.17548
0.35061 0.26810 0.18956
0.32408 0.29181 0.17548
0.30641 0.29219 0.13613
0.32330 0.29094 0.10182
0.35446 0.27388 0.08760
0.38165 0.25100 0.10182
0.38893 0.23571 0.13613
0.37204 0.23696 0.17045
0.34087 0.25402 0.18466
0.31369 0.27690 0.17045
0.29538 0.27607 0.13149
0.31167 0.27415 0.09691
0.34285 0.25720 0.08259
0.37065 0.23515 0.09691
0.37880 0.22092 0.13149
0.36251 0.22284 0.16607
0.33134 0.23979 0.18039
0.30353 0.26184 0.16607
0.28467 0.25986 0.12751
0.30040 0.25728 0.09272
0.33160 0.24045 0.07831
0.36000 0.21922 0.09272
0.36895 0.20604 0.12751
0.35322 0.20862 0.16230
0.32202 0.22545 0.17671
0.29363 0.24667 0.16230
0.27428 0.24358 0.12416
0.28950 0.24036 0.08920
0.32074 0.22366 0.07472
0.34970 0.20326 0.08920
0.35941 0.19111 0.12416
0.34419 0.19433 0.15913
0.31295 0.21103 0.17361
0.28400 0.23143 0.15913
0.26423 0.22726 0.12141
0.27899 0.22342 0.08631
0.31028 0.20686 0.07177
0.33977 0.18729 0.08631
0.35019 0.17616 0.12141
0.33544 0.18000 0.15651
0.30415 0.19656 0.17105
0.27466 0.21613 0.15651
0.25454 0.21094 0.11921
0.26887 0.20650 0.08401
0.30022 0.19010 0.06943
0.33023 0.17135 0.08401
0.34131 0.16123 0.11921
0.32697 0.16567 0.15442
0.29562 0.18207 0.16900
0.26562 0.20082 0.15442
0.24520 0.19464 0.11754
0.25916 0.18962 0.08226
0.29059 0.17339 0.06765
0.32108 0.15547 0.08226
0.33277 0.14634 0.11754
0.31881 0.15136 0.15282
0.28738 0.16759 0.16743
0.25689 0.18551 0.15282
0.23624 0.17837 0.11636
0.24986 0.17279 0.08104
0.28138 0.15676 0.06640
0.31233 0.13967 0.08104
0.32459 0.13152 0.11636
0.31097 0.13710 0.15169
0.27945 0.15313 0.16632
0.24850 0.17022 0.15169
0.22765 0.16216 0.11564
0.24097 0.15605 0.08029
0.27259 0.14023 0.06565
0.30399 0.12397 0.08029
0.31677 0.11679 0.11564
0.30345 0.12290 0.15099
0.27183 0.13872 0.16563
0.24043 0.15498 0.15099
0.21945 0.14602 0.11535
0.23251 0.13940 0.08000
0.26424 0.12381 0.06535
0.29606 0.10839 0.08000
0.30932 0.10217 0.11535
0.29626 0.10880 0.15070
0.26452 0.12438 0.16535
0.23271 0.13980 0.15070
0.21163 0.12998 0.11546
0.22447 0.12286 0.08012
0.25632 0.10752 0.06548
0.28854 0.09295 0.08012
0.30224 0.08767 0.11546
0.28940 0.09479 0.15080
0.25754 0.11013 0.16544
0.22533 0.12470 0.15080
0.20419 0.11403 0.11594
0.21684 0.10645 0.08063
0.24883 0.09138 0.06600
0.28143 0.07765 0.08063
0.29552 0.07331 0.11594
0.28287 0.08090 0.15125
0.25088 0.09597 0.16588
0.21829 0.10969 0.15125
0.19714 0.09821 0.11677
0.20964 0.09017 0.08150
0.24177 0.07539 0.06689
0.27472 0.06252 0.08150
0.28918 0.05911 0.11677
0.27668 0.06714 0.15203
0.24455 0.08192 0.16664
0.21160 0.09479 0.15203
0.19048 0.08250 0.11792
0.20285 0.07403 0.08271
0.23514 0.05956 0.06813
0.26842 0.04755 0.08271
0.28320 0.04506 0.11792
0.27083 0.05353 0.15313
0.23855 0.06800 0.16771
0.20526 0.08001 0.15313
0.18420 0.06693 0.11937
0.19648 0.05805 0.08423
0.22892 0.04390 0.06968
0.26252 0.03277 0.08423
0.27759 0.03118 0.11937
0.26531 0.04006 0.15451
0.23287 0.05422 0.16906
0.19927 0.06535 0.15451
0.17830 0.05151 0.12110
0.19052 0.04222 0.08605
0.22312 0.02841 0.07152
0.25701 0.01816 0.08605
0.27234 0.01748 0.12110
0.26012 0.02676 0.15616
0.22752 0.04057 0.17068
0.19363 0.05082 0.15616
0.17278 0.03623 0.12310
0.18496 0.02656 0.08813
0.21773 0.01311 0.07365
0.25189 0.00374 0.08813
0.26743 0.00396 0.12310
0.25526 0.01362 0.15807
0.22249 0.02708 0.17255
0.18833 0.03644 0.15807
0.16764 0.02111 0.12535
0.17980 0.01107 0.09048
0.21274 -0.00202 0.07603
0.24715 -0.01048 0.09048
0.26288 -0.00937 0.12535
0.25072 0.00067 0.16021
0.21778 0.01375 0.17466
0.18337 0.02222 0.16021
0.16286 0.00615 0.12782
0.17504 -0.00425 0.09306
0.20814 -0.01695 0.07867
0.24278 -0.02451 0.09306
0.25867 -0.02251 0.12782
0.24649 -0.01211 0.16258
0.21339 0.00059 0.17698
0.17875 0.00815 0.16258
0.15845 -0.00864 0.13052
0.17066 -0.01939 0.09588
0.20393 -0.03169 0.08153
0.23878 -0.03834 0.09588
0.25479 -0.03544 0.13052
0.24258 -0.02470 0.16515
0.20930 -0.01239 0.17950
0.17445 -0.00574 0.16515
0.15439 -0.02326 0.13342
0.16666 -0.03435 0.09891
0.20010 -0.04624 0.08461
0.23514 -0.05197 0.09891
0.25123 -0.04818 0.13342
0.23897 -0.03709 0.16793
0.20552 -0.02520 0.18222
0.17048 -0.01947 0.16793
0.15068 -0.03770 0.13652
0.16303 -0.04913 0.10214
0.19665 -0.06059 0.08791
0.23184 -0.06539 0.10214
0.24800 -0.06070 0.13652
0.23565 -0.04928 0.17089
0.20203 -0.03781 0.18513
0.16684 -0.03301 0.17089
0.14732 -0.05196 0.13981
0.15977 -0.06372 0.10558
0.19356 -0.07475 0.09140
0.22889 -0.07861 0.10558
0.24508 -0.07302 0.13981
0.23263 -0.06127 0.17403
0.19884 -0.05023 0.18821
0.16350 -0.04638 0.17403
0.14430 -0.06604 0.14328
0.15687 -0.07812 0.10921
0.19083 -0.08872 0.09510
0.22628 -0.09161 0.10921
0.24246 -0.08512 0.14328
0.22989 -0.07304 0.17734
0.19593 -0.06245 0.19145
0.16048 -0.05955 0.17734
0.14161 -0.07993 0.14692
0.15432 -0.09234 0.11303
0.18845 -0.10248 0.09898
0.22399 -0.10441 0.11303
0.24014 -0.09701 0.14692
0.22743 -0.08460 0.18082
0.19330 -0.07446 0.19486
0.15775 -0.07253 0.18082
0.13925 -0.09364 0.15074
0.15212 -0.10637 0.11702
0.18641 -0.11604 0.10306
0.22203 -0.11700 0.11702
0.23811 -0.10867 0.15074
0.22523 -0.09594 0.18445
0.19094 -0.08627 0.19842
0.15532 -0.08531 0.18445
0.13720 -0.10715 0.15472
0.15027 -0.12020 0.12121
0.18472 -0.12940 0.10732
0.22038 -0.12936 0.12121
0.23636 -0.12011 0.15472
0.22330 -0.10706 0.18824
0.18884 -0.09785 0.20213
0.15318 -0.09789 0.18824
0.13547 -0.12046 0.15887
0.14874 -0.13384 0.12557
0.18336 -0.14256 0.11177
0.21904 -0.14152 0.12557
0.23488 -0.13132 0.15887
0.22161 -0.11794 0.19218
0.18700 -0.10922 0.20598
0.15132 -0.11026 0.19218
0.13405 -0.13358 0.16319
0.14755 -0.14729 0.13011
0.18233 -0.15551 0.11641
0.21800 -0.15344 0.13011
0.23367 -0.14229 0.16319
0.22017 -0.12858 0.19627
0.18540 -0.12036 0.20997
0.14973 -0.12243 0.19627
0.13293 -0.14650 0.16767
0.14669 -0.16054 0.13483
0.18162 -0.16826 0.12123
0.21725 -0.16515 0.13483
0.23272 -0.15302 0.16767
0.21896 -0.13899 0.20050
0.18404 -0.13126 0.21410
0.14840 -0.13438 0.20050
0.13212 -0.15922 0.17231
0.14616 -0.17359 0.13974
0.18124 -0.18079 0.12625
0.21680 -0.17662 0.13974
0.23202 -0.16351 0.17231
0.21798 -0.14914 0.20488
0.18290 -0.14194 0.21837
0.14734 -0.14611 0.20488
0.13159 -0.17174 0.17712
0.14595 -0.18644 0.14483
0.18117 -0.19311 0.13146
0.21664 -0.18786 0.14483
0.23157 -0.17375 0.17712
0.21722 -0.15905 0.20940
0.18199 -0.15237 0.22278
0.14652 -0.15763 0.20940
0.13136 -0.18406 0.18209
0.14605 -0.19909 0.15011
0.18143 -0.20521 0.13687
0.21676 -0.19885 0.15011
0.23136 -0.18372 0.18209
0.21666 -0.16870 0.21407
0.18129 -0.16257 0.22732
0.14595 -0.16893 0.21407
0.13141 -0.19617 0.18724
0.14648 -0.21153 0.15559
0.18201 -0.21709 0.14248
0.21717 -0.20960 0.15559
0.23138 -0.19344 0.18724
0.21631 -0.17808 0.21888
0.18079 -0.17252 0.23199
0.14562 -0.18001 0.21888
0.13176 -0.20808 0.19255
0.14724 -0.22376 0.16127
0.18290 -0.22873 0.14831
0.21785 -0.22008 0.16127
0.23162 -0.20288 0.19255
0.21614 -0.18719 0.22384
0.18048 -0.18222 0.23680
0.14552 -0.19087 0.22384
0.13238 -0.21978 0.19805
0.14831 -0.23578 0.16715
0.18411 -0.24013 0.15435
0.21881 -0.23030 0.16715
0.23208 -0.21203 0.19805
0.21615 -0.19603 0.22895
0.18035 -0.19168 0.24175
0.14565 -0.20151 0.22895
0.13329 -0.23127 0.20373
0.14972 -0.24757 0.17325
0.18565 -0.25128 0.16062
0.22005 -0.24023 0.17325
0.23275 -0.22090 0.20373
0.21633 -0.20460 0.23421
0.18039 -0.20088 0.24683
0.14600 -0.21193 0.23421
0.13449 -0.24256 0.20959
0.15145 -0.25914 0.17956
0.18751 -0.26217 0.16713
0.22155 -0.24988 0.17956
0.23363 -0.22946 0.20959
0.21666 -0.21288 0.23962
0.18060 -0.20984 0.25206
0.14656 -0.22214 0.23962
0.13597 -0.25363 0.21565
0.15352 -0.27047 0.18611
0.18971 -0.27278 0.17387
0.22333 -0.25921 0.18611
0.23470 -0.23771 0.21565
0.21714 -0.22087 0.24519
0.18096 -0.21856 0.25743
0.14734 -0.23213 0.24519
0.13775 -0.26450 0.22190
0.15594 -0.28156 0.19288
0.19224 -0.28310 0.18086
0.22538 -0.26822 0.19288
0.23595 -0.24563 0.22190
0.21776 -0.22857 0.25093
0.18146 -0.22703 0.26295
0.14832 -0.24191 0.25093
0.13982 -0.27516 0.22836
0.15871 -0.29240 0.19989
0.19511 -0.29311 0.18810
0.22770 -0.27688 0.19989
0.23738 -0.25321 0.22836
0.21849 -0.23597 0.25683
0.18210 -0.23526 0.26863
0.14951 -0.25149 0.25683
0.14220 -0.28560 0.23503
0.16184 -0.30296 0.20715
0.19833 -0.30278 0.19561
0.23028 -0.28517 0.20715
0.23898 -0.26044 0.23503
0.21934 -0.24308 0.26291
0.18285 -0.24326 0.27446
0.15090 -0.26087 0.26291
0.14489 -0.29583 0.24192
0.16535 -0.31324 0.21467
0.20190 -0.31210 0.20338
0.23312 -0.29307 0.21467
0.24073 -0.26730 0.24192
0.22027 -0.24989 0.26917
0.18372 -0.25104 0.28046
0.15250 -0.27007 0.26917
0.14791 -0.30585 0.24903
0.16925 -0.32322 0.22244
0.20583 -0.32102 0.21142
0.23623 -0.30054 0.22244
0.24263 -0.27378 0.24903
0.22128 -0.25641 0.27563
0.18470 -0.25861 0.28664
0.15431 -0.27909 0.27563
0.15127 -0.31565 0.25638
0.17355 -0.33288 0.23047
0.21013 -0.32953 0.21974
0.23958 -0.30757 0.23047
0.24464 -0.27986 0.25638
0.22236 -0.26263 0.28228
0.18578 -0.26598 0.29301
0.15633 -0.28794 0.28228
0.15499 -0.32522 0.26396
0.17828 -0.34219 0.23877
0.21481 -0.33758 0.22834
0.24318 -0.31412 0.23877
0.24677 -0.28553 0.26396
0.22348 -0.26857 0.28914
0.18695 -0.27317 0.29958
0.15858 -0.29664 0.28914
0.15908 -0.33457 0.27178
0.18344 -0.35112 0.24734
0.21985 -0.34514 0.23721
0.24700 -0.32014 0.24734
0.24898 -0.29077 0.27178
0.22463 -0.27422 0.29623
0.18821 -0.28020 0.30636
0.16106 -0.30519 0.29623
0.16359 -0.34368 0.27987
0.18905 -0.35964 0.25618
0.22528 -0.35216 0.24636
0.25104 -0.32562 0.25618
0.25125 -0.29557 0.27987
0.22579 -0.27960 0.30355
0.18956 -0.28708 0.31337
0.16380 -0.31362 0.30355
0.16852 -0.35253 0.28821
0.19514 -0.36772 0.26528
0.23107 -0.35859 0.25579
0.25527 -0.33051 0.26528
0.25356 -0.29991 0.28821
0.22694 -0.28473 0.31113
0.19101 -0.29385 0.32063
0.16681 -0.32194 0.31113
0.17393 -0.36112 0.29682
0.20172 -0.37530 0.27466
0.23723 -0.36438 0.26548
0.25966 -0.33477 0.27466
0.25587 -0.30380 0.29682
0.22808 -0.28962 0.31898
0.19257 -0.30053 0.32815
0.17014 -0.33015 0.31898
0.17983 -0.36940 0.30570
0.20880 -0.38233 0.28429
0.24374 -0.36948 0.27543
0.26418 -0.33837 0.28429
0.25816 -0.30723 0.30570
0.22919 -0.29429 0.32711
0.19425 -0.30715 0.33597
0.17381 -0.33826 0.32711
0.18628 -0.37735 0.31487
0.21639 -0.38876 0.29419
0.25056 -0.37383 0.28562
0.26879 -0.34129 0.29419
0.26038 -0.31020 0.31487
0.23027 -0.29878 0.33554
0.19610 -0.31372 0.34411
0.17787 -0.34626 0.33554
0.19329 -0.38491 0.32432
0.22448 -0.39453 0.30433
0.25767 -0.37738 0.29605
0.27343 -0.34350 0.30433
0.26252 -0.31274 0.32432
0.23134 -0.30312 0.34431
0.19814 -0.32027 0.35258
0.18239 -0.35415 0.34431
0.20091 -0.39202 0.33407
0.23306 -0.39955 0.31472
0.26501 -0.38008 0.30671
0.27805 -0.34500 0.31472
0.26454 -0.31488 0.33407
0.23240 -0.30734 0.35341
0.20044 -0.32682 0.36143
0.18740 -0.36189 0.35341
0.20915 -0.39861 0.34411
0.24210 -0.40377 0.32534
0.27252 -0.38190 0.31756
0.28261 -0.34581 0.32534
0.26644 -0.31665 0.34411
0.23349 -0.31149 0.36288
0.20307 -0.33336 0.37066
0.19298 -0.36944 0.36288
0.21801 -0.40459 0.35446
0.25154 -0.40711 0.33618
0.28013 -0.38283 0.32861
0.28703 -0.34596 0.33618
0.26821 -0.31810 0.35446
0.23468 -0.31557 0.37274
0.20609 -0.33986 0.38031
0.19919 -0.37673 0.37274
0.22748 -0.40986 0.36512
0.26131 -0.40953 0.34725
0.28775 -0.38287 0.33984
0.29130 -0.34549 0.34725
0.26988 -0.31929 0.36512
0.23604 -0.31962 0.38300
0.20961 -0.34628 0.39040
0.20606 -0.38366 0.38300
0.23750 -0.41432 0.37609
0.27133 -0.41098 0.35852
0.29530 -0.38205 0.35124
0.29537 -0.34448 0.35852
0.27150 -0.32028 0.37609
0.23767 -0.32362 0.39367
0.21370 -0.35255 0.40095
0.21363 -0.39012 0.39367
0.24802 -0.41789 0.38738
0.28150 -0.41146 0.36999
0.30272 -0.38044 0.36279
0.29926 -0.34301 0.36999
0.27314 -0.32110 0.38738
0.23966 -0.32754 0.40476
0.21844 -0.35856 0.41196
0.22190 -0.39598 0.40476
0.25893 -0.42050 0.39898
0.29171 -0.41097 0.38167
0.30996 -0.37811 0.37450
0.30300 -0.34117 0.38167
0.27491 -0.32179 0.39898
0.24213 -0.33132 0.41628
0.22388 -0.36418 0.42345
0.23084 -0.40112 0.41628
0.27015 -0.42210 0.41089
0.30187 -0.40957 0.39355
0.31699 -0.37516 0.38637
0.30665 -0.33902 0.39355
0.27690 -0.32233 0.41089
0.24517 -0.33486 0.42824
0.23005 -0.36927 0.43542
0.24040 -0.40541 0.42824
0.28156 -0.42266 0.42312
0.31193 -0.40731 0.40563
0.32383 -0.37167 0.39839
0.31028 -0.33662 0.40563
0.27923 -0.32269 0.42312
0.24885 -0.33805 0.44061
0.23695 -0.37369 0.44786
0.25050 -0.40874 0.44061
0.29307 -0.42220 0.43566
0.32184 -0.40426 0.41792
0.33051 -0.36771 0.41057
0.31400 -0.33398 0.41792
0.28198 -0.32282 0.43566
0.25321 -0.34077 0.45340
0.24455 -0.37731 0.46075
0.26106 -0.41104 0.45340
0.30463 -0.42074 0.44851
0.33159 -0.40048 0.43042
0.33708 -0.36336 0.42292
0.31788 -0.33111 0.43042
0.28524 -0.32263 0.44851
0.25828 -0.34289 0.46660
0.25279 -0.38001 0.47409
0.27199 -0.41226 0.46660
0.31617 -0.41830 0.46165
0.34118 -0.39604 0.44313
0.34361 -0.35862 0.43546
0.32202 -0.32797 0.44313
0.28906 -0.32204 0.46165
0.26404 -0.34430 0.48017
0.26162 -0.38171 0.48784
0.28321 -0.41236 0.48017
0.32766 -0.41491 0.47508
0.35066 -0.39096 0.45606
0.35017 -0.35352 0.44818
0.32648 -0.32451 0.45606
0.29347 -0.32094 0.47508
0.27047 -0.34490 0.49411
0.27096 -0.38234 0.50199
0.29465 -0.41134 0.49411
0.33911 -0.41062 0.48879
0.36005 -0.38528 0.46920
0.35682 -0.34802 0.46108
0.33131 -0.32067 0.46920
0.29847 -0.31925 0.48879
0.27753 -0.34459 0.50839
0.28077 -0.38185 0.51651
0.30627 -0.40920 0.50839
0.35052 -0.40543 0.50277
0.36940 -0.37898 0.48255
0.36361 -0.34209 0.47418
0.33655 -0.31637 0.48255
0.30406 -0.31688 0.50277
0.28518 -0.34332 0.52298
0.29097 -0.38021 0.53136
0.31803 -0.40594 0.52298
0.36191 -0.39935 0.51698
0.37876 -0.37207 0.49610
0.37061 -0.33570 0.48745
0.34222 -0.31154 0.49610
0.31022 -0.31375 0.51698
0.29337 -0.34103 0.53786
0.30152 -0.37740 0.54651
0.32991 -0.40156 0.53786
0.37329 -0.39239 0.53142
0.38817 -0.36451 0.50984
0.37783 -0.32877 0.50090
0.34832 -0.30610 0.50984
0.31693 -0.30978 0.53142
0.30205 -0.33766 0.55300
0.31239 -0.37341 0.56194
0.34190 -0.39608 0.55300
0.38468 -0.38454 0.54606
0.39766 -0.35628 0.52375
0.38531 -0.32126 0.51451
0.35487 -0.29999 0.52375
0.32417 -0.30493 0.54606
0.31119 -0.33319 0.56836
0.32354 -0.36821 0.57760
0.35398 -0.38948 0.56836
0.39612 -0.37577 0.56086
0.40727 -0.34733 0.53781
0.39307 -0.31310 0.52827
0.36185 -0.29313 0.53781
0.33189 -0.29913 0.56086
0.32075 -0.32757 0.58391
0.33495 -0.36181 0.59345
0.36617 -0.38177 0.58391
0.40762 -0.36607 0.57580
0.41701 -0.33762 0.55199
0.40111 -0.30423 0.54213
0.36925 -0.28548 0.55199
0.34008 -0.29233 0.57580
0.33069 -0.32079 0.59960
0.34659 -0.35417 0.60947
0.37845 -0.37293 0.59960
0.41920 -0.35541 0.59084
0.42690 -0.32710 0.56626
0.40944 -0.29461 0.55608
0.37705 -0.27696 0.56626
0.34870 -0.28450 0.59084
0.34099 -0.31280 0.61541
0.35845 -0.34530 0.62559
0.39085 -0.36295 0.61541
0.43087 -0.34376 0.60592
0.43696 -0.31574 0.58058
0.41806 -0.28417 0.57008
0.38524 -0.26753 0.58058
0.35772 -0.27558 0.60592
0.35162 -0.30360 0.63127
0.37052 -0.33517 0.64177
0.40335 -0.35181 0.63127
0.44264 -0.33109 0.62102
0.44720 -0.30349 0.59490
0.42696 -0.27286 0.58408
0.39379 -0.25715 0.59490
0.36711 -0.26555 0.62102
0.36255 -0.29314 0.64714
0.38279 -0.32377 0.65795
0.41596 -0.33949 0.64714
0.45451 -0.31736 0.63607
0.45760 -0.29030 0.60918
0.43614 -0.26064 0.59804
0.40269 -0.24576 0.60918
0.37685 -0.25436 0.63607
0.37376 -0.28142 0.66295
0.39523 -0.31108 0.67409
0.42868 -0.32597 0.66295
0.46649 -0.30255 0.65100
0.46818 -0.27615 0.62336
0.44557 -0.24747 0.61190
0.41190 -0.23333 0.62336
0.38691 -0.24200 0.65100
0.38522 -0.26841 0.67865
0.40783 -0.29708 0.69010
0.44150 -0.31122 0.67865
0.47858 -0.28663 0.66577
0.47892 -0.26098 0.63737
0.45525 -0.23331 0.62560
0.42142 -0.21984 0.63737
0.39725 -0.22844 0.66577
0.39691 -0.25409 0.69417
0.42059 -0.28176 0.70593
0.45441 -0.29523 0.69417
0.49076 -0.26957 0.68028
0.48982 -0.24478 0.65115
0.46515 -0.21813 0.63908
0.43120 -0.20524 0.65115
0.40786 -0.21365 0.68028
0.40880 -0.23844 0.70942
0.43347 -0.26509 0.72149
0.46742 -0.27799 0.70942
0.50302 -0.25136 0.69448
0.50085 -0.22752 0.66462
0.47525 -0.20191 0.65225
0.44122 -0.18952 0.66462
0.41869 -0.19762 0.69448
0.42086 -0.22146 0.72434
0.44647 -0.24708 0.73670
0.48050 -0.25946 0.72434
0.51536 -0.23198 0.70826
0.51200 -0.20918 0.67771
0.48552 -0.18462 0.66505
0.45144 -0.17267 0.67771
0.42972 -0.18034 0.70826
0.43308 -0.20314 0.73882
0.45955 -0.22770 0.75148
0.49363 -0.23965 0.73882
0.52774 -0.21141 0.72155
0.52325 -0.18975 0.69032
0.49595 -0.16625 0.67739
0.46184 -0.15468 0.69032
0.44091 -0.16181 0.72155
0.44540 -0.18347 0.75278
0.47270 -0.20697 0.76572
0.50680 -0.21854 0.75278
0.54015 -0.18965 0.73425
0.53456 -0.16922 0.70238
0.50649 -0.14681 0.68917
0.47239 -0.13555 0.70238
0.45222 -0.14203 0.73425
0.45781 -0.16246 0.76612
0.48588 -0.18487 0.77932
0.51999 -0.19614 0.76612
0.55256 -0.16672 0.74625
0.54592 -0.14761 0.71377
0.51712 -0.12630 0.70031
0.48303 -0.11528 0.71377
0.46362 -0.12101 0.74625
0.47026 -0.14012 0.77873
0.49906 -0.16143 0.79218
0.53315 -0.17245 0.77873
0.56493 -0.14263 0.75745
0.55728 -0.12491 0.72440
0.52779 -0.10473 0.71071
0.49373 -0.09390 0.72440
0.47506 -0.09877 0.75745
0.48271 -0.11648 0.79050
0.51221 -0.13666 0.80419
0.54626 -0.14749 0.79050
0.57724 -0.11739 0.76774
0.56861 -0.10117 0.73417
0.53846 -0.08214 0.72026
0.50445 -0.07144 0.73417
0.48650 -0.07535 0.76774
0.49513 -0.09156 0.80131
0.52528 -0.11060 0.81521
0.55929 -0.12129 0.80131
0.58943 -0.09105 0.77700
0.57987 -0.07641 0.74296
0.54910 -0.05856 0.72886
0.51514 -0.04794 0.74296
0.49790 -0.05078 0.77700
0.50746 -0.06542 0.81104
0.53823 -0.08327 0.82515
0.57218 -0.09389 0.81104
0.60147 -0.06365 0.78513
0.59101 -0.05069 0.75067
0.55965 -0.03404 0.73640
0.52576 -0.02345 0.75067
0.50919 -0.02513 0.78513
0.51965 -0.03810 0.81958
0.55101 -0.05475 0.83385
0.58490 -0.06534 0.81958
0.61331 -0.03527 0.79200
0.60200 -0.02406 0.75720
0.57007 -0.00865 0.74279
0.53625 0.00196 0.75720
0.52033 0.00153 0.79200
0.53164 -0.00967 0.82680
0.56357 -0.02509 0.84121
0.59739 -0.03569 0.82680
0.62490 -0.00596 0.79750
0.61277 0.00339 0.76243
0.58031 0.01754 0.74790
0.54655 0.02820 0.76243
0.53126 0.02912 0.79750
0.54339 0.01977 0.83256
0.57584 0.00562 0.84709
0.60961 -0.00504 0.83256
0.63618 0.02417 0.80151
0.62327 0.03159 0.76626
0.59032 0.04444 0.75165
0.55662 0.05519 0.76626
0.54192 0.05755 0.80151
0.55483 0.05014 0.83676
0.58778 0.03729 0.85137
0.62148 0.02653 0.83676
0.64710 0.05503 0.80393
0.63346 0.06042 0.76858
0.60003 0.07193 0.75394
0.56639 0.08281 0.76858
0.55224 0.08669 0.80393
0.56588 0.08130 0.83928
0.59932 0.06980 0.85392
0.63296 0.05892 0.83928
0.65759 0.08650 0.80466
0.64328 0.08978 0.76932
0.60940 0.09990 0.75468
0.57580 0.11094 0.76932
0.56218 0.11642 0.80466
0.57650 0.11314 0.83999
0.61037 0.10302 0.85463
0.64397 0.09198 0.83999
0.66760 0.11844 0.80359
0.65266 0.11953 0.76838
0.61837 0.12823 0.75379
0.58481 0.13943 0.76838
0.57165 0.14659 0.80359
0.58659 0.14550 0.83881
0.62088 0.13681 0.85339
0.65444 0.12560 0.83881
0.67706 0.15072 0.80066
0.66156 0.14953 0.76569
0.62688 0.15675 0.75121
0.59334 0.16814 0.76569
0.58059 0.17704 0.80066
0.59609 0.17822 0.83563
0.63077 0.17100 0.85011
0.66431 0.15961 0.83563
0.68590 0.18316 0.79578
0.66991 0.17963 0.76120
0.63488 0.18532 0.74687
0.60134 0.19690 0.76120
0.58893 0.20758 0.79578
0.60492 0.21111 0.83037
0.63994 0.20542 0.84470
0.67349 0.19385 0.83037
0.69406 0.21562 0.78891
0.67767 0.20968 0.75485
0.64233 0.21378 0.74074
0.60876 0.22552 0.75485
0.59660 0.23803 0.78891
0.61300 0.24397 0.82298
0.64833 0.23987 0.83709
0.68191 0.22813 0.82298
0.70147 0.24791 0.78001
0.68478 0.23949 0.74662
0.64918 0.24194 0.73279
0.61553 0.25383 0.74662
0.60355 0.26818 0.78001
0.62025 0.27660 0.81340
0.65585 0.27415 0.82723
0.68949 0.26226 0.81340
0.70807 0.27985 0.76906
0.69119 0.26891 0.73651
0.65538 0.26964 0.72302
0.62163 0.28161 0.73651
0.60970 0.29782 0.76906
0.62659 0.30876 0.80161
0.66239 0.30803 0.81510
0.69615 0.29605 0.80161
0.71380 0.31126 0.75607
0.69686 0.29776 0.72452
0.66091 0.29669 0.71145
0.62700 0.30868 0.72452
0.61500 0.32671 0.75607
0.63193 0.34022 0.78762
0.66788 0.34129 0.80068
0.70179 0.32929 0.78762
0.71858 0.34198 0.74106
0.70176 0.32588 0.71068
0.66574 0.32292 0.69810
0.63162 0.33483 0.71068
0.61938 0.35463 0.74106
0.63620 0.37072 0.77143
0.67222 0.37368 0.78402
0.70634 0.36178 0.77143
0.72236 0.37182 0.72409
0.70586 0.35312 0.69506
0.66987 0.34816 0.68303
0.63547 0.35984 0.69506
0.62281 0.38131 0.72409
0.63930 0.40001 0.75312
0.67529 0.40497 0.76515
0.70969 0.39330 0.75312
0.72507 0.40064 0.70523
0.70915 0.37935 0.67770
0.67332 0.37225 0.66630
0.63856 0.38350 0.67770
0.62524 0.40651 0.70523
0.64117 0.42781 0.73275
0.67700 0.43491 0.74416
0.71176 0.42366 0.73275
0.72665 0.42832 0.68458
0.71161 0.40446 0.65872
0.67610 0.39506 0.64801
0.64091 0.40563 0.65872
0.62667 0.42997 0.68458
0.64171 0.45383 0.71045
0.67723 0.46323 0.72116
0.71241 0.45266 0.71045
0.72703 0.45475 0.66227
0.71326 0.42837 0.63820
0.67828 0.41647 0.62824
0.64259 0.42601 0.63820
0.62709 0.45141 0.66227
0.64086 0.47779 0.68634
0.67583 0.48969 0.69631
0.71153 0.48015 0.68634
0.72610 0.47989 0.63844
0.71409 0.45109 0.61628
0.67996 0.43643 0.60710
0.64369 0.44448 0.61628
0.62654 0.47054 0.63844
0.63854 0.49933 0.66060
0.67268 0.51400 0.66978
0.70894 0.50594 0.66060
0.72372 0.50372 0.61325
0.71412 0.47267 0.59306
0.68127 0.45492 0.58469
0.64440 0.46088 0.59306
0.62512 0.48705 0.61325
0.63473 0.51811 0.63345
0.66758 0.53585 0.64181
0.70445 0.52990 0.63345
0.71969 0.52632 0.58689
0.71332 0.49328 0.56867
0.68237 0.47207 0.56112
0.64498 0.47511 0.56867
0.62304 0.50063 0.58689
0.62941 0.53367 0.60511
0.66036 0.55489 0.61266
0.69775 0.55184 0.60511
0.71364 0.54775 0.55956
0.71155 0.51320 0.54323
0.68345 0.48812 0.53647
0.64579 0.48720 0.54323
0.62064 0.51098 0.55956
0.62273 0.54553 0.57588
0.65083 0.57061 0.58264
0.68849 0.57153 0.57588
0.66176 0.49643 0.51316
0.62717 0.50739 0.52533
0.61285 0.53918 0.54108
0.62717 0.57320 0.55119
0.66176 0.58951 0.54974
0.69635 0.57855 0.53757
0.71068 0.54676 0.52182
0.69635 0.51274 0.51171
0.65525 0.50643 0.48813
0.62096 0.51790 0.50066
0.60676 0.55066 0.51444
0.62096 0.58551 0.52139
0.65525 0.60204 0.51744
0.68954 0.59056 0.50491
0.70374 0.55780 0.49113
0.68954 0.52295 0.48419
0.64762 0.51432 0.46288
0.61368 0.52646 0.47572
0.59962 0.56007 0.48743
0.61368 0.59547 0.49114
0.64762 0.61192 0.48469
0.68157 0.59978 0.47185
0.69563 0.56617 0.46014
0.68157 0.53077 0.45642
0.63893 0.52013 0.43759
0.60537 0.53306 0.45066
0.59147 0.56741 0.46022
0.60537 0.60306 0.46067
0.63893 0.61913 0.45173
0.67249 0.60620 0.43866
0.68640 0.57185 0.42910
0.67249 0.53620 0.42866
0.62922 0.52388 0.41244
0.59607 0.53771 0.42564
0.58234 0.57267 0.43297
0.59607 0.60828 0.43015
0.62922 0.62368 0.41881
0.66237 0.60985 0.40561
0.67610 0.57489 0.39828
0.66237 0.53928 0.40111
0.61854 0.52562 0.38761
0.58582 0.54046 0.40080
0.57227 0.57589 0.40584
0.58582 0.61116 0.39977
0.61854 0.62561 0.38616
0.65125 0.61077 0.37296
0.66480 0.57534 0.36792
0.65125 0.54007 0.37399
0.60696 0.52542 0.36326
0.57469 0.54134 0.37629
0.56132 0.57710 0.37897
0.57469 0.61175 0.36974
0.60696 0.62499 0.35399
0.63922 0.60907 0.34096
0.65259 0.57331 0.33827
0.63922 0.53866 0.34751
0.57799 0.61982 0.33102
0.61242 0.61637 0.31468
0.63638 0.58731 0.30791
0.63582 0.54965 0.31468
0.61109 0.52545 0.33102
0.57666 0.52889 0.34737
0.55270 0.55796 0.35414
0.55325 0.59562 0.34737
0.55999 0.61321 0.30424
0.59373 0.61297 0.28619
0.62023 0.58639 0.27872
0.62396 0.54905 0.28619
0.60274 0.52281 0.30424
0.56899 0.52305 0.32229
0.54249 0.54963 0.32976
0.53876 0.58698 0.32229
0.54249 0.60475 0.27842
0.57519 0.60673 0.25864
0.60339 0.58220 0.25045
0.61057 0.54551 0.25864
0.59252 0.51817 0.27842
0.55982 0.51618 0.29819
0.53162 0.54072 0.30638
0.52444 0.57741 0.29819
0.52526 0.59467 0.25367
0.55675 0.59811 0.23220
0.58607 0.57519 0.22331
0.59606 0.53934 0.23220
0.58085 0.51155 0.25367
0.54936 0.50810 0.27514
0.52003 0.53102 0.28404
0.51005 0.56688 0.27514
0.50812 0.58312 0.23011
0.53833 0.58744 0.20702
0.56840 0.56578 0.19746
0.58070 0.53083 0.20702
0.56805 0.50307 0.23011
0.53784 0.49875 0.25320
0.50777 0.52041 0.26277
0.49546 0.55536 0.25320
0.49101 0.57025 0.20781
0.51992 0.57500 0.18320
0.55046 0.55431 0.17300
0.56472 0.52030 0.18320
0.55436 0.49288 0.20781
0.52545 0.48813 0.23242
0.49491 0.50883 0.24262
0.48065 0.54284 0.23242
0.47388 0.55618 0.18683
0.50151 0.56102 0.16080
0.53233 0.54106 0.15002
0.54827 0.50798 0.16080
0.54001 0.48117 0.18683
0.51237 0.47633 0.21285
0.48155 0.49629 0.22363
0.46561 0.52937 0.21285
0.45673 0.54103 0.16720
0.48312 0.54571 0.13989
0.51409 0.52629 0.12858
0.53150 0.49414 0.13989
0.52515 0.46810 0.16720
0.49875 0.46342 0.19452
0.46778 0.48284 0.20583
0.45037 0.51499 0.19452
0.43958 0.52492 0.14896
0.46477 0.52925 0.12048
0.49581 0.51022 0.10868
0.51451 0.47898 0.12048
0.50992 0.45384 0.14896
0.48473 0.44951 0.17744
0.45369 0.46854 0.18924
0.43499 0.49977 0.17744
0.42247 0.50797 0.13210
0.44651 0.51180 0.10258
0.47755 0.49305 0.09034
0.49741 0.46271 0.10258
0.49445 0.43855 0.13210
0.47041 0.43472 0.16163
0.43937 0.45346 0.17386
0.41951 0.48381 0.16163
0.40544 0.49029 0.11662
0.42838 0.49353 0.08616
0.45938 0.47498 0.07355
0.48029 0.44551 0.08616
0.47885 0.42239 0.11662
0.45590 0.41915 0.14708
0.42490 0.43770 0.15970
0.40400 0.46717 0.14708
0.38853 0.47200 0.10249
0.41043 0.47457 0.07122
0.44137 0.45615 0.05826
0.46323 0.42754 0.07122
0.46320 0.40549 0.10249
0.44130 0.40292 0.13377
0.41036 0.42134 0.14673
0.38850 0.44995 0.13377
0.37179 0.45320 0.08969
0.39270 0.45505 0.05769
0.42357 0.43672 0.04444
0.44631 0.40894 0.05769
0.44760 0.38799 0.08969
0.42669 0.38613 0.12168
0.39582 0.40447 0.13493
0.37309 0.43225 0.12168
0.35527 0.43398 0.07815
0.37525 0.43510 0.04553
0.40604 0.41682 0.03202
0.42960 0.38985 0.04553
0.43212 0.37000 0.07815
0.41214 0.36889 0.11077
0.38135 0.38717 0.12428
0.35780 0.41413 0.11077
0.33901 0.41445 0.06784
0.35812 0.41481 0.03469
0.38883 0.39656 0.02095
0.41315 0.37040 0.03469
0.41683 0.35164 0.06784
0.39772 0.35128 0.10099
0.36701 0.36952 0.11472
0.34269 0.39569 0.10099
0.32305 0.39466 0.05869
0.34135 0.39427 0.02508
0.37199 0.37605 0.01116
0.39702 0.35067 0.02508
0.40178 0.33300 0.05869
0.38348 0.33339 0.09230
0.35285 0.35161 0.10622
0.32781 0.37699 0.09230
0.30743 0.37471 0.05065
0.32497 0.37358 0.01666
0.35555 0.35538 0.00258
0.38126 0.33078 0.01666
0.38703 0.31418 0.05065
0.36949 0.31530 0.08464
0.33891 0.33350 0.09872
0.31320 0.35811 0.08464
0.29218 0.35465 0.04364
0.30902 0.35280 0.00933
0.33956 0.33463 -0.00488
0.36590 0.31079 0.00933
0.37262 0.29524 0.04364
0.35578 0.29708 0.07796
0.32524 0.31525 0.09217
0.29890 0.33909 0.07796
0.27733 0.33454 0.03761
0.29353 0.33199 0.00303
0.32404 0.31387 -0.01129
0.35099 0.29078 0.00303
0.35859 0.27625 0.03761
0.34239 0.27879 0.07219
0.31188 0.29692 0.08651
0.28494 0.32001 0.07219
0.26291 0.31442 0.03248
0.27852 0.31121 -0.00231
0.30903 0.29315 -0.01672
0.33655 0.27080 -0.00231
0.34498 0.25728 0.03248
0.32937 0.26049 0.06727
0.29886 0.27855 0.08169
0.27134 0.30090 0.06727
0.24894 0.29435 0.02819
0.26402 0.29051 -0.00677
0.29453 0.27252 -0.02125
0.32261 0.25092 -0.00677
0.33180 0.23836 0.02819
0.31672 0.24221 0.06315
0.28621 0.26020 0.07764
0.25813 0.28180 0.06315
0.23544 0.27436 0.02467
0.25004 0.26992 -0.01042
0.28058 0.25203 -0.02496
0.30918 0.23117 -0.01042
0.31908 0.21956 0.02467
0.30449 0.22400 0.05977
0.27394 0.24189 0.07430
0.24534 0.26276 0.05977
0.22242 0.25448 0.02186
0.23659 0.24947 -0.01334
0.26718 0.23170 -0.02791
0.29629 0.21158 -0.01334
0.30685 0.20089 0.02186
0.29268 0.20590 0.05705
0.26208 0.22367 0.07163
0.23298 0.24379 0.05705
0.20989 0.23473 0.01969
0.22368 0.22920 -0.01557
0.25435 0.21157 -0.03018
0.28393 0.19219 -0.01557
0.29510 0.18239 0.01969
0.28131 0.18793 0.05496
0.25064 0.20555 0.06957
0.22106 0.22493 0.05496
0.19786 0.21514 0.01812
0.21132 0.20911 -0.01720
0.24208 0.19167 -0.03183
0.27212 0.17302 -0.01720
0.28385 0.16409 0.01812
0.27039 0.17011 0.05343
0.23963 0.18755 0.06806
0.20959 0.20621 0.05343
0.18634 0.19571 0.01707
0.19951 0.18924 -0.01827
0.23037 0.17200 -0.03291
0.26086 0.15408 -0.01827
0.27310 0.14599 0.01707
0.25993 0.15246 0.05242
0.22906 0.16971 0.06706
0.19858 0.18762 0.05242
0.17532 0.17648 0.01651
0.18825 0.16959 -0.01885
0.21924 0.15258 -0.03349
0.25014 0.13540 -0.01885
0.26285 0.12812 0.01651
0.24992 0.13501 0.05186
0.21893 0.15202 0.06651
0.18803 0.16920 0.05186
0.16481 0.15744 0.01638
0.17753 0.15018 -0.01898
0.20867 0.13342 -0.03362
0.23997 0.11698 -0.01898
0.25310 0.11049 0.01638
0.24038 0.11775 0.05173
0.20925 0.13451 0.06637
0.17794 0.15095 0.05173
0.15480 0.13860 0.01663
0.16736 0.13100 -0.01871
0.19865 0.11453 -0.03335
0.23033 0.09883 -0.01871
0.24385 0.09310 0.01663
0.23129 0.10070 0.05197
0.20000 0.11718 0.06661
0.16832 0.13288 0.05197
0.14530 0.11998 0.01723
0.15773 0.11208 -0.01809
0.18918 0.09591 -0.03272
0.22123 0.08096 -0.01809
0.23509 0.07597 0.01723
0.22265 0.08387 0.05254
0.19120 0.10004 0.06717
0.15916 0.11499 0.05254
0.13628 0.10157 0.01813
0.14862 0.09340 -0.01716
0.18025 0.07757 -0.03178
0.21263 0.06336 -0.01716
0.22681 0.05908 0.01813
0.21447 0.06726 0.05342
0.18284 0.08309 0.06804
0.15045 0.09730 0.05342
0.12775 0.08339 0.01930
0.14003 0.07498 -0.01595
0.17184 0.05950 -0.03056
0.20455 0.04603 -0.01595
0.21899 0.04245 0.01930
0.20671 0.05086 0.05456
0.17491 0.06634 0.06916
0.14220 0.07981 0.05456
0.11970 0.06542 0.02072
0.13195 0.05681 -0.01450
0.16394 0.04171 -0.02909
0.19695 0.02898 -0.01450
0.21164 0.02607 0.02072
0.19939 0.03469 0.05594
0.16740 0.04978 0.07052
0.13439 0.06251 0.05594
0.11212 0.04768 0.02234
0.12435 0.03889 -0.01284
0.15654 0.02419 -0.02741
0.18983 0.01221 -0.01284
0.20473 0.00995 0.02234
0.19249 0.01874 0.05752
0.16031 0.03344 0.07209
0.12701 0.04542 0.05752
0.10499 0.03017 0.02415
0.11723 0.02123 -0.01099
0.14962 0.00695 -0.02554
0.18317 -0.00430 -0.01099
0.19825 -0.00593 0.02415
0.18600 0.00301 0.05929
0.15362 0.01729 0.07384
0.12006 0.02854 0.05929
0.09831 0.01288 0.02612
0.11058 0.00381 -0.00898
0.14316 -0.01003 -0.02351
0.17696 -0.02055 -0.00898
0.19218 -0.02157 0.02612
0.17991 -0.01250 0.06121
0.14733 0.00135 0.07575
0.11353 0.01186 0.06121
0.09205 -0.00418 0.02823
0.10437 -0.01335 -0.00682
0.13714 -0.02675 -0.02134
0.17117 -0.03654 -0.00682
0.18652 -0.03697 0.02823
0.17421 -0.02780 0.06328
0.14143 -0.01439 0.07780
0.10740 -0.00461 0.06328
0.08622 -0.02102 0.03046
0.09860 -0.03027 -0.00454
0.13156 -0.04321 -0.01904
0.16580 -0.05227 -0.00454
0.18125 -0.05213 0.03046
0.16887 -0.04288 0.06547
0.13591 -0.02993 0.07997
0.10167 -0.02088 0.06547
0.08079 -0.03763 0.03281
0.09324 -0.04694 -0.00216
0.12639 -0.05943 -0.01664
0.16082 -0.06776 -0.00216
0.17636 -0.06706 0.03281
0.16390 -0.05774 0.06777
0.13075 -0.04526 0.08226
0.09632 -0.03693 0.06777
0.07575 -0.05402 0.03524
0.08829 -0.06338 0.00032
0.12162 -0.07539 -0.01414
0.15622 -0.08300 0.00032
0.17182 -0.08177 0.03524
0.15928 -0.07240 0.07017
0.12595 -0.06039 0.08463
0.09135 -0.05278 0.07017
0.07109 -0.07018 0.03777
0.08372 -0.07958 0.00289
0.11722 -0.09111 -0.01156
0.15198 -0.09802 0.00289
0.16763 -0.09625 0.03777
0.15500 -0.08685 0.07264
0.12149 -0.07532 0.08709
0.08673 -0.06841 0.07264
0.06679 -0.08612 0.04036
0.07952 -0.09555 0.00552
0.11319 -0.10660 -0.00891
0.14809 -0.11280 0.00552
0.16377 -0.11052 0.04036
0.15104 -0.10109 0.07520
0.11736 -0.09004 0.08963
0.08246 -0.08384 0.07520
0.06284 -0.10185 0.04302
0.07567 -0.11129 0.00823
0.10951 -0.12186 -0.00618
0.14453 -0.12736 0.00823
0.16022 -0.12458 0.04302
0.14739 -0.11513 0.07781
0.11355 -0.10456 0.09223
0.07853 -0.09906 0.07781
0.05923 -0.11736 0.04574
0.07217 -0.12681 0.01099
0.10616 -0.13690 -0.00340
0.14129 -0.14171 0.01099
0.15698 -0.13843 0.04574
0.14404 -0.12897 0.08049
0.11005 -0.11888 0.09489
0.07492 -0.11407 0.08049
0.05594 -0.13265 0.04852
0.06899 -0.14211 0.01381
0.10313 -0.15172 -0.00056
0.13836 -0.15585 0.01381
0.15404 -0.15207 0.04852
0.14098 -0.14260 0.08322
0.10684 -0.13299 0.09760
0.07162 -0.12887 0.08322
0.05296 -0.14772 0.05134
0.06613 -0.15719 0.01668
0.10041 -0.16633 0.00233
0.13571 -0.16977 0.01668
0.15137 -0.16551 0.05134
0.13820 -0.15604 0.08600
0.10392 -0.14690 0.10036
0.06861 -0.14346 0.08600
0.05028 -0.16258 0.05422
0.06357 -0.17207 0.01961
0.09797 -0.18073 0.00527
0.13335 -0.18350 0.01961
0.14896 -0.17876 0.05422
0.13568 -0.16927 0.08883
0.10127 -0.16061 0.10317
0.06590 -0.15784 0.08883
0.04789 -0.17724 0.05714
0.06129 -0.18673 0.02258
0.09582 -0.19493 0.00826
0.13125 -0.19704 0.02258
0.14682 -0.19181 0.05714
0.13342 -0.18231 0.09171
0.09889 -0.17411 0.10602
0.06346 -0.17201 0.09171
0.04577 -0.19168 0.06011
0.05929 -0.20120 0.02560
0.09393 -0.20894 0.01131
0.12940 -0.21038 0.02560
0.14492 -0.20466 0.06011
0.13140 -0.19515 0.09463
0.09675 -0.18740 0.10892
0.06128 -0.18597 0.09463
0.04391 -0.20592 0.06313
0.05755 -0.21546 0.02868
0.09230 -0.22276 0.01441
0.12780 -0.22353 0.02868
0.14325 -0.21733 0.06313
0.12961 -0.20778 0.09759
0.09486 -0.20049 0.11186
0.05936 -0.19972 0.09759
0.04230 -0.21995 0.06620
0.05607 -0.22953 0.03181
0.09092 -0.23639 0.01756
0.12644 -0.23650 0.03181
0.14182 -0.22980 0.06620
0.12805 -0.22022 0.10060
0.09320 -0.21337 0.11485
0.05768 -0.21326 0.10060
0.04094 -0.23378 0.06932
0.05483 -0.24341 0.03499
0.08977 -0.24983 0.02077
0.12530 -0.24929 0.03499
0.14059 -0.24209 0.06932
0.12670 -0.23246 0.10365
0.09176 -0.22604 0.11788
0.05623 -0.22659 0.10365
0.03981 -0.24742 0.07250
0.05383 -0.25711 0.03823
0.08886 -0.26310 0.02404
0.12438 -0.26189 0.03823
0.13958 -0.25419 0.07250
0.12556 -0.24449 0.10676
0.09053 -0.23850 0.12095
0.05501 -0.23971 0.10676
0.03890 -0.26085 0.07573
0.05305 -0.27062 0.04154
0.08817 -0.27620 0.02738
0.12367 -0.27433 0.04154
0.13877 -0.26609 0.07573
0.12461 -0.25633 0.10992
0.08950 -0.25075 0.12408
0.05400 -0.25262 0.10992
0.03821 -0.27409 0.07902
0.05250 -0.28395 0.04492
0.08769 -0.28913 0.03079
0.12316 -0.28658 0.04492
0.13814 -0.27782 0.07902
0.12386 -0.26796 0.11313
0.08867 -0.26278 0.12725
0.05319 -0.26532 0.11313
0.03773 -0.28714 0.08238
0.05216 -0.29711 0.04837
0.08742 -0.30188 0.03428
0.12285 -0.29867 0.04837
0.13771 -0.28935 0.08238
0.12328 -0.27938 0.11640
0.08802 -0.27461 0.13049
0.05259 -0.27782 0.11640
0.03746 -0.30000 0.08582
0.05203 -0.31009 0.05190
0.08736 -0.31448 0.03785
0.12274 -0.31058 0.05190
0.13745 -0.30069 0.08582
0.12288 -0.29060 0.11973
0.08755 -0.28622 0.13378
0.05217 -0.29011 0.11973
0.03737 -0.31267 0.08933
0.05210 -0.32291 0.05552
0.08749 -0.32691 0.04152
0.12281 -0.32232 0.05552
0.13737 -0.31184 0.08933
0.12264 -0.30160 0.12313
0.08725 -0.29761 0.13713
0.05193 -0.30219 0.12313
0.03748 -0.32516 0.09292
0.05238 -0.33556 0.05924
0.08783 -0.33917 0.04528
0.12307 -0.33389 0.05924
0.13746 -0.32280 0.09292
0.12256 -0.31240 0.12660
0.08711 -0.30879 0.14055
0.05187 -0.31407 0.12660
0.03778 -0.33746 0.09660
0.05285 -0.34804 0.06305
0.08836 -0.35128 0.04916
0.12351 -0.34529 0.06305
0.13770 -0.33356 0.09660
0.12264 -0.32298 0.13015
0.08713 -0.31974 0.14404
0.05198 -0.32574 0.13015
0.03826 -0.34959 0.10038
0.05352 -0.36037 0.06698
0.08908 -0.36324 0.05314
0.12412 -0.35651 0.06698
0.13811 -0.34413 0.10038
0.12286 -0.33335 0.13378
0.08729 -0.33048 0.14761
0.05225 -0.33721 0.13378
0.03892 -0.36153 0.10426
0.05437 -0.37253 0.07102
0.08999 -0.37503 0.05725
0.12491 -0.36756 0.07102
0.13867 -0.35450 0.10426
0.12321 -0.34350 0.13749
0.08760 -0.34100 0.15126
0.05268 -0.34847 0.13749
0.03975 -0.37330 0.10825
0.05543 -0.38454 0.07519
0.09110 -0.38666 0.06150
0.12587 -0.37843 0.07519
0.13938 -0.36467 0.10825
0.12371 -0.35343 0.14130
0.08804 -0.35130 0.15499
0.05326 -0.35953 0.14130
0.04077 -0.38489 0.11235
0.05667 -0.39639 0.07950
0.09240 -0.39814 0.06589
0.12701 -0.38913 0.07950
0.14024 -0.37463 0.11235
0.12433 -0.36313 0.14521
0.08860 -0.36138 0.15881
0.05399 -0.37039 0.14521
0.04195 -0.39632 0.11659
0.05812 -0.40808 0.08395
0.09389 -0.40946 0.07044
0.12832 -0.39964 0.08395
0.14124 -0.38438 0.11659
0.12507 -0.37262 0.14922
0.08930 -0.37124 0.16273
0.05487 -0.38106 0.14922
0.04331 -0.40757 0.12095
0.05975 -0.41962 0.08856
0.09558 -0.42061 0.07515
0.12980 -0.40996 0.08856
0.14238 -0.39392 0.12095
0.12593 -0.38187 0.15334
0.09011 -0.38087 0.16675
0.05588 -0.39152 0.15334
0.04485 -0.41865 0.12546
0.06159 -0.43099 0.09334
0.09747 -0.43159 0.08004
0.13146 -0.42010 0.09334
0.14365 -0.40324 0.12546
0.12690 -0.39089 0.15758
0.09103 -0.39029 0.17088
0.05704 -0.40179 0.15758
0.04656 -0.42956 0.13012
0.06364 -0.44221 0.09830
0.09956 -0.44241 0.08512
0.13329 -0.43003 0.09830
0.14506 -0.41233 0.13012
0.12798 -0.39968 0.16194
0.09206 -0.39949 0.17512
0.05833 -0.41186 0.16194
0.04845 -0.44031 0.13494
0.06589 -0.45327 0.10344
0.10187 -0.45304 0.09039
0.13530 -0.43976 0.10344
0.14660 -0.42120 0.13494
0.12916 -0.40824 0.16644
0.09319 -0.40847 0.17949
0.05975 -0.42175 0.16644
0.05052 -0.45089 0.13993
0.06836 -0.46417 0.10878
0.10438 -0.46349 0.09588
0.13748 -0.44927 0.10878
0.14827 -0.42983 0.13993
0.13043 -0.41656 0.17107
0.09441 -0.41723 0.18397
0.06131 -0.43145 0.17107
0.05277 -0.46132 0.14510
0.07105 -0.47489 0.11434
0.10712 -0.47375 0.10160
0.13985 -0.45856 0.11434
0.15007 -0.43822 0.14510
0.13180 -0.42464 0.17586
0.09573 -0.42578 0.18860
0.06300 -0.44097 0.17586
0.05522 -0.47157 0.15045
0.07397 -0.48544 0.12011
0.11008 -0.48380 0.10755
0.14240 -0.46761 0.12011
0.15199 -0.44635 0.15045
0.13324 -0.43248 0.18079
0.09713 -0.43412 0.19336
0.06482 -0.45032 0.18079
0.05787 -0.48167 0.15601
0.07713 -0.49582 0.12613
0.11328 -0.49364 0.11375
0.14513 -0.47642 0.12613
0.15403 -0.45424 0.15601
0.13477 -0.44009 0.18590
0.09862 -0.44226 0.19828
0.06677 -0.45949 0.18590
0.06072 -0.49160 0.16178
0.08054 -0.50600 0.13238
0.11672 -0.50325 0.12021
0.14805 -0.48496 0.13238
0.15619 -0.46185 0.16178
0.13636 -0.44745 0.19118
0.10019 -0.45021 0.20335
0.06885 -0.46849 0.19118
0.06378 -0.50138 0.16777
0.08421 -0.51598 0.13890
0.12041 -0.51261 0.12694
0.15116 -0.49322 0.13890
0.15846 -0.46919 0.16777
0.13802 -0.45458 0.19664
0.10183 -0.45796 0.20860
0.07108 -0.47734 0.19664
0.06706 -0.51098 0.17399
0.08815 -0.52576 0.14568
0.12436 -0.52170 0.13395
0.15446 -0.50119 0.14568
0.16084 -0.47624 0.17399
0.13975 -0.46147 0.20230
0.10355 -0.46553 0.21402
0.07344 -0.48604 0.20230
0.07059 -0.52043 0.18045
0.09238 -0.53531 0.15274
0.12857 -0.53051 0.14126
0.15795 -0.50884 0.15274
0.16332 -0.48300 0.18045
0.14152 -0.46813 0.20816
0.10533 -0.47293 0.21964
0.07595 -0.49459 0.20816
0.07436 -0.52971 0.18717
0.09691 -0.54462 0.16009
0.13306 -0.53900 0.14887
0.16164 -0.51616 0.16009
0.16590 -0.48946 0.18717
0.14335 -0.47455 0.21426
0.10719 -0.48016 0.22547
0.07862 -0.50301 0.21426
0.07839 -0.53882 0.19416
0.10175 -0.55367 0.16773
0.13784 -0.54716 0.15679
0.16551 -0.52311 0.16773
0.16857 -0.49560 0.19416
0.14521 -0.48074 0.22058
0.10912 -0.48725 0.23153
0.08144 -0.51131 0.22058
0.08271 -0.54775 0.20143
0.10692 -0.56245 0.17569
0.14290 -0.55496 0.16503
0.16958 -0.52967 0.17569
0.17132 -0.50141 0.20143
0.14711 -0.48672 0.22716
0.11113 -0.49420 0.23782
0.08445 -0.51949 0.22716
0.08732 -0.55651 0.20899
0.11243 -0.57092 0.18396
0.14826 -0.56236 0.17359
0.17382 -0.53583 0.18396
0.17414 -0.50688 0.20899
0.14904 -0.49247 0.23401
0.11321 -0.50103 0.24438
0.08765 -0.52756 0.23401
0.09227 -0.56507 0.21685
0.11830 -0.57907 0.19255
0.15392 -0.56932 0.18249
0.17824 -0.54155 0.19255
0.17703 -0.51201 0.21685
0.15099 -0.49801 0.24115
0.11538 -0.50776 0.25122
0.09105 -0.53553 0.24115
0.09755 -0.57343 0.22504
0.12455 -0.58686 0.20148
0.15987 -0.57583 0.19172
0.18282 -0.54680 0.20148
0.17996 -0.51678 0.22504
0.15296 -0.50336 0.24860
0.11764 -0.51439 0.25836
0.09469 -0.54341 0.24860
0.10321 -0.58157 0.23356
0.13119 -0.59426 0.21074
0.16613 -0.58182 0.20129
0.18756 -0.55156 0.21074
0.18293 -0.52119 0.23356
0.15495 -0.50851 0.25638
0.12001 -0.52094 0.26583
0.09858 -0.55120 0.25638
0.10928 -0.58947 0.24243
0.13823 -0.60123 0.22034
0.17268 -0.58728 0.21120
0.19243 -0.55580 0.22034
0.18592 -0.52524 0.24243
0.15696 -0.51348 0.26451
0.12251 -0.52743 0.27366
0.10276 -0.55891 0.26451
0.11577 -0.59711 0.25166
0.14569 -0.60773 0.23029
0.17951 -0.59215 0.22145
0.19741 -0.55951 0.23029
0.18891 -0.52892 0.25166
0.15898 -0.51830 0.27302
0.12517 -0.53387 0.28187
0.10727 -0.56652 0.27302
0.12272 -0.60445 0.26126
0.15356 -0.61372 0.24060
0.18660 -0.59640 0.23204
0.20248 -0.56265 0.24060
0.19189 -0.53223 0.26126
0.16104 -0.52296 0.28192
0.12800 -0.54027 0.29048
0.11213 -0.57402 0.28192
0.13015 -0.61144 0.27125
0.16185 -0.61914 0.25125
0.19394 -0.60000 0.24297
0.20761 -0.56523 0.25125
0.19485 -0.53520 0.27125
0.16315 -0.52750 0.29125
0.13106 -0.54664 0.29953
0.11739 -0.58141 0.29125
0.13809 -0.61804 0.28165
0.17056 -0.62395 0.26227
0.20149 -0.60290 0.25425
0.21277 -0.56722 0.26227
0.19779 -0.53782 0.28165
0.16532 -0.53191 0.30103
0.13439 -0.55296 0.30905
0.12311 -0.58864 0.30103
0.14655 -0.62420 0.29247
0.17965 -0.62810 0.27366
0.20922 -0.60509 0.26587
0.21794 -0.56865 0.27366
0.20070 -0.54013 0.29247
0.16760 -0.53623 0.31128
0.13803 -0.55924 0.31907
0.12931 -0.59568 0.31128
0.15555 -0.62984 0.30372
0.18911 -0.63153 0.28541
0.21709 -0.60654 0.27783
0.22308 -0.56951 0.28541
0.20358 -0.54214 0.30372
0.17002 -0.54045 0.32202
0.14205 -0.56544 0.32960
0.13605 -0.60247 0.32202
0.16507 -0.63490 0.31541
0.19890 -0.63420 0.29755
0.22505 -0.60725 0.29015
0.22818 -0.56984 0.29755
0.20648 -0.54388 0.31541
0.17264 -0.54458 0.33328
0.14650 -0.57153 0.34068
0.14336 -0.60894 0.33328
0.17510 -0.63930 0.32757
0.20898 -0.63608 0.31006
0.23306 -0.60724 0.30281
0.23324 -0.56967 0.31006
0.20941 -0.54537 0.32757
0.17553 -0.54859 0.34508
0.15146 -0.57744 0.35234
0.15128 -0.61501 0.34508
0.18561 -0.64298 0.34021
0.21928 -0.63715 0.32297
0.24108 -0.60652 0.31583
0.23824 -0.56903 0.32297
0.21243 -0.54664 0.34021
0.17876 -0.55247 0.35744
0.15697 -0.58310 0.36458
0.15980 -0.62059 0.35744
0.19656 -0.64586 0.35333
0.22975 -0.63738 0.33628
0.24908 -0.60512 0.32922
0.24322 -0.56796 0.33628
0.21560 -0.54769 0.35333
0.18241 -0.55617 0.37038
0.16308 -0.58843 0.37744
0.16894 -0.62558 0.37038
0.20789 -0.64789 0.36695
0.24035 -0.63679 0.35000
0.25705 -0.60308 0.34298
0.24821 -0.56651 0.35000
0.21900 -0.54851 0.36695
0.18654 -0.55962 0.38390
0.16984 -0.59333 0.39093
0.17868 -0.62989 0.38390
0.21954 -0.64904 0.38109
0.25102 -0.63538 0.36415
0.26498 -0.60045 0.35713
0.25325 -0.56470 0.36415
0.22270 -0.54909 0.38109
0.19122 -0.56274 0.39803
0.17726 -0.59768 0.40505
0.18899 -0.63342 0.39803
0.23146 -0.64926 0.39574
0.26173 -0.63318 0.37873
0.27290 -0.59726 0.37168
0.25841 -0.56254 0.37873
0.22677 -0.54937 0.39574
0.19650 -0.56545 0.41276
0.18534 -0.60137 0.41981
0.19982 -0.63608 0.41276
0.24361 -0.64854 0.41093
0.27247 -0.63020 0.39376
0.28082 -0.59354 0.38665
0.26376 -0.56003 0.39376
0.23129 -0.54930 0.41093
0.20243 -0.56764 0.42811
0.19408 -0.60430 0.43522
0.21113 -0.63781 0.42811
0.25593 -0.64687 0.42666
0.28323 -0.62648 0.40925
0.28880 -0.58931 0.40204
0.26936 -0.55714 0.40925
0.23632 -0.54882 0.42666
0.20901 -0.56921 0.44407
0.20345 -0.60638 0.45128
0.22288 -0.63855 0.44407
0.26841 -0.64425 0.44294
0.29403 -0.62202 0.42522
0.29687 -0.58457 0.41788
0.27528 -0.55384 0.42522
0.24189 -0.54783 0.44294
0.21627 -0.57006 0.46065
0.21343 -0.60751 0.46799
0.23502 -0.63824 0.46065
0.28102 -0.64066 0.45976
0.30488 -0.61682 0.44167
0.30510 -0.57929 0.43418
0.28157 -0.55006 0.44167
0.24806 -0.54625 0.45976
0.22420 -0.57009 0.47784
0.22398 -0.60762 0.48533
0.24751 -0.63685 0.47784
0.29377 -0.63610 0.47712
0.31581 -0.61088 0.45861
0.31353 -0.57346 0.45094
0.28827 -0.54575 0.45861
0.25483 -0.54400 0.47712
0.23279 -0.56922 0.49564
0.23507 -0.60664 0.50331
0.26033 -0.63434 0.49564
0.30666 -0.63055 0.49504
0.32687 -0.60418 0.47604
0.32222 -0.56702 0.46818
0.29544 -0.54084 0.47604
0.26222 -0.54097 0.49504
0.24202 -0.56734 0.51403
0.24666 -0.60450 0.52190
0.27344 -0.63069 0.51403
0.31971 -0.62399 0.51349
0.33808 -0.59668 0.49397
0.33120 -0.55991 0.48588
0.30309 -0.53523 0.49397
0.27023 -0.53708 0.51349
0.25186 -0.56439 0.53302
0.25875 -0.60116 0.54110
0.28685 -0.62584 0.53302
0.33293 -0.61638 0.53247
0.34948 -0.58834 0.51238
0.34051 -0.55208 0.50406
0.31126 -0.52885 0.51238
0.27887 -0.53225 0.53247
0.26231 -0.56030 0.55257
0.27129 -0.59655 0.56089
0.30054 -0.61979 0.55257
0.34633 -0.60769 0.55197
0.36111 -0.57910 0.53127
0.35018 -0.54344 0.52269
0.31995 -0.52161 0.53127
0.28812 -0.52638 0.55197
0.27334 -0.55498 0.57267
0.28427 -0.59063 0.58124
0.31450 -0.61247 0.57267
0.35996 -0.59787 0.57195
0.37300 -0.56890 0.55061
0.36025 -0.53392 0.54177
0.32917 -0.51342 0.55061
0.29797 -0.51940 0.57195
0.28493 -0.54836 0.59329
0.29768 -0.58334 0.60213
0.32876 -0.60385 0.59329
0.37381 -0.58686 0.59241
0.38517 -0.55769 0.57040
0.37072 -0.52344 0.56128
0.33892 -0.50419 0.57040
0.30841 -0.51121 0.59241
0.29706 -0.54039 0.61441
0.31151 -0.57463 0.62353
0.34330 -0.59388 0.61441
0.38792 -0.57461 0.61329
0.39764 -0.54537 0.59059
0.38161 -0.51192 0.58119
0.34922 -0.49385 0.59059
0.31943 -0.50174 0.61329
0.30971 -0.53098 0.63599
0.32574 -0.56443 0.64539
0.35814 -0.58250 0.63599
0.40230 -0.56104 0.63456
0.41044 -0.53189 0.61115
0.39294 -0.49927 0.60145
0.36004 -0.48229 0.61115
0.33102 -0.49091 0.63456
0.32287 -0.52006 0.65797
0.34038 -0.55268 0.66767
0.37328 -0.56966 0.65797
0.41696 -0.54610 0.65617
0.42358 -0.51715 0.63203
0.40470 -0.48540 0.62203
0.37138 -0.46944 0.63203
0.34315 -0.47863 0.65617
0.33653 -0.50757 0.68032
0.35541 -0.53932 0.69032
0.38872 -0.55528 0.68032
0.43191 -0.52970 0.67807
0.43706 -0.50109 0.65318
0.41690 -0.47023 0.64287
0.38324 -0.45521 0.65318
0.35581 -0.46482 0.67807
0.35066 -0.49343 0.70295
0.37082 -0.52429 0.71326
0.40447 -0.53931 0.70295
0.44716 -0.51177 0.70017
0.45089 -0.48361 0.67452
0.42953 -0.45368 0.66390
0.39560 -0.43952 0.67452
0.36898 -0.44941 0.70017
0.36525 -0.47757 0.72581
0.38661 -0.50750 0.73643
0.42053 -0.52166 0.72581
0.46271 -0.49223 0.72240
0.46507 -0.46463 0.69599
0.44259 -0.43566 0.68505
0.40845 -0.42228 0.69599
0.38264 -0.43232 0.72240
0.38028 -0.45992 0.74881
0.40276 -0.48890 0.75975
0.43690 -0.50228 0.74881
0.47856 -0.47101 0.74467
0.47959 -0.44409 0.71749
0.45606 -0.41609 0.70623
0.42175 -0.40341 0.71749
0.39677 -0.41348 0.74467
0.39573 -0.44040 0.77185
0.41926 -0.46840 0.78310
0.45357 -0.48108 0.77185
0.49469 -0.44805 0.76686
0.49444 -0.42191 0.73891
0.46993 -0.39490 0.72734
0.43550 -0.38285 0.73891
0.41133 -0.39280 0.76686
0.41158 -0.41894 0.79481
0.43609 -0.44595 0.80639
0.47052 -0.45800 0.79481
0.51110 -0.42326 0.78887
0.50961 -0.39801 0.76015
0.48417 -0.37202 0.74826
0.44966 -0.36051 0.76015
0.42631 -0.37023 0.78887
0.42779 -0.39549 0.81759
0.45324 -0.42147 0.82948
0.48774 -0.43298 0.81759
0.52776 -0.39659 0.81055
0.52508 -0.37233 0.78108
0.49876 -0.34738 0.76887
0.46420 -0.33636 0.78108
0.44167 -0.34571 0.81055
0.44434 -0.36997 0.84003
0.47067 -0.39492 0.85224
0.50522 -0.40594 0.84003
0.54465 -0.36797 0.83176
0.54081 -0.34482 0.80154
0.51366 -0.32093 0.78902
0.47909 -0.31032 0.80154
0.45736 -0.31918 0.83176
0.46119 -0.34234 0.86199
0.48835 -0.36622 0.87450
0.52292 -0.37684 0.86199
0.56173 -0.33738 0.85233
0.55678 -0.31543 0.82138
0.52884 -0.29264 0.80855
0.49428 -0.28235 0.82138
0.47335 -0.29060 0.85233
0.47830 -0.31255 0.88328
0.50624 -0.33535 0.89611
0.54080 -0.34563 0.88328
0.57898 -0.30477 0.87208
0.57294 -0.28413 0.84042
0.54426 -0.26246 0.82731
0.50973 -0.25244 0.84042
0.48958 -0.25995 0.87208
0.49562 -0.28059 0.90374
0.52430 -0.30226 0.91685
0.55883 -0.31228 0.90374
0.59633 -0.27012 0.89082
0.58925 -0.25091 0.85849
0.55986 -0.23039 0.84510
0.52538 -0.22057 0.85849
0.50601 -0.22721 0.89082
0.51310 -0.24642 0.92315
0.54249 -0.26695 0.93654
0.57697 -0.27677 0.92315
0.61375 -0.23345 0.90834
0.60564 -0.21577 0.87538
0.57558 -0.19643 0.86173
0.54117 -0.18674 0.87538
0.52256 -0.19239 0.90834
0.53066 -0.21007 0.94130
0.56073 -0.22941 0.95495
0.59514 -0.23910 0.94130
0.63115 -0.19476 0.92442
0.62207 -0.17873 0.89088
0.59137 -0.16060 0.87698
0.55703 -0.15099 0.89088
0.53917 -0.15552 0.92442
0.54826 -0.17155 0.95796
0.57896 -0.18968 0.97185
0.61330 -0.19929 0.95796
0.64848 -0.15411 0.93882
0.63845 -0.13985 0.90476
0.60714 -0.12296 0.89065
0.57289 -0.11336 0.90476
0.55577 -0.11665 0.93882
0.56580 -0.13091 0.97289
0.59711 -0.14779 0.98700
0.63136 -0.15740 0.97289
0.66566 -0.11157 0.95131
0.65472 -0.09918 0.91680
0.62283 -0.08359 0.90250
0.58867 -0.07393 0.91680
0.57226 -0.07586 0.95131
0.58320 -0.08824 0.98583
0.61509 -0.10383 1.00012
0.64925 -0.11349 0.98583
0.68260 -0.06724 0.96164
0.67079 -0.05684 0.92676
0.63835 -0.04259 0.91231
0.60428 -0.03282 0.92676
0.58855 -0.03326 0.96164
0.60037 -0.04365 0.99652
0.63281 -0.05790 1.01097
0.66687 -0.06767 0.99652
0.69921 -0.02125 0.96956
0.68656 -0.01297 0.93440
0.65360 -0.00009 0.91984
0.61963 0.00984 0.93440
0.60455 0.01101 0.96956
0.61720 0.00273 1.00471
0.65017 -0.01015 1.01928
0.68413 -0.02009 1.00471
0.71538 0.02621 0.97482
0.70194 0.03227 0.93951
0.66848 0.04373 0.92488
0.63461 0.05387 0.93951
0.62015 0.05675 0.97482
0.63359 0.05069 1.01014
0.66705 0.03924 1.02477
0.70092 0.02910 1.01014
0.73100 0.07496 0.97720
0.71683 0.07868 0.94184
0.68291 0.08866 0.92720
0.64911 0.09905 0.94184
0.63524 0.10376 0.97720
0.64941 0.10003 1.01255
0.68333 0.09006 1.02719
0.71712 0.07967 1.01255
0.74596 0.12474 0.97645
0.73111 0.12602 0.94121
0.69676 0.13447 0.92661
0.66303 0.14514 0.94121
0.64968 0.15177 0.97645
0.66453 0.15048 1.01170
0.69888 0.14204 1.02630
0.73261 0.13137 1.01170
0.76014 0.17528 0.97239
0.74468 0.17402 0.93741
0.70993 0.18088 0.92292
0.67625 0.19185 0.93741
0.66337 0.20048 0.97239
0.67883 0.20174 1.00737
0.71358 0.19488 1.02186
0.74726 0.18392 1.00737
0.77341 0.22627 0.96483
0.75742 0.22238 0.93028
0.72231 0.22759 0.91597
0.68865 0.23886 0.93028
0.67616 0.24957 0.96483
0.69215 0.25346 0.99938
0.72726 0.24825 1.01369
0.76092 0.23699 0.99938
0.78564 0.27737 0.95363
0.76921 0.27076 0.91971
0.73379 0.27426 0.90566
0.70012 0.28582 0.91971
0.68793 0.29866 0.95363
0.70436 0.30526 0.98756
0.73978 0.30176 1.00161
0.77345 0.29021 0.98756
0.79671 0.32820 0.93870
0.77996 0.31881 0.90560
0.74427 0.32053 0.89188
0.71055 0.33234 0.90560
0.69855 0.34733 0.93870
0.71530 0.35672 0.97180
0.75099 0.35501 0.98551
0.78471 0.34319 0.97180
0.80647 0.37839 0.91997
0.78954 0.36617 0.88790
0.75365 0.36602 0.87462
0.71983 0.37803 0.88790
0.70789 0.39516 0.91997
0.72483 0.40739 0.95203
0.76072 0.40753 0.96532
0.79454 0.39552 0.95203
0.81482 0.42754 0.89744
0.79787 0.41245 0.86662
0.76185 0.41034 0.85386
0.72787 0.42245 0.86662
0.71583 0.44169 0.89744
0.73278 0.45678 0.92825
0.76879 0.45888 0.94101
0.80277 0.44677 0.92825
0.82162 0.47525 0.87117
0.80486 0.45728 0.84183
0.76881 0.45310 0.82968
0.73459 0.46517 0.84183
0.72224 0.48642 0.87117
0.73900 0.50439 0.90051
0.77504 0.50856 0.91266
0.80927 0.49649 0.90051
0.82674 0.52115 0.84128
0.81044 0.50031 0.81363
0.77449 0.49393 0.80218
0.73994 0.50575 0.81363
0.72704 0.52885 0.84128
0.74334 0.54970 0.86892
0.77929 0.55608 0.88037
0.81384 0.54426 0.86892
0.83008 0.56490 0.80794
0.81457 0.54121 0.78219
0.77888 0.53245 0.77153
0.74391 0.54375 0.78219
0.73014 0.56849 0.80794
0.74565 0.59218 0.83368
0.78134 0.60094 0.84434
0.81631 0.58964 0.83368
0.83150 0.60621 0.77139
0.81723 0.57974 0.74772
0.78203 0.56836 0.73792
0.74652 0.57873 0.74772
0.73151 0.60479 0.77139
0.74578 0.63126 0.79505
0.78097 0.64264 0.80486
0.81648 0.63227 0.79505
0.83085 0.64487 0.73193
0.81840 0.61572 0.71049
0.78404 0.60141 0.70161
0.74790 0.61031 0.71049
0.73114 0.63722 0.73193
0.74359 0.66637 0.75338
0.77795 0.68068 0.76226
0.81409 0.67178 0.75338
0.82793 0.68079 0.68992
0.81810 0.64914 0.67079
0.78510 0.63146 0.66287
0.74825 0.63811 0.67079
0.72915 0.66520 0.68992
0.73898 0.69685 0.70906
0.77199 0.71453 0.71698
0.80883 0.70787 0.70906
0.82241 0.71400 0.64576
0.81631 0.68017 0.62894
0.78548 0.65858 0.62197
0.74800 0.66188 0.62894
0.72581 0.68814 0.64576
0.73192 0.72197 0.66258
0.76274 0.74355 0.66954
0.80022 0.74025 0.66258
0.76769 0.67891 0.58058
0.73281 0.69021 0.59151
0.71835 0.72192 0.60734
0.73281 0.75545 0.61880
0.76769 0.77117 0.61916
0.80258 0.75987 0.60823
0.81703 0.72817 0.59240
0.80258 0.69464 0.58094
0.75930 0.69715 0.53745
0.72467 0.70892 0.54869
0.71032 0.74169 0.56230
0.72467 0.77626 0.57029
0.75930 0.79237 0.56800
0.79394 0.78060 0.55676
0.80828 0.74783 0.54315
0.79394 0.71327 0.53516
0.74897 0.71139 0.49367
0.71465 0.72378 0.50519
0.70043 0.75747 0.51648
0.71465 0.79272 0.52093
0.74897 0.80888 0.51593
0.78330 0.79649 0.50441
0.79752 0.76280 0.49312
0.78330 0.72755 0.48867
0.73676 0.72162 0.44968
0.70280 0.73477 0.46142
0.68873 0.76922 0.47032
0.70280 0.80480 0.47117
0.73676 0.82066 0.46348
0.77073 0.80751 0.45174
0.78480 0.77305 0.44284
0.77073 0.73747 0.44199
0.72276 0.72790 0.40591
0.68919 0.74194 0.41777
0.67529 0.77701 0.42422
0.68919 0.81255 0.42148
0.72276 0.82776 0.41115
0.75632 0.81372 0.39930
0.77022 0.77865 0.39285
0.75632 0.74310 0.39559
0.70704 0.73035 0.36277
0.67392 0.74539 0.37463
0.66019 0.78090 0.37857
0.67392 0.81606 0.37228
0.70704 0.83029 0.35946
0.74017 0.81524 0.34760
0.75389 0.77974 0.34366
0.74017 0.74457 0.34994
0.68975 0.72913 0.32064
0.65708 0.74527 0.33235
0.64356 0.78104 0.33375
0.65708 0.81548 0.32401
0.68975 0.82843 0.30884
0.72241 0.81229 0.29713
0.73594 0.77652 0.29574
0.72241 0.74207 0.30548
0.65077 0.81916 0.26980
0.68552 0.81852 0.25379
0.71176 0.79148 0.24715
0.71413 0.75386 0.25379
0.69123 0.72771 0.26980
0.65648 0.72835 0.28581
0.63023 0.75540 0.29244
0.62787 0.79302 0.28581
0.62615 0.80799 0.22662
0.65981 0.81034 0.20856
0.68828 0.78587 0.20109
0.69487 0.74893 0.20856
0.67572 0.72114 0.22662
0.64206 0.71879 0.24467
0.61360 0.74325 0.25215
0.60701 0.78020 0.24467
0.60171 0.79387 0.18548
0.63403 0.79804 0.16540
0.66382 0.77551 0.15709
0.67363 0.73947 0.16540
0.65773 0.71103 0.18548
0.62542 0.70686 0.20556
0.59563 0.72940 0.21387
0.58581 0.76544 0.20556
0.57717 0.77718 0.14661
0.60804 0.78232 0.12459
0.63860 0.76117 0.11547
0.65095 0.72612 0.12459
0.63785 0.69769 0.14661
0.60698 0.69255 0.16863
0.57642 0.71370 0.17775
0.56407 0.74875 0.16863
0.55240 0.75820 0.11019
0.58182 0.76371 0.08636
0.61280 0.74353 0.07648
0.62717 0.70946 0.08636
0.61653 0.68148 0.11019
0.58711 0.67597 0.13403
0.55613 0.69616 0.14391
0.54176 0.73022 0.13403
0.52737 0.73724 0.07634
0.55537 0.74268 0.05083
0.58653 0.72313 0.04026
0.60258 0.69004 0.05083
0.59413 0.66279 0.07634
0.56613 0.65735 0.10185
0.53498 0.67690 0.11241
0.51892 0.71000 0.10185
0.50213 0.71459 0.04511
0.52876 0.71964 0.01809
0.55993 0.70048 0.00690
0.57740 0.66832 0.01809
0.57093 0.64201 0.04511
0.54430 0.63695 0.07213
0.51313 0.65611 0.08333
0.49566 0.68827 0.07213
0.47676 0.69052 0.01654
0.50205 0.69497 -0.01183
0.53315 0.67601 -0.02358
0.55183 0.64475 -0.01183
0.54716 0.61950 0.01654
0.52187 0.61505 0.04491
0.49077 0.63400 0.05667
0.47209 0.66527 0.04491
0.45134 0.66531 -0.00939
0.47536 0.66901 -0.03896
0.50631 0.65011 -0.05120
0.52605 0.61971 -0.03896
0.52303 0.59560 -0.00939
0.49901 0.59190 0.02017
0.46807 0.61080 0.03241
0.44832 0.64120 0.02017
0.42599 0.63923 -0.03275
0.44879 0.64206 -0.06336
0.47954 0.62314 -0.07603
0.50023 0.59354 -0.06336
0.49873 0.57062 -0.03275
0.47593 0.56779 -0.00215
0.44518 0.58671 0.01053
0.42449 0.61631 -0.00215
0.40079 0.61251 -0.05362
0.42243 0.61442 -0.08513
0.45296 0.59539 -0.09818
0.47450 0.56657 -0.08513
0.47442 0.54485 -0.05362
0.45278 0.54294 -0.02212
0.42225 0.56197 -0.00907
0.40071 0.59078 -0.02212
0.37585 0.58536 -0.07211
0.39639 0.58632 -0.10439
0.42669 0.56714 -0.11775
0.44899 0.53906 -0.10439
0.45024 0.51854 -0.07211
0.42970 0.51758 -0.03984
0.39940 0.53676 -0.02647
0.37709 0.56483 -0.03984
0.35125 0.55798 -0.08836
0.37076 0.55798 -0.12128
0.40083 0.53863 -0.13492
0.42384 0.51126 -0.12128
0.42632 0.49191 -0.08836
0.40681 0.49191 -0.05543
0.37674 0.51126 -0.04180
0.35373 0.53863 -0.05543
0.32710 0.53054 -0.10249
0.34563 0.52959 -0.13596
0.37547 0.51005 -0.14982
0.39914 0.48336 -0.13596
0.40276 0.46515 -0.10249
0.38422 0.46610 -0.06903
0.35438 0.48564 -0.05516
0.33072 0.51233 -0.06903
0.30345 0.50316 -0.11467
0.32108 0.50130 -0.14859
0.35070 0.48157 -0.16263
0.37497 0.45553 -0.14859
0.37967 0.43843 -0.11467
0.36204 0.44030 -0.08076
0.33241 0.46003 -0.06671
0.30814 0.48607 -0.08076
0.28037 0.47599 -0.12506
0.29716 0.47325 -0.15934
0.32659 0.45334 -0.17353
0.35143 0.42792 -0.15934
0.35712 0.41189 -0.12506
0.34033 0.41463 -0.09078
0.31090 0.43454 -0.07658
0.28606 0.45995 -0.09078
0.25792 0.44910 -0.13380
0.27393 0.44553 -0.16837
0.30320 0.42546 -0.18269
0.32858 0.40065 -0.16837
0.33519 0.38563 -0.13380
0.31918 0.38921 -0.09923
0.28991 0.40928 -0.08491
0.26454 0.43408 -0.09923
0.23614 0.42258 -0.14106
0.25145 0.41823 -0.17586
0.28057 0.39802 -0.19028
0.30646 0.37380 -0.17586
0.31394 0.35975 -0.14106
0.29863 0.36411 -0.10626
0.26950 0.38431 -0.09184
0.24362 0.40853 -0.10626
0.21507 0.39649 -0.14699
0.22973 0.39141 -0.18197
0.25875 0.37110 -0.19646
0.28512 0.34745 -0.18197
0.29340 0.33432 -0.14699
0.27873 0.33940 -0.11201
0.24971 0.35971 -0.09752
0.22334 0.38336 -0.11201
0.19474 0.37087 -0.15173
0.20883 0.36512 -0.18684
0.23776 0.34474 -0.20139
0.26460 0.32165 -0.18684
0.27361 0.30939 -0.15173
0.25952 0.31513 -0.11662
0.23058 0.33552 -0.10207
0.20375 0.35860 -0.11662
0.17516 0.34575 -0.15542
0.18874 0.33940 -0.19063
0.21763 0.31898 -0.20522
0.24491 0.29644 -0.19063
0.25459 0.28500 -0.15542
0.24101 0.29135 -0.12021
0.21212 0.31177 -0.10563
0.18484 0.33430 -0.12021
0.15635 0.32115 -0.15820
0.16949 0.31426 -0.19348
0.19837 0.29384 -0.20809
0.22607 0.27185 -0.19348
0.23637 0.26118 -0.15820
0.22324 0.26807 -0.12292
0.19436 0.28849 -0.10831
0.16665 0.31047 -0.12292
0.13832 0.29708 -0.16018
0.15107 0.28971 -0.19550
0.17997 0.26933 -0.21013
0.20809 0.24789 -0.19550
0.21895 0.23793 -0.16018
0.20619 0.24530 -0.12486
0.17729 0.26568 -0.11023
0.14918 0.28713 -0.12486
0.12106 0.27355 -0.16148
0.13349 0.26576 -0.19682
0.16245 0.24547 -0.21146
0.19096 0.22456 -0.19682
0.20233 0.21528 -0.16148
0.18989 0.22307 -0.12614
0.16094 0.24336 -0.11150
0.13243 0.26427 -0.12614
0.14553 0.22188 -0.16220
0.14553 0.22188 -0.16220
0.14553 0.22188 -0.16220
0.14553 0.22188 -0.16220
0.14553 0.22188 -0.16220
0.14553 0.22188 -0.16220
0.14553 0.22188 -0.16220
0.14553 0.22188 -0.16220
3 0 8 9
3 0 9 1
3 1 9 10
3 1 10 2
3 2 10 11
3 2 11 3
3 3 11 12
3 3 12 4
3 4 12 13
3 4 13 5
3 5 13 14
3 5 14 6
3 6 14 15
3 6 15 7
3 7 15 8
3 7 8 0
3 8 16 17
3 8 17 9
3 9 17 18
3 9 18 10
3 10 18 19
3 10 19 11
3 11 19 20
3 11 20 12
3 12 20 21
3 12 21 13
3 13 21 22
3 13 22 14
3 14 22 23
3 14 23 15
3 15 23 16
3 15 16 8
3 16 24 25
3 16 25 17
3 17 25 26
3 17 26 18
3 18 26 27
3 18 27 19
3 19 27 28
3 19 28 20
3 20 28 29
3 20 29 21
3 21 29 30
3 21 30 22
3 22 30 31
3 22 31 23
3 23 31 24
3 23 24 16
3 24 32 33
3 24 33 25
3 25 33 34
3 25 34 26
3 26 34 35
3 26 35 27
3 27 35 36
3 27 36 28
3 28 36 37
3 28 37 29
3 29 37 38
3 29 38 30
3 30 38 39
3 30 39 31
3 31 39 32
3 31 32 24
3 32 40 41
3 32 41 33
3 33 41 42
3 33 42 34
3 34 42 43
3 34 43 35
3 35 43 44
3 35 44 36
3 36 44 45
3 36 45 37
3 37 45 46
3 37 46 38
3 38 46 47
3 38 47 39
3 39 47 40
3 39 40 32
3 40 48 49
3 40 49 41
3 41 49 50
3 41 50 42
3 42 50 51
3 42 51 43
3 43 51 52
3 43 52 44
3 44 52 53
3 44 53 45
3 45 53 54
3 45 54 46
3 46 54 55
3 46 55 47
3 47 55 48
3 47 48 40
3 48 56 57
3 48 57 49
3 49 57 58
3 49 58 50
3 50 58 59
3 50 59 51
3 51 59 60
3 51 60 52
3 52 60 61
3 52 61 53
3 53 61 62
3 53 62 54
3 54 62 63
3 54 63 55
3 55 63 56
3 55 56 48
3 56 64 65
3 56 65 57
3 57 65 66
3 57 66 58
3 58 66 67
3 58 67 59
3 59 67 68
3 59 68 60
3 60 68 69
3 60 69 61
3 61 69 70
3 61 70 62
3 62 70 71
3 62 71 63
3 63 71 64
3 63 64 56
3 64 72 73
3 64 73 65
3 65 73 74
3 65 74 66
3 66 74 75
3 66 75 67
3 67 75 76
3 67 76 68
3 68 76 77
3 68 77 69
3 69 77 78
3 69 78 70
3 70 78 79
3 70 79 71
3 71 79 72
3 71 72 64
3 72 80 81
3 72 81 73
3 73 81 82
3 73 82 74
3 74 82 83
3 74 83 75
3 75 83 84
3 75 84 76
3 76 84 85
3 76 85 77
3 77 85 86
3 77 86 78
3 78 86 87
3 78 87 79
3 79 87 80
3 79 80 72
3 80 88 89
3 80 89 81
3 81 89 90
3 81 90 82
3 82 90 91
3 82 91 83
3 83 91 92
3 83 92 84
3 84 92 93
3 84 93 85
3 85 93 94
3 85 94 86
3 86 94 95
3 86 95 87
3 87 95 88
3 87 88 80
3 88 96 97
3 88 97 89
3 89 97 98
3 89 98 90
3 90 98 99
3 90 99 91
3 91 99 100
3 91 100 92
3 92 100 101
3 92 101 93
3 93 101 102
3 93 102 94
3 94 102 103
3 94 103 95
3 95 103 96
3 95 96 88
3 96 104 105
3 96 105 97
3 97 105 106
3 97 106 98
3 98 106 107
3 98 107 99
3 99 107 108
3 99 108 100
3 100 108 109
3 100 109 101
3 101 109 110
3 101 110 102
3 102 110 111
3 102 111 103
3 103 111 104
3 103 104 96
3 104 112 113
3 104 113 105
3 105 113 114
3 105 114 106
3 106 114 115
3 106 115 107
3 107 115 116
3 107 116 108
3 108 116 117
3 108 117 109
3 109 117 118
3 109 118 110
3 110 118 119
3 110 119 111
3 111 119 112
3 111 112 104
3 112 120 121
3 112 121 113
3 113 121 122
3 113 122 114
3 114 122 123
3 114 123 115
3 115 123 124
3 115 124 116
3 116 124 125
3 116 125 117
3 117 125 126
3 117 126 118
3 118 126 127
3 118 127 119
3 119 127 120
3 119 120 112
3 120 128 129
3 120 129 121
3 121 129 130
3 121 130 122
3 122 130 131
3 122 131 123
3 123 131 132
3 123 132 124
3 124 132 133
3 124 133 125
3 125 133 134
3 125 134 126
3 126 134 135
3 126 135 127
3 127 135 128
3 127 128 120
3 128 136 137
3 128 137 129
3 129 137 138
3 129 138 130
3 130 138 139
3 130 139 131
3 131 139 140
3 131 140 132
3 132 140 141
3 132 141 133
3 133 141 142
3 133 142 134
3 134 142 143
3 134 143 135
3 135 143 136
3 135 136 128
3 136 144 145
3 136 145 137
3 137 145 146
3 137 146 138
3 138 146 147
3 138 147 139
3 139 147 148
3 139 148 140
3 140 148 149
3 140 149 141
3 141 149 150
3 141 150 142
3 142 150 151
3 142 151 143
3 143 151 144
3 143 144 136
3 144 152 153
3 144 153 145
3 145 153 154
3 145 154 146
3 146 154 155
3 146 155 147
3 147 155 156
3 147 156 148
3 148 156 157
3 148 157 149
3 149 157 158
3 149 158 150
3 150 158 159
3 150 159 151
3 151 159 152
3 151 152 144
3 152 160 161
3 152 161 153
3 153 161 162
3 153 162 154
3 154 162 163
3 154 163 155
3 155 163 164
3 155 164 156
3 156 164 165
3 156 165 157
3 157 165 166
3 157 166 158
3 158 166 167
3 158 167 159
3 159 167 160
3 159 160 152
3 160 168 169
3 160 169 161
3 161 169 170
3 161 170 162
3 162 170 171
3 162 171 163
3 163 171 172
3 163 172 164
3 164 172 173
3 164 173 165
3 165 173 174
3 165 174 166
3 166 174 175
3 166 175 167
3 167 175 168
3 167 168 160
3 168 176 177
3 168 177 169
3 169 177 178
3 169 178 170
3 170 178 179
3 170 179 171
3 171 179 180
3 171 180 172
3 172 180 181
3 172 181 173
3 173 181 182
3 173 182 174
3 174 182 183
3 174 183 175
3 175 183 176
3 175 176 168
3 176 184 185
3 176 185 177
3 177 185 186
3 177 186 178
3 178 186 187
3 178 187 179
3 179 187 188
3 179 188 180
3 180 188 189
3 180 189 181
3 181 189 190
3 181 190 182
3 182 190 191
3 182 191 183
3 183 191 184
3 183 184 176
3 184 192 193
3 184 193 185
3 185 193 194
3 185 194 186
3 186 194 195
3 186 195 187
3 187 195 196
3 187 196 188
3 188 196 197
3 188 197 189
3 189 197 198
3 189 198 190
3 190 198 199
3 190 199 191
3 191 199 192
3 191 192 184
3 192 200 201
3 192 201 193
3 193 201 202
3 193 202 194
3 194 202 203
3 194 203 195
3 195 203 204
3 195 204 196
3 196 204 205
3 196 205 197
3 197 205 206
3 197 206 198
3 198 206 207
3 198 207 199
3 199 207 200
3 199 200 192
3 200 208 209
3 200 209 201
3 201 209 210
3 201 210 202
3 202 210 211
3 202 211 203
3 203 211 212
3 203 212 204
3 204 212 213
3 204 213 205
3 205 213 214
3 205 214 206
3 206 214 215
3 206 215 207
3 207 215 208
3 207 208 200
3 208 216 217
3 208 217 209
3 209 217 218
3 209 218 210
3 210 218 219
3 210 219 211
3 211 219 220
3 211 220 212
3 212 220 221
3 212 221 213
3 213 221 222
3 213 222 214
3 214 222 223
3 214 223 215
3 215 223 216
3 215 216 208
3 216 224 225
3 216 225 217
3 217 225 226
3 217 226 218
3 218 226 227
3 218 227 219
3 219 227 228
3 219 228 220
3 220 228 229
3 220 229 221
3 221 229 230
3 221 230 222
3 222 230 231
3 222 231 223
3 223 231 224
3 223 224 216
3 224 232 233
3 224 233 225
3 225 233 234
3 225 234 226
3 226 234 235
3 226 235 227
3 227 235 236
3 227 236 228
3 228 236 237
3 228 237 229
3 229 237 238
3 229 238 230
3 230 238 239
3 230 239 231
3 231 239 232
3 231 232 224
3 232 240 241
3 232 241 233
3 233 241 242
3 233 242 234
3 234 242 243
3 234 243 235
3 235 243 244
3 235 244 236
3 236 244 245
3 236 245 237
3 237 245 246
3 237 246 238
3 238 246 247
3 238 247 239
3 239 247 240
3 239 240 232
3 240 248 249
3 240 249 241
3 241 249 250
3 241 250 242
3 242 250 251
3 242 251 243
3 243 251 252
3 243 252 244
3 244 252 253
3 244 253 245
3 245 253 254
3 245 254 246
3 246 254 255
3 246 255 247
3 247 255 248
3 247 248 240
3 248 256 257
3 248 257 249
3 249 257 258
3 249 258 250
3 250 258 259
3 250 259 251
3 251 259 260
3 251 260 252
3 252 260 261
3 252 261 253
3 253 261 262
3 253 262 254
3 254 262 263
3 254 263 255
3 255 263 256
3 255 256 248
3 256 264 265
3 256 265 257
3 257 265 266
3 257 266 258
3 258 266 267
3 258 267 259
3 259 267 268
3 259 268 260
3 260 268 269
3 260 269 261
3 261 269 270
3 261 270 262
3 262 270 271
3 262 271 263
3 263 271 264
3 263 264 256
3 264 272 273
3 264 273 265
3 265 273 274
3 265 274 266
3 266 274 275
3 266 275 267
3 267 275 276
3 267 276 268
3 268 276 277
3 268 277 269
3 269 277 278
3 269 278 270
3 270 278 279
3 270 279 271
3 271 279 272
3 271 272 264
3 272 280 281
3 272 281 273
3 273 281 282
3 273 282 274
3 274 282 283
3 274 283 275
3 275 283 284
3 275 284 276
3 276 284 285
3 276 285 277
3 277 285 286
3 277 286 278
3 278 286 287
3 278 287 279
3 279 287 280
3 279 280 272
3 280 288 289
3 280 289 281
3 281 289 290
3 281 290 282
3 282 290 291
3 282 291 283
3 283 291 292
3 283 292 284
3 284 292 293
3 284 293 285
3 285 293 294
3 285 294 286
3 286 294 295
3 286 295 287
3 287 295 288
3 287 288 280
3 288 296 297
3 288 297 289
3 289 297 298
3 289 298 290
3 290 298 299
3 290 299 291
3 291 299 300
3 291 300 292
3 292 300 301
3 292 301 293
3 293 301 302
3 293 302 294
3 294 302 303
3 294 303 295
3 295 303 296
3 295 296 288
3 296 304 305
3 296 305 297
3 297 305 306
3 297 306 298
3 298 306 307
3 298 307 299
3 299 307 308
3 299 308 300
3 300 308 309
3 300 309 301
3 301 309 310
3 301 310 302
3 302 310 311
3 302 311 303
3 303 311 304
3 303 304 296
3 304 312 313
3 304 313 305
3 305 313 314
3 305 314 306
3 306 314 315
3 306 315 307
3 307 315 316
3 307 316 308
3 308 316 317
3 308 317 309
3 309 317 318
3 309 318 310
3 310 318 319
3 310 319 311
3 311 319 312
3 311 312 304
3 312 320 321
3 312 321 313
3 313 321 322
3 313 322 314
3 314 322 323
3 314 323 315
3 315 323 324
3 315 324 316
3 316 324 325
3 316 325 317
3 317 325 326
3 317 326 318
3 318 326 327
3 318 327 319
3 319 327 320
3 319 320 312
3 320 328 329
3 320 329 321
3 321 329 330
3 321 330 322
3 322 330 331
3 322 331 323
3 323 331 332
3 323 332 324
3 324 332 333
3 324 333 325
3 325 333 334
3 325 334 326
3 326 334 335
3 326 335 327
3 327 335 328
3 327 328 320
3 328 336 337
3 328 337 329
3 329 337 338
3 329 338 330
3 330 338 339
3 330 339 331
3 331 339 340
3 331 340 332
3 332 340 341
3 332 341 333
3 333 341 342
3 333 342 334
3 334 342 343
3 334 343 335
3 335 343 336
3 335 336 328
3 336 344 345
3 336 345 337
3 337 345 346
3 337 346 338
3 338 346 347
3 338 347 339
3 339 347 348
3 339 348 340
3 340 348 349
3 340 349 341
3 341 349 350
3 341 350 342
3 342 350 351
3 342 351 343
3 343 351 344
3 343 344 336
3 344 352 353
3 344 353 345
3 345 353 354
3 345 354 346
3 346 354 355
3 346 355 347
3 347 355 356
3 347 356 348
3 348 356 357
3 348 357 349
3 349 357 358
3 349 358 350
3 350 358 359
3 350 359 351
3 351 359 352
3 351 352 344
3 352 360 361
3 352 361 353
3 353 361 362
3 353 362 354
3 354 362 363
3 354 363 355
3 355 363 364
3 355 364 356
3 356 364 365
3 356 365 357
3 357 365 366
3 357 366 358
3 358 366 367
3 358 367 359
3 359 367 360
3 359 360 352
3 360 368 369
3 360 369 361
3 361 369 370
3 361 370 362
3 362 370 371
3 362 371 363
3 363 371 372
3 363 372 364
3 364 372 373
3 364 373 365
3 365 373 374
3 365 374 366
3 366 374 375
3 366 375 367
3 367 375 368
3 367 368 360
3 368 376 377
3 368 377 369
3 369 377 378
3 369 378 370
3 370 378 379
3 370 379 371
3 371 379 380
3 371 380 372
3 372 380 381
3 372 381 373
3 373 381 382
3 373 382 374
3 374 382 383
3 374 383 375
3 375 383 376
3 375 376 368
3 376 384 385
3 376 385 377
3 377 385 386
3 377 386 378
3 378 386 387
3 378 387 379
3 379 387 388
3 379 388 380
3 380 388 389
3 380 389 381
3 381 389 390
3 381 390 382
3 382 390 391
3 382 391 383
3 383 391 384
3 383 384 376
3 384 392 393
3 384 393 385
3 385 393 394
3 385 394 386
3 386 394 395
3 386 395 387
3 387 395 396
3 387 396 388
3 388 396 397
3 388 397 389
3 389 397 398
3 389 398 390
3 390 398 399
3 390 399 391
3 391 399 392
3 391 392 384
3 392 400 401
3 392 401 393
3 393 401 402
3 393 402 394
3 394 402 403
3 394 403 395
3 395 403 404
3 395 404 396
3 396 404 405
3 396 405 397
3 397 405 406
3 397 406 398
3 398 406 407
3 398 407 399
3 399 407 400
3 399 400 392
3 400 408 409
3 400 409 401
3 401 409 410
3 401 410 402
3 402 410 411
3 402 411 403
3 403 411 412
3 403 412 404
3 404 412 413
3 404 413 405
3 405 413 414
3 405 414 406
3 406 414 415
3 406 415 407
3 407 415 408
3 407 408 400
3 408 416 417
3 408 417 409
3 409 417 418
3 409 418 410
3 410 418 419
3 410 419 411
3 411 419 420
3 411 420 412
3 412 420 421
3 412 421 413
3 413 421 422
3 413 422 414
3 414 422 423
3 414 423 415
3 415 423 416
3 415 416 408
3 416 424 425
3 416 425 417
3 417 425 426
3 417 426 418
3 418 426 427
3 418 427 419
3 419 427 428
3 419 428 420
3 420 428 429
3 420 429 421
3 421 429 430
3 421 430 422
3 422 430 431
3 422 431 423
3 423 431 424
3 423 424 416
3 424 432 433
3 424 433 425
3 425 433 434
3 425 434 426
3 426 434 435
3 426 435 427
3 427 435 436
3 427 436 428
3 428 436 437
3 428 437 429
3 429 437 438
3 429 438 430
3 430 438 439
3 430 439 431
3 431 439 432
3 431 432 424
3 432 440 441
3 432 441 433
3 433 441 442
3 433 442 434
3 434 442 443
3 434 443 435
3 435 443 444
3 435 444 436
3 436 444 445
3 436 445 437
3 437 445 446
3 437 446 438
3 438 446 447
3 438 447 439
3 439 447 440
3 439 440 432
3 440 448 449
3 440 449 441
3 441 449 450
3 441 450 442
3 442 450 451
3 442 451 443
3 443 451 452
3 443 452 444
3 444 452 453
3 444 453 445
3 445 453 454
3 445 454 446
3 446 454 455
3 446 455 447
3 447 455 448
3 447 448 440
3 448 456 457
3 448 457 449
3 449 457 458
3 449 458 450
3 450 458 459
3 450 459 451
3 451 459 460
3 451 460 452
3 452 460 461
3 452 461 453
3 453 461 462
3 453 462 454
3 454 462 463
3 454 463 455
3 455 463 456
3 455 456 448
3 456 464 465
3 456 465 457
3 457 465 466
3 457 466 458
3 458 466 467
3 458 467 459
3 459 467 468
3 459 468 460
3 460 468 469
3 460 469 461
3 461 469 470
3 461 470 462
3 462 470 471
3 462 471 463
3 463 471 464
3 463 464 456
3 464 472 473
3 464 473 465
3 465 473 474
3 465 474 466
3 466 474 475
3 466 475 467
3 467 475 476
3 467 476 468
3 468 476 477
3 468 477 469
3 469 477 478
3 469 478 470
3 470 478 479
3 470 479 471
3 471 479 472
3 471 472 464
3 472 480 481
3 472 481 473
3 473 481 482
3 473 482 474
3 474 482 483
3 474 483 475
3 475 483 484
3 475 484 476
3 476 484 485
3 476 485 477
3 477 485 486
3 477 486 478
3 478 486 487
3 478 487 479
3 479 487 480
3 479 480 472
3 480 488 489
3 480 489 481
3 481 489 490
3 481 490 482
3 482 490 491
3 482 491 483
3 483 491 492
3 483 492 484
3 484 492 493
3 484 493 485
3 485 493 494
3 485 494 486
3 486 494 495
3 486 495 487
3 487 495 488
3 487 488 480
3 488 496 497
3 488 497 489
3 489 497 498
3 489 498 490
3 490 498 499
3 490 499 491
3 491 499 500
3 491 500 492
3 492 500 501
3 492 501 493
3 493 501 502
3 493 502 494
3 494 502 503
3 494 503 495
3 495 503 496
3 495 496 488
3 496 504 505
3 496 505 497
3 497 505 506
3 497 506 498
3 498 506 507
3 498 507 499
3 499 507 508
3 499 508 500
3 500 508 509
3 500 509 501
3 501 509 510
3 501 510 502
3 502 510 511
3 502 511 503
3 503 511 504
3 503 504 496
3 504 512 513
3 504 513 505
3 505 513 514
3 505 514 506
3 506 514 515
3 506 515 507
3 507 515 516
3 507 516 508
3 508 516 517
3 508 517 509
3 509 517 518
3 509 518 510
3 510 518 519
3 510 519 511
3 511 519 512
3 511 512 504
3 512 520 521
3 512 521 513
3 513 521 522
3 513 522 514
3 514 522 523
3 514 523 515
3 515 523 524
3 515 524 516
3 516 524 525
3 516 525 517
3 517 525 526
3 517 526 518
3 518 526 527
3 518 527 519
3 519 527 520
3 519 520 512
3 520 528 529
3 520 529 521
3 521 529 530
3 521 530 522
3 522 530 531
3 522 531 523
3 523 531 532
3 523 532 524
3 524 532 533
3 524 533 525
3 525 533 534
3 525 534 526
3 526 534 535
3 526 535 527
3 527 535 528
3 527 528 520
3 528 536 537
3 528 537 529
3 529 537 538
3 529 538 530
3 530 538 539
3 530 539 531
3 531 539 540
3 531 540 532
3 532 540 541
3 532 541 533
3 533 541 542
3 533 542 534
3 534 542 543
3 534 543 535
3 535 543 536
3 535 536 528
3 536 544 545
3 536 545 537
3 537 545 546
3 537 546 538
3 538 546 547
3 538 547 539
3 539 547 548
3 539 548 540
3 540 548 549
3 540 549 541
3 541 549 550
3 541 550 542
3 542 550 551
3 542 551 543
3 543 551 544
3 543 544 536
3 544 552 553
3 544 553 545
3 545 553 554
3 545 554 546
3 546 554 555
3 546 555 547
3 547 555 556
3 547 556 548
3 548 556 557
3 548 557 549
3 549 557 558
3 549 558 550
3 550 558 559
3 550 559 551
3 551 559 552
3 551 552 544
3 552 560 561
3 552 561 553
3 553 561 562
3 553 562 554
3 554 562 563
3 554 563 555
3 555 563 564
3 555 564 556
3 556 564 565
3 556 565 557
3 557 565 566
3 557 566 558
3 558 566 567
3 558 567 559
3 559 567 560
3 559 560 552
3 560 568 569
3 560 569 561
3 561 569 570
3 561 570 562
3 562 570 571
3 562 571 563
3 563 571 572
3 563 572 564
3 564 572 573
3 564 573 565
3 565 573 574
3 565 574 566
3 566 574 575
3 566 575 567
3 567 575 568
3 567 568 560
3 568 576 577
3 568 577 569
3 569 577 578
3 569 578 570
3 570 578 579
3 570 579 571
3 571 579 580
3 571 580 572
3 572 580 581
3 572 581 573
3 573 581 582
3 573 582 574
3 574 582 583
3 574 583 575
3 575 583 576
3 575 576 568
3 576 584 585
3 576 585 577
3 577 585 586
3 577 586 578
3 578 586 587
3 578 587 579
3 579 587 588
3 579 588 580
3 580 588 589
3 580 589 581
3 581 589 590
3 581 590 582
3 582 590 591
3 582 591 583
3 583 591 584
3 583 584 576
3 584 592 593
3 584 593 585
3 585 593 594
3 585 594 586
3 586 594 595
3 586 595 587
3 587 595 596
3 587 596 588
3 588 596 597
3 588 597 589
3 589 597 598
3 589 598 590
3 590 598 599
3 590 599 591
3 591 599 592
3 591 592 584
3 592 600 601
3 592 601 593
3 593 601 602
3 593 602 594
3 594 602 603
3 594 603 595
3 595 603 604
3 595 604 596
3 596 604 605
3 596 605 597
3 597 605 606
3 597 606 598
3 598 606 607
3 598 607 599
3 599 607 600
3 599 600 592
3 600 608 609
3 600 609 601
3 601 609 610
3 601 610 602
3 602 610 611
3 602 611 603
3 603 611 612
3 603 612 604
3 604 612 613
3 604 613 605
3 605 613 614
3 605 614 606
3 606 614 615
3 606 615 607
3 607 615 608
3 607 608 600
3 608 616 617
3 608 617 609
3 609 617 618
3 609 618 610
3 610 618 619
3 610 619 611
3 611 619 620
3 611 620 612
3 612 620 621
3 612 621 613
3 613 621 622
3 613 622 614
3 614 622 623
3 614 623 615
3 615 623 616
3 615 616 608
3 616 624 625
3 616 625 617
3 617 625 626
3 617 626 618
3 618 626 627
3 618 627 619
3 619 627 628
3 619 628 620
3 620 628 629
3 620 629 621
3 621 629 630
3 621 630 622
3 622 630 631
3 622 631 623
3 623 631 624
3 623 624 616
3 624 632 633
3 624 633 625
3 625 633 634
3 625 634 626
3 626 634 635
3 626 635 627
3 627 635 636
3 627 636 628
3 628 636 637
3 628 637 629
3 629 637 638
3 629 638 630
3 630 638 639
3 630 639 631
3 631 639 632
3 631 632 624
3 632 640 641
3 632 641 633
3 633 641 642
3 633 642 634
3 634 642 643
3 634 643 635
3 635 643 644
3 635 644 636
3 636 644 645
3 636 645 637
3 637 645 646
3 637 646 638
3 638 646 647
3 638 647 639
3 639 647 640
3 639 640 632
3 640 648 649
3 640 649 641
3 641 649 650
3 641 650 642
3 642 650 651
3 642 651 643
3 643 651 652
3 643 652 644
3 644 652 653
3 644 653 645
3 645 653 654
3 645 654 646
3 646 654 655
3 646 655 647
3 647 655 648
3 647 648 640
3 648 656 657
3 648 657 649
3 649 657 658
3 649 658 650
3 650 658 659
3 650 659 651
3 651 659 660
3 651 660 652
3 652 660 661
3 652 661 653
3 653 661 662
3 653 662 654
3 654 662 663
3 654 663 655
3 655 663 656
3 655 656 648
3 656 664 665
3 656 665 657
3 657 665 666
3 657 666 658
3 658 666 667
3 658 667 659
3 659 667 668
3 659 668 660
3 660 668 669
3 660 669 661
3 661 669 670
3 661 670 662
3 662 670 671
3 662 671 663
3 663 671 664
3 663 664 656
3 664 672 673
3 664 673 665
3 665 673 674
3 665 674 666
3 666 674 675
3 666 675 667
3 667 675 676
3 667 676 668
3 668 676 677
3 668 677 669
3 669 677 678
3 669 678 670
3 670 678 679
3 670 679 671
3 671 679 672
3 671 672 664
3 672 680 681
3 672 681 673
3 673 681 682
3 673 682 674
3 674 682 683
3 674 683 675
3 675 683 684
3 675 684 676
3 676 684 685
3 676 685 677
3 677 685 686
3 677 686 678
3 678 686 687
3 678 687 679
3 679 687 680
3 679 680 672
3 680 688 689
3 680 689 681
3 681 689 690
3 681 690 682
3 682 690 691
3 682 691 683
3 683 691 692
3 683 692 684
3 684 692 693
3 684 693 685
3 685 693 694
3 685 694 686
3 686 694 695
3 686 695 687
3 687 695 688
3 687 688 680
3 688 696 697
3 688 697 689
3 689 697 698
3 689 698 690
3 690 698 699
3 690 699 691
3 691 699 700
3 691 700 692
3 692 700 701
3 692 701 693
3 693 701 702
3 693 702 694
3 694 702 703
3 694 703 695
3 695 703 696
3 695 696 688
3 696 704 705
3 696 705 697
3 697 705 706
3 697 706 698
3 698 706 707
3 698 707 699
3 699 707 708
3 699 708 700
3 700 708 709
3 700 709 701
3 701 709 710
3 701 710 702
3 702 710 711
3 702 711 703
3 703 711 704
3 703 704 696
3 704 712 713
3 704 713 705
3 705 713 714
3 705 714 706
3 706 714 715
3 706 715 707
3 707 715 716
3 707 716 708
3 708 716 717
3 708 717 709
3 709 717 718
3 709 718 710
3 710 718 719
3 710 719 711
3 711 719 712
3 711 712 704
3 712 720 721
3 712 721 713
3 713 721 722
3 713 722 714
3 714 722 723
3 714 723 715
3 715 723 724
3 715 724 716
3 716 724 725
3 716 725 717
3 717 725 726
3 717 726 718
3 718 726 727
3 718 727 719
3 719 727 720
3 719 720 712
3 720 728 729
3 720 729 721
3 721 729 730
3 721 730 722
3 722 730 731
3 722 731 723
3 723 731 732
3 723 732 724
3 724 732 733
3 724 733 725
3 725 733 734
3 725 734 726
3 726 734 735
3 726 735 727
3 727 735 728
3 727 728 720
3 728 736 737
3 728 737 729
3 729 737 738
3 729 738 730
3 730 738 739
3 730 739 731
3 731 739 740
3 731 740 732
3 732 740 741
3 732 741 733
3 733 741 742
3 733 742 734
3 734 742 743
3 734 743 735
3 735 743 736
3 735 736 728
3 736 744 745
3 736 745 737
3 737 745 746
3 737 746 738
3 738 746 747
3 738 747 739
3 739 747 748
3 739 748 740
3 740 748 749
3 740 749 741
3 741 749 750
3 741 750 742
3 742 750 751
3 742 751 743
3 743 751 744
3 743 744 736
3 744 752 753
3 744 753 745
3 745 753 754
3 745 754 746
3 746 754 755
3 746 755 747
3 747 755 756
3 747 756 748
3 748 756 757
3 748 757 749
3 749 757 758
3 749 758 750
3 750 758 759
3 750 759 751
3 751 759 752
3 751 752 744
3 752 760 761
3 752 761 753
3 753 761 762
3 753 762 754
3 754 762 763
3 754 763 755
3 755 763 764
3 755 764 756
3 756 764 765
3 756 765 757
3 757 765 766
3 757 766 758
3 758 766 767
3 758 767 759
3 759 767 760
3 759 760 752
3 760 768 769
3 760 769 761
3 761 769 770
3 761 770 762
3 762 770 771
3 762 771 763
3 763 771 772
3 763 772 764
3 764 772 773
3 764 773 765
3 765 773 774
3 765 774 766
3 766 774 775
3 766 775 767
3 767 775 768
3 767 768 760
3 768 776 777
3 768 777 769
3 769 777 778
3 769 778 770
3 770 778 779
3 770 779 771
3 771 779 780
3 771 780 772
3 772 780 781
3 772 781 773
3 773 781 782
3 773 782 774
3 774 782 783
3 774 783 775
3 775 783 776
3 775 776 768
3 776 784 785
3 776 785 777
3 777 785 786
3 777 786 778
3 778 786 787
3 778 787 779
3 779 787 788
3 779 788 780
3 780 788 789
3 780 789 781
3 781 789 790
3 781 790 782
3 782 790 791
3 782 791 783
3 783 791 784
3 783 784 776
3 784 792 793
3 784 793 785
3 785 793 794
3 785 794 786
3 786 794 795
3 786 795 787
3 787 795 796
3 787 796 788
3 788 796 797
3 788 797 789
3 789 797 798
3 789 798 790
3 790 798 799
3 790 799 791
3 791 799 792
3 791 792 784
3 792 800 801
3 792 801 793
3 793 801 802
3 793 802 794
3 794 802 803
3 794 803 795
3 795 803 804
3 795 804 796
3 796 804 805
3 796 805 797
3 797 805 806
3 797 806 798
3 798 806 807
3 798 807 799
3 799 807 800
3 799 800 792
3 800 808 809
3 800 809 801
3 801 809 810
3 801 810 802
3 802 810 811
3 802 811 803
3 803 811 812
3 803 812 804
3 804 812 813
3 804 813 805
3 805 813 814
3 805 814 806
3 806 814 815
3 806 815 807
3 807 815 808
3 807 808 800
3 808 816 817
3 808 817 809
3 809 817 818
3 809 818 810
3 810 818 819
3 810 819 811
3 811 819 820
3 811 820 812
3 812 820 821
3 812 821 813
3 813 821 822
3 813 822 814
3 814 822 823
3 814 823 815
3 815 823 816
3 815 816 808
3 816 824 825
3 816 825 817
3 817 825 826
3 817 826 818
3 818 826 827
3 818 827 819
3 819 827 828
3 819 828 820
3 820 828 829
3 820 829 821
3 821 829 830
3 821 830 822
3 822 830 831
3 822 831 823
3 823 831 824
3 823 824 816
3 824 832 833
3 824 833 825
3 825 833 834
3 825 834 826
3 826 834 835
3 826 835 827
3 827 835 836
3 827 836 828
3 828 836 837
3 828 837 829
3 829 837 838
3 829 838 830
3 830 838 839
3 830 839 831
3 831 839 832
3 831 832 824
3 832 840 841
3 832 841 833
3 833 841 842
3 833 842 834
3 834 842 843
3 834 843 835
3 835 843 844
3 835 844 836
3 836 844 845
3 836 845 837
3 837 845 846
3 837 846 838
3 838 846 847
3 838 847 839
3 839 847 840
3 839 840 832
3 840 848 849
3 840 849 841
3 841 849 850
3 841 850 842
3 842 850 851
3 842 851 843
3 843 851 852
3 843 852 844
3 844 852 853
3 844 853 845
3 845 853 854
3 845 854 846
3 846 854 855
3 846 855 847
3 847 855 848
3 847 848 840
3 848 856 857
3 848 857 849
3 849 857 858
3 849 858 850
3 850 858 859
3 850 859 851
3 851 859 860
3 851 860 852
3 852 860 861
3 852 861 853
3 853 861 862
3 853 862 854
3 854 862 863
3 854 863 855
3 855 863 856
3 855 856 848
3 856 864 865
3 856 865 857
3 857 865 866
3 857 866 858
3 858 866 867
3 858 867 859
3 859 867 868
3 859 868 860
3 860 868 869
3 860 869 861
3 861 869 870
3 861 870 862
3 862 870 871
3 862 871 863
3 863 871 864
3 863 864 856
3 864 872 873
3 864 873 865
3 865 873 874
3 865 874 866
3 866 874 875
3 866 875 867
3 867 875 876
3 867 876 868
3 868 876 877
3 868 877 869
3 869 877 878
3 869 878 870
3 870 878 879
3 870 879 871
3 871 879 872
3 871 872 864
3 872 880 881
3 872 881 873
3 873 881 882
3 873 882 874
3 874 882 883
3 874 883 875
3 875 883 884
3 875 884 876
3 876 884 885
3 876 885 877
3 877 885 886
3 877 886 878
3 878 886 887
3 878 887 879
3 879 887 880
3 879 880 872
3 880 888 889
3 880 889 881
3 881 889 890
3 881 890 882
3 882 890 891
3 882 891 883
3 883 891 892
3 883 892 884
3 884 892 893
3 884 893 885
3 885 893 894
3 885 894 886
3 886 894 895
3 886 895 887
3 887 895 888
3 887 888 880
3 888 896 897
3 888 897 889
3 889 897 898
3 889 898 890
3 890 898 899
3 890 899 891
3 891 899 900
3 891 900 892
3 892 900 901
3 892 901 893
3 893 901 902
3 893 902 894
3 894 902 903
3 894 903 895
3 895 903 896
3 895 896 888
3 896 904 905
3 896 905 897
3 897 905 906
3 897 906 898
3 898 906 907
3 898 907 899
3 899 907 908
3 899 908 900
3 900 908 909
3 900 909 901
3 901 909 910
3 901 910 902
3 902 910 911
3 902 911 903
3 903 911 904
3 903 904 896
3 904 912 913
3 904 913 905
3 905 913 914
3 905 914 906
3 906 914 915
3 906 915 907
3 907 915 916
3 907 916 908
3 908 916 917
3 908 917 909
3 909 917 918
3 909 918 910
3 910 918 919
3 910 919 911
3 911 919 912
3 911 912 904
3 912 920 921
3 912 921 913
3 913 921 922
3 913 922 914
3 914 922 923
3 914 923 915
3 915 923 924
3 915 924 916
3 916 924 925
3 916 925 917
3 917 925 926
3 917 926 918
3 918 926 927
3 918 927 919
3 919 927 920
3 919 920 912
3 920 928 929
3 920 929 921
3 921 929 930
3 921 930 922
3 922 930 931
3 922 931 923
3 923 931 932
3 923 932 924
3 924 932 933
3 924 933 925
3 925 933 934
3 925 934 926
3 926 934 935
3 926 935 927
3 927 935 928
3 927 928 920
3 928 936 937
3 928 937 929
3 929 937 938
3 929 938 930
3 930 938 939
3 930 939 931
3 931 939 940
3 931 940 932
3 932 940 941
3 932 941 933
3 933 941 942
3 933 942 934
3 934 942 943
3 934 943 935
3 935 943 936
3 935 936 928
3 936 944 945
3 936 945 937
3 937 945 946
3 937 946 938
3 938 946 947
3 938 947 939
3 939 947 948
3 939 948 940
3 940 948 949
3 940 949 941
3 941 949 950
3 941 950 942
3 942 950 951
3 942 951 943
3 943 951 944
3 943 944 936
3 944 952 953
3 944 953 945
3 945 953 954
3 945 954 946
3 946 954 955
3 946 955 947
3 947 955 956
3 947 956 948
3 948 956 957
3 948 957 949
3 949 957 958
3 949 958 950
3 950 958 959
3 950 959 951
3 951 959 952
3 951 952 944
3 952 960 961
3 952 961 953
3 953 961 962
3 953 962 954
3 954 962 963
3 954 963 955
3 955 963 964
3 955 964 956
3 956 964 965
3 956 965 957
3 957 965 966
3 957 966 958
3 958 966 967
3 958 967 959
3 959 967 960
3 959 960 952
3 960 968 969
3 960 969 961
3 961 969 970
3 961 970 962
3 962 970 971
3 962 971 963
3 963 971 972
3 963 972 964
3 964 972 973
3 964 973 965
3 965 973 974
3 965 974 966
3 966 974 975
3 966 975 967
3 967 975 968
3 967 968 960
3 968 976 977
3 968 977 969
3 969 977 978
3 969 978 970
3 970 978 979
3 970 979 971
3 971 979 980
3 971 980 972
3 972 980 981
3 972 981 973
3 973 981 982
3 973 982 974
3 974 982 983
3 974 983 975
3 975 983 976
3 975 976 968
3 976 984 985
3 976 985 977
3 977 985 986
3 977 986 978
3 978 986 987
3 978 987 979
3 979 987 988
3 979 988 980
3 980 988 989
3 980 989 981
3 981 989 990
3 981 990 982
3 982 990 991
3 982 991 983
3 983 991 984
3 983 984 976
3 984 992 993
3 984 993 985
3 985 993 994
3 985 994 986
3 986 994 995
3 986 995 987
3 987 995 996
3 987 996 988
3 988 996 997
3 988 997 989
3 989 997 998
3 989 998 990
3 990 998 999
3 990 999 991
3 991 999 992
3 991 992 984
3 992 1000 1001
3 992 1001 993
3 993 1001 1002
3 993 1002 994
3 994 1002 1003
3 994 1003 995
3 995 1003 1004
3 995 1004 996
3 996 1004 1005
3 996 1005 997
3 997 1005 1006
3 997 1006 998
3 998 1006 1007
3 998 1007 999
3 999 1007 1000
3 999 1000 992
3 1000 1008 1009
3 1000 1009 1001
3 1001 1009 1010
3 1001 1010 1002
3 1002 1010 1011
3 1002 1011 1003
3 1003 1011 1012
3 1003 1012 1004
3 1004 1012 1013
3 1004 1013 1005
3 1005 1013 1014
3 1005 1014 1006
3 1006 1014 1015
3 1006 1015 1007
3 1007 1015 1008
3 1007 1008 1000
3 1008 1016 1017
3 1008 1017 1009
3 1009 1017 1018
3 1009 1018 1010
3 1010 1018 1019
3 1010 1019 1011
3 1011 1019 1020
3 1011 1020 1012
3 1012 1020 1021
3 1012 1021 1013
3 1013 1021 1022
3 1013 1022 1014
3 1014 1022 1023
3 1014 1023 1015
3 1015 1023 1016
3 1015 1016 1008
3 1016 1024 1025
3 1016 1025 1017
3 1017 1025 1026
3 1017 1026 1018
3 1018 1026 1027
3 1018 1027 1019
3 1019 1027 1028
3 1019 1028 1020
3 1020 1028 1029
3 1020 1029 1021
3 1021 1029 1030
3 1021 1030 1022
3 1022 1030 1031
3 1022 1031 1023
3 1023 1031 1024
3 1023 1024 1016
3 1024 1032 1033
3 1024 1033 1025
3 1025 1033 1034
3 1025 1034 1026
3 1026 1034 1035
3 1026 1035 1027
3 1027 1035 1036
3 1027 1036 1028
3 1028 1036 1037
3 1028 1037 1029
3 1029 1037 1038
3 1029 1038 1030
3 1030 1038 1039
3 1030 1039 1031
3 1031 1039 1032
3 1031 1032 1024
3 1032 1040 1041
3 1032 1041 1033
3 1033 1041 1042
3 1033 1042 1034
3 1034 1042 1043
3 1034 1043 1035
3 1035 1043 1044
3 1035 1044 1036
3 1036 1044 1045
3 1036 1045 1037
3 1037 1045 1046
3 1037 1046 1038
3 1038 1046 1047
3 1038 1047 1039
3 1039 1047 1040
3 1039 1040 1032
3 1040 1048 1049
3 1040 1049 1041
3 1041 1049 1050
3 1041 1050 1042
3 1042 1050 1051
3 1042 1051 1043
3 1043 1051 1052
3 1043 1052 1044
3 1044 1052 1053
3 1044 1053 1045
3 1045 1053 1054
3 1045 1054 1046
3 1046 1054 1055
3 1046 1055 1047
3 1047 1055 1048
3 1047 1048 1040
3 1048 1056 1057
3 1048 1057 1049
3 1049 1057 1058
3 1049 1058 1050
3 1050 1058 1059
3 1050 1059 1051
3 1051 1059 1060
3 1051 1060 1052
3 1052 1060 1061
3 1052 1061 1053
3 1053 1061 1062
3 1053 1062 1054
3 1054 1062 1063
3 1054 1063 1055
3 1055 1063 1056
3 1055 1056 1048
3 1056 1064 1065
3 1056 1065 1057
3 1057 1065 1066
3 1057 1066 1058
3 1058 1066 1067
3 1058 1067 1059
3 1059 1067 1068
3 1059 1068 1060
3 1060 1068 1069
3 1060 1069 1061
3 1061 1069 1070
3 1061 1070 1062
3 1062 1070 1071
3 1062 1071 1063
3 1063 1071 1064
3 1063 1064 1056
3 1064 1072 1073
3 1064 1073 1065
3 1065 1073 1074
3 1065 1074 1066
3 1066 1074 1075
3 1066 1075 1067
3 1067 1075 1076
3 1067 1076 1068
3 1068 1076 1077
3 1068 1077 1069
3 1069 1077 1078
3 1069 1078 1070
3 1070 1078 1079
3 1070 1079 1071
3 1071 1079 1072
3 1071 1072 1064
3 1072 1080 1081
3 1072 1081 1073
3 1073 1081 1082
3 1073 1082 1074
3 1074 1082 1083
3 1074 1083 1075
3 1075 1083 1084
3 1075 1084 1076
3 1076 1084 1085
3 1076 1085 1077
3 1077 1085 1086
3 1077 1086 1078
3 1078 1086 1087
3 1078 1087 1079
3 1079 1087 1080
3 1079 1080 1072
3 1080 1088 1089
3 1080 1089 1081
3 1081 1089 1090
3 1081 1090 1082
3 1082 1090 1091
3 1082 1091 1083
3 1083 1091 1092
3 1083 1092 1084
3 1084 1092 1093
3 1084 1093 1085
3 1085 1093 1094
3 1085 1094 1086
3 1086 1094 1095
3 1086 1095 1087
3 1087 1095 1088
3 1087 1088 1080
3 1088 1096 1097
3 1088 1097 1089
3 1089 1097 1098
3 1089 1098 1090
3 1090 1098 1099
3 1090 1099 1091
3 1091 1099 1100
3 1091 1100 1092
3 1092 1100 1101
3 1092 1101 1093
3 1093 1101 1102
3 1093 1102 1094
3 1094 1102 1103
3 1094 1103 1095
3 1095 1103 1096
3 1095 1096 1088
3 1096 1104 1105
3 1096 1105 1097
3 1097 1105 1106
3 1097 1106 1098
3 1098 1106 1107
3 1098 1107 1099
3 1099 1107 1108
3 1099 1108 1100
3 1100 1108 1109
3 1100 1109 1101
3 1101 1109 1110
3 1101 1110 1102
3 1102 1110 1111
3 1102 1111 1103
3 1103 1111 1104
3 1103 1104 1096
3 1104 1112 1113
3 1104 1113 1105
3 1105 1113 1114
3 1105 1114 1106
3 1106 1114 1115
3 1106 1115 1107
3 1107 1115 1116
3 1107 1116 1108
3 1108 1116 1117
3 1108 1117 1109
3 1109 1117 1118
3 1109 1118 1110
3 1110 1118 1119
3 1110 1119 1111
3 1111 1119 1112
3 1111 1112 1104
3 1112 1120 1121
3 1112 1121 1113
3 1113 1121 1122
3 1113 1122 1114
3 1114 1122 1123
3 1114 1123 1115
3 1115 1123 1124
3 1115 1124 1116
3 1116 1124 1125
3 1116 1125 1117
3 1117 1125 1126
3 1117 1126 1118
3 1118 1126 1127
3 1118 1127 1119
3 1119 1127 1120
3 1119 1120 1112
3 1120 1128 1129
3 1120 1129 1121
3 1121 1129 1130
3 1121 1130 1122
3 1122 1130 1131
3 1122 1131 1123
3 1123 1131 1132
3 1123 1132 1124
3 1124 1132 1133
3 1124 1133 1125
3 1125 1133 1134
3 1125 1134 1126
3 1126 1134 1135
3 1126 1135 1127
3 1127 1135 1128
3 1127 1128 1120
3 1128 1136 1137
3 1128 1137 1129
3 1129 1137 1138
3 1129 1138 1130
3 1130 1138 1139
3 1130 1139 1131
3 1131 1139 1140
3 1131 1140 1132
3 1132 1140 1141
3 1132 1141 1133
3 1133 1141 1142
3 1133 1142 1134
3 1134 1142 1143
3 1134 1143 1135
3 1135 1143 1136
3 1135 1136 1128
3 1136 1144 1145
3 1136 1145 1137
3 1137 1145 1146
3 1137 1146 1138
3 1138 1146 1147
3 1138 1147 1139
3 1139 1147 1148
3 1139 1148 1140
3 1140 1148 1149
3 1140 1149 1141
3 1141 1149 1150
3 1141 1150 1142
3 1142 1150 1151
3 1142 1151 1143
3 1143 1151 1144
3 1143 1144 1136
3 1144 1152 1153
3 1144 1153 1145
3 1145 1153 1154
3 1145 1154 1146
3 1146 1154 1155
3 1146 1155 1147
3 1147 1155 1156
3 1147 1156 1148
3 1148 1156 1157
3 1148 1157 1149
3 1149 1157 1158
3 1149 1158 1150
3 1150 1158 1159
3 1150 1159 1151
3 1151 1159 1152
3 1151 1152 1144
3 1152 1160 1161
3 1152 1161 1153
3 1153 1161 1162
3 1153 1162 1154
3 1154 1162 1163
3 1154 1163 1155
3 1155 1163 1164
3 1155 1164 1156
3 1156 1164 1165
3 1156 1165 1157
3 1157 1165 1166
3 1157 1166 1158
3 1158 1166 1167
3 1158 1167 1159
3 1159 1167 1160
3 1159 1160 1152
3 1160 1168 1169
3 1160 1169 1161
3 1161 1169 1170
3 1161 1170 1162
3 1162 1170 1171
3 1162 1171 1163
3 1163 1171 1172
3 1163 1172 1164
3 1164 1172 1173
3 1164 1173 1165
3 1165 1173 1174
3 1165 1174 1166
3 1166 1174 1175
3 1166 1175 1167
3 1167 1175 1168
3 1167 1168 1160
3 1168 1176 1177
3 1168 1177 1169
3 1169 1177 1178
3 1169 1178 1170
3 1170 1178 1179
3 1170 1179 1171
3 1171 1179 1180
3 1171 1180 1172
3 1172 1180 1181
3 1172 1181 1173
3 1173 1181 1182
3 1173 1182 1174
3 1174 1182 1183
3 1174 1183 1175
3 1175 1183 1176
3 1175 1176 1168
3 1176 1184 1185
3 1176 1185 1177
3 1177 1185 1186
3 1177 1186 1178
3 1178 1186 1187
3 1178 1187 1179
3 1179 1187 1188
3 1179 1188 1180
3 1180 1188 1189
3 1180 1189 1181
3 1181 1189 1190
3 1181 1190 1182
3 1182 1190 1191
3 1182 1191 1183
3 1183 1191 1184
3 1183 1184 1176
3 1184 1192 1193
3 1184 1193 1185
3 1185 1193 1194
3 1185 1194 1186
3 1186 1194 1195
3 1186 1195 1187
3 1187 1195 1196
3 1187 1196 1188
3 1188 1196 1197
3 1188 1197 1189
3 1189 1197 1198
3 1189 1198 1190
3 1190 1198 1199
3 1190 1199 1191
3 1191 1199 1192
3 1191 1192 1184
3 1192 1200 1201
3 1192 1201 1193
3 1193 1201 1202
3 1193 1202 1194
3 1194 1202 1203
3 1194 1203 1195
3 1195 1203 1204
3 1195 1204 1196
3 1196 1204 1205
3 1196 1205 1197
3 1197 1205 1206
3 1197 1206 1198
3 1198 1206 1207
3 1198 1207 1199
3 1199 1207 1200
3 1199 1200 1192
3 1200 1208 1209
3 1200 1209 1201
3 1201 1209 1210
3 1201 1210 1202
3 1202 1210 1211
3 1202 1211 1203
3 1203 1211 1212
3 1203 1212 1204
3 1204 1212 1213
3 1204 1213 1205
3 1205 1213 1214
3 1205 1214 1206
3 1206 1214 1215
3 1206 1215 1207
3 1207 1215 1208
3 1207 1208 1200
3 1208 1216 1217
3 1208 1217 1209
3 1209 1217 1218
3 1209 1218 1210
3 1210 1218 1219
3 1210 1219 1211
3 1211 1219 1220
3 1211 1220 1212
3 1212 1220 1221
3 1212 1221 1213
3 1213 1221 1222
3 1213 1222 1214
3 1214 1222 1223
3 1214 1223 1215
3 1215 1223 1216
3 1215 1216 1208
3 1216 1224 1225
3 1216 1225 1217
3 1217 1225 1226
3 1217 1226 1218
3 1218 1226 1227
3 1218 1227 1219
3 1219 1227 1228
3 1219 1228 1220
3 1220 1228 1229
3 1220 1229 1221
3 1221 1229 1230
3 1221 1230 1222
3 1222 1230 1231
3 1222 1231 1223
3 1223 1231 1224
3 1223 1224 1216
3 1224 1232 1233
3 1224 1233 1225
3 1225 1233 1234
3 1225 1234 1226
3 1226 1234 1235
3 1226 1235 1227
3 1227 1235 1236
3 1227 1236 1228
3 1228 1236 1237
3 1228 1237 1229
3 1229 1237 1238
3 1229 1238 1230
3 1230 1238 1239
3 1230 1239 1231
3 1231 1239 1232
3 1231 1232 1224
3 1232 1240 1241
3 1232 1241 1233
3 1233 1241 1242
3 1233 1242 1234
3 1234 1242 1243
3 1234 1243 1235
3 1235 1243 1244
3 1235 1244 1236
3 1236 1244 1245
3 1236 1245 1237
3 1237 1245 1246
3 1237 1246 1238
3 1238 1246 1247
3 1238 1247 1239
3 1239 1247 1240
3 1239 1240 1232
3 1240 1248 1249
3 1240 1249 1241
3 1241 1249 1250
3 1241 1250 1242
3 1242 1250 1251
3 1242 1251 1243
3 1243 1251 1252
3 1243 1252 1244
3 1244 1252 1253
3 1244 1253 1245
3 1245 1253 1254
3 1245 1254 1246
3 1246 1254 1255
3 1246 1255 1247
3 1247 1255 1248
3 1247 1248 1240
3 1248 1256 1257
3 1248 1257 1249
3 1249 1257 1258
3 1249 1258 1250
3 1250 1258 1259
3 1250 1259 1251
3 1251 1259 1260
3 1251 1260 1252
3 1252 1260 1261
3 1252 1261 1253
3 1253 1261 1262
3 1253 1262 1254
3 1254 1262 1263
3 1254 1263 1255
3 1255 1263 1256
3 1255 1256 1248
3 1256 1264 1265
3 1256 1265 1257
3 1257 1265 1266
3 1257 1266 1258
3 1258 1266 1267
3 1258 1267 1259
3 1259 1267 1268
3 1259 1268 1260
3 1260 1268 1269
3 1260 1269 1261
3 1261 1269 1270
3 1261 1270 1262
3 1262 1270 1271
3 1262 1271 1263
3 1263 1271 1264
3 1263 1264 1256
3 1264 1272 1273
3 1264 1273 1265
3 1265 1273 1274
3 1265 1274 1266
3 1266 1274 1275
3 1266 1275 1267
3 1267 1275 1276
3 1267 1276 1268
3 1268 1276 1277
3 1268 1277 1269
3 1269 1277 1278
3 1269 1278 1270
3 1270 1278 1279
3 1270 1279 1271
3 1271 1279 1272
3 1271 1272 1264
3 1272 1280 1281
3 1272 1281 1273
3 1273 1281 1282
3 1273 1282 1274
3 1274 1282 1283
3 1274 1283 1275
3 1275 1283 1284
3 1275 1284 1276
3 1276 1284 1285
3 1276 1285 1277
3 1277 1285 1286
3 1277 1286 1278
3 1278 1286 1287
3 1278 1287 1279
3 1279 1287 1280
3 1279 1280 1272
3 1280 1288 1289
3 1280 1289 1281
3 1281 1289 1290
3 1281 1290 1282
3 1282 1290 1291
3 1282 1291 1283
3 1283 1291 1292
3 1283 1292 1284
3 1284 1292 1293
3 1284 1293 1285
3 1285 1293 1294
3 1285 1294 1286
3 1286 1294 1295
3 1286 1295 1287
3 1287 1295 1288
3 1287 1288 1280
3 1288 1296 1297
3 1288 1297 1289
3 1289 1297 1298
3 1289 1298 1290
3 1290 1298 1299
3 1290 1299 1291
3 1291 1299 1300
3 1291 1300 1292
3 1292 1300 1301
3 1292 1301 1293
3 1293 1301 1302
3 1293 1302 1294
3 1294 1302 1303
3 1294 1303 1295
3 1295 1303 1296
3 1295 1296 1288
3 1296 1304 1305
3 1296 1305 1297
3 1297 1305 1306
3 1297 1306 1298
3 1298 1306 1307
3 1298 1307 1299
3 1299 1307 1308
3 1299 1308 1300
3 1300 1308 1309
3 1300 1309 1301
3 1301 1309 1310
3 1301 1310 1302
3 1302 1310 1311
3 1302 1311 1303
3 1303 1311 1304
3 1303 1304 1296
3 1304 1312 1313
3 1304 1313 1305
3 1305 1313 1314
3 1305 1314 1306
3 1306 1314 1315
3 1306 1315 1307
3 1307 1315 1316
3 1307 1316 1308
3 1308 1316 1317
3 1308 1317 1309
3 1309 1317 1318
3 1309 1318 1310
3 1310 1318 1319
3 1310 1319 1311
3 1311 1319 1312
3 1311 1312 1304
3 1312 1320 1321
3 1312 1321 1313
3 1313 1321 1322
3 1313 1322 1314
3 1314 1322 1323
3 1314 1323 1315
3 1315 1323 1324
3 1315 1324 1316
3 1316 1324 1325
3 1316 1325 1317
3 1317 1325 1326
3 1317 1326 1318
3 1318 1326 1327
3 1318 1327 1319
3 1319 1327 1320
3 1319 1320 1312
3 1320 1328 1329
3 1320 1329 1321
3 1321 1329 1330
3 1321 1330 1322
3 1322 1330 1331
3 1322 1331 1323
3 1323 1331 1332
3 1323 1332 1324
3 1324 1332 1333
3 1324 1333 1325
3 1325 1333 1334
3 1325 1334 1326
3 1326 1334 1335
3 1326 1335 1327
3 1327 1335 1328
3 1327 1328 1320
3 1328 1336 1337
3 1328 1337 1329
3 1329 1337 1338
3 1329 1338 1330
3 1330 1338 1339
3 1330 1339 1331
3 1331 1339 1340
3 1331 1340 1332
3 1332 1340 1341
3 1332 1341 1333
3 1333 1341 1342
3 1333 1342 1334
3 1334 1342 1343
3 1334 1343 1335
3 1335 1343 1336
3 1335 1336 1328
3 1336 1344 1345
3 1336 1345 1337
3 1337 1345 1346
3 1337 1346 1338
3 1338 1346 1347
3 1338 1347 1339
3 1339 1347 1348
3 1339 1348 1340
3 1340 1348 1349
3 1340 1349 1341
3 1341 1349 1350
3 1341 1350 1342
3 1342 1350 1351
3 1342 1351 1343
3 1343 1351 1344
3 1343 1344 1336
3 1344 1352 1353
3 1344 1353 1345
3 1345 1353 1354
3 1345 1354 1346
3 1346 1354 1355
3 1346 1355 1347
3 1347 1355 1356
3 1347 1356 1348
3 1348 1356 1357
3 1348 1357 1349
3 1349 1357 1358
3 1349 1358 1350
3 1350 1358 1359
3 1350 1359 1351
3 1351 1359 1352
3 1351 1352 1344
3 1352 1360 1361
3 1352 1361 1353
3 1353 1361 1362
3 1353 1362 1354
3 1354 1362 1363
3 1354 1363 1355
3 1355 1363 1364
3 1355 1364 1356
3 1356 1364 1365
3 1356 1365 1357
3 1357 1365 1366
3 1357 1366 1358
3 1358 1366 1367
3 1358 1367 1359
3 1359 1367 1360
3 1359 1360 1352
3 1360 1368 1369
3 1360 1369 1361
3 1361 1369 1370
3 1361 1370 1362
3 1362 1370 1371
3 1362 1371 1363
3 1363 1371 1372
3 1363 1372 1364
3 1364 1372 1373
3 1364 1373 1365
3 1365 1373 1374
3 1365 1374 1366
3 1366 1374 1375
3 1366 1375 1367
3 1367 1375 1368
3 1367 1368 1360
3 1368 1376 1377
3 1368 1377 1369
3 1369 1377 1378
3 1369 1378 1370
3 1370 1378 1379
3 1370 1379 1371
3 1371 1379 1380
3 1371 1380 1372
3 1372 1380 1381
3 1372 1381 1373
3 1373 1381 1382
3 1373 1382 1374
3 1374 1382 1383
3 1374 1383 1375
3 1375 1383 1376
3 1375 1376 1368
3 1376 1384 1385
3 1376 1385 1377
3 1377 1385 1386
3 1377 1386 1378
3 1378 1386 1387
3 1378 1387 1379
3 1379 1387 1388
3 1379 1388 1380
3 1380 1388 1389
3 1380 1389 1381
3 1381 1389 1390
3 1381 1390 1382
3 1382 1390 1391
3 1382 1391 1383
3 1383 1391 1384
3 1383 1384 1376
3 1384 1392 1393
3 1384 1393 1385
3 1385 1393 1394
3 1385 1394 1386
3 1386 1394 1395
3 1386 1395 1387
3 1387 1395 1396
3 1387 1396 1388
3 1388 1396 1397
3 1388 1397 1389
3 1389 1397 1398
3 1389 1398 1390
3 1390 1398 1399
3 1390 1399 1391
3 1391 1399 1392
3 1391 1392 1384
3 1392 1400 1401
3 1392 1401 1393
3 1393 1401 1402
3 1393 1402 1394
3 1394 1402 1403
3 1394 1403 1395
3 1395 1403 1404
3 1395 1404 1396
3 1396 1404 1405
3 1396 1405 1397
3 1397 1405 1406
3 1397 1406 1398
3 1398 1406 1407
3 1398 1407 1399
3 1399 1407 1400
3 1399 1400 1392
3 1400 1408 1409
3 1400 1409 1401
3 1401 1409 1410
3 1401 1410 1402
3 1402 1410 1411
3 1402 1411 1403
3 1403 1411 1412
3 1403 1412 1404
3 1404 1412 1413
3 1404 1413 1405
3 1405 1413 1414
3 1405 1414 1406
3 1406 1414 1415
3 1406 1415 1407
3 1407 1415 1408
3 1407 1408 1400
3 1408 1416 1417
3 1408 1417 1409
3 1409 1417 1418
3 1409 1418 1410
3 1410 1418 1419
3 1410 1419 1411
3 1411 1419 1420
3 1411 1420 1412
3 1412 1420 1421
3 1412 1421 1413
3 1413 1421 1422
3 1413 1422 1414
3 1414 1422 1423
3 1414 1423 1415
3 1415 1423 1416
3 1415 1416 1408
3 1416 1424 1425
3 1416 1425 1417
3 1417 1425 1426
3 1417 1426 1418
3 1418 1426 1427
3 1418 1427 1419
3 1419 1427 1428
3 1419 1428 1420
3 1420 1428 1429
3 1420 1429 1421
3 1421 1429 1430
3 1421 1430 1422
3 1422 1430 1431
3 1422 1431 1423
3 1423 1431 1424
3 1423 1424 1416
3 1424 1432 1433
3 1424 1433 1425
3 1425 1433 1434
3 1425 1434 1426
3 1426 1434 1435
3 1426 1435 1427
3 1427 1435 1436
3 1427 1436 1428
3 1428 1436 1437
3 1428 1437 1429
3 1429 1437 1438
3 1429 1438 1430
3 1430 1438 1439
3 1430 1439 1431
3 1431 1439 1432
3 1431 1432 1424
3 1432 1440 1441
3 1432 1441 1433
3 1433 1441 1442
3 1433 1442 1434
3 1434 1442 1443
3 1434 1443 1435
3 1435 1443 1444
3 1435 1444 1436
3 1436 1444 1445
3 1436 1445 1437
3 1437 1445 1446
3 1437 1446 1438
3 1438 1446 1447
3 1438 1447 1439
3 1439 1447 1440
3 1439 1440 1432
3 1440 1448 1449
3 1440 1449 1441
3 1441 1449 1450
3 1441 1450 1442
3 1442 1450 1451
3 1442 1451 1443
3 1443 1451 1452
3 1443 1452 1444
3 1444 1452 1453
3 1444 1453 1445
3 1445 1453 1454
3 1445 1454 1446
3 1446 1454 1455
3 1446 1455 1447
3 1447 1455 1448
3 1447 1448 1440
3 1448 1456 1457
3 1448 1457 1449
3 1449 1457 1458
3 1449 1458 1450
3 1450 1458 1459
3 1450 1459 1451
3 1451 1459 1460
3 1451 1460 1452
3 1452 1460 1461
3 1452 1461 1453
3 1453 1461 1462
3 1453 1462 1454
3 1454 1462 1463
3 1454 1463 1455
3 1455 1463 1456
3 1455 1456 1448
3 1456 1464 1465
3 1456 1465 1457
3 1457 1465 1466
3 1457 1466 1458
3 1458 1466 1467
3 1458 1467 1459
3 1459 1467 1468
3 1459 1468 1460
3 1460 1468 1469
3 1460 1469 1461
3 1461 1469 1470
3 1461 1470 1462
3 1462 1470 1471
3 1462 1471 1463
3 1463 1471 1464
3 1463 1464 1456
3 1464 1472 1473
3 1464 1473 1465
3 1465 1473 1474
3 1465 1474 1466
3 1466 1474 1475
3 1466 1475 1467
3 1467 1475 1476
3 1467 1476 1468
3 1468 1476 1477
3 1468 1477 1469
3 1469 1477 1478
3 1469 1478 1470
3 1470 1478 1479
3 1470 1479 1471
3 1471 1479 1472
3 1471 1472 1464
3 1472 1480 1481
3 1472 1481 1473
3 1473 1481 1482
3 1473 1482 1474
3 1474 1482 1483
3 1474 1483 1475
3 1475 1483 1484
3 1475 1484 1476
3 1476 1484 1485
3 1476 1485 1477
3 1477 1485 1486
3 1477 1486 1478
3 1478 1486 1487
3 1478 1487 1479
3 1479 1487 1480
3 1479 1480 1472
3 1480 1488 1489
3 1480 1489 1481
3 1481 1489 1490
3 1481 1490 1482
3 1482 1490 1491
3 1482 1491 1483
3 1483 1491 1492
3 1483 1492 1484
3 1484 1492 1493
3 1484 1493 1485
3 1485 1493 1494
3 1485 1494 1486
3 1486 1494 1495
3 1486 1495 1487
3 1487 1495 1488
3 1487 1488 1480
3 1488 1496 1497
3 1488 1497 1489
3 1489 1497 1498
3 1489 1498 1490
3 1490 1498 1499
3 1490 1499 1491
3 1491 1499 1500
3 1491 1500 1492
3 1492 1500 1501
3 1492 1501 1493
3 1493 1501 1502
3 1493 1502 1494
3 1494 1502 1503
3 1494 1503 1495
3 1495 1503 1496
3 1495 1496 1488
3 1496 1504 1505
3 1496 1505 1497
3 1497 1505 1506
3 1497 1506 1498
3 1498 1506 1507
3 1498 1507 1499
3 1499 1507 1508
3 1499 1508 1500
3 1500 1508 1509
3 1500 1509 1501
3 1501 1509 1510
3 1501 1510 1502
3 1502 1510 1511
3 1502 1511 1503
3 1503 1511 1504
3 1503 1504 1496
3 1504 1512 1513
3 1504 1513 1505
3 1505 1513 1514
3 1505 1514 1506
3 1506 1514 1515
3 1506 1515 1507
3 1507 1515 1516
3 1507 1516 1508
3 1508 1516 1517
3 1508 1517 1509
3 1509 1517 1518
3 1509 1518 1510
3 1510 1518 1519
3 1510 1519 1511
3 1511 1519 1512
3 1511 1512 1504
3 1512 1520 1521
3 1512 1521 1513
3 1513 1521 1522
3 1513 1522 1514
3 1514 1522 1523
3 1514 1523 1515
3 1515 1523 1524
3 1515 1524 1516
3 1516 1524 1525
3 1516 1525 1517
3 1517 1525 1526
3 1517 1526 1518
3 1518 1526 1527
3 1518 1527 1519
3 1519 1527 1520
3 1519 1520 1512
3 1520 1528 1529
3 1520 1529 1521
3 1521 1529 1530
3 1521 1530 1522
3 1522 1530 1531
3 1522 1531 1523
3 1523 1531 1532
3 1523 1532 1524
3 1524 1532 1533
3 1524 1533 1525
3 1525 1533 1534
3 1525 1534 1526
3 1526 1534 1535
3 1526 1535 1527
3 1527 1535 1528
3 1527 1528 1520
3 1528 1536 1537
3 1528 1537 1529
3 1529 1537 1538
3 1529 1538 1530
3 1530 1538 1539
3 1530 1539 1531
3 1531 1539 1540
3 1531 1540 1532
3 1532 1540 1541
3 1532 1541 1533
3 1533 1541 1542
3 1533 1542 1534
3 1534 1542 1543
3 1534 1543 1535
3 1535 1543 1536
3 1535 1536 1528
3 1536 1544 1545
3 1536 1545 1537
3 1537 1545 1546
3 1537 1546 1538
3 1538 1546 1547
3 1538 1547 1539
3 1539 1547 1548
3 1539 1548 1540
3 1540 1548 1549
3 1540 1549 1541
3 1541 1549 1550
3 1541 1550 1542
3 1542 1550 1551
3 1542 1551 1543
3 1543 1551 1544
3 1543 1544 1536
3 1544 1552 1553
3 1544 1553 1545
3 1545 1553 1554
3 1545 1554 1546
3 1546 1554 1555
3 1546 1555 1547
3 1547 1555 1556
3 1547 1556 1548
3 1548 1556 1557
3 1548 1557 1549
3 1549 1557 1558
3 1549 1558 1550
3 1550 1558 1559
3 1550 1559 1551
3 1551 1559 1552
3 1551 1552 1544
3 1552 1560 1561
3 1552 1561 1553
3 1553 1561 1562
3 1553 1562 1554
3 1554 1562 1563
3 1554 1563 1555
3 1555 1563 1564
3 1555 1564 1556
3 1556 1564 1565
3 1556 1565 1557
3 1557 1565 1566
3 1557 1566 1558
3 1558 1566 1567
3 1558 1567 1559
3 1559 1567 1560
3 1559 1560 1552
3 1560 1568 1569
3 1560 1569 1561
3 1561 1569 1570
3 1561 1570 1562
3 1562 1570 1571
3 1562 1571 1563
3 1563 1571 1572
3 1563 1572 1564
3 1564 1572 1573
3 1564 1573 1565
3 1565 1573 1574
3 1565 1574 1566
3 1566 1574 1575
3 1566 1575 1567
3 1567 1575 1568
3 1567 1568 1560
3 1568 1576 1577
3 1568 1577 1569
3 1569 1577 1578
3 1569 1578 1570
3 1570 1578 1579
3 1570 1579 1571
3 1571 1579 1580
3 1571 1580 1572
3 1572 1580 1581
3 1572 1581 1573
3 1573 1581 1582
3 1573 1582 1574
3 1574 1582 1583
3 1574 1583 1575
3 1575 1583 1576
3 1575 1576 1568
3 1576 1584 1585
3 1576 1585 1577
3 1577 1585 1586
3 1577 1586 1578
3 1578 1586 1587
3 1578 1587 1579
3 1579 1587 1588
3 1579 1588 1580
3 1580 1588 1589
3 1580 1589 1581
3 1581 1589 1590
3 1581 1590 1582
3 1582 1590 1591
3 1582 1591 1583
3 1583 1591 1584
3 1583 1584 1576
3 1584 1592 1593
3 1584 1593 1585
3 1585 1593 1594
3 1585 1594 1586
3 1586 1594 1595
3 1586 1595 1587
3 1587 1595 1596
3 1587 1596 1588
3 1588 1596 1597
3 1588 1597 1589
3 1589 1597 1598
3 1589 1598 1590
3 1590 1598 1599
3 1590 1599 1591
3 1591 1599 1592
3 1591 1592 1584
3 1592 1600 1601
3 1592 1601 1593
3 1593 1601 1602
3 1593 1602 1594
3 1594 1602 1603
3 1594 1603 1595
3 1595 1603 1604
3 1595 1604 1596
3 1596 1604 1605
3 1596 1605 1597
3 1597 1605 1606
3 1597 1606 1598
3 1598 1606 1607
3 1598 1607 1599
3 1599 1607 1600
3 1599 1600 1592
3 1600 1608 1609
3 1600 1609 1601
3 1601 1609 1610
3 1601 1610 1602
3 1602 1610 1611
3 1602 1611 1603
3 1603 1611 1612
3 1603 1612 1604
3 1604 1612 1613
3 1604 1613 1605
3 1605 1613 1614
3 1605 1614 1606
3 1606 1614 1615
3 1606 1615 1607
3 1607 1615 1608
3 1607 1608 1600
3 1608 1616 1617
3 1608 1617 1609
3 1609 1617 1618
3 1609 1618 1610
3 1610 1618 1619
3 1610 1619 1611
3 1611 1619 1620
3 1611 1620 1612
3 1612 1620 1621
3 1612 1621 1613
3 1613 1621 1622
3 1613 1622 1614
3 1614 1622 1623
3 1614 1623 1615
3 1615 1623 1616
3 1615 1616 1608
3 1616 1624 1625
3 1616 1625 1617
3 1617 1625 1626
3 1617 1626 1618
3 1618 1626 1627
3 1618 1627 1619
3 1619 1627 1628
3 1619 1628 1620
3 1620 1628 1629
3 1620 1629 1621
3 1621 1629 1630
3 1621 1630 1622
3 1622 1630 1631
3 1622 1631 1623
3 1623 1631 1624
3 1623 1624 1616
3 1624 1632 1633
3 1624 1633 1625
3 1625 1633 1634
3 1625 1634 1626
3 1626 1634 1635
3 1626 1635 1627
3 1627 1635 1636
3 1627 1636 1628
3 1628 1636 1637
3 1628 1637 1629
3 1629 1637 1638
3 1629 1638 1630
3 1630 1638 1639
3 1630 1639 1631
3 1631 1639 1632
3 1631 1632 1624
3 1632 1640 1641
3 1632 1641 1633
3 1633 1641 1642
3 1633 1642 1634
3 1634 1642 1643
3 1634 1643 1635
3 1635 1643 1644
3 1635 1644 1636
3 1636 1644 1645
3 1636 1645 1637
3 1637 1645 1646
3 1637 1646 1638
3 1638 1646 1647
3 1638 1647 1639
3 1639 1647 1640
3 1639 1640 1632
3 1640 1648 1649
3 1640 1649 1641
3 1641 1649 1650
3 1641 1650 1642
3 1642 1650 1651
3 1642 1651 1643
3 1643 1651 1652
3 1643 1652 1644
3 1644 1652 1653
3 1644 1653 1645
3 1645 1653 1654
3 1645 1654 1646
3 1646 1654 1655
3 1646 1655 1647
3 1647 1655 1648
3 1647 1648 1640
3 1648 1656 1657
3 1648 1657 1649
3 1649 1657 1658
3 1649 1658 1650
3 1650 1658 1659
3 1650 1659 1651
3 1651 1659 1660
3 1651 1660 1652
3 1652 1660 1661
3 1652 1661 1653
3 1653 1661 1662
3 1653 1662 1654
3 1654 1662 1663
3 1654 1663 1655
3 1655 1663 1656
3 1655 1656 1648
3 1656 1664 1665
3 1656 1665 1657
3 1657 1665 1666
3 1657 1666 1658
3 1658 1666 1667
3 1658 1667 1659
3 1659 1667 1668
3 1659 1668 1660
3 1660 1668 1669
3 1660 1669 1661
3 1661 1669 1670
3 1661 1670 1662
3 1662 1670 1671
3 1662 1671 1663
3 1663 1671 1664
3 1663 1664 1656
3 1664 1672 1673
3 1664 1673 1665
3 1665 1673 1674
3 1665 1674 1666
3 1666 1674 1675
3 1666 1675 1667
3 1667 1675 1676
3 1667 1676 1668
3 1668 1676 1677
3 1668 1677 1669
3 1669 1677 1678
3 1669 1678 1670
3 1670 1678 1679
3 1670 1679 1671
3 1671 1679 1672
3 1671 1672 1664
3 1672 1680 1681
3 1672 1681 1673
3 1673 1681 1682
3 1673 1682 1674
3 1674 1682 1683
3 1674 1683 1675
3 1675 1683 1684
3 1675 1684 1676
3 1676 1684 1685
3 1676 1685 1677
3 1677 1685 1686
3 1677 1686 1678
3 1678 1686 1687
3 1678 1687 1679
3 1679 1687 1680
3 1679 1680 1672
3 1680 1688 1689
3 1680 1689 1681
3 1681 1689 1690
3 1681 1690 1682
3 1682 1690 1691
3 1682 1691 1683
3 1683 1691 1692
3 1683 1692 1684
3 1684 1692 1693
3 1684 1693 1685
3 1685 1693 1694
3 1685 1694 1686
3 1686 1694 1695
3 1686 1695 1687
3 1687 1695 1688
3 1687 1688 1680
3 1688 1696 1697
3 1688 1697 1689
3 1689 1697 1698
3 1689 1698 1690
3 1690 1698 1699
3 1690 1699 1691
3 1691 1699 1700
3 1691 1700 1692
3 1692 1700 1701
3 1692 1701 1693
3 1693 1701 1702
3 1693 1702 1694
3 1694 1702 1703
3 1694 1703 1695
3 1695 1703 1696
3 1695 1696 1688
3 1696 1704 1705
3 1696 1705 1697
3 1697 1705 1706
3 1697 1706 1698
3 1698 1706 1707
3 1698 1707 1699
3 1699 1707 1708
3 1699 1708 1700
3 1700 1708 1709
3 1700 1709 1701
3 1701 1709 1710
3 1701 1710 1702
3 1702 1710 1711
3 1702 1711 1703
3 1703 1711 1704
3 1703 1704 1696
3 1704 1712 1713
3 1704 1713 1705
3 1705 1713 1714
3 1705 1714 1706
3 1706 1714 1715
3 1706 1715 1707
3 1707 1715 1716
3 1707 1716 1708
3 1708 1716 1717
3 1708 1717 1709
3 1709 1717 1718
3 1709 1718 1710
3 1710 1718 1719
3 1710 1719 1711
3 1711 1719 1712
3 1711 1712 1704
3 1712 1720 1721
3 1712 1721 1713
3 1713 1721 1722
3 1713 1722 1714
3 1714 1722 1723
3 1714 1723 1715
3 1715 1723 1724
3 1715 1724 1716
3 1716 1724 1725
3 1716 1725 1717
3 1717 1725 1726
3 1717 1726 1718
3 1718 1726 1727
3 1718 1727 1719
3 1719 1727 1720
3 1719 1720 1712
3 1720 1728 1729
3 1720 1729 1721
3 1721 1729 1730
3 1721 1730 1722
3 1722 1730 1731
3 1722 1731 1723
3 1723 1731 1732
3 1723 1732 1724
3 1724 1732 1733
3 1724 1733 1725
3 1725 1733 1734
3 1725 1734 1726
3 1726 1734 1735
3 1726 1735 1727
3 1727 1735 1728
3 1727 1728 1720
3 1728 1736 1737
3 1728 1737 1729
3 1729 1737 1738
3 1729 1738 1730
3 1730 1738 1739
3 1730 1739 1731
3 1731 1739 1740
3 1731 1740 1732
3 1732 1740 1741
3 1732 1741 1733
3 1733 1741 1742
3 1733 1742 1734
3 1734 1742 1743
3 1734 1743 1735
3 1735 1743 1736
3 1735 1736 1728
3 1736 1744 1745
3 1736 1745 1737
3 1737 1745 1746
3 1737 1746 1738
3 1738 1746 1747
3 1738 1747 1739
3 1739 1747 1748
3 1739 1748 1740
3 1740 1748 1749
3 1740 1749 1741
3 1741 1749 1750
3 1741 1750 1742
3 1742 1750 1751
3 1742 1751 1743
3 1743 1751 1744
3 1743 1744 1736
3 1744 1752 1753
3 1744 1753 1745
3 1745 1753 1754
3 1745 1754 1746
3 1746 1754 1755
3 1746 1755 1747
3 1747 1755 1756
3 1747 1756 1748
3 1748 1756 1757
3 1748 1757 1749
3 1749 1757 1758
3 1749 1758 1750
3 1750 1758 1759
3 1750 1759 1751
3 1751 1759 1752
3 1751 1752 1744
3 1752 1760 1761
3 1752 1761 1753
3 1753 1761 1762
3 1753 1762 1754
3 1754 1762 1763
3 1754 1763 1755
3 1755 1763 1764
3 1755 1764 1756
3 1756 1764 1765
3 1756 1765 1757
3 1757 1765 1766
3 1757 1766 1758
3 1758 1766 1767
3 1758 1767 1759
3 1759 1767 1760
3 1759 1760 1752
3 1760 1768 1769
3 1760 1769 1761
3 1761 1769 1770
3 1761 1770 1762
3 1762 1770 1771
3 1762 1771 1763
3 1763 1771 1772
3 1763 1772 1764
3 1764 1772 1773
3 1764 1773 1765
3 1765 1773 1774
3 1765 1774 1766
3 1766 1774 1775
3 1766 1775 1767
3 1767 1775 1768
3 1767 1768 1760
3 1768 1776 1777
3 1768 1777 1769
3 1769 1777 1778
3 1769 1778 1770
3 1770 1778 1779
3 1770 1779 1771
3 1771 1779 1780
3 1771 1780 1772
3 1772 1780 1781
3 1772 1781 1773
3 1773 1781 1782
3 1773 1782 1774
3 1774 1782 1783
3 1774 1783 1775
3 1775 1783 1776
3 1775 1776 1768
3 1776 1784 1785
3 1776 1785 1777
3 1777 1785 1786
3 1777 1786 1778
3 1778 1786 1787
3 1778 1787 1779
3 1779 1787 1788
3 1779 1788 1780
3 1780 1788 1789
3 1780 1789 1781
3 1781 1789 1790
3 1781 1790 1782
3 1782 1790 1791
3 1782 1791 1783
3 1783 1791 1784
3 1783 1784 1776
3 1784 1792 1793
3 1784 1793 1785
3 1785 1793 1794
3 1785 1794 1786
3 1786 1794 1795
3 1786 1795 1787
3 1787 1795 1796
3 1787 1796 1788
3 1788 1796 1797
3 1788 1797 1789
3 1789 1797 1798
3 1789 1798 1790
3 1790 1798 1799
3 1790 1799 1791
3 1791 1799 1792
3 1791 1792 1784
3 1792 1800 1801
3 1792 1801 1793
3 1793 1801 1802
3 1793 1802 1794
3 1794 1802 1803
3 1794 1803 1795
3 1795 1803 1804
3 1795 1804 1796
3 1796 1804 1805
3 1796 1805 1797
3 1797 1805 1806
3 1797 1806 1798
3 1798 1806 1807
3 1798 1807 1799
3 1799 1807 1800
3 1799 1800 1792
3 1800 1808 1809
3 1800 1809 1801
3 1801 1809 1810
3 1801 1810 1802
3 1802 1810 1811
3 1802 1811 1803
3 1803 1811 1812
3 1803 1812 1804
3 1804 1812 1813
3 1804 1813 1805
3 1805 1813 1814
3 1805 1814 1806
3 1806 1814 1815
3 1806 1815 1807
3 1807 1815 1808
3 1807 1808 1800
3 1808 1816 1817
3 1808 1817 1809
3 1809 1817 1818
3 1809 1818 1810
3 1810 1818 1819
3 1810 1819 1811
3 1811 1819 1820
3 1811 1820 1812
3 1812 1820 1821
3 1812 1821 1813
3 1813 1821 1822
3 1813 1822 1814
3 1814 1822 1823
3 1814 1823 1815
3 1815 1823 1816
3 1815 1816 1808
3 1816 1824 1825
3 1816 1825 1817
3 1817 1825 1826
3 1817 1826 1818
3 1818 1826 1827
3 1818 1827 1819
3 1819 1827 1828
3 1819 1828 1820
3 1820 1828 1829
3 1820 1829 1821
3 1821 1829 1830
3 1821 1830 1822
3 1822 1830 1831
3 1822 1831 1823
3 1823 1831 1824
3 1823 1824 1816
3 1824 1832 1833
3 1824 1833 1825
3 1825 1833 1834
3 1825 1834 1826
3 1826 1834 1835
3 1826 1835 1827
3 1827 1835 1836
3 1827 1836 1828
3 1828 1836 1837
3 1828 1837 1829
3 1829 1837 1838
3 1829 1838 1830
3 1830 1838 1839
3 1830 1839 1831
3 1831 1839 1832
3 1831 1832 1824
3 1832 1840 1841
3 1832 1841 1833
3 1833 1841 1842
3 1833 1842 1834
3 1834 1842 1843
3 1834 1843 1835
3 1835 1843 1844
3 1835 1844 1836
3 1836 1844 1845
3 1836 1845 1837
3 1837 1845 1846
3 1837 1846 1838
3 1838 1846 1847
3 1838 1847 1839
3 1839 1847 1840
3 1839 1840 1832
3 1840 1848 1849
3 1840 1849 1841
3 1841 1849 1850
3 1841 1850 1842
3 1842 1850 1851
3 1842 1851 1843
3 1843 1851 1852
3 1843 1852 1844
3 1844 1852 1853
3 1844 1853 1845
3 1845 1853 1854
3 1845 1854 1846
3 1846 1854 1855
3 1846 1855 1847
3 1847 1855 1848
3 1847 1848 1840
3 1848 1856 1857
3 1848 1857 1849
3 1849 1857 1858
3 1849 1858 1850
3 1850 1858 1859
3 1850 1859 1851
3 1851 1859 1860
3 1851 1860 1852
3 1852 1860 1861
3 1852 1861 1853
3 1853 1861 1862
3 1853 1862 1854
3 1854 1862 1863
3 1854 1863 1855
3 1855 1863 1856
3 1855 1856 1848
3 1856 1864 1865
3 1856 1865 1857
3 1857 1865 1866
3 1857 1866 1858
3 1858 1866 1867
3 1858 1867 1859
3 1859 1867 1868
3 1859 1868 1860
3 1860 1868 1869
3 1860 1869 1861
3 1861 1869 1870
3 1861 1870 1862
3 1862 1870 1871
3 1862 1871 1863
3 1863 1871 1864
3 1863 1864 1856
3 1864 1872 1873
3 1864 1873 1865
3 1865 1873 1874
3 1865 1874 1866
3 1866 1874 1875
3 1866 1875 1867
3 1867 1875 1876
3 1867 1876 1868
3 1868 1876 1877
3 1868 1877 1869
3 1869 1877 1878
3 1869 1878 1870
3 1870 1878 1879
3 1870 1879 1871
3 1871 1879 1872
3 1871 1872 1864
3 1872 1880 1881
3 1872 1881 1873
3 1873 1881 1882
3 1873 1882 1874
3 1874 1882 1883
3 1874 1883 1875
3 1875 1883 1884
3 1875 1884 1876
3 1876 1884 1885
3 1876 1885 1877
3 1877 1885 1886
3 1877 1886 1878
3 1878 1886 1887
3 1878 1887 1879
3 1879 1887 1880
3 1879 1880 1872
3 1880 1888 1889
3 1880 1889 1881
3 1881 1889 1890
3 1881 1890 1882
3 1882 1890 1891
3 1882 1891 1883
3 1883 1891 1892
3 1883 1892 1884
3 1884 1892 1893
3 1884 1893 1885
3 1885 1893 1894
3 1885 1894 1886
3 1886 1894 1895
3 1886 1895 1887
3 1887 1895 1888
3 1887 1888 1880
3 1888 1896 1897
3 1888 1897 1889
3 1889 1897 1898
3 1889 1898 1890
3 1890 1898 1899
3 1890 1899 1891
3 1891 1899 1900
3 1891 1900 1892
3 1892 1900 1901
3 1892 1901 1893
3 1893 1901 1902
3 1893 1902 1894
3 1894 1902 1903
3 1894 1903 1895
3 1895 1903 1896
3 1895 1896 1888
3 1896 1904 1905
3 1896 1905 1897
3 1897 1905 1906
3 1897 1906 1898
3 1898 1906 1907
3 1898 1907 1899
3 1899 1907 1908
3 1899 1908 1900
3 1900 1908 1909
3 1900 1909 1901
3 1901 1909 1910
3 1901 1910 1902
3 1902 1910 1911
3 1902 1911 1903
3 1903 1911 1904
3 1903 1904 1896
3 1904 1912 1913
3 1904 1913 1905
3 1905 1913 1914
3 1905 1914 1906
3 1906 1914 1915
3 1906 1915 1907
3 1907 1915 1916
3 1907 1916 1908
3 1908 1916 1917
3 1908 1917 1909
3 1909 1917 1918
3 1909 1918 1910
3 1910 1918 1919
3 1910 1919 1911
3 1911 1919 1912
3 1911 1912 1904
3 1912 1920 1921
3 1912 1921 1913
3 1913 1921 1922
3 1913 1922 1914
3 1914 1922 1923
3 1914 1923 1915
3 1915 1923 1924
3 1915 1924 1916
3 1916 1924 1925
3 1916 1925 1917
3 1917 1925 1926
3 1917 1926 1918
3 1918 1926 1927
3 1918 1927 1919
3 1919 1927 1920
3 1919 1920 1912
3 1920 1928 1929
3 1920 1929 1921
3 1921 1929 1930
3 1921 1930 1922
3 1922 1930 1931
3 1922 1931 1923
3 1923 1931 1932
3 1923 1932 1924
3 1924 1932 1933
3 1924 1933 1925
3 1925 1933 1934
3 1925 1934 1926
3 1926 1934 1935
3 1926 1935 1927
3 1927 1935 1928
3 1927 1928 1920
3 1928 1936 1937
3 1928 1937 1929
3 1929 1937 1938
3 1929 1938 1930
3 1930 1938 1939
3 1930 1939 1931
3 1931 1939 1940
3 1931 1940 1932
3 1932 1940 1941
3 1932 1941 1933
3 1933 1941 1942
3 1933 1942 1934
3 1934 1942 1943
3 1934 1943 1935
3 1935 1943 1936
3 1935 1936 1928
3 1936 1944 1945
3 1936 1945 1937
3 1937 1945 1946
3 1937 1946 1938
3 1938 1946 1947
3 1938 1947 1939
3 1939 1947 1948
3 1939 1948 1940
3 1940 1948 1949
3 1940 1949 1941
3 1941 1949 1950
3 1941 1950 1942
3 1942 1950 1951
3 1942 1951 1943
3 1943 1951 1944
3 1943 1944 1936
3 1944 1952 1953
3 1944 1953 1945
3 1945 1953 1954
3 1945 1954 1946
3 1946 1954 1955
3 1946 1955 1947
3 1947 1955 1956
3 1947 1956 1948
3 1948 1956 1957
3 1948 1957 1949
3 1949 1957 1958
3 1949 1958 1950
3 1950 1958 1959
3 1950 1959 1951
3 1951 1959 1952
3 1951 1952 1944
3 1952 1960 1961
3 1952 1961 1953
3 1953 1961 1962
3 1953 1962 1954
3 1954 1962 1963
3 1954 1963 1955
3 1955 1963 1964
3 1955 1964 1956
3 1956 1964 1965
3 1956 1965 1957
3 1957 1965 1966
3 1957 1966 1958
3 1958 1966 1967
3 1958 1967 1959
3 1959 1967 1960
3 1959 1960 1952
3 1960 1968 1969
3 1960 1969 1961
3 1961 1969 1970
3 1961 1970 1962
3 1962 1970 1971
3 1962 1971 1963
3 1963 1971 1972
3 1963 1972 1964
3 1964 1972 1973
3 1964 1973 1965
3 1965 1973 1974
3 1965 1974 1966
3 1966 1974 1975
3 1966 1975 1967
3 1967 1975 1968
3 1967 1968 1960
3 1968 1976 1977
3 1968 1977 1969
3 1969 1977 1978
3 1969 1978 1970
3 1970 1978 1979
3 1970 1979 1971
3 1971 1979 1980
3 1971 1980 1972
3 1972 1980 1981
3 1972 1981 1973
3 1973 1981 1982
3 1973 1982 1974
3 1974 1982 1983
3 1974 1983 1975
3 1975 1983 1976
3 1975 1976 1968
3 1976 1984 1985
3 1976 1985 1977
3 1977 1985 1986
3 1977 1986 1978
3 1978 1986 1987
3 1978 1987 1979
3 1979 1987 1988
3 1979 1988 1980
3 1980 1988 1989
3 1980 1989 1981
3 1981 1989 1990
3 1981 1990 1982
3 1982 1990 1991
3 1982 1991 1983
3 1983 1991 1984
3 1983 1984 1976
3 1984 1992 1993
3 1984 1993 1985
3 1985 1993 1994
3 1985 1994 1986
3 1986 1994 1995
3 1986 1995 1987
3 1987 1995 1996
3 1987 1996 1988
3 1988 1996 1997
3 1988 1997 1989
3 1989 1997 1998
3 1989 1998 1990
3 1990 1998 1999
3 1990 1999 1991
3 1991 1999 1992
3 1991 1992 1984
3 1992 2000 2001
3 1992 2001 1993
3 1993 2001 2002
3 1993 2002 1994
3 1994 2002 2003
3 1994 2003 1995
3 1995 2003 2004
3 1995 2004 1996
3 1996 2004 2005
3 1996 2005 1997
3 1997 2005 2006
3 1997 2006 1998
3 1998 2006 2007
3 1998 2007 1999
3 1999 2007 2000
3 1999 2000 1992
3 2000 2008 2009
3 2000 2009 2001
3 2001 2009 2010
3 2001 2010 2002
3 2002 2010 2011
3 2002 2011 2003
3 2003 2011 2012
3 2003 2012 2004
3 2004 2012 2013
3 2004 2013 2005
3 2005 2013 2014
3 2005 2014 2006
3 2006 2014 2015
3 2006 2015 2007
3 2007 2015 2008
3 2007 2008 2000
3 2008 2016 2017
3 2008 2017 2009
3 2009 2017 2018
3 2009 2018 2010
3 2010 2018 2019
3 2010 2019 2011
3 2011 2019 2020
3 2011 2020 2012
3 2012 2020 2021
3 2012 2021 2013
3 2013 2021 2022
3 2013 2022 2014
3 2014 2022 2023
3 2014 2023 2015
3 2015 2023 2016
3 2015 2016 2008
3 2016 2024 2025
3 2016 2025 2017
3 2017 2025 2026
3 2017 2026 2018
3 2018 2026 2027
3 2018 2027 2019
3 2019 2027 2028
3 2019 2028 2020
3 2020 2028 2029
3 2020 2029 2021
3 2021 2029 2030
3 2021 2030 2022
3 2022 2030 2031
3 2022 2031 2023
3 2023 2031 2024
3 2023 2024 2016
3 2024 2032 2033
3 2024 2033 2025
3 2025 2033 2034
3 2025 2034 2026
3 2026 2034 2035
3 2026 2035 2027
3 2027 2035 2036
3 2027 2036 2028
3 2028 2036 2037
3 2028 2037 2029
3 2029 2037 2038
3 2029 2038 2030
3 2030 2038 2039
3 2030 2039 2031
3 2031 2039 2032
3 2031 2032 2024
3 2032 2040 2041
3 2032 2041 2033
3 2033 2041 2042
3 2033 2042 2034
3 2034 2042 2043
3 2034 2043 2035
3 2035 2043 2044
3 2035 2044 2036
3 2036 2044 2045
3 2036 2045 2037
3 2037 2045 2046
3 2037 2046 2038
3 2038 2046 2047
3 2038 2047 2039
3 2039 2047 2040
3 2039 2040 2032
3 2040 2048 2049
3 2040 2049 2041
3 2041 2049 2050
3 2041 2050 2042
3 2042 2050 2051
3 2042 2051 2043
3 2043 2051 2052
3 2043 2052 2044
3 2044 2052 2053
3 2044 2053 2045
3 2045 2053 2054
3 2045 2054 2046
3 2046 2054 2055
3 2046 2055 2047
3 2047 2055 2048
3 2047 2048 2040
3 2048 2056 2057
3 2048 2057 2049
3 2049 2057 2058
3 2049 2058 2050
3 2050 2058 2059
3 2050 2059 2051
3 2051 2059 2060
3 2051 2060 2052
3 2052 2060 2061
3 2052 2061 2053
3 2053 2061 2062
3 2053 2062 2054
3 2054 2062 2063
3 2054 2063 2055
3 2055 2063 2056
3 2055 2056 2048
3 2056 2064 2065
3 2056 2065 2057
3 2057 2065 2066
3 2057 2066 2058
3 2058 2066 2067
3 2058 2067 2059
3 2059 2067 2068
3 2059 2068 2060
3 2060 2068 2069
3 2060 2069 2061
3 2061 2069 2070
3 2061 2070 2062
3 2062 2070 2071
3 2062 2071 2063
3 2063 2071 2064
3 2063 2064 2056
3 2064 2072 2073
3 2064 2073 2065
3 2065 2073 2074
3 2065 2074 2066
3 2066 2074 2075
3 2066 2075 2067
3 2067 2075 2076
3 2067 2076 2068
3 2068 2076 2077
3 2068 2077 2069
3 2069 2077 2078
3 2069 2078 2070
3 2070 2078 2079
3 2070 2079 2071
3 2071 2079 2072
3 2071 2072 2064
3 2072 2080 2081
3 2072 2081 2073
3 2073 2081 2082
3 2073 2082 2074
3 2074 2082 2083
3 2074 2083 2075
3 2075 2083 2084
3 2075 2084 2076
3 2076 2084 2085
3 2076 2085 2077
3 2077 2085 2086
3 2077 2086 2078
3 2078 2086 2087
3 2078 2087 2079
3 2079 2087 2080
3 2079 2080 2072
3 2080 2088 2089
3 2080 2089 2081
3 2081 2089 2090
3 2081 2090 2082
3 2082 2090 2091
3 2082 2091 2083
3 2083 2091 2092
3 2083 2092 2084
3 2084 2092 2093
3 2084 2093 2085
3 2085 2093 2094
3 2085 2094 2086
3 2086 2094 2095
3 2086 2095 2087
3 2087 2095 2088
3 2087 2088 2080
3 2088 2096 2097
3 2088 2097 2089
3 2089 2097 2098
3 2089 2098 2090
3 2090 2098 2099
3 2090 2099 2091
3 2091 2099 2100
3 2091 2100 2092
3 2092 2100 2101
3 2092 2101 2093
3 2093 2101 2102
3 2093 2102 2094
3 2094 2102 2103
3 2094 2103 2095
3 2095 2103 2096
3 2095 2096 2088
3 2096 2104 2105
3 2096 2105 2097
3 2097 2105 2106
3 2097 2106 2098
3 2098 2106 2107
3 2098 2107 2099
3 2099 2107 2108
3 2099 2108 2100
3 2100 2108 2109
3 2100 2109 2101
3 2101 2109 2110
3 2101 2110 2102
3 2102 2110 2111
3 2102 2111 2103
3 2103 2111 2104
3 2103 2104 2096
3 2104 2112 2113
3 2104 2113 2105
3 2105 2113 2114
3 2105 2114 2106
3 2106 2114 2115
3 2106 2115 2107
3 2107 2115 2116
3 2107 2116 2108
3 2108 2116 2117
3 2108 2117 2109
3 2109 2117 2118
3 2109 2118 2110
3 2110 2118 2119
3 2110 2119 2111
3 2111 2119 2112
3 2111 2112 2104
3 2112 2120 2121
3 2112 2121 2113
3 2113 2121 2122
3 2113 2122 2114
3 2114 2122 2123
3 2114 2123 2115
3 2115 2123 2124
3 2115 2124 2116
3 2116 2124 2125
3 2116 2125 2117
3 2117 2125 2126
3 2117 2126 2118
3 2118 2126 2127
3 2118 2127 2119
3 2119 2127 2120
3 2119 2120 2112
3 2120 2128 2129
3 2120 2129 2121
3 2121 2129 2130
3 2121 2130 2122
3 2122 2130 2131
3 2122 2131 2123
3 2123 2131 2132
3 2123 2132 2124
3 2124 2132 2133
3 2124 2133 2125
3 2125 2133 2134
3 2125 2134 2126
3 2126 2134 2135
3 2126 2135 2127
3 2127 2135 2128
3 2127 2128 2120
3 2128 2136 2137
3 2128 2137 2129
3 2129 2137 2138
3 2129 2138 2130
3 2130 2138 2139
3 2130 2139 2131
3 2131 2139 2140
3 2131 2140 2132
3 2132 2140 2141
3 2132 2141 2133
3 2133 2141 2142
3 2133 2142 2134
3 2134 2142 2143
3 2134 2143 2135
3 2135 2143 2136
3 2135 2136 2128
3 2136 2144 2145
3 2136 2145 2137
3 2137 2145 2146
3 2137 2146 2138
3 2138 2146 2147
3 2138 2147 2139
3 2139 2147 2148
3 2139 2148 2140
3 2140 2148 2149
3 2140 2149 2141
3 2141 2149 2150
3 2141 2150 2142
3 2142 2150 2151
3 2142 2151 2143
3 2143 2151 2144
3 2143 2144 2136
3 2144 2152 2153
3 2144 2153 2145
3 2145 2153 2154
3 2145 2154 2146
3 2146 2154 2155
3 2146 2155 2147
3 2147 2155 2156
3 2147 2156 2148
3 2148 2156 2157
3 2148 2157 2149
3 2149 2157 2158
3 2149 2158 2150
3 2150 2158 2159
3 2150 2159 2151
3 2151 2159 2152
3 2151 2152 2144
3 2152 2160 2161
3 2152 2161 2153
3 2153 2161 2162
3 2153 2162 2154
3 2154 2162 2163
3 2154 2163 2155
3 2155 2163 2164
3 2155 2164 2156
3 2156 2164 2165
3 2156 2165 2157
3 2157 2165 2166
3 2157 2166 2158
3 2158 2166 2167
3 2158 2167 2159
3 2159 2167 2160
3 2159 2160 2152
3 2160 2168 2169
3 2160 2169 2161
3 2161 2169 2170
3 2161 2170 2162
3 2162 2170 2171
3 2162 2171 2163
3 2163 2171 2172
3 2163 2172 2164
3 2164 2172 2173
3 2164 2173 2165
3 2165 2173 2174
3 2165 2174 2166
3 2166 2174 2175
3 2166 2175 2167
3 2167 2175 2168
3 2167 2168 2160
3 2168 2176 2177
3 2168 2177 2169
3 2169 2177 2178
3 2169 2178 2170
3 2170 2178 2179
3 2170 2179 2171
3 2171 2179 2180
3 2171 2180 2172
3 2172 2180 2181
3 2172 2181 2173
3 2173 2181 2182
3 2173 2182 2174
3 2174 2182 2183
3 2174 2183 2175
3 2175 2183 2176
3 2175 2176 2168
3 2176 2184 2185
3 2176 2185 2177
3 2177 2185 2186
3 2177 2186 2178
3 2178 2186 2187
3 2178 2187 2179
3 2179 2187 2188
3 2179 2188 2180
3 2180 2188 2189
3 2180 2189 2181
3 2181 2189 2190
3 2181 2190 2182
3 2182 2190 2191
3 2182 2191 2183
3 2183 2191 2184
3 2183 2184 2176
3 2184 2192 2193
3 2184 2193 2185
3 2185 2193 2194
3 2185 2194 2186
3 2186 2194 2195
3 2186 2195 2187
3 2187 2195 2196
3 2187 2196 2188
3 2188 2196 2197
3 2188 2197 2189
3 2189 2197 2198
3 2189 2198 2190
3 2190 2198 2199
3 2190 2199 2191
3 2191 2199 2192
3 2191 2192 2184
3 2192 2200 2201
3 2192 2201 2193
3 2193 2201 2202
3 2193 2202 2194
3 2194 2202 2203
3 2194 2203 2195
3 2195 2203 2204
3 2195 2204 2196
3 2196 2204 2205
3 2196 2205 2197
3 2197 2205 2206
3 2197 2206 2198
3 2198 2206 2207
3 2198 2207 2199
3 2199 2207 2200
3 2199 2200 2192
3 2200 2208 2209
3 2200 2209 2201
3 2201 2209 2210
3 2201 2210 2202
3 2202 2210 2211
3 2202 2211 2203
3 2203 2211 2212
3 2203 2212 2204
3 2204 2212 2213
3 2204 2213 2205
3 2205 2213 2214
3 2205 2214 2206
3 2206 2214 2215
3 2206 2215 2207
3 2207 2215 2208
3 2207 2208 2200
3 2208 2216 2217
3 2208 2217 2209
3 2209 2217 2218
3 2209 2218 2210
3 2210 2218 2219
3 2210 2219 2211
3 2211 2219 2220
3 2211 2220 2212
3 2212 2220 2221
3 2212 2221 2213
3 2213 2221 2222
3 2213 2222 2214
3 2214 2222 2223
3 2214 2223 2215
3 2215 2223 2216
3 2215 2216 2208
3 2216 2224 2225
3 2216 2225 2217
3 2217 2225 2226
3 2217 2226 2218
3 2218 2226 2227
3 2218 2227 2219
3 2219 2227 2228
3 2219 2228 2220
3 2220 2228 2229
3 2220 2229 2221
3 2221 2229 2230
3 2221 2230 2222
3 2222 2230 2231
3 2222 2231 2223
3 2223 2231 2224
3 2223 2224 2216
3 2224 2232 2233
3 2224 2233 2225
3 2225 2233 2234
3 2225 2234 2226
3 2226 2234 2235
3 2226 2235 2227
3 2227 2235 2236
3 2227 2236 2228
3 2228 2236 2237
3 2228 2237 2229
3 2229 2237 2238
3 2229 2238 2230
3 2230 2238 2239
3 2230 2239 2231
3 2231 2239 2232
3 2231 2232 2224
3 2232 2240 2241
3 2232 2241 2233
3 2233 2241 2242
3 2233 2242 2234
3 2234 2242 2243
3 2234 2243 2235
3 2235 2243 2244
3 2235 2244 2236
3 2236 2244 2245
3 2236 2245 2237
3 2237 2245 2246
3 2237 2246 2238
3 2238 2246 2247
3 2238 2247 2239
3 2239 2247 2240
3 2239 2240 2232
3 2240 2248 2249
3 2240 2249 2241
3 2241 2249 2250
3 2241 2250 2242
3 2242 2250 2251
3 2242 2251 2243
3 2243 2251 2252
3 2243 2252 2244
3 2244 2252 2253
3 2244 2253 2245
3 2245 2253 2254
3 2245 2254 2246
3 2246 2254 2255
3 2246 2255 2247
3 2247 2255 2248
3 2247 2248 2240
3 2248 2256 2257
3 2248 2257 2249
3 2249 2257 2258
3 2249 2258 2250
3 2250 2258 2259
3 2250 2259 2251
3 2251 2259 2260
3 2251 2260 2252
3 2252 2260 2261
3 2252 2261 2253
3 2253 2261 2262
3 2253 2262 2254
3 2254 2262 2263
3 2254 2263 2255
3 2255 2263 2256
3 2255 2256 2248
3 2256 2264 2265
3 2256 2265 2257
3 2257 2265 2266
3 2257 2266 2258
3 2258 2266 2267
3 2258 2267 2259
3 2259 2267 2268
3 2259 2268 2260
3 2260 2268 2269
3 2260 2269 2261
3 2261 2269 2270
3 2261 2270 2262
3 2262 2270 2271
3 2262 2271 2263
3 2263 2271 2264
3 2263 2264 2256
3 2264 2272 2273
3 2264 2273 2265
3 2265 2273 2274
3 2265 2274 2266
3 2266 2274 2275
3 2266 2275 2267
3 2267 2275 2276
3 2267 2276 2268
3 2268 2276 2277
3 2268 2277 2269
3 2269 2277 2278
3 2269 2278 2270
3 2270 2278 2279
3 2270 2279 2271
3 2271 2279 2272
3 2271 2272 2264
3 2272 2280 2281
3 2272 2281 2273
3 2273 2281 2282
3 2273 2282 2274
3 2274 2282 2283
3 2274 2283 2275
3 2275 2283 2284
3 2275 2284 2276
3 2276 2284 2285
3 2276 2285 2277
3 2277 2285 2286
3 2277 2286 2278
3 2278 2286 2287
3 2278 2287 2279
3 2279 2287 2280
3 2279 2280 2272
3 2280 2288 2289
3 2280 2289 2281
3 2281 2289 2290
3 2281 2290 2282
3 2282 2290 2291
3 2282 2291 2283
3 2283 2291 2292
3 2283 2292 2284
3 2284 2292 2293
3 2284 2293 2285
3 2285 2293 2294
3 2285 2294 2286
3 2286 2294 2295
3 2286 2295 2287
3 2287 2295 2288
3 2287 2288 2280
3 2288 2296 2297
3 2288 2297 2289
3 2289 2297 2298
3 2289 2298 2290
3 2290 2298 2299
3 2290 2299 2291
3 2291 2299 2300
3 2291 2300 2292
3 2292 2300 2301
3 2292 2301 2293
3 2293 2301 2302
3 2293 2302 2294
3 2294 2302 2303
3 2294 2303 2295
3 2295 2303 2296
3 2295 2296 2288
3 2296 2304 2305
3 2296 2305 2297
3 2297 2305 2306
3 2297 2306 2298
3 2298 2306 2307
3 2298 2307 2299
3 2299 2307 2308
3 2299 2308 2300
3 2300 2308 2309
3 2300 2309 2301
3 2301 2309 2310
3 2301 2310 2302
3 2302 2310 2311
3 2302 2311 2303
3 2303 2311 2304
3 2303 2304 2296
3 2304 2312 2313
3 2304 2313 2305
3 2305 2313 2314
3 2305 2314 2306
3 2306 2314 2315
3 2306 2315 2307
3 2307 2315 2316
3 2307 2316 2308
3 2308 2316 2317
3 2308 2317 2309
3 2309 2317 2318
3 2309 2318 2310
3 2310 2318 2319
3 2310 2319 2311
3 2311 2319 2312
3 2311 2312 2304
3 2312 2320 2321
3 2312 2321 2313
3 2313 2321 2322
3 2313 2322 2314
3 2314 2322 2323
3 2314 2323 2315
3 2315 2323 2324
3 2315 2324 2316
3 2316 2324 2325
3 2316 2325 2317
3 2317 2325 2326
3 2317 2326 2318
3 2318 2326 2327
3 2318 2327 2319
3 2319 2327 2320
3 2319 2320 2312
3 2320 2328 2329
3 2320 2329 2321
3 2321 2329 2330
3 2321 2330 2322
3 2322 2330 2331
3 2322 2331 2323
3 2323 2331 2332
3 2323 2332 2324
3 2324 2332 2333
3 2324 2333 2325
3 2325 2333 2334
3 2325 2334 2326
3 2326 2334 2335
3 2326 2335 2327
3 2327 2335 2328
3 2327 2328 2320
3 2328 2336 2337
3 2328 2337 2329
3 2329 2337 2338
3 2329 2338 2330
3 2330 2338 2339
3 2330 2339 2331
3 2331 2339 2340
3 2331 2340 2332
3 2332 2340 2341
3 2332 2341 2333
3 2333 2341 2342
3 2333 2342 2334
3 2334 2342 2343
3 2334 2343 2335
3 2335 2343 2336
3 2335 2336 2328
3 2336 2344 2345
3 2336 2345 2337
3 2337 2345 2346
3 2337 2346 2338
3 2338 2346 2347
3 2338 2347 2339
3 2339 2347 2348
3 2339 2348 2340
3 2340 2348 2349
3 2340 2349 2341
3 2341 2349 2350
3 2341 2350 2342
3 2342 2350 2351
3 2342 2351 2343
3 2343 2351 2344
3 2343 2344 2336
3 2344 2352 2353
3 2344 2353 2345
3 2345 2353 2354
3 2345 2354 2346
3 2346 2354 2355
3 2346 2355 2347
3 2347 2355 2356
3 2347 2356 2348
3 2348 2356 2357
3 2348 2357 2349
3 2349 2357 2358
3 2349 2358 2350
3 2350 2358 2359
3 2350 2359 2351
3 2351 2359 2352
3 2351 2352 2344
3 2352 2360 2361
3 2352 2361 2353
3 2353 2361 2362
3 2353 2362 2354
3 2354 2362 2363
3 2354 2363 2355
3 2355 2363 2364
3 2355 2364 2356
3 2356 2364 2365
3 2356 2365 2357
3 2357 2365 2366
3 2357 2366 2358
3 2358 2366 2367
3 2358 2367 2359
3 2359 2367 2360
3 2359 2360 2352
3 2360 2368 2369
3 2360 2369 2361
3 2361 2369 2370
3 2361 2370 2362
3 2362 2370 2371
3 2362 2371 2363
3 2363 2371 2372
3 2363 2372 2364
3 2364 2372 2373
3 2364 2373 2365
3 2365 2373 2374
3 2365 2374 2366
3 2366 2374 2375
3 2366 2375 2367
3 2367 2375 2368
3 2367 2368 2360
3 2368 2376 2377
3 2368 2377 2369
3 2369 2377 2378
3 2369 2378 2370
3 2370 2378 2379
3 2370 2379 2371
3 2371 2379 2380
3 2371 2380 2372
3 2372 2380 2381
3 2372 2381 2373
3 2373 2381 2382
3 2373 2382 2374
3 2374 2382 2383
3 2374 2383 2375
3 2375 2383 2376
3 2375 2376 2368
3 2376 2384 2385
3 2376 2385 2377
3 2377 2385 2386
3 2377 2386 2378
3 2378 2386 2387
3 2378 2387 2379
3 2379 2387 2388
3 2379 2388 2380
3 2380 2388 2389
3 2380 2389 2381
3 2381 2389 2390
3 2381 2390 2382
3 2382 2390 2391
3 2382 2391 2383
3 2383 2391 2384
3 2383 2384 2376
3 2384 2392 2393
3 2384 2393 2385
3 2385 2393 2394
3 2385 2394 2386
3 2386 2394 2395
3 2386 2395 2387
3 2387 2395 2396
3 2387 2396 2388
3 2388 2396 2397
3 2388 2397 2389
3 2389 2397 2398
3 2389 2398 2390
3 2390 2398 2399
3 2390 2399 2391
3 2391 2399 2392
3 2391 2392 2384
3 2392 2400 2401
3 2392 2401 2393
3 2393 2401 2402
3 2393 2402 2394
3 2394 2402 2403
3 2394 2403 2395
3 2395 2403 2404
3 2395 2404 2396
3 2396 2404 2405
3 2396 2405 2397
3 2397 2405 2406
3 2397 2406 2398
3 2398 2406 2407
3 2398 2407 2399
3 2399 2407 2400
3 2399 2400 2392
3 2400 2408 2409
3 2400 2409 2401
3 2401 2409 2410
3 2401 2410 2402
3 2402 2410 2411
3 2402 2411 2403
3 2403 2411 2412
3 2403 2412 2404
3 2404 2412 2413
3 2404 2413 2405
3 2405 2413 2414
3 2405 2414 2406
3 2406 2414 2415
3 2406 2415 2407
3 2407 2415 2408
3 2407 2408 2400
3 2408 2416 2417
3 2408 2417 2409
3 2409 2417 2418
3 2409 2418 2410
3 2410 2418 2419
3 2410 2419 2411
3 2411 2419 2420
3 2411 2420 2412
3 2412 2420 2421
3 2412 2421 2413
3 2413 2421 2422
3 2413 2422 2414
3 2414 2422 2423
3 2414 2423 2415
3 2415 2423 2416
3 2415 2416 2408
3 2416 2424 2425
3 2416 2425 2417
3 2417 2425 2426
3 2417 2426 2418
3 2418 2426 2427
3 2418 2427 2419
3 2419 2427 2428
3 2419 2428 2420
3 2420 2428 2429
3 2420 2429 2421
3 2421 2429 2430
3 2421 2430 2422
3 2422 2430 2431
3 2422 2431 2423
3 2423 2431 2424
3 2423 2424 2416
3 2424 2432 2433
3 2424 2433 2425
3 2425 2433 2434
3 2425 2434 2426
3 2426 2434 2435
3 2426 2435 2427
3 2427 2435 2436
3 2427 2436 2428
3 2428 2436 2437
3 2428 2437 2429
3 2429 2437 2438
3 2429 2438 2430
3 2430 2438 2439
3 2430 2439 2431
3 2431 2439 2432
3 2431 2432 2424
3 2432 2440 2441
3 2432 2441 2433
3 2433 2441 2442
3 2433 2442 2434
3 2434 2442 2443
3 2434 2443 2435
3 2435 2443 2444
3 2435 2444 2436
3 2436 2444 2445
3 2436 2445 2437
3 2437 2445 2446
3 2437 2446 2438
3 2438 2446 2447
3 2438 2447 2439
3 2439 2447 2440
3 2439 2440 2432
3 2440 2448 2449
3 2440 2449 2441
3 2441 2449 2450
3 2441 2450 2442
3 2442 2450 2451
3 2442 2451 2443
3 2443 2451 2452
3 2443 2452 2444
3 2444 2452 2453
3 2444 2453 2445
3 2445 2453 2454
3 2445 2454 2446
3 2446 2454 2455
3 2446 2455 2447
3 2447 2455 2448
3 2447 2448 2440
3 2448 2456 2457
3 2448 2457 2449
3 2449 2457 2458
3 2449 2458 2450
3 2450 2458 2459
3 2450 2459 2451
3 2451 2459 2460
3 2451 2460 2452
3 2452 2460 2461
3 2452 2461 2453
3 2453 2461 2462
3 2453 2462 2454
3 2454 2462 2463
3 2454 2463 2455
3 2455 2463 2456
3 2455 2456 2448
3 2456 2464 2465
3 2456 2465 2457
3 2457 2465 2466
3 2457 2466 2458
3 2458 2466 2467
3 2458 2467 2459
3 2459 2467 2468
3 2459 2468 2460
3 2460 2468 2469
3 2460 2469 2461
3 2461 2469 2470
3 2461 2470 2462
3 2462 2470 2471
3 2462 2471 2463
3 2463 2471 2464
3 2463 2464 2456
3 2464 2472 2473
3 2464 2473 2465
3 2465 2473 2474
3 2465 2474 2466
3 2466 2474 2475
3 2466 2475 2467
3 2467 2475 2476
3 2467 2476 2468
3 2468 2476 2477
3 2468 2477 2469
3 2469 2477 2478
3 2469 2478 2470
3 2470 2478 2479
3 2470 2479 2471
3 2471 2479 2472
3 2471 2472 2464
3 2472 2480 2481
3 2472 2481 2473
3 2473 2481 2482
3 2473 2482 2474
3 2474 2482 2483
3 2474 2483 2475
3 2475 2483 2484
3 2475 2484 2476
3 2476 2484 2485
3 2476 2485 2477
3 2477 2485 2486
3 2477 2486 2478
3 2478 2486 2487
3 2478 2487 2479
3 2479 2487 2480
3 2479 2480 2472
3 2480 2488 2489
3 2480 2489 2481
3 2481 2489 2490
3 2481 2490 2482
3 2482 2490 2491
3 2482 2491 2483
3 2483 2491 2492
3 2483 2492 2484
3 2484 2492 2493
3 2484 2493 2485
3 2485 2493 2494
3 2485 2494 2486
3 2486 2494 2495
3 2486 2495 2487
3 2487 2495 2488
3 2487 2488 2480
3 2488 2496 2497
3 2488 2497 2489
3 2489 2497 2498
3 2489 2498 2490
3 2490 2498 2499
3 2490 2499 2491
3 2491 2499 2500
3 2491 2500 2492
3 2492 2500 2501
3 2492 2501 2493
3 2493 2501 2502
3 2493 2502 2494
3 2494 2502 2503
3 2494 2503 2495
3 2495 2503 2496
3 2495 2496 2488
3 2496 2504 2505
3 2496 2505 2497
3 2497 2505 2506
3 2497 2506 2498
3 2498 2506 2507
3 2498 2507 2499
3 2499 2507 2508
3 2499 2508 2500
3 2500 2508 2509
3 2500 2509 2501
3 2501 2509 2510
3 2501 2510 2502
3 2502 2510 2511
3 2502 2511 2503
3 2503 2511 2504
3 2503 2504 2496
3 2504 2512 2513
3 2504 2513 2505
3 2505 2513 2514
3 2505 2514 2506
3 2506 2514 2515
3 2506 2515 2507
3 2507 2515 2516
3 2507 2516 2508
3 2508 2516 2517
3 2508 2517 2509
3 2509 2517 2518
3 2509 2518 2510
3 2510 2518 2519
3 2510 2519 2511
3 2511 2519 2512
3 2511 2512 2504
3 2512 2520 2521
3 2512 2521 2513
3 2513 2521 2522
3 2513 2522 2514
3 2514 2522 2523
3 2514 2523 2515
3 2515 2523 2524
3 2515 2524 2516
3 2516 2524 2525
3 2516 2525 2517
3 2517 2525 2526
3 2517 2526 2518
3 2518 2526 2527
3 2518 2527 2519
3 2519 2527 2520
3 2519 2520 2512
3 2520 2528 2529
3 2520 2529 2521
3 2521 2529 2530
3 2521 2530 2522
3 2522 2530 2531
3 2522 2531 2523
3 2523 2531 2532
3 2523 2532 2524
3 2524 2532 2533
3 2524 2533 2525
3 2525 2533 2534
3 2525 2534 2526
3 2526 2534 2535
3 2526 2535 2527
3 2527 2535 2528
3 2527 2528 2520
3 2528 2536 2537
3 2528 2537 2529
3 2529 2537 2538
3 2529 2538 2530
3 2530 2538 2539
3 2530 2539 2531
3 2531 2539 2540
3 2531 2540 2532
3 2532 2540 2541
3 2532 2541 2533
3 2533 2541 2542
3 2533 2542 2534
3 2534 2542 2543
3 2534 2543 2535
3 2535 2543 2536
3 2535 2536 2528
3 2536 2544 2545
3 2536 2545 2537
3 2537 2545 2546
3 2537 2546 2538
3 2538 2546 2547
3 2538 2547 2539
3 2539 2547 2548
3 2539 2548 2540
3 2540 2548 2549
3 2540 2549 2541
3 2541 2549 2550
3 2541 2550 2542
3 2542 2550 2551
3 2542 2551 2543
3 2543 2551 2544
3 2543 2544 2536
3 2544 2552 2553
3 2544 2553 2545
3 2545 2553 2554
3 2545 2554 2546
3 2546 2554 2555
3 2546 2555 2547
3 2547 2555 2556
3 2547 2556 2548
3 2548 2556 2557
3 2548 2557 2549
3 2549 2557 2558
3 2549 2558 2550
3 2550 2558 2559
3 2550 2559 2551
3 2551 2559 2552
3 2551 2552 2544
3 2552 2560 2561
3 2552 2561 2553
3 2553 2561 2562
3 2553 2562 2554
3 2554 2562 2563
3 2554 2563 2555
3 2555 2563 2564
3 2555 2564 2556
3 2556 2564 2565
3 2556 2565 2557
3 2557 2565 2566
3 2557 2566 2558
3 2558 2566 2567
3 2558 2567 2559
3 2559 2567 2560
3 2559 2560 2552
3 2560 2568 2569
3 2560 2569 2561
3 2561 2569 2570
3 2561 2570 2562
3 2562 2570 2571
3 2562 2571 2563
3 2563 2571 2572
3 2563 2572 2564
3 2564 2572 2573
3 2564 2573 2565
3 2565 2573 2574
3 2565 2574 2566
3 2566 2574 2575
3 2566 2575 2567
3 2567 2575 2568
3 2567 2568 2560
3 2568 2576 2577
3 2568 2577 2569
3 2569 2577 2578
3 2569 2578 2570
3 2570 2578 2579
3 2570 2579 2571
3 2571 2579 2580
3 2571 2580 2572
3 2572 2580 2581
3 2572 2581 2573
3 2573 2581 2582
3 2573 2582 2574
3 2574 2582 2583
3 2574 2583 2575
3 2575 2583 2576
3 2575 2576 2568
3 2576 2584 2585
3 2576 2585 2577
3 2577 2585 2586
3 2577 2586 2578
3 2578 2586 2587
3 2578 2587 2579
3 2579 2587 2588
3 2579 2588 2580
3 2580 2588 2589
3 2580 2589 2581
3 2581 2589 2590
3 2581 2590 2582
3 2582 2590 2591
3 2582 2591 2583
3 2583 2591 2584
3 2583 2584 2576
3 2584 2592 2593
3 2584 2593 2585
3 2585 2593 2594
3 2585 2594 2586
3 2586 2594 2595
3 2586 2595 2587
3 2587 2595 2596
3 2587 2596 2588
3 2588 2596 2597
3 2588 2597 2589
3 2589 2597 2598
3 2589 2598 2590
3 2590 2598 2599
3 2590 2599 2591
3 2591 2599 2592
3 2591 2592 2584
3 2592 2600 2601
3 2592 2601 2593
3 2593 2601 2602
3 2593 2602 2594
3 2594 2602 2603
3 2594 2603 2595
3 2595 2603 2604
3 2595 2604 2596
3 2596 2604 2605
3 2596 2605 2597
3 2597 2605 2606
3 2597 2606 2598
3 2598 2606 2607
3 2598 2607 2599
3 2599 2607 2600
3 2599 2600 2592
3 2600 2608 2609
3 2600 2609 2601
3 2601 2609 2610
3 2601 2610 2602
3 2602 2610 2611
3 2602 2611 2603
3 2603 2611 2612
3 2603 2612 2604
3 2604 2612 2613
3 2604 2613 2605
3 2605 2613 2614
3 2605 2614 2606
3 2606 2614 2615
3 2606 2615 2607
3 2607 2615 2608
3 2607 2608 2600
3 2608 2616 2617
3 2608 2617 2609
3 2609 2617 2618
3 2609 2618 2610
3 2610 2618 2619
3 2610 2619 2611
3 2611 2619 2620
3 2611 2620 2612
3 2612 2620 2621
3 2612 2621 2613
3 2613 2621 2622
3 2613 2622 2614
3 2614 2622 2623
3 2614 2623 2615
3 2615 2623 2616
3 2615 2616 2608
3 2616 2624 2625
3 2616 2625 2617
3 2617 2625 2626
3 2617 2626 2618
3 2618 2626 2627
3 2618 2627 2619
3 2619 2627 2628
3 2619 2628 2620
3 2620 2628 2629
3 2620 2629 2621
3 2621 2629 2630
3 2621 2630 2622
3 2622 2630 2631
3 2622 2631 2623
3 2623 2631 2624
3 2623 2624 2616
3 2624 2632 2633
3 2624 2633 2625
3 2625 2633 2634
3 2625 2634 2626
3 2626 2634 2635
3 2626 2635 2627
3 2627 2635 2636
3 2627 2636 2628
3 2628 2636 2637
3 2628 2637 2629
3 2629 2637 2638
3 2629 2638 2630
3 2630 2638 2639
3 2630 2639 2631
3 2631 2639 2632
3 2631 2632 2624
3 2632 2640 2641
3 2632 2641 2633
3 2633 2641 2642
3 2633 2642 2634
3 2634 2642 2643
3 2634 2643 2635
3 2635 2643 2644
3 2635 2644 2636
3 2636 2644 2645
3 2636 2645 2637
3 2637 2645 2646
3 2637 2646 2638
3 2638 2646 2647
3 2638 2647 2639
3 2639 2647 2640
3 2639 2640 2632
3 2640 2648 2649
3 2640 2649 2641
3 2641 2649 2650
3 2641 2650 2642
3 2642 2650 2651
3 2642 2651 2643
3 2643 2651 2652
3 2643 2652 2644
3 2644 2652 2653
3 2644 2653 2645
3 2645 2653 2654
3 2645 2654 2646
3 2646 2654 2655
3 2646 2655 2647
3 2647 2655 2648
3 2647 2648 2640
3 2648 2656 2657
3 2648 2657 2649
3 2649 2657 2658
3 2649 2658 2650
3 2650 2658 2659
3 2650 2659 2651
3 2651 2659 2660
3 2651 2660 2652
3 2652 2660 2661
3 2652 2661 2653
3 2653 2661 2662
3 2653 2662 2654
3 2654 2662 2663
3 2654 2663 2655
3 2655 2663 2656
3 2655 2656 2648
3 2656 2664 2665
3 2656 2665 2657
3 2657 2665 2666
3 2657 2666 2658
3 2658 2666 2667
3 2658 2667 2659
3 2659 2667 2668
3 2659 2668 2660
3 2660 2668 2669
3 2660 2669 2661
3 2661 2669 2670
3 2661 2670 2662
3 2662 2670 2671
3 2662 2671 2663
3 2663 2671 2664
3 2663 2664 2656
3 2664 2672 2673
3 2664 2673 2665
3 2665 2673 2674
3 2665 2674 2666
3 2666 2674 2675
3 2666 2675 2667
3 2667 2675 2676
3 2667 2676 2668
3 2668 2676 2677
3 2668 2677 2669
3 2669 2677 2678
3 2669 2678 2670
3 2670 2678 2679
3 2670 2679 2671
3 2671 2679 2672
3 2671 2672 2664
3 2672 2680 2681
3 2672 2681 2673
3 2673 2681 2682
3 2673 2682 2674
3 2674 2682 2683
3 2674 2683 2675
3 2675 2683 2684
3 2675 2684 2676
3 2676 2684 2685
3 2676 2685 2677
3 2677 2685 2686
3 2677 2686 2678
3 2678 2686 2687
3 2678 2687 2679
3 2679 2687 2680
3 2679 2680 2672
3 2680 2688 2689
3 2680 2689 2681
3 2681 2689 2690
3 2681 2690 2682
3 2682 2690 2691
3 2682 2691 2683
3 2683 2691 2692
3 2683 2692 2684
3 2684 2692 2693
3 2684 2693 2685
3 2685 2693 2694
3 2685 2694 2686
3 2686 2694 2695
3 2686 2695 2687
3 2687 2695 2688
3 2687 2688 2680
3 2688 2696 2697
3 2688 2697 2689
3 2689 2697 2698
3 2689 2698 2690
3 2690 2698 2699
3 2690 2699 2691
3 2691 2699 2700
3 2691 2700 2692
3 2692 2700 2701
3 2692 2701 2693
3 2693 2701 2702
3 2693 2702 2694
3 2694 2702 2703
3 2694 2703 2695
3 2695 2703 2696
3 2695 2696 2688
3 2696 2704 2705
3 2696 2705 2697
3 2697 2705 2706
3 2697 2706 2698
3 2698 2706 2707
3 2698 2707 2699
3 2699 2707 2708
3 2699 2708 2700
3 2700 2708 2709
3 2700 2709 2701
3 2701 2709 2710
3 2701 2710 2702
3 2702 2710 2711
3 2702 2711 2703
3 2703 2711 2704
3 2703 2704 2696
3 2704 2712 2713
3 2704 2713 2705
3 2705 2713 2714
3 2705 2714 2706
3 2706 2714 2715
3 2706 2715 2707
3 2707 2715 2716
3 2707 2716 2708
3 2708 2716 2717
3 2708 2717 2709
3 2709 2717 2718
3 2709 2718 2710
3 2710 2718 2719
3 2710 2719 2711
3 2711 2719 2712
3 2711 2712 2704
3 2712 2720 2721
3 2712 2721 2713
3 2713 2721 2722
3 2713 2722 2714
3 2714 2722 2723
3 2714 2723 2715
3 2715 2723 2724
3 2715 2724 2716
3 2716 2724 2725
3 2716 2725 2717
3 2717 2725 2726
3 2717 2726 2718
3 2718 2726 2727
3 2718 2727 2719
3 2719 2727 2720
3 2719 2720 2712
3 2720 2728 2729
3 2720 2729 2721
3 2721 2729 2730
3 2721 2730 2722
3 2722 2730 2731
3 2722 2731 2723
3 2723 2731 2732
3 2723 2732 2724
3 2724 2732 2733
3 2724 2733 2725
3 2725 2733 2734
3 2725 2734 2726
3 2726 2734 2735
3 2726 2735 2727
3 2727 2735 2728
3 2727 2728 2720
3 2728 2736 2737
3 2728 2737 2729
3 2729 2737 2738
3 2729 2738 2730
3 2730 2738 2739
3 2730 2739 2731
3 2731 2739 2740
3 2731 2740 2732
3 2732 2740 2741
3 2732 2741 2733
3 2733 2741 2742
3 2733 2742 2734
3 2734 2742 2743
3 2734 2743 2735
3 2735 2743 2736
3 2735 2736 2728
3 2736 2744 2745
3 2736 2745 2737
3 2737 2745 2746
3 2737 2746 2738
3 2738 2746 2747
3 2738 2747 2739
3 2739 2747 2748
3 2739 2748 2740
3 2740 2748 2749
3 2740 2749 2741
3 2741 2749 2750
3 2741 2750 2742
3 2742 2750 2751
3 2742 2751 2743
3 2743 2751 2744
3 2743 2744 2736
3 2744 2752 2753
3 2744 2753 2745
3 2745 2753 2754
3 2745 2754 2746
3 2746 2754 2755
3 2746 2755 2747
3 2747 2755 2756
3 2747 2756 2748
3 2748 2756 2757
3 2748 2757 2749
3 2749 2757 2758
3 2749 2758 2750
3 2750 2758 2759
3 2750 2759 2751
3 2751 2759 2752
3 2751 2752 2744
3 2752 2760 2761
3 2752 2761 2753
3 2753 2761 2762
3 2753 2762 2754
3 2754 2762 2763
3 2754 2763 2755
3 2755 2763 2764
3 2755 2764 2756
3 2756 2764 2765
3 2756 2765 2757
3 2757 2765 2766
3 2757 2766 2758
3 2758 2766 2767
3 2758 2767 2759
3 2759 2767 2760
3 2759 2760 2752
3 2760 2768 2769
3 2760 2769 2761
3 2761 2769 2770
3 2761 2770 2762
3 2762 2770 2771
3 2762 2771 2763
3 2763 2771 2772
3 2763 2772 2764
3 2764 2772 2773
3 2764 2773 2765
3 2765 2773 2774
3 2765 2774 2766
3 2766 2774 2775
3 2766 2775 2767
3 2767 2775 2768
3 2767 2768 2760
3 2768 2776 2777
3 2768 2777 2769
3 2769 2777 2778
3 2769 2778 2770
3 2770 2778 2779
3 2770 2779 2771
3 2771 2779 2780
3 2771 2780 2772
3 2772 2780 2781
3 2772 2781 2773
3 2773 2781 2782
3 2773 2782 2774
3 2774 2782 2783
3 2774 2783 2775
3 2775 2783 2776
3 2775 2776 2768
3 2776 2784 2785
3 2776 2785 2777
3 2777 2785 2786
3 2777 2786 2778
3 2778 2786 2787
3 2778 2787 2779
3 2779 2787 2788
3 2779 2788 2780
3 2780 2788 2789
3 2780 2789 2781
3 2781 2789 2790
3 2781 2790 2782
3 2782 2790 2791
3 2782 2791 2783
3 2783 2791 2784
3 2783 2784 2776
3 2784 2792 2793
3 2784 2793 2785
3 2785 2793 2794
3 2785 2794 2786
3 2786 2794 2795
3 2786 2795 2787
3 2787 2795 2796
3 2787 2796 2788
3 2788 2796 2797
3 2788 2797 2789
3 2789 2797 2798
3 2789 2798 2790
3 2790 2798 2799
3 2790 2799 2791
3 2791 2799 2792
3 2791 2792 2784
3 2792 2800 2801
3 2792 2801 2793
3 2793 2801 2802
3 2793 2802 2794
3 2794 2802 2803
3 2794 2803 2795
3 2795 2803 2804
3 2795 2804 2796
3 2796 2804 2805
3 2796 2805 2797
3 2797 2805 2806
3 2797 2806 2798
3 2798 2806 2807
3 2798 2807 2799
3 2799 2807 2800
3 2799 2800 2792
3 2800 2808 2809
3 2800 2809 2801
3 2801 2809 2810
3 2801 2810 2802
3 2802 2810 2811
3 2802 2811 2803
3 2803 2811 2812
3 2803 2812 2804
3 2804 2812 2813
3 2804 2813 2805
3 2805 2813 2814
3 2805 2814 2806
3 2806 2814 2815
3 2806 2815 2807
3 2807 2815 2808
3 2807 2808 2800
3 2808 2816 2817
3 2808 2817 2809
3 2809 2817 2818
3 2809 2818 2810
3 2810 2818 2819
3 2810 2819 2811
3 2811 2819 2820
3 2811 2820 2812
3 2812 2820 2821
3 2812 2821 2813
3 2813 2821 2822
3 2813 2822 2814
3 2814 2822 2823
3 2814 2823 2815
3 2815 2823 2816
3 2815 2816 2808
3 2816 2824 2825
3 2816 2825 2817
3 2817 2825 2826
3 2817 2826 2818
3 2818 2826 2827
3 2818 2827 2819
3 2819 2827 2828
3 2819 2828 2820
3 2820 2828 2829
3 2820 2829 2821
3 2821 2829 2830
3 2821 2830 2822
3 2822 2830 2831
3 2822 2831 2823
3 2823 2831 2824
3 2823 2824 2816
3 2824 2832 2833
3 2824 2833 2825
3 2825 2833 2834
3 2825 2834 2826
3 2826 2834 2835
3 2826 2835 2827
3 2827 2835 2836
3 2827 2836 2828
3 2828 2836 2837
3 2828 2837 2829
3 2829 2837 2838
3 2829 2838 2830
3 2830 2838 2839
3 2830 2839 2831
3 2831 2839 2832
3 2831 2832 2824
3 2832 2840 2841
3 2832 2841 2833
3 2833 2841 2842
3 2833 2842 2834
3 2834 2842 2843
3 2834 2843 2835
3 2835 2843 2844
3 2835 2844 2836
3 2836 2844 2845
3 2836 2845 2837
3 2837 2845 2846
3 2837 2846 2838
3 2838 2846 2847
3 2838 2847 2839
3 2839 2847 2840
3 2839 2840 2832
3 2840 2848 2849
3 2840 2849 2841
3 2841 2849 2850
3 2841 2850 2842
3 2842 2850 2851
3 2842 2851 2843
3 2843 2851 2852
3 2843 2852 2844
3 2844 2852 2853
3 2844 2853 2845
3 2845 2853 2854
3 2845 2854 2846
3 2846 2854 2855
3 2846 2855 2847
3 2847 2855 2848
3 2847 2848 2840
3 2848 2856 2857
3 2848 2857 2849
3 2849 2857 2858
3 2849 2858 2850
3 2850 2858 2859
3 2850 2859 2851
3 2851 2859 2860
3 2851 2860 2852
3 2852 2860 2861
3 2852 2861 2853
3 2853 2861 2862
3 2853 2862 2854
3 2854 2862 2863
3 2854 2863 2855
3 2855 2863 2856
3 2855 2856 2848
3 2856 2864 2865
3 2856 2865 2857
3 2857 2865 2866
3 2857 2866 2858
3 2858 2866 2867
3 2858 2867 2859
3 2859 2867 2868
3 2859 2868 2860
3 2860 2868 2869
3 2860 2869 2861
3 2861 2869 2870
3 2861 2870 2862
3 2862 2870 2871
3 2862 2871 2863
3 2863 2871 2864
3 2863 2864 2856
3 2864 2872 2873
3 2864 2873 2865
3 2865 2873 2874
3 2865 2874 2866
3 2866 2874 2875
3 2866 2875 2867
3 2867 2875 2876
3 2867 2876 2868
3 2868 2876 2877
3 2868 2877 2869
3 2869 2877 2878
3 2869 2878 2870
3 2870 2878 2879
3 2870 2879 2871
3 2871 2879 2872
3 2871 2872 2864
3 2872 2880 2881
3 2872 2881 2873
3 2873 2881 2882
3 2873 2882 2874
3 2874 2882 2883
3 2874 2883 2875
3 2875 2883 2884
3 2875 2884 2876
3 2876 2884 2885
3 2876 2885 2877
3 2877 2885 2886
3 2877 2886 2878
3 2878 2886 2887
3 2878 2887 2879
3 2879 2887 2880
3 2879 2880 2872
3 2880 2888 2889
3 2880 2889 2881
3 2881 2889 2890
3 2881 2890 2882
3 2882 2890 2891
3 2882 2891 2883
3 2883 2891 2892
3 2883 2892 2884
3 2884 2892 2893
3 2884 2893 2885
3 2885 2893 2894
3 2885 2894 2886
3 2886 2894 2895
3 2886 2895 2887
3 2887 2895 2888
3 2887 2888 2880
3 2888 2896 2897
3 2888 2897 2889
3 2889 2897 2898
3 2889 2898 2890
3 2890 2898 2899
3 2890 2899 2891
3 2891 2899 2900
3 2891 2900 2892
3 2892 2900 2901
3 2892 2901 2893
3 2893 2901 2902
3 2893 2902 2894
3 2894 2902 2903
3 2894 2903 2895
3 2895 2903 2896
3 2895 2896 2888
3 2896 2904 2905
3 2896 2905 2897
3 2897 2905 2906
3 2897 2906 2898
3 2898 2906 2907
3 2898 2907 2899
3 2899 2907 2908
3 2899 2908 2900
3 2900 2908 2909
3 2900 2909 2901
3 2901 2909 2910
3 2901 2910 2902
3 2902 2910 2911
3 2902 2911 2903
3 2903 2911 2904
3 2903 2904 2896
3 2904 2912 2913
3 2904 2913 2905
3 2905 2913 2914
3 2905 2914 2906
3 2906 2914 2915
3 2906 2915 2907
3 2907 2915 2916
3 2907 2916 2908
3 2908 2916 2917
3 2908 2917 2909
3 2909 2917 2918
3 2909 2918 2910
3 2910 2918 2919
3 2910 2919 2911
3 2911 2919 2912
3 2911 2912 2904
3 2912 2920 2921
3 2912 2921 2913
3 2913 2921 2922
3 2913 2922 2914
3 2914 2922 2923
3 2914 2923 2915
3 2915 2923 2924
3 2915 2924 2916
3 2916 2924 2925
3 2916 2925 2917
3 2917 2925 2926
3 2917 2926 2918
3 2918 2926 2927
3 2918 2927 2919
3 2919 2927 2920
3 2919 2920 2912
3 2920 2928 2929
3 2920 2929 2921
3 2921 2929 2930
3 2921 2930 2922
3 2922 2930 2931
3 2922 2931 2923
3 2923 2931 2932
3 2923 2932 2924
3 2924 2932 2933
3 2924 2933 2925
3 2925 2933 2934
3 2925 2934 2926
3 2926 2934 2935
3 2926 2935 2927
3 2927 2935 2928
3 2927 2928 2920
3 2928 2936 2937
3 2928 2937 2929
3 2929 2937 2938
3 2929 2938 2930
3 2930 2938 2939
3 2930 2939 2931
3 2931 2939 2940
3 2931 2940 2932
3 2932 2940 2941
3 2932 2941 2933
3 2933 2941 2942
3 2933 2942 2934
3 2934 2942 2943
3 2934 2943 2935
3 2935 2943 2936
3 2935 2936 2928
3 2936 2944 2945
3 2936 2945 2937
3 2937 2945 2946
3 2937 2946 2938
3 2938 2946 2947
3 2938 2947 2939
3 2939 2947 2948
3 2939 2948 2940
3 2940 2948 2949
3 2940 2949 2941
3 2941 2949 2950
3 2941 2950 2942
3 2942 2950 2951
3 2942 2951 2943
3 2943 2951 2944
3 2943 2944 2936
3 2944 2952 2953
3 2944 2953 2945
3 2945 2953 2954
3 2945 2954 2946
3 2946 2954 2955
3 2946 2955 2947
3 2947 2955 2956
3 2947 2956 2948
3 2948 2956 2957
3 2948 2957 2949
3 2949 2957 2958
3 2949 2958 2950
3 2950 2958 2959
3 2950 2959 2951
3 2951 2959 2952
3 2951 2952 2944
3 2952 2960 2961
3 2952 2961 2953
3 2953 2961 2962
3 2953 2962 2954
3 2954 2962 2963
3 2954 2963 2955
3 2955 2963 2964
3 2955 2964 2956
3 2956 2964 2965
3 2956 2965 2957
3 2957 2965 2966
3 2957 2966 2958
3 2958 2966 2967
3 2958 2967 2959
3 2959 2967 2960
3 2959 2960 2952
3 2960 2968 2969
3 2960 2969 2961
3 2961 2969 2970
3 2961 2970 2962
3 2962 2970 2971
3 2962 2971 2963
3 2963 2971 2972
3 2963 2972 2964
3 2964 2972 2973
3 2964 2973 2965
3 2965 2973 2974
3 2965 2974 2966
3 2966 2974 2975
3 2966 2975 2967
3 2967 2975 2968
3 2967 2968 2960
3 2968 2976 2977
3 2968 2977 2969
3 2969 2977 2978
3 2969 2978 2970
3 2970 2978 2979
3 2970 2979 2971
3 2971 2979 2980
3 2971 2980 2972
3 2972 2980 2981
3 2972 2981 2973
3 2973 2981 2982
3 2973 2982 2974
3 2974 2982 2983
3 2974 2983 2975
3 2975 2983 2976
3 2975 2976 2968
3 2976 2984 2985
3 2976 2985 2977
3 2977 2985 2986
3 2977 2986 2978
3 2978 2986 2987
3 2978 2987 2979
3 2979 2987 2988
3 2979 2988 2980
3 2980 2988 2989
3 2980 2989 2981
3 2981 2989 2990
3 2981 2990 2982
3 2982 2990 2991
3 2982 2991 2983
3 2983 2991 2984
3 2983 2984 2976
3 2984 2992 2993
3 2984 2993 2985
3 2985 2993 2994
3 2985 2994 2986
3 2986 2994 2995
3 2986 2995 2987
3 2987 2995 2996
3 2987 2996 2988
3 2988 2996 2997
3 2988 2997 2989
3 2989 2997 2998
3 2989 2998 2990
3 2990 2998 2999
3 2990 2999 2991
3 2991 2999 2992
3 2991 2992 2984
3 2992 3000 3001
3 2992 3001 2993
3 2993 3001 3002
3 2993 3002 2994
3 2994 3002 3003
3 2994 3003 2995
3 2995 3003 3004
3 2995 3004 2996
3 2996 3004 3005
3 2996 3005 2997
3 2997 3005 3006
3 2997 3006 2998
3 2998 3006 3007
3 2998 3007 2999
3 2999 3007 3000
3 2999 3000 2992
3 3000 3008 3009
3 3000 3009 3001
3 3001 3009 3010
3 3001 3010 3002
3 3002 3010 3011
3 3002 3011 3003
3 3003 3011 3012
3 3003 3012 3004
3 3004 3012 3013
3 3004 3013 3005
3 3005 3013 3014
3 3005 3014 3006
3 3006 3014 3015
3 3006 3015 3007
3 3007 3015 3008
3 3007 3008 3000
3 3008 3016 3017
3 3008 3017 3009
3 3009 3017 3018
3 3009 3018 3010
3 3010 3018 3019
3 3010 3019 3011
3 3011 3019 3020
3 3011 3020 3012
3 3012 3020 3021
3 3012 3021 3013
3 3013 3021 3022
3 3013 3022 3014
3 3014 3022 3023
3 3014 3023 3015
3 3015 3023 3016
3 3015 3016 3008
3 3016 3024 3025
3 3016 3025 3017
3 3017 3025 3026
3 3017 3026 3018
3 3018 3026 3027
3 3018 3027 3019
3 3019 3027 3028
3 3019 3028 3020
3 3020 3028 3029
3 3020 3029 3021
3 3021 3029 3030
3 3021 3030 3022
3 3022 3030 3031
3 3022 3031 3023
3 3023 3031 3024
3 3023 3024 3016
3 3024 3032 3033
3 3024 3033 3025
3 3025 3033 3034
3 3025 3034 3026
3 3026 3034 3035
3 3026 3035 3027
3 3027 3035 3036
3 3027 3036 3028
3 3028 3036 3037
3 3028 3037 3029
3 3029 3037 3038
3 3029 3038 3030
3 3030 3038 3039
3 3030 3039 3031
3 3031 3039 3032
3 3031 3032 3024
3 3032 3040 3041
3 3032 3041 3033
3 3033 3041 3042
3 3033 3042 3034
3 3034 3042 3043
3 3034 3043 3035
3 3035 3043 3044
3 3035 3044 3036
3 3036 3044 3045
3 3036 3045 3037
3 3037 3045 3046
3 3037 3046 3038
3 3038 3046 3047
3 3038 3047 3039
3 3039 3047 3040
3 3039 3040 3032
3 3040 3048 3049
3 3040 3049 3041
3 3041 3049 3050
3 3041 3050 3042
3 3042 3050 3051
3 3042 3051 3043
3 3043 3051 3052
3 3043 3052 3044
3 3044 3052 3053
3 3044 3053 3045
3 3045 3053 3054
3 3045 3054 3046
3 3046 3054 3055
3 3046 3055 3047
3 3047 3055 3048
3 3047 3048 3040
3 3048 3056 3057
3 3048 3057 3049
3 3049 3057 3058
3 3049 3058 3050
3 3050 3058 3059
3 3050 3059 3051
3 3051 3059 3060
3 3051 3060 3052
3 3052 3060 3061
3 3052 3061 3053
3 3053 3061 3062
3 3053 3062 3054
3 3054 3062 3063
3 3054 3063 3055
3 3055 3063 3056
3 3055 3056 3048
3 3056 3064 3065
3 3056 3065 3057
3 3057 3065 3066
3 3057 3066 3058
3 3058 3066 3067
3 3058 3067 3059
3 3059 3067 3068
3 3059 3068 3060
3 3060 3068 3069
3 3060 3069 3061
3 3061 3069 3070
3 3061 3070 3062
3 3062 3070 3071
3 3062 3071 3063
3 3063 3071 3064
3 3063 3064 3056
3 3064 3072 3073
3 3064 3073 3065
3 3065 3073 3074
3 3065 3074 3066
3 3066 3074 3075
3 3066 3075 3067
3 3067 3075 3076
3 3067 3076 3068
3 3068 3076 3077
3 3068 3077 3069
3 3069 3077 3078
3 3069 3078 3070
3 3070 3078 3079
3 3070 3079 3071
3 3071 3079 3072
3 3071 3072 3064
3 3072 3080 3081
3 3072 3081 3073
3 3073 3081 3082
3 3073 3082 3074
3 3074 3082 3083
3 3074 3083 3075
3 3075 3083 3084
3 3075 3084 3076
3 3076 3084 3085
3 3076 3085 3077
3 3077 3085 3086
3 3077 3086 3078
3 3078 3086 3087
3 3078 3087 3079
3 3079 3087 3080
3 3079 3080 3072
3 3080 3088 3089
3 3080 3089 3081
3 3081 3089 3090
3 3081 3090 3082
3 3082 3090 3091
3 3082 3091 3083
3 3083 3091 3092
3 3083 3092 3084
3 3084 3092 3093
3 3084 3093 3085
3 3085 3093 3094
3 3085 3094 3086
3 3086 3094 3095
3 3086 3095 3087
3 3087 3095 3088
3 3087 3088 3080
3 3088 3096 3097
3 3088 3097 3089
3 3089 3097 3098
3 3089 3098 3090
3 3090 3098 3099
3 3090 3099 3091
3 3091 3099 3100
3 3091 3100 3092
3 3092 3100 3101
3 3092 3101 3093
3 3093 3101 3102
3 3093 3102 3094
3 3094 3102 3103
3 3094 3103 3095
3 3095 3103 3096
3 3095 3096 3088
3 3096 3104 3105
3 3096 3105 3097
3 3097 3105 3106
3 3097 3106 3098
3 3098 3106 3107
3 3098 3107 3099
3 3099 3107 3108
3 3099 3108 3100
3 3100 3108 3109
3 3100 3109 3101
3 3101 3109 3110
3 3101 3110 3102
3 3102 3110 3111
3 3102 3111 3103
3 3103 3111 3104
3 3103 3104 3096
3 3104 3112 3113
3 3104 3113 3105
3 3105 3113 3114
3 3105 3114 3106
3 3106 3114 3115
3 3106 3115 3107
3 3107 3115 3116
3 3107 3116 3108
3 3108 3116 3117
3 3108 3117 3109
3 3109 3117 3118
3 3109 3118 3110
3 3110 3118 3119
3 3110 3119 3111
3 3111 3119 3112
3 3111 3112 3104
3 3112 3120 3121
3 3112 3121 3113
3 3113 3121 3122
3 3113 3122 3114
3 3114 3122 3123
3 3114 3123 3115
3 3115 3123 3124
3 3115 3124 3116
3 3116 3124 3125
3 3116 3125 3117
3 3117 3125 3126
3 3117 3126 3118
3 3118 3126 3127
3 3118 3127 3119
3 3119 3127 3120
3 3119 3120 3112
3 3120 3128 3129
3 3120 3129 3121
3 3121 3129 3130
3 3121 3130 3122
3 3122 3130 3131
3 3122 3131 3123
3 3123 3131 3132
3 3123 3132 3124
3 3124 3132 3133
3 3124 3133 3125
3 3125 3133 3134
3 3125 3134 3126
3 3126 3134 3135
3 3126 3135 3127
3 3127 3135 3128
3 3127 3128 3120
3 3128 3136 3137
3 3128 3137 3129
3 3129 3137 3138
3 3129 3138 3130
3 3130 3138 3139
3 3130 3139 3131
3 3131 3139 3140
3 3131 3140 3132
3 3132 3140 3141
3 3132 3141 3133
3 3133 3141 3142
3 3133 3142 3134
3 3134 3142 3143
3 3134 3143 3135
3 3135 3143 3136
3 3135 3136 3128
3 3136 3144 3145
3 3136 3145 3137
3 3137 3145 3146
3 3137 3146 3138
3 3138 3146 3147
3 3138 3147 3139
3 3139 3147 3148
3 3139 3148 3140
3 3140 3148 3149
3 3140 3149 3141
3 3141 3149 3150
3 3141 3150 3142
3 3142 3150 3151
3 3142 3151 3143
3 3143 3151 3144
3 3143 3144 3136
3 3144 3152 3153
3 3144 3153 3145
3 3145 3153 3154
3 3145 3154 3146
3 3146 3154 3155
3 3146 3155 3147
3 3147 3155 3156
3 3147 3156 3148
3 3148 3156 3157
3 3148 3157 3149
3 3149 3157 3158
3 3149 3158 3150
3 3150 3158 3159
3 3150 3159 3151
3 3151 3159 3152
3 3151 3152 3144
3 3152 3160 3161
3 3152 3161 3153
3 3153 3161 3162
3 3153 3162 3154
3 3154 3162 3163
3 3154 3163 3155
3 3155 3163 3164
3 3155 3164 3156
3 3156 3164 3165
3 3156 3165 3157
3 3157 3165 3166
3 3157 3166 3158
3 3158 3166 3167
3 3158 3167 3159
3 3159 3167 3160
3 3159 3160 3152
3 3160 3168 3169
3 3160 3169 3161
3 3161 3169 3170
3 3161 3170 3162
3 3162 3170 3171
3 3162 3171 3163
3 3163 3171 3172
3 3163 3172 3164
3 3164 3172 3173
3 3164 3173 3165
3 3165 3173 3174
3 3165 3174 3166
3 3166 3174 3175
3 3166 3175 3167
3 3167 3175 3168
3 3167 3168 3160
3 3168 3176 3177
3 3168 3177 3169
3 3169 3177 3178
3 3169 3178 3170
3 3170 3178 3179
3 3170 3179 3171
3 3171 3179 3180
3 3171 3180 3172
3 3172 3180 3181
3 3172 3181 3173
3 3173 3181 3182
3 3173 3182 3174
3 3174 3182 3183
3 3174 3183 3175
3 3175 3183 3176
3 3175 3176 3168
3 3176 3184 3185
3 3176 3185 3177
3 3177 3185 3186
3 3177 3186 3178
3 3178 3186 3187
3 3178 3187 3179
3 3179 3187 3188
3 3179 3188 3180
3 3180 3188 3189
3 3180 3189 3181
3 3181 3189 3190
3 3181 3190 3182
3 3182 3190 3191
3 3182 3191 3183
3 3183 3191 3184
3 3183 3184 3176
3 3184 3192 3193
3 3184 3193 3185
3 3185 3193 3194
3 3185 3194 3186
3 3186 3194 3195
3 3186 3195 3187
3 3187 3195 3196
3 3187 3196 3188
3 3188 3196 3197
3 3188 3197 3189
3 3189 3197 3198
3 3189 3198 3190
3 3190 3198 3199
3 3190 3199 3191
3 3191 3199 3192
3 3191 3192 3184
3 3192 3200 3201
3 3192 3201 3193
3 3193 3201 3202
3 3193 3202 3194
3 3194 3202 3203
3 3194 3203 3195
3 3195 3203 3204
3 3195 3204 3196
3 3196 3204 3205
3 3196 3205 3197
3 3197 3205 3206
3 3197 3206 3198
3 3198 3206 3207
3 3198 3207 3199
3 3199 3207 3200
3 3199 3200 3192
3 3200 3208 3209
3 3200 3209 3201
3 3201 3209 3210
3 3201 3210 3202
3 3202 3210 3211
3 3202 3211 3203
3 3203 3211 3212
3 3203 3212 3204
3 3204 3212 3213
3 3204 3213 3205
3 3205 3213 3214
3 3205 3214 3206
3 3206 3214 3215
3 3206 3215 3207
3 3207 3215 3208
3 3207 3208 3200
3 3208 3216 3217
3 3208 3217 3209
3 3209 3217 3218
3 3209 3218 3210
3 3210 3218 3219
3 3210 3219 3211
3 3211 3219 3220
3 3211 3220 3212
3 3212 3220 3221
3 3212 3221 3213
3 3213 3221 3222
3 3213 3222 3214
3 3214 3222 3223
3 3214 3223 3215
3 3215 3223 3216
3 3215 3216 3208
3 3216 3224 3225
3 3216 3225 3217
3 3217 3225 3226
3 3217 3226 3218
3 3218 3226 3227
3 3218 3227 3219
3 3219 3227 3228
3 3219 3228 3220
3 3220 3228 3229
3 3220 3229 3221
3 3221 3229 3230
3 3221 3230 3222
3 3222 3230 3231
3 3222 3231 3223
3 3223 3231 3224
3 3223 3224 3216
3 3224 3232 3233
3 3224 3233 3225
3 3225 3233 3234
3 3225 3234 3226
3 3226 3234 3235
3 3226 3235 3227
3 3227 3235 3236
3 3227 3236 3228
3 3228 3236 3237
3 3228 3237 3229
3 3229 3237 3238
3 3229 3238 3230
3 3230 3238 3239
3 3230 3239 3231
3 3231 3239 3232
3 3231 3232 3224
3 3232 3240 3241
3 3232 3241 3233
3 3233 3241 3242
3 3233 3242 3234
3 3234 3242 3243
3 3234 3243 3235
3 3235 3243 3244
3 3235 3244 3236
3 3236 3244 3245
3 3236 3245 3237
3 3237 3245 3246
3 3237 3246 3238
3 3238 3246 3247
3 3238 3247 3239
3 3239 3247 3240
3 3239 3240 3232
3 3240 3248 3249
3 3240 3249 3241
3 3241 3249 3250
3 3241 3250 3242
3 3242 3250 3251
3 3242 3251 3243
3 3243 3251 3252
3 3243 3252 3244
3 3244 3252 3253
3 3244 3253 3245
3 3245 3253 3254
3 3245 3254 3246
3 3246 3254 3255
3 3246 3255 3247
3 3247 3255 3248
3 3247 3248 3240
3 3248 3256 3257
3 3248 3257 3249
3 3249 3257 3258
3 3249 3258 3250
3 3250 3258 3259
3 3250 3259 3251
3 3251 3259 3260
3 3251 3260 3252
3 3252 3260 3261
3 3252 3261 3253
3 3253 3261 3262
3 3253 3262 3254
3 3254 3262 3263
3 3254 3263 3255
3 3255 3263 3256
3 3255 3256 3248
3 3256 3264 3265
3 3256 3265 3257
3 3257 3265 3266
3 3257 3266 3258
3 3258 3266 3267
3 3258 3267 3259
3 3259 3267 3268
3 3259 3268 3260
3 3260 3268 3269
3 3260 3269 3261
3 3261 3269 3270
3 3261 3270 3262
3 3262 3270 3271
3 3262 3271 3263
3 3263 3271 3264
3 3263 3264 3256
3 3264 3272 3273
3 3264 3273 3265
3 3265 3273 3274
3 3265 3274 3266
3 3266 3274 3275
3 3266 3275 3267
3 3267 3275 3276
3 3267 3276 3268
3 3268 3276 3277
3 3268 3277 3269
3 3269 3277 3278
3 3269 3278 3270
3 3270 3278 3279
3 3270 3279 3271
3 3271 3279 3272
3 3271 3272 3264
3 3272 3280 3281
3 3272 3281 3273
3 3273 3281 3282
3 3273 3282 3274
3 3274 3282 3283
3 3274 3283 3275
3 3275 3283 3284
3 3275 3284 3276
3 3276 3284 3285
3 3276 3285 3277
3 3277 3285 3286
3 3277 3286 3278
3 3278 3286 3287
3 3278 3287 3279
3 3279 3287 3280
3 3279 3280 3272
3 3280 3288 3289
3 3280 3289 3281
3 3281 3289 3290
3 3281 3290 3282
3 3282 3290 3291
3 3282 3291 3283
3 3283 3291 3292
3 3283 3292 3284
3 3284 3292 3293
3 3284 3293 3285
3 3285 3293 3294
3 3285 3294 3286
3 3286 3294 3295
3 3286 3295 3287
3 3287 3295 3288
3 3287 3288 3280
3 3288 3296 3297
3 3288 3297 3289
3 3289 3297 3298
3 3289 3298 3290
3 3290 3298 3299
3 3290 3299 3291
3 3291 3299 3300
3 3291 3300 3292
3 3292 3300 3301
3 3292 3301 3293
3 3293 3301 3302
3 3293 3302 3294
3 3294 3302 3303
3 3294 3303 3295
3 3295 3303 3296
3 3295 3296 3288
3 3296 3304 3305
3 3296 3305 3297
3 3297 3305 3306
3 3297 3306 3298
3 3298 3306 3307
3 3298 3307 3299
3 3299 3307 3308
3 3299 3308 3300
3 3300 3308 3309
3 3300 3309 3301
3 3301 3309 3310
3 3301 3310 3302
3 3302 3310 3311
3 3302 3311 3303
3 3303 3311 3304
3 3303 3304 3296
3 3304 3312 3313
3 3304 3313 3305
3 3305 3313 3314
3 3305 3314 3306
3 3306 3314 3315
3 3306 3315 3307
3 3307 3315 3316
3 3307 3316 3308
3 3308 3316 3317
3 3308 3317 3309
3 3309 3317 3318
3 3309 3318 3310
3 3310 3318 3319
3 3310 3319 3311
3 3311 3319 3312
3 3311 3312 3304
3 3312 3320 3321
3 3312 3321 3313
3 3313 3321 3322
3 3313 3322 3314
3 3314 3322 3323
3 3314 3323 3315
3 3315 3323 3324
3 3315 3324 3316
3 3316 3324 3325
3 3316 3325 3317
3 3317 3325 3326
3 3317 3326 3318
3 3318 3326 3327
3 3318 3327 3319
3 3319 3327 3320
3 3319 3320 3312
3 3320 3328 3329
3 3320 3329 3321
3 3321 3329 3330
3 3321 3330 3322
3 3322 3330 3331
3 3322 3331 3323
3 3323 3331 3332
3 3323 3332 3324
3 3324 3332 3333
3 3324 3333 3325
3 3325 3333 3334
3 3325 3334 3326
3 3326 3334 3335
3 3326 3335 3327
3 3327 3335 3328
3 3327 3328 3320
3 3328 3336 3337
3 3328 3337 3329
3 3329 3337 3338
3 3329 3338 3330
3 3330 3338 3339
3 3330 3339 3331
3 3331 3339 3340
3 3331 3340 3332
3 3332 3340 3341
3 3332 3341 3333
3 3333 3341 3342
3 3333 3342 3334
3 3334 3342 3343
3 3334 3343 3335
3 3335 3343 3336
3 3335 3336 3328
3 3336 3344 3345
3 3336 3345 3337
3 3337 3345 3346
3 3337 3346 3338
3 3338 3346 3347
3 3338 3347 3339
3 3339 3347 3348
3 3339 3348 3340
3 3340 3348 3349
3 3340 3349 3341
3 3341 3349 3350
3 3341 3350 3342
3 3342 3350 3351
3 3342 3351 3343
3 3343 3351 3344
3 3343 3344 3336
3 3344 3352 3353
3 3344 3353 3345
3 3345 3353 3354
3 3345 3354 3346
3 3346 3354 3355
3 3346 3355 3347
3 3347 3355 3356
3 3347 3356 3348
3 3348 3356 3357
3 3348 3357 3349
3 3349 3357 3358
3 3349 3358 3350
3 3350 3358 3359
3 3350 3359 3351
3 3351 3359 3352
3 3351 3352 3344
3 3352 3360 3361
3 3352 3361 3353
3 3353 3361 3362
3 3353 3362 3354
3 3354 3362 3363
3 3354 3363 3355
3 3355 3363 3364
3 3355 3364 3356
3 3356 3364 3365
3 3356 3365 3357
3 3357 3365 3366
3 3357 3366 3358
3 3358 3366 3367
3 3358 3367 3359
3 3359 3367 3360
3 3359 3360 3352
3 3360 3368 3369
3 3360 3369 3361
3 3361 3369 3370
3 3361 3370 3362
3 3362 3370 3371
3 3362 3371 3363
3 3363 3371 3372
3 3363 3372 3364
3 3364 3372 3373
3 3364 3373 3365
3 3365 3373 3374
3 3365 3374 3366
3 3366 3374 3375
3 3366 3375 3367
3 3367 3375 3368
3 3367 3368 3360
3 3368 3376 3377
3 3368 3377 3369
3 3369 3377 3378
3 3369 3378 3370
3 3370 3378 3379
3 3370 3379 3371
3 3371 3379 3380
3 3371 3380 3372
3 3372 3380 3381
3 3372 3381 3373
3 3373 3381 3382
3 3373 3382 3374
3 3374 3382 3383
3 3374 3383 3375
3 3375 3383 3376
3 3375 3376 3368
3 3376 3384 3385
3 3376 3385 3377
3 3377 3385 3386
3 3377 3386 3378
3 3378 3386 3387
3 3378 3387 3379
3 3379 3387 3388
3 3379 3388 3380
3 3380 3388 3389
3 3380 3389 3381
3 3381 3389 3390
3 3381 3390 3382
3 3382 3390 3391
3 3382 3391 3383
3 3383 3391 3384
3 3383 3384 3376
3 3384 3392 3393
3 3384 3393 3385
3 3385 3393 3394
3 3385 3394 3386
3 3386 3394 3395
3 3386 3395 3387
3 3387 3395 3396
3 3387 3396 3388
3 3388 3396 3397
3 3388 3397 3389
3 3389 3397 3398
3 3389 3398 3390
3 3390 3398 3399
3 3390 3399 3391
3 3391 3399 3392
3 3391 3392 3384
3 3392 3400 3401
3 3392 3401 3393
3 3393 3401 3402
3 3393 3402 3394
3 3394 3402 3403
3 3394 3403 3395
3 3395 3403 3404
3 3395 3404 3396
3 3396 3404 3405
3 3396 3405 3397
3 3397 3405 3406
3 3397 3406 3398
3 3398 3406 3407
3 3398 3407 3399
3 3399 3407 3400
3 3399 3400 3392
3 3400 3408 3409
3 3400 3409 3401
3 3401 3409 3410
3 3401 3410 3402
3 3402 3410 3411
3 3402 3411 3403
3 3403 3411 3412
3 3403 3412 3404
3 3404 3412 3413
3 3404 3413 3405
3 3405 3413 3414
3 3405 3414 3406
3 3406 3414 3415
3 3406 3415 3407
3 3407 3415 3408
3 3407 3408 3400
3 3408 3416 3417
3 3408 3417 3409
3 3409 3417 3418
3 3409 3418 3410
3 3410 3418 3419
3 3410 3419 3411
3 3411 3419 3420
3 3411 3420 3412
3 3412 3420 3421
3 3412 3421 3413
3 3413 3421 3422
3 3413 3422 3414
3 3414 3422 3423
3 3414 3423 3415
3 3415 3423 3416
3 3415 3416 3408
3 3416 3424 3425
3 3416 3425 3417
3 3417 3425 3426
3 3417 3426 3418
3 3418 3426 3427
3 3418 3427 3419
3 3419 3427 3428
3 3419 3428 3420
3 3420 3428 3429
3 3420 3429 3421
3 3421 3429 3430
3 3421 3430 3422
3 3422 3430 3431
3 3422 3431 3423
3 3423 3431 3424
3 3423 3424 3416
3 3424 3432 3433
3 3424 3433 3425
3 3425 3433 3434
3 3425 3434 3426
3 3426 3434 3435
3 3426 3435 3427
3 3427 3435 3436
3 3427 3436 3428
3 3428 3436 3437
3 3428 3437 3429
3 3429 3437 3438
3 3429 3438 3430
3 3430 3438 3439
3 3430 3439 3431
3 3431 3439 3432
3 3431 3432 3424
3 3432 3440 3441
3 3432 3441 3433
3 3433 3441 3442
3 3433 3442 3434
3 3434 3442 3443
3 3434 3443 3435
3 3435 3443 3444
3 3435 3444 3436
3 3436 3444 3445
3 3436 3445 3437
3 3437 3445 3446
3 3437 3446 3438
3 3438 3446 3447
3 3438 3447 3439
3 3439 3447 3440
3 3439 3440 3432
3 3440 3448 3449
3 3440 3449 3441
3 3441 3449 3450
3 3441 3450 3442
3 3442 3450 3451
3 3442 3451 3443
3 3443 3451 3452
3 3443 3452 3444
3 3444 3452 3453
3 3444 3453 3445
3 3445 3453 3454
3 3445 3454 3446
3 3446 3454 3455
3 3446 3455 3447
3 3447 3455 3448
3 3447 3448 3440
3 3448 3456 3457
3 3448 3457 3449
3 3449 3457 3458
3 3449 3458 3450
3 3450 3458 3459
3 3450 3459 3451
3 3451 3459 3460
3 3451 3460 3452
3 3452 3460 3461
3 3452 3461 3453
3 3453 3461 3462
3 3453 3462 3454
3 3454 3462 3463
3 3454 3463 3455
3 3455 3463 3456
3 3455 3456 3448
3 3456 3464 3465
3 3456 3465 3457
3 3457 3465 3466
3 3457 3466 3458
3 3458 3466 3467
3 3458 3467 3459
3 3459 3467 3468
3 3459 3468 3460
3 3460 3468 3469
3 3460 3469 3461
3 3461 3469 3470
3 3461 3470 3462
3 3462 3470 3471
3 3462 3471 3463
3 3463 3471 3464
3 3463 3464 3456
3 3464 3472 3473
3 3464 3473 3465
3 3465 3473 3474
3 3465 3474 3466
3 3466 3474 3475
3 3466 3475 3467
3 3467 3475 3476
3 3467 3476 3468
3 3468 3476 3477
3 3468 3477 3469
3 3469 3477 3478
3 3469 3478 3470
3 3470 3478 3479
3 3470 3479 3471
3 3471 3479 3472
3 3471 3472 3464
3 3472 3480 3481
3 3472 3481 3473
3 3473 3481 3482
3 3473 3482 3474
3 3474 3482 3483
3 3474 3483 3475
3 3475 3483 3484
3 3475 3484 3476
3 3476 3484 3485
3 3476 3485 3477
3 3477 3485 3486
3 3477 3486 3478
3 3478 3486 3487
3 3478 3487 3479
3 3479 3487 3480
3 3479 3480 3472
3 3480 3488 3489
3 3480 3489 3481
3 3481 3489 3490
3 3481 3490 3482
3 3482 3490 3491
3 3482 3491 3483
3 3483 3491 3492
3 3483 3492 3484
3 3484 3492 3493
3 3484 3493 3485
3 3485 3493 3494
3 3485 3494 3486
3 3486 3494 3495
3 3486 3495 3487
3 3487 3495 3488
3 3487 3488 3480
3 3488 3496 3497
3 3488 3497 3489
3 3489 3497 3498
3 3489 3498 3490
3 3490 3498 3499
3 3490 3499 3491
3 3491 3499 3500
3 3491 3500 3492
3 3492 3500 3501
3 3492 3501 3493
3 3493 3501 3502
3 3493 3502 3494
3 3494 3502 3503
3 3494 3503 3495
3 3495 3503 3496
3 3495 3496 3488
3 3496 3504 3505
3 3496 3505 3497
3 3497 3505 3506
3 3497 3506 3498
3 3498 3506 3507
3 3498 3507 3499
3 3499 3507 3508
3 3499 3508 3500
3 3500 3508 3509
3 3500 3509 3501
3 3501 3509 3510
3 3501 3510 3502
3 3502 3510 3511
3 3502 3511 3503
3 3503 3511 3504
3 3503 3504 3496
3 3504 3512 3513
3 3504 3513 3505
3 3505 3513 3514
3 3505 3514 3506
3 3506 3514 3515
3 3506 3515 3507
3 3507 3515 3516
3 3507 3516 3508
3 3508 3516 3517
3 3508 3517 3509
3 3509 3517 3518
3 3509 3518 3510
3 3510 3518 3519
3 3510 3519 3511
3 3511 3519 3512
3 3511 3512 3504
3 3512 3520 3521
3 3512 3521 3513
3 3513 3521 3522
3 3513 3522 3514
3 3514 3522 3523
3 3514 3523 3515
3 3515 3523 3524
3 3515 3524 3516
3 3516 3524 3525
3 3516 3525 3517
3 3517 3525 3526
3 3517 3526 3518
3 3518 3526 3527
3 3518 3527 3519
3 3519 3527 3520
3 3519 3520 3512
3 3520 3528 3529
3 3520 3529 3521
3 3521 3529 3530
3 3521 3530 3522
3 3522 3530 3531
3 3522 3531 3523
3 3523 3531 3532
3 3523 3532 3524
3 3524 3532 3533
3 3524 3533 3525
3 3525 3533 3534
3 3525 3534 3526
3 3526 3534 3535
3 3526 3535 3527
3 3527 3535 3528
3 3527 3528 3520
3 3528 3536 3537
3 3528 3537 3529
3 3529 3537 3538
3 3529 3538 3530
3 3530 3538 3539
3 3530 3539 3531
3 3531 3539 3540
3 3531 3540 3532
3 3532 3540 3541
3 3532 3541 3533
3 3533 3541 3542
3 3533 3542 3534
3 3534 3542 3543
3 3534 3543 3535
3 3535 3543 3536
3 3535 3536 3528
3 3536 3544 3545
3 3536 3545 3537
3 3537 3545 3546
3 3537 3546 3538
3 3538 3546 3547
3 3538 3547 3539
3 3539 3547 3548
3 3539 3548 3540
3 3540 3548 3549
3 3540 3549 3541
3 3541 3549 3550
3 3541 3550 3542
3 3542 3550 3551
3 3542 3551 3543
3 3543 3551 3544
3 3543 3544 3536
3 3544 3552 3553
3 3544 3553 3545
3 3545 3553 3554
3 3545 3554 3546
3 3546 3554 3555
3 3546 3555 3547
3 3547 3555 3556
3 3547 3556 3548
3 3548 3556 3557
3 3548 3557 3549
3 3549 3557 3558
3 3549 3558 3550
3 3550 3558 3559
3 3550 3559 3551
3 3551 3559 3552
3 3551 3552 3544
3 3552 3560 3561
3 3552 3561 3553
3 3553 3561 3562
3 3553 3562 3554
3 3554 3562 3563
3 3554 3563 3555
3 3555 3563 3564
3 3555 3564 3556
3 3556 3564 3565
3 3556 3565 3557
3 3557 3565 3566
3 3557 3566 3558
3 3558 3566 3567
3 3558 3567 3559
3 3559 3567 3560
3 3559 3560 3552
3 3560 3568 3569
3 3560 3569 3561
3 3561 3569 3570
3 3561 3570 3562
3 3562 3570 3571
3 3562 3571 3563
3 3563 3571 3572
3 3563 3572 3564
3 3564 3572 3573
3 3564 3573 3565
3 3565 3573 3574
3 3565 3574 3566
3 3566 3574 3575
3 3566 3575 3567
3 3567 3575 3568
3 3567 3568 3560
3 3568 3576 3577
3 3568 3577 3569
3 3569 3577 3578
3 3569 3578 3570
3 3570 3578 3579
3 3570 3579 3571
3 3571 3579 3580
3 3571 3580 3572
3 3572 3580 3581
3 3572 3581 3573
3 3573 3581 3582
3 3573 3582 3574
3 3574 3582 3583
3 3574 3583 3575
3 3575 3583 3576
3 3575 3576 3568
3 3576 3584 3585
3 3576 3585 3577
3 3577 3585 3586
3 3577 3586 3578
3 3578 3586 3587
3 3578 3587 3579
3 3579 3587 3588
3 3579 3588 3580
3 3580 3588 3589
3 3580 3589 3581
3 3581 3589 3590
3 3581 3590 3582
3 3582 3590 3591
3 3582 3591 3583
3 3583 3591 3584
3 3583 3584 3576
3 3584 3592 3593
3 3584 3593 3585
3 3585 3593 3594
3 3585 3594 3586
3 3586 3594 3595
3 3586 3595 3587
3 3587 3595 3596
3 3587 3596 3588
3 3588 3596 3597
3 3588 3597 3589
3 3589 3597 3598
3 3589 3598 3590
3 3590 3598 3599
3 3590 3599 3591
3 3591 3599 3592
3 3591 3592 3584
3 3592 3600 3601
3 3592 3601 3593
3 3593 3601 3602
3 3593 3602 3594
3 3594 3602 3603
3 3594 3603 3595
3 3595 3603 3604
3 3595 3604 3596
3 3596 3604 3605
3 3596 3605 3597
3 3597 3605 3606
3 3597 3606 3598
3 3598 3606 3607
3 3598 3607 3599
3 3599 3607 3600
3 3599 3600 3592
3 3600 3608 3609
3 3600 3609 3601
3 3601 3609 3610
3 3601 3610 3602
3 3602 3610 3611
3 3602 3611 3603
3 3603 3611 3612
3 3603 3612 3604
3 3604 3612 3613
3 3604 3613 3605
3 3605 3613 3614
3 3605 3614 3606
3 3606 3614 3615
3 3606 3615 3607
3 3607 3615 3608
3 3607 3608 3600
3 3608 3616 3617
3 3608 3617 3609
3 3609 3617 3618
3 3609 3618 3610
3 3610 3618 3619
3 3610 3619 3611
3 3611 3619 3620
3 3611 3620 3612
3 3612 3620 3621
3 3612 3621 3613
3 3613 3621 3622
3 3613 3622 3614
3 3614 3622 3623
3 3614 3623 3615
3 3615 3623 3616
3 3615 3616 3608
3 3616 3624 3625
3 3616 3625 3617
3 3617 3625 3626
3 3617 3626 3618
3 3618 3626 3627
3 3618 3627 3619
3 3619 3627 3628
3 3619 3628 3620
3 3620 3628 3629
3 3620 3629 3621
3 3621 3629 3630
3 3621 3630 3622
3 3622 3630 3631
3 3622 3631 3623
3 3623 3631 3624
3 3623 3624 3616
3 3624 3632 3633
3 3624 3633 3625
3 3625 3633 3634
3 3625 3634 3626
3 3626 3634 3635
3 3626 3635 3627
3 3627 3635 3636
3 3627 3636 3628
3 3628 3636 3637
3 3628 3637 3629
3 3629 3637 3638
3 3629 3638 3630
3 3630 3638 3639
3 3630 3639 3631
3 3631 3639 3632
3 3631 3632 3624
3 3632 3640 3641
3 3632 3641 3633
3 3633 3641 3642
3 3633 3642 3634
3 3634 3642 3643
3 3634 3643 3635
3 3635 3643 3644
3 3635 3644 3636
3 3636 3644 3645
3 3636 3645 3637
3 3637 3645 3646
3 3637 3646 3638
3 3638 3646 3647
3 3638 3647 3639
3 3639 3647 3640
3 3639 3640 3632
3 3640 3648 3649
3 3640 3649 3641
3 3641 3649 3650
3 3641 3650 3642
3 3642 3650 3651
3 3642 3651 3643
3 3643 3651 3652
3 3643 3652 3644
3 3644 3652 3653
3 3644 3653 3645
3 3645 3653 3654
3 3645 3654 3646
3 3646 3654 3655
3 3646 3655 3647
3 3647 3655 3648
3 3647 3648 3640
3 3648 3656 3657
3 3648 3657 3649
3 3649 3657 3658
3 3649 3658 3650
3 3650 3658 3659
3 3650 3659 3651
3 3651 3659 3660
3 3651 3660 3652
3 3652 3660 3661
3 3652 3661 3653
3 3653 3661 3662
3 3653 3662 3654
3 3654 3662 3663
3 3654 3663 3655
3 3655 3663 3656
3 3655 3656 3648
3 3656 3664 3665
3 3656 3665 3657
3 3657 3665 3666
3 3657 3666 3658
3 3658 3666 3667
3 3658 3667 3659
3 3659 3667 3668
3 3659 3668 3660
3 3660 3668 3669
3 3660 3669 3661
3 3661 3669 3670
3 3661 3670 3662
3 3662 3670 3671
3 3662 3671 3663
3 3663 3671 3664
3 3663 3664 3656
3 3664 3672 3673
3 3664 3673 3665
3 3665 3673 3674
3 3665 3674 3666
3 3666 3674 3675
3 3666 3675 3667
3 3667 3675 3676
3 3667 3676 3668
3 3668 3676 3677
3 3668 3677 3669
3 3669 3677 3678
3 3669 3678 3670
3 3670 3678 3679
3 3670 3679 3671
3 3671 3679 3672
3 3671 3672 3664
3 3672 3680 3681
3 3672 3681 3673
3 3673 3681 3682
3 3673 3682 3674
3 3674 3682 3683
3 3674 3683 3675
3 3675 3683 3684
3 3675 3684 3676
3 3676 3684 3685
3 3676 3685 3677
3 3677 3685 3686
3 3677 3686 3678
3 3678 3686 3687
3 3678 3687 3679
3 3679 3687 3680
3 3679 3680 3672
3 3680 3688 3689
3 3680 3689 3681
3 3681 3689 3690
3 3681 3690 3682
3 3682 3690 3691
3 3682 3691 3683
3 3683 3691 3692
3 3683 3692 3684
3 3684 3692 3693
3 3684 3693 3685
3 3685 3693 3694
3 3685 3694 3686
3 3686 3694 3695
3 3686 3695 3687
3 3687 3695 3688
3 3687 3688 3680
3 3688 3696 3697
3 3688 3697 3689
3 3689 3697 3698
3 3689 3698 3690
3 3690 3698 3699
3 3690 3699 3691
3 3691 3699 3700
3 3691 3700 3692
3 3692 3700 3701
3 3692 3701 3693
3 3693 3701 3702
3 3693 3702 3694
3 3694 3702 3703
3 3694 3703 3695
3 3695 3703 3696
3 3695 3696 3688
3 3696 3704 3705
3 3696 3705 3697
3 3697 3705 3706
3 3697 3706 3698
3 3698 3706 3707
3 3698 3707 3699
3 3699 3707 3708
3 3699 3708 3700
3 3700 3708 3709
3 3700 3709 3701
3 3701 3709 3710
3 3701 3710 3702
3 3702 3710 3711
3 3702 3711 3703
3 3703 3711 3704
3 3703 3704 3696
3 3704 3712 3713
3 3704 3713 3705
3 3705 3713 3714
3 3705 3714 3706
3 3706 3714 3715
3 3706 3715 3707
3 3707 3715 3716
3 3707 3716 3708
3 3708 3716 3717
3 3708 3717 3709
3 3709 3717 3718
3 3709 3718 3710
3 3710 3718 3719
3 3710 3719 3711
3 3711 3719 3712
3 3711 3712 3704
3 3712 3720 3721
3 3712 3721 3713
3 3713 3721 3722
3 3713 3722 3714
3 3714 3722 3723
3 3714 3723 3715
3 3715 3723 3724
3 3715 3724 3716
3 3716 3724 3725
3 3716 3725 3717
3 3717 3725 3726
3 3717 3726 3718
3 3718 3726 3727
3 3718 3727 3719
3 3719 3727 3720
3 3719 3720 3712
3 3720 3728 3729
3 3720 3729 3721
3 3721 3729 3730
3 3721 3730 3722
3 3722 3730 3731
3 3722 3731 3723
3 3723 3731 3732
3 3723 3732 3724
3 3724 3732 3733
3 3724 3733 3725
3 3725 3733 3734
3 3725 3734 3726
3 3726 3734 3735
3 3726 3735 3727
3 3727 3735 3728
3 3727 3728 3720
3 3728 3736 3737
3 3728 3737 3729
3 3729 3737 3738
3 3729 3738 3730
3 3730 3738 3739
3 3730 3739 3731
3 3731 3739 3740
3 3731 3740 3732
3 3732 3740 3741
3 3732 3741 3733
3 3733 3741 3742
3 3733 3742 3734
3 3734 3742 3743
3 3734 3743 3735
3 3735 3743 3736
3 3735 3736 3728
3 3736 3744 3745
3 3736 3745 3737
3 3737 3745 3746
3 3737 3746 3738
3 3738 3746 3747
3 3738 3747 3739
3 3739 3747 3748
3 3739 3748 3740
3 3740 3748 3749
3 3740 3749 3741
3 3741 3749 3750
3 3741 3750 3742
3 3742 3750 3751
3 3742 3751 3743
3 3743 3751 3744
3 3743 3744 3736
3 3744 3752 3753
3 3744 3753 3745
3 3745 3753 3754
3 3745 3754 3746
3 3746 3754 3755
3 3746 3755 3747
3 3747 3755 3756
3 3747 3756 3748
3 3748 3756 3757
3 3748 3757 3749
3 3749 3757 3758
3 3749 3758 3750
3 3750 3758 3759
3 3750 3759 3751
3 3751 3759 3752
3 3751 3752 3744
3 3752 3760 3761
3 3752 3761 3753
3 3753 3761 3762
3 3753 3762 3754
3 3754 3762 3763
3 3754 3763 3755
3 3755 3763 3764
3 3755 3764 3756
3 3756 3764 3765
3 3756 3765 3757
3 3757 3765 3766
3 3757 3766 3758
3 3758 3766 3767
3 3758 3767 3759
3 3759 3767 3760
3 3759 3760 3752
3 3760 3768 3769
3 3760 3769 3761
3 3761 3769 3770
3 3761 3770 3762
3 3762 3770 3771
3 3762 3771 3763
3 3763 3771 3772
3 3763 3772 3764
3 3764 3772 3773
3 3764 3773 3765
3 3765 3773 3774
3 3765 3774 3766
3 3766 3774 3775
3 3766 3775 3767
3 3767 3775 3768
3 3767 3768 3760
3 3768 3776 3777
3 3768 3777 3769
3 3769 3777 3778
3 3769 3778 3770
3 3770 3778 3779
3 3770 3779 3771
3 3771 3779 3780
3 3771 3780 3772
3 3772 3780 3781
3 3772 3781 3773
3 3773 3781 3782
3 3773 3782 3774
3 3774 3782 3783
3 3774 3783 3775
3 3775 3783 3776
3 3775 3776 3768
3 3776 3784 3785
3 3776 3785 3777
3 3777 3785 3786
3 3777 3786 3778
3 3778 3786 3787
3 3778 3787 3779
3 3779 3787 3788
3 3779 3788 3780
3 3780 3788 3789
3 3780 3789 3781
3 3781 3789 3790
3 3781 3790 3782
3 3782 3790 3791
3 3782 3791 3783
3 3783 3791 3784
3 3783 3784 3776
3 3784 3792 3793
3 3784 3793 3785
3 3785 3793 3794
3 3785 3794 3786
3 3786 3794 3795
3 3786 3795 3787
3 3787 3795 3796
3 3787 3796 3788
3 3788 3796 3797
3 3788 3797 3789
3 3789 3797 3798
3 3789 3798 3790
3 3790 3798 3799
3 3790 3799 3791
3 3791 3799 3792
3 3791 3792 3784
3 3792 3800 3801
3 3792 3801 3793
3 3793 3801 3802
3 3793 3802 3794
3 3794 3802 3803
3 3794 3803 3795
3 3795 3803 3804
3 3795 3804 3796
3 3796 3804 3805
3 3796 3805 3797
3 3797 3805 3806
3 3797 3806 3798
3 3798 3806 3807
3 3798 3807 3799
3 3799 3807 3800
3 3799 3800 3792
3 3800 3808 3809
3 3800 3809 3801
3 3801 3809 3810
3 3801 3810 3802
3 3802 3810 3811
3 3802 3811 3803
3 3803 3811 3812
3 3803 3812 3804
3 3804 3812 3813
3 3804 3813 3805
3 3805 3813 3814
3 3805 3814 3806
3 3806 3814 3815
3 3806 3815 3807
3 3807 3815 3808
3 3807 3808 3800
3 3808 3816 3817
3 3808 3817 3809
3 3809 3817 3818
3 3809 3818 3810
3 3810 3818 3819
3 3810 3819 3811
3 3811 3819 3820
3 3811 3820 3812
3 3812 3820 3821
3 3812 3821 3813
3 3813 3821 3822
3 3813 3822 3814
3 3814 3822 3823
3 3814 3823 3815
3 3815 3823 3816
3 3815 3816 3808
3 3816 3824 3825
3 3816 3825 3817
3 3817 3825 3826
3 3817 3826 3818
3 3818 3826 3827
3 3818 3827 3819
3 3819 3827 3828
3 3819 3828 3820
3 3820 3828 3829
3 3820 3829 3821
3 3821 3829 3830
3 3821 3830 3822
3 3822 3830 3831
3 3822 3831 3823
3 3823 3831 3824
3 3823 3824 3816
3 3824 3832 3833
3 3824 3833 3825
3 3825 3833 3834
3 3825 3834 3826
3 3826 3834 3835
3 3826 3835 3827
3 3827 3835 3836
3 3827 3836 3828
3 3828 3836 3837
3 3828 3837 3829
3 3829 3837 3838
3 3829 3838 3830
3 3830 3838 3839
3 3830 3839 3831
3 3831 3839 3832
3 3831 3832 3824
3 3832 3840 3841
3 3832 3841 3833
3 3833 3841 3842
3 3833 3842 3834
3 3834 3842 3843
3 3834 3843 3835
3 3835 3843 3844
3 3835 3844 3836
3 3836 3844 3845
3 3836 3845 3837
3 3837 3845 3846
3 3837 3846 3838
3 3838 3846 3847
3 3838 3847 3839
3 3839 3847 3840
3 3839 3840 3832
3 3840 3848 3849
3 3840 3849 3841
3 3841 3849 3850
3 3841 3850 3842
3 3842 3850 3851
3 3842 3851 3843
3 3843 3851 3852
3 3843 3852 3844
3 3844 3852 3853
3 3844 3853 3845
3 3845 3853 3854
3 3845 3854 3846
3 3846 3854 3855
3 3846 3855 3847
3 3847 3855 3848
3 3847 3848 3840
3 3848 3856 3857
3 3848 3857 3849
3 3849 3857 3858
3 3849 3858 3850
3 3850 3858 3859
3 3850 3859 3851
3 3851 3859 3860
3 3851 3860 3852
3 3852 3860 3861
3 3852 3861 3853
3 3853 3861 3862
3 3853 3862 3854
3 3854 3862 3863
3 3854 3863 3855
3 3855 3863 3856
3 3855 3856 3848
3 3856 3864 3865
3 3856 3865 3857
3 3857 3865 3866
3 3857 3866 3858
3 3858 3866 3867
3 3858 3867 3859
3 3859 3867 3868
3 3859 3868 3860
3 3860 3868 3869
3 3860 3869 3861
3 3861 3869 3870
3 3861 3870 3862
3 3862 3870 3871
3 3862 3871 3863
3 3863 3871 3864
3 3863 3864 3856
3 3864 3872 3873
3 3864 3873 3865
3 3865 3873 3874
3 3865 3874 3866
3 3866 3874 3875
3 3866 3875 3867
3 3867 3875 3876
3 3867 3876 3868
3 3868 3876 3877
3 3868 3877 3869
3 3869 3877 3878
3 3869 3878 3870
3 3870 3878 3879
3 3870 3879 3871
3 3871 3879 3872
3 3871 3872 3864
3 3872 3880 3881
3 3872 3881 3873
3 3873 3881 3882
3 3873 3882 3874
3 3874 3882 3883
3 3874 3883 3875
3 3875 3883 3884
3 3875 3884 3876
3 3876 3884 3885
3 3876 3885 3877
3 3877 3885 3886
3 3877 3886 3878
3 3878 3886 3887
3 3878 3887 3879
3 3879 3887 3880
3 3879 3880 3872
3 3880 3888 3889
3 3880 3889 3881
3 3881 3889 3890
3 3881 3890 3882
3 3882 3890 3891
3 3882 3891 3883
3 3883 3891 3892
3 3883 3892 3884
3 3884 3892 3893
3 3884 3893 3885
3 3885 3893 3894
3 3885 3894 3886
3 3886 3894 3895
3 3886 3895 3887
3 3887 3895 3888
3 3887 3888 3880
3 3888 3896 3897
3 3888 3897 3889
3 3889 3897 3898
3 3889 3898 3890
3 3890 3898 3899
3 3890 3899 3891
3 3891 3899 3900
3 3891 3900 3892
3 3892 3900 3901
3 3892 3901 3893
3 3893 3901 3902
3 3893 3902 3894
3 3894 3902 3903
3 3894 3903 3895
3 3895 3903 3896
3 3895 3896 3888
3 3896 3904 3905
3 3896 3905 3897
3 3897 3905 3906
3 3897 3906 3898
3 3898 3906 3907
3 3898 3907 3899
3 3899 3907 3908
3 3899 3908 3900
3 3900 3908 3909
3 3900 3909 3901
3 3901 3909 3910
3 3901 3910 3902
3 3902 3910 3911
3 3902 3911 3903
3 3903 3911 3904
3 3903 3904 3896
3 3904 3912 3913
3 3904 3913 3905
3 3905 3913 3914
3 3905 3914 3906
3 3906 3914 3915
3 3906 3915 3907
3 3907 3915 3916
3 3907 3916 3908
3 3908 3916 3917
3 3908 3917 3909
3 3909 3917 3918
3 3909 3918 3910
3 3910 3918 3919
3 3910 3919 3911
3 3911 3919 3912
3 3911 3912 3904
3 3912 3920 3921
3 3912 3921 3913
3 3913 3921 3922
3 3913 3922 3914
3 3914 3922 3923
3 3914 3923 3915
3 3915 3923 3924
3 3915 3924 3916
3 3916 3924 3925
3 3916 3925 3917
3 3917 3925 3926
3 3917 3926 3918
3 3918 3926 3927
3 3918 3927 3919
3 3919 3927 3920
3 3919 3920 3912
3 3920 3928 3929
3 3920 3929 3921
3 3921 3929 3930
3 3921 3930 3922
3 3922 3930 3931
3 3922 3931 3923
3 3923 3931 3932
3 3923 3932 3924
3 3924 3932 3933
3 3924 3933 3925
3 3925 3933 3934
3 3925 3934 3926
3 3926 3934 3935
3 3926 3935 3927
3 3927 3935 3928
3 3927 3928 3920
3 3928 3936 3937
3 3928 3937 3929
3 3929 3937 3938
3 3929 3938 3930
3 3930 3938 3939
3 3930 3939 3931
3 3931 3939 3940
3 3931 3940 3932
3 3932 3940 3941
3 3932 3941 3933
3 3933 3941 3942
3 3933 3942 3934
3 3934 3942 3943
3 3934 3943 3935
3 3935 3943 3936
3 3935 3936 3928
3 3936 3944 3945
3 3936 3945 3937
3 3937 3945 3946
3 3937 3946 3938
3 3938 3946 3947
3 3938 3947 3939
3 3939 3947 3948
3 3939 3948 3940
3 3940 3948 3949
3 3940 3949 3941
3 3941 3949 3950
3 3941 3950 3942
3 3942 3950 3951
3 3942 3951 3943
3 3943 3951 3944
3 3943 3944 3936
3 3944 3952 3953
3 3944 3953 3945
3 3945 3953 3954
3 3945 3954 3946
3 3946 3954 3955
3 3946 3955 3947
3 3947 3955 3956
3 3947 3956 3948
3 3948 3956 3957
3 3948 3957 3949
3 3949 3957 3958
3 3949 3958 3950
3 3950 3958 3959
3 3950 3959 3951
3 3951 3959 3952
3 3951 3952 3944
3 3952 3960 3961
3 3952 3961 3953
3 3953 3961 3962
3 3953 3962 3954
3 3954 3962 3963
3 3954 3963 3955
3 3955 3963 3964
3 3955 3964 3956
3 3956 3964 3965
3 3956 3965 3957
3 3957 3965 3966
3 3957 3966 3958
3 3958 3966 3967
3 3958 3967 3959
3 3959 3967 3960
3 3959 3960 3952
3 3960 3968 3969
3 3960 3969 3961
3 3961 3969 3970
3 3961 3970 3962
3 3962 3970 3971
3 3962 3971 3963
3 3963 3971 3972
3 3963 3972 3964
3 3964 3972 3973
3 3964 3973 3965
3 3965 3973 3974
3 3965 3974 3966
3 3966 3974 3975
3 3966 3975 3967
3 3967 3975 3968
3 3967 3968 3960
3 3968 3976 3977
3 3968 3977 3969
3 3969 3977 3978
3 3969 3978 3970
3 3970 3978 3979
3 3970 3979 3971
3 3971 3979 3980
3 3971 3980 3972
3 3972 3980 3981
3 3972 3981 3973
3 3973 3981 3982
3 3973 3982 3974
3 3974 3982 3983
3 3974 3983 3975
3 3975 3983 3976
3 3975 3976 3968
3 3976 3984 3985
3 3976 3985 3977
3 3977 3985 3986
3 3977 3986 3978
3 3978 3986 3987
3 3978 3987 3979
3 3979 3987 3988
3 3979 3988 3980
3 3980 3988 3989
3 3980 3989 3981
3 3981 3989 3990
3 3981 3990 3982
3 3982 3990 3991
3 3982 3991 3983
3 3983 3991 3984
3 3983 3984 3976
3 3984 3992 3993
3 3984 3993 3985
3 3985 3993 3994
3 3985 3994 3986
3 3986 3994 3995
3 3986 3995 3987
3 3987 3995 3996
3 3987 3996 3988
3 3988 3996 3997
3 3988 3997 3989
3 3989 3997 3998
3 3989 3998 3990
3 3990 3998 3999
3 3990 3999 3991
3 3991 3999 3992
3 3991 3992 3984
3 3992 4000 4001
3 3992 4001 3993
3 3993 4001 4002
3 3993 4002 3994
3 3994 4002 4003
3 3994 4003 3995
3 3995 4003 4004
3 3995 4004 3996
3 3996 4004 4005
3 3996 4005 3997
3 3997 4005 4006
3 3997 4006 3998
3 3998 4006 4007
3 3998 4007 3999
3 3999 4007 4000
3 3999 4000 3992
3 4000 4008 4009
3 4000 4009 4001
3 4001 4009 4010
3 4001 4010 4002
3 4002 4010 4011
3 4002 4011 4003
3 4003 4011 4012
3 4003 4012 4004
3 4004 4012 4013
3 4004 4013 4005
3 4005 4013 4014
3 4005 4014 4006
3 4006 4014 4015
3 4006 4015 4007
3 4007 4015 4008
3 4007 4008 4000
3 4008 4016 4017
3 4008 4017 4009
3 4009 4017 4018
3 4009 4018 4010
3 4010 4018 4019
3 4010 4019 4011
3 4011 4019 4020
3 4011 4020 4012
3 4012 4020 4021
3 4012 4021 4013
3 4013 4021 4022
3 4013 4022 4014
3 4014 4022 4023
3 4014 4023 4015
3 4015 4023 4016
3 4015 4016 4008
3 4016 4024 4025
3 4016 4025 4017
3 4017 4025 4026
3 4017 4026 4018
3 4018 4026 4027
3 4018 4027 4019
3 4019 4027 4028
3 4019 4028 4020
3 4020 4028 4029
3 4020 4029 4021
3 4021 4029 4030
3 4021 4030 4022
3 4022 4030 4031
3 4022 4031 4023
3 4023 4031 4024
3 4023 4024 4016
3 4024 4032 4033
3 4024 4033 4025
3 4025 4033 4034
3 4025 4034 4026
3 4026 4034 4035
3 4026 4035 4027
3 4027 4035 4036
3 4027 4036 4028
3 4028 4036 4037
3 4028 4037 4029
3 4029 4037 4038
3 4029 4038 4030
3 4030 4038 4039
3 4030 4039 4031
3 4031 4039 4032
3 4031 4032 4024
3 4032 4040 4041
3 4032 4041 4033
3 4033 4041 4042
3 4033 4042 4034
3 4034 4042 4043
3 4034 4043 4035
3 4035 4043 4044
3 4035 4044 4036
3 4036 4044 4045
3 4036 4045 4037
3 4037 4045 4046
3 4037 4046 4038
3 4038 4046 4047
3 4038 4047 4039
3 4039 4047 4040
3 4039 4040 4032
3 4040 4048 4049
3 4040 4049 4041
3 4041 4049 4050
3 4041 4050 4042
3 4042 4050 4051
3 4042 4051 4043
3 4043 4051 4052
3 4043 4052 4044
3 4044 4052 4053
3 4044 4053 4045
3 4045 4053 4054
3 4045 4054 4046
3 4046 4054 4055
3 4046 4055 4047
3 4047 4055 4048
3 4047 4048 4040
3 4048 4056 4057
3 4048 4057 4049
3 4049 4057 4058
3 4049 4058 4050
3 4050 4058 4059
3 4050 4059 4051
3 4051 4059 4060
3 4051 4060 4052
3 4052 4060 4061
3 4052 4061 4053
3 4053 4061 4062
3 4053 4062 4054
3 4054 4062 4063
3 4054 4063 4055
3 4055 4063 4056
3 4055 4056 4048
3 4056 4064 4065
3 4056 4065 4057
3 4057 4065 4066
3 4057 4066 4058
3 4058 4066 4067
3 4058 4067 4059
3 4059 4067 4068
3 4059 4068 4060
3 4060 4068 4069
3 4060 4069 4061
3 4061 4069 4070
3 4061 4070 4062
3 4062 4070 4071
3 4062 4071 4063
3 4063 4071 4064
3 4063 4064 4056
3 4064 4072 4073
3 4064 4073 4065
3 4065 4073 4074
3 4065 4074 4066
3 4066 4074 4075
3 4066 4075 4067
3 4067 4075 4076
3 4067 4076 4068
3 4068 4076 4077
3 4068 4077 4069
3 4069 4077 4078
3 4069 4078 4070
3 4070 4078 4079
3 4070 4079 4071
3 4071 4079 4072
3 4071 4072 4064
3 4072 4080 4081
3 4072 4081 4073
3 4073 4081 4082
3 4073 4082 4074
3 4074 4082 4083
3 4074 4083 4075
3 4075 4083 4084
3 4075 4084 4076
3 4076 4084 4085
3 4076 4085 4077
3 4077 4085 4086
3 4077 4086 4078
3 4078 4086 4087
3 4078 4087 4079
3 4079 4087 4080
3 4079 4080 4072
3 4080 4088 4089
3 4080 4089 4081
3 4081 4089 4090
3 4081 4090 4082
3 4082 4090 4091
3 4082 4091 4083
3 4083 4091 4092
3 4083 4092 4084
3 4084 4092 4093
3 4084 4093 4085
3 4085 4093 4094
3 4085 4094 4086
3 4086 4094 4095
3 4086 4095 4087
3 4087 4095 4088
3 4087 4088 4080
3 4088 4096 4097
3 4088 4097 4089
3 4089 4097 4098
3 4089 4098 4090
3 4090 4098 4099
3 4090 4099 4091
3 4091 4099 4100
3 4091 4100 4092
3 4092 4100 4101
3 4092 4101 4093
3 4093 4101 4102
3 4093 4102 4094
3 4094 4102 4103
3 4094 4103 4095
3 4095 4103 4096
3 4095 4096 4088
3 4096 4104 4105
3 4096 4105 4097
3 4097 4105 4106
3 4097 4106 4098
3 4098 4106 4107
3 4098 4107 4099
3 4099 4107 4108
3 4099 4108 4100
3 4100 4108 4109
3 4100 4109 4101
3 4101 4109 4110
3 4101 4110 4102
3 4102 4110 4111
3 4102 4111 4103
3 4103 4111 4104
3 4103 4104 4096
3 4104 4112 4113
3 4104 4113 4105
3 4105 4113 4114
3 4105 4114 4106
3 4106 4114 4115
3 4106 4115 4107
3 4107 4115 4116
3 4107 4116 4108
3 4108 4116 4117
3 4108 4117 4109
3 4109 4117 4118
3 4109 4118 4110
3 4110 4118 4119
3 4110 4119 4111
3 4111 4119 4112
3 4111 4112 4104
3 4112 4120 4121
3 4112 4121 4113
3 4113 4121 4122
3 4113 4122 4114
3 4114 4122 4123
3 4114 4123 4115
3 4115 4123 4124
3 4115 4124 4116
3 4116 4124 4125
3 4116 4125 4117
3 4117 4125 4126
3 4117 4126 4118
3 4118 4126 4127
3 4118 4127 4119
3 4119 4127 4120
3 4119 4120 4112
3 4120 4128 4129
3 4120 4129 4121
3 4121 4129 4130
3 4121 4130 4122
3 4122 4130 4131
3 4122 4131 4123
3 4123 4131 4132
3 4123 4132 4124
3 4124 4132 4133
3 4124 4133 4125
3 4125 4133 4134
3 4125 4134 4126
3 4126 4134 4135
3 4126 4135 4127
3 4127 4135 4128
3 4127 4128 4120
3 4128 4136 4137
3 4128 4137 4129
3 4129 4137 4138
3 4129 4138 4130
3 4130 4138 4139
3 4130 4139 4131
3 4131 4139 4140
3 4131 4140 4132
3 4132 4140 4141
3 4132 4141 4133
3 4133 4141 4142
3 4133 4142 4134
3 4134 4142 4143
3 4134 4143 4135
3 4135 4143 4136
3 4135 4136 4128
3 4136 4144 4145
3 4136 4145 4137
3 4137 4145 4146
3 4137 4146 4138
3 4138 4146 4147
3 4138 4147 4139
3 4139 4147 4148
3 4139 4148 4140
3 4140 4148 4149
3 4140 4149 4141
3 4141 4149 4150
3 4141 4150 4142
3 4142 4150 4151
3 4142 4151 4143
3 4143 4151 4144
3 4143 4144 4136
3 4144 4152 4153
3 4144 4153 4145
3 4145 4153 4154
3 4145 4154 4146
3 4146 4154 4155
3 4146 4155 4147
3 4147 4155 4156
3 4147 4156 4148
3 4148 4156 4157
3 4148 4157 4149
3 4149 4157 4158
3 4149 4158 4150
3 4150 4158 4159
3 4150 4159 4151
3 4151 4159 4152
3 4151 4152 4144
3 4152 4160 4161
3 4152 4161 4153
3 4153 4161 4162
3 4153 4162 4154
3 4154 4162 4163
3 4154 4163 4155
3 4155 4163 4164
3 4155 4164 4156
3 4156 4164 4165
3 4156 4165 4157
3 4157 4165 4166
3 4157 4166 4158
3 4158 4166 4167
3 4158 4167 4159
3 4159 4167 4160
3 4159 4160 4152
3 4160 4168 4169
3 4160 4169 4161
3 4161 4169 4170
3 4161 4170 4162
3 4162 4170 4171
3 4162 4171 4163
3 4163 4171 4172
3 4163 4172 4164
3 4164 4172 4173
3 4164 4173 4165
3 4165 4173 4174
3 4165 4174 4166
3 4166 4174 4175
3 4166 4175 4167
3 4167 4175 4168
3 4167 4168 4160
3 4168 4176 4177
3 4168 4177 4169
3 4169 4177 4178
3 4169 4178 4170
3 4170 4178 4179
3 4170 4179 4171
3 4171 4179 4180
3 4171 4180 4172
3 4172 4180 4181
3 4172 4181 4173
3 4173 4181 4182
3 4173 4182 4174
3 4174 4182 4183
3 4174 4183 4175
3 4175 4183 4176
3 4175 4176 4168
3 4176 4184 4185
3 4176 4185 4177
3 4177 4185 4186
3 4177 4186 4178
3 4178 4186 4187
3 4178 4187 4179
3 4179 4187 4188
3 4179 4188 4180
3 4180 4188 4189
3 4180 4189 4181
3 4181 4189 4190
3 4181 4190 4182
3 4182 4190 4191
3 4182 4191 4183
3 4183 4191 4184
3 4183 4184 4176
3 4184 4192 4193
3 4184 4193 4185
3 4185 4193 4194
3 4185 4194 4186
3 4186 4194 4195
3 4186 4195 4187
3 4187 4195 4196
3 4187 4196 4188
3 4188 4196 4197
3 4188 4197 4189
3 4189 4197 4198
3 4189 4198 4190
3 4190 4198 4199
3 4190 4199 4191
3 4191 4199 4192
3 4191 4192 4184
3 4192 4200 4201
3 4192 4201 4193
3 4193 4201 4202
3 4193 4202 4194
3 4194 4202 4203
3 4194 4203 4195
3 4195 4203 4204
3 4195 4204 4196
3 4196 4204 4205
3 4196 4205 4197
3 4197 4205 4206
3 4197 4206 4198
3 4198 4206 4207
3 4198 4207 4199
3 4199 4207 4200
3 4199 4200 4192
3 4200 4208 4209
3 4200 4209 4201
3 4201 4209 4210
3 4201 4210 4202
3 4202 4210 4211
3 4202 4211 4203
3 4203 4211 4212
3 4203 4212 4204
3 4204 4212 4213
3 4204 4213 4205
3 4205 4213 4214
3 4205 4214 4206
3 4206 4214 4215
3 4206 4215 4207
3 4207 4215 4208
3 4207 4208 4200
3 4208 4216 4217
3 4208 4217 4209
3 4209 4217 4218
3 4209 4218 4210
3 4210 4218 4219
3 4210 4219 4211
3 4211 4219 4220
3 4211 4220 4212
3 4212 4220 4221
3 4212 4221 4213
3 4213 4221 4222
3 4213 4222 4214
3 4214 4222 4223
3 4214 4223 4215
3 4215 4223 4216
3 4215 4216 4208
3 4216 4224 4225
3 4216 4225 4217
3 4217 4225 4226
3 4217 4226 4218
3 4218 4226 4227
3 4218 4227 4219
3 4219 4227 4228
3 4219 4228 4220
3 4220 4228 4229
3 4220 4229 4221
3 4221 4229 4230
3 4221 4230 4222
3 4222 4230 4231
3 4222 4231 4223
3 4223 4231 4224
3 4223 4224 4216
3 4224 4232 4233
3 4224 4233 4225
3 4225 4233 4234
3 4225 4234 4226
3 4226 4234 4235
3 4226 4235 4227
3 4227 4235 4236
3 4227 4236 4228
3 4228 4236 4237
3 4228 4237 4229
3 4229 4237 4238
3 4229 4238 4230
3 4230 4238 4239
3 4230 4239 4231
3 4231 4239 4232
3 4231 4232 4224
3 4232 4240 4241
3 4232 4241 4233
3 4233 4241 4242
3 4233 4242 4234
3 4234 4242 4243
3 4234 4243 4235
3 4235 4243 4244
3 4235 4244 4236
3 4236 4244 4245
3 4236 4245 4237
3 4237 4245 4246
3 4237 4246 4238
3 4238 4246 4247
3 4238 4247 4239
3 4239 4247 4240
3 4239 4240 4232
3 4240 4248 4249
3 4240 4249 4241
3 4241 4249 4250
3 4241 4250 4242
3 4242 4250 4251
3 4242 4251 4243
3 4243 4251 4252
3 4243 4252 4244
3 4244 4252 4253
3 4244 4253 4245
3 4245 4253 4254
3 4245 4254 4246
3 4246 4254 4255
3 4246 4255 4247
3 4247 4255 4248
3 4247 4248 4240
3 4248 4256 4257
3 4248 4257 4249
3 4249 4257 4258
3 4249 4258 4250
3 4250 4258 4259
3 4250 4259 4251
3 4251 4259 4260
3 4251 4260 4252
3 4252 4260 4261
3 4252 4261 4253
3 4253 4261 4262
3 4253 4262 4254
3 4254 4262 4263
3 4254 4263 4255
3 4255 4263 4256
3 4255 4256 4248
3 4256 4264 4265
3 4256 4265 4257
3 4257 4265 4266
3 4257 4266 4258
3 4258 4266 4267
3 4258 4267 4259
3 4259 4267 4268
3 4259 4268 4260
3 4260 4268 4269
3 4260 4269 4261
3 4261 4269 4270
3 4261 4270 4262
3 4262 4270 4271
3 4262 4271 4263
3 4263 4271 4264
3 4263 4264 4256
3 4264 4272 4273
3 4264 4273 4265
3 4265 4273 4274
3 4265 4274 4266
3 4266 4274 4275
3 4266 4275 4267
3 4267 4275 4276
3 4267 4276 4268
3 4268 4276 4277
3 4268 4277 4269
3 4269 4277 4278
3 4269 4278 4270
3 4270 4278 4279
3 4270 4279 4271
3 4271 4279 4272
3 4271 4272 4264
3 4272 4280 4281
3 4272 4281 4273
3 4273 4281 4282
3 4273 4282 4274
3 4274 4282 4283
3 4274 4283 4275
3 4275 4283 4284
3 4275 4284 4276
3 4276 4284 4285
3 4276 4285 4277
3 4277 4285 4286
3 4277 4286 4278
3 4278 4286 4287
3 4278 4287 4279
3 4279 4287 4280
3 4279 4280 4272
3 4280 4288 4289
3 4280 4289 4281
3 4281 4289 4290
3 4281 4290 4282
3 4282 4290 4291
3 4282 4291 4283
3 4283 4291 4292
3 4283 4292 4284
3 4284 4292 4293
3 4284 4293 4285
3 4285 4293 4294
3 4285 4294 4286
3 4286 4294 4295
3 4286 4295 4287
3 4287 4295 4288
3 4287 4288 4280
3 4288 4296 4297
3 4288 4297 4289
3 4289 4297 4298
3 4289 4298 4290
3 4290 4298 4299
3 4290 4299 4291
3 4291 4299 4300
3 4291 4300 4292
3 4292 4300 4301
3 4292 4301 4293
3 4293 4301 4302
3 4293 4302 4294
3 4294 4302 4303
3 4294 4303 4295
3 4295 4303 4296
3 4295 4296 4288
3 4296 4304 4305
3 4296 4305 4297
3 4297 4305 4306
3 4297 4306 4298
3 4298 4306 4307
3 4298 4307 4299
3 4299 4307 4308
3 4299 4308 4300
3 4300 4308 4309
3 4300 4309 4301
3 4301 4309 4310
3 4301 4310 4302
3 4302 4310 4311
3 4302 4311 4303
3 4303 4311 4304
3 4303 4304 4296
3 4304 4312 4313
3 4304 4313 4305
3 4305 4313 4314
3 4305 4314 4306
3 4306 4314 4315
3 4306 4315 4307
3 4307 4315 4316
3 4307 4316 4308
3 4308 4316 4317
3 4308 4317 4309
3 4309 4317 4318
3 4309 4318 4310
3 4310 4318 4319
3 4310 4319 4311
3 4311 4319 4312
3 4311 4312 4304
3 4312 4320 4321
3 4312 4321 4313
3 4313 4321 4322
3 4313 4322 4314
3 4314 4322 4323
3 4314 4323 4315
3 4315 4323 4324
3 4315 4324 4316
3 4316 4324 4325
3 4316 4325 4317
3 4317 4325 4326
3 4317 4326 4318
3 4318 4326 4327
3 4318 4327 4319
3 4319 4327 4320
3 4319 4320 4312
3 4320 4328 4329
3 4320 4329 4321
3 4321 4329 4330
3 4321 4330 4322
3 4322 4330 4331
3 4322 4331 4323
3 4323 4331 4332
3 4323 4332 4324
3 4324 4332 4333
3 4324 4333 4325
3 4325 4333 4334
3 4325 4334 4326
3 4326 4334 4335
3 4326 4335 4327
3 4327 4335 4328
3 4327 4328 4320
3 4328 4336 4337
3 4328 4337 4329
3 4329 4337 4338
3 4329 4338 4330
3 4330 4338 4339
3 4330 4339 4331
3 4331 4339 4340
3 4331 4340 4332
3 4332 4340 4341
3 4332 4341 4333
3 4333 4341 4342
3 4333 4342 4334
3 4334 4342 4343
3 4334 4343 4335
3 4335 4343 4336
3 4335 4336 4328
3 4336 4344 4345
3 4336 4345 4337
3 4337 4345 4346
3 4337 4346 4338
3 4338 4346 4347
3 4338 4347 4339
3 4339 4347 4348
3 4339 4348 4340
3 4340 4348 4349
3 4340 4349 4341
3 4341 4349 4350
3 4341 4350 4342
3 4342 4350 4351
3 4342 4351 4343
3 4343 4351 4344
3 4343 4344 4336
3 4344 4352 4353
3 4344 4353 4345
3 4345 4353 4354
3 4345 4354 4346
3 4346 4354 4355
3 4346 4355 4347
3 4347 4355 4356
3 4347 4356 4348
3 4348 4356 4357
3 4348 4357 4349
3 4349 4357 4358
3 4349 4358 4350
3 4350 4358 4359
3 4350 4359 4351
3 4351 4359 4352
3 4351 4352 4344
3 4352 4360 4361
3 4352 4361 4353
3 4353 4361 4362
3 4353 4362 4354
3 4354 4362 4363
3 4354 4363 4355
3 4355 4363 4364
3 4355 4364 4356
3 4356 4364 4365
3 4356 4365 4357
3 4357 4365 4366
3 4357 4366 4358
3 4358 4366 4367
3 4358 4367 4359
3 4359 4367 4360
3 4359 4360 4352
3 4360 4368 4369
3 4360 4369 4361
3 4361 4369 4370
3 4361 4370 4362
3 4362 4370 4371
3 4362 4371 4363
3 4363 4371 4372
3 4363 4372 4364
3 4364 4372 4373
3 4364 4373 4365
3 4365 4373 4374
3 4365 4374 4366
3 4366 4374 4375
3 4366 4375 4367
3 4367 4375 4368
3 4367 4368 4360
3 4368 4376 4377
3 4368 4377 4369
3 4369 4377 4378
3 4369 4378 4370
3 4370 4378 4379
3 4370 4379 4371
3 4371 4379 4380
3 4371 4380 4372
3 4372 4380 4381
3 4372 4381 4373
3 4373 4381 4382
3 4373 4382 4374
3 4374 4382 4383
3 4374 4383 4375
3 4375 4383 4376
3 4375 4376 4368
3 4376 4384 4385
3 4376 4385 4377
3 4377 4385 4386
3 4377 4386 4378
3 4378 4386 4387
3 4378 4387 4379
3 4379 4387 4388
3 4379 4388 4380
3 4380 4388 4389
3 4380 4389 4381
3 4381 4389 4390
3 4381 4390 4382
3 4382 4390 4391
3 4382 4391 4383
3 4383 4391 4384
3 4383 4384 4376
3 4384 4392 4393
3 4384 4393 4385
3 4385 4393 4394
3 4385 4394 4386
3 4386 4394 4395
3 4386 4395 4387
3 4387 4395 4396
3 4387 4396 4388
3 4388 4396 4397
3 4388 4397 4389
3 4389 4397 4398
3 4389 4398 4390
3 4390 4398 4399
3 4390 4399 4391
3 4391 4399 4392
3 4391 4392 4384
3 4392 4400 4401
3 4392 4401 4393
3 4393 4401 4402
3 4393 4402 4394
3 4394 4402 4403
3 4394 4403 4395
3 4395 4403 4404
3 4395 4404 4396
3 4396 4404 4405
3 4396 4405 4397
3 4397 4405 4406
3 4397 4406 4398
3 4398 4406 4407
3 4398 4407 4399
3 4399 4407 4400
3 4399 4400 4392
3 4400 4408 4409
3 4400 4409 4401
3 4401 4409 4410
3 4401 4410 4402
3 4402 4410 4411
3 4402 4411 4403
3 4403 4411 4412
3 4403 4412 4404
3 4404 4412 4413
3 4404 4413 4405
3 4405 4413 4414
3 4405 4414 4406
3 4406 4414 4415
3 4406 4415 4407
3 4407 4415 4408
3 4407 4408 4400
3 4408 4416 4417
3 4408 4417 4409
3 4409 4417 4418
3 4409 4418 4410
3 4410 4418 4419
3 4410 4419 4411
3 4411 4419 4420
3 4411 4420 4412
3 4412 4420 4421
3 4412 4421 4413
3 4413 4421 4422
3 4413 4422 4414
3 4414 4422 4423
3 4414 4423 4415
3 4415 4423 4416
3 4415 4416 4408
3 4416 4424 4425
3 4416 4425 4417
3 4417 4425 4426
3 4417 4426 4418
3 4418 4426 4427
3 4418 4427 4419
3 4419 4427 4428
3 4419 4428 4420
3 4420 4428 4429
3 4420 4429 4421
3 4421 4429 4430
3 4421 4430 4422
3 4422 4430 4431
3 4422 4431 4423
3 4423 4431 4424
3 4423 4424 4416
3 4424 4432 4433
3 4424 4433 4425
3 4425 4433 4434
3 4425 4434 4426
3 4426 4434 4435
3 4426 4435 4427
3 4427 4435 4436
3 4427 4436 4428
3 4428 4436 4437
3 4428 4437 4429
3 4429 4437 4438
3 4429 4438 4430
3 4430 4438 4439
3 4430 4439 4431
3 4431 4439 4432
3 4431 4432 4424
3 4432 4440 4441
3 4432 4441 4433
3 4433 4441 4442
3 4433 4442 4434
3 4434 4442 4443
3 4434 4443 4435
3 4435 4443 4444
3 4435 4444 4436
3 4436 4444 4445
3 4436 4445 4437
3 4437 4445 4446
3 4437 4446 4438
3 4438 4446 4447
3 4438 4447 4439
3 4439 4447 4440
3 4439 4440 4432
3 4440 4448 4449
3 4440 4449 4441
3 4441 4449 4450
3 4441 4450 4442
3 4442 4450 4451
3 4442 4451 4443
3 4443 4451 4452
3 4443 4452 4444
3 4444 4452 4453
3 4444 4453 4445
3 4445 4453 4454
3 4445 4454 4446
3 4446 4454 4455
3 4446 4455 4447
3 4447 4455 4448
3 4447 4448 4440
3 4448 4456 4457
3 4448 4457 4449
3 4449 4457 4458
3 4449 4458 4450
3 4450 4458 4459
3 4450 4459 4451
3 4451 4459 4460
3 4451 4460 4452
3 4452 4460 4461
3 4452 4461 4453
3 4453 4461 4462
3 4453 4462 4454
3 4454 4462 4463
3 4454 4463 4455
3 4455 4463 4456
3 4455 4456 4448
3 4456 4464 4465
3 4456 4465 4457
3 4457 4465 4466
3 4457 4466 4458
3 4458 4466 4467
3 4458 4467 4459
3 4459 4467 4468
3 4459 4468 4460
3 4460 4468 4469
3 4460 4469 4461
3 4461 4469 4470
3 4461 4470 4462
3 4462 4470 4471
3 4462 4471 4463
3 4463 4471 4464
3 4463 4464 4456
3 4464 4472 4473
3 4464 4473 4465
3 4465 4473 4474
3 4465 4474 4466
3 4466 4474 4475
3 4466 4475 4467
3 4467 4475 4476
3 4467 4476 4468
3 4468 4476 4477
3 4468 4477 4469
3 4469 4477 4478
3 4469 4478 4470
3 4470 4478 4479
3 4470 4479 4471
3 4471 4479 4472
3 4471 4472 4464
3 4472 4480 4481
3 4472 4481 4473
3 4473 4481 4482
3 4473 4482 4474
3 4474 4482 4483
3 4474 4483 4475
3 4475 4483 4484
3 4475 4484 4476
3 4476 4484 4485
3 4476 4485 4477
3 4477 4485 4486
3 4477 4486 4478
3 4478 4486 4487
3 4478 4487 4479
3 4479 4487 4480
3 4479 4480 4472
3 4480 4488 4489
3 4480 4489 4481
3 4481 4489 4490
3 4481 4490 4482
3 4482 4490 4491
3 4482 4491 4483
3 4483 4491 4492
3 4483 4492 4484
3 4484 4492 4493
3 4484 4493 4485
3 4485 4493 4494
3 4485 4494 4486
3 4486 4494 4495
3 4486 4495 4487
3 4487 4495 4488
3 4487 4488 4480
3 4488 4496 4497
3 4488 4497 4489
3 4489 4497 4498
3 4489 4498 4490
3 4490 4498 4499
3 4490 4499 4491
3 4491 4499 4500
3 4491 4500 4492
3 4492 4500 4501
3 4492 4501 4493
3 4493 4501 4502
3 4493 4502 4494
3 4494 4502 4503
3 4494 4503 4495
3 4495 4503 4496
3 4495 4496 4488
3 4496 4504 4505
3 4496 4505 4497
3 4497 4505 4506
3 4497 4506 4498
3 4498 4506 4507
3 4498 4507 4499
3 4499 4507 4508
3 4499 4508 4500
3 4500 4508 4509
3 4500 4509 4501
3 4501 4509 4510
3 4501 4510 4502
3 4502 4510 4511
3 4502 4511 4503
3 4503 4511 4504
3 4503 4504 4496
3 4504 4512 4513
3 4504 4513 4505
3 4505 4513 4514
3 4505 4514 4506
3 4506 4514 4515
3 4506 4515 4507
3 4507 4515 4516
3 4507 4516 4508
3 4508 4516 4517
3 4508 4517 4509
3 4509 4517 4518
3 4509 4518 4510
3 4510 4518 4519
3 4510 4519 4511
3 4511 4519 4512
3 4511 4512 4504
3 4512 4520 4521
3 4512 4521 4513
3 4513 4521 4522
3 4513 4522 4514
3 4514 4522 4523
3 4514 4523 4515
3 4515 4523 4524
3 4515 4524 4516
3 4516 4524 4525
3 4516 4525 4517
3 4517 4525 4526
3 4517 4526 4518
3 4518 4526 4527
3 4518 4527 4519
3 4519 4527 4520
3 4519 4520 4512
3 4520 4528 4529
3 4520 4529 4521
3 4521 4529 4530
3 4521 4530 4522
3 4522 4530 4531
3 4522 4531 4523
3 4523 4531 4532
3 4523 4532 4524
3 4524 4532 4533
3 4524 4533 4525
3 4525 4533 4534
3 4525 4534 4526
3 4526 4534 4535
3 4526 4535 4527
3 4527 4535 4528
3 4527 4528 4520
3 4528 4536 4537
3 4528 4537 4529
3 4529 4537 4538
3 4529 4538 4530
3 4530 4538 4539
3 4530 4539 4531
3 4531 4539 4540
3 4531 4540 4532
3 4532 4540 4541
3 4532 4541 4533
3 4533 4541 4542
3 4533 4542 4534
3 4534 4542 4543
3 4534 4543 4535
3 4535 4543 4536
3 4535 4536 4528
3 4536 4544 4545
3 4536 4545 4537
3 4537 4545 4546
3 4537 4546 4538
3 4538 4546 4547
3 4538 4547 4539
3 4539 4547 4548
3 4539 4548 4540
3 4540 4548 4549
3 4540 4549 4541
3 4541 4549 4550
3 4541 4550 4542
3 4542 4550 4551
3 4542 4551 4543
3 4543 4551 4544
3 4543 4544 4536
3 4544 4552 4553
3 4544 4553 4545
3 4545 4553 4554
3 4545 4554 4546
3 4546 4554 4555
3 4546 4555 4547
3 4547 4555 4556
3 4547 4556 4548
3 4548 4556 4557
3 4548 4557 4549
3 4549 4557 4558
3 4549 4558 4550
3 4550 4558 4559
3 4550 4559 4551
3 4551 4559 4552
3 4551 4552 4544
3 4552 4560 4561
3 4552 4561 4553
3 4553 4561 4562
3 4553 4562 4554
3 4554 4562 4563
3 4554 4563 4555
3 4555 4563 4564
3 4555 4564 4556
3 4556 4564 4565
3 4556 4565 4557
3 4557 4565 4566
3 4557 4566 4558
3 4558 4566 4567
3 4558 4567 4559
3 4559 4567 4560
3 4559 4560 4552
3 4560 4568 4569
3 4560 4569 4561
3 4561 4569 4570
3 4561 4570 4562
3 4562 4570 4571
3 4562 4571 4563
3 4563 4571 4572
3 4563 4572 4564
3 4564 4572 4573
3 4564 4573 4565
3 4565 4573 4574
3 4565 4574 4566
3 4566 4574 4575
3 4566 4575 4567
3 4567 4575 4568
3 4567 4568 4560
3 4568 4576 4577
3 4568 4577 4569
3 4569 4577 4578
3 4569 4578 4570
3 4570 4578 4579
3 4570 4579 4571
3 4571 4579 4580
3 4571 4580 4572
3 4572 4580 4581
3 4572 4581 4573
3 4573 4581 4582
3 4573 4582 4574
3 4574 4582 4583
3 4574 4583 4575
3 4575 4583 4576
3 4575 4576 4568
3 4576 4584 4585
3 4576 4585 4577
3 4577 4585 4586
3 4577 4586 4578
3 4578 4586 4587
3 4578 4587 4579
3 4579 4587 4588
3 4579 4588 4580
3 4580 4588 4589
3 4580 4589 4581
3 4581 4589 4590
3 4581 4590 4582
3 4582 4590 4591
3 4582 4591 4583
3 4583 4591 4584
3 4583 4584 4576
3 4584 4592 4593
3 4584 4593 4585
3 4585 4593 4594
3 4585 4594 4586
3 4586 4594 4595
3 4586 4595 4587
3 4587 4595 4596
3 4587 4596 4588
3 4588 4596 4597
3 4588 4597 4589
3 4589 4597 4598
3 4589 4598 4590
3 4590 4598 4599
3 4590 4599 4591
3 4591 4599 4592
3 4591 4592 4584
3 4592 4600 4601
3 4592 4601 4593
3 4593 4601 4602
3 4593 4602 4594
3 4594 4602 4603
3 4594 4603 4595
3 4595 4603 4604
3 4595 4604 4596
3 4596 4604 4605
3 4596 4605 4597
3 4597 4605 4606
3 4597 4606 4598
3 4598 4606 4607
3 4598 4607 4599
3 4599 4607 4600
3 4599 4600 4592
3 4600 4608 4609
3 4600 4609 4601
3 4601 4609 4610
3 4601 4610 4602
3 4602 4610 4611
3 4602 4611 4603
3 4603 4611 4612
3 4603 4612 4604
3 4604 4612 4613
3 4604 4613 4605
3 4605 4613 4614
3 4605 4614 4606
3 4606 4614 4615
3 4606 4615 4607
3 4607 4615 4608
3 4607 4608 4600
3 4608 4616 4617
3 4608 4617 4609
3 4609 4617 4618
3 4609 4618 4610
3 4610 4618 4619
3 4610 4619 4611
3 4611 4619 4620
3 4611 4620 4612
3 4612 4620 4621
3 4612 4621 4613
3 4613 4621 4622
3 4613 4622 4614
3 4614 4622 4623
3 4614 4623 4615
3 4615 4623 4616
3 4615 4616 4608
3 4616 4624 4625
3 4616 4625 4617
3 4617 4625 4626
3 4617 4626 4618
3 4618 4626 4627
3 4618 4627 4619
3 4619 4627 4628
3 4619 4628 4620
3 4620 4628 4629
3 4620 4629 4621
3 4621 4629 4630
3 4621 4630 4622
3 4622 4630 4631
3 4622 4631 4623
3 4623 4631 4624
3 4623 4624 4616
3 4624 4632 4633
3 4624 4633 4625
3 4625 4633 4634
3 4625 4634 4626
3 4626 4634 4635
3 4626 4635 4627
3 4627 4635 4636
3 4627 4636 4628
3 4628 4636 4637
3 4628 4637 4629
3 4629 4637 4638
3 4629 4638 4630
3 4630 4638 4639
3 4630 4639 4631
3 4631 4639 4632
3 4631 4632 4624
3 4632 4640 4641
3 4632 4641 4633
3 4633 4641 4642
3 4633 4642 4634
3 4634 4642 4643
3 4634 4643 4635
3 4635 4643 4644
3 4635 4644 4636
3 4636 4644 4645
3 4636 4645 4637
3 4637 4645 4646
3 4637 4646 4638
3 4638 4646 4647
3 4638 4647 4639
3 4639 4647 4640
3 4639 4640 4632
3 4640 4648 4649
3 4640 4649 4641
3 4641 4649 4650
3 4641 4650 4642
3 4642 4650 4651
3 4642 4651 4643
3 4643 4651 4652
3 4643 4652 4644
3 4644 4652 4653
3 4644 4653 4645
3 4645 4653 4654
3 4645 4654 4646
3 4646 4654 4655
3 4646 4655 4647
3 4647 4655 4648
3 4647 4648 4640
3 4648 4656 4657
3 4648 4657 4649
3 4649 4657 4658
3 4649 4658 4650
3 4650 4658 4659
3 4650 4659 4651
3 4651 4659 4660
3 4651 4660 4652
3 4652 4660 4661
3 4652 4661 4653
3 4653 4661 4662
3 4653 4662 4654
3 4654 4662 4663
3 4654 4663 4655
3 4655 4663 4656
3 4655 4656 4648
3 4656 4664 4665
3 4656 4665 4657
3 4657 4665 4666
3 4657 4666 4658
3 4658 4666 4667
3 4658 4667 4659
3 4659 4667 4668
3 4659 4668 4660
3 4660 4668 4669
3 4660 4669 4661
3 4661 4669 4670
3 4661 4670 4662
3 4662 4670 4671
3 4662 4671 4663
3 4663 4671 4664
3 4663 4664 4656
3 4664 4672 4673
3 4664 4673 4665
3 4665 4673 4674
3 4665 4674 4666
3 4666 4674 4675
3 4666 4675 4667
3 4667 4675 4676
3 4667 4676 4668
3 4668 4676 4677
3 4668 4677 4669
3 4669 4677 4678
3 4669 4678 4670
3 4670 4678 4679
3 4670 4679 4671
3 4671 4679 4672
3 4671 4672 4664
3 4672 4680 4681
3 4672 4681 4673
3 4673 4681 4682
3 4673 4682 4674
3 4674 4682 4683
3 4674 4683 4675
3 4675 4683 4684
3 4675 4684 4676
3 4676 4684 4685
3 4676 4685 4677
3 4677 4685 4686
3 4677 4686 4678
3 4678 4686 4687
3 4678 4687 4679
3 4679 4687 4680
3 4679 4680 4672
3 4680 4688 4689
3 4680 4689 4681
3 4681 4689 4690
3 4681 4690 4682
3 4682 4690 4691
3 4682 4691 4683
3 4683 4691 4692
3 4683 4692 4684
3 4684 4692 4693
3 4684 4693 4685
3 4685 4693 4694
3 4685 4694 4686
3 4686 4694 4695
3 4686 4695 4687
3 4687 4695 4688
3 4687 4688 4680
3 4688 4696 4697
3 4688 4697 4689
3 4689 4697 4698
3 4689 4698 4690
3 4690 4698 4699
3 4690 4699 4691
3 4691 4699 4700
3 4691 4700 4692
3 4692 4700 4701
3 4692 4701 4693
3 4693 4701 4702
3 4693 4702 4694
3 4694 4702 4703
3 4694 4703 4695
3 4695 4703 4696
3 4695 4696 4688
3 4696 4704 4705
3 4696 4705 4697
3 4697 4705 4706
3 4697 4706 4698
3 4698 4706 4707
3 4698 4707 4699
3 4699 4707 4708
3 4699 4708 4700
3 4700 4708 4709
3 4700 4709 4701
3 4701 4709 4710
3 4701 4710 4702
3 4702 4710 4711
3 4702 4711 4703
3 4703 4711 4704
3 4703 4704 4696
3 4704 4712 4713
3 4704 4713 4705
3 4705 4713 4714
3 4705 4714 4706
3 4706 4714 4715
3 4706 4715 4707
3 4707 4715 4716
3 4707 4716 4708
3 4708 4716 4717
3 4708 4717 4709
3 4709 4717 4718
3 4709 4718 4710
3 4710 4718 4719
3 4710 4719 4711
3 4711 4719 4712
3 4711 4712 4704
3 4712 4720 4721
3 4712 4721 4713
3 4713 4721 4722
3 4713 4722 4714
3 4714 4722 4723
3 4714 4723 4715
3 4715 4723 4724
3 4715 4724 4716
3 4716 4724 4725
3 4716 4725 4717
3 4717 4725 4726
3 4717 4726 4718
3 4718 4726 4727
3 4718 4727 4719
3 4719 4727 4720
3 4719 4720 4712
3 4720 4728 4729
3 4720 4729 4721
3 4721 4729 4730
3 4721 4730 4722
3 4722 4730 4731
3 4722 4731 4723
3 4723 4731 4732
3 4723 4732 4724
3 4724 4732 4733
3 4724 4733 4725
3 4725 4733 4734
3 4725 4734 4726
3 4726 4734 4735
3 4726 4735 4727
3 4727 4735 4728
3 4727 4728 4720
3 4728 4736 4737
3 4728 4737 4729
3 4729 4737 4738
3 4729 4738 4730
3 4730 4738 4739
3 4730 4739 4731
3 4731 4739 4740
3 4731 4740 4732
3 4732 4740 4741
3 4732 4741 4733
3 4733 4741 4742
3 4733 4742 4734
3 4734 4742 4743
3 4734 4743 4735
3 4735 4743 4736
3 4735 4736 4728
3 4736 4744 4745
3 4736 4745 4737
3 4737 4745 4746
3 4737 4746 4738
3 4738 4746 4747
3 4738 4747 4739
3 4739 4747 4748
3 4739 4748 4740
3 4740 4748 4749
3 4740 4749 4741
3 4741 4749 4750
3 4741 4750 4742
3 4742 4750 4751
3 4742 4751 4743
3 4743 4751 4744
3 4743 4744 4736
3 4744 4752 4753
3 4744 4753 4745
3 4745 4753 4754
3 4745 4754 4746
3 4746 4754 4755
3 4746 4755 4747
3 4747 4755 4756
3 4747 4756 4748
3 4748 4756 4757
3 4748 4757 4749
3 4749 4757 4758
3 4749 4758 4750
3 4750 4758 4759
3 4750 4759 4751
3 4751 4759 4752
3 4751 4752 4744
3 4752 4760 4761
3 4752 4761 4753
3 4753 4761 4762
3 4753 4762 4754
3 4754 4762 4763
3 4754 4763 4755
3 4755 4763 4764
3 4755 4764 4756
3 4756 4764 4765
3 4756 4765 4757
3 4757 4765 4766
3 4757 4766 4758
3 4758 4766 4767
3 4758 4767 4759
3 4759 4767 4760
3 4759 4760 4752
3 4760 4768 4769
3 4760 4769 4761
3 4761 4769 4770
3 4761 4770 4762
3 4762 4770 4771
3 4762 4771 4763
3 4763 4771 4772
3 4763 4772 4764
3 4764 4772 4773
3 4764 4773 4765
3 4765 4773 4774
3 4765 4774 4766
3 4766 4774 4775
3 4766 4775 4767
3 4767 4775 4768
3 4767 4768 4760
3 4768 4776 4777
3 4768 4777 4769
3 4769 4777 4778
3 4769 4778 4770
3 4770 4778 4779
3 4770 4779 4771
3 4771 4779 4780
3 4771 4780 4772
3 4772 4780 4781
3 4772 4781 4773
3 4773 4781 4782
3 4773 4782 4774
3 4774 4782 4783
3 4774 4783 4775
3 4775 4783 4776
3 4775 4776 4768
3 4776 4784 4785
3 4776 4785 4777
3 4777 4785 4786
3 4777 4786 4778
3 4778 4786 4787
3 4778 4787 4779
3 4779 4787 4788
3 4779 4788 4780
3 4780 4788 4789
3 4780 4789 4781
3 4781 4789 4790
3 4781 4790 4782
3 4782 4790 4791
3 4782 4791 4783
3 4783 4791 4784
3 4783 4784 4776
3 4784 4792 4793
3 4784 4793 4785
3 4785 4793 4794
3 4785 4794 4786
3 4786 4794 4795
3 4786 4795 4787
3 4787 4795 4796
3 4787 4796 4788
3 4788 4796 4797
3 4788 4797 4789
3 4789 4797 4798
3 4789 4798 4790
3 4790 4798 4799
3 4790 4799 4791
3 4791 4799 4792
3 4791 4792 4784
3 4792 4800 4801
3 4792 4801 4793
3 4793 4801 4802
3 4793 4802 4794
3 4794 4802 4803
3 4794 4803 4795
3 4795 4803 4804
3 4795 4804 4796
3 4796 4804 4805
3 4796 4805 4797
3 4797 4805 4806
3 4797 4806 4798
3 4798 4806 4807
3 4798 4807 4799
3 4799 4807 4800
3 4799 4800 4792
3 4800 4808 4809
3 4800 4809 4801
3 4801 4809 4810
3 4801 4810 4802
3 4802 4810 4811
3 4802 4811 4803
3 4803 4811 4812
3 4803 4812 4804
3 4804 4812 4813
3 4804 4813 4805
3 4805 4813 4814
3 4805 4814 4806
3 4806 4814 4815
3 4806 4815 4807
3 4807 4815 4808
3 4807 4808 4800
3 4808 4816 4817
3 4808 4817 4809
3 4809 4817 4818
3 4809 4818 4810
3 4810 4818 4819
3 4810 4819 4811
3 4811 4819 4820
3 4811 4820 4812
3 4812 4820 4821
3 4812 4821 4813
3 4813 4821 4822
3 4813 4822 4814
3 4814 4822 4823
3 4814 4823 4815
3 4815 4823 4816
3 4815 4816 4808
3 4816 4824 4825
3 4816 4825 4817
3 4817 4825 4826
3 4817 4826 4818
3 4818 4826 4827
3 4818 4827 4819
3 4819 4827 4828
3 4819 4828 4820
3 4820 4828 4829
3 4820 4829 4821
3 4821 4829 4830
3 4821 4830 4822
3 4822 4830 4831
3 4822 4831 4823
3 4823 4831 4824
3 4823 4824 4816
3 4824 4832 4833
3 4824 4833 4825
3 4825 4833 4834
3 4825 4834 4826
3 4826 4834 4835
3 4826 4835 4827
3 4827 4835 4836
3 4827 4836 4828
3 4828 4836 4837
3 4828 4837 4829
3 4829 4837 4838
3 4829 4838 4830
3 4830 4838 4839
3 4830 4839 4831
3 4831 4839 4832
3 4831 4832 4824
3 4832 4840 4841
3 4832 4841 4833
3 4833 4841 4842
3 4833 4842 4834
3 4834 4842 4843
3 4834 4843 4835
3 4835 4843 4844
3 4835 4844 4836
3 4836 4844 4845
3 4836 4845 4837
3 4837 4845 4846
3 4837 4846 4838
3 4838 4846 4847
3 4838 4847 4839
3 4839 4847 4840
3 4839 4840 4832
3 4840 4848 4849
3 4840 4849 4841
3 4841 4849 4850
3 4841 4850 4842
3 4842 4850 4851
3 4842 4851 4843
3 4843 4851 4852
3 4843 4852 4844
3 4844 4852 4853
3 4844 4853 4845
3 4845 4853 4854
3 4845 4854 4846
3 4846 4854 4855
3 4846 4855 4847
3 4847 4855 4848
3 4847 4848 4840
3 4848 4856 4857
3 4848 4857 4849
3 4849 4857 4858
3 4849 4858 4850
3 4850 4858 4859
3 4850 4859 4851
3 4851 4859 4860
3 4851 4860 4852
3 4852 4860 4861
3 4852 4861 4853
3 4853 4861 4862
3 4853 4862 4854
3 4854 4862 4863
3 4854 4863 4855
3 4855 4863 4856
3 4855 4856 4848
3 4856 4864 4865
3 4856 4865 4857
3 4857 4865 4866
3 4857 4866 4858
3 4858 4866 4867
3 4858 4867 4859
3 4859 4867 4868
3 4859 4868 4860
3 4860 4868 4869
3 4860 4869 4861
3 4861 4869 4870
3 4861 4870 4862
3 4862 4870 4871
3 4862 4871 4863
3 4863 4871 4864
3 4863 4864 4856
3 4864 4872 4873
3 4864 4873 4865
3 4865 4873 4874
3 4865 4874 4866
3 4866 4874 4875
3 4866 4875 4867
3 4867 4875 4876
3 4867 4876 4868
3 4868 4876 4877
3 4868 4877 4869
3 4869 4877 4878
3 4869 4878 4870
3 4870 4878 4879
3 4870 4879 4871
3 4871 4879 4872
3 4871 4872 4864
3 4872 4880 4881
3 4872 4881 4873
3 4873 4881 4882
3 4873 4882 4874
3 4874 4882 4883
3 4874 4883 4875
3 4875 4883 4884
3 4875 4884 4876
3 4876 4884 4885
3 4876 4885 4877
3 4877 4885 4886
3 4877 4886 4878
3 4878 4886 4887
3 4878 4887 4879
3 4879 4887 4880
3 4879 4880 4872
3 4880 4888 4889
3 4880 4889 4881
3 4881 4889 4890
3 4881 4890 4882
3 4882 4890 4891
3 4882 4891 4883
3 4883 4891 4892
3 4883 4892 4884
3 4884 4892 4893
3 4884 4893 4885
3 4885 4893 4894
3 4885 4894 4886
3 4886 4894 4895
3 4886 4895 4887
3 4887 4895 4888
3 4887 4888 4880
3 4888 4896 4897
3 4888 4897 4889
3 4889 4897 4898
3 4889 4898 4890
3 4890 4898 4899
3 4890 4899 4891
3 4891 4899 4900
3 4891 4900 4892
3 4892 4900 4901
3 4892 4901 4893
3 4893 4901 4902
3 4893 4902 4894
3 4894 4902 4903
3 4894 4903 4895
3 4895 4903 4896
3 4895 4896 4888
3 4896 4904 4905
3 4896 4905 4897
3 4897 4905 4906
3 4897 4906 4898
3 4898 4906 4907
3 4898 4907 4899
3 4899 4907 4908
3 4899 4908 4900
3 4900 4908 4909
3 4900 4909 4901
3 4901 4909 4910
3 4901 4910 4902
3 4902 4910 4911
3 4902 4911 4903
3 4903 4911 4904
3 4903 4904 4896
3 4904 4912 4913
3 4904 4913 4905
3 4905 4913 4914
3 4905 4914 4906
3 4906 4914 4915
3 4906 4915 4907
3 4907 4915 4916
3 4907 4916 4908
3 4908 4916 4917
3 4908 4917 4909
3 4909 4917 4918
3 4909 4918 4910
3 4910 4918 4919
3 4910 4919 4911
3 4911 4919 4912
3 4911 4912 4904
3 4912 4920 4921
3 4912 4921 4913
3 4913 4921 4922
3 4913 4922 4914
3 4914 4922 4923
3 4914 4923 4915
3 4915 4923 4924
3 4915 4924 4916
3 4916 4924 4925
3 4916 4925 4917
3 4917 4925 4926
3 4917 4926 4918
3 4918 4926 4927
3 4918 4927 4919
3 4919 4927 4920
3 4919 4920 4912
3 4920 4928 4929
3 4920 4929 4921
3 4921 4929 4930
3 4921 4930 4922
3 4922 4930 4931
3 4922 4931 4923
3 4923 4931 4932
3 4923 4932 4924
3 4924 4932 4933
3 4924 4933 4925
3 4925 4933 4934
3 4925 4934 4926
3 4926 4934 4935
3 4926 4935 4927
3 4927 4935 4928
3 4927 4928 4920
3 4928 4936 4937
3 4928 4937 4929
3 4929 4937 4938
3 4929 4938 4930
3 4930 4938 4939
3 4930 4939 4931
3 4931 4939 4940
3 4931 4940 4932
3 4932 4940 4941
3 4932 4941 4933
3 4933 4941 4942
3 4933 4942 4934
3 4934 4942 4943
3 4934 4943 4935
3 4935 4943 4936
3 4935 4936 4928
3 4936 4944 4945
3 4936 4945 4937
3 4937 4945 4946
3 4937 4946 4938
3 4938 4946 4947
3 4938 4947 4939
3 4939 4947 4948
3 4939 4948 4940
3 4940 4948 4949
3 4940 4949 4941
3 4941 4949 4950
3 4941 4950 4942
3 4942 4950 4951
3 4942 4951 4943
3 4943 4951 4944
3 4943 4944 4936
3 4944 4952 4953
3 4944 4953 4945
3 4945 4953 4954
3 4945 4954 4946
3 4946 4954 4955
3 4946 4955 4947
3 4947 4955 4956
3 4947 4956 4948
3 4948 4956 4957
3 4948 4957 4949
3 4949 4957 4958
3 4949 4958 4950
3 4950 4958 4959
3 4950 4959 4951
3 4951 4959 4952
3 4951 4952 4944
3 4952 4960 4961
3 4952 4961 4953
3 4953 4961 4962
3 4953 4962 4954
3 4954 4962 4963
3 4954 4963 4955
3 4955 4963 4964
3 4955 4964 4956
3 4956 4964 4965
3 4956 4965 4957
3 4957 4965 4966
3 4957 4966 4958
3 4958 4966 4967
3 4958 4967 4959
3 4959 4967 4960
3 4959 4960 4952
3 4960 4968 4969
3 4960 4969 4961
3 4961 4969 4970
3 4961 4970 4962
3 4962 4970 4971
3 4962 4971 4963
3 4963 4971 4972
3 4963 4972 4964
3 4964 4972 4973
3 4964 4973 4965
3 4965 4973 4974
3 4965 4974 4966
3 4966 4974 4975
3 4966 4975 4967
3 4967 4975 4968
3 4967 4968 4960
3 4968 4976 4977
3 4968 4977 4969
3 4969 4977 4978
3 4969 4978 4970
3 4970 4978 4979
3 4970 4979 4971
3 4971 4979 4980
3 4971 4980 4972
3 4972 4980 4981
3 4972 4981 4973
3 4973 4981 4982
3 4973 4982 4974
3 4974 4982 4983
3 4974 4983 4975
3 4975 4983 4976
3 4975 4976 4968
3 4976 4984 4985
3 4976 4985 4977
3 4977 4985 4986
3 4977 4986 4978
3 4978 4986 4987
3 4978 4987 4979
3 4979 4987 4988
3 4979 4988 4980
3 4980 4988 4989
3 4980 4989 4981
3 4981 4989 4990
3 4981 4990 4982
3 4982 4990 4991
3 4982 4991 4983
3 4983 4991 4984
3 4983 4984 4976
3 4984 4992 4993
3 4984 4993 4985
3 4985 4993 4994
3 4985 4994 4986
3 4986 4994 4995
3 4986 4995 4987
3 4987 4995 4996
3 4987 4996 4988
3 4988 4996 4997
3 4988 4997 4989
3 4989 4997 4998
3 4989 4998 4990
3 4990 4998 4999
3 4990 4999 4991
3 4991 4999 4992
3 4991 4992 4984
3 4992 5000 5001
3 4992 5001 4993
3 4993 5001 5002
3 4993 5002 4994
3 4994 5002 5003
3 4994 5003 4995
3 4995 5003 5004
3 4995 5004 4996
3 4996 5004 5005
3 4996 5005 4997
3 4997 5005 5006
3 4997 5006 4998
3 4998 5006 5007
3 4998 5007 4999
3 4999 5007 5000
3 4999 5000 4992
3 5000 5008 5009
3 5000 5009 5001
3 5001 5009 5010
3 5001 5010 5002
3 5002 5010 5011
3 5002 5011 5003
3 5003 5011 5012
3 5003 5012 5004
3 5004 5012 5013
3 5004 5013 5005
3 5005 5013 5014
3 5005 5014 5006
3 5006 5014 5015
3 5006 5015 5007
3 5007 5015 5008
3 5007 5008 5000
3 5008 5016 5017
3 5008 5017 5009
3 5009 5017 5018
3 5009 5018 5010
3 5010 5018 5019
3 5010 5019 5011
3 5011 5019 5020
3 5011 5020 5012
3 5012 5020 5021
3 5012 5021 5013
3 5013 5021 5022
3 5013 5022 5014
3 5014 5022 5023
3 5014 5023 5015
3 5015 5023 5016
3 5015 5016 5008
3 5016 5024 5025
3 5016 5025 5017
3 5017 5025 5026
3 5017 5026 5018
3 5018 5026 5027
3 5018 5027 5019
3 5019 5027 5028
3 5019 5028 5020
3 5020 5028 5029
3 5020 5029 5021
3 5021 5029 5030
3 5021 5030 5022
3 5022 5030 5031
3 5022 5031 5023
3 5023 5031 5024
3 5023 5024 5016
3 5024 5032 5033
3 5024 5033 5025
3 5025 5033 5034
3 5025 5034 5026
3 5026 5034 5035
3 5026 5035 5027
3 5027 5035 5036
3 5027 5036 5028
3 5028 5036 5037
3 5028 5037 5029
3 5029 5037 5038
3 5029 5038 5030
3 5030 5038 5039
3 5030 5039 5031
3 5031 5039 5032
3 5031 5032 5024
3 5032 5040 5041
3 5032 5041 5033
3 5033 5041 5042
3 5033 5042 5034
3 5034 5042 5043
3 5034 5043 5035
3 5035 5043 5044
3 5035 5044 5036
3 5036 5044 5045
3 5036 5045 5037
3 5037 5045 5046
3 5037 5046 5038
3 5038 5046 5047
3 5038 5047 5039
3 5039 5047 5040
3 5039 5040 5032
3 5040 5048 5049
3 5040 5049 5041
3 5041 5049 5050
3 5041 5050 5042
3 5042 5050 5051
3 5042 5051 5043
3 5043 5051 5052
3 5043 5052 5044
3 5044 5052 5053
3 5044 5053 5045
3 5045 5053 5054
3 5045 5054 5046
3 5046 5054 5055
3 5046 5055 5047
3 5047 5055 5048
3 5047 5048 5040
3 5048 5056 5057
3 5048 5057 5049
3 5049 5057 5058
3 5049 5058 5050
3 5050 5058 5059
3 5050 5059 5051
3 5051 5059 5060
3 5051 5060 5052
3 5052 5060 5061
3 5052 5061 5053
3 5053 5061 5062
3 5053 5062 5054
3 5054 5062 5063
3 5054 5063 5055
3 5055 5063 5056
3 5055 5056 5048
3 5056 5064 5065
3 5056 5065 5057
3 5057 5065 5066
3 5057 5066 5058
3 5058 5066 5067
3 5058 5067 5059
3 5059 5067 5068
3 5059 5068 5060
3 5060 5068 5069
3 5060 5069 5061
3 5061 5069 5070
3 5061 5070 5062
3 5062 5070 5071
3 5062 5071 5063
3 5063 5071 5064
3 5063 5064 5056
3 5064 5072 5073
3 5064 5073 5065
3 5065 5073 5074
3 5065 5074 5066
3 5066 5074 5075
3 5066 5075 5067
3 5067 5075 5076
3 5067 5076 5068
3 5068 5076 5077
3 5068 5077 5069
3 5069 5077 5078
3 5069 5078 5070
3 5070 5078 5079
3 5070 5079 5071
3 5071 5079 5072
3 5071 5072 5064
3 5072 5080 5081
3 5072 5081 5073
3 5073 5081 5082
3 5073 5082 5074
3 5074 5082 5083
3 5074 5083 5075
3 5075 5083 5084
3 5075 5084 5076
3 5076 5084 5085
3 5076 5085 5077
3 5077 5085 5086
3 5077 5086 5078
3 5078 5086 5087
3 5078 5087 5079
3 5079 5087 5080
3 5079 5080 5072
3 5080 5088 5089
3 5080 5089 5081
3 5081 5089 5090
3 5081 5090 5082
3 5082 5090 5091
3 5082 5091 5083
3 5083 5091 5092
3 5083 5092 5084
3 5084 5092 5093
3 5084 5093 5085
3 5085 5093 5094
3 5085 5094 5086
3 5086 5094 5095
3 5086 5095 5087
3 5087 5095 5088
3 5087 5088 5080
3 5088 5096 5097
3 5088 5097 5089
3 5089 5097 5098
3 5089 5098 5090
3 5090 5098 5099
3 5090 5099 5091
3 5091 5099 5100
3 5091 5100 5092
3 5092 5100 5101
3 5092 5101 5093
3 5093 5101 5102
3 5093 5102 5094
3 5094 5102 5103
3 5094 5103 5095
3 5095 5103 5096
3 5095 5096 5088
3 5096 5104 5105
3 5096 5105 5097
3 5097 5105 5106
3 5097 5106 5098
3 5098 5106 5107
3 5098 5107 5099
3 5099 5107 5108
3 5099 5108 5100
3 5100 5108 5109
3 5100 5109 5101
3 5101 5109 5110
3 5101 5110 5102
3 5102 5110 5111
3 5102 5111 5103
3 5103 5111 5104
3 5103 5104 5096
3 5104 5112 5113
3 5104 5113 5105
3 5105 5113 5114
3 5105 5114 5106
3 5106 5114 5115
3 5106 5115 5107
3 5107 5115 5116
3 5107 5116 5108
3 5108 5116 5117
3 5108 5117 5109
3 5109 5117 5118
3 5109 5118 5110
3 5110 5118 5119
3 5110 5119 5111
3 5111 5119 5112
3 5111 5112 5104
3 5112 5120 5121
3 5112 5121 5113
3 5113 5121 5122
3 5113 5122 5114
3 5114 5122 5123
3 5114 5123 5115
3 5115 5123 5124
3 5115 5124 5116
3 5116 5124 5125
3 5116 5125 5117
3 5117 5125 5126
3 5117 5126 5118
3 5118 5126 5127
3 5118 5127 5119
3 5119 5127 5120
3 5119 5120 5112
3 5120 5128 5129
3 5120 5129 5121
3 5121 5129 5130
3 5121 5130 5122
3 5122 5130 5131
3 5122 5131 5123
3 5123 5131 5132
3 5123 5132 5124
3 5124 5132 5133
3 5124 5133 5125
3 5125 5133 5134
3 5125 5134 5126
3 5126 5134 5135
3 5126 5135 5127
3 5127 5135 5128
3 5127 5128 5120
3 5128 5136 5137
3 5128 5137 5129
3 5129 5137 5138
3 5129 5138 5130
3 5130 5138 5139
3 5130 5139 5131
3 5131 5139 5140
3 5131 5140 5132
3 5132 5140 5141
3 5132 5141 5133
3 5133 5141 5142
3 5133 5142 5134
3 5134 5142 5143
3 5134 5143 5135
3 5135 5143 5136
3 5135 5136 5128
3 5136 5144 5145
3 5136 5145 5137
3 5137 5145 5146
3 5137 5146 5138
3 5138 5146 5147
3 5138 5147 5139
3 5139 5147 5148
3 5139 5148 5140
3 5140 5148 5149
3 5140 5149 5141
3 5141 5149 5150
3 5141 5150 5142
3 5142 5150 5151
3 5142 5151 5143
3 5143 5151 5144
3 5143 5144 5136
3 5144 5152 5153
3 5144 5153 5145
3 5145 5153 5154
3 5145 5154 5146
3 5146 5154 5155
3 5146 5155 5147
3 5147 5155 5156
3 5147 5156 5148
3 5148 5156 5157
3 5148 5157 5149
3 5149 5157 5158
3 5149 5158 5150
3 5150 5158 5159
3 5150 5159 5151
3 5151 5159 5152
3 5151 5152 5144
3 5152 5160 5161
3 5152 5161 5153
3 5153 5161 5162
3 5153 5162 5154
3 5154 5162 5163
3 5154 5163 5155
3 5155 5163 5164
3 5155 5164 5156
3 5156 5164 5165
3 5156 5165 5157
3 5157 5165 5166
3 5157 5166 5158
3 5158 5166 5167
3 5158 5167 5159
3 5159 5167 5160
3 5159 5160 5152
3 5160 5168 5169
3 5160 5169 5161
3 5161 5169 5170
3 5161 5170 5162
3 5162 5170 5171
3 5162 5171 5163
3 5163 5171 5172
3 5163 5172 5164
3 5164 5172 5173
3 5164 5173 5165
3 5165 5173 5174
3 5165 5174 5166
3 5166 5174 5175
3 5166 5175 5167
3 5167 5175 5168
3 5167 5168 5160
3 5168 5176 5177
3 5168 5177 5169
3 5169 5177 5178
3 5169 5178 5170
3 5170 5178 5179
3 5170 5179 5171
3 5171 5179 5180
3 5171 5180 5172
3 5172 5180 5181
3 5172 5181 5173
3 5173 5181 5182
3 5173 5182 5174
3 5174 5182 5183
3 5174 5183 5175
3 5175 5183 5176
3 5175 5176 5168
3 5176 5184 5185
3 5176 5185 5177
3 5177 5185 5186
3 5177 5186 5178
3 5178 5186 5187
3 5178 5187 5179
3 5179 5187 5188
3 5179 5188 5180
3 5180 5188 5189
3 5180 5189 5181
3 5181 5189 5190
3 5181 5190 5182
3 5182 5190 5191
3 5182 5191 5183
3 5183 5191 5184
3 5183 5184 5176
3 5184 5192 5193
3 5184 5193 5185
3 5185 5193 5194
3 5185 5194 5186
3 5186 5194 5195
3 5186 5195 5187
3 5187 5195 5196
3 5187 5196 5188
3 5188 5196 5197
3 5188 5197 5189
3 5189 5197 5198
3 5189 5198 5190
3 5190 5198 5199
3 5190 5199 5191
3 5191 5199 5192
3 5191 5192 5184
3 5192 5200 5201
3 5192 5201 5193
3 5193 5201 5202
3 5193 5202 5194
3 5194 5202 5203
3 5194 5203 5195
3 5195 5203 5204
3 5195 5204 5196
3 5196 5204 5205
3 5196 5205 5197
3 5197 5205 5206
3 5197 5206 5198
3 5198 5206 5207
3 5198 5207 5199
3 5199 5207 5200
3 5199 5200 5192
3 5200 5208 5209
3 5200 5209 5201
3 5201 5209 5210
3 5201 5210 5202
3 5202 5210 5211
3 5202 5211 5203
3 5203 5211 5212
3 5203 5212 5204
3 5204 5212 5213
3 5204 5213 5205
3 5205 5213 5214
3 5205 5214 5206
3 5206 5214 5215
3 5206 5215 5207
3 5207 5215 5208
3 5207 5208 5200
3 5208 5216 5217
3 5208 5217 5209
3 5209 5217 5218
3 5209 5218 5210
3 5210 5218 5219
3 5210 5219 5211
3 5211 5219 5220
3 5211 5220 5212
3 5212 5220 5221
3 5212 5221 5213
3 5213 5221 5222
3 5213 5222 5214
3 5214 5222 5223
3 5214 5223 5215
3 5215 5223 5216
3 5215 5216 5208
3 5216 5224 5225
3 5216 5225 5217
3 5217 5225 5226
3 5217 5226 5218
3 5218 5226 5227
3 5218 5227 5219
3 5219 5227 5228
3 5219 5228 5220
3 5220 5228 5229
3 5220 5229 5221
3 5221 5229 5230
3 5221 5230 5222
3 5222 5230 5231
3 5222 5231 5223
3 5223 5231 5224
3 5223 5224 5216
3 5224 5232 5233
3 5224 5233 5225
3 5225 5233 5234
3 5225 5234 5226
3 5226 5234 5235
3 5226 5235 5227
3 5227 5235 5236
3 5227 5236 5228
3 5228 5236 5237
3 5228 5237 5229
3 5229 5237 5238
3 5229 5238 5230
3 5230 5238 5239
3 5230 5239 5231
3 5231 5239 5232
3 5231 5232 5224
3 5232 5240 5241
3 5232 5241 5233
3 5233 5241 5242
3 5233 5242 5234
3 5234 5242 5243
3 5234 5243 5235
3 5235 5243 5244
3 5235 5244 5236
3 5236 5244 5245
3 5236 5245 5237
3 5237 5245 5246
3 5237 5246 5238
3 5238 5246 5247
3 5238 5247 5239
3 5239 5247 5240
3 5239 5240 5232
3 5240 5248 5249
3 5240 5249 5241
3 5241 5249 5250
3 5241 5250 5242
3 5242 5250 5251
3 5242 5251 5243
3 5243 5251 5252
3 5243 5252 5244
3 5244 5252 5253
3 5244 5253 5245
3 5245 5253 5254
3 5245 5254 5246
3 5246 5254 5255
3 5246 5255 5247
3 5247 5255 5248
3 5247 5248 5240
3 5248 5256 5257
3 5248 5257 5249
3 5249 5257 5258
3 5249 5258 5250
3 5250 5258 5259
3 5250 5259 5251
3 5251 5259 5260
3 5251 5260 5252
3 5252 5260 5261
3 5252 5261 5253
3 5253 5261 5262
3 5253 5262 5254
3 5254 5262 5263
3 5254 5263 5255
3 5255 5263 5256
3 5255 5256 5248
3 5256 5264 5265
3 5256 5265 5257
3 5257 5265 5266
3 5257 5266 5258
3 5258 5266 5267
3 5258 5267 5259
3 5259 5267 5268
3 5259 5268 5260
3 5260 5268 5269
3 5260 5269 5261
3 5261 5269 5270
3 5261 5270 5262
3 5262 5270 5271
3 5262 5271 5263
3 5263 5271 5264
3 5263 5264 5256
3 5264 5272 5273
3 5264 5273 5265
3 5265 5273 5274
3 5265 5274 5266
3 5266 5274 5275
3 5266 5275 5267
3 5267 5275 5276
3 5267 5276 5268
3 5268 5276 5277
3 5268 5277 5269
3 5269 5277 5278
3 5269 5278 5270
3 5270 5278 5279
3 5270 5279 5271
3 5271 5279 5272
3 5271 5272 5264
3 5272 5280 5281
3 5272 5281 5273
3 5273 5281 5282
3 5273 5282 5274
3 5274 5282 5283
3 5274 5283 5275
3 5275 5283 5284
3 5275 5284 5276
3 5276 5284 5285
3 5276 5285 5277
3 5277 5285 5286
3 5277 5286 5278
3 5278 5286 5287
3 5278 5287 5279
3 5279 5287 5280
3 5279 5280 5272
3 5280 5288 5289
3 5280 5289 5281
3 5281 5289 5290
3 5281 5290 5282
3 5282 5290 5291
3 5282 5291 5283
3 5283 5291 5292
3 5283 5292 5284
3 5284 5292 5293
3 5284 5293 5285
3 5285 5293 5294
3 5285 5294 5286
3 5286 5294 5295
3 5286 5295 5287
3 5287 5295 5288
3 5287 5288 5280
3 5288 5296 5297
3 5288 5297 5289
3 5289 5297 5298
3 5289 5298 5290
3 5290 5298 5299
3 5290 5299 5291
3 5291 5299 5300
3 5291 5300 5292
3 5292 5300 5301
3 5292 5301 5293
3 5293 5301 5302
3 5293 5302 5294
3 5294 5302 5303
3 5294 5303 5295
3 5295 5303 5296
3 5295 5296 5288
3 5296 5304 5305
3 5296 5305 5297
3 5297 5305 5306
3 5297 5306 5298
3 5298 5306 5307
3 5298 5307 5299
3 5299 5307 5308
3 5299 5308 5300
3 5300 5308 5309
3 5300 5309 5301
3 5301 5309 5310
3 5301 5310 5302
3 5302 5310 5311
3 5302 5311 5303
3 5303 5311 5304
3 5303 5304 5296
3 5304 5312 5313
3 5304 5313 5305
3 5305 5313 5314
3 5305 5314 5306
3 5306 5314 5315
3 5306 5315 5307
3 5307 5315 5316
3 5307 5316 5308
3 5308 5316 5317
3 5308 5317 5309
3 5309 5317 5318
3 5309 5318 5310
3 5310 5318 5319
3 5310 5319 5311
3 5311 5319 5312
3 5311 5312 5304
3 5312 5320 5321
3 5312 5321 5313
3 5313 5321 5322
3 5313 5322 5314
3 5314 5322 5323
3 5314 5323 5315
3 5315 5323 5324
3 5315 5324 5316
3 5316 5324 5325
3 5316 5325 5317
3 5317 5325 5326
3 5317 5326 5318
3 5318 5326 5327
3 5318 5327 5319
3 5319 5327 5320
3 5319 5320 5312
3 5320 5328 5329
3 5320 5329 5321
3 5321 5329 5330
3 5321 5330 5322
3 5322 5330 5331
3 5322 5331 5323
3 5323 5331 5332
3 5323 5332 5324
3 5324 5332 5333
3 5324 5333 5325
3 5325 5333 5334
3 5325 5334 5326
3 5326 5334 5335
3 5326 5335 5327
3 5327 5335 5328
3 5327 5328 5320
3 5328 5336 5337
3 5328 5337 5329
3 5329 5337 5338
3 5329 5338 5330
3 5330 5338 5339
3 5330 5339 5331
3 5331 5339 5340
3 5331 5340 5332
3 5332 5340 5341
3 5332 5341 5333
3 5333 5341 5342
3 5333 5342 5334
3 5334 5342 5343
3 5334 5343 5335
3 5335 5343 5336
3 5335 5336 5328
3 5336 5344 5345
3 5336 5345 5337
3 5337 5345 5346
3 5337 5346 5338
3 5338 5346 5347
3 5338 5347 5339
3 5339 5347 5348
3 5339 5348 5340
3 5340 5348 5349
3 5340 5349 5341
3 5341 5349 5350
3 5341 5350 5342
3 5342 5350 5351
3 5342 5351 5343
3 5343 5351 5344
3 5343 5344 5336
3 5344 5352 5353
3 5344 5353 5345
3 5345 5353 5354
3 5345 5354 5346
3 5346 5354 5355
3 5346 5355 5347
3 5347 5355 5356
3 5347 5356 5348
3 5348 5356 5357
3 5348 5357 5349
3 5349 5357 5358
3 5349 5358 5350
3 5350 5358 5359
3 5350 5359 5351
3 5351 5359 5352
3 5351 5352 5344
3 5352 5360 5361
3 5352 5361 5353
3 5353 5361 5362
3 5353 5362 5354
3 5354 5362 5363
3 5354 5363 5355
3 5355 5363 5364
3 5355 5364 5356
3 5356 5364 5365
3 5356 5365 5357
3 5357 5365 5366
3 5357 5366 5358
3 5358 5366 5367
3 5358 5367 5359
3 5359 5367 5360
3 5359 5360 5352
3 5360 5368 5369
3 5360 5369 5361
3 5361 5369 5370
3 5361 5370 5362
3 5362 5370 5371
3 5362 5371 5363
3 5363 5371 5372
3 5363 5372 5364
3 5364 5372 5373
3 5364 5373 5365
3 5365 5373 5374
3 5365 5374 5366
3 5366 5374 5375
3 5366 5375 5367
3 5367 5375 5368
3 5367 5368 5360
3 5368 5376 5377
3 5368 5377 5369
3 5369 5377 5378
3 5369 5378 5370
3 5370 5378 5379
3 5370 5379 5371
3 5371 5379 5380
3 5371 5380 5372
3 5372 5380 5381
3 5372 5381 5373
3 5373 5381 5382
3 5373 5382 5374
3 5374 5382 5383
3 5374 5383 5375
3 5375 5383 5376
3 5375 5376 5368
3 5376 5384 5385
3 5376 5385 5377
3 5377 5385 5386
3 5377 5386 5378
3 5378 5386 5387
3 5378 5387 5379
3 5379 5387 5388
3 5379 5388 5380
3 5380 5388 5389
3 5380 5389 5381
3 5381 5389 5390
3 5381 5390 5382
3 5382 5390 5391
3 5382 5391 5383
3 5383 5391 5384
3 5383 5384 5376
3 5384 5392 5393
3 5384 5393 5385
3 5385 5393 5394
3 5385 5394 5386
3 5386 5394 5395
3 5386 5395 5387
3 5387 5395 5396
3 5387 5396 5388
3 5388 5396 5397
3 5388 5397 5389
3 5389 5397 5398
3 5389 5398 5390
3 5390 5398 5399
3 5390 5399 5391
3 5391 5399 5392
3 5391 5392 5384
3 5392 5400 5401
3 5392 5401 5393
3 5393 5401 5402
3 5393 5402 5394
3 5394 5402 5403
3 5394 5403 5395
3 5395 5403 5404
3 5395 5404 5396
3 5396 5404 5405
3 5396 5405 5397
3 5397 5405 5406
3 5397 5406 5398
3 5398 5406 5407
3 5398 5407 5399
3 5399 5407 5400
3 5399 5400 5392
3 5400 5408 5409
3 5400 5409 5401
3 5401 5409 5410
3 5401 5410 5402
3 5402 5410 5411
3 5402 5411 5403
3 5403 5411 5412
3 5403 5412 5404
3 5404 5412 5413
3 5404 5413 5405
3 5405 5413 5414
3 5405 5414 5406
3 5406 5414 5415
3 5406 5415 5407
3 5407 5415 5408
3 5407 5408 5400
3 5408 5416 5417
3 5408 5417 5409
3 5409 5417 5418
3 5409 5418 5410
3 5410 5418 5419
3 5410 5419 5411
3 5411 5419 5420
3 5411 5420 5412
3 5412 5420 5421
3 5412 5421 5413
3 5413 5421 5422
3 5413 5422 5414
3 5414 5422 5423
3 5414 5423 5415
3 5415 5423 5416
3 5415 5416 5408
3 5416 5424 5425
3 5416 5425 5417
3 5417 5425 5426
3 5417 5426 5418
3 5418 5426 5427
3 5418 5427 5419
3 5419 5427 5428
3 5419 5428 5420
3 5420 5428 5429
3 5420 5429 5421
3 5421 5429 5430
3 5421 5430 5422
3 5422 5430 5431
3 5422 5431 5423
3 5423 5431 5424
3 5423 5424 5416
3 5424 5432 5433
3 5424 5433 5425
3 5425 5433 5434
3 5425 5434 5426
3 5426 5434 5435
3 5426 5435 5427
3 5427 5435 5436
3 5427 5436 5428
3 5428 5436 5437
3 5428 5437 5429
3 5429 5437 5438
3 5429 5438 5430
3 5430 5438 5439
3 5430 5439 5431
3 5431 5439 5432
3 5431 5432 5424
3 5432 5440 5441
3 5432 5441 5433
3 5433 5441 5442
3 5433 5442 5434
3 5434 5442 5443
3 5434 5443 5435
3 5435 5443 5444
3 5435 5444 5436
3 5436 5444 5445
3 5436 5445 5437
3 5437 5445 5446
3 5437 5446 5438
3 5438 5446 5447
3 5438 5447 5439
3 5439 5447 5440
3 5439 5440 5432
3 5440 5448 5449
3 5440 5449 5441
3 5441 5449 5450
3 5441 5450 5442
3 5442 5450 5451
3 5442 5451 5443
3 5443 5451 5452
3 5443 5452 5444
3 5444 5452 5453
3 5444 5453 5445
3 5445 5453 5454
3 5445 5454 5446
3 5446 5454 5455
3 5446 5455 5447
3 5447 5455 5448
3 5447 5448 5440
3 5448 5456 5457
3 5448 5457 5449
3 5449 5457 5458
3 5449 5458 5450
3 5450 5458 5459
3 5450 5459 5451
3 5451 5459 5460
3 5451 5460 5452
3 5452 5460 5461
3 5452 5461 5453
3 5453 5461 5462
3 5453 5462 5454
3 5454 5462 5463
3 5454 5463 5455
3 5455 5463 5456
3 5455 5456 5448
3 5456 5464 5465
3 5456 5465 5457
3 5457 5465 5466
3 5457 5466 5458
3 5458 5466 5467
3 5458 5467 5459
3 5459 5467 5468
3 5459 5468 5460
3 5460 5468 5469
3 5460 5469 5461
3 5461 5469 5470
3 5461 5470 5462
3 5462 5470 5471
3 5462 5471 5463
3 5463 5471 5464
3 5463 5464 5456
3 5464 5472 5473
3 5464 5473 5465
3 5465 5473 5474
3 5465 5474 5466
3 5466 5474 5475
3 5466 5475 5467
3 5467 5475 5476
3 5467 5476 5468
3 5468 5476 5477
3 5468 5477 5469
3 5469 5477 5478
3 5469 5478 5470
3 5470 5478 5479
3 5470 5479 5471
3 5471 5479 5472
3 5471 5472 5464
3 5472 5480 5481
3 5472 5481 5473
3 5473 5481 5482
3 5473 5482 5474
3 5474 5482 5483
3 5474 5483 5475
3 5475 5483 5484
3 5475 5484 5476
3 5476 5484 5485
3 5476 5485 5477
3 5477 5485 5486
3 5477 5486 5478
3 5478 5486 5487
3 5478 5487 5479
3 5479 5487 5480
3 5479 5480 5472
3 5480 5488 5489
3 5480 5489 5481
3 5481 5489 5490
3 5481 5490 5482
3 5482 5490 5491
3 5482 5491 5483
3 5483 5491 5492
3 5483 5492 5484
3 5484 5492 5493
3 5484 5493 5485
3 5485 5493 5494
3 5485 5494 5486
3 5486 5494 5495
3 5486 5495 5487
3 5487 5495 5488
3 5487 5488 5480
3 5488 5496 5497
3 5488 5497 5489
3 5489 5497 5498
3 5489 5498 5490
3 5490 5498 5499
3 5490 5499 5491
3 5491 5499 5500
3 5491 5500 5492
3 5492 5500 5501
3 5492 5501 5493
3 5493 5501 5502
3 5493 5502 5494
3 5494 5502 5503
3 5494 5503 5495
3 5495 5503 5496
3 5495 5496 5488
3 5496 5504 5505
3 5496 5505 5497
3 5497 5505 5506
3 5497 5506 5498
3 5498 5506 5507
3 5498 5507 5499
3 5499 5507 5508
3 5499 5508 5500
3 5500 5508 5509
3 5500 5509 5501
3 5501 5509 5510
3 5501 5510 5502
3 5502 5510 5511
3 5502 5511 5503
3 5503 5511 5504
3 5503 5504 5496
3 5504 5512 5513
3 5504 5513 5505
3 5505 5513 5514
3 5505 5514 5506
3 5506 5514 5515
3 5506 5515 5507
3 5507 5515 5516
3 5507 5516 5508
3 5508 5516 5517
3 5508 5517 5509
3 5509 5517 5518
3 5509 5518 5510
3 5510 5518 5519
3 5510 5519 5511
3 5511 5519 5512
3 5511 5512 5504
3 5512 5520 5521
3 5512 5521 5513
3 5513 5521 5522
3 5513 5522 5514
3 5514 5522 5523
3 5514 5523 5515
3 5515 5523 5524
3 5515 5524 5516
3 5516 5524 5525
3 5516 5525 5517
3 5517 5525 5526
3 5517 5526 5518
3 5518 5526 5527
3 5518 5527 5519
3 5519 5527 5520
3 5519 5520 5512
3 5520 5528 5529
3 5520 5529 5521
3 5521 5529 5530
3 5521 5530 5522
3 5522 5530 5531
3 5522 5531 5523
3 5523 5531 5532
3 5523 5532 5524
3 5524 5532 5533
3 5524 5533 5525
3 5525 5533 5534
3 5525 5534 5526
3 5526 5534 5535
3 5526 5535 5527
3 5527 5535 5528
3 5527 5528 5520
3 5528 5536 5537
3 5528 5537 5529
3 5529 5537 5538
3 5529 5538 5530
3 5530 5538 5539
3 5530 5539 5531
3 5531 5539 5540
3 5531 5540 5532
3 5532 5540 5541
3 5532 5541 5533
3 5533 5541 5542
3 5533 5542 5534
3 5534 5542 5543
3 5534 5543 5535
3 5535 5543 5536
3 5535 5536 5528
3 5536 5544 5545
3 5536 5545 5537
3 5537 5545 5546
3 5537 5546 5538
3 5538 5546 5547
3 5538 5547 5539
3 5539 5547 5548
3 5539 5548 5540
3 5540 5548 5549
3 5540 5549 5541
3 5541 5549 5550
3 5541 5550 5542
3 5542 5550 5551
3 5542 5551 5543
3 5543 5551 5544
3 5543 5544 5536
3 5544 5552 5553
3 5544 5553 5545
3 5545 5553 5554
3 5545 5554 5546
3 5546 5554 5555
3 5546 5555 5547
3 5547 5555 5556
3 5547 5556 5548
3 5548 5556 5557
3 5548 5557 5549
3 5549 5557 5558
3 5549 5558 5550
3 5550 5558 5559
3 5550 5559 5551
3 5551 5559 5552
3 5551 5552 5544
3 5552 5560 5561
3 5552 5561 5553
3 5553 5561 5562
3 5553 5562 5554
3 5554 5562 5563
3 5554 5563 5555
3 5555 5563 5564
3 5555 5564 5556
3 5556 5564 5565
3 5556 5565 5557
3 5557 5565 5566
3 5557 5566 5558
3 5558 5566 5567
3 5558 5567 5559
3 5559 5567 5560
3 5559 5560 5552
3 5560 5568 5569
3 5560 5569 5561
3 5561 5569 5570
3 5561 5570 5562
3 5562 5570 5571
3 5562 5571 5563
3 5563 5571 5572
3 5563 5572 5564
3 5564 5572 5573
3 5564 5573 5565
3 5565 5573 5574
3 5565 5574 5566
3 5566 5574 5575
3 5566 5575 5567
3 5567 5575 5568
3 5567 5568 5560
3 5568 5576 5577
3 5568 5577 5569
3 5569 5577 5578
3 5569 5578 5570
3 5570 5578 5579
3 5570 5579 5571
3 5571 5579 5580
3 5571 5580 5572
3 5572 5580 5581
3 5572 5581 5573
3 5573 5581 5582
3 5573 5582 5574
3 5574 5582 5583
3 5574 5583 5575
3 5575 5583 5576
3 5575 5576 5568
3 5576 5584 5585
3 5576 5585 5577
3 5577 5585 5586
3 5577 5586 5578
3 5578 5586 5587
3 5578 5587 5579
3 5579 5587 5588
3 5579 5588 5580
3 5580 5588 5589
3 5580 5589 5581
3 5581 5589 5590
3 5581 5590 5582
3 5582 5590 5591
3 5582 5591 5583
3 5583 5591 5584
3 5583 5584 5576
3 5584 5592 5593
3 5584 5593 5585
3 5585 5593 5594
3 5585 5594 5586
3 5586 5594 5595
3 5586 5595 5587
3 5587 5595 5596
3 5587 5596 5588
3 5588 5596 5597
3 5588 5597 5589
3 5589 5597 5598
3 5589 5598 5590
3 5590 5598 5599
3 5590 5599 5591
3 5591 5599 5592
3 5591 5592 5584
3 5592 5600 5601
3 5592 5601 5593
3 5593 5601 5602
3 5593 5602 5594
3 5594 5602 5603
3 5594 5603 5595
3 5595 5603 5604
3 5595 5604 5596
3 5596 5604 5605
3 5596 5605 5597
3 5597 5605 5606
3 5597 5606 5598
3 5598 5606 5607
3 5598 5607 5599
3 5599 5607 5600
3 5599 5600 5592
3 5600 5608 5609
3 5600 5609 5601
3 5601 5609 5610
3 5601 5610 5602
3 5602 5610 5611
3 5602 5611 5603
3 5603 5611 5612
3 5603 5612 5604
3 5604 5612 5613
3 5604 5613 5605
3 5605 5613 5614
3 5605 5614 5606
3 5606 5614 5615
3 5606 5615 5607
3 5607 5615 5608
3 5607 5608 5600
3 5608 5616 5617
3 5608 5617 5609
3 5609 5617 5618
3 5609 5618 5610
3 5610 5618 5619
3 5610 5619 5611
3 5611 5619 5620
3 5611 5620 5612
3 5612 5620 5621
3 5612 5621 5613
3 5613 5621 5622
3 5613 5622 5614
3 5614 5622 5623
3 5614 5623 5615
3 5615 5623 5616
3 5615 5616 5608
3 5616 5624 5625
3 5616 5625 5617
3 5617 5625 5626
3 5617 5626 5618
3 5618 5626 5627
3 5618 5627 5619
3 5619 5627 5628
3 5619 5628 5620
3 5620 5628 5629
3 5620 5629 5621
3 5621 5629 5630
3 5621 5630 5622
3 5622 5630 5631
3 5622 5631 5623
3 5623 5631 5624
3 5623 5624 5616
3 5624 5632 5633
3 5624 5633 5625
3 5625 5633 5634
3 5625 5634 5626
3 5626 5634 5635
3 5626 5635 5627
3 5627 5635 5636
3 5627 5636 5628
3 5628 5636 5637
3 5628 5637 5629
3 5629 5637 5638
3 5629 5638 5630
3 5630 5638 5639
3 5630 5639 5631
3 5631 5639 5632
3 5631 5632 5624
3 5632 5640 5641
3 5632 5641 5633
3 5633 5641 5642
3 5633 5642 5634
3 5634 5642 5643
3 5634 5643 5635
3 5635 5643 5644
3 5635 5644 5636
3 5636 5644 5645
3 5636 5645 5637
3 5637 5645 5646
3 5637 5646 5638
3 5638 5646 5647
3 5638 5647 5639
3 5639 5647 5640
3 5639 5640 5632
3 5640 5648 5649
3 5640 5649 5641
3 5641 5649 5650
3 5641 5650 5642
3 5642 5650 5651
3 5642 5651 5643
3 5643 5651 5652
3 5643 5652 5644
3 5644 5652 5653
3 5644 5653 5645
3 5645 5653 5654
3 5645 5654 5646
3 5646 5654 5655
3 5646 5655 5647
3 5647 5655 5648
3 5647 5648 5640
3 5648 5656 5657
3 5648 5657 5649
3 5649 5657 5658
3 5649 5658 5650
3 5650 5658 5659
3 5650 5659 5651
3 5651 5659 5660
3 5651 5660 5652
3 5652 5660 5661
3 5652 5661 5653
3 5653 5661 5662
3 5653 5662 5654
3 5654 5662 5663
3 5654 5663 5655
3 5655 5663 5656
3 5655 5656 5648
3 5656 5664 5665
3 5656 5665 5657
3 5657 5665 5666
3 5657 5666 5658
3 5658 5666 5667
3 5658 5667 5659
3 5659 5667 5668
3 5659 5668 5660
3 5660 5668 5669
3 5660 5669 5661
3 5661 5669 5670
3 5661 5670 5662
3 5662 5670 5671
3 5662 5671 5663
3 5663 5671 5664
3 5663 5664 5656
3 5664 5672 5673
3 5664 5673 5665
3 5665 5673 5674
3 5665 5674 5666
3 5666 5674 5675
3 5666 5675 5667
3 5667 5675 5676
3 5667 5676 5668
3 5668 5676 5677
3 5668 5677 5669
3 5669 5677 5678
3 5669 5678 5670
3 5670 5678 5679
3 5670 5679 5671
3 5671 5679 5672
3 5671 5672 5664
3 5672 5680 5681
3 5672 5681 5673
3 5673 5681 5682
3 5673 5682 5674
3 5674 5682 5683
3 5674 5683 5675
3 5675 5683 5684
3 5675 5684 5676
3 5676 5684 5685
3 5676 5685 5677
3 5677 5685 5686
3 5677 5686 5678
3 5678 5686 5687
3 5678 5687 5679
3 5679 5687 5680
3 5679 5680 5672
3 5680 5688 5689
3 5680 5689 5681
3 5681 5689 5690
3 5681 5690 5682
3 5682 5690 5691
3 5682 5691 5683
3 5683 5691 5692
3 5683 5692 5684
3 5684 5692 5693
3 5684 5693 5685
3 5685 5693 5694
3 5685 5694 5686
3 5686 5694 5695
3 5686 5695 5687
3 5687 5695 5688
3 5687 5688 5680
3 5688 5696 5697
3 5688 5697 5689
3 5689 5697 5698
3 5689 5698 5690
3 5690 5698 5699
3 5690 5699 5691
3 5691 5699 5700
3 5691 5700 5692
3 5692 5700 5701
3 5692 5701 5693
3 5693 5701 5702
3 5693 5702 5694
3 5694 5702 5703
3 5694 5703 5695
3 5695 5703 5696
3 5695 5696 5688
3 5696 5704 5705
3 5696 5705 5697
3 5697 5705 5706
3 5697 5706 5698
3 5698 5706 5707
3 5698 5707 5699
3 5699 5707 5708
3 5699 5708 5700
3 5700 5708 5709
3 5700 5709 5701
3 5701 5709 5710
3 5701 5710 5702
3 5702 5710 5711
3 5702 5711 5703
3 5703 5711 5704
3 5703 5704 5696
3 5704 5712 5713
3 5704 5713 5705
3 5705 5713 5714
3 5705 5714 5706
3 5706 5714 5715
3 5706 5715 5707
3 5707 5715 5716
3 5707 5716 5708
3 5708 5716 5717
3 5708 5717 5709
3 5709 5717 5718
3 5709 5718 5710
3 5710 5718 5719
3 5710 5719 5711
3 5711 5719 5712
3 5711 5712 5704
3 5712 5720 5721
3 5712 5721 5713
3 5713 5721 5722
3 5713 5722 5714
3 5714 5722 5723
3 5714 5723 5715
3 5715 5723 5724
3 5715 5724 5716
3 5716 5724 5725
3 5716 5725 5717
3 5717 5725 5726
3 5717 5726 5718
3 5718 5726 5727
3 5718 5727 5719
3 5719 5727 5720
3 5719 5720 5712
3 5720 5728 5729
3 5720 5729 5721
3 5721 5729 5730
3 5721 5730 5722
3 5722 5730 5731
3 5722 5731 5723
3 5723 5731 5732
3 5723 5732 5724
3 5724 5732 5733
3 5724 5733 5725
3 5725 5733 5734
3 5725 5734 5726
3 5726 5734 5735
3 5726 5735 5727
3 5727 5735 5728
3 5727 5728 5720
3 5728 5736 5737
3 5728 5737 5729
3 5729 5737 5738
3 5729 5738 5730
3 5730 5738 5739
3 5730 5739 5731
3 5731 5739 5740
3 5731 5740 5732
3 5732 5740 5741
3 5732 5741 5733
3 5733 5741 5742
3 5733 5742 5734
3 5734 5742 5743
3 5734 5743 5735
3 5735 5743 5736
3 5735 5736 5728
3 5736 5744 5745
3 5736 5745 5737
3 5737 5745 5746
3 5737 5746 5738
3 5738 5746 5747
3 5738 5747 5739
3 5739 5747 5748
3 5739 5748 5740
3 5740 5748 5749
3 5740 5749 5741
3 5741 5749 5750
3 5741 5750 5742
3 5742 5750 5751
3 5742 5751 5743
3 5743 5751 5744
3 5743 5744 5736
3 5744 5752 5753
3 5744 5753 5745
3 5745 5753 5754
3 5745 5754 5746
3 5746 5754 5755
3 5746 5755 5747
3 5747 5755 5756
3 5747 5756 5748
3 5748 5756 5757
3 5748 5757 5749
3 5749 5757 5758
3 5749 5758 5750
3 5750 5758 5759
3 5750 5759 5751
3 5751 5759 5752
3 5751 5752 5744
3 5752 5760 5761
3 5752 5761 5753
3 5753 5761 5762
3 5753 5762 5754
3 5754 5762 5763
3 5754 5763 5755
3 5755 5763 5764
3 5755 5764 5756
3 5756 5764 5765
3 5756 5765 5757
3 5757 5765 5766
3 5757 5766 5758
3 5758 5766 5767
3 5758 5767 5759
3 5759 5767 5760
3 5759 5760 5752
3 5760 5768 5769
3 5760 5769 5761
3 5761 5769 5770
3 5761 5770 5762
3 5762 5770 5771
3 5762 5771 5763
3 5763 5771 5772
3 5763 5772 5764
3 5764 5772 5773
3 5764 5773 5765
3 5765 5773 5774
3 5765 5774 5766
3 5766 5774 5775
3 5766 5775 5767
3 5767 5775 5768
3 5767 5768 5760
3 5768 5776 5777
3 5768 5777 5769
3 5769 5777 5778
3 5769 5778 5770
3 5770 5778 5779
3 5770 5779 5771
3 5771 5779 5780
3 5771 5780 5772
3 5772 5780 5781
3 5772 5781 5773
3 5773 5781 5782
3 5773 5782 5774
3 5774 5782 5783
3 5774 5783 5775
3 5775 5783 5776
3 5775 5776 5768
3 5776 5784 5785
3 5776 5785 5777
3 5777 5785 5786
3 5777 5786 5778
3 5778 5786 5787
3 5778 5787 5779
3 5779 5787 5788
3 5779 5788 5780
3 5780 5788 5789
3 5780 5789 5781
3 5781 5789 5790
3 5781 5790 5782
3 5782 5790 5791
3 5782 5791 5783
3 5783 5791 5784
3 5783 5784 5776
3 5784 5792 5793
3 5784 5793 5785
3 5785 5793 5794
3 5785 5794 5786
3 5786 5794 5795
3 5786 5795 5787
3 5787 5795 5796
3 5787 5796 5788
3 5788 5796 5797
3 5788 5797 5789
3 5789 5797 5798
3 5789 5798 5790
3 5790 5798 5799
3 5790 5799 5791
3 5791 5799 5792
3 5791 5792 5784
3 5792 5800 5801
3 5792 5801 5793
3 5793 5801 5802
3 5793 5802 5794
3 5794 5802 5803
3 5794 5803 5795
3 5795 5803 5804
3 5795 5804 5796
3 5796 5804 5805
3 5796 5805 5797
3 5797 5805 5806
3 5797 5806 5798
3 5798 5806 5807
3 5798 5807 5799
3 5799 5807 5800
3 5799 5800 5792
3 5800 5808 5809
3 5800 5809 5801
3 5801 5809 5810
3 5801 5810 5802
3 5802 5810 5811
3 5802 5811 5803
3 5803 5811 5812
3 5803 5812 5804
3 5804 5812 5813
3 5804 5813 5805
3 5805 5813 5814
3 5805 5814 5806
3 5806 5814 5815
3 5806 5815 5807
3 5807 5815 5808
3 5807 5808 5800
3 5808 5816 5817
3 5808 5817 5809
3 5809 5817 5818
3 5809 5818 5810
3 5810 5818 5819
3 5810 5819 5811
3 5811 5819 5820
3 5811 5820 5812
3 5812 5820 5821
3 5812 5821 5813
3 5813 5821 5822
3 5813 5822 5814
3 5814 5822 5823
3 5814 5823 5815
3 5815 5823 5816
3 5815 5816 5808
3 5816 5824 5825
3 5816 5825 5817
3 5817 5825 5826
3 5817 5826 5818
3 5818 5826 5827
3 5818 5827 5819
3 5819 5827 5828
3 5819 5828 5820
3 5820 5828 5829
3 5820 5829 5821
3 5821 5829 5830
3 5821 5830 5822
3 5822 5830 5831
3 5822 5831 5823
3 5823 5831 5824
3 5823 5824 5816
3 5824 5832 5833
3 5824 5833 5825
3 5825 5833 5834
3 5825 5834 5826
3 5826 5834 5835
3 5826 5835 5827
3 5827 5835 5836
3 5827 5836 5828
3 5828 5836 5837
3 5828 5837 5829
3 5829 5837 5838
3 5829 5838 5830
3 5830 5838 5839
3 5830 5839 5831
3 5831 5839 5832
3 5831 5832 5824
3 5832 5840 5841
3 5832 5841 5833
3 5833 5841 5842
3 5833 5842 5834
3 5834 5842 5843
3 5834 5843 5835
3 5835 5843 5844
3 5835 5844 5836
3 5836 5844 5845
3 5836 5845 5837
3 5837 5845 5846
3 5837 5846 5838
3 5838 5846 5847
3 5838 5847 5839
3 5839 5847 5840
3 5839 5840 5832
3 5840 5848 5849
3 5840 5849 5841
3 5841 5849 5850
3 5841 5850 5842
3 5842 5850 5851
3 5842 5851 5843
3 5843 5851 5852
3 5843 5852 5844
3 5844 5852 5853
3 5844 5853 5845
3 5845 5853 5854
3 5845 5854 5846
3 5846 5854 5855
3 5846 5855 5847
3 5847 5855 5848
3 5847 5848 5840
3 5848 5856 5857
3 5848 5857 5849
3 5849 5857 5858
3 5849 5858 5850
3 5850 5858 5859
3 5850 5859 5851
3 5851 5859 5860
3 5851 5860 5852
3 5852 5860 5861
3 5852 5861 5853
3 5853 5861 5862
3 5853 5862 5854
3 5854 5862 5863
3 5854 5863 5855
3 5855 5863 5856
3 5855 5856 5848
3 5856 5864 5865
3 5856 5865 5857
3 5857 5865 5866
3 5857 5866 5858
3 5858 5866 5867
3 5858 5867 5859
3 5859 5867 5868
3 5859 5868 5860
3 5860 5868 5869
3 5860 5869 5861
3 5861 5869 5870
3 5861 5870 5862
3 5862 5870 5871
3 5862 5871 5863
3 5863 5871 5864
3 5863 5864 5856
3 5864 5872 5873
3 5864 5873 5865
3 5865 5873 5874
3 5865 5874 5866
3 5866 5874 5875
3 5866 5875 5867
3 5867 5875 5876
3 5867 5876 5868
3 5868 5876 5877
3 5868 5877 5869
3 5869 5877 5878
3 5869 5878 5870
3 5870 5878 5879
3 5870 5879 5871
3 5871 5879 5872
3 5871 5872 5864
3 5872 5880 5881
3 5872 5881 5873
3 5873 5881 5882
3 5873 5882 5874
3 5874 5882 5883
3 5874 5883 5875
3 5875 5883 5884
3 5875 5884 5876
3 5876 5884 5885
3 5876 5885 5877
3 5877 5885 5886
3 5877 5886 5878
3 5878 5886 5887
3 5878 5887 5879
3 5879 5887 5880
3 5879 5880 5872
3 5880 5888 5889
3 5880 5889 5881
3 5881 5889 5890
3 5881 5890 5882
3 5882 5890 5891
3 5882 5891 5883
3 5883 5891 5892
3 5883 5892 5884
3 5884 5892 5893
3 5884 5893 5885
3 5885 5893 5894
3 5885 5894 5886
3 5886 5894 5895
3 5886 5895 5887
3 5887 5895 5888
3 5887 5888 5880
3 5888 5896 5897
3 5888 5897 5889
3 5889 5897 5898
3 5889 5898 5890
3 5890 5898 5899
3 5890 5899 5891
3 5891 5899 5900
3 5891 5900 5892
3 5892 5900 5901
3 5892 5901 5893
3 5893 5901 5902
3 5893 5902 5894
3 5894 5902 5903
3 5894 5903 5895
3 5895 5903 5896
3 5895 5896 5888
3 5896 5904 5905
3 5896 5905 5897
3 5897 5905 5906
3 5897 5906 5898
3 5898 5906 5907
3 5898 5907 5899
3 5899 5907 5908
3 5899 5908 5900
3 5900 5908 5909
3 5900 5909 5901
3 5901 5909 5910
3 5901 5910 5902
3 5902 5910 5911
3 5902 5911 5903
3 5903 5911 5904
3 5903 5904 5896
3 5904 5912 5913
3 5904 5913 5905
3 5905 5913 5914
3 5905 5914 5906
3 5906 5914 5915
3 5906 5915 5907
3 5907 5915 5916
3 5907 5916 5908
3 5908 5916 5917
3 5908 5917 5909
3 5909 5917 5918
3 5909 5918 5910
3 5910 5918 5919
3 5910 5919 5911
3 5911 5919 5912
3 5911 5912 5904
3 5912 5920 5921
3 5912 5921 5913
3 5913 5921 5922
3 5913 5922 5914
3 5914 5922 5923
3 5914 5923 5915
3 5915 5923 5924
3 5915 5924 5916
3 5916 5924 5925
3 5916 5925 5917
3 5917 5925 5926
3 5917 5926 5918
3 5918 5926 5927
3 5918 5927 5919
3 5919 5927 5920
3 5919 5920 5912
3 5920 5928 5929
3 5920 5929 5921
3 5921 5929 5930
3 5921 5930 5922
3 5922 5930 5931
3 5922 5931 5923
3 5923 5931 5932
3 5923 5932 5924
3 5924 5932 5933
3 5924 5933 5925
3 5925 5933 5934
3 5925 5934 5926
3 5926 5934 5935
3 5926 5935 5927
3 5927 5935 5928
3 5927 5928 5920
3 5928 5936 5937
3 5928 5937 5929
3 5929 5937 5938
3 5929 5938 5930
3 5930 5938 5939
3 5930 5939 5931
3 5931 5939 5940
3 5931 5940 5932
3 5932 5940 5941
3 5932 5941 5933
3 5933 5941 5942
3 5933 5942 5934
3 5934 5942 5943
3 5934 5943 5935
3 5935 5943 5936
3 5935 5936 5928
3 5936 5944 5945
3 5936 5945 5937
3 5937 5945 5946
3 5937 5946 5938
3 5938 5946 5947
3 5938 5947 5939
3 5939 5947 5948
3 5939 5948 5940
3 5940 5948 5949
3 5940 5949 5941
3 5941 5949 5950
3 5941 5950 5942
3 5942 5950 5951
3 5942 5951 5943
3 5943 5951 5944
3 5943 5944 5936
3 5944 5952 5953
3 5944 5953 5945
3 5945 5953 5954
3 5945 5954 5946
3 5946 5954 5955
3 5946 5955 5947
3 5947 5955 5956
3 5947 5956 5948
3 5948 5956 5957
3 5948 5957 5949
3 5949 5957 5958
3 5949 5958 5950
3 5950 5958 5959
3 5950 5959 5951
3 5951 5959 5952
3 5951 5952 5944
3 5952 5960 5961
3 5952 5961 5953
3 5953 5961 5962
3 5953 5962 5954
3 5954 5962 5963
3 5954 5963 5955
3 5955 5963 5964
3 5955 5964 5956
3 5956 5964 5965
3 5956 5965 5957
3 5957 5965 5966
3 5957 5966 5958
3 5958 5966 5967
3 5958 5967 5959
3 5959 5967 5960
3 5959 5960 5952
3 5960 5968 5969
3 5960 5969 5961
3 5961 5969 5970
3 5961 5970 5962
3 5962 5970 5971
3 5962 5971 5963
3 5963 5971 5972
3 5963 5972 5964
3 5964 5972 5973
3 5964 5973 5965
3 5965 5973 5974
3 5965 5974 5966
3 5966 5974 5975
3 5966 5975 5967
3 5967 5975 5968
3 5967 5968 5960
3 5968 5976 5977
3 5968 5977 5969
3 5969 5977 5978
3 5969 5978 5970
3 5970 5978 5979
3 5970 5979 5971
3 5971 5979 5980
3 5971 5980 5972
3 5972 5980 5981
3 5972 5981 5973
3 5973 5981 5982
3 5973 5982 5974
3 5974 5982 5983
3 5974 5983 5975
3 5975 5983 5976
3 5975 5976 5968
3 5976 5984 5985
3 5976 5985 5977
3 5977 5985 5986
3 5977 5986 5978
3 5978 5986 5987
3 5978 5987 5979
3 5979 5987 5988
3 5979 5988 5980
3 5980 5988 5989
3 5980 5989 5981
3 5981 5989 5990
3 5981 5990 5982
3 5982 5990 5991
3 5982 5991 5983
3 5983 5991 5984
3 5983 5984 5976
3 5984 5992 5993
3 5984 5993 5985
3 5985 5993 5994
3 5985 5994 5986
3 5986 5994 5995
3 5986 5995 5987
3 5987 5995 5996
3 5987 5996 5988
3 5988 5996 5997
3 5988 5997 5989
3 5989 5997 5998
3 5989 5998 5990
3 5990 5998 5999
3 5990 5999 5991
3 5991 5999 5992
3 5991 5992 5984
3 5992 6000 6001
3 5992 6001 5993
3 5993 6001 6002
3 5993 6002 5994
3 5994 6002 6003
3 5994 6003 5995
3 5995 6003 6004
3 5995 6004 5996
3 5996 6004 6005
3 5996 6005 5997
3 5997 6005 6006
3 5997 6006 5998
3 5998 6006 6007
3 5998 6007 5999
3 5999 6007 6000
3 5999 6000 5992
3 6000 6008 6009
3 6000 6009 6001
3 6001 6009 6010
3 6001 6010 6002
3 6002 6010 6011
3 6002 6011 6003
3 6003 6011 6012
3 6003 6012 6004
3 6004 6012 6013
3 6004 6013 6005
3 6005 6013 6014
3 6005 6014 6006
3 6006 6014 6015
3 6006 6015 6007
3 6007 6015 6008
3 6007 6008 6000
3 6008 6016 6017
3 6008 6017 6009
3 6009 6017 6018
3 6009 6018 6010
3 6010 6018 6019
3 6010 6019 6011
3 6011 6019 6020
3 6011 6020 6012
3 6012 6020 6021
3 6012 6021 6013
3 6013 6021 6022
3 6013 6022 6014
3 6014 6022 6023
3 6014 6023 6015
3 6015 6023 6016
3 6015 6016 6008
3 6016 6024 6025
3 6016 6025 6017
3 6017 6025 6026
3 6017 6026 6018
3 6018 6026 6027
3 6018 6027 6019
3 6019 6027 6028
3 6019 6028 6020
3 6020 6028 6029
3 6020 6029 6021
3 6021 6029 6030
3 6021 6030 6022
3 6022 6030 6031
3 6022 6031 6023
3 6023 6031 6024
3 6023 6024 6016
3 6024 6032 6033
3 6024 6033 6025
3 6025 6033 6034
3 6025 6034 6026
3 6026 6034 6035
3 6026 6035 6027
3 6027 6035 6036
3 6027 6036 6028
3 6028 6036 6037
3 6028 6037 6029
3 6029 6037 6038
3 6029 6038 6030
3 6030 6038 6039
3 6030 6039 6031
3 6031 6039 6032
3 6031 6032 6024
3 6032 6040 6041
3 6032 6041 6033
3 6033 6041 6042
3 6033 6042 6034
3 6034 6042 6043
3 6034 6043 6035
3 6035 6043 6044
3 6035 6044 6036
3 6036 6044 6045
3 6036 6045 6037
3 6037 6045 6046
3 6037 6046 6038
3 6038 6046 6047
3 6038 6047 6039
3 6039 6047 6040
3 6039 6040 6032
3 6040 6048 6049
3 6040 6049 6041
3 6041 6049 6050
3 6041 6050 6042
3 6042 6050 6051
3 6042 6051 6043
3 6043 6051 6052
3 6043 6052 6044
3 6044 6052 6053
3 6044 6053 6045
3 6045 6053 6054
3 6045 6054 6046
3 6046 6054 6055
3 6046 6055 6047
3 6047 6055 6048
3 6047 6048 6040
3 6048 6056 6057
3 6048 6057 6049
3 6049 6057 6058
3 6049 6058 6050
3 6050 6058 6059
3 6050 6059 6051
3 6051 6059 6060
3 6051 6060 6052
3 6052 6060 6061
3 6052 6061 6053
3 6053 6061 6062
3 6053 6062 6054
3 6054 6062 6063
3 6054 6063 6055
3 6055 6063 6056
3 6055 6056 6048
3 6056 6064 6065
3 6056 6065 6057
3 6057 6065 6066
3 6057 6066 6058
3 6058 6066 6067
3 6058 6067 6059
3 6059 6067 6068
3 6059 6068 6060
3 6060 6068 6069
3 6060 6069 6061
3 6061 6069 6070
3 6061 6070 6062
3 6062 6070 6071
3 6062 6071 6063
3 6063 6071 6064
3 6063 6064 6056
3 6064 6072 6073
3 6064 6073 6065
3 6065 6073 6074
3 6065 6074 6066
3 6066 6074 6075
3 6066 6075 6067
3 6067 6075 6076
3 6067 6076 6068
3 6068 6076 6077
3 6068 6077 6069
3 6069 6077 6078
3 6069 6078 6070
3 6070 6078 6079
3 6070 6079 6071
3 6071 6079 6072
3 6071 6072 6064
3 6072 6080 6081
3 6072 6081 6073
3 6073 6081 6082
3 6073 6082 6074
3 6074 6082 6083
3 6074 6083 6075
3 6075 6083 6084
3 6075 6084 6076
3 6076 6084 6085
3 6076 6085 6077
3 6077 6085 6086
3 6077 6086 6078
3 6078 6086 6087
3 6078 6087 6079
3 6079 6087 6080
3 6079 6080 6072
3 6080 6088 6089
3 6080 6089 6081
3 6081 6089 6090
3 6081 6090 6082
3 6082 6090 6091
3 6082 6091 6083
3 6083 6091 6092
3 6083 6092 6084
3 6084 6092 6093
3 6084 6093 6085
3 6085 6093 6094
3 6085 6094 6086
3 6086 6094 6095
3 6086 6095 6087
3 6087 6095 6088
3 6087 6088 6080
3 6088 6096 6097
3 6088 6097 6089
3 6089 6097 6098
3 6089 6098 6090
3 6090 6098 6099
3 6090 6099 6091
3 6091 6099 6100
3 6091 6100 6092
3 6092 6100 6101
3 6092 6101 6093
3 6093 6101 6102
3 6093 6102 6094
3 6094 6102 6103
3 6094 6103 6095
3 6095 6103 6096
3 6095 6096 6088
3 6096 6104 6105
3 6096 6105 6097
3 6097 6105 6106
3 6097 6106 6098
3 6098 6106 6107
3 6098 6107 6099
3 6099 6107 6108
3 6099 6108 6100
3 6100 6108 6109
3 6100 6109 6101
3 6101 6109 6110
3 6101 6110 6102
3 6102 6110 6111
3 6102 6111 6103
3 6103 6111 6104
3 6103 6104 6096
3 6104 6112 6113
3 6104 6113 6105
3 6105 6113 6114
3 6105 6114 6106
3 6106 6114 6115
3 6106 6115 6107
3 6107 6115 6116
3 6107 6116 6108
3 6108 6116 6117
3 6108 6117 6109
3 6109 6117 6118
3 6109 6118 6110
3 6110 6118 6119
3 6110 6119 6111
3 6111 6119 6112
3 6111 6112 6104
3 6112 6120 6121
3 6112 6121 6113
3 6113 6121 6122
3 6113 6122 6114
3 6114 6122 6123
3 6114 6123 6115
3 6115 6123 6124
3 6115 6124 6116
3 6116 6124 6125
3 6116 6125 6117
3 6117 6125 6126
3 6117 6126 6118
3 6118 6126 6127
3 6118 6127 6119
3 6119 6127 6120
3 6119 6120 6112
3 6120 6128 6129
3 6120 6129 6121
3 6121 6129 6130
3 6121 6130 6122
3 6122 6130 6131
3 6122 6131 6123
3 6123 6131 6132
3 6123 6132 6124
3 6124 6132 6133
3 6124 6133 6125
3 6125 6133 6134
3 6125 6134 6126
3 6126 6134 6135
3 6126 6135 6127
3 6127 6135 6128
3 6127 6128 6120
3 6128 6136 6137
3 6128 6137 6129
3 6129 6137 6138
3 6129 6138 6130
3 6130 6138 6139
3 6130 6139 6131
3 6131 6139 6140
3 6131 6140 6132
3 6132 6140 6141
3 6132 6141 6133
3 6133 6141 6142
3 6133 6142 6134
3 6134 6142 6143
3 6134 6143 6135
3 6135 6143 6136
3 6135 6136 6128
3 6136 6144 6145
3 6136 6145 6137
3 6137 6145 6146
3 6137 6146 6138
3 6138 6146 6147
3 6138 6147 6139
3 6139 6147 6148
3 6139 6148 6140
3 6140 6148 6149
3 6140 6149 6141
3 6141 6149 6150
3 6141 6150 6142
3 6142 6150 6151
3 6142 6151 6143
3 6143 6151 6144
3 6143 6144 6136
3 6144 6152 6153
3 6144 6153 6145
3 6145 6153 6154
3 6145 6154 6146
3 6146 6154 6155
3 6146 6155 6147
3 6147 6155 6156
3 6147 6156 6148
3 6148 6156 6157
3 6148 6157 6149
3 6149 6157 6158
3 6149 6158 6150
3 6150 6158 6159
3 6150 6159 6151
3 6151 6159 6152
3 6151 6152 6144
3 6152 6160 6161
3 6152 6161 6153
3 6153 6161 6162
3 6153 6162 6154
3 6154 6162 6163
3 6154 6163 6155
3 6155 6163 6164
3 6155 6164 6156
3 6156 6164 6165
3 6156 6165 6157
3 6157 6165 6166
3 6157 6166 6158
3 6158 6166 6167
3 6158 6167 6159
3 6159 6167 6160
3 6159 6160 6152
3 6160 6168 6169
3 6160 6169 6161
3 6161 6169 6170
3 6161 6170 6162
3 6162 6170 6171
3 6162 6171 6163
3 6163 6171 6172
3 6163 6172 6164
3 6164 6172 6173
3 6164 6173 6165
3 6165 6173 6174
3 6165 6174 6166
3 6166 6174 6175
3 6166 6175 6167
3 6167 6175 6168
3 6167 6168 6160
3 6168 6176 6177
3 6168 6177 6169
3 6169 6177 6178
3 6169 6178 6170
3 6170 6178 6179
3 6170 6179 6171
3 6171 6179 6180
3 6171 6180 6172
3 6172 6180 6181
3 6172 6181 6173
3 6173 6181 6182
3 6173 6182 6174
3 6174 6182 6183
3 6174 6183 6175
3 6175 6183 6176
3 6175 6176 6168
3 6176 6184 6185
3 6176 6185 6177
3 6177 6185 6186
3 6177 6186 6178
3 6178 6186 6187
3 6178 6187 6179
3 6179 6187 6188
3 6179 6188 6180
3 6180 6188 6189
3 6180 6189 6181
3 6181 6189 6190
3 6181 6190 6182
3 6182 6190 6191
3 6182 6191 6183
3 6183 6191 6184
3 6183 6184 6176
3 6184 6192 6193
3 6184 6193 6185
3 6185 6193 6194
3 6185 6194 6186
3 6186 6194 6195
3 6186 6195 6187
3 6187 6195 6196
3 6187 6196 6188
3 6188 6196 6197
3 6188 6197 6189
3 6189 6197 6198
3 6189 6198 6190
3 6190 6198 6199
3 6190 6199 6191
3 6191 6199 6192
3 6191 6192 6184
3 6192 6200 6201
3 6192 6201 6193
3 6193 6201 6202
3 6193 6202 6194
3 6194 6202 6203
3 6194 6203 6195
3 6195 6203 6204
3 6195 6204 6196
3 6196 6204 6205
3 6196 6205 6197
3 6197 6205 6206
3 6197 6206 6198
3 6198 6206 6207
3 6198 6207 6199
3 6199 6207 6200
3 6199 6200 6192
3 6200 6208 6209
3 6200 6209 6201
3 6201 6209 6210
3 6201 6210 6202
3 6202 6210 6211
3 6202 6211 6203
3 6203 6211 6212
3 6203 6212 6204
3 6204 6212 6213
3 6204 6213 6205
3 6205 6213 6214
3 6205 6214 6206
3 6206 6214 6215
3 6206 6215 6207
3 6207 6215 6208
3 6207 6208 6200
3 6208 6216 6217
3 6208 6217 6209
3 6209 6217 6218
3 6209 6218 6210
3 6210 6218 6219
3 6210 6219 6211
3 6211 6219 6220
3 6211 6220 6212
3 6212 6220 6221
3 6212 6221 6213
3 6213 6221 6222
3 6213 6222 6214
3 6214 6222 6223
3 6214 6223 6215
3 6215 6223 6216
3 6215 6216 6208
3 6216 6224 6225
3 6216 6225 6217
3 6217 6225 6226
3 6217 6226 6218
3 6218 6226 6227
3 6218 6227 6219
3 6219 6227 6228
3 6219 6228 6220
3 6220 6228 6229
3 6220 6229 6221
3 6221 6229 6230
3 6221 6230 6222
3 6222 6230 6231
3 6222 6231 6223
3 6223 6231 6224
3 6223 6224 6216
3 6224 6232 6233
3 6224 6233 6225
3 6225 6233 6234
3 6225 6234 6226
3 6226 6234 6235
3 6226 6235 6227
3 6227 6235 6236
3 6227 6236 6228
3 6228 6236 6237
3 6228 6237 6229
3 6229 6237 6238
3 6229 6238 6230
3 6230 6238 6239
3 6230 6239 6231
3 6231 6239 6232
3 6231 6232 6224
3 6232 6240 6241
3 6232 6241 6233
3 6233 6241 6242
3 6233 6242 6234
3 6234 6242 6243
3 6234 6243 6235
3 6235 6243 6244
3 6235 6244 6236
3 6236 6244 6245
3 6236 6245 6237
3 6237 6245 6246
3 6237 6246 6238
3 6238 6246 6247
3 6238 6247 6239
3 6239 6247 6240
3 6239 6240 6232
3 6240 6248 6249
3 6240 6249 6241
3 6241 6249 6250
3 6241 6250 6242
3 6242 6250 6251
3 6242 6251 6243
3 6243 6251 6252
3 6243 6252 6244
3 6244 6252 6253
3 6244 6253 6245
3 6245 6253 6254
3 6245 6254 6246
3 6246 6254 6255
3 6246 6255 6247
3 6247 6255 6248
3 6247 6248 6240
3 6248 6256 6257
3 6248 6257 6249
3 6249 6257 6258
3 6249 6258 6250
3 6250 6258 6259
3 6250 6259 6251
3 6251 6259 6260
3 6251 6260 6252
3 6252 6260 6261
3 6252 6261 6253
3 6253 6261 6262
3 6253 6262 6254
3 6254 6262 6263
3 6254 6263 6255
3 6255 6263 6256
3 6255 6256 6248
3 6256 6264 6265
3 6256 6265 6257
3 6257 6265 6266
3 6257 6266 6258
3 6258 6266 6267
3 6258 6267 6259
3 6259 6267 6268
3 6259 6268 6260
3 6260 6268 6269
3 6260 6269 6261
3 6261 6269 6270
3 6261 6270 6262
3 6262 6270 6271
3 6262 6271 6263
3 6263 6271 6264
3 6263 6264 6256
3 6264 6272 6273
3 6264 6273 6265
3 6265 6273 6274
3 6265 6274 6266
3 6266 6274 6275
3 6266 6275 6267
3 6267 6275 6276
3 6267 6276 6268
3 6268 6276 6277
3 6268 6277 6269
3 6269 6277 6278
3 6269 6278 6270
3 6270 6278 6279
3 6270 6279 6271
3 6271 6279 6272
3 6271 6272 6264
3 6272 6280 6281
3 6272 6281 6273
3 6273 6281 6282
3 6273 6282 6274
3 6274 6282 6283
3 6274 6283 6275
3 6275 6283 6284
3 6275 6284 6276
3 6276 6284 6285
3 6276 6285 6277
3 6277 6285 6286
3 6277 6286 6278
3 6278 6286 6287
3 6278 6287 6279
3 6279 6287 6280
3 6279 6280 6272
3 6280 6288 6289
3 6280 6289 6281
3 6281 6289 6290
3 6281 6290 6282
3 6282 6290 6291
3 6282 6291 6283
3 6283 6291 6292
3 6283 6292 6284
3 6284 6292 6293
3 6284 6293 6285
3 6285 6293 6294
3 6285 6294 6286
3 6286 6294 6295
3 6286 6295 6287
3 6287 6295 6288
3 6287 6288 6280
3 6288 6296 6297
3 6288 6297 6289
3 6289 6297 6298
3 6289 6298 6290
3 6290 6298 6299
3 6290 6299 6291
3 6291 6299 6300
3 6291 6300 6292
3 6292 6300 6301
3 6292 6301 6293
3 6293 6301 6302
3 6293 6302 6294
3 6294 6302 6303
3 6294 6303 6295
3 6295 6303 6296
3 6295 6296 6288
3 6296 6304 6305
3 6296 6305 6297
3 6297 6305 6306
3 6297 6306 6298
3 6298 6306 6307
3 6298 6307 6299
3 6299 6307 6308
3 6299 6308 6300
3 6300 6308 6309
3 6300 6309 6301
3 6301 6309 6310
3 6301 6310 6302
3 6302 6310 6311
3 6302 6311 6303
3 6303 6311 6304
3 6303 6304 6296
3 6304 6312 6313
3 6304 6313 6305
3 6305 6313 6314
3 6305 6314 6306
3 6306 6314 6315
3 6306 6315 6307
3 6307 6315 6316
3 6307 6316 6308
3 6308 6316 6317
3 6308 6317 6309
3 6309 6317 6318
3 6309 6318 6310
3 6310 6318 6319
3 6310 6319 6311
3 6311 6319 6312
3 6311 6312 6304
3 6312 6320 6321
3 6312 6321 6313
3 6313 6321 6322
3 6313 6322 6314
3 6314 6322 6323
3 6314 6323 6315
3 6315 6323 6324
3 6315 6324 6316
3 6316 6324 6325
3 6316 6325 6317
3 6317 6325 6326
3 6317 6326 6318
3 6318 6326 6327
3 6318 6327 6319
3 6319 6327 6320
3 6319 6320 6312
3 6320 6328 6329
3 6320 6329 6321
3 6321 6329 6330
3 6321 6330 6322
3 6322 6330 6331
3 6322 6331 6323
3 6323 6331 6332
3 6323 6332 6324
3 6324 6332 6333
3 6324 6333 6325
3 6325 6333 6334
3 6325 6334 6326
3 6326 6334 6335
3 6326 6335 6327
3 6327 6335 6328
3 6327 6328 6320
3 6328 6336 6337
3 6328 6337 6329
3 6329 6337 6338
3 6329 6338 6330
3 6330 6338 6339
3 6330 6339 6331
3 6331 6339 6340
3 6331 6340 6332
3 6332 6340 6341
3 6332 6341 6333
3 6333 6341 6342
3 6333 6342 6334
3 6334 6342 6343
3 6334 6343 6335
3 6335 6343 6336
3 6335 6336 6328
3 6336 6344 6345
3 6336 6345 6337
3 6337 6345 6346
3 6337 6346 6338
3 6338 6346 6347
3 6338 6347 6339
3 6339 6347 6348
3 6339 6348 6340
3 6340 6348 6349
3 6340 6349 6341
3 6341 6349 6350
3 6341 6350 6342
3 6342 6350 6351
3 6342 6351 6343
3 6343 6351 6344
3 6343 6344 6336
3 6344 6352 6353
3 6344 6353 6345
3 6345 6353 6354
3 6345 6354 6346
3 6346 6354 6355
3 6346 6355 6347
3 6347 6355 6356
3 6347 6356 6348
3 6348 6356 6357
3 6348 6357 6349
3 6349 6357 6358
3 6349 6358 6350
3 6350 6358 6359
3 6350 6359 6351
3 6351 6359 6352
3 6351 6352 6344
3 6352 6360 6361
3 6352 6361 6353
3 6353 6361 6362
3 6353 6362 6354
3 6354 6362 6363
3 6354 6363 6355
3 6355 6363 6364
3 6355 6364 6356
3 6356 6364 6365
3 6356 6365 6357
3 6357 6365 6366
3 6357 6366 6358
3 6358 6366 6367
3 6358 6367 6359
3 6359 6367 6360
3 6359 6360 6352
3 6360 6368 6369
3 6360 6369 6361
3 6361 6369 6370
3 6361 6370 6362
3 6362 6370 6371
3 6362 6371 6363
3 6363 6371 6372
3 6363 6372 6364
3 6364 6372 6373
3 6364 6373 6365
3 6365 6373 6374
3 6365 6374 6366
3 6366 6374 6375
3 6366 6375 6367
3 6367 6375 6368
3 6367 6368 6360
3 6368 6376 6377
3 6368 6377 6369
3 6369 6377 6378
3 6369 6378 6370
3 6370 6378 6379
3 6370 6379 6371
3 6371 6379 6380
3 6371 6380 6372
3 6372 6380 6381
3 6372 6381 6373
3 6373 6381 6382
3 6373 6382 6374
3 6374 6382 6383
3 6374 6383 6375
3 6375 6383 6376
3 6375 6376 6368
3 6376 6384 6385
3 6376 6385 6377
3 6377 6385 6386
3 6377 6386 6378
3 6378 6386 6387
3 6378 6387 6379
3 6379 6387 6388
3 6379 6388 6380
3 6380 6388 6389
3 6380 6389 6381
3 6381 6389 6390
3 6381 6390 6382
3 6382 6390 6391
3 6382 6391 6383
3 6383 6391 6384
3 6383 6384 6376
3 6384 6392 6393
3 6384 6393 6385
3 6385 6393 6394
3 6385 6394 6386
3 6386 6394 6395
3 6386 6395 6387
3 6387 6395 6396
3 6387 6396 6388
3 6388 6396 6397
3 6388 6397 6389
3 6389 6397 6398
3 6389 6398 6390
3 6390 6398 6399
3 6390 6399 6391
3 6391 6399 6392
3 6391 6392 6384
3 6392 6400 6401
3 6392 6401 6393
3 6393 6401 6402
3 6393 6402 6394
3 6394 6402 6403
3 6394 6403 6395
3 6395 6403 6404
3 6395 6404 6396
3 6396 6404 6405
3 6396 6405 6397
3 6397 6405 6406
3 6397 6406 6398
3 6398 6406 6407
3 6398 6407 6399
3 6399 6407 6400
3 6399 6400 6392
3 6400 6408 6409
3 6400 6409 6401
3 6401 6409 6410
3 6401 6410 6402
3 6402 6410 6411
3 6402 6411 6403
3 6403 6411 6412
3 6403 6412 6404
3 6404 6412 6413
3 6404 6413 6405
3 6405 6413 6414
3 6405 6414 6406
3 6406 6414 6415
3 6406 6415 6407
3 6407 6415 6408
3 6407 6408 6400
3 6408 6416 6417
3 6408 6417 6409
3 6409 6417 6418
3 6409 6418 6410
3 6410 6418 6419
3 6410 6419 6411
3 6411 6419 6420
3 6411 6420 6412
3 6412 6420 6421
3 6412 6421 6413
3 6413 6421 6422
3 6413 6422 6414
3 6414 6422 6423
3 6414 6423 6415
3 6415 6423 6416
3 6415 6416 6408
3 6416 6424 6425
3 6416 6425 6417
3 6417 6425 6426
3 6417 6426 6418
3 6418 6426 6427
3 6418 6427 6419
3 6419 6427 6428
3 6419 6428 6420
3 6420 6428 6429
3 6420 6429 6421
3 6421 6429 6430
3 6421 6430 6422
3 6422 6430 6431
3 6422 6431 6423
3 6423 6431 6424
3 6423 6424 6416
3 6424 6432 6433
3 6424 6433 6425
3 6425 6433 6434
3 6425 6434 6426
3 6426 6434 6435
3 6426 6435 6427
3 6427 6435 6436
3 6427 6436 6428
3 6428 6436 6437
3 6428 6437 6429
3 6429 6437 6438
3 6429 6438 6430
3 6430 6438 6439
3 6430 6439 6431
3 6431 6439 6432
3 6431 6432 6424
3 6432 6440 6441
3 6432 6441 6433
3 6433 6441 6442
3 6433 6442 6434
3 6434 6442 6443
3 6434 6443 6435
3 6435 6443 6444
3 6435 6444 6436
3 6436 6444 6445
3 6436 6445 6437
3 6437 6445 6446
3 6437 6446 6438
3 6438 6446 6447
3 6438 6447 6439
3 6439 6447 6440
3 6439 6440 6432
3 6440 6448 6449
3 6440 6449 6441
3 6441 6449 6450
3 6441 6450 6442
3 6442 6450 6451
3 6442 6451 6443
3 6443 6451 6452
3 6443 6452 6444
3 6444 6452 6453
3 6444 6453 6445
3 6445 6453 6454
3 6445 6454 6446
3 6446 6454 6455
3 6446 6455 6447
3 6447 6455 6448
3 6447 6448 6440
3 6448 6456 6457
3 6448 6457 6449
3 6449 6457 6458
3 6449 6458 6450
3 6450 6458 6459
3 6450 6459 6451
3 6451 6459 6460
3 6451 6460 6452
3 6452 6460 6461
3 6452 6461 6453
3 6453 6461 6462
3 6453 6462 6454
3 6454 6462 6463
3 6454 6463 6455
3 6455 6463 6456
3 6455 6456 6448
3 6456 6464 6465
3 6456 6465 6457
3 6457 6465 6466
3 6457 6466 6458
3 6458 6466 6467
3 6458 6467 6459
3 6459 6467 6468
3 6459 6468 6460
3 6460 6468 6469
3 6460 6469 6461
3 6461 6469 6470
3 6461 6470 6462
3 6462 6470 6471
3 6462 6471 6463
3 6463 6471 6464
3 6463 6464 6456
3 6464 6472 6473
3 6464 6473 6465
3 6465 6473 6474
3 6465 6474 6466
3 6466 6474 6475
3 6466 6475 6467
3 6467 6475 6476
3 6467 6476 6468
3 6468 6476 6477
3 6468 6477 6469
3 6469 6477 6478
3 6469 6478 6470
3 6470 6478 6479
3 6470 6479 6471
3 6471 6479 6472
3 6471 6472 6464
3 6472 6480 6481
3 6472 6481 6473
3 6473 6481 6482
3 6473 6482 6474
3 6474 6482 6483
3 6474 6483 6475
3 6475 6483 6484
3 6475 6484 6476
3 6476 6484 6485
3 6476 6485 6477
3 6477 6485 6486
3 6477 6486 6478
3 6478 6486 6487
3 6478 6487 6479
3 6479 6487 6480
3 6479 6480 6472
3 6480 6488 6489
3 6480 6489 6481
3 6481 6489 6490
3 6481 6490 6482
3 6482 6490 6491
3 6482 6491 6483
3 6483 6491 6492
3 6483 6492 6484
3 6484 6492 6493
3 6484 6493 6485
3 6485 6493 6494
3 6485 6494 6486
3 6486 6494 6495
3 6486 6495 6487
3 6487 6495 6488
3 6487 6488 6480
3 6488 6496 6497
3 6488 6497 6489
3 6489 6497 6498
3 6489 6498 6490
3 6490 6498 6499
3 6490 6499 6491
3 6491 6499 6500
3 6491 6500 6492
3 6492 6500 6501
3 6492 6501 6493
3 6493 6501 6502
3 6493 6502 6494
3 6494 6502 6503
3 6494 6503 6495
3 6495 6503 6496
3 6495 6496 6488
3 6496 6504 6505
3 6496 6505 6497
3 6497 6505 6506
3 6497 6506 6498
3 6498 6506 6507
3 6498 6507 6499
3 6499 6507 6508
3 6499 6508 6500
3 6500 6508 6509
3 6500 6509 6501
3 6501 6509 6510
3 6501 6510 6502
3 6502 6510 6511
3 6502 6511 6503
3 6503 6511 6504
3 6503 6504 6496
3 6504 6512 6513
3 6504 6513 6505
3 6505 6513 6514
3 6505 6514 6506
3 6506 6514 6515
3 6506 6515 6507
3 6507 6515 6516
3 6507 6516 6508
3 6508 6516 6517
3 6508 6517 6509
3 6509 6517 6518
3 6509 6518 6510
3 6510 6518 6519
3 6510 6519 6511
3 6511 6519 6512
3 6511 6512 6504
3 6512 6520 6521
3 6512 6521 6513
3 6513 6521 6522
3 6513 6522 6514
3 6514 6522 6523
3 6514 6523 6515
3 6515 6523 6524
3 6515 6524 6516
3 6516 6524 6525
3 6516 6525 6517
3 6517 6525 6526
3 6517 6526 6518
3 6518 6526 6527
3 6518 6527 6519
3 6519 6527 6520
3 6519 6520 6512
3 6520 6528 6529
3 6520 6529 6521
3 6521 6529 6530
3 6521 6530 6522
3 6522 6530 6531
3 6522 6531 6523
3 6523 6531 6532
3 6523 6532 6524
3 6524 6532 6533
3 6524 6533 6525
3 6525 6533 6534
3 6525 6534 6526
3 6526 6534 6535
3 6526 6535 6527
3 6527 6535 6528
3 6527 6528 6520
3 6528 6536 6537
3 6528 6537 6529
3 6529 6537 6538
3 6529 6538 6530
3 6530 6538 6539
3 6530 6539 6531
3 6531 6539 6540
3 6531 6540 6532
3 6532 6540 6541
3 6532 6541 6533
3 6533 6541 6542
3 6533 6542 6534
3 6534 6542 6543
3 6534 6543 6535
3 6535 6543 6536
3 6535 6536 6528
3 6536 6544 6545
3 6536 6545 6537
3 6537 6545 6546
3 6537 6546 6538
3 6538 6546 6547
3 6538 6547 6539
3 6539 6547 6548
3 6539 6548 6540
3 6540 6548 6549
3 6540 6549 6541
3 6541 6549 6550
3 6541 6550 6542
3 6542 6550 6551
3 6542 6551 6543
3 6543 6551 6544
3 6543 6544 6536
3 6544 6552 6553
3 6544 6553 6545
3 6545 6553 6554
3 6545 6554 6546
3 6546 6554 6555
3 6546 6555 6547
3 6547 6555 6556
3 6547 6556 6548
3 6548 6556 6557
3 6548 6557 6549
3 6549 6557 6558
3 6549 6558 6550
3 6550 6558 6559
3 6550 6559 6551
3 6551 6559 6552
3 6551 6552 6544
3 6552 6560 6561
3 6552 6561 6553
3 6553 6561 6562
3 6553 6562 6554
3 6554 6562 6563
3 6554 6563 6555
3 6555 6563 6564
3 6555 6564 6556
3 6556 6564 6565
3 6556 6565 6557
3 6557 6565 6566
3 6557 6566 6558
3 6558 6566 6567
3 6558 6567 6559
3 6559 6567 6560
3 6559 6560 6552
3 6560 6568 6569
3 6560 6569 6561
3 6561 6569 6570
3 6561 6570 6562
3 6562 6570 6571
3 6562 6571 6563
3 6563 6571 6572
3 6563 6572 6564
3 6564 6572 6573
3 6564 6573 6565
3 6565 6573 6574
3 6565 6574 6566
3 6566 6574 6575
3 6566 6575 6567
3 6567 6575 6568
3 6567 6568 6560
3 6568 6576 6577
3 6568 6577 6569
3 6569 6577 6578
3 6569 6578 6570
3 6570 6578 6579
3 6570 6579 6571
3 6571 6579 6580
3 6571 6580 6572
3 6572 6580 6581
3 6572 6581 6573
3 6573 6581 6582
3 6573 6582 6574
3 6574 6582 6583
3 6574 6583 6575
3 6575 6583 6576
3 6575 6576 6568
3 6576 6584 6585
3 6576 6585 6577
3 6577 6585 6586
3 6577 6586 6578
3 6578 6586 6587
3 6578 6587 6579
3 6579 6587 6588
3 6579 6588 6580
3 6580 6588 6589
3 6580 6589 6581
3 6581 6589 6590
3 6581 6590 6582
3 6582 6590 6591
3 6582 6591 6583
3 6583 6591 6584
3 6583 6584 6576
3 6584 6592 6593
3 6584 6593 6585
3 6585 6593 6594
3 6585 6594 6586
3 6586 6594 6595
3 6586 6595 6587
3 6587 6595 6596
3 6587 6596 6588
3 6588 6596 6597
3 6588 6597 6589
3 6589 6597 6598
3 6589 6598 6590
3 6590 6598 6599
3 6590 6599 6591
3 6591 6599 6592
3 6591 6592 6584
3 6592 6600 6601
3 6592 6601 6593
3 6593 6601 6602
3 6593 6602 6594
3 6594 6602 6603
3 6594 6603 6595
3 6595 6603 6604
3 6595 6604 6596
3 6596 6604 6605
3 6596 6605 6597
3 6597 6605 6606
3 6597 6606 6598
3 6598 6606 6607
3 6598 6607 6599
3 6599 6607 6600
3 6599 6600 6592
3 6600 6608 6609
3 6600 6609 6601
3 6601 6609 6610
3 6601 6610 6602
3 6602 6610 6611
3 6602 6611 6603
3 6603 6611 6612
3 6603 6612 6604
3 6604 6612 6613
3 6604 6613 6605
3 6605 6613 6614
3 6605 6614 6606
3 6606 6614 6615
3 6606 6615 6607
3 6607 6615 6608
3 6607 6608 6600
3 6608 6616 6617
3 6608 6617 6609
3 6609 6617 6618
3 6609 6618 6610
3 6610 6618 6619
3 6610 6619 6611
3 6611 6619 6620
3 6611 6620 6612
3 6612 6620 6621
3 6612 6621 6613
3 6613 6621 6622
3 6613 6622 6614
3 6614 6622 6623
3 6614 6623 6615
3 6615 6623 6616
3 6615 6616 6608
3 6616 6624 6625
3 6616 6625 6617
3 6617 6625 6626
3 6617 6626 6618
3 6618 6626 6627
3 6618 6627 6619
3 6619 6627 6628
3 6619 6628 6620
3 6620 6628 6629
3 6620 6629 6621
3 6621 6629 6630
3 6621 6630 6622
3 6622 6630 6631
3 6622 6631 6623
3 6623 6631 6624
3 6623 6624 6616
3 6624 6632 6633
3 6624 6633 6625
3 6625 6633 6634
3 6625 6634 6626
3 6626 6634 6635
3 6626 6635 6627
3 6627 6635 6636
3 6627 6636 6628
3 6628 6636 6637
3 6628 6637 6629
3 6629 6637 6638
3 6629 6638 6630
3 6630 6638 6639
3 6630 6639 6631
3 6631 6639 6632
3 6631 6632 6624
3 6632 6640 6641
3 6632 6641 6633
3 6633 6641 6642
3 6633 6642 6634
3 6634 6642 6643
3 6634 6643 6635
3 6635 6643 6644
3 6635 6644 6636
3 6636 6644 6645
3 6636 6645 6637
3 6637 6645 6646
3 6637 6646 6638
3 6638 6646 6647
3 6638 6647 6639
3 6639 6647 6640
3 6639 6640 6632
3 6640 6648 6649
3 6640 6649 6641
3 6641 6649 6650
3 6641 6650 6642
3 6642 6650 6651
3 6642 6651 6643
3 6643 6651 6652
3 6643 6652 6644
3 6644 6652 6653
3 6644 6653 6645
3 6645 6653 6654
3 6645 6654 6646
3 6646 6654 6655
3 6646 6655 6647
3 6647 6655 6648
3 6647 6648 6640
3 6648 6656 6657
3 6648 6657 6649
3 6649 6657 6658
3 6649 6658 6650
3 6650 6658 6659
3 6650 6659 6651
3 6651 6659 6660
3 6651 6660 6652
3 6652 6660 6661
3 6652 6661 6653
3 6653 6661 6662
3 6653 6662 6654
3 6654 6662 6663
3 6654 6663 6655
3 6655 6663 6656
3 6655 6656 6648
3 6656 6664 6665
3 6656 6665 6657
3 6657 6665 6666
3 6657 6666 6658
3 6658 6666 6667
3 6658 6667 6659
3 6659 6667 6668
3 6659 6668 6660
3 6660 6668 6669
3 6660 6669 6661
3 6661 6669 6670
3 6661 6670 6662
3 6662 6670 6671
3 6662 6671 6663
3 6663 6671 6664
3 6663 6664 6656
3 6664 6672 6673
3 6664 6673 6665
3 6665 6673 6674
3 6665 6674 6666
3 6666 6674 6675
3 6666 6675 6667
3 6667 6675 6676
3 6667 6676 6668
3 6668 6676 6677
3 6668 6677 6669
3 6669 6677 6678
3 6669 6678 6670
3 6670 6678 6679
3 6670 6679 6671
3 6671 6679 6672
3 6671 6672 6664
3 6672 6680 6681
3 6672 6681 6673
3 6673 6681 6682
3 6673 6682 6674
3 6674 6682 6683
3 6674 6683 6675
3 6675 6683 6684
3 6675 6684 6676
3 6676 6684 6685
3 6676 6685 6677
3 6677 6685 6686
3 6677 6686 6678
3 6678 6686 6687
3 6678 6687 6679
3 6679 6687 6680
3 6679 6680 6672
3 6680 6688 6689
3 6680 6689 6681
3 6681 6689 6690
3 6681 6690 6682
3 6682 6690 6691
3 6682 6691 6683
3 6683 6691 6692
3 6683 6692 6684
3 6684 6692 6693
3 6684 6693 6685
3 6685 6693 6694
3 6685 6694 6686
3 6686 6694 6695
3 6686 6695 6687
3 6687 6695 6688
3 6687 6688 6680
3 6688 6696 6697
3 6688 6697 6689
3 6689 6697 6698
3 6689 6698 6690
3 6690 6698 6699
3 6690 6699 6691
3 6691 6699 6700
3 6691 6700 6692
3 6692 6700 6701
3 6692 6701 6693
3 6693 6701 6702
3 6693 6702 6694
3 6694 6702 6703
3 6694 6703 6695
3 6695 6703 6696
3 6695 6696 6688
3 6696 6704 6705
3 6696 6705 6697
3 6697 6705 6706
3 6697 6706 6698
3 6698 6706 6707
3 6698 6707 6699
3 6699 6707 6708
3 6699 6708 6700
3 6700 6708 6709
3 6700 6709 6701
3 6701 6709 6710
3 6701 6710 6702
3 6702 6710 6711
3 6702 6711 6703
3 6703 6711 6704
3 6703 6704 6696
3 6704 6712 6713
3 6704 6713 6705
3 6705 6713 6714
3 6705 6714 6706
3 6706 6714 6715
3 6706 6715 6707
3 6707 6715 6716
3 6707 6716 6708
3 6708 6716 6717
3 6708 6717 6709
3 6709 6717 6718
3 6709 6718 6710
3 6710 6718 6719
3 6710 6719 6711
3 6711 6719 6712
3 6711 6712 6704
3 6712 6720 6721
3 6712 6721 6713
3 6713 6721 6722
3 6713 6722 6714
3 6714 6722 6723
3 6714 6723 6715
3 6715 6723 6724
3 6715 6724 6716
3 6716 6724 6725
3 6716 6725 6717
3 6717 6725 6726
3 6717 6726 6718
3 6718 6726 6727
3 6718 6727 6719
3 6719 6727 6720
3 6719 6720 6712
3 6720 6728 6729
3 6720 6729 6721
3 6721 6729 6730
3 6721 6730 6722
3 6722 6730 6731
3 6722 6731 6723
3 6723 6731 6732
3 6723 6732 6724
3 6724 6732 6733
3 6724 6733 6725
3 6725 6733 6734
3 6725 6734 6726
3 6726 6734 6735
3 6726 6735 6727
3 6727 6735 6728
3 6727 6728 6720
3 6728 6736 6737
3 6728 6737 6729
3 6729 6737 6738
3 6729 6738 6730
3 6730 6738 6739
3 6730 6739 6731
3 6731 6739 6740
3 6731 6740 6732
3 6732 6740 6741
3 6732 6741 6733
3 6733 6741 6742
3 6733 6742 6734
3 6734 6742 6743
3 6734 6743 6735
3 6735 6743 6736
3 6735 6736 6728
3 6736 6744 6745
3 6736 6745 6737
3 6737 6745 6746
3 6737 6746 6738
3 6738 6746 6747
3 6738 6747 6739
3 6739 6747 6748
3 6739 6748 6740
3 6740 6748 6749
3 6740 6749 6741
3 6741 6749 6750
3 6741 6750 6742
3 6742 6750 6751
3 6742 6751 6743
3 6743 6751 6744
3 6743 6744 6736
3 6744 6752 6753
3 6744 6753 6745
3 6745 6753 6754
3 6745 6754 6746
3 6746 6754 6755
3 6746 6755 6747
3 6747 6755 6756
3 6747 6756 6748
3 6748 6756 6757
3 6748 6757 6749
3 6749 6757 6758
3 6749 6758 6750
3 6750 6758 6759
3 6750 6759 6751
3 6751 6759 6752
3 6751 6752 6744
3 6752 6760 6761
3 6752 6761 6753
3 6753 6761 6762
3 6753 6762 6754
3 6754 6762 6763
3 6754 6763 6755
3 6755 6763 6764
3 6755 6764 6756
3 6756 6764 6765
3 6756 6765 6757
3 6757 6765 6766
3 6757 6766 6758
3 6758 6766 6767
3 6758 6767 6759
3 6759 6767 6760
3 6759 6760 6752
3 6760 6768 6769
3 6760 6769 6761
3 6761 6769 6770
3 6761 6770 6762
3 6762 6770 6771
3 6762 6771 6763
3 6763 6771 6772
3 6763 6772 6764
3 6764 6772 6773
3 6764 6773 6765
3 6765 6773 6774
3 6765 6774 6766
3 6766 6774 6775
3 6766 6775 6767
3 6767 6775 6768
3 6767 6768 6760
3 6768 6776 6777
3 6768 6777 6769
3 6769 6777 6778
3 6769 6778 6770
3 6770 6778 6779
3 6770 6779 6771
3 6771 6779 6780
3 6771 6780 6772
3 6772 6780 6781
3 6772 6781 6773
3 6773 6781 6782
3 6773 6782 6774
3 6774 6782 6783
3 6774 6783 6775
3 6775 6783 6776
3 6775 6776 6768
3 6776 6784 6785
3 6776 6785 6777
3 6777 6785 6786
3 6777 6786 6778
3 6778 6786 6787
3 6778 6787 6779
3 6779 6787 6788
3 6779 6788 6780
3 6780 6788 6789
3 6780 6789 6781
3 6781 6789 6790
3 6781 6790 6782
3 6782 6790 6791
3 6782 6791 6783
3 6783 6791 6784
3 6783 6784 6776
3 6784 6792 6793
3 6784 6793 6785
3 6785 6793 6794
3 6785 6794 6786
3 6786 6794 6795
3 6786 6795 6787
3 6787 6795 6796
3 6787 6796 6788
3 6788 6796 6797
3 6788 6797 6789
3 6789 6797 6798
3 6789 6798 6790
3 6790 6798 6799
3 6790 6799 6791
3 6791 6799 6792
3 6791 6792 6784
3 6792 6800 6801
3 6792 6801 6793
3 6793 6801 6802
3 6793 6802 6794
3 6794 6802 6803
3 6794 6803 6795
3 6795 6803 6804
3 6795 6804 6796
3 6796 6804 6805
3 6796 6805 6797
3 6797 6805 6806
3 6797 6806 6798
3 6798 6806 6807
3 6798 6807 6799
3 6799 6807 6800
3 6799 6800 6792
3 6800 6808 6809
3 6800 6809 6801
3 6801 6809 6810
3 6801 6810 6802
3 6802 6810 6811
3 6802 6811 6803
3 6803 6811 6812
3 6803 6812 6804
3 6804 6812 6813
3 6804 6813 6805
3 6805 6813 6814
3 6805 6814 6806
3 6806 6814 6815
3 6806 6815 6807
3 6807 6815 6808
3 6807 6808 6800
3 6808 6816 6817
3 6808 6817 6809
3 6809 6817 6818
3 6809 6818 6810
3 6810 6818 6819
3 6810 6819 6811
3 6811 6819 6820
3 6811 6820 6812
3 6812 6820 6821
3 6812 6821 6813
3 6813 6821 6822
3 6813 6822 6814
3 6814 6822 6823
3 6814 6823 6815
3 6815 6823 6816
3 6815 6816 6808
3 6816 6824 6825
3 6816 6825 6817
3 6817 6825 6826
3 6817 6826 6818
3 6818 6826 6827
3 6818 6827 6819
3 6819 6827 6828
3 6819 6828 6820
3 6820 6828 6829
3 6820 6829 6821
3 6821 6829 6830
3 6821 6830 6822
3 6822 6830 6831
3 6822 6831 6823
3 6823 6831 6824
3 6823 6824 6816
3 6824 6832 6833
3 6824 6833 6825
3 6825 6833 6834
3 6825 6834 6826
3 6826 6834 6835
3 6826 6835 6827
3 6827 6835 6836
3 6827 6836 6828
3 6828 6836 6837
3 6828 6837 6829
3 6829 6837 6838
3 6829 6838 6830
3 6830 6838 6839
3 6830 6839 6831
3 6831 6839 6832
3 6831 6832 6824
3 6832 6840 6841
3 6832 6841 6833
3 6833 6841 6842
3 6833 6842 6834
3 6834 6842 6843
3 6834 6843 6835
3 6835 6843 6844
3 6835 6844 6836
3 6836 6844 6845
3 6836 6845 6837
3 6837 6845 6846
3 6837 6846 6838
3 6838 6846 6847
3 6838 6847 6839
3 6839 6847 6840
3 6839 6840 6832
3 6840 6848 6849
3 6840 6849 6841
3 6841 6849 6850
3 6841 6850 6842
3 6842 6850 6851
3 6842 6851 6843
3 6843 6851 6852
3 6843 6852 6844
3 6844 6852 6853
3 6844 6853 6845
3 6845 6853 6854
3 6845 6854 6846
3 6846 6854 6855
3 6846 6855 6847
3 6847 6855 6848
3 6847 6848 6840
3 6848 6856 6857
3 6848 6857 6849
3 6849 6857 6858
3 6849 6858 6850
3 6850 6858 6859
3 6850 6859 6851
3 6851 6859 6860
3 6851 6860 6852
3 6852 6860 6861
3 6852 6861 6853
3 6853 6861 6862
3 6853 6862 6854
3 6854 6862 6863
3 6854 6863 6855
3 6855 6863 6856
3 6855 6856 6848
3 6856 6864 6865
3 6856 6865 6857
3 6857 6865 6866
3 6857 6866 6858
3 6858 6866 6867
3 6858 6867 6859
3 6859 6867 6868
3 6859 6868 6860
3 6860 6868 6869
3 6860 6869 6861
3 6861 6869 6870
3 6861 6870 6862
3 6862 6870 6871
3 6862 6871 6863
3 6863 6871 6864
3 6863 6864 6856
3 6864 6872 6873
3 6864 6873 6865
3 6865 6873 6874
3 6865 6874 6866
3 6866 6874 6875
3 6866 6875 6867
3 6867 6875 6876
3 6867 6876 6868
3 6868 6876 6877
3 6868 6877 6869
3 6869 6877 6878
3 6869 6878 6870
3 6870 6878 6879
3 6870 6879 6871
3 6871 6879 6872
3 6871 6872 6864
3 6872 6880 6881
3 6872 6881 6873
3 6873 6881 6882
3 6873 6882 6874
3 6874 6882 6883
3 6874 6883 6875
3 6875 6883 6884
3 6875 6884 6876
3 6876 6884 6885
3 6876 6885 6877
3 6877 6885 6886
3 6877 6886 6878
3 6878 6886 6887
3 6878 6887 6879
3 6879 6887 6880
3 6879 6880 6872
3 6880 6888 6889
3 6880 6889 6881
3 6881 6889 6890
3 6881 6890 6882
3 6882 6890 6891
3 6882 6891 6883
3 6883 6891 6892
3 6883 6892 6884
3 6884 6892 6893
3 6884 6893 6885
3 6885 6893 6894
3 6885 6894 6886
3 6886 6894 6895
3 6886 6895 6887
3 6887 6895 6888
3 6887 6888 6880
3 6888 6896 6897
3 6888 6897 6889
3 6889 6897 6898
3 6889 6898 6890
3 6890 6898 6899
3 6890 6899 6891
3 6891 6899 6900
3 6891 6900 6892
3 6892 6900 6901
3 6892 6901 6893
3 6893 6901 6902
3 6893 6902 6894
3 6894 6902 6903
3 6894 6903 6895
3 6895 6903 6896
3 6895 6896 6888
3 6896 6904 6905
3 6896 6905 6897
3 6897 6905 6906
3 6897 6906 6898
3 6898 6906 6907
3 6898 6907 6899
3 6899 6907 6908
3 6899 6908 6900
3 6900 6908 6909
3 6900 6909 6901
3 6901 6909 6910
3 6901 6910 6902
3 6902 6910 6911
3 6902 6911 6903
3 6903 6911 6904
3 6903 6904 6896
3 6904 6912 6913
3 6904 6913 6905
3 6905 6913 6914
3 6905 6914 6906
3 6906 6914 6915
3 6906 6915 6907
3 6907 6915 6916
3 6907 6916 6908
3 6908 6916 6917
3 6908 6917 6909
3 6909 6917 6918
3 6909 6918 6910
3 6910 6918 6919
3 6910 6919 6911
3 6911 6919 6912
3 6911 6912 6904
3 6912 6920 6921
3 6912 6921 6913
3 6913 6921 6922
3 6913 6922 6914
3 6914 6922 6923
3 6914 6923 6915
3 6915 6923 6924
3 6915 6924 6916
3 6916 6924 6925
3 6916 6925 6917
3 6917 6925 6926
3 6917 6926 6918
3 6918 6926 6927
3 6918 6927 6919
3 6919 6927 6920
3 6919 6920 6912
3 6920 6928 6929
3 6920 6929 6921
3 6921 6929 6930
3 6921 6930 6922
3 6922 6930 6931
3 6922 6931 6923
3 6923 6931 6932
3 6923 6932 6924
3 6924 6932 6933
3 6924 6933 6925
3 6925 6933 6934
3 6925 6934 6926
3 6926 6934 6935
3 6926 6935 6927
3 6927 6935 6928
3 6927 6928 6920
3 6928 6936 6937
3 6928 6937 6929
3 6929 6937 6938
3 6929 6938 6930
3 6930 6938 6939
3 6930 6939 6931
3 6931 6939 6940
3 6931 6940 6932
3 6932 6940 6941
3 6932 6941 6933
3 6933 6941 6942
3 6933 6942 6934
3 6934 6942 6943
3 6934 6943 6935
3 6935 6943 6936
3 6935 6936 6928
3 6936 6944 6945
3 6936 6945 6937
3 6937 6945 6946
3 6937 6946 6938
3 6938 6946 6947
3 6938 6947 6939
3 6939 6947 6948
3 6939 6948 6940
3 6940 6948 6949
3 6940 6949 6941
3 6941 6949 6950
3 6941 6950 6942
3 6942 6950 6951
3 6942 6951 6943
3 6943 6951 6944
3 6943 6944 6936
3 6944 6952 6953
3 6944 6953 6945
3 6945 6953 6954
3 6945 6954 6946
3 6946 6954 6955
3 6946 6955 6947
3 6947 6955 6956
3 6947 6956 6948
3 6948 6956 6957
3 6948 6957 6949
3 6949 6957 6958
3 6949 6958 6950
3 6950 6958 6959
3 6950 6959 6951
3 6951 6959 6952
3 6951 6952 6944
3 6952 6960 6961
3 6952 6961 6953
3 6953 6961 6962
3 6953 6962 6954
3 6954 6962 6963
3 6954 6963 6955
3 6955 6963 6964
3 6955 6964 6956
3 6956 6964 6965
3 6956 6965 6957
3 6957 6965 6966
3 6957 6966 6958
3 6958 6966 6967
3 6958 6967 6959
3 6959 6967 6960
3 6959 6960 6952
3 6960 6968 6969
3 6960 6969 6961
3 6961 6969 6970
3 6961 6970 6962
3 6962 6970 6971
3 6962 6971 6963
3 6963 6971 6972
3 6963 6972 6964
3 6964 6972 6973
3 6964 6973 6965
3 6965 6973 6974
3 6965 6974 6966
3 6966 6974 6975
3 6966 6975 6967
3 6967 6975 6968
3 6967 6968 6960
3 6968 6976 6977
3 6968 6977 6969
3 6969 6977 6978
3 6969 6978 6970
3 6970 6978 6979
3 6970 6979 6971
3 6971 6979 6980
3 6971 6980 6972
3 6972 6980 6981
3 6972 6981 6973
3 6973 6981 6982
3 6973 6982 6974
3 6974 6982 6983
3 6974 6983 6975
3 6975 6983 6976
3 6975 6976 6968
3 6976 6984 6985
3 6976 6985 6977
3 6977 6985 6986
3 6977 6986 6978
3 6978 6986 6987
3 6978 6987 6979
3 6979 6987 6988
3 6979 6988 6980
3 6980 6988 6989
3 6980 6989 6981
3 6981 6989 6990
3 6981 6990 6982
3 6982 6990 6991
3 6982 6991 6983
3 6983 6991 6984
3 6983 6984 6976
3 6984 6992 6993
3 6984 6993 6985
3 6985 6993 6994
3 6985 6994 6986
3 6986 6994 6995
3 6986 6995 6987
3 6987 6995 6996
3 6987 6996 6988
3 6988 6996 6997
3 6988 6997 6989
3 6989 6997 6998
3 6989 6998 6990
3 6990 6998 6999
3 6990 6999 6991
3 6991 6999 6992
3 6991 6992 6984
3 6992 7000 7001
3 6992 7001 6993
3 6993 7001 7002
3 6993 7002 6994
3 6994 7002 7003
3 6994 7003 6995
3 6995 7003 7004
3 6995 7004 6996
3 6996 7004 7005
3 6996 7005 6997
3 6997 7005 7006
3 6997 7006 6998
3 6998 7006 7007
3 6998 7007 6999
3 6999 7007 7000
3 6999 7000 6992
3 7000 7008 7009
3 7000 7009 7001
3 7001 7009 7010
3 7001 7010 7002
3 7002 7010 7011
3 7002 7011 7003
3 7003 7011 7012
3 7003 7012 7004
3 7004 7012 7013
3 7004 7013 7005
3 7005 7013 7014
3 7005 7014 7006
3 7006 7014 7015
3 7006 7015 7007
3 7007 7015 7008
3 7007 7008 7000
3 7008 7016 7017
3 7008 7017 7009
3 7009 7017 7018
3 7009 7018 7010
3 7010 7018 7019
3 7010 7019 7011
3 7011 7019 7020
3 7011 7020 7012
3 7012 7020 7021
3 7012 7021 7013
3 7013 7021 7022
3 7013 7022 7014
3 7014 7022 7023
3 7014 7023 7015
3 7015 7023 7016
3 7015 7016 7008
3 7016 7024 7025
3 7016 7025 7017
3 7017 7025 7026
3 7017 7026 7018
3 7018 7026 7027
3 7018 7027 7019
3 7019 7027 7028
3 7019 7028 7020
3 7020 7028 7029
3 7020 7029 7021
3 7021 7029 7030
3 7021 7030 7022
3 7022 7030 7031
3 7022 7031 7023
3 7023 7031 7024
3 7023 7024 7016
3 7024 7032 7033
3 7024 7033 7025
3 7025 7033 7034
3 7025 7034 7026
3 7026 7034 7035
3 7026 7035 7027
3 7027 7035 7036
3 7027 7036 7028
3 7028 7036 7037
3 7028 7037 7029
3 7029 7037 7038
3 7029 7038 7030
3 7030 7038 7039
3 7030 7039 7031
3 7031 7039 7032
3 7031 7032 7024
3 7032 7040 7041
3 7032 7041 7033
3 7033 7041 7042
3 7033 7042 7034
3 7034 7042 7043
3 7034 7043 7035
3 7035 7043 7044
3 7035 7044 7036
3 7036 7044 7045
3 7036 7045 7037
3 7037 7045 7046
3 7037 7046 7038
3 7038 7046 7047
3 7038 7047 7039
3 7039 7047 7040
3 7039 7040 7032
3 7040 7048 7049
3 7040 7049 7041
3 7041 7049 7050
3 7041 7050 7042
3 7042 7050 7051
3 7042 7051 7043
3 7043 7051 7052
3 7043 7052 7044
3 7044 7052 7053
3 7044 7053 7045
3 7045 7053 7054
3 7045 7054 7046
3 7046 7054 7055
3 7046 7055 7047
3 7047 7055 7048
3 7047 7048 7040
3 7048 7056 7057
3 7048 7057 7049
3 7049 7057 7058
3 7049 7058 7050
3 7050 7058 7059
3 7050 7059 7051
3 7051 7059 7060
3 7051 7060 7052
3 7052 7060 7061
3 7052 7061 7053
3 7053 7061 7062
3 7053 7062 7054
3 7054 7062 7063
3 7054 7063 7055
3 7055 7063 7056
3 7055 7056 7048
3 7056 7064 7065
3 7056 7065 7057
3 7057 7065 7066
3 7057 7066 7058
3 7058 7066 7067
3 7058 7067 7059
3 7059 7067 7068
3 7059 7068 7060
3 7060 7068 7069
3 7060 7069 7061
3 7061 7069 7070
3 7061 7070 7062
3 7062 7070 7071
3 7062 7071 7063
3 7063 7071 7064
3 7063 7064 7056
3 7064 7072 7073
3 7064 7073 7065
3 7065 7073 7074
3 7065 7074 7066
3 7066 7074 7075
3 7066 7075 7067
3 7067 7075 7076
3 7067 7076 7068
3 7068 7076 7077
3 7068 7077 7069
3 7069 7077 7078
3 7069 7078 7070
3 7070 7078 7079
3 7070 7079 7071
3 7071 7079 7072
3 7071 7072 7064
3 7072 7080 7081
3 7072 7081 7073
3 7073 7081 7082
3 7073 7082 7074
3 7074 7082 7083
3 7074 7083 7075
3 7075 7083 7084
3 7075 7084 7076
3 7076 7084 7085
3 7076 7085 7077
3 7077 7085 7086
3 7077 7086 7078
3 7078 7086 7087
3 7078 7087 7079
3 7079 7087 7080
3 7079 7080 7072
3 7080 7088 7089
3 7080 7089 7081
3 7081 7089 7090
3 7081 7090 7082
3 7082 7090 7091
3 7082 7091 7083
3 7083 7091 7092
3 7083 7092 7084
3 7084 7092 7093
3 7084 7093 7085
3 7085 7093 7094
3 7085 7094 7086
3 7086 7094 7095
3 7086 7095 7087
3 7087 7095 7088
3 7087 7088 7080
3 7088 7096 7097
3 7088 7097 7089
3 7089 7097 7098
3 7089 7098 7090
3 7090 7098 7099
3 7090 7099 7091
3 7091 7099 7100
3 7091 7100 7092
3 7092 7100 7101
3 7092 7101 7093
3 7093 7101 7102
3 7093 7102 7094
3 7094 7102 7103
3 7094 7103 7095
3 7095 7103 7096
3 7095 7096 7088
3 7096 7104 7105
3 7096 7105 7097
3 7097 7105 7106
3 7097 7106 7098
3 7098 7106 7107
3 7098 7107 7099
3 7099 7107 7108
3 7099 7108 7100
3 7100 7108 7109
3 7100 7109 7101
3 7101 7109 7110
3 7101 7110 7102
3 7102 7110 7111
3 7102 7111 7103
3 7103 7111 7104
3 7103 7104 7096
3 7104 7112 7113
3 7104 7113 7105
3 7105 7113 7114
3 7105 7114 7106
3 7106 7114 7115
3 7106 7115 7107
3 7107 7115 7116
3 7107 7116 7108
3 7108 7116 7117
3 7108 7117 7109
3 7109 7117 7118
3 7109 7118 7110
3 7110 7118 7119
3 7110 7119 7111
3 7111 7119 7112
3 7111 7112 7104
3 7112 7120 7121
3 7112 7121 7113
3 7113 7121 7122
3 7113 7122 7114
3 7114 7122 7123
3 7114 7123 7115
3 7115 7123 7124
3 7115 7124 7116
3 7116 7124 7125
3 7116 7125 7117
3 7117 7125 7126
3 7117 7126 7118
3 7118 7126 7127
3 7118 7127 7119
3 7119 7127 7120
3 7119 7120 7112
3 7120 7128 7129
3 7120 7129 7121
3 7121 7129 7130
3 7121 7130 7122
3 7122 7130 7131
3 7122 7131 7123
3 7123 7131 7132
3 7123 7132 7124
3 7124 7132 7133
3 7124 7133 7125
3 7125 7133 7134
3 7125 7134 7126
3 7126 7134 7135
3 7126 7135 7127
3 7127 7135 7128
3 7127 7128 7120
3 7128 7136 7137
3 7128 7137 7129
3 7129 7137 7138
3 7129 7138 7130
3 7130 7138 7139
3 7130 7139 7131
3 7131 7139 7140
3 7131 7140 7132
3 7132 7140 7141
3 7132 7141 7133
3 7133 7141 7142
3 7133 7142 7134
3 7134 7142 7143
3 7134 7143 7135
3 7135 7143 7136
3 7135 7136 7128
3 7136 7144 7145
3 7136 7145 7137
3 7137 7145 7146
3 7137 7146 7138
3 7138 7146 7147
3 7138 7147 7139
3 7139 7147 7148
3 7139 7148 7140
3 7140 7148 7149
3 7140 7149 7141
3 7141 7149 7150
3 7141 7150 7142
3 7142 7150 7151
3 7142 7151 7143
3 7143 7151 7144
3 7143 7144 7136
3 7144 7152 7153
3 7144 7153 7145
3 7145 7153 7154
3 7145 7154 7146
3 7146 7154 7155
3 7146 7155 7147
3 7147 7155 7156
3 7147 7156 7148
3 7148 7156 7157
3 7148 7157 7149
3 7149 7157 7158
3 7149 7158 7150
3 7150 7158 7159
3 7150 7159 7151
3 7151 7159 7152
3 7151 7152 7144
3 7152 7160 7161
3 7152 7161 7153
3 7153 7161 7162
3 7153 7162 7154
3 7154 7162 7163
3 7154 7163 7155
3 7155 7163 7164
3 7155 7164 7156
3 7156 7164 7165
3 7156 7165 7157
3 7157 7165 7166
3 7157 7166 7158
3 7158 7166 7167
3 7158 7167 7159
3 7159 7167 7160
3 7159 7160 7152
3 7160 7168 7169
3 7160 7169 7161
3 7161 7169 7170
3 7161 7170 7162
3 7162 7170 7171
3 7162 7171 7163
3 7163 7171 7172
3 7163 7172 7164
3 7164 7172 7173
3 7164 7173 7165
3 7165 7173 7174
3 7165 7174 7166
3 7166 7174 7175
3 7166 7175 7167
3 7167 7175 7168
3 7167 7168 7160
3 7168 7176 7177
3 7168 7177 7169
3 7169 7177 7178
3 7169 7178 7170
3 7170 7178 7179
3 7170 7179 7171
3 7171 7179 7180
3 7171 7180 7172
3 7172 7180 7181
3 7172 7181 7173
3 7173 7181 7182
3 7173 7182 7174
3 7174 7182 7183
3 7174 7183 7175
3 7175 7183 7176
3 7175 7176 7168
3 7176 7184 7185
3 7176 7185 7177
3 7177 7185 7186
3 7177 7186 7178
3 7178 7186 7187
3 7178 7187 7179
3 7179 7187 7188
3 7179 7188 7180
3 7180 7188 7189
3 7180 7189 7181
3 7181 7189 7190
3 7181 7190 7182
3 7182 7190 7191
3 7182 7191 7183
3 7183 7191 7184
3 7183 7184 7176
3 7184 7192 7193
3 7184 7193 7185
3 7185 7193 7194
3 7185 7194 7186
3 7186 7194 7195
3 7186 7195 7187
3 7187 7195 7196
3 7187 7196 7188
3 7188 7196 7197
3 7188 7197 7189
3 7189 7197 7198
3 7189 7198 7190
3 7190 7198 7199
3 7190 7199 7191
3 7191 7199 7192
3 7191 7192 7184
3 7192 7200 7201
3 7192 7201 7193
3 7193 7201 7202
3 7193 7202 7194
3 7194 7202 7203
3 7194 7203 7195
3 7195 7203 7204
3 7195 7204 7196
3 7196 7204 7205
3 7196 7205 7197
3 7197 7205 7206
3 7197 7206 7198
3 7198 7206 7207
3 7198 7207 7199
3 7199 7207 7200
3 7199 7200 7192
3 7200 7208 7209
3 7200 7209 7201
3 7201 7209 7210
3 7201 7210 7202
3 7202 7210 7211
3 7202 7211 7203
3 7203 7211 7212
3 7203 7212 7204
3 7204 7212 7213
3 7204 7213 7205
3 7205 7213 7214
3 7205 7214 7206
3 7206 7214 7215
3 7206 7215 7207
3 7207 7215 7208
3 7207 7208 7200
3 7208 7216 7217
3 7208 7217 7209
3 7209 7217 7218
3 7209 7218 7210
3 7210 7218 7219
3 7210 7219 7211
3 7211 7219 7220
3 7211 7220 7212
3 7212 7220 7221
3 7212 7221 7213
3 7213 7221 7222
3 7213 7222 7214
3 7214 7222 7223
3 7214 7223 7215
3 7215 7223 7216
3 7215 7216 7208
3 7216 7224 7225
3 7216 7225 7217
3 7217 7225 7226
3 7217 7226 7218
3 7218 7226 7227
3 7218 7227 7219
3 7219 7227 7228
3 7219 7228 7220
3 7220 7228 7229
3 7220 7229 7221
3 7221 7229 7230
3 7221 7230 7222
3 7222 7230 7231
3 7222 7231 7223
3 7223 7231 7224
3 7223 7224 7216
3 7224 7232 7233
3 7224 7233 7225
3 7225 7233 7234
3 7225 7234 7226
3 7226 7234 7235
3 7226 7235 7227
3 7227 7235 7236
3 7227 7236 7228
3 7228 7236 7237
3 7228 7237 7229
3 7229 7237 7238
3 7229 7238 7230
3 7230 7238 7239
3 7230 7239 7231
3 7231 7239 7232
3 7231 7232 7224
3 7232 7240 7241
3 7232 7241 7233
3 7233 7241 7242
3 7233 7242 7234
3 7234 7242 7243
3 7234 7243 7235
3 7235 7243 7244
3 7235 7244 7236
3 7236 7244 7245
3 7236 7245 7237
3 7237 7245 7246
3 7237 7246 7238
3 7238 7246 7247
3 7238 7247 7239
3 7239 7247 7240
3 7239 7240 7232
3 7240 7248 7249
3 7240 7249 7241
3 7241 7249 7250
3 7241 7250 7242
3 7242 7250 7251
3 7242 7251 7243
3 7243 7251 7252
3 7243 7252 7244
3 7244 7252 7253
3 7244 7253 7245
3 7245 7253 7254
3 7245 7254 7246
3 7246 7254 7255
3 7246 7255 7247
3 7247 7255 7248
3 7247 7248 7240
3 7248 7256 7257
3 7248 7257 7249
3 7249 7257 7258
3 7249 7258 7250
3 7250 7258 7259
3 7250 7259 7251
3 7251 7259 7260
3 7251 7260 7252
3 7252 7260 7261
3 7252 7261 7253
3 7253 7261 7262
3 7253 7262 7254
3 7254 7262 7263
3 7254 7263 7255
3 7255 7263 7256
3 7255 7256 7248
3 7256 7264 7265
3 7256 7265 7257
3 7257 7265 7266
3 7257 7266 7258
3 7258 7266 7267
3 7258 7267 7259
3 7259 7267 7268
3 7259 7268 7260
3 7260 7268 7269
3 7260 7269 7261
3 7261 7269 7270
3 7261 7270 7262
3 7262 7270 7271
3 7262 7271 7263
3 7263 7271 7264
3 7263 7264 7256
3 7264 7272 7273
3 7264 7273 7265
3 7265 7273 7274
3 7265 7274 7266
3 7266 7274 7275
3 7266 7275 7267
3 7267 7275 7276
3 7267 7276 7268
3 7268 7276 7277
3 7268 7277 7269
3 7269 7277 7278
3 7269 7278 7270
3 7270 7278 7279
3 7270 7279 7271
3 7271 7279 7272
3 7271 7272 7264
3 7272 7280 7281
3 7272 7281 7273
3 7273 7281 7282
3 7273 7282 7274
3 7274 7282 7283
3 7274 7283 7275
3 7275 7283 7284
3 7275 7284 7276
3 7276 7284 7285
3 7276 7285 7277
3 7277 7285 7286
3 7277 7286 7278
3 7278 7286 7287
3 7278 7287 7279
3 7279 7287 7280
3 7279 7280 7272
3 7280 7288 7289
3 7280 7289 7281
3 7281 7289 7290
3 7281 7290 7282
3 7282 7290 7291
3 7282 7291 7283
3 7283 7291 7292
3 7283 7292 7284
3 7284 7292 7293
3 7284 7293 7285
3 7285 7293 7294
3 7285 7294 7286
3 7286 7294 7295
3 7286 7295 7287
3 7287 7295 7288
3 7287 7288 7280
3 7288 7296 7297
3 7288 7297 7289
3 7289 7297 7298
3 7289 7298 7290
3 7290 7298 7299
3 7290 7299 7291
3 7291 7299 7300
3 7291 7300 7292
3 7292 7300 7301
3 7292 7301 7293
3 7293 7301 7302
3 7293 7302 7294
3 7294 7302 7303
3 7294 7303 7295
3 7295 7303 7296
3 7295 7296 7288
3 7296 7304 7305
3 7296 7305 7297
3 7297 7305 7306
3 7297 7306 7298
3 7298 7306 7307
3 7298 7307 7299
3 7299 7307 7308
3 7299 7308 7300
3 7300 7308 7309
3 7300 7309 7301
3 7301 7309 7310
3 7301 7310 7302
3 7302 7310 7311
3 7302 7311 7303
3 7303 7311 7304
3 7303 7304 7296
3 7304 7312 7313
3 7304 7313 7305
3 7305 7313 7314
3 7305 7314 7306
3 7306 7314 7315
3 7306 7315 7307
3 7307 7315 7316
3 7307 7316 7308
3 7308 7316 7317
3 7308 7317 7309
3 7309 7317 7318
3 7309 7318 7310
3 7310 7318 7319
3 7310 7319 7311
3 7311 7319 7312
3 7311 7312 7304
3 7312 7320 7321
3 7312 7321 7313
3 7313 7321 7322
3 7313 7322 7314
3 7314 7322 7323
3 7314 7323 7315
3 7315 7323 7324
3 7315 7324 7316
3 7316 7324 7325
3 7316 7325 7317
3 7317 7325 7326
3 7317 7326 7318
3 7318 7326 7327
3 7318 7327 7319
3 7319 7327 7320
3 7319 7320 7312
3 7320 7328 7329
3 7320 7329 7321
3 7321 7329 7330
3 7321 7330 7322
3 7322 7330 7331
3 7322 7331 7323
3 7323 7331 7332
3 7323 7332 7324
3 7324 7332 7333
3 7324 7333 7325
3 7325 7333 7334
3 7325 7334 7326
3 7326 7334 7335
3 7326 7335 7327
3 7327 7335 7328
3 7327 7328 7320
3 7328 7336 7337
3 7328 7337 7329
3 7329 7337 7338
3 7329 7338 7330
3 7330 7338 7339
3 7330 7339 7331
3 7331 7339 7340
3 7331 7340 7332
3 7332 7340 7341
3 7332 7341 7333
3 7333 7341 7342
3 7333 7342 7334
3 7334 7342 7343
3 7334 7343 7335
3 7335 7343 7336
3 7335 7336 7328
3 7336 7344 7345
3 7336 7345 7337
3 7337 7345 7346
3 7337 7346 7338
3 7338 7346 7347
3 7338 7347 7339
3 7339 7347 7348
3 7339 7348 7340
3 7340 7348 7349
3 7340 7349 7341
3 7341 7349 7350
3 7341 7350 7342
3 7342 7350 7351
3 7342 7351 7343
3 7343 7351 7344
3 7343 7344 7336
3 7344 7352 7353
3 7344 7353 7345
3 7345 7353 7354
3 7345 7354 7346
3 7346 7354 7355
3 7346 7355 7347
3 7347 7355 7356
3 7347 7356 7348
3 7348 7356 7357
3 7348 7357 7349
3 7349 7357 7358
3 7349 7358 7350
3 7350 7358 7359
3 7350 7359 7351
3 7351 7359 7352
3 7351 7352 7344
3 7352 7360 7361
3 7352 7361 7353
3 7353 7361 7362
3 7353 7362 7354
3 7354 7362 7363
3 7354 7363 7355
3 7355 7363 7364
3 7355 7364 7356
3 7356 7364 7365
3 7356 7365 7357
3 7357 7365 7366
3 7357 7366 7358
3 7358 7366 7367
3 7358 7367 7359
3 7359 7367 7360
3 7359 7360 7352
3 7360 7368 7369
3 7360 7369 7361
3 7361 7369 7370
3 7361 7370 7362
3 7362 7370 7371
3 7362 7371 7363
3 7363 7371 7372
3 7363 7372 7364
3 7364 7372 7373
3 7364 7373 7365
3 7365 7373 7374
3 7365 7374 7366
3 7366 7374 7375
3 7366 7375 7367
3 7367 7375 7368
3 7367 7368 7360
3 7368 7376 7377
3 7368 7377 7369
3 7369 7377 7378
3 7369 7378 7370
3 7370 7378 7379
3 7370 7379 7371
3 7371 7379 7380
3 7371 7380 7372
3 7372 7380 7381
3 7372 7381 7373
3 7373 7381 7382
3 7373 7382 7374
3 7374 7382 7383
3 7374 7383 7375
3 7375 7383 7376
3 7375 7376 7368
3 7376 7384 7385
3 7376 7385 7377
3 7377 7385 7386
3 7377 7386 7378
3 7378 7386 7387
3 7378 7387 7379
3 7379 7387 7388
3 7379 7388 7380
3 7380 7388 7389
3 7380 7389 7381
3 7381 7389 7390
3 7381 7390 7382
3 7382 7390 7391
3 7382 7391 7383
3 7383 7391 7384
3 7383 7384 7376
3 7384 7392 7393
3 7384 7393 7385
3 7385 7393 7394
3 7385 7394 7386
3 7386 7394 7395
3 7386 7395 7387
3 7387 7395 7396
3 7387 7396 7388
3 7388 7396 7397
3 7388 7397 7389
3 7389 7397 7398
3 7389 7398 7390
3 7390 7398 7399
3 7390 7399 7391
3 7391 7399 7392
3 7391 7392 7384
3 7392 7400 7401
3 7392 7401 7393
3 7393 7401 7402
3 7393 7402 7394
3 7394 7402 7403
3 7394 7403 7395
3 7395 7403 7404
3 7395 7404 7396
3 7396 7404 7405
3 7396 7405 7397
3 7397 7405 7406
3 7397 7406 7398
3 7398 7406 7407
3 7398 7407 7399
3 7399 7407 7400
3 7399 7400 7392
3 7400 7408 7409
3 7400 7409 7401
3 7401 7409 7410
3 7401 7410 7402
3 7402 7410 7411
3 7402 7411 7403
3 7403 7411 7412
3 7403 7412 7404
3 7404 7412 7413
3 7404 7413 7405
3 7405 7413 7414
3 7405 7414 7406
3 7406 7414 7415
3 7406 7415 7407
3 7407 7415 7408
3 7407 7408 7400
3 7408 7416 7417
3 7408 7417 7409
3 7409 7417 7418
3 7409 7418 7410
3 7410 7418 7419
3 7410 7419 7411
3 7411 7419 7420
3 7411 7420 7412
3 7412 7420 7421
3 7412 7421 7413
3 7413 7421 7422
3 7413 7422 7414
3 7414 7422 7423
3 7414 7423 7415
3 7415 7423 7416
3 7415 7416 7408
3 7416 7424 7425
3 7416 7425 7417
3 7417 7425 7426
3 7417 7426 7418
3 7418 7426 7427
3 7418 7427 7419
3 7419 7427 7428
3 7419 7428 7420
3 7420 7428 7429
3 7420 7429 7421
3 7421 7429 7430
3 7421 7430 7422
3 7422 7430 7431
3 7422 7431 7423
3 7423 7431 7424
3 7423 7424 7416
3 7424 7432 7433
3 7424 7433 7425
3 7425 7433 7434
3 7425 7434 7426
3 7426 7434 7435
3 7426 7435 7427
3 7427 7435 7436
3 7427 7436 7428
3 7428 7436 7437
3 7428 7437 7429
3 7429 7437 7438
3 7429 7438 7430
3 7430 7438 7439
3 7430 7439 7431
3 7431 7439 7432
3 7431 7432 7424
3 7432 7440 7441
3 7432 7441 7433
3 7433 7441 7442
3 7433 7442 7434
3 7434 7442 7443
3 7434 7443 7435
3 7435 7443 7444
3 7435 7444 7436
3 7436 7444 7445
3 7436 7445 7437
3 7437 7445 7446
3 7437 7446 7438
3 7438 7446 7447
3 7438 7447 7439
3 7439 7447 7440
3 7439 7440 7432
3 7440 7448 7449
3 7440 7449 7441
3 7441 7449 7450
3 7441 7450 7442
3 7442 7450 7451
3 7442 7451 7443
3 7443 7451 7452
3 7443 7452 7444
3 7444 7452 7453
3 7444 7453 7445
3 7445 7453 7454
3 7445 7454 7446
3 7446 7454 7455
3 7446 7455 7447
3 7447 7455 7448
3 7447 7448 7440
3 7448 7456 7457
3 7448 7457 7449
3 7449 7457 7458
3 7449 7458 7450
3 7450 7458 7459
3 7450 7459 7451
3 7451 7459 7460
3 7451 7460 7452
3 7452 7460 7461
3 7452 7461 7453
3 7453 7461 7462
3 7453 7462 7454
3 7454 7462 7463
3 7454 7463 7455
3 7455 7463 7456
3 7455 7456 7448
3 7456 7464 7465
3 7456 7465 7457
3 7457 7465 7466
3 7457 7466 7458
3 7458 7466 7467
3 7458 7467 7459
3 7459 7467 7468
3 7459 7468 7460
3 7460 7468 7469
3 7460 7469 7461
3 7461 7469 7470
3 7461 7470 7462
3 7462 7470 7471
3 7462 7471 7463
3 7463 7471 7464
3 7463 7464 7456
3 7464 7472 7473
3 7464 7473 7465
3 7465 7473 7474
3 7465 7474 7466
3 7466 7474 7475
3 7466 7475 7467
3 7467 7475 7476
3 7467 7476 7468
3 7468 7476 7477
3 7468 7477 7469
3 7469 7477 7478
3 7469 7478 7470
3 7470 7478 7479
3 7470 7479 7471
3 7471 7479 7472
3 7471 7472 7464
3 7472 7480 7481
3 7472 7481 7473
3 7473 7481 7482
3 7473 7482 7474
3 7474 7482 7483
3 7474 7483 7475
3 7475 7483 7484
3 7475 7484 7476
3 7476 7484 7485
3 7476 7485 7477
3 7477 7485 7486
3 7477 7486 7478
3 7478 7486 7487
3 7478 7487 7479
3 7479 7487 7480
3 7479 7480 7472
3 7480 7488 7489
3 7480 7489 7481
3 7481 7489 7490
3 7481 7490 7482
3 7482 7490 7491
3 7482 7491 7483
3 7483 7491 7492
3 7483 7492 7484
3 7484 7492 7493
3 7484 7493 7485
3 7485 7493 7494
3 7485 7494 7486
3 7486 7494 7495
3 7486 7495 7487
3 7487 7495 7488
3 7487 7488 7480
3 7488 7496 7497
3 7488 7497 7489
3 7489 7497 7498
3 7489 7498 7490
3 7490 7498 7499
3 7490 7499 7491
3 7491 7499 7500
3 7491 7500 7492
3 7492 7500 7501
3 7492 7501 7493
3 7493 7501 7502
3 7493 7502 7494
3 7494 7502 7503
3 7494 7503 7495
3 7495 7503 7496
3 7495 7496 7488
3 7496 7504 7505
3 7496 7505 7497
3 7497 7505 7506
3 7497 7506 7498
3 7498 7506 7507
3 7498 7507 7499
3 7499 7507 7508
3 7499 7508 7500
3 7500 7508 7509
3 7500 7509 7501
3 7501 7509 7510
3 7501 7510 7502
3 7502 7510 7511
3 7502 7511 7503
3 7503 7511 7504
3 7503 7504 7496
3 7504 7512 7513
3 7504 7513 7505
3 7505 7513 7514
3 7505 7514 7506
3 7506 7514 7515
3 7506 7515 7507
3 7507 7515 7516
3 7507 7516 7508
3 7508 7516 7517
3 7508 7517 7509
3 7509 7517 7518
3 7509 7518 7510
3 7510 7518 7519
3 7510 7519 7511
3 7511 7519 7512
3 7511 7512 7504
3 7512 7520 7521
3 7512 7521 7513
3 7513 7521 7522
3 7513 7522 7514
3 7514 7522 7523
3 7514 7523 7515
3 7515 7523 7524
3 7515 7524 7516
3 7516 7524 7525
3 7516 7525 7517
3 7517 7525 7526
3 7517 7526 7518
3 7518 7526 7527
3 7518 7527 7519
3 7519 7527 7520
3 7519 7520 7512
3 7520 7528 7529
3 7520 7529 7521
3 7521 7529 7530
3 7521 7530 7522
3 7522 7530 7531
3 7522 7531 7523
3 7523 7531 7532
3 7523 7532 7524
3 7524 7532 7533
3 7524 7533 7525
3 7525 7533 7534
3 7525 7534 7526
3 7526 7534 7535
3 7526 7535 7527
3 7527 7535 7528
3 7527 7528 7520
3 7528 7536 7537
3 7528 7537 7529
3 7529 7537 7538
3 7529 7538 7530
3 7530 7538 7539
3 7530 7539 7531
3 7531 7539 7540
3 7531 7540 7532
3 7532 7540 7541
3 7532 7541 7533
3 7533 7541 7542
3 7533 7542 7534
3 7534 7542 7543
3 7534 7543 7535
3 7535 7543 7536
3 7535 7536 7528
3 7536 7544 7545
3 7536 7545 7537
3 7537 7545 7546
3 7537 7546 7538
3 7538 7546 7547
3 7538 7547 7539
3 7539 7547 7548
3 7539 7548 7540
3 7540 7548 7549
3 7540 7549 7541
3 7541 7549 7550
3 7541 7550 7542
3 7542 7550 7551
3 7542 7551 7543
3 7543 7551 7544
3 7543 7544 7536
3 7544 7552 7553
3 7544 7553 7545
3 7545 7553 7554
3 7545 7554 7546
3 7546 7554 7555
3 7546 7555 7547
3 7547 7555 7556
3 7547 7556 7548
3 7548 7556 7557
3 7548 7557 7549
3 7549 7557 7558
3 7549 7558 7550
3 7550 7558 7559
3 7550 7559 7551
3 7551 7559 7552
3 7551 7552 7544
3 7552 7560 7561
3 7552 7561 7553
3 7553 7561 7562
3 7553 7562 7554
3 7554 7562 7563
3 7554 7563 7555
3 7555 7563 7564
3 7555 7564 7556
3 7556 7564 7565
3 7556 7565 7557
3 7557 7565 7566
3 7557 7566 7558
3 7558 7566 7567
3 7558 7567 7559
3 7559 7567 7560
3 7559 7560 7552
3 7560 7568 7569
3 7560 7569 7561
3 7561 7569 7570
3 7561 7570 7562
3 7562 7570 7571
3 7562 7571 7563
3 7563 7571 7572
3 7563 7572 7564
3 7564 7572 7573
3 7564 7573 7565
3 7565 7573 7574
3 7565 7574 7566
3 7566 7574 7575
3 7566 7575 7567
3 7567 7575 7568
3 7567 7568 7560
3 7568 7576 7577
3 7568 7577 7569
3 7569 7577 7578
3 7569 7578 7570
3 7570 7578 7579
3 7570 7579 7571
3 7571 7579 7580
3 7571 7580 7572
3 7572 7580 7581
3 7572 7581 7573
3 7573 7581 7582
3 7573 7582 7574
3 7574 7582 7583
3 7574 7583 7575
3 7575 7583 7576
3 7575 7576 7568
3 7576 7584 7585
3 7576 7585 7577
3 7577 7585 7586
3 7577 7586 7578
3 7578 7586 7587
3 7578 7587 7579
3 7579 7587 7588
3 7579 7588 7580
3 7580 7588 7589
3 7580 7589 7581
3 7581 7589 7590
3 7581 7590 7582
3 7582 7590 7591
3 7582 7591 7583
3 7583 7591 7584
3 7583 7584 7576
3 7584 7592 7593
3 7584 7593 7585
3 7585 7593 7594
3 7585 7594 7586
3 7586 7594 7595
3 7586 7595 7587
3 7587 7595 7596
3 7587 7596 7588
3 7588 7596 7597
3 7588 7597 7589
3 7589 7597 7598
3 7589 7598 7590
3 7590 7598 7599
3 7590 7599 7591
3 7591 7599 7592
3 7591 7592 7584
3 7592 7600 7601
3 7592 7601 7593
3 7593 7601 7602
3 7593 7602 7594
3 7594 7602 7603
3 7594 7603 7595
3 7595 7603 7604
3 7595 7604 7596
3 7596 7604 7605
3 7596 7605 7597
3 7597 7605 7606
3 7597 7606 7598
3 7598 7606 7607
3 7598 7607 7599
3 7599 7607 7600
3 7599 7600 7592
3 7600 7608 7609
3 7600 7609 7601
3 7601 7609 7610
3 7601 7610 7602
3 7602 7610 7611
3 7602 7611 7603
3 7603 7611 7612
3 7603 7612 7604
3 7604 7612 7613
3 7604 7613 7605
3 7605 7613 7614
3 7605 7614 7606
3 7606 7614 7615
3 7606 7615 7607
3 7607 7615 7608
3 7607 7608 7600
3 7608 7616 7617
3 7608 7617 7609
3 7609 7617 7618
3 7609 7618 7610
3 7610 7618 7619
3 7610 7619 7611
3 7611 7619 7620
3 7611 7620 7612
3 7612 7620 7621
3 7612 7621 7613
3 7613 7621 7622
3 7613 7622 7614
3 7614 7622 7623
3 7614 7623 7615
3 7615 7623 7616
3 7615 7616 7608
3 7616 7624 7625
3 7616 7625 7617
3 7617 7625 7626
3 7617 7626 7618
3 7618 7626 7627
3 7618 7627 7619
3 7619 7627 7628
3 7619 7628 7620
3 7620 7628 7629
3 7620 7629 7621
3 7621 7629 7630
3 7621 7630 7622
3 7622 7630 7631
3 7622 7631 7623
3 7623 7631 7624
3 7623 7624 7616
3 7624 7632 7633
3 7624 7633 7625
3 7625 7633 7634
3 7625 7634 7626
3 7626 7634 7635
3 7626 7635 7627
3 7627 7635 7636
3 7627 7636 7628
3 7628 7636 7637
3 7628 7637 7629
3 7629 7637 7638
3 7629 7638 7630
3 7630 7638 7639
3 7630 7639 7631
3 7631 7639 7632
3 7631 7632 7624
3 7632 7640 7641
3 7632 7641 7633
3 7633 7641 7642
3 7633 7642 7634
3 7634 7642 7643
3 7634 7643 7635
3 7635 7643 7644
3 7635 7644 7636
3 7636 7644 7645
3 7636 7645 7637
3 7637 7645 7646
3 7637 7646 7638
3 7638 7646 7647
3 7638 7647 7639
3 7639 7647 7640
3 7639 7640 7632
3 7640 7648 7649
3 7640 7649 7641
3 7641 7649 7650
3 7641 7650 7642
3 7642 7650 7651
3 7642 7651 7643
3 7643 7651 7652
3 7643 7652 7644
3 7644 7652 7653
3 7644 7653 7645
3 7645 7653 7654
3 7645 7654 7646
3 7646 7654 7655
3 7646 7655 7647
3 7647 7655 7648
3 7647 7648 7640
3 7648 7656 7657
3 7648 7657 7649
3 7649 7657 7658
3 7649 7658 7650
3 7650 7658 7659
3 7650 7659 7651
3 7651 7659 7660
3 7651 7660 7652
3 7652 7660 7661
3 7652 7661 7653
3 7653 7661 7662
3 7653 7662 7654
3 7654 7662 7663
3 7654 7663 7655
3 7655 7663 7656
3 7655 7656 7648
3 7656 7664 7665
3 7656 7665 7657
3 7657 7665 7666
3 7657 7666 7658
3 7658 7666 7667
3 7658 7667 7659
3 7659 7667 7668
3 7659 7668 7660
3 7660 7668 7669
3 7660 7669 7661
3 7661 7669 7670
3 7661 7670 7662
3 7662 7670 7671
3 7662 7671 7663
3 7663 7671 7664
3 7663 7664 7656
3 7664 7672 7673
3 7664 7673 7665
3 7665 7673 7674
3 7665 7674 7666
3 7666 7674 7675
3 7666 7675 7667
3 7667 7675 7676
3 7667 7676 7668
3 7668 7676 7677
3 7668 7677 7669
3 7669 7677 7678
3 7669 7678 7670
3 7670 7678 7679
3 7670 7679 7671
3 7671 7679 7672
3 7671 7672 7664
3 7672 7680 7681
3 7672 7681 7673
3 7673 7681 7682
3 7673 7682 7674
3 7674 7682 7683
3 7674 7683 7675
3 7675 7683 7684
3 7675 7684 7676
3 7676 7684 7685
3 7676 7685 7677
3 7677 7685 7686
3 7677 7686 7678
3 7678 7686 7687
3 7678 7687 7679
3 7679 7687 7680
3 7679 7680 7672
3 7680 7688 7689
3 7680 7689 7681
3 7681 7689 7690
3 7681 7690 7682
3 7682 7690 7691
3 7682 7691 7683
3 7683 7691 7692
3 7683 7692 7684
3 7684 7692 7693
3 7684 7693 7685
3 7685 7693 7694
3 7685 7694 7686
3 7686 7694 7695
3 7686 7695 7687
3 7687 7695 7688
3 7687 7688 7680
3 7688 7696 7697
3 7688 7697 7689
3 7689 7697 7698
3 7689 7698 7690
3 7690 7698 7699
3 7690 7699 7691
3 7691 7699 7700
3 7691 7700 7692
3 7692 7700 7701
3 7692 7701 7693
3 7693 7701 7702
3 7693 7702 7694
3 7694 7702 7703
3 7694 7703 7695
3 7695 7703 7696
3 7695 7696 7688
3 7696 7704 7705
3 7696 7705 7697
3 7697 7705 7706
3 7697 7706 7698
3 7698 7706 7707
3 7698 7707 7699
3 7699 7707 7708
3 7699 7708 7700
3 7700 7708 7709
3 7700 7709 7701
3 7701 7709 7710
3 7701 7710 7702
3 7702 7710 7711
3 7702 7711 7703
3 7703 7711 7704
3 7703 7704 7696
3 7704 7712 7713
3 7704 7713 7705
3 7705 7713 7714
3 7705 7714 7706
3 7706 7714 7715
3 7706 7715 7707
3 7707 7715 7716
3 7707 7716 7708
3 7708 7716 7717
3 7708 7717 7709
3 7709 7717 7718
3 7709 7718 7710
3 7710 7718 7719
3 7710 7719 7711
3 7711 7719 7712
3 7711 7712 7704
3 7712 7720 7721
3 7712 7721 7713
3 7713 7721 7722
3 7713 7722 7714
3 7714 7722 7723
3 7714 7723 7715
3 7715 7723 7724
3 7715 7724 7716
3 7716 7724 7725
3 7716 7725 7717
3 7717 7725 7726
3 7717 7726 7718
3 7718 7726 7727
3 7718 7727 7719
3 7719 7727 7720
3 7719 7720 7712
3 7720 7728 7729
3 7720 7729 7721
3 7721 7729 7730
3 7721 7730 7722
3 7722 7730 7731
3 7722 7731 7723
3 7723 7731 7732
3 7723 7732 7724
3 7724 7732 7733
3 7724 7733 7725
3 7725 7733 7734
3 7725 7734 7726
3 7726 7734 7735
3 7726 7735 7727
3 7727 7735 7728
3 7727 7728 7720
3 7728 7736 7737
3 7728 7737 7729
3 7729 7737 7738
3 7729 7738 7730
3 7730 7738 7739
3 7730 7739 7731
3 7731 7739 7740
3 7731 7740 7732
3 7732 7740 7741
3 7732 7741 7733
3 7733 7741 7742
3 7733 7742 7734
3 7734 7742 7743
3 7734 7743 7735
3 7735 7743 7736
3 7735 7736 7728
3 7736 7744 7745
3 7736 7745 7737
3 7737 7745 7746
3 7737 7746 7738
3 7738 7746 7747
3 7738 7747 7739
3 7739 7747 7748
3 7739 7748 7740
3 7740 7748 7749
3 7740 7749 7741
3 7741 7749 7750
3 7741 7750 7742
3 7742 7750 7751
3 7742 7751 7743
3 7743 7751 7744
3 7743 7744 7736
3 7744 7752 7753
3 7744 7753 7745
3 7745 7753 7754
3 7745 7754 7746
3 7746 7754 7755
3 7746 7755 7747
3 7747 7755 7756
3 7747 7756 7748
3 7748 7756 7757
3 7748 7757 7749
3 7749 7757 7758
3 7749 7758 7750
3 7750 7758 7759
3 7750 7759 7751
3 7751 7759 7752
3 7751 7752 7744
3 7752 7760 7761
3 7752 7761 7753
3 7753 7761 7762
3 7753 7762 7754
3 7754 7762 7763
3 7754 7763 7755
3 7755 7763 7764
3 7755 7764 7756
3 7756 7764 7765
3 7756 7765 7757
3 7757 7765 7766
3 7757 7766 7758
3 7758 7766 7767
3 7758 7767 7759
3 7759 7767 7760
3 7759 7760 7752
3 7760 7768 7769
3 7760 7769 7761
3 7761 7769 7770
3 7761 7770 7762
3 7762 7770 7771
3 7762 7771 7763
3 7763 7771 7772
3 7763 7772 7764
3 7764 7772 7773
3 7764 7773 7765
3 7765 7773 7774
3 7765 7774 7766
3 7766 7774 7775
3 7766 7775 7767
3 7767 7775 7768
3 7767 7768 7760
3 7768 7776 7777
3 7768 7777 7769
3 7769 7777 7778
3 7769 7778 7770
3 7770 7778 7779
3 7770 7779 7771
3 7771 7779 7780
3 7771 7780 7772
3 7772 7780 7781
3 7772 7781 7773
3 7773 7781 7782
3 7773 7782 7774
3 7774 7782 7783
3 7774 7783 7775
3 7775 7783 7776
3 7775 7776 7768
3 7776 7784 7785
3 7776 7785 7777
3 7777 7785 7786
3 7777 7786 7778
3 7778 7786 7787
3 7778 7787 7779
3 7779 7787 7788
3 7779 7788 7780
3 7780 7788 7789
3 7780 7789 7781
3 7781 7789 7790
3 7781 7790 7782
3 7782 7790 7791
3 7782 7791 7783
3 7783 7791 7784
3 7783 7784 7776
3 7784 7792 7793
3 7784 7793 7785
3 7785 7793 7794
3 7785 7794 7786
3 7786 7794 7795
3 7786 7795 7787
3 7787 7795 7796
3 7787 7796 7788
3 7788 7796 7797
3 7788 7797 7789
3 7789 7797 7798
3 7789 7798 7790
3 7790 7798 7799
3 7790 7799 7791
3 7791 7799 7792
3 7791 7792 7784
3 7792 7800 7801
3 7792 7801 7793
3 7793 7801 7802
3 7793 7802 7794
3 7794 7802 7803
3 7794 7803 7795
3 7795 7803 7804
3 7795 7804 7796
3 7796 7804 7805
3 7796 7805 7797
3 7797 7805 7806
3 7797 7806 7798
3 7798 7806 7807
3 7798 7807 7799
3 7799 7807 7800
3 7799 7800 7792
3 7800 7808 7809
3 7800 7809 7801
3 7801 7809 7810
3 7801 7810 7802
3 7802 7810 7811
3 7802 7811 7803
3 7803 7811 7812
3 7803 7812 7804
3 7804 7812 7813
3 7804 7813 7805
3 7805 7813 7814
3 7805 7814 7806
3 7806 7814 7815
3 7806 7815 7807
3 7807 7815 7808
3 7807 7808 7800
3 7808 7816 7817
3 7808 7817 7809
3 7809 7817 7818
3 7809 7818 7810
3 7810 7818 7819
3 7810 7819 7811
3 7811 7819 7820
3 7811 7820 7812
3 7812 7820 7821
3 7812 7821 7813
3 7813 7821 7822
3 7813 7822 7814
3 7814 7822 7823
3 7814 7823 7815
3 7815 7823 7816
3 7815 7816 7808
3 7816 7824 7825
3 7816 7825 7817
3 7817 7825 7826
3 7817 7826 7818
3 7818 7826 7827
3 7818 7827 7819
3 7819 7827 7828
3 7819 7828 7820
3 7820 7828 7829
3 7820 7829 7821
3 7821 7829 7830
3 7821 7830 7822
3 7822 7830 7831
3 7822 7831 7823
3 7823 7831 7824
3 7823 7824 7816
3 7824 7832 7833
3 7824 7833 7825
3 7825 7833 7834
3 7825 7834 7826
3 7826 7834 7835
3 7826 7835 7827
3 7827 7835 7836
3 7827 7836 7828
3 7828 7836 7837
3 7828 7837 7829
3 7829 7837 7838
3 7829 7838 7830
3 7830 7838 7839
3 7830 7839 7831
3 7831 7839 7832
3 7831 7832 7824
3 7832 7840 7841
3 7832 7841 7833
3 7833 7841 7842
3 7833 7842 7834
3 7834 7842 7843
3 7834 7843 7835
3 7835 7843 7844
3 7835 7844 7836
3 7836 7844 7845
3 7836 7845 7837
3 7837 7845 7846
3 7837 7846 7838
3 7838 7846 7847
3 7838 7847 7839
3 7839 7847 7840
3 7839 7840 7832
3 7840 7848 7849
3 7840 7849 7841
3 7841 7849 7850
3 7841 7850 7842
3 7842 7850 7851
3 7842 7851 7843
3 7843 7851 7852
3 7843 7852 7844
3 7844 7852 7853
3 7844 7853 7845
3 7845 7853 7854
3 7845 7854 7846
3 7846 7854 7855
3 7846 7855 7847
3 7847 7855 7848
3 7847 7848 7840
3 7848 7856 7857
3 7848 7857 7849
3 7849 7857 7858
3 7849 7858 7850
3 7850 7858 7859
3 7850 7859 7851
3 7851 7859 7860
3 7851 7860 7852
3 7852 7860 7861
3 7852 7861 7853
3 7853 7861 7862
3 7853 7862 7854
3 7854 7862 7863
3 7854 7863 7855
3 7855 7863 7856
3 7855 7856 7848
3 7856 7864 7865
3 7856 7865 7857
3 7857 7865 7866
3 7857 7866 7858
3 7858 7866 7867
3 7858 7867 7859
3 7859 7867 7868
3 7859 7868 7860
3 7860 7868 7869
3 7860 7869 7861
3 7861 7869 7870
3 7861 7870 7862
3 7862 7870 7871
3 7862 7871 7863
3 7863 7871 7864
3 7863 7864 7856
3 7864 7872 7873
3 7864 7873 7865
3 7865 7873 7874
3 7865 7874 7866
3 7866 7874 7875
3 7866 7875 7867
3 7867 7875 7876
3 7867 7876 7868
3 7868 7876 7877
3 7868 7877 7869
3 7869 7877 7878
3 7869 7878 7870
3 7870 7878 7879
3 7870 7879 7871
3 7871 7879 7872
3 7871 7872 7864
3 7872 7880 7881
3 7872 7881 7873
3 7873 7881 7882
3 7873 7882 7874
3 7874 7882 7883
3 7874 7883 7875
3 7875 7883 7884
3 7875 7884 7876
3 7876 7884 7885
3 7876 7885 7877
3 7877 7885 7886
3 7877 7886 7878
3 7878 7886 7887
3 7878 7887 7879
3 7879 7887 7880
3 7879 7880 7872
3 7880 7888 7889
3 7880 7889 7881
3 7881 7889 7890
3 7881 7890 7882
3 7882 7890 7891
3 7882 7891 7883
3 7883 7891 7892
3 7883 7892 7884
3 7884 7892 7893
3 7884 7893 7885
3 7885 7893 7894
3 7885 7894 7886
3 7886 7894 7895
3 7886 7895 7887
3 7887 7895 7888
3 7887 7888 7880
3 7888 7896 7897
3 7888 7897 7889
3 7889 7897 7898
3 7889 7898 7890
3 7890 7898 7899
3 7890 7899 7891
3 7891 7899 7900
3 7891 7900 7892
3 7892 7900 7901
3 7892 7901 7893
3 7893 7901 7902
3 7893 7902 7894
3 7894 7902 7903
3 7894 7903 7895
3 7895 7903 7896
3 7895 7896 7888
3 7896 7904 7905
3 7896 7905 7897
3 7897 7905 7906
3 7897 7906 7898
3 7898 7906 7907
3 7898 7907 7899
3 7899 7907 7908
3 7899 7908 7900
3 7900 7908 7909
3 7900 7909 7901
3 7901 7909 7910
3 7901 7910 7902
3 7902 7910 7911
3 7902 7911 7903
3 7903 7911 7904
3 7903 7904 7896
3 7904 7912 7913
3 7904 7913 7905
3 7905 7913 7914
3 7905 7914 7906
3 7906 7914 7915
3 7906 7915 7907
3 7907 7915 7916
3 7907 7916 7908
3 7908 7916 7917
3 7908 7917 7909
3 7909 7917 7918
3 7909 7918 7910
3 7910 7918 7919
3 7910 7919 7911
3 7911 7919 7912
3 7911 7912 7904
3 7912 7920 7921
3 7912 7921 7913
3 7913 7921 7922
3 7913 7922 7914
3 7914 7922 7923
3 7914 7923 7915
3 7915 7923 7924
3 7915 7924 7916
3 7916 7924 7925
3 7916 7925 7917
3 7917 7925 7926
3 7917 7926 7918
3 7918 7926 7927
3 7918 7927 7919
3 7919 7927 7920
3 7919 7920 7912
3 7920 7928 7929
3 7920 7929 7921
3 7921 7929 7930
3 7921 7930 7922
3 7922 7930 7931
3 7922 7931 7923
3 7923 7931 7932
3 7923 7932 7924
3 7924 7932 7933
3 7924 7933 7925
3 7925 7933 7934
3 7925 7934 7926
3 7926 7934 7935
3 7926 7935 7927
3 7927 7935 7928
3 7927 7928 7920
3 7928 7936 7937
3 7928 7937 7929
3 7929 7937 7938
3 7929 7938 7930
3 7930 7938 7939
3 7930 7939 7931
3 7931 7939 7940
3 7931 7940 7932
3 7932 7940 7941
3 7932 7941 7933
3 7933 7941 7942
3 7933 7942 7934
3 7934 7942 7943
3 7934 7943 7935
3 7935 7943 7936
3 7935 7936 7928
3 7936 7944 7945
3 7936 7945 7937
3 7937 7945 7946
3 7937 7946 7938
3 7938 7946 7947
3 7938 7947 7939
3 7939 7947 7948
3 7939 7948 7940
3 7940 7948 7949
3 7940 7949 7941
3 7941 7949 7950
3 7941 7950 7942
3 7942 7950 7951
3 7942 7951 7943
3 7943 7951 7944
3 7943 7944 7936
3 7944 7952 7953
3 7944 7953 7945
3 7945 7953 7954
3 7945 7954 7946
3 7946 7954 7955
3 7946 7955 7947
3 7947 7955 7956
3 7947 7956 7948
3 7948 7956 7957
3 7948 7957 7949
3 7949 7957 7958
3 7949 7958 7950
3 7950 7958 7959
3 7950 7959 7951
3 7951 7959 7952
3 7951 7952 7944
3 7952 7960 7961
3 7952 7961 7953
3 7953 7961 7962
3 7953 7962 7954
3 7954 7962 7963
3 7954 7963 7955
3 7955 7963 7964
3 7955 7964 7956
3 7956 7964 7965
3 7956 7965 7957
3 7957 7965 7966
3 7957 7966 7958
3 7958 7966 7967
3 7958 7967 7959
3 7959 7967 7960
3 7959 7960 7952
3 7960 7968 7969
3 7960 7969 7961
3 7961 7969 7970
3 7961 7970 7962
3 7962 7970 7971
3 7962 7971 7963
3 7963 7971 7972
3 7963 7972 7964
3 7964 7972 7973
3 7964 7973 7965
3 7965 7973 7974
3 7965 7974 7966
3 7966 7974 7975
3 7966 7975 7967
3 7967 7975 7968
3 7967 7968 7960
3 7968 7976 7977
3 7968 7977 7969
3 7969 7977 7978
3 7969 7978 7970
3 7970 7978 7979
3 7970 7979 7971
3 7971 7979 7980
3 7971 7980 7972
3 7972 7980 7981
3 7972 7981 7973
3 7973 7981 7982
3 7973 7982 7974
3 7974 7982 7983
3 7974 7983 7975
3 7975 7983 7976
3 7975 7976 7968
3 7976 7984 7985
3 7976 7985 7977
3 7977 7985 7986
3 7977 7986 7978
3 7978 7986 7987
3 7978 7987 7979
3 7979 7987 7988
3 7979 7988 7980
3 7980 7988 7989
3 7980 7989 7981
3 7981 7989 7990
3 7981 7990 7982
3 7982 7990 7991
3 7982 7991 7983
3 7983 7991 7984
3 7983 7984 7976
3 7984 7992 7993
3 7984 7993 7985
3 7985 7993 7994
3 7985 7994 7986
3 7986 7994 7995
3 7986 7995 7987
3 7987 7995 7996
3 7987 7996 7988
3 7988 7996 7997
3 7988 7997 7989
3 7989 7997 7998
3 7989 7998 7990
3 7990 7998 7999
3 7990 7999 7991
3 7991 7999 7992
3 7991 7992 7984
3 7992 8000 8001
3 7992 8001 7993
3 7993 8001 8002
3 7993 8002 7994
3 7994 8002 8003
3 7994 8003 7995
3 7995 8003 8004
3 7995 8004 7996
3 7996 8004 8005
3 7996 8005 7997
3 7997 8005 8006
3 7997 8006 7998
3 7998 8006 8007
3 7998 8007 7999
3 7999 8007 8000
3 7999 8000 7992
3 8000 8008 8009
3 8000 8009 8001
3 8001 8009 8010
3 8001 8010 8002
3 8002 8010 8011
3 8002 8011 8003
3 8003 8011 8012
3 8003 8012 8004
3 8004 8012 8013
3 8004 8013 8005
3 8005 8013 8014
3 8005 8014 8006
3 8006 8014 8015
3 8006 8015 8007
3 8007 8015 8008
3 8007 8008 8000
3 8008 8016 8017
3 8008 8017 8009
3 8009 8017 8018
3 8009 8018 8010
3 8010 8018 8019
3 8010 8019 8011
3 8011 8019 8020
3 8011 8020 8012
3 8012 8020 8021
3 8012 8021 8013
3 8013 8021 8022
3 8013 8022 8014
3 8014 8022 8023
3 8014 8023 8015
3 8015 8023 8016
3 8015 8016 8008
3 8016 8024 8025
3 8016 8025 8017
3 8017 8025 8026
3 8017 8026 8018
3 8018 8026 8027
3 8018 8027 8019
3 8019 8027 8028
3 8019 8028 8020
3 8020 8028 8029
3 8020 8029 8021
3 8021 8029 8030
3 8021 8030 8022
3 8022 8030 8031
3 8022 8031 8023
3 8023 8031 8024
3 8023 8024 8016
3 8024 8032 8033
3 8024 8033 8025
3 8025 8033 8034
3 8025 8034 8026
3 8026 8034 8035
3 8026 8035 8027
3 8027 8035 8036
3 8027 8036 8028
3 8028 8036 8037
3 8028 8037 8029
3 8029 8037 8038
3 8029 8038 8030
3 8030 8038 8039
3 8030 8039 8031
3 8031 8039 8032
3 8031 8032 8024
3 8032 8040 8041
3 8032 8041 8033
3 8033 8041 8042
3 8033 8042 8034
3 8034 8042 8043
3 8034 8043 8035
3 8035 8043 8044
3 8035 8044 8036
3 8036 8044 8045
3 8036 8045 8037
3 8037 8045 8046
3 8037 8046 8038
3 8038 8046 8047
3 8038 8047 8039
3 8039 8047 8040
3 8039 8040 8032
3 8040 8048 8049
3 8040 8049 8041
3 8041 8049 8050
3 8041 8050 8042
3 8042 8050 8051
3 8042 8051 8043
3 8043 8051 8052
3 8043 8052 8044
3 8044 8052 8053
3 8044 8053 8045
3 8045 8053 8054
3 8045 8054 8046
3 8046 8054 8055
3 8046 8055 8047
3 8047 8055 8048
3 8047 8048 8040
3 8048 8056 8057
3 8048 8057 8049
3 8049 8057 8058
3 8049 8058 8050
3 8050 8058 8059
3 8050 8059 8051
3 8051 8059 8060
3 8051 8060 8052
3 8052 8060 8061
3 8052 8061 8053
3 8053 8061 8062
3 8053 8062 8054
3 8054 8062 8063
3 8054 8063 8055
3 8055 8063 8056
3 8055 8056 8048
3 8056 8064 8065
3 8056 8065 8057
3 8057 8065 8066
3 8057 8066 8058
3 8058 8066 8067
3 8058 8067 8059
3 8059 8067 8068
3 8059 8068 8060
3 8060 8068 8069
3 8060 8069 8061
3 8061 8069 8070
3 8061 8070 8062
3 8062 8070 8071
3 8062 8071 8063
3 8063 8071 8064
3 8063 8064 8056
3 8064 8072 8073
3 8064 8073 8065
3 8065 8073 8074
3 8065 8074 8066
3 8066 8074 8075
3 8066 8075 8067
3 8067 8075 8076
3 8067 8076 8068
3 8068 8076 8077
3 8068 8077 8069
3 8069 8077 8078
3 8069 8078 8070
3 8070 8078 8079
3 8070 8079 8071
3 8071 8079 8072
3 8071 8072 8064
3 8072 8080 8081
3 8072 8081 8073
3 8073 8081 8082
3 8073 8082 8074
3 8074 8082 8083
3 8074 8083 8075
3 8075 8083 8084
3 8075 8084 8076
3 8076 8084 8085
3 8076 8085 8077
3 8077 8085 8086
3 8077 8086 8078
3 8078 8086 8087
3 8078 8087 8079
3 8079 8087 8080
3 8079 8080 8072
3 8080 8088 8089
3 8080 8089 8081
3 8081 8089 8090
3 8081 8090 8082
3 8082 8090 8091
3 8082 8091 8083
3 8083 8091 8092
3 8083 8092 8084
3 8084 8092 8093
3 8084 8093 8085
3 8085 8093 8094
3 8085 8094 8086
3 8086 8094 8095
3 8086 8095 8087
3 8087 8095 8088
3 8087 8088 8080
3 8088 8096 8097
3 8088 8097 8089
3 8089 8097 8098
3 8089 8098 8090
3 8090 8098 8099
3 8090 8099 8091
3 8091 8099 8100
3 8091 8100 8092
3 8092 8100 8101
3 8092 8101 8093
3 8093 8101 8102
3 8093 8102 8094
3 8094 8102 8103
3 8094 8103 8095
3 8095 8103 8096
3 8095 8096 8088
3 8096 8104 8105
3 8096 8105 8097
3 8097 8105 8106
3 8097 8106 8098
3 8098 8106 8107
3 8098 8107 8099
3 8099 8107 8108
3 8099 8108 8100
3 8100 8108 8109
3 8100 8109 8101
3 8101 8109 8110
3 8101 8110 8102
3 8102 8110 8111
3 8102 8111 8103
3 8103 8111 8104
3 8103 8104 8096
3 8104 8112 8113
3 8104 8113 8105
3 8105 8113 8114
3 8105 8114 8106
3 8106 8114 8115
3 8106 8115 8107
3 8107 8115 8116
3 8107 8116 8108
3 8108 8116 8117
3 8108 8117 8109
3 8109 8117 8118
3 8109 8118 8110
3 8110 8118 8119
3 8110 8119 8111
3 8111 8119 8112
3 8111 8112 8104
3 8112 8120 8121
3 8112 8121 8113
3 8113 8121 8122
3 8113 8122 8114
3 8114 8122 8123
3 8114 8123 8115
3 8115 8123 8124
3 8115 8124 8116
3 8116 8124 8125
3 8116 8125 8117
3 8117 8125 8126
3 8117 8126 8118
3 8118 8126 8127
3 8118 8127 8119
3 8119 8127 8120
3 8119 8120 8112
3 8120 8128 8129
3 8120 8129 8121
3 8121 8129 8130
3 8121 8130 8122
3 8122 8130 8131
3 8122 8131 8123
3 8123 8131 8132
3 8123 8132 8124
3 8124 8132 8133
3 8124 8133 8125
3 8125 8133 8134
3 8125 8134 8126
3 8126 8134 8135
3 8126 8135 8127
3 8127 8135 8128
3 8127 8128 8120
3 8128 8136 8137
3 8128 8137 8129
3 8129 8137 8138
3 8129 8138 8130
3 8130 8138 8139
3 8130 8139 8131
3 8131 8139 8140
3 8131 8140 8132
3 8132 8140 8141
3 8132 8141 8133
3 8133 8141 8142
3 8133 8142 8134
3 8134 8142 8143
3 8134 8143 8135
3 8135 8143 8136
3 8135 8136 8128
3 8136 8144 8145
3 8136 8145 8137
3 8137 8145 8146
3 8137 8146 8138
3 8138 8146 8147
3 8138 8147 8139
3 8139 8147 8148
3 8139 8148 8140
3 8140 8148 8149
3 8140 8149 8141
3 8141 8149 8150
3 8141 8150 8142
3 8142 8150 8151
3 8142 8151 8143
3 8143 8151 8144
3 8143 8144 8136
3 8144 8152 8153
3 8144 8153 8145
3 8145 8153 8154
3 8145 8154 8146
3 8146 8154 8155
3 8146 8155 8147
3 8147 8155 8156
3 8147 8156 8148
3 8148 8156 8157
3 8148 8157 8149
3 8149 8157 8158
3 8149 8158 8150
3 8150 8158 8159
3 8150 8159 8151
3 8151 8159 8152
3 8151 8152 8144
3 8152 8160 8161
3 8152 8161 8153
3 8153 8161 8162
3 8153 8162 8154
3 8154 8162 8163
3 8154 8163 8155
3 8155 8163 8164
3 8155 8164 8156
3 8156 8164 8165
3 8156 8165 8157
3 8157 8165 8166
3 8157 8166 8158
3 8158 8166 8167
3 8158 8167 8159
3 8159 8167 8160
3 8159 8160 8152
3 8160 8168 8169
3 8160 8169 8161
3 8161 8169 8170
3 8161 8170 8162
3 8162 8170 8171
3 8162 8171 8163
3 8163 8171 8172
3 8163 8172 8164
3 8164 8172 8173
3 8164 8173 8165
3 8165 8173 8174
3 8165 8174 8166
3 8166 8174 8175
3 8166 8175 8167
3 8167 8175 8168
3 8167 8168 8160
3 8168 8176 8177
3 8168 8177 8169
3 8169 8177 8178
3 8169 8178 8170
3 8170 8178 8179
3 8170 8179 8171
3 8171 8179 8180
3 8171 8180 8172
3 8172 8180 8181
3 8172 8181 8173
3 8173 8181 8182
3 8173 8182 8174
3 8174 8182 8183
3 8174 8183 8175
3 8175 8183 8176
3 8175 8176 8168
3 8176 8184 8185
3 8176 8185 8177
3 8177 8185 8186
3 8177 8186 8178
3 8178 8186 8187
3 8178 8187 8179
3 8179 8187 8188
3 8179 8188 8180
3 8180 8188 8189
3 8180 8189 8181
3 8181 8189 8190
3 8181 8190 8182
3 8182 8190 8191
3 8182 8191 8183
3 8183 8191 8184
3 8183 8184 8176
3 8184 8192 8193
3 8184 8193 8185
3 8185 8193 8194
3 8185 8194 8186
3 8186 8194 8195
3 8186 8195 8187
3 8187 8195 8196
3 8187 8196 8188
3 8188 8196 8197
3 8188 8197 8189
3 8189 8197 8198
3 8189 8198 8190
3 8190 8198 8199
3 8190 8199 8191
3 8191 8199 8192
3 8191 8192 8184
3 8192 8200 8201
3 8192 8201 8193
3 8193 8201 8202
3 8193 8202 8194
3 8194 8202 8203
3 8194 8203 8195
3 8195 8203 8204
3 8195 8204 8196
3 8196 8204 8205
3 8196 8205 8197
3 8197 8205 8206
3 8197 8206 8198
3 8198 8206 8207
3 8198 8207 8199
3 8199 8207 8200
3 8199 8200 8192
3 8200 8208 8209
3 8200 8209 8201
3 8201 8209 8210
3 8201 8210 8202
3 8202 8210 8211
3 8202 8211 8203
3 8203 8211 8212
3 8203 8212 8204
3 8204 8212 8213
3 8204 8213 8205
3 8205 8213 8214
3 8205 8214 8206
3 8206 8214 8215
3 8206 8215 8207
3 8207 8215 8208
3 8207 8208 8200
3 8208 8216 8217
3 8208 8217 8209
3 8209 8217 8218
3 8209 8218 8210
3 8210 8218 8219
3 8210 8219 8211
3 8211 8219 8220
3 8211 8220 8212
3 8212 8220 8221
3 8212 8221 8213
3 8213 8221 8222
3 8213 8222 8214
3 8214 8222 8223
3 8214 8223 8215
3 8215 8223 8216
3 8215 8216 8208
3 8216 8224 8225
3 8216 8225 8217
3 8217 8225 8226
3 8217 8226 8218
3 8218 8226 8227
3 8218 8227 8219
3 8219 8227 8228
3 8219 8228 8220
3 8220 8228 8229
3 8220 8229 8221
3 8221 8229 8230
3 8221 8230 8222
3 8222 8230 8231
3 8222 8231 8223
3 8223 8231 8224
3 8223 8224 8216
3 8224 8232 8233
3 8224 8233 8225
3 8225 8233 8234
3 8225 8234 8226
3 8226 8234 8235
3 8226 8235 8227
3 8227 8235 8236
3 8227 8236 8228
3 8228 8236 8237
3 8228 8237 8229
3 8229 8237 8238
3 8229 8238 8230
3 8230 8238 8239
3 8230 8239 8231
3 8231 8239 8232
3 8231 8232 8224
3 8232 8240 8241
3 8232 8241 8233
3 8233 8241 8242
3 8233 8242 8234
3 8234 8242 8243
3 8234 8243 8235
3 8235 8243 8244
3 8235 8244 8236
3 8236 8244 8245
3 8236 8245 8237
3 8237 8245 8246
3 8237 8246 8238
3 8238 8246 8247
3 8238 8247 8239
3 8239 8247 8240
3 8239 8240 8232
3 8240 8248 8249
3 8240 8249 8241
3 8241 8249 8250
3 8241 8250 8242
3 8242 8250 8251
3 8242 8251 8243
3 8243 8251 8252
3 8243 8252 8244
3 8244 8252 8253
3 8244 8253 8245
3 8245 8253 8254
3 8245 8254 8246
3 8246 8254 8255
3 8246 8255 8247
3 8247 8255 8248
3 8247 8248 8240
3 8248 8256 8257
3 8248 8257 8249
3 8249 8257 8258
3 8249 8258 8250
3 8250 8258 8259
3 8250 8259 8251
3 8251 8259 8260
3 8251 8260 8252
3 8252 8260 8261
3 8252 8261 8253
3 8253 8261 8262
3 8253 8262 8254
3 8254 8262 8263
3 8254 8263 8255
3 8255 8263 8256
3 8255 8256 8248
3 8256 8264 8265
3 8256 8265 8257
3 8257 8265 8266
3 8257 8266 8258
3 8258 8266 8267
3 8258 8267 8259
3 8259 8267 8268
3 8259 8268 8260
3 8260 8268 8269
3 8260 8269 8261
3 8261 8269 8270
3 8261 8270 8262
3 8262 8270 8271
3 8262 8271 8263
3 8263 8271 8264
3 8263 8264 8256
3 8264 8272 8273
3 8264 8273 8265
3 8265 8273 8274
3 8265 8274 8266
3 8266 8274 8275
3 8266 8275 8267
3 8267 8275 8276
3 8267 8276 8268
3 8268 8276 8277
3 8268 8277 8269
3 8269 8277 8278
3 8269 8278 8270
3 8270 8278 8279
3 8270 8279 8271
3 8271 8279 8272
3 8271 8272 8264
3 8272 8280 8281
3 8272 8281 8273
3 8273 8281 8282
3 8273 8282 8274
3 8274 8282 8283
3 8274 8283 8275
3 8275 8283 8284
3 8275 8284 8276
3 8276 8284 8285
3 8276 8285 8277
3 8277 8285 8286
3 8277 8286 8278
3 8278 8286 8287
3 8278 8287 8279
3 8279 8287 8280
3 8279 8280 8272
3 8280 8288 8289
3 8280 8289 8281
3 8281 8289 8290
3 8281 8290 8282
3 8282 8290 8291
3 8282 8291 8283
3 8283 8291 8292
3 8283 8292 8284
3 8284 8292 8293
3 8284 8293 8285
3 8285 8293 8294
3 8285 8294 8286
3 8286 8294 8295
3 8286 8295 8287
3 8287 8295 8288
3 8287 8288 8280
3 8288 8296 8297
3 8288 8297 8289
3 8289 8297 8298
3 8289 8298 8290
3 8290 8298 8299
3 8290 8299 8291
3 8291 8299 8300
3 8291 8300 8292
3 8292 8300 8301
3 8292 8301 8293
3 8293 8301 8302
3 8293 8302 8294
3 8294 8302 8303
3 8294 8303 8295
3 8295 8303 8296
3 8295 8296 8288
3 8296 8304 8305
3 8296 8305 8297
3 8297 8305 8306
3 8297 8306 8298
3 8298 8306 8307
3 8298 8307 8299
3 8299 8307 8308
3 8299 8308 8300
3 8300 8308 8309
3 8300 8309 8301
3 8301 8309 8310
3 8301 8310 8302
3 8302 8310 8311
3 8302 8311 8303
3 8303 8311 8304
3 8303 8304 8296
3 8304 8312 8313
3 8304 8313 8305
3 8305 8313 8314
3 8305 8314 8306
3 8306 8314 8315
3 8306 8315 8307
3 8307 8315 8316
3 8307 8316 8308
3 8308 8316 8317
3 8308 8317 8309
3 8309 8317 8318
3 8309 8318 8310
3 8310 8318 8319
3 8310 8319 8311
3 8311 8319 8312
3 8311 8312 8304
3 8312 8320 8321
3 8312 8321 8313
3 8313 8321 8322
3 8313 8322 8314
3 8314 8322 8323
3 8314 8323 8315
3 8315 8323 8324
3 8315 8324 8316
3 8316 8324 8325
3 8316 8325 8317
3 8317 8325 8326
3 8317 8326 8318
3 8318 8326 8327
3 8318 8327 8319
3 8319 8327 8320
3 8319 8320 8312
3 8320 8328 8329
3 8320 8329 8321
3 8321 8329 8330
3 8321 8330 8322
3 8322 8330 8331
3 8322 8331 8323
3 8323 8331 8332
3 8323 8332 8324
3 8324 8332 8333
3 8324 8333 8325
3 8325 8333 8334
3 8325 8334 8326
3 8326 8334 8335
3 8326 8335 8327
3 8327 8335 8328
3 8327 8328 8320
3 8328 8336 8337
3 8328 8337 8329
3 8329 8337 8338
3 8329 8338 8330
3 8330 8338 8339
3 8330 8339 8331
3 8331 8339 8340
3 8331 8340 8332
3 8332 8340 8341
3 8332 8341 8333
3 8333 8341 8342
3 8333 8342 8334
3 8334 8342 8343
3 8334 8343 8335
3 8335 8343 8336
3 8335 8336 8328
3 8336 8344 8345
3 8336 8345 8337
3 8337 8345 8346
3 8337 8346 8338
3 8338 8346 8347
3 8338 8347 8339
3 8339 8347 8348
3 8339 8348 8340
3 8340 8348 8349
3 8340 8349 8341
3 8341 8349 8350
3 8341 8350 8342
3 8342 8350 8351
3 8342 8351 8343
3 8343 8351 8344
3 8343 8344 8336
3 8344 8352 8353
3 8344 8353 8345
3 8345 8353 8354
3 8345 8354 8346
3 8346 8354 8355
3 8346 8355 8347
3 8347 8355 8356
3 8347 8356 8348
3 8348 8356 8357
3 8348 8357 8349
3 8349 8357 8358
3 8349 8358 8350
3 8350 8358 8359
3 8350 8359 8351
3 8351 8359 8352
3 8351 8352 8344
3 8352 8360 8361
3 8352 8361 8353
3 8353 8361 8362
3 8353 8362 8354
3 8354 8362 8363
3 8354 8363 8355
3 8355 8363 8364
3 8355 8364 8356
3 8356 8364 8365
3 8356 8365 8357
3 8357 8365 8366
3 8357 8366 8358
3 8358 8366 8367
3 8358 8367 8359
3 8359 8367 8360
3 8359 8360 8352
3 8360 8368 8369
3 8360 8369 8361
3 8361 8369 8370
3 8361 8370 8362
3 8362 8370 8371
3 8362 8371 8363
3 8363 8371 8372
3 8363 8372 8364
3 8364 8372 8373
3 8364 8373 8365
3 8365 8373 8374
3 8365 8374 8366
3 8366 8374 8375
3 8366 8375 8367
3 8367 8375 8368
3 8367 8368 8360
3 8368 8376 8377
3 8368 8377 8369
3 8369 8377 8378
3 8369 8378 8370
3 8370 8378 8379
3 8370 8379 8371
3 8371 8379 8380
3 8371 8380 8372
3 8372 8380 8381
3 8372 8381 8373
3 8373 8381 8382
3 8373 8382 8374
3 8374 8382 8383
3 8374 8383 8375
3 8375 8383 8376
3 8375 8376 8368
3 8376 8384 8385
3 8376 8385 8377
3 8377 8385 8386
3 8377 8386 8378
3 8378 8386 8387
3 8378 8387 8379
3 8379 8387 8388
3 8379 8388 8380
3 8380 8388 8389
3 8380 8389 8381
3 8381 8389 8390
3 8381 8390 8382
3 8382 8390 8391
3 8382 8391 8383
3 8383 8391 8384
3 8383 8384 8376
3 8384 8392 8393
3 8384 8393 8385
3 8385 8393 8394
3 8385 8394 8386
3 8386 8394 8395
3 8386 8395 8387
3 8387 8395 8396
3 8387 8396 8388
3 8388 8396 8397
3 8388 8397 8389
3 8389 8397 8398
3 8389 8398 8390
3 8390 8398 8399
3 8390 8399 8391
3 8391 8399 8392
3 8391 8392 8384
3 8392 8400 8401
3 8392 8401 8393
3 8393 8401 8402
3 8393 8402 8394
3 8394 8402 8403
3 8394 8403 8395
3 8395 8403 8404
3 8395 8404 8396
3 8396 8404 8405
3 8396 8405 8397
3 8397 8405 8406
3 8397 8406 8398
3 8398 8406 8407
3 8398 8407 8399
3 8399 8407 8400
3 8399 8400 8392
3 8400 8408 8409
3 8400 8409 8401
3 8401 8409 8410
3 8401 8410 8402
3 8402 8410 8411
3 8402 8411 8403
3 8403 8411 8412
3 8403 8412 8404
3 8404 8412 8413
3 8404 8413 8405
3 8405 8413 8414
3 8405 8414 8406
3 8406 8414 8415
3 8406 8415 8407
3 8407 8415 8408
3 8407 8408 8400
3 8408 8416 8417
3 8408 8417 8409
3 8409 8417 8418
3 8409 8418 8410
3 8410 8418 8419
3 8410 8419 8411
3 8411 8419 8420
3 8411 8420 8412
3 8412 8420 8421
3 8412 8421 8413
3 8413 8421 8422
3 8413 8422 8414
3 8414 8422 8423
3 8414 8423 8415
3 8415 8423 8416
3 8415 8416 8408
3 8416 8424 8425
3 8416 8425 8417
3 8417 8425 8426
3 8417 8426 8418
3 8418 8426 8427
3 8418 8427 8419
3 8419 8427 8428
3 8419 8428 8420
3 8420 8428 8429
3 8420 8429 8421
3 8421 8429 8430
3 8421 8430 8422
3 8422 8430 8431
3 8422 8431 8423
3 8423 8431 8424
3 8423 8424 8416
3 8424 8432 8433
3 8424 8433 8425
3 8425 8433 8434
3 8425 8434 8426
3 8426 8434 8435
3 8426 8435 8427
3 8427 8435 8436
3 8427 8436 8428
3 8428 8436 8437
3 8428 8437 8429
3 8429 8437 8438
3 8429 8438 8430
3 8430 8438 8439
3 8430 8439 8431
3 8431 8439 8432
3 8431 8432 8424
3 8432 8440 8441
3 8432 8441 8433
3 8433 8441 8442
3 8433 8442 8434
3 8434 8442 8443
3 8434 8443 8435
3 8435 8443 8444
3 8435 8444 8436
3 8436 8444 8445
3 8436 8445 8437
3 8437 8445 8446
3 8437 8446 8438
3 8438 8446 8447
3 8438 8447 8439
3 8439 8447 8440
3 8439 8440 8432
3 8440 8448 8449
3 8440 8449 8441
3 8441 8449 8450
3 8441 8450 8442
3 8442 8450 8451
3 8442 8451 8443
3 8443 8451 8452
3 8443 8452 8444
3 8444 8452 8453
3 8444 8453 8445
3 8445 8453 8454
3 8445 8454 8446
3 8446 8454 8455
3 8446 8455 8447
3 8447 8455 8448
3 8447 8448 8440
3 8448 8456 8457
3 8448 8457 8449
3 8449 8457 8458
3 8449 8458 8450
3 8450 8458 8459
3 8450 8459 8451
3 8451 8459 8460
3 8451 8460 8452
3 8452 8460 8461
3 8452 8461 8453
3 8453 8461 8462
3 8453 8462 8454
3 8454 8462 8463
3 8454 8463 8455
3 8455 8463 8456
3 8455 8456 8448
3 8456 8464 8465
3 8456 8465 8457
3 8457 8465 8466
3 8457 8466 8458
3 8458 8466 8467
3 8458 8467 8459
3 8459 8467 8468
3 8459 8468 8460
3 8460 8468 8469
3 8460 8469 8461
3 8461 8469 8470
3 8461 8470 8462
3 8462 8470 8471
3 8462 8471 8463
3 8463 8471 8464
3 8463 8464 8456
3 8464 8472 8473
3 8464 8473 8465
3 8465 8473 8474
3 8465 8474 8466
3 8466 8474 8475
3 8466 8475 8467
3 8467 8475 8476
3 8467 8476 8468
3 8468 8476 8477
3 8468 8477 8469
3 8469 8477 8478
3 8469 8478 8470
3 8470 8478 8479
3 8470 8479 8471
3 8471 8479 8472
3 8471 8472 8464
3 8472 8480 8481
3 8472 8481 8473
3 8473 8481 8482
3 8473 8482 8474
3 8474 8482 8483
3 8474 8483 8475
3 8475 8483 8484
3 8475 8484 8476
3 8476 8484 8485
3 8476 8485 8477
3 8477 8485 8486
3 8477 8486 8478
3 8478 8486 8487
3 8478 8487 8479
3 8479 8487 8480
3 8479 8480 8472
3 8480 8488 8489
3 8480 8489 8481
3 8481 8489 8490
3 8481 8490 8482
3 8482 8490 8491
3 8482 8491 8483
3 8483 8491 8492
3 8483 8492 8484
3 8484 8492 8493
3 8484 8493 8485
3 8485 8493 8494
3 8485 8494 8486
3 8486 8494 8495
3 8486 8495 8487
3 8487 8495 8488
3 8487 8488 8480
3 8488 8496 8497
3 8488 8497 8489
3 8489 8497 8498
3 8489 8498 8490
3 8490 8498 8499
3 8490 8499 8491
3 8491 8499 8500
3 8491 8500 8492
3 8492 8500 8501
3 8492 8501 8493
3 8493 8501 8502
3 8493 8502 8494
3 8494 8502 8503
3 8494 8503 8495
3 8495 8503 8496
3 8495 8496 8488
3 8496 8504 8505
3 8496 8505 8497
3 8497 8505 8506
3 8497 8506 8498
3 8498 8506 8507
3 8498 8507 8499
3 8499 8507 8508
3 8499 8508 8500
3 8500 8508 8509
3 8500 8509 8501
3 8501 8509 8510
3 8501 8510 8502
3 8502 8510 8511
3 8502 8511 8503
3 8503 8511 8504
3 8503 8504 8496
3 8504 8512 8513
3 8504 8513 8505
3 8505 8513 8514
3 8505 8514 8506
3 8506 8514 8515
3 8506 8515 8507
3 8507 8515 8516
3 8507 8516 8508
3 8508 8516 8517
3 8508 8517 8509
3 8509 8517 8518
3 8509 8518 8510
3 8510 8518 8519
3 8510 8519 8511
3 8511 8519 8512
3 8511 8512 8504
3 8512 8520 8521
3 8512 8521 8513
3 8513 8521 8522
3 8513 8522 8514
3 8514 8522 8523
3 8514 8523 8515
3 8515 8523 8524
3 8515 8524 8516
3 8516 8524 8525
3 8516 8525 8517
3 8517 8525 8526
3 8517 8526 8518
3 8518 8526 8527
3 8518 8527 8519
3 8519 8527 8520
3 8519 8520 8512
3 8520 8528 8529
3 8520 8529 8521
3 8521 8529 8530
3 8521 8530 8522
3 8522 8530 8531
3 8522 8531 8523
3 8523 8531 8532
3 8523 8532 8524
3 8524 8532 8533
3 8524 8533 8525
3 8525 8533 8534
3 8525 8534 8526
3 8526 8534 8535
3 8526 8535 8527
3 8527 8535 8528
3 8527 8528 8520
3 8528 8536 8537
3 8528 8537 8529
3 8529 8537 8538
3 8529 8538 8530
3 8530 8538 8539
3 8530 8539 8531
3 8531 8539 8540
3 8531 8540 8532
3 8532 8540 8541
3 8532 8541 8533
3 8533 8541 8542
3 8533 8542 8534
3 8534 8542 8543
3 8534 8543 8535
3 8535 8543 8536
3 8535 8536 8528
3 8536 8544 8545
3 8536 8545 8537
3 8537 8545 8546
3 8537 8546 8538
3 8538 8546 8547
3 8538 8547 8539
3 8539 8547 8548
3 8539 8548 8540
3 8540 8548 8549
3 8540 8549 8541
3 8541 8549 8550
3 8541 8550 8542
3 8542 8550 8551
3 8542 8551 8543
3 8543 8551 8544
3 8543 8544 8536
3 8544 8552 8553
3 8544 8553 8545
3 8545 8553 8554
3 8545 8554 8546
3 8546 8554 8555
3 8546 8555 8547
3 8547 8555 8556
3 8547 8556 8548
3 8548 8556 8557
3 8548 8557 8549
3 8549 8557 8558
3 8549 8558 8550
3 8550 8558 8559
3 8550 8559 8551
3 8551 8559 8552
3 8551 8552 8544
3 8552 8560 8561
3 8552 8561 8553
3 8553 8561 8562
3 8553 8562 8554
3 8554 8562 8563
3 8554 8563 8555
3 8555 8563 8564
3 8555 8564 8556
3 8556 8564 8565
3 8556 8565 8557
3 8557 8565 8566
3 8557 8566 8558
3 8558 8566 8567
3 8558 8567 8559
3 8559 8567 8560
3 8559 8560 8552
3 8560 8568 8569
3 8560 8569 8561
3 8561 8569 8570
3 8561 8570 8562
3 8562 8570 8571
3 8562 8571 8563
3 8563 8571 8572
3 8563 8572 8564
3 8564 8572 8573
3 8564 8573 8565
3 8565 8573 8574
3 8565 8574 8566
3 8566 8574 8575
3 8566 8575 8567
3 8567 8575 8568
3 8567 8568 8560
3 8568 8576 8577
3 8568 8577 8569
3 8569 8577 8578
3 8569 8578 8570
3 8570 8578 8579
3 8570 8579 8571
3 8571 8579 8580
3 8571 8580 8572
3 8572 8580 8581
3 8572 8581 8573
3 8573 8581 8582
3 8573 8582 8574
3 8574 8582 8583
3 8574 8583 8575
3 8575 8583 8576
3 8575 8576 8568
3 8576 8584 8585
3 8576 8585 8577
3 8577 8585 8586
3 8577 8586 8578
3 8578 8586 8587
3 8578 8587 8579
3 8579 8587 8588
3 8579 8588 8580
3 8580 8588 8589
3 8580 8589 8581
3 8581 8589 8590
3 8581 8590 8582
3 8582 8590 8591
3 8582 8591 8583
3 8583 8591 8584
3 8583 8584 8576
3 8584 8592 8593
3 8584 8593 8585
3 8585 8593 8594
3 8585 8594 8586
3 8586 8594 8595
3 8586 8595 8587
3 8587 8595 8596
3 8587 8596 8588
3 8588 8596 8597
3 8588 8597 8589
3 8589 8597 8598
3 8589 8598 8590
3 8590 8598 8599
3 8590 8599 8591
3 8591 8599 8592
3 8591 8592 8584
3 8592 8600 8601
3 8592 8601 8593
3 8593 8601 8602
3 8593 8602 8594
3 8594 8602 8603
3 8594 8603 8595
3 8595 8603 8604
3 8595 8604 8596
3 8596 8604 8605
3 8596 8605 8597
3 8597 8605 8606
3 8597 8606 8598
3 8598 8606 8607
3 8598 8607 8599
3 8599 8607 8600
3 8599 8600 8592
3 8600 8608 8609
3 8600 8609 8601
3 8601 8609 8610
3 8601 8610 8602
3 8602 8610 8611
3 8602 8611 8603
3 8603 8611 8612
3 8603 8612 8604
3 8604 8612 8613
3 8604 8613 8605
3 8605 8613 8614
3 8605 8614 8606
3 8606 8614 8615
3 8606 8615 8607
3 8607 8615 8608
3 8607 8608 8600
3 8608 8616 8617
3 8608 8617 8609
3 8609 8617 8618
3 8609 8618 8610
3 8610 8618 8619
3 8610 8619 8611
3 8611 8619 8620
3 8611 8620 8612
3 8612 8620 8621
3 8612 8621 8613
3 8613 8621 8622
3 8613 8622 8614
3 8614 8622 8623
3 8614 8623 8615
3 8615 8623 8616
3 8615 8616 8608
3 8616 8624 8625
3 8616 8625 8617
3 8617 8625 8626
3 8617 8626 8618
3 8618 8626 8627
3 8618 8627 8619
3 8619 8627 8628
3 8619 8628 8620
3 8620 8628 8629
3 8620 8629 8621
3 8621 8629 8630
3 8621 8630 8622
3 8622 8630 8631
3 8622 8631 8623
3 8623 8631 8624
3 8623 8624 8616
3 8624 8632 8633
3 8624 8633 8625
3 8625 8633 8634
3 8625 8634 8626
3 8626 8634 8635
3 8626 8635 8627
3 8627 8635 8636
3 8627 8636 8628
3 8628 8636 8637
3 8628 8637 8629
3 8629 8637 8638
3 8629 8638 8630
3 8630 8638 8639
3 8630 8639 8631
3 8631 8639 8632
3 8631 8632 8624
3 8632 8640 8641
3 8632 8641 8633
3 8633 8641 8642
3 8633 8642 8634
3 8634 8642 8643
3 8634 8643 8635
3 8635 8643 8644
3 8635 8644 8636
3 8636 8644 8645
3 8636 8645 8637
3 8637 8645 8646
3 8637 8646 8638
3 8638 8646 8647
3 8638 8647 8639
3 8639 8647 8640
3 8639 8640 8632
3 8640 8648 8649
3 8640 8649 8641
3 8641 8649 8650
3 8641 8650 8642
3 8642 8650 8651
3 8642 8651 8643
3 8643 8651 8652
3 8643 8652 8644
3 8644 8652 8653
3 8644 8653 8645
3 8645 8653 8654
3 8645 8654 8646
3 8646 8654 8655
3 8646 8655 8647
3 8647 8655 8648
3 8647 8648 8640
3 8648 8656 8657
3 8648 8657 8649
3 8649 8657 8658
3 8649 8658 8650
3 8650 8658 8659
3 8650 8659 8651
3 8651 8659 8660
3 8651 8660 8652
3 8652 8660 8661
3 8652 8661 8653
3 8653 8661 8662
3 8653 8662 8654
3 8654 8662 8663
3 8654 8663 8655
3 8655 8663 8656
3 8655 8656 8648
3 8656 8664 8665
3 8656 8665 8657
3 8657 8665 8666
3 8657 8666 8658
3 8658 8666 8667
3 8658 8667 8659
3 8659 8667 8668
3 8659 8668 8660
3 8660 8668 8669
3 8660 8669 8661
3 8661 8669 8670
3 8661 8670 8662
3 8662 8670 8671
3 8662 8671 8663
3 8663 8671 8664
3 8663 8664 8656
3 8664 8672 8673
3 8664 8673 8665
3 8665 8673 8674
3 8665 8674 8666
3 8666 8674 8675
3 8666 8675 8667
3 8667 8675 8676
3 8667 8676 8668
3 8668 8676 8677
3 8668 8677 8669
3 8669 8677 8678
3 8669 8678 8670
3 8670 8678 8679
3 8670 8679 8671
3 8671 8679 8672
3 8671 8672 8664
3 8672 8680 8681
3 8672 8681 8673
3 8673 8681 8682
3 8673 8682 8674
3 8674 8682 8683
3 8674 8683 8675
3 8675 8683 8684
3 8675 8684 8676
3 8676 8684 8685
3 8676 8685 8677
3 8677 8685 8686
3 8677 8686 8678
3 8678 8686 8687
3 8678 8687 8679
3 8679 8687 8680
3 8679 8680 8672
3 8680 8688 8689
3 8680 8689 8681
3 8681 8689 8690
3 8681 8690 8682
3 8682 8690 8691
3 8682 8691 8683
3 8683 8691 8692
3 8683 8692 8684
3 8684 8692 8693
3 8684 8693 8685
3 8685 8693 8694
3 8685 8694 8686
3 8686 8694 8695
3 8686 8695 8687
3 8687 8695 8688
3 8687 8688 8680
3 8688 8696 8697
3 8688 8697 8689
3 8689 8697 8698
3 8689 8698 8690
3 8690 8698 8699
3 8690 8699 8691
3 8691 8699 8700
3 8691 8700 8692
3 8692 8700 8701
3 8692 8701 8693
3 8693 8701 8702
3 8693 8702 8694
3 8694 8702 8703
3 8694 8703 8695
3 8695 8703 8696
3 8695 8696 8688
3 8696 8704 8705
3 8696 8705 8697
3 8697 8705 8706
3 8697 8706 8698
3 8698 8706 8707
3 8698 8707 8699
3 8699 8707 8708
3 8699 8708 8700
3 8700 8708 8709
3 8700 8709 8701
3 8701 8709 8710
3 8701 8710 8702
3 8702 8710 8711
3 8702 8711 8703
3 8703 8711 8704
3 8703 8704 8696
3 8704 8712 8713
3 8704 8713 8705
3 8705 8713 8714
3 8705 8714 8706
3 8706 8714 8715
3 8706 8715 8707
3 8707 8715 8716
3 8707 8716 8708
3 8708 8716 8717
3 8708 8717 8709
3 8709 8717 8718
3 8709 8718 8710
3 8710 8718 8719
3 8710 8719 8711
3 8711 8719 8712
3 8711 8712 8704
3 8712 8720 8721
3 8712 8721 8713
3 8713 8721 8722
3 8713 8722 8714
3 8714 8722 8723
3 8714 8723 8715
3 8715 8723 8724
3 8715 8724 8716
3 8716 8724 8725
3 8716 8725 8717
3 8717 8725 8726
3 8717 8726 8718
3 8718 8726 8727
3 8718 8727 8719
3 8719 8727 8720
3 8719 8720 8712
3 8720 8728 8729
3 8720 8729 8721
3 8721 8729 8730
3 8721 8730 8722
3 8722 8730 8731
3 8722 8731 8723
3 8723 8731 8732
3 8723 8732 8724
3 8724 8732 8733
3 8724 8733 8725
3 8725 8733 8734
3 8725 8734 8726
3 8726 8734 8735
3 8726 8735 8727
3 8727 8735 8728
3 8727 8728 8720
3 8728 8736 8737
3 8728 8737 8729
3 8729 8737 8738
3 8729 8738 8730
3 8730 8738 8739
3 8730 8739 8731
3 8731 8739 8740
3 8731 8740 8732
3 8732 8740 8741
3 8732 8741 8733
3 8733 8741 8742
3 8733 8742 8734
3 8734 8742 8743
3 8734 8743 8735
3 8735 8743 8736
3 8735 8736 8728
3 8736 8744 8745
3 8736 8745 8737
3 8737 8745 8746
3 8737 8746 8738
3 8738 8746 8747
3 8738 8747 8739
3 8739 8747 8748
3 8739 8748 8740
3 8740 8748 8749
3 8740 8749 8741
3 8741 8749 8750
3 8741 8750 8742
3 8742 8750 8751
3 8742 8751 8743
3 8743 8751 8744
3 8743 8744 8736
3 8744 8752 8753
3 8744 8753 8745
3 8745 8753 8754
3 8745 8754 8746
3 8746 8754 8755
3 8746 8755 8747
3 8747 8755 8756
3 8747 8756 8748
3 8748 8756 8757
3 8748 8757 8749
3 8749 8757 8758
3 8749 8758 8750
3 8750 8758 8759
3 8750 8759 8751
3 8751 8759 8752
3 8751 8752 8744
3 8752 8760 8761
3 8752 8761 8753
3 8753 8761 8762
3 8753 8762 8754
3 8754 8762 8763
3 8754 8763 8755
3 8755 8763 8764
3 8755 8764 8756
3 8756 8764 8765
3 8756 8765 8757
3 8757 8765 8766
3 8757 8766 8758
3 8758 8766 8767
3 8758 8767 8759
3 8759 8767 8760
3 8759 8760 8752
3 8760 8768 8769
3 8760 8769 8761
3 8761 8769 8770
3 8761 8770 8762
3 8762 8770 8771
3 8762 8771 8763
3 8763 8771 8772
3 8763 8772 8764
3 8764 8772 8773
3 8764 8773 8765
3 8765 8773 8774
3 8765 8774 8766
3 8766 8774 8775
3 8766 8775 8767
3 8767 8775 8768
3 8767 8768 8760
3 8768 8776 8777
3 8768 8777 8769
3 8769 8777 8778
3 8769 8778 8770
3 8770 8778 8779
3 8770 8779 8771
3 8771 8779 8780
3 8771 8780 8772
3 8772 8780 8781
3 8772 8781 8773
3 8773 8781 8782
3 8773 8782 8774
3 8774 8782 8783
3 8774 8783 8775
3 8775 8783 8776
3 8775 8776 8768
3 8776 8784 8785
3 8776 8785 8777
3 8777 8785 8786
3 8777 8786 8778
3 8778 8786 8787
3 8778 8787 8779
3 8779 8787 8788
3 8779 8788 8780
3 8780 8788 8789
3 8780 8789 8781
3 8781 8789 8790
3 8781 8790 8782
3 8782 8790 8791
3 8782 8791 8783
3 8783 8791 8784
3 8783 8784 8776
3 8784 8792 8793
3 8784 8793 8785
3 8785 8793 8794
3 8785 8794 8786
3 8786 8794 8795
3 8786 8795 8787
3 8787 8795 8796
3 8787 8796 8788
3 8788 8796 8797
3 8788 8797 8789
3 8789 8797 8798
3 8789 8798 8790
3 8790 8798 8799
3 8790 8799 8791
3 8791 8799 8792
3 8791 8792 8784
3 8792 8800 8801
3 8792 8801 8793
3 8793 8801 8802
3 8793 8802 8794
3 8794 8802 8803
3 8794 8803 8795
3 8795 8803 8804
3 8795 8804 8796
3 8796 8804 8805
3 8796 8805 8797
3 8797 8805 8806
3 8797 8806 8798
3 8798 8806 8807
3 8798 8807 8799
3 8799 8807 8800
3 8799 8800 8792
3 8800 8808 8809
3 8800 8809 8801
3 8801 8809 8810
3 8801 8810 8802
3 8802 8810 8811
3 8802 8811 8803
3 8803 8811 8812
3 8803 8812 8804
3 8804 8812 8813
3 8804 8813 8805
3 8805 8813 8814
3 8805 8814 8806
3 8806 8814 8815
3 8806 8815 8807
3 8807 8815 8808
3 8807 8808 8800
3 8808 8816 8817
3 8808 8817 8809
3 8809 8817 8818
3 8809 8818 8810
3 8810 8818 8819
3 8810 8819 8811
3 8811 8819 8820
3 8811 8820 8812
3 8812 8820 8821
3 8812 8821 8813
3 8813 8821 8822
3 8813 8822 8814
3 8814 8822 8823
3 8814 8823 8815
3 8815 8823 8816
3 8815 8816 8808
3 8816 8824 8825
3 8816 8825 8817
3 8817 8825 8826
3 8817 8826 8818
3 8818 8826 8827
3 8818 8827 8819
3 8819 8827 8828
3 8819 8828 8820
3 8820 8828 8829
3 8820 8829 8821
3 8821 8829 8830
3 8821 8830 8822
3 8822 8830 8831
3 8822 8831 8823
3 8823 8831 8824
3 8823 8824 8816
3 8824 8832 8833
3 8824 8833 8825
3 8825 8833 8834
3 8825 8834 8826
3 8826 8834 8835
3 8826 8835 8827
3 8827 8835 8836
3 8827 8836 8828
3 8828 8836 8837
3 8828 8837 8829
3 8829 8837 8838
3 8829 8838 8830
3 8830 8838 8839
3 8830 8839 8831
3 8831 8839 8832
3 8831 8832 8824
3 8832 8840 8841
3 8832 8841 8833
3 8833 8841 8842
3 8833 8842 8834
3 8834 8842 8843
3 8834 8843 8835
3 8835 8843 8844
3 8835 8844 8836
3 8836 8844 8845
3 8836 8845 8837
3 8837 8845 8846
3 8837 8846 8838
3 8838 8846 8847
3 8838 8847 8839
3 8839 8847 8840
3 8839 8840 8832
3 8840 8848 8849
3 8840 8849 8841
3 8841 8849 8850
3 8841 8850 8842
3 8842 8850 8851
3 8842 8851 8843
3 8843 8851 8852
3 8843 8852 8844
3 8844 8852 8853
3 8844 8853 8845
3 8845 8853 8854
3 8845 8854 8846
3 8846 8854 8855
3 8846 8855 8847
3 8847 8855 8848
3 8847 8848 8840
3 8848 8856 8857
3 8848 8857 8849
3 8849 8857 8858
3 8849 8858 8850
3 8850 8858 8859
3 8850 8859 8851
3 8851 8859 8860
3 8851 8860 8852
3 8852 8860 8861
3 8852 8861 8853
3 8853 8861 8862
3 8853 8862 8854
3 8854 8862 8863
3 8854 8863 8855
3 8855 8863 8856
3 8855 8856 8848
3 8856 8864 8865
3 8856 8865 8857
3 8857 8865 8866
3 8857 8866 8858
3 8858 8866 8867
3 8858 8867 8859
3 8859 8867 8868
3 8859 8868 8860
3 8860 8868 8869
3 8860 8869 8861
3 8861 8869 8870
3 8861 8870 8862
3 8862 8870 8871
3 8862 8871 8863
3 8863 8871 8864
3 8863 8864 8856
3 8864 8872 8873
3 8864 8873 8865
3 8865 8873 8874
3 8865 8874 8866
3 8866 8874 8875
3 8866 8875 8867
3 8867 8875 8876
3 8867 8876 8868
3 8868 8876 8877
3 8868 8877 8869
3 8869 8877 8878
3 8869 8878 8870
3 8870 8878 8879
3 8870 8879 8871
3 8871 8879 8872
3 8871 8872 8864
3 8872 8880 8881
3 8872 8881 8873
3 8873 8881 8882
3 8873 8882 8874
3 8874 8882 8883
3 8874 8883 8875
3 8875 8883 8884
3 8875 8884 8876
3 8876 8884 8885
3 8876 8885 8877
3 8877 8885 8886
3 8877 8886 8878
3 8878 8886 8887
3 8878 8887 8879
3 8879 8887 8880
3 8879 8880 8872
3 8880 8888 8889
3 8880 8889 8881
3 8881 8889 8890
3 8881 8890 8882
3 8882 8890 8891
3 8882 8891 8883
3 8883 8891 8892
3 8883 8892 8884
3 8884 8892 8893
3 8884 8893 8885
3 8885 8893 8894
3 8885 8894 8886
3 8886 8894 8895
3 8886 8895 8887
3 8887 8895 8888
3 8887 8888 8880
3 8888 8896 8897
3 8888 8897 8889
3 8889 8897 8898
3 8889 8898 8890
3 8890 8898 8899
3 8890 8899 8891
3 8891 8899 8900
3 8891 8900 8892
3 8892 8900 8901
3 8892 8901 8893
3 8893 8901 8902
3 8893 8902 8894
3 8894 8902 8903
3 8894 8903 8895
3 8895 8903 8896
3 8895 8896 8888
3 8896 8904 8905
3 8896 8905 8897
3 8897 8905 8906
3 8897 8906 8898
3 8898 8906 8907
3 8898 8907 8899
3 8899 8907 8908
3 8899 8908 8900
3 8900 8908 8909
3 8900 8909 8901
3 8901 8909 8910
3 8901 8910 8902
3 8902 8910 8911
3 8902 8911 8903
3 8903 8911 8904
3 8903 8904 8896
3 8904 8912 8913
3 8904 8913 8905
3 8905 8913 8914
3 8905 8914 8906
3 8906 8914 8915
3 8906 8915 8907
3 8907 8915 8916
3 8907 8916 8908
3 8908 8916 8917
3 8908 8917 8909
3 8909 8917 8918
3 8909 8918 8910
3 8910 8918 8919
3 8910 8919 8911
3 8911 8919 8912
3 8911 8912 8904
3 8912 8920 8921
3 8912 8921 8913
3 8913 8921 8922
3 8913 8922 8914
3 8914 8922 8923
3 8914 8923 8915
3 8915 8923 8924
3 8915 8924 8916
3 8916 8924 8925
3 8916 8925 8917
3 8917 8925 8926
3 8917 8926 8918
3 8918 8926 8927
3 8918 8927 8919
3 8919 8927 8920
3 8919 8920 8912
3 8920 8928 8929
3 8920 8929 8921
3 8921 8929 8930
3 8921 8930 8922
3 8922 8930 8931
3 8922 8931 8923
3 8923 8931 8932
3 8923 8932 8924
3 8924 8932 8933
3 8924 8933 8925
3 8925 8933 8934
3 8925 8934 8926
3 8926 8934 8935
3 8926 8935 8927
3 8927 8935 8928
3 8927 8928 8920
3 8928 8936 8937
3 8928 8937 8929
3 8929 8937 8938
3 8929 8938 8930
3 8930 8938 8939
3 8930 8939 8931
3 8931 8939 8940
3 8931 8940 8932
3 8932 8940 8941
3 8932 8941 8933
3 8933 8941 8942
3 8933 8942 8934
3 8934 8942 8943
3 8934 8943 8935
3 8935 8943 8936
3 8935 8936 8928
3 8936 8944 8945
3 8936 8945 8937
3 8937 8945 8946
3 8937 8946 8938
3 8938 8946 8947
3 8938 8947 8939
3 8939 8947 8948
3 8939 8948 8940
3 8940 8948 8949
3 8940 8949 8941
3 8941 8949 8950
3 8941 8950 8942
3 8942 8950 8951
3 8942 8951 8943
3 8943 8951 8944
3 8943 8944 8936
3 8944 8952 8953
3 8944 8953 8945
3 8945 8953 8954
3 8945 8954 8946
3 8946 8954 8955
3 8946 8955 8947
3 8947 8955 8956
3 8947 8956 8948
3 8948 8956 8957
3 8948 8957 8949
3 8949 8957 8958
3 8949 8958 8950
3 8950 8958 8959
3 8950 8959 8951
3 8951 8959 8952
3 8951 8952 8944
3 8952 8960 8961
3 8952 8961 8953
3 8953 8961 8962
3 8953 8962 8954
3 8954 8962 8963
3 8954 8963 8955
3 8955 8963 8964
3 8955 8964 8956
3 8956 8964 8965
3 8956 8965 8957
3 8957 8965 8966
3 8957 8966 8958
3 8958 8966 8967
3 8958 8967 8959
3 8959 8967 8960
3 8959 8960 8952
3 8960 8968 8969
3 8960 8969 8961
3 8961 8969 8970
3 8961 8970 8962
3 8962 8970 8971
3 8962 8971 8963
3 8963 8971 8972
3 8963 8972 8964
3 8964 8972 8973
3 8964 8973 8965
3 8965 8973 8974
3 8965 8974 8966
3 8966 8974 8975
3 8966 8975 8967
3 8967 8975 8968
3 8967 8968 8960
3 8968 8976 8977
3 8968 8977 8969
3 8969 8977 8978
3 8969 8978 8970
3 8970 8978 8979
3 8970 8979 8971
3 8971 8979 8980
3 8971 8980 8972
3 8972 8980 8981
3 8972 8981 8973
3 8973 8981 8982
3 8973 8982 8974
3 8974 8982 8983
3 8974 8983 8975
3 8975 8983 8976
3 8975 8976 8968
3 8976 8984 8985
3 8976 8985 8977
3 8977 8985 8986
3 8977 8986 8978
3 8978 8986 8987
3 8978 8987 8979
3 8979 8987 8988
3 8979 8988 8980
3 8980 8988 8989
3 8980 8989 8981
3 8981 8989 8990
3 8981 8990 8982
3 8982 8990 8991
3 8982 8991 8983
3 8983 8991 8984
3 8983 8984 8976
3 8984 8992 8993
3 8984 8993 8985
3 8985 8993 8994
3 8985 8994 8986
3 8986 8994 8995
3 8986 8995 8987
3 8987 8995 8996
3 8987 8996 8988
3 8988 8996 8997
3 8988 8997 8989
3 8989 8997 8998
3 8989 8998 8990
3 8990 8998 8999
3 8990 8999 8991
3 8991 8999 8992
3 8991 8992 8984
3 8992 9000 9001
3 8992 9001 8993
3 8993 9001 9002
3 8993 9002 8994
3 8994 9002 9003
3 8994 9003 8995
3 8995 9003 9004
3 8995 9004 8996
3 8996 9004 9005
3 8996 9005 8997
3 8997 9005 9006
3 8997 9006 8998
3 8998 9006 9007
3 8998 9007 8999
3 8999 9007 9000
3 8999 9000 8992
3 9000 9008 9009
3 9000 9009 9001
3 9001 9009 9010
3 9001 9010 9002
3 9002 9010 9011
3 9002 9011 9003
3 9003 9011 9012
3 9003 9012 9004
3 9004 9012 9013
3 9004 9013 9005
3 9005 9013 9014
3 9005 9014 9006
3 9006 9014 9015
3 9006 9015 9007
3 9007 9015 9008
3 9007 9008 9000
3 9008 9016 9017
3 9008 9017 9009
3 9009 9017 9018
3 9009 9018 9010
3 9010 9018 9019
3 9010 9019 9011
3 9011 9019 9020
3 9011 9020 9012
3 9012 9020 9021
3 9012 9021 9013
3 9013 9021 9022
3 9013 9022 9014
3 9014 9022 9023
3 9014 9023 9015
3 9015 9023 9016
3 9015 9016 9008
3 9016 9024 9025
3 9016 9025 9017
3 9017 9025 9026
3 9017 9026 9018
3 9018 9026 9027
3 9018 9027 9019
3 9019 9027 9028
3 9019 9028 9020
3 9020 9028 9029
3 9020 9029 9021
3 9021 9029 9030
3 9021 9030 9022
3 9022 9030 9031
3 9022 9031 9023
3 9023 9031 9024
3 9023 9024 9016
3 9024 9032 9033
3 9024 9033 9025
3 9025 9033 9034
3 9025 9034 9026
3 9026 9034 9035
3 9026 9035 9027
3 9027 9035 9036
3 9027 9036 9028
3 9028 9036 9037
3 9028 9037 9029
3 9029 9037 9038
3 9029 9038 9030
3 9030 9038 9039
3 9030 9039 9031
3 9031 9039 9032
3 9031 9032 9024
3 9032 9040 9041
3 9032 9041 9033
3 9033 9041 9042
3 9033 9042 9034
3 9034 9042 9043
3 9034 9043 9035
3 9035 9043 9044
3 9035 9044 9036
3 9036 9044 9045
3 9036 9045 9037
3 9037 9045 9046
3 9037 9046 9038
3 9038 9046 9047
3 9038 9047 9039
3 9039 9047 9040
3 9039 9040 9032
3 9040 9048 9049
3 9040 9049 9041
3 9041 9049 9050
3 9041 9050 9042
3 9042 9050 9051
3 9042 9051 9043
3 9043 9051 9052
3 9043 9052 9044
3 9044 9052 9053
3 9044 9053 9045
3 9045 9053 9054
3 9045 9054 9046
3 9046 9054 9055
3 9046 9055 9047
3 9047 9055 9048
3 9047 9048 9040
3 9048 9056 9057
3 9048 9057 9049
3 9049 9057 9058
3 9049 9058 9050
3 9050 9058 9059
3 9050 9059 9051
3 9051 9059 9060
3 9051 9060 9052
3 9052 9060 9061
3 9052 9061 9053
3 9053 9061 9062
3 9053 9062 9054
3 9054 9062 9063
3 9054 9063 9055
3 9055 9063 9056
3 9055 9056 9048
3 9056 9064 9065
3 9056 9065 9057
3 9057 9065 9066
3 9057 9066 9058
3 9058 9066 9067
3 9058 9067 9059
3 9059 9067 9068
3 9059 9068 9060
3 9060 9068 9069
3 9060 9069 9061
3 9061 9069 9070
3 9061 9070 9062
3 9062 9070 9071
3 9062 9071 9063
3 9063 9071 9064
3 9063 9064 9056
3 9064 9072 9073
3 9064 9073 9065
3 9065 9073 9074
3 9065 9074 9066
3 9066 9074 9075
3 9066 9075 9067
3 9067 9075 9076
3 9067 9076 9068
3 9068 9076 9077
3 9068 9077 9069
3 9069 9077 9078
3 9069 9078 9070
3 9070 9078 9079
3 9070 9079 9071
3 9071 9079 9072
3 9071 9072 9064
3 9072 9080 9081
3 9072 9081 9073
3 9073 9081 9082
3 9073 9082 9074
3 9074 9082 9083
3 9074 9083 9075
3 9075 9083 9084
3 9075 9084 9076
3 9076 9084 9085
3 9076 9085 9077
3 9077 9085 9086
3 9077 9086 9078
3 9078 9086 9087
3 9078 9087 9079
3 9079 9087 9080
3 9079 9080 9072
3 9080 9088 9089
3 9080 9089 9081
3 9081 9089 9090
3 9081 9090 9082
3 9082 9090 9091
3 9082 9091 9083
3 9083 9091 9092
3 9083 9092 9084
3 9084 9092 9093
3 9084 9093 9085
3 9085 9093 9094
3 9085 9094 9086
3 9086 9094 9095
3 9086 9095 9087
3 9087 9095 9088
3 9087 9088 9080
3 9088 9096 9097
3 9088 9097 9089
3 9089 9097 9098
3 9089 9098 9090
3 9090 9098 9099
3 9090 9099 9091
3 9091 9099 9100
3 9091 9100 9092
3 9092 9100 9101
3 9092 9101 9093
3 9093 9101 9102
3 9093 9102 9094
3 9094 9102 9103
3 9094 9103 9095
3 9095 9103 9096
3 9095 9096 9088
3 9096 9104 9105
3 9096 9105 9097
3 9097 9105 9106
3 9097 9106 9098
3 9098 9106 9107
3 9098 9107 9099
3 9099 9107 9108
3 9099 9108 9100
3 9100 9108 9109
3 9100 9109 9101
3 9101 9109 9110
3 9101 9110 9102
3 9102 9110 9111
3 9102 9111 9103
3 9103 9111 9104
3 9103 9104 9096
3 9104 9112 9113
3 9104 9113 9105
3 9105 9113 9114
3 9105 9114 9106
3 9106 9114 9115
3 9106 9115 9107
3 9107 9115 9116
3 9107 9116 9108
3 9108 9116 9117
3 9108 9117 9109
3 9109 9117 9118
3 9109 9118 9110
3 9110 9118 9119
3 9110 9119 9111
3 9111 9119 9112
3 9111 9112 9104
3 9112 9120 9121
3 9112 9121 9113
3 9113 9121 9122
3 9113 9122 9114
3 9114 9122 9123
3 9114 9123 9115
3 9115 9123 9124
3 9115 9124 9116
3 9116 9124 9125
3 9116 9125 9117
3 9117 9125 9126
3 9117 9126 9118
3 9118 9126 9127
3 9118 9127 9119
3 9119 9127 9120
3 9119 9120 9112
3 9120 9128 9129
3 9120 9129 9121
3 9121 9129 9130
3 9121 9130 9122
3 9122 9130 9131
3 9122 9131 9123
3 9123 9131 9132
3 9123 9132 9124
3 9124 9132 9133
3 9124 9133 9125
3 9125 9133 9134
3 9125 9134 9126
3 9126 9134 9135
3 9126 9135 9127
3 9127 9135 9128
3 9127 9128 9120
3 9128 9136 9137
3 9128 9137 9129
3 9129 9137 9138
3 9129 9138 9130
3 9130 9138 9139
3 9130 9139 9131
3 9131 9139 9140
3 9131 9140 9132
3 9132 9140 9141
3 9132 9141 9133
3 9133 9141 9142
3 9133 9142 9134
3 9134 9142 9143
3 9134 9143 9135
3 9135 9143 9136
3 9135 9136 9128
3 9136 9144 9145
3 9136 9145 9137
3 9137 9145 9146
3 9137 9146 9138
3 9138 9146 9147
3 9138 9147 9139
3 9139 9147 9148
3 9139 9148 9140
3 9140 9148 9149
3 9140 9149 9141
3 9141 9149 9150
3 9141 9150 9142
3 9142 9150 9151
3 9142 9151 9143
3 9143 9151 9144
3 9143 9144 9136
3 9144 9152 9153
3 9144 9153 9145
3 9145 9153 9154
3 9145 9154 9146
3 9146 9154 9155
3 9146 9155 9147
3 9147 9155 9156
3 9147 9156 9148
3 9148 9156 9157
3 9148 9157 9149
3 9149 9157 9158
3 9149 9158 9150
3 9150 9158 9159
3 9150 9159 9151
3 9151 9159 9152
3 9151 9152 9144
3 9152 9160 9161
3 9152 9161 9153
3 9153 9161 9162
3 9153 9162 9154
3 9154 9162 9163
3 9154 9163 9155
3 9155 9163 9164
3 9155 9164 9156
3 9156 9164 9165
3 9156 9165 9157
3 9157 9165 9166
3 9157 9166 9158
3 9158 9166 9167
3 9158 9167 9159
3 9159 9167 9160
3 9159 9160 9152
3 9160 9168 9169
3 9160 9169 9161
3 9161 9169 9170
3 9161 9170 9162
3 9162 9170 9171
3 9162 9171 9163
3 9163 9171 9172
3 9163 9172 9164
3 9164 9172 9173
3 9164 9173 9165
3 9165 9173 9174
3 9165 9174 9166
3 9166 9174 9175
3 9166 9175 9167
3 9167 9175 9168
3 9167 9168 9160
3 9168 9176 9177
3 9168 9177 9169
3 9169 9177 9178
3 9169 9178 9170
3 9170 9178 9179
3 9170 9179 9171
3 9171 9179 9180
3 9171 9180 9172
3 9172 9180 9181
3 9172 9181 9173
3 9173 9181 9182
3 9173 9182 9174
3 9174 9182 9183
3 9174 9183 9175
3 9175 9183 9176
3 9175 9176 9168
3 9176 9184 9185
3 9176 9185 9177
3 9177 9185 9186
3 9177 9186 9178
3 9178 9186 9187
3 9178 9187 9179
3 9179 9187 9188
3 9179 9188 9180
3 9180 9188 9189
3 9180 9189 9181
3 9181 9189 9190
3 9181 9190 9182
3 9182 9190 9191
3 9182 9191 9183
3 9183 9191 9184
3 9183 9184 9176
3 9184 9192 9193
3 9184 9193 9185
3 9185 9193 9194
3 9185 9194 9186
3 9186 9194 9195
3 9186 9195 9187
3 9187 9195 9196
3 9187 9196 9188
3 9188 9196 9197
3 9188 9197 9189
3 9189 9197 9198
3 9189 9198 9190
3 9190 9198 9199
3 9190 9199 9191
3 9191 9199 9192
3 9191 9192 9184
3 9192 9200 9201
3 9192 9201 9193
3 9193 9201 9202
3 9193 9202 9194
3 9194 9202 9203
3 9194 9203 9195
3 9195 9203 9204
3 9195 9204 9196
3 9196 9204 9205
3 9196 9205 9197
3 9197 9205 9206
3 9197 9206 9198
3 9198 9206 9207
3 9198 9207 9199
3 9199 9207 9200
3 9199 9200 9192
3 9200 9208 9209
3 9200 9209 9201
3 9201 9209 9210
3 9201 9210 9202
3 9202 9210 9211
3 9202 9211 9203
3 9203 9211 9212
3 9203 9212 9204
3 9204 9212 9213
3 9204 9213 9205
3 9205 9213 9214
3 9205 9214 9206
3 9206 9214 9215
3 9206 9215 9207
3 9207 9215 9208
3 9207 9208 9200
3 9208 9216 9217
3 9208 9217 9209
3 9209 9217 9218
3 9209 9218 9210
3 9210 9218 9219
3 9210 9219 9211
3 9211 9219 9220
3 9211 9220 9212
3 9212 9220 9221
3 9212 9221 9213
3 9213 9221 9222
3 9213 9222 9214
3 9214 9222 9223
3 9214 9223 9215
3 9215 9223 9216
3 9215 9216 9208
3 9216 9224 9225
3 9216 9225 9217
3 9217 9225 9226
3 9217 9226 9218
3 9218 9226 9227
3 9218 9227 9219
3 9219 9227 9228
3 9219 9228 9220
3 9220 9228 9229
3 9220 9229 9221
3 9221 9229 9230
3 9221 9230 9222
3 9222 9230 9231
3 9222 9231 9223
3 9223 9231 9224
3 9223 9224 9216
3 9224 9232 9233
3 9224 9233 9225
3 9225 9233 9234
3 9225 9234 9226
3 9226 9234 9235
3 9226 9235 9227
3 9227 9235 9236
3 9227 9236 9228
3 9228 9236 9237
3 9228 9237 9229
3 9229 9237 9238
3 9229 9238 9230
3 9230 9238 9239
3 9230 9239 9231
3 9231 9239 9232
3 9231 9232 9224
3 9232 9240 9241
3 9232 9241 9233
3 9233 9241 9242
3 9233 9242 9234
3 9234 9242 9243
3 9234 9243 9235
3 9235 9243 9244
3 9235 9244 9236
3 9236 9244 9245
3 9236 9245 9237
3 9237 9245 9246
3 9237 9246 9238
3 9238 9246 9247
3 9238 9247 9239
3 9239 9247 9240
3 9239 9240 9232
3 9240 9248 9249
3 9240 9249 9241
3 9241 9249 9250
3 9241 9250 9242
3 9242 9250 9251
3 9242 9251 9243
3 9243 9251 9252
3 9243 9252 9244
3 9244 9252 9253
3 9244 9253 9245
3 9245 9253 9254
3 9245 9254 9246
3 9246 9254 9255
3 9246 9255 9247
3 9247 9255 9248
3 9247 9248 9240
3 9248 9256 9257
3 9248 9257 9249
3 9249 9257 9258
3 9249 9258 9250
3 9250 9258 9259
3 9250 9259 9251
3 9251 9259 9260
3 9251 9260 9252
3 9252 9260 9261
3 9252 9261 9253
3 9253 9261 9262
3 9253 9262 9254
3 9254 9262 9263
3 9254 9263 9255
3 9255 9263 9256
3 9255 9256 9248
3 9256 9264 9265
3 9256 9265 9257
3 9257 9265 9266
3 9257 9266 9258
3 9258 9266 9267
3 9258 9267 9259
3 9259 9267 9268
3 9259 9268 9260
3 9260 9268 9269
3 9260 9269 9261
3 9261 9269 9270
3 9261 9270 9262
3 9262 9270 9271
3 9262 9271 9263
3 9263 9271 9264
3 9263 9264 9256
3 9264 9272 9273
3 9264 9273 9265
3 9265 9273 9274
3 9265 9274 9266
3 9266 9274 9275
3 9266 9275 9267
3 9267 9275 9276
3 9267 9276 9268
3 9268 9276 9277
3 9268 9277 9269
3 9269 9277 9278
3 9269 9278 9270
3 9270 9278 9279
3 9270 9279 9271
3 9271 9279 9272
3 9271 9272 9264
3 9272 9280 9281
3 9272 9281 9273
3 9273 9281 9282
3 9273 9282 9274
3 9274 9282 9283
3 9274 9283 9275
3 9275 9283 9284
3 9275 9284 9276
3 9276 9284 9285
3 9276 9285 9277
3 9277 9285 9286
3 9277 9286 9278
3 9278 9286 9287
3 9278 9287 9279
3 9279 9287 9280
3 9279 9280 9272
3 9280 9288 9289
3 9280 9289 9281
3 9281 9289 9290
3 9281 9290 9282
3 9282 9290 9291
3 9282 9291 9283
3 9283 9291 9292
3 9283 9292 9284
3 9284 9292 9293
3 9284 9293 9285
3 9285 9293 9294
3 9285 9294 9286
3 9286 9294 9295
3 9286 9295 9287
3 9287 9295 9288
3 9287 9288 9280
3 9288 9296 9297
3 9288 9297 9289
3 9289 9297 9298
3 9289 9298 9290
3 9290 9298 9299
3 9290 9299 9291
3 9291 9299 9300
3 9291 9300 9292
3 9292 9300 9301
3 9292 9301 9293
3 9293 9301 9302
3 9293 9302 9294
3 9294 9302 9303
3 9294 9303 9295
3 9295 9303 9296
3 9295 9296 9288
3 9296 9304 9305
3 9296 9305 9297
3 9297 9305 9306
3 9297 9306 9298
3 9298 9306 9307
3 9298 9307 9299
3 9299 9307 9308
3 9299 9308 9300
3 9300 9308 9309
3 9300 9309 9301
3 9301 9309 9310
3 9301 9310 9302
3 9302 9310 9311
3 9302 9311 9303
3 9303 9311 9304
3 9303 9304 9296
3 9304 9312 9313
3 9304 9313 9305
3 9305 9313 9314
3 9305 9314 9306
3 9306 9314 9315
3 9306 9315 9307
3 9307 9315 9316
3 9307 9316 9308
3 9308 9316 9317
3 9308 9317 9309
3 9309 9317 9318
3 9309 9318 9310
3 9310 9318 9319
3 9310 9319 9311
3 9311 9319 9312
3 9311 9312 9304
3 9312 9320 9321
3 9312 9321 9313
3 9313 9321 9322
3 9313 9322 9314
3 9314 9322 9323
3 9314 9323 9315
3 9315 9323 9324
3 9315 9324 9316
3 9316 9324 9325
3 9316 9325 9317
3 9317 9325 9326
3 9317 9326 9318
3 9318 9326 9327
3 9318 9327 9319
3 9319 9327 9320
3 9319 9320 9312
3 9320 9328 9329
3 9320 9329 9321
3 9321 9329 9330
3 9321 9330 9322
3 9322 9330 9331
3 9322 9331 9323
3 9323 9331 9332
3 9323 9332 9324
3 9324 9332 9333
3 9324 9333 9325
3 9325 9333 9334
3 9325 9334 9326
3 9326 9334 9335
3 9326 9335 9327
3 9327 9335 9328
3 9327 9328 9320
3 9328 9336 9337
3 9328 9337 9329
3 9329 9337 9338
3 9329 9338 9330
3 9330 9338 9339
3 9330 9339 9331
3 9331 9339 9340
3 9331 9340 9332
3 9332 9340 9341
3 9332 9341 9333
3 9333 9341 9342
3 9333 9342 9334
3 9334 9342 9343
3 9334 9343 9335
3 9335 9343 9336
3 9335 9336 9328
3 9336 9344 9345
3 9336 9345 9337
3 9337 9345 9346
3 9337 9346 9338
3 9338 9346 9347
3 9338 9347 9339
3 9339 9347 9348
3 9339 9348 9340
3 9340 9348 9349
3 9340 9349 9341
3 9341 9349 9350
3 9341 9350 9342
3 9342 9350 9351
3 9342 9351 9343
3 9343 9351 9344
3 9343 9344 9336
3 9344 9352 9353
3 9344 9353 9345
3 9345 9353 9354
3 9345 9354 9346
3 9346 9354 9355
3 9346 9355 9347
3 9347 9355 9356
3 9347 9356 9348
3 9348 9356 9357
3 9348 9357 9349
3 9349 9357 9358
3 9349 9358 9350
3 9350 9358 9359
3 9350 9359 9351
3 9351 9359 9352
3 9351 9352 9344
3 9352 9360 9361
3 9352 9361 9353
3 9353 9361 9362
3 9353 9362 9354
3 9354 9362 9363
3 9354 9363 9355
3 9355 9363 9364
3 9355 9364 9356
3 9356 9364 9365
3 9356 9365 9357
3 9357 9365 9366
3 9357 9366 9358
3 9358 9366 9367
3 9358 9367 9359
3 9359 9367 9360
3 9359 9360 9352
3 9360 9368 9369
3 9360 9369 9361
3 9361 9369 9370
3 9361 9370 9362
3 9362 9370 9371
3 9362 9371 9363
3 9363 9371 9372
3 9363 9372 9364
3 9364 9372 9373
3 9364 9373 9365
3 9365 9373 9374
3 9365 9374 9366
3 9366 9374 9375
3 9366 9375 9367
3 9367 9375 9368
3 9367 9368 9360
3 9368 9376 9377
3 9368 9377 9369
3 9369 9377 9378
3 9369 9378 9370
3 9370 9378 9379
3 9370 9379 9371
3 9371 9379 9380
3 9371 9380 9372
3 9372 9380 9381
3 9372 9381 9373
3 9373 9381 9382
3 9373 9382 9374
3 9374 9382 9383
3 9374 9383 9375
3 9375 9383 9376
3 9375 9376 9368
3 9376 9384 9385
3 9376 9385 9377
3 9377 9385 9386
3 9377 9386 9378
3 9378 9386 9387
3 9378 9387 9379
3 9379 9387 9388
3 9379 9388 9380
3 9380 9388 9389
3 9380 9389 9381
3 9381 9389 9390
3 9381 9390 9382
3 9382 9390 9391
3 9382 9391 9383
3 9383 9391 9384
3 9383 9384 9376
3 9384 9392 9393
3 9384 9393 9385
3 9385 9393 9394
3 9385 9394 9386
3 9386 9394 9395
3 9386 9395 9387
3 9387 9395 9396
3 9387 9396 9388
3 9388 9396 9397
3 9388 9397 9389
3 9389 9397 9398
3 9389 9398 9390
3 9390 9398 9399
3 9390 9399 9391
3 9391 9399 9392
3 9391 9392 9384
3 9392 9400 9401
3 9392 9401 9393
3 9393 9401 9402
3 9393 9402 9394
3 9394 9402 9403
3 9394 9403 9395
3 9395 9403 9404
3 9395 9404 9396
3 9396 9404 9405
3 9396 9405 9397
3 9397 9405 9406
3 9397 9406 9398
3 9398 9406 9407
3 9398 9407 9399
3 9399 9407 9400
3 9399 9400 9392
3 9400 9408 9409
3 9400 9409 9401
3 9401 9409 9410
3 9401 9410 9402
3 9402 9410 9411
3 9402 9411 9403
3 9403 9411 9412
3 9403 9412 9404
3 9404 9412 9413
3 9404 9413 9405
3 9405 9413 9414
3 9405 9414 9406
3 9406 9414 9415
3 9406 9415 9407
3 9407 9415 9408
3 9407 9408 9400
3 9408 9416 9417
3 9408 9417 9409
3 9409 9417 9418
3 9409 9418 9410
3 9410 9418 9419
3 9410 9419 9411
3 9411 9419 9420
3 9411 9420 9412
3 9412 9420 9421
3 9412 9421 9413
3 9413 9421 9422
3 9413 9422 9414
3 9414 9422 9423
3 9414 9423 9415
3 9415 9423 9416
3 9415 9416 9408
3 9416 9424 9425
3 9416 9425 9417
3 9417 9425 9426
3 9417 9426 9418
3 9418 9426 9427
3 9418 9427 9419
3 9419 9427 9428
3 9419 9428 9420
3 9420 9428 9429
3 9420 9429 9421
3 9421 9429 9430
3 9421 9430 9422
3 9422 9430 9431
3 9422 9431 9423
3 9423 9431 9424
3 9423 9424 9416
3 9424 9432 9433
3 9424 9433 9425
3 9425 9433 9434
3 9425 9434 9426
3 9426 9434 9435
3 9426 9435 9427
3 9427 9435 9436
3 9427 9436 9428
3 9428 9436 9437
3 9428 9437 9429
3 9429 9437 9438
3 9429 9438 9430
3 9430 9438 9439
3 9430 9439 9431
3 9431 9439 9432
3 9431 9432 9424
3 9432 9440 9441
3 9432 9441 9433
3 9433 9441 9442
3 9433 9442 9434
3 9434 9442 9443
3 9434 9443 9435
3 9435 9443 9444
3 9435 9444 9436
3 9436 9444 9445
3 9436 9445 9437
3 9437 9445 9446
3 9437 9446 9438
3 9438 9446 9447
3 9438 9447 9439
3 9439 9447 9440
3 9439 9440 9432
3 9440 9448 9449
3 9440 9449 9441
3 9441 9449 9450
3 9441 9450 9442
3 9442 9450 9451
3 9442 9451 9443
3 9443 9451 9452
3 9443 9452 9444
3 9444 9452 9453
3 9444 9453 9445
3 9445 9453 9454
3 9445 9454 9446
3 9446 9454 9455
3 9446 9455 9447
3 9447 9455 9448
3 9447 9448 9440
3 9448 9456 9457
3 9448 9457 9449
3 9449 9457 9458
3 9449 9458 9450
3 9450 9458 9459
3 9450 9459 9451
3 9451 9459 9460
3 9451 9460 9452
3 9452 9460 9461
3 9452 9461 9453
3 9453 9461 9462
3 9453 9462 9454
3 9454 9462 9463
3 9454 9463 9455
3 9455 9463 9456
3 9455 9456 9448
3 9456 9464 9465
3 9456 9465 9457
3 9457 9465 9466
3 9457 9466 9458
3 9458 9466 9467
3 9458 9467 9459
3 9459 9467 9468
3 9459 9468 9460
3 9460 9468 9469
3 9460 9469 9461
3 9461 9469 9470
3 9461 9470 9462
3 9462 9470 9471
3 9462 9471 9463
3 9463 9471 9464
3 9463 9464 9456
3 9464 9472 9473
3 9464 9473 9465
3 9465 9473 9474
3 9465 9474 9466
3 9466 9474 9475
3 9466 9475 9467
3 9467 9475 9476
3 9467 9476 9468
3 9468 9476 9477
3 9468 9477 9469
3 9469 9477 9478
3 9469 9478 9470
3 9470 9478 9479
3 9470 9479 9471
3 9471 9479 9472
3 9471 9472 9464
3 9472 9480 9481
3 9472 9481 9473
3 9473 9481 9482
3 9473 9482 9474
3 9474 9482 9483
3 9474 9483 9475
3 9475 9483 9484
3 9475 9484 9476
3 9476 9484 9485
3 9476 9485 9477
3 9477 9485 9486
3 9477 9486 9478
3 9478 9486 9487
3 9478 9487 9479
3 9479 9487 9480
3 9479 9480 9472
3 9480 9488 9489
3 9480 9489 9481
3 9481 9489 9490
3 9481 9490 9482
3 9482 9490 9491
3 9482 9491 9483
3 9483 9491 9492
3 9483 9492 9484
3 9484 9492 9493
3 9484 9493 9485
3 9485 9493 9494
3 9485 9494 9486
3 9486 9494 9495
3 9486 9495 9487
3 9487 9495 9488
3 9487 9488 9480
3 9488 9496 9497
3 9488 9497 9489
3 9489 9497 9498
3 9489 9498 9490
3 9490 9498 9499
3 9490 9499 9491
3 9491 9499 9500
3 9491 9500 9492
3 9492 9500 9501
3 9492 9501 9493
3 9493 9501 9502
3 9493 9502 9494
3 9494 9502 9503
3 9494 9503 9495
3 9495 9503 9496
3 9495 9496 9488
3 9496 9504 9505
3 9496 9505 9497
3 9497 9505 9506
3 9497 9506 9498
3 9498 9506 9507
3 9498 9507 9499
3 9499 9507 9508
3 9499 9508 9500
3 9500 9508 9509
3 9500 9509 9501
3 9501 9509 9510
3 9501 9510 9502
3 9502 9510 9511
3 9502 9511 9503
3 9503 9511 9504
3 9503 9504 9496
3 9504 9512 9513
3 9504 9513 9505
3 9505 9513 9514
3 9505 9514 9506
3 9506 9514 9515
3 9506 9515 9507
3 9507 9515 9516
3 9507 9516 9508
3 9508 9516 9517
3 9508 9517 9509
3 9509 9517 9518
3 9509 9518 9510
3 9510 9518 9519
3 9510 9519 9511
3 9511 9519 9512
3 9511 9512 9504
3 9512 9520 9521
3 9512 9521 9513
3 9513 9521 9522
3 9513 9522 9514
3 9514 9522 9523
3 9514 9523 9515
3 9515 9523 9524
3 9515 9524 9516
3 9516 9524 9525
3 9516 9525 9517
3 9517 9525 9526
3 9517 9526 9518
3 9518 9526 9527
3 9518 9527 9519
3 9519 9527 9520
3 9519 9520 9512
3 9520 9528 9529
3 9520 9529 9521
3 9521 9529 9530
3 9521 9530 9522
3 9522 9530 9531
3 9522 9531 9523
3 9523 9531 9532
3 9523 9532 9524
3 9524 9532 9533
3 9524 9533 9525
3 9525 9533 9534
3 9525 9534 9526
3 9526 9534 9535
3 9526 9535 9527
3 9527 9535 9528
3 9527 9528 9520
3 9528 9536 9537
3 9528 9537 9529
3 9529 9537 9538
3 9529 9538 9530
3 9530 9538 9539
3 9530 9539 9531
3 9531 9539 9540
3 9531 9540 9532
3 9532 9540 9541
3 9532 9541 9533
3 9533 9541 9542
3 9533 9542 9534
3 9534 9542 9543
3 9534 9543 9535
3 9535 9543 9536
3 9535 9536 9528
3 9536 9544 9545
3 9536 9545 9537
3 9537 9545 9546
3 9537 9546 9538
3 9538 9546 9547
3 9538 9547 9539
3 9539 9547 9548
3 9539 9548 9540
3 9540 9548 9549
3 9540 9549 9541
3 9541 9549 9550
3 9541 9550 9542
3 9542 9550 9551
3 9542 9551 9543
3 9543 9551 9544
3 9543 9544 9536
3 9544 9552 9553
3 9544 9553 9545
3 9545 9553 9554
3 9545 9554 9546
3 9546 9554 9555
3 9546 9555 9547
3 9547 9555 9556
3 9547 9556 9548
3 9548 9556 9557
3 9548 9557 9549
3 9549 9557 9558
3 9549 9558 9550
3 9550 9558 9559
3 9550 9559 9551
3 9551 9559 9552
3 9551 9552 9544
3 9552 9560 9561
3 9552 9561 9553
3 9553 9561 9562
3 9553 9562 9554
3 9554 9562 9563
3 9554 9563 9555
3 9555 9563 9564
3 9555 9564 9556
3 9556 9564 9565
3 9556 9565 9557
3 9557 9565 9566
3 9557 9566 9558
3 9558 9566 9567
3 9558 9567 9559
3 9559 9567 9560
3 9559 9560 9552
3 9560 9568 9569
3 9560 9569 9561
3 9561 9569 9570
3 9561 9570 9562
3 9562 9570 9571
3 9562 9571 9563
3 9563 9571 9572
3 9563 9572 9564
3 9564 9572 9573
3 9564 9573 9565
3 9565 9573 9574
3 9565 9574 9566
3 9566 9574 9575
3 9566 9575 9567
3 9567 9575 9568
3 9567 9568 9560
3 9568 9576 9577
3 9568 9577 9569
3 9569 9577 9578
3 9569 9578 9570
3 9570 9578 9579
3 9570 9579 9571
3 9571 9579 9580
3 9571 9580 9572
3 9572 9580 9581
3 9572 9581 9573
3 9573 9581 9582
3 9573 9582 9574
3 9574 9582 9583
3 9574 9583 9575
3 9575 9583 9576
3 9575 9576 9568
3 9576 9584 9585
3 9576 9585 9577
3 9577 9585 9586
3 9577 9586 9578
3 9578 9586 9587
3 9578 9587 9579
3 9579 9587 9588
3 9579 9588 9580
3 9580 9588 9589
3 9580 9589 9581
3 9581 9589 9590
3 9581 9590 9582
3 9582 9590 9591
3 9582 9591 9583
3 9583 9591 9584
3 9583 9584 9576
3 9584 9592 9593
3 9584 9593 9585
3 9585 9593 9594
3 9585 9594 9586
3 9586 9594 9595
3 9586 9595 9587
3 9587 9595 9596
3 9587 9596 9588
3 9588 9596 9597
3 9588 9597 9589
3 9589 9597 9598
3 9589 9598 9590
3 9590 9598 9599
3 9590 9599 9591
3 9591 9599 9592
3 9591 9592 9584
3 9592 9600 9601
3 9592 9601 9593
3 9593 9601 9602
3 9593 9602 9594
3 9594 9602 9603
3 9594 9603 9595
3 9595 9603 9604
3 9595 9604 9596
3 9596 9604 9605
3 9596 9605 9597
3 9597 9605 9606
3 9597 9606 9598
3 9598 9606 9607
3 9598 9607 9599
3 9599 9607 9600
3 9599 9600 9592
3 9600 9608 9609
3 9600 9609 9601
3 9601 9609 9610
3 9601 9610 9602
3 9602 9610 9611
3 9602 9611 9603
3 9603 9611 9612
3 9603 9612 9604
3 9604 9612 9613
3 9604 9613 9605
3 9605 9613 9614
3 9605 9614 9606
3 9606 9614 9615
3 9606 9615 9607
3 9607 9615 9608
3 9607 9608 9600
3 9608 9616 9617
3 9608 9617 9609
3 9609 9617 9618
3 9609 9618 9610
3 9610 9618 9619
3 9610 9619 9611
3 9611 9619 9620
3 9611 9620 9612
3 9612 9620 9621
3 9612 9621 9613
3 9613 9621 9622
3 9613 9622 9614
3 9614 9622 9623
3 9614 9623 9615
3 9615 9623 9616
3 9615 9616 9608
3 9616 9624 9625
3 9616 9625 9617
3 9617 9625 9626
3 9617 9626 9618
3 9618 9626 9627
3 9618 9627 9619
3 9619 9627 9628
3 9619 9628 9620
3 9620 9628 9629
3 9620 9629 9621
3 9621 9629 9630
3 9621 9630 9622
3 9622 9630 9631
3 9622 9631 9623
3 9623 9631 9624
3 9623 9624 9616
3 9624 9632 9633
3 9624 9633 9625
3 9625 9633 9634
3 9625 9634 9626
3 9626 9634 9635
3 9626 9635 9627
3 9627 9635 9636
3 9627 9636 9628
3 9628 9636 9637
3 9628 9637 9629
3 9629 9637 9638
3 9629 9638 9630
3 9630 9638 9639
3 9630 9639 9631
3 9631 9639 9632
3 9631 9632 9624
3 9632 9640 9641
3 9632 9641 9633
3 9633 9641 9642
3 9633 9642 9634
3 9634 9642 9643
3 9634 9643 9635
3 9635 9643 9644
3 9635 9644 9636
3 9636 9644 9645
3 9636 9645 9637
3 9637 9645 9646
3 9637 9646 9638
3 9638 9646 9647
3 9638 9647 9639
3 9639 9647 9640
3 9639 9640 9632
3 9640 9648 9649
3 9640 9649 9641
3 9641 9649 9650
3 9641 9650 9642
3 9642 9650 9651
3 9642 9651 9643
3 9643 9651 9652
3 9643 9652 9644
3 9644 9652 9653
3 9644 9653 9645
3 9645 9653 9654
3 9645 9654 9646
3 9646 9654 9655
3 9646 9655 9647
3 9647 9655 9648
3 9647 9648 9640
3 9648 9656 9657
3 9648 9657 9649
3 9649 9657 9658
3 9649 9658 9650
3 9650 9658 9659
3 9650 9659 9651
3 9651 9659 9660
3 9651 9660 9652
3 9652 9660 9661
3 9652 9661 9653
3 9653 9661 9662
3 9653 9662 9654
3 9654 9662 9663
3 9654 9663 9655
3 9655 9663 9656
3 9655 9656 9648
3 9656 9664 9665
3 9656 9665 9657
3 9657 9665 9666
3 9657 9666 9658
3 9658 9666 9667
3 9658 9667 9659
3 9659 9667 9668
3 9659 9668 9660
3 9660 9668 9669
3 9660 9669 9661
3 9661 9669 9670
3 9661 9670 9662
3 9662 9670 9671
3 9662 9671 9663
3 9663 9671 9664
3 9663 9664 9656
3 9664 9672 9673
3 9664 9673 9665
3 9665 9673 9674
3 9665 9674 9666
3 9666 9674 9675
3 9666 9675 9667
3 9667 9675 9676
3 9667 9676 9668
3 9668 9676 9677
3 9668 9677 9669
3 9669 9677 9678
3 9669 9678 9670
3 9670 9678 9679
3 9670 9679 9671
3 9671 9679 9672
3 9671 9672 9664
3 9672 9680 9681
3 9672 9681 9673
3 9673 9681 9682
3 9673 9682 9674
3 9674 9682 9683
3 9674 9683 9675
3 9675 9683 9684
3 9675 9684 9676
3 9676 9684 9685
3 9676 9685 9677
3 9677 9685 9686
3 9677 9686 9678
3 9678 9686 9687
3 9678 9687 9679
3 9679 9687 9680
3 9679 9680 9672
3 9680 9688 9689
3 9680 9689 9681
3 9681 9689 9690
3 9681 9690 9682
3 9682 9690 9691
3 9682 9691 9683
3 9683 9691 9692
3 9683 9692 9684
3 9684 9692 9693
3 9684 9693 9685
3 9685 9693 9694
3 9685 9694 9686
3 9686 9694 9695
3 9686 9695 9687
3 9687 9695 9688
3 9687 9688 9680
3 9688 9696 9697
3 9688 9697 9689
3 9689 9697 9698
3 9689 9698 9690
3 9690 9698 9699
3 9690 9699 9691
3 9691 9699 9700
3 9691 9700 9692
3 9692 9700 9701
3 9692 9701 9693
3 9693 9701 9702
3 9693 9702 9694
3 9694 9702 9703
3 9694 9703 9695
3 9695 9703 9696
3 9695 9696 9688
3 9696 9704 9705
3 9696 9705 9697
3 9697 9705 9706
3 9697 9706 9698
3 9698 9706 9707
3 9698 9707 9699
3 9699 9707 9708
3 9699 9708 9700
3 9700 9708 9709
3 9700 9709 9701
3 9701 9709 9710
3 9701 9710 9702
3 9702 9710 9711
3 9702 9711 9703
3 9703 9711 9704
3 9703 9704 9696
3 9704 9712 9713
3 9704 9713 9705
3 9705 9713 9714
3 9705 9714 9706
3 9706 9714 9715
3 9706 9715 9707
3 9707 9715 9716
3 9707 9716 9708
3 9708 9716 9717
3 9708 9717 9709
3 9709 9717 9718
3 9709 9718 9710
3 9710 9718 9719
3 9710 9719 9711
3 9711 9719 9712
3 9711 9712 9704
3 9712 9720 9721
3 9712 9721 9713
3 9713 9721 9722
3 9713 9722 9714
3 9714 9722 9723
3 9714 9723 9715
3 9715 9723 9724
3 9715 9724 9716
3 9716 9724 9725
3 9716 9725 9717
3 9717 9725 9726
3 9717 9726 9718
3 9718 9726 9727
3 9718 9727 9719
3 9719 9727 9720
3 9719 9720 9712
3 9720 9728 9729
3 9720 9729 9721
3 9721 9729 9730
3 9721 9730 9722
3 9722 9730 9731
3 9722 9731 9723
3 9723 9731 9732
3 9723 9732 9724
3 9724 9732 9733
3 9724 9733 9725
3 9725 9733 9734
3 9725 9734 9726
3 9726 9734 9735
3 9726 9735 9727
3 9727 9735 9728
3 9727 9728 9720
3 9728 9736 9737
3 9728 9737 9729
3 9729 9737 9738
3 9729 9738 9730
3 9730 9738 9739
3 9730 9739 9731
3 9731 9739 9740
3 9731 9740 9732
3 9732 9740 9741
3 9732 9741 9733
3 9733 9741 9742
3 9733 9742 9734
3 9734 9742 9743
3 9734 9743 9735
3 9735 9743 9736
3 9735 9736 9728
3 9736 9744 9745
3 9736 9745 9737
3 9737 9745 9746
3 9737 9746 9738
3 9738 9746 9747
3 9738 9747 9739
3 9739 9747 9748
3 9739 9748 9740
3 9740 9748 9749
3 9740 9749 9741
3 9741 9749 9750
3 9741 9750 9742
3 9742 9750 9751
3 9742 9751 9743
3 9743 9751 9744
3 9743 9744 9736
3 9744 9752 9753
3 9744 9753 9745
3 9745 9753 9754
3 9745 9754 9746
3 9746 9754 9755
3 9746 9755 9747
3 9747 9755 9756
3 9747 9756 9748
3 9748 9756 9757
3 9748 9757 9749
3 9749 9757 9758
3 9749 9758 9750
3 9750 9758 9759
3 9750 9759 9751
3 9751 9759 9752
3 9751 9752 9744
3 9752 9760 9761
3 9752 9761 9753
3 9753 9761 9762
3 9753 9762 9754
3 9754 9762 9763
3 9754 9763 9755
3 9755 9763 9764
3 9755 9764 9756
3 9756 9764 9765
3 9756 9765 9757
3 9757 9765 9766
3 9757 9766 9758
3 9758 9766 9767
3 9758 9767 9759
3 9759 9767 9760
3 9759 9760 9752
3 9760 9768 9769
3 9760 9769 9761
3 9761 9769 9770
3 9761 9770 9762
3 9762 9770 9771
3 9762 9771 9763
3 9763 9771 9772
3 9763 9772 9764
3 9764 9772 9773
3 9764 9773 9765
3 9765 9773 9774
3 9765 9774 9766
3 9766 9774 9775
3 9766 9775 9767
3 9767 9775 9768
3 9767 9768 9760
3 9768 9776 9777
3 9768 9777 9769
3 9769 9777 9778
3 9769 9778 9770
3 9770 9778 9779
3 9770 9779 9771
3 9771 9779 9780
3 9771 9780 9772
3 9772 9780 9781
3 9772 9781 9773
3 9773 9781 9782
3 9773 9782 9774
3 9774 9782 9783
3 9774 9783 9775
3 9775 9783 9776
3 9775 9776 9768
3 9776 9784 9785
3 9776 9785 9777
3 9777 9785 9786
3 9777 9786 9778
3 9778 9786 9787
3 9778 9787 9779
3 9779 9787 9788
3 9779 9788 9780
3 9780 9788 9789
3 9780 9789 9781
3 9781 9789 9790
3 9781 9790 9782
3 9782 9790 9791
3 9782 9791 9783
3 9783 9791 9784
3 9783 9784 9776
3 9784 9792 9793
3 9784 9793 9785
3 9785 9793 9794
3 9785 9794 9786
3 9786 9794 9795
3 9786 9795 9787
3 9787 9795 9796
3 9787 9796 9788
3 9788 9796 9797
3 9788 9797 9789
3 9789 9797 9798
3 9789 9798 9790
3 9790 9798 9799
3 9790 9799 9791
3 9791 9799 9792
3 9791 9792 9784
3 9792 9800 9801
3 9792 9801 9793
3 9793 9801 9802
3 9793 9802 9794
3 9794 9802 9803
3 9794 9803 9795
3 9795 9803 9804
3 9795 9804 9796
3 9796 9804 9805
3 9796 9805 9797
3 9797 9805 9806
3 9797 9806 9798
3 9798 9806 9807
3 9798 9807 9799
3 9799 9807 9800
3 9799 9800 9792
3 9800 9808 9809
3 9800 9809 9801
3 9801 9809 9810
3 9801 9810 9802
3 9802 9810 9811
3 9802 9811 9803
3 9803 9811 9812
3 9803 9812 9804
3 9804 9812 9813
3 9804 9813 9805
3 9805 9813 9814
3 9805 9814 9806
3 9806 9814 9815
3 9806 9815 9807
3 9807 9815 9808
3 9807 9808 9800
3 9808 9816 9817
3 9808 9817 9809
3 9809 9817 9818
3 9809 9818 9810
3 9810 9818 9819
3 9810 9819 9811
3 9811 9819 9820
3 9811 9820 9812
3 9812 9820 9821
3 9812 9821 9813
3 9813 9821 9822
3 9813 9822 9814
3 9814 9822 9823
3 9814 9823 9815
3 9815 9823 9816
3 9815 9816 9808
3 9816 9824 9825
3 9816 9825 9817
3 9817 9825 9826
3 9817 9826 9818
3 9818 9826 9827
3 9818 9827 9819
3 9819 9827 9828
3 9819 9828 9820
3 9820 9828 9829
3 9820 9829 9821
3 9821 9829 9830
3 9821 9830 9822
3 9822 9830 9831
3 9822 9831 9823
3 9823 9831 9824
3 9823 9824 9816
3 9824 9832 9833
3 9824 9833 9825
3 9825 9833 9834
3 9825 9834 9826
3 9826 9834 9835
3 9826 9835 9827
3 9827 9835 9836
3 9827 9836 9828
3 9828 9836 9837
3 9828 9837 9829
3 9829 9837 9838
3 9829 9838 9830
3 9830 9838 9839
3 9830 9839 9831
3 9831 9839 9832
3 9831 9832 9824
3 9832 9840 9841
3 9832 9841 9833
3 9833 9841 9842
3 9833 9842 9834
3 9834 9842 9843
3 9834 9843 9835
3 9835 9843 9844
3 9835 9844 9836
3 9836 9844 9845
3 9836 9845 9837
3 9837 9845 9846
3 9837 9846 9838
3 9838 9846 9847
3 9838 9847 9839
3 9839 9847 9840
3 9839 9840 9832
3 9840 9848 9849
3 9840 9849 9841
3 9841 9849 9850
3 9841 9850 9842
3 9842 9850 9851
3 9842 9851 9843
3 9843 9851 9852
3 9843 9852 9844
3 9844 9852 9853
3 9844 9853 9845
3 9845 9853 9854
3 9845 9854 9846
3 9846 9854 9855
3 9846 9855 9847
3 9847 9855 9848
3 9847 9848 9840
3 9848 9856 9857
3 9848 9857 9849
3 9849 9857 9858
3 9849 9858 9850
3 9850 9858 9859
3 9850 9859 9851
3 9851 9859 9860
3 9851 9860 9852
3 9852 9860 9861
3 9852 9861 9853
3 9853 9861 9862
3 9853 9862 9854
3 9854 9862 9863
3 9854 9863 9855
3 9855 9863 9856
3 9855 9856 9848
3 9856 9864 9865
3 9856 9865 9857
3 9857 9865 9866
3 9857 9866 9858
3 9858 9866 9867
3 9858 9867 9859
3 9859 9867 9868
3 9859 9868 9860
3 9860 9868 9869
3 9860 9869 9861
3 9861 9869 9870
3 9861 9870 9862
3 9862 9870 9871
3 9862 9871 9863
3 9863 9871 9864
3 9863 9864 9856
3 9864 9872 9873
3 9864 9873 9865
3 9865 9873 9874
3 9865 9874 9866
3 9866 9874 9875
3 9866 9875 9867
3 9867 9875 9876
3 9867 9876 9868
3 9868 9876 9877
3 9868 9877 9869
3 9869 9877 9878
3 9869 9878 9870
3 9870 9878 9879
3 9870 9879 9871
3 9871 9879 9872
3 9871 9872 9864
3 9872 9880 9881
3 9872 9881 9873
3 9873 9881 9882
3 9873 9882 9874
3 9874 9882 9883
3 9874 9883 9875
3 9875 9883 9884
3 9875 9884 9876
3 9876 9884 9885
3 9876 9885 9877
3 9877 9885 9886
3 9877 9886 9878
3 9878 9886 9887
3 9878 9887 9879
3 9879 9887 9880
3 9879 9880 9872
3 9880 9888 9889
3 9880 9889 9881
3 9881 9889 9890
3 9881 9890 9882
3 9882 9890 9891
3 9882 9891 9883
3 9883 9891 9892
3 9883 9892 9884
3 9884 9892 9893
3 9884 9893 9885
3 9885 9893 9894
3 9885 9894 9886
3 9886 9894 9895
3 9886 9895 9887
3 9887 9895 9888
3 9887 9888 9880
3 9888 9896 9897
3 9888 9897 9889
3 9889 9897 9898
3 9889 9898 9890
3 9890 9898 9899
3 9890 9899 9891
3 9891 9899 9900
3 9891 9900 9892
3 9892 9900 9901
3 9892 9901 9893
3 9893 9901 9902
3 9893 9902 9894
3 9894 9902 9903
3 9894 9903 9895
3 9895 9903 9896
3 9895 9896 9888
3 9896 9904 9905
3 9896 9905 9897
3 9897 9905 9906
3 9897 9906 9898
3 9898 9906 9907
3 9898 9907 9899
3 9899 9907 9908
3 9899 9908 9900
3 9900 9908 9909
3 9900 9909 9901
3 9901 9909 9910
3 9901 9910 9902
3 9902 9910 9911
3 9902 9911 9903
3 9903 9911 9904
3 9903 9904 9896
3 9904 9912 9913
3 9904 9913 9905
3 9905 9913 9914
3 9905 9914 9906
3 9906 9914 9915
3 9906 9915 9907
3 9907 9915 9916
3 9907 9916 9908
3 9908 9916 9917
3 9908 9917 9909
3 9909 9917 9918
3 9909 9918 9910
3 9910 9918 9919
3 9910 9919 9911
3 9911 9919 9912
3 9911 9912 9904
3 9912 9920 9921
3 9912 9921 9913
3 9913 9921 9922
3 9913 9922 9914
3 9914 9922 9923
3 9914 9923 9915
3 9915 9923 9924
3 9915 9924 9916
3 9916 9924 9925
3 9916 9925 9917
3 9917 9925 9926
3 9917 9926 9918
3 9918 9926 9927
3 9918 9927 9919
3 9919 9927 9920
3 9919 9920 9912
3 9920 9928 9929
3 9920 9929 9921
3 9921 9929 9930
3 9921 9930 9922
3 9922 9930 9931
3 9922 9931 9923
3 9923 9931 9932
3 9923 9932 9924
3 9924 9932 9933
3 9924 9933 9925
3 9925 9933 9934
3 9925 9934 9926
3 9926 9934 9935
3 9926 9935 9927
3 9927 9935 9928
3 9927 9928 9920
3 9928 9936 9937
3 9928 9937 9929
3 9929 9937 9938
3 9929 9938 9930
3 9930 9938 9939
3 9930 9939 9931
3 9931 9939 9940
3 9931 9940 9932
3 9932 9940 9941
3 9932 9941 9933
3 9933 9941 9942
3 9933 9942 9934
3 9934 9942 9943
3 9934 9943 9935
3 9935 9943 9936
3 9935 9936 9928
3 9936 9944 9945
3 9936 9945 9937
3 9937 9945 9946
3 9937 9946 9938
3 9938 9946 9947
3 9938 9947 9939
3 9939 9947 9948
3 9939 9948 9940
3 9940 9948 9949
3 9940 9949 9941
3 9941 9949 9950
3 9941 9950 9942
3 9942 9950 9951
3 9942 9951 9943
3 9943 9951 9944
3 9943 9944 9936
3 9944 9952 9953
3 9944 9953 9945
3 9945 9953 9954
3 9945 9954 9946
3 9946 9954 9955
3 9946 9955 9947
3 9947 9955 9956
3 9947 9956 9948
3 9948 9956 9957
3 9948 9957 9949
3 9949 9957 9958
3 9949 9958 9950
3 9950 9958 9959
3 9950 9959 9951
3 9951 9959 9952
3 9951 9952 9944
3 9952 9960 9961
3 9952 9961 9953
3 9953 9961 9962
3 9953 9962 9954
3 9954 9962 9963
3 9954 9963 9955
3 9955 9963 9964
3 9955 9964 9956
3 9956 9964 9965
3 9956 9965 9957
3 9957 9965 9966
3 9957 9966 9958
3 9958 9966 9967
3 9958 9967 9959
3 9959 9967 9960
3 9959 9960 9952
3 9960 9968 9969
3 9960 9969 9961
3 9961 9969 9970
3 9961 9970 9962
3 9962 9970 9971
3 9962 9971 9963
3 9963 9971 9972
3 9963 9972 9964
3 9964 9972 9973
3 9964 9973 9965
3 9965 9973 9974
3 9965 9974 9966
3 9966 9974 9975
3 9966 9975 9967
3 9967 9975 9968
3 9967 9968 9960
3 9968 9976 9977
3 9968 9977 9969
3 9969 9977 9978
3 9969 9978 9970
3 9970 9978 9979
3 9970 9979 9971
3 9971 9979 9980
3 9971 9980 9972
3 9972 9980 9981
3 9972 9981 9973
3 9973 9981 9982
3 9973 9982 9974
3 9974 9982 9983
3 9974 9983 9975
3 9975 9983 9976
3 9975 9976 9968
3 9976 9984 9985
3 9976 9985 9977
3 9977 9985 9986
3 9977 9986 9978
3 9978 9986 9987
3 9978 9987 9979
3 9979 9987 9988
3 9979 9988 9980
3 9980 9988 9989
3 9980 9989 9981
3 9981 9989 9990
3 9981 9990 9982
3 9982 9990 9991
3 9982 9991 9983
3 9983 9991 9984
3 9983 9984 9976
3 9984 9992 9993
3 9984 9993 9985
3 9985 9993 9994
3 9985 9994 9986
3 9986 9994 9995
3 9986 9995 9987
3 9987 9995 9996
3 9987 9996 9988
3 9988 9996 9997
3 9988 9997 9989
3 9989 9997 9998
3 9989 9998 9990
3 9990 9998 9999
3 9990 9999 9991
3 9991 9999 9992
3 9991 9992 9984
3 9992 10000 10001
3 9992 10001 9993
3 9993 10001 10002
3 9993 10002 9994
3 9994 10002 10003
3 9994 10003 9995
3 9995 10003 10004
3 9995 10004 9996
3 9996 10004 10005
3 9996 10005 9997
3 9997 10005 10006
3 9997 10006 9998
3 9998 10006 10007
3 9998 10007 9999
3 9999 10007 10000
3 9999 10000 9992
3 10000 10008 10009
3 10000 10009 10001
3 10001 10009 10010
3 10001 10010 10002
3 10002 10010 10011
3 10002 10011 10003
3 10003 10011 10012
3 10003 10012 10004
3 10004 10012 10013
3 10004 10013 10005
3 10005 10013 10014
3 10005 10014 10006
3 10006 10014 10015
3 10006 10015 10007
3 10007 10015 10008
3 10007 10008 10000
3 10008 10016 10017
3 10008 10017 10009
3 10009 10017 10018
3 10009 10018 10010
3 10010 10018 10019
3 10010 10019 10011
3 10011 10019 10020
3 10011 10020 10012
3 10012 10020 10021
3 10012 10021 10013
3 10013 10021 10022
3 10013 10022 10014
3 10014 10022 10023
3 10014 10023 10015
3 10015 10023 10016
3 10015 10016 10008
3 10016 10024 10025
3 10016 10025 10017
3 10017 10025 10026
3 10017 10026 10018
3 10018 10026 10027
3 10018 10027 10019
3 10019 10027 10028
3 10019 10028 10020
3 10020 10028 10029
3 10020 10029 10021
3 10021 10029 10030
3 10021 10030 10022
3 10022 10030 10031
3 10022 10031 10023
3 10023 10031 10024
3 10023 10024 10016
3 10024 10032 10033
3 10024 10033 10025
3 10025 10033 10034
3 10025 10034 10026
3 10026 10034 10035
3 10026 10035 10027
3 10027 10035 10036
3 10027 10036 10028
3 10028 10036 10037
3 10028 10037 10029
3 10029 10037 10038
3 10029 10038 10030
3 10030 10038 10039
3 10030 10039 10031
3 10031 10039 10032
3 10031 10032 10024
3 10032 10040 10041
3 10032 10041 10033
3 10033 10041 10042
3 10033 10042 10034
3 10034 10042 10043
3 10034 10043 10035
3 10035 10043 10044
3 10035 10044 10036
3 10036 10044 10045
3 10036 10045 10037
3 10037 10045 10046
3 10037 10046 10038
3 10038 10046 10047
3 10038 10047 10039
3 10039 10047 10040
3 10039 10040 10032
3 10040 10048 10049
3 10040 10049 10041
3 10041 10049 10050
3 10041 10050 10042
3 10042 10050 10051
3 10042 10051 10043
3 10043 10051 10052
3 10043 10052 10044
3 10044 10052 10053
3 10044 10053 10045
3 10045 10053 10054
3 10045 10054 10046
3 10046 10054 10055
3 10046 10055 10047
3 10047 10055 10048
3 10047 10048 10040
3 10048 10056 10057
3 10048 10057 10049
3 10049 10057 10058
3 10049 10058 10050
3 10050 10058 10059
3 10050 10059 10051
3 10051 10059 10060
3 10051 10060 10052
3 10052 10060 10061
3 10052 10061 10053
3 10053 10061 10062
3 10053 10062 10054
3 10054 10062 10063
3 10054 10063 10055
3 10055 10063 10056
3 10055 10056 10048
3 10056 10064 10065
3 10056 10065 10057
3 10057 10065 10066
3 10057 10066 10058
3 10058 10066 10067
3 10058 10067 10059
3 10059 10067 10068
3 10059 10068 10060
3 10060 10068 10069
3 10060 10069 10061
3 10061 10069 10070
3 10061 10070 10062
3 10062 10070 10071
3 10062 10071 10063
3 10063 10071 10064
3 10063 10064 10056
3 10064 10072 10073
3 10064 10073 10065
3 10065 10073 10074
3 10065 10074 10066
3 10066 10074 10075
3 10066 10075 10067
3 10067 10075 10076
3 10067 10076 10068
3 10068 10076 10077
3 10068 10077 10069
3 10069 10077 10078
3 10069 10078 10070
3 10070 10078 10079
3 10070 10079 10071
3 10071 10079 10072
3 10071 10072 10064
3 10072 10080 10081
3 10072 10081 10073
3 10073 10081 10082
3 10073 10082 10074
3 10074 10082 10083
3 10074 10083 10075
3 10075 10083 10084
3 10075 10084 10076
3 10076 10084 10085
3 10076 10085 10077
3 10077 10085 10086
3 10077 10086 10078
3 10078 10086 10087
3 10078 10087 10079
3 10079 10087 10080
3 10079 10080 10072
3 10080 10088 10089
3 10080 10089 10081
3 10081 10089 10090
3 10081 10090 10082
3 10082 10090 10091
3 10082 10091 10083
3 10083 10091 10092
3 10083 10092 10084
3 10084 10092 10093
3 10084 10093 10085
3 10085 10093 10094
3 10085 10094 10086
3 10086 10094 10095
3 10086 10095 10087
3 10087 10095 10088
3 10087 10088 10080
3 10088 10096 10097
3 10088 10097 10089
3 10089 10097 10098
3 10089 10098 10090
3 10090 10098 10099
3 10090 10099 10091
3 10091 10099 10100
3 10091 10100 10092
3 10092 10100 10101
3 10092 10101 10093
3 10093 10101 10102
3 10093 10102 10094
3 10094 10102 10103
3 10094 10103 10095
3 10095 10103 10096
3 10095 10096 10088
3 10096 10104 10105
3 10096 10105 10097
3 10097 10105 10106
3 10097 10106 10098
3 10098 10106 10107
3 10098 10107 10099
3 10099 10107 10108
3 10099 10108 10100
3 10100 10108 10109
3 10100 10109 10101
3 10101 10109 10110
3 10101 10110 10102
3 10102 10110 10111
3 10102 10111 10103
3 10103 10111 10104
3 10103 10104 10096
3 10104 10112 10113
3 10104 10113 10105
3 10105 10113 10114
3 10105 10114 10106
3 10106 10114 10115
3 10106 10115 10107
3 10107 10115 10116
3 10107 10116 10108
3 10108 10116 10117
3 10108 10117 10109
3 10109 10117 10118
3 10109 10118 10110
3 10110 10118 10119
3 10110 10119 10111
3 10111 10119 10112
3 10111 10112 10104
3 10112 10120 10121
3 10112 10121 10113
3 10113 10121 10122
3 10113 10122 10114
3 10114 10122 10123
3 10114 10123 10115
3 10115 10123 10124
3 10115 10124 10116
3 10116 10124 10125
3 10116 10125 10117
3 10117 10125 10126
3 10117 10126 10118
3 10118 10126 10127
3 10118 10127 10119
3 10119 10127 10120
3 10119 10120 10112
3 10120 10128 10129
3 10120 10129 10121
3 10121 10129 10130
3 10121 10130 10122
3 10122 10130 10131
3 10122 10131 10123
3 10123 10131 10132
3 10123 10132 10124
3 10124 10132 10133
3 10124 10133 10125
3 10125 10133 10134
3 10125 10134 10126
3 10126 10134 10135
3 10126 10135 10127
3 10127 10135 10128
3 10127 10128 10120
3 10128 10136 10137
3 10128 10137 10129
3 10129 10137 10138
3 10129 10138 10130
3 10130 10138 10139
3 10130 10139 10131
3 10131 10139 10140
3 10131 10140 10132
3 10132 10140 10141
3 10132 10141 10133
3 10133 10141 10142
3 10133 10142 10134
3 10134 10142 10143
3 10134 10143 10135
3 10135 10143 10136
3 10135 10136 10128
3 10136 10144 10145
3 10136 10145 10137
3 10137 10145 10146
3 10137 10146 10138
3 10138 10146 10147
3 10138 10147 10139
3 10139 10147 10148
3 10139 10148 10140
3 10140 10148 10149
3 10140 10149 10141
3 10141 10149 10150
3 10141 10150 10142
3 10142 10150 10151
3 10142 10151 10143
3 10143 10151 10144
3 10143 10144 10136
3 10144 10152 10153
3 10144 10153 10145
3 10145 10153 10154
3 10145 10154 10146
3 10146 10154 10155
3 10146 10155 10147
3 10147 10155 10156
3 10147 10156 10148
3 10148 10156 10157
3 10148 10157 10149
3 10149 10157 10158
3 10149 10158 10150
3 10150 10158 10159
3 10150 10159 10151
3 10151 10159 10152
3 10151 10152 10144
3 10152 10160 10161
3 10152 10161 10153
3 10153 10161 10162
3 10153 10162 10154
3 10154 10162 10163
3 10154 10163 10155
3 10155 10163 10164
3 10155 10164 10156
3 10156 10164 10165
3 10156 10165 10157
3 10157 10165 10166
3 10157 10166 10158
3 10158 10166 10167
3 10158 10167 10159
3 10159 10167 10160
3 10159 10160 10152
3 10160 10168 10169
3 10160 10169 10161
3 10161 10169 10170
3 10161 10170 10162
3 10162 10170 10171
3 10162 10171 10163
3 10163 10171 10172
3 10163 10172 10164
3 10164 10172 10173
3 10164 10173 10165
3 10165 10173 10174
3 10165 10174 10166
3 10166 10174 10175
3 10166 10175 10167
3 10167 10175 10168
3 10167 10168 10160
3 10168 10176 10177
3 10168 10177 10169
3 10169 10177 10178
3 10169 10178 10170
3 10170 10178 10179
3 10170 10179 10171
3 10171 10179 10180
3 10171 10180 10172
3 10172 10180 10181
3 10172 10181 10173
3 10173 10181 10182
3 10173 10182 10174
3 10174 10182 10183
3 10174 10183 10175
3 10175 10183 10176
3 10175 10176 10168
3 10176 10184 10185
3 10176 10185 10177
3 10177 10185 10186
3 10177 10186 10178
3 10178 10186 10187
3 10178 10187 10179
3 10179 10187 10188
3 10179 10188 10180
3 10180 10188 10189
3 10180 10189 10181
3 10181 10189 10190
3 10181 10190 10182
3 10182 10190 10191
3 10182 10191 10183
3 10183 10191 10184
3 10183 10184 10176
3 10184 10192 10193
3 10184 10193 10185
3 10185 10193 10194
3 10185 10194 10186
3 10186 10194 10195
3 10186 10195 10187
3 10187 10195 10196
3 10187 10196 10188
3 10188 10196 10197
3 10188 10197 10189
3 10189 10197 10198
3 10189 10198 10190
3 10190 10198 10199
3 10190 10199 10191
3 10191 10199 10192
3 10191 10192 10184
3 10192 10200 10201
3 10192 10201 10193
3 10193 10201 10202
3 10193 10202 10194
3 10194 10202 10203
3 10194 10203 10195
3 10195 10203 10204
3 10195 10204 10196
3 10196 10204 10205
3 10196 10205 10197
3 10197 10205 10206
3 10197 10206 10198
3 10198 10206 10207
3 10198 10207 10199
3 10199 10207 10200
3 10199 10200 10192
3 10200 10208 10209
3 10200 10209 10201
3 10201 10209 10210
3 10201 10210 10202
3 10202 10210 10211
3 10202 10211 10203
3 10203 10211 10212
3 10203 10212 10204
3 10204 10212 10213
3 10204 10213 10205
3 10205 10213 10214
3 10205 10214 10206
3 10206 10214 10215
3 10206 10215 10207
3 10207 10215 10208
3 10207 10208 10200
3 10208 10216 10217
3 10208 10217 10209
3 10209 10217 10218
3 10209 10218 10210
3 10210 10218 10219
3 10210 10219 10211
3 10211 10219 10220
3 10211 10220 10212
3 10212 10220 10221
3 10212 10221 10213
3 10213 10221 10222
3 10213 10222 10214
3 10214 10222 10223
3 10214 10223 10215
3 10215 10223 10216
3 10215 10216 10208
3 10216 10224 10225
3 10216 10225 10217
3 10217 10225 10226
3 10217 10226 10218
3 10218 10226 10227
3 10218 10227 10219
3 10219 10227 10228
3 10219 10228 10220
3 10220 10228 10229
3 10220 10229 10221
3 10221 10229 10230
3 10221 10230 10222
3 10222 10230 10231
3 10222 10231 10223
3 10223 10231 10224
3 10223 10224 10216
3 10224 10232 10233
3 10224 10233 10225
3 10225 10233 10234
3 10225 10234 10226
3 10226 10234 10235
3 10226 10235 10227
3 10227 10235 10236
3 10227 10236 10228
3 10228 10236 10237
3 10228 10237 10229
3 10229 10237 10238
3 10229 10238 10230
3 10230 10238 10239
3 10230 10239 10231
3 10231 10239 10232
3 10231 10232 10224
3 10232 10240 10241
3 10232 10241 10233
3 10233 10241 10242
3 10233 10242 10234
3 10234 10242 10243
3 10234 10243 10235
3 10235 10243 10244
3 10235 10244 10236
3 10236 10244 10245
3 10236 10245 10237
3 10237 10245 10246
3 10237 10246 10238
3 10238 10246 10247
3 10238 10247 10239
3 10239 10247 10240
3 10239 10240 10232
3 10240 10248 10249
3 10240 10249 10241
3 10241 10249 10250
3 10241 10250 10242
3 10242 10250 10251
3 10242 10251 10243
3 10243 10251 10252
3 10243 10252 10244
3 10244 10252 10253
3 10244 10253 10245
3 10245 10253 10254
3 10245 10254 10246
3 10246 10254 10255
3 10246 10255 10247
3 10247 10255 10248
3 10247 10248 10240
3 10248 10256 10257
3 10248 10257 10249
3 10249 10257 10258
3 10249 10258 10250
3 10250 10258 10259
3 10250 10259 10251
3 10251 10259 10260
3 10251 10260 10252
3 10252 10260 10261
3 10252 10261 10253
3 10253 10261 10262
3 10253 10262 10254
3 10254 10262 10263
3 10254 10263 10255
3 10255 10263 10256
3 10255 10256 10248
3 10256 10264 10265
3 10256 10265 10257
3 10257 10265 10266
3 10257 10266 10258
3 10258 10266 10267
3 10258 10267 10259
3 10259 10267 10268
3 10259 10268 10260
3 10260 10268 10269
3 10260 10269 10261
3 10261 10269 10270
3 10261 10270 10262
3 10262 10270 10271
3 10262 10271 10263
3 10263 10271 10264
3 10263 10264 10256
3 10264 10272 10273
3 10264 10273 10265
3 10265 10273 10274
3 10265 10274 10266
3 10266 10274 10275
3 10266 10275 10267
3 10267 10275 10276
3 10267 10276 10268
3 10268 10276 10277
3 10268 10277 10269
3 10269 10277 10278
3 10269 10278 10270
3 10270 10278 10279
3 10270 10279 10271
3 10271 10279 10272
3 10271 10272 10264
3 10272 10280 10281
3 10272 10281 10273
3 10273 10281 10282
3 10273 10282 10274
3 10274 10282 10283
3 10274 10283 10275
3 10275 10283 10284
3 10275 10284 10276
3 10276 10284 10285
3 10276 10285 10277
3 10277 10285 10286
3 10277 10286 10278
3 10278 10286 10287
3 10278 10287 10279
3 10279 10287 10280
3 10279 10280 10272
3 10280 10288 10289
3 10280 10289 10281
3 10281 10289 10290
3 10281 10290 10282
3 10282 10290 10291
3 10282 10291 10283
3 10283 10291 10292
3 10283 10292 10284
3 10284 10292 10293
3 10284 10293 10285
3 10285 10293 10294
3 10285 10294 10286
3 10286 10294 10295
3 10286 10295 10287
3 10287 10295 10288
3 10287 10288 10280
3 10288 10296 10297
3 10288 10297 10289
3 10289 10297 10298
3 10289 10298 10290
3 10290 10298 10299
3 10290 10299 10291
3 10291 10299 10300
3 10291 10300 10292
3 10292 10300 10301
3 10292 10301 10293
3 10293 10301 10302
3 10293 10302 10294
3 10294 10302 10303
3 10294 10303 10295
3 10295 10303 10296
3 10295 10296 10288
3 10296 10304 10305
3 10296 10305 10297
3 10297 10305 10306
3 10297 10306 10298
3 10298 10306 10307
3 10298 10307 10299
3 10299 10307 10308
3 10299 10308 10300
3 10300 10308 10309
3 10300 10309 10301
3 10301 10309 10310
3 10301 10310 10302
3 10302 10310 10311
3 10302 10311 10303
3 10303 10311 10304
3 10303 10304 10296
3 10304 10312 10313
3 10304 10313 10305
3 10305 10313 10314
3 10305 10314 10306
3 10306 10314 10315
3 10306 10315 10307
3 10307 10315 10316
3 10307 10316 10308
3 10308 10316 10317
3 10308 10317 10309
3 10309 10317 10318
3 10309 10318 10310
3 10310 10318 10319
3 10310 10319 10311
3 10311 10319 10312
3 10311 10312 10304
3 10312 10320 10321
3 10312 10321 10313
3 10313 10321 10322
3 10313 10322 10314
3 10314 10322 10323
3 10314 10323 10315
3 10315 10323 10324
3 10315 10324 10316
3 10316 10324 10325
3 10316 10325 10317
3 10317 10325 10326
3 10317 10326 10318
3 10318 10326 10327
3 10318 10327 10319
3 10319 10327 10320
3 10319 10320 10312
3 10320 10328 10329
3 10320 10329 10321
3 10321 10329 10330
3 10321 10330 10322
3 10322 10330 10331
3 10322 10331 10323
3 10323 10331 10332
3 10323 10332 10324
3 10324 10332 10333
3 10324 10333 10325
3 10325 10333 10334
3 10325 10334 10326
3 10326 10334 10335
3 10326 10335 10327
3 10327 10335 10328
3 10327 10328 10320
3 10328 10336 10337
3 10328 10337 10329
3 10329 10337 10338
3 10329 10338 10330
3 10330 10338 10339
3 10330 10339 10331
3 10331 10339 10340
3 10331 10340 10332
3 10332 10340 10341
3 10332 10341 10333
3 10333 10341 10342
3 10333 10342 10334
3 10334 10342 10343
3 10334 10343 10335
3 10335 10343 10336
3 10335 10336 10328
3 10336 10344 10345
3 10336 10345 10337
3 10337 10345 10346
3 10337 10346 10338
3 10338 10346 10347
3 10338 10347 10339
3 10339 10347 10348
3 10339 10348 10340
3 10340 10348 10349
3 10340 10349 10341
3 10341 10349 10350
3 10341 10350 10342
3 10342 10350 10351
3 10342 10351 10343
3 10343 10351 10344
3 10343 10344 10336
3 10344 10352 10353
3 10344 10353 10345
3 10345 10353 10354
3 10345 10354 10346
3 10346 10354 10355
3 10346 10355 10347
3 10347 10355 10356
3 10347 10356 10348
3 10348 10356 10357
3 10348 10357 10349
3 10349 10357 10358
3 10349 10358 10350
3 10350 10358 10359
3 10350 10359 10351
3 10351 10359 10352
3 10351 10352 10344
3 10352 10360 10361
3 10352 10361 10353
3 10353 10361 10362
3 10353 10362 10354
3 10354 10362 10363
3 10354 10363 10355
3 10355 10363 10364
3 10355 10364 10356
3 10356 10364 10365
3 10356 10365 10357
3 10357 10365 10366
3 10357 10366 10358
3 10358 10366 10367
3 10358 10367 10359
3 10359 10367 10360
3 10359 10360 10352
3 10360 10368 10369
3 10360 10369 10361
3 10361 10369 10370
3 10361 10370 10362
3 10362 10370 10371
3 10362 10371 10363
3 10363 10371 10372
3 10363 10372 10364
3 10364 10372 10373
3 10364 10373 10365
3 10365 10373 10374
3 10365 10374 10366
3 10366 10374 10375
3 10366 10375 10367
3 10367 10375 10368
3 10367 10368 10360
3 10368 10376 10377
3 10368 10377 10369
3 10369 10377 10378
3 10369 10378 10370
3 10370 10378 10379
3 10370 10379 10371
3 10371 10379 10380
3 10371 10380 10372
3 10372 10380 10381
3 10372 10381 10373
3 10373 10381 10382
3 10373 10382 10374
3 10374 10382 10383
3 10374 10383 10375
3 10375 10383 10376
3 10375 10376 10368
3 10376 10384 10385
3 10376 10385 10377
3 10377 10385 10386
3 10377 10386 10378
3 10378 10386 10387
3 10378 10387 10379
3 10379 10387 10388
3 10379 10388 10380
3 10380 10388 10389
3 10380 10389 10381
3 10381 10389 10390
3 10381 10390 10382
3 10382 10390 10391
3 10382 10391 10383
3 10383 10391 10384
3 10383 10384 10376
3 10384 10392 10393
3 10384 10393 10385
3 10385 10393 10394
3 10385 10394 10386
3 10386 10394 10395
3 10386 10395 10387
3 10387 10395 10396
3 10387 10396 10388
3 10388 10396 10397
3 10388 10397 10389
3 10389 10397 10398
3 10389 10398 10390
3 10390 10398 10399
3 10390 10399 10391
3 10391 10399 10392
3 10391 10392 10384
3 10392 10400 10401
3 10392 10401 10393
3 10393 10401 10402
3 10393 10402 10394
3 10394 10402 10403
3 10394 10403 10395
3 10395 10403 10404
3 10395 10404 10396
3 10396 10404 10405
3 10396 10405 10397
3 10397 10405 10406
3 10397 10406 10398
3 10398 10406 10407
3 10398 10407 10399
3 10399 10407 10400
3 10399 10400 10392
3 10400 10408 10409
3 10400 10409 10401
3 10401 10409 10410
3 10401 10410 10402
3 10402 10410 10411
3 10402 10411 10403
3 10403 10411 10412
3 10403 10412 10404
3 10404 10412 10413
3 10404 10413 10405
3 10405 10413 10414
3 10405 10414 10406
3 10406 10414 10415
3 10406 10415 10407
3 10407 10415 10408
3 10407 10408 10400
3 10408 10416 10417
3 10408 10417 10409
3 10409 10417 10418
3 10409 10418 10410
3 10410 10418 10419
3 10410 10419 10411
3 10411 10419 10420
3 10411 10420 10412
3 10412 10420 10421
3 10412 10421 10413
3 10413 10421 10422
3 10413 10422 10414
3 10414 10422 10423
3 10414 10423 10415
3 10415 10423 10416
3 10415 10416 10408
3 10416 10424 10425
3 10416 10425 10417
3 10417 10425 10426
3 10417 10426 10418
3 10418 10426 10427
3 10418 10427 10419
3 10419 10427 10428
3 10419 10428 10420
3 10420 10428 10429
3 10420 10429 10421
3 10421 10429 10430
3 10421 10430 10422
3 10422 10430 10431
3 10422 10431 10423
3 10423 10431 10424
3 10423 10424 10416
3 10424 10432 10433
3 10424 10433 10425
3 10425 10433 10434
3 10425 10434 10426
3 10426 10434 10435
3 10426 10435 10427
3 10427 10435 10436
3 10427 10436 10428
3 10428 10436 10437
3 10428 10437 10429
3 10429 10437 10438
3 10429 10438 10430
3 10430 10438 10439
3 10430 10439 10431
3 10431 10439 10432
3 10431 10432 10424
3 10432 10440 10441
3 10432 10441 10433
3 10433 10441 10442
3 10433 10442 10434
3 10434 10442 10443
3 10434 10443 10435
3 10435 10443 10444
3 10435 10444 10436
3 10436 10444 10445
3 10436 10445 10437
3 10437 10445 10446
3 10437 10446 10438
3 10438 10446 10447
3 10438 10447 10439
3 10439 10447 10440
3 10439 10440 10432
3 10440 10448 10449
3 10440 10449 10441
3 10441 10449 10450
3 10441 10450 10442
3 10442 10450 10451
3 10442 10451 10443
3 10443 10451 10452
3 10443 10452 10444
3 10444 10452 10453
3 10444 10453 10445
3 10445 10453 10454
3 10445 10454 10446
3 10446 10454 10455
3 10446 10455 10447
3 10447 10455 10448
3 10447 10448 10440
3 10448 10456 10457
3 10448 10457 10449
3 10449 10457 10458
3 10449 10458 10450
3 10450 10458 10459
3 10450 10459 10451
3 10451 10459 10460
3 10451 10460 10452
3 10452 10460 10461
3 10452 10461 10453
3 10453 10461 10462
3 10453 10462 10454
3 10454 10462 10463
3 10454 10463 10455
3 10455 10463 10456
3 10455 10456 10448
3 10456 10464 10465
3 10456 10465 10457
3 10457 10465 10466
3 10457 10466 10458
3 10458 10466 10467
3 10458 10467 10459
3 10459 10467 10468
3 10459 10468 10460
3 10460 10468 10469
3 10460 10469 10461
3 10461 10469 10470
3 10461 10470 10462
3 10462 10470 10471
3 10462 10471 10463
3 10463 10471 10464
3 10463 10464 10456
3 10464 10472 10473
3 10464 10473 10465
3 10465 10473 10474
3 10465 10474 10466
3 10466 10474 10475
3 10466 10475 10467
3 10467 10475 10476
3 10467 10476 10468
3 10468 10476 10477
3 10468 10477 10469
3 10469 10477 10478
3 10469 10478 10470
3 10470 10478 10479
3 10470 10479 10471
3 10471 10479 10472
3 10471 10472 10464
3 10472 10480 10481
3 10472 10481 10473
3 10473 10481 10482
3 10473 10482 10474
3 10474 10482 10483
3 10474 10483 10475
3 10475 10483 10484
3 10475 10484 10476
3 10476 10484 10485
3 10476 10485 10477
3 10477 10485 10486
3 10477 10486 10478
3 10478 10486 10487
3 10478 10487 10479
3 10479 10487 10480
3 10479 10480 10472
3 10480 10488 10489
3 10480 10489 10481
3 10481 10489 10490
3 10481 10490 10482
3 10482 10490 10491
3 10482 10491 10483
3 10483 10491 10492
3 10483 10492 10484
3 10484 10492 10493
3 10484 10493 10485
3 10485 10493 10494
3 10485 10494 10486
3 10486 10494 10495
3 10486 10495 10487
3 10487 10495 10488
3 10487 10488 10480
3 10488 10496 10497
3 10488 10497 10489
3 10489 10497 10498
3 10489 10498 10490
3 10490 10498 10499
3 10490 10499 10491
3 10491 10499 10500
3 10491 10500 10492
3 10492 10500 10501
3 10492 10501 10493
3 10493 10501 10502
3 10493 10502 10494
3 10494 10502 10503
3 10494 10503 10495
3 10495 10503 10496
3 10495 10496 10488
3 10496 10504 10505
3 10496 10505 10497
3 10497 10505 10506
3 10497 10506 10498
3 10498 10506 10507
3 10498 10507 10499
3 10499 10507 10508
3 10499 10508 10500
3 10500 10508 10509
3 10500 10509 10501
3 10501 10509 10510
3 10501 10510 10502
3 10502 10510 10511
3 10502 10511 10503
3 10503 10511 10504
3 10503 10504 10496
3 10504 10512 10513
3 10504 10513 10505
3 10505 10513 10514
3 10505 10514 10506
3 10506 10514 10515
3 10506 10515 10507
3 10507 10515 10516
3 10507 10516 10508
3 10508 10516 10517
3 10508 10517 10509
3 10509 10517 10518
3 10509 10518 10510
3 10510 10518 10519
3 10510 10519 10511
3 10511 10519 10512
3 10511 10512 10504
3 10512 10520 10521
3 10512 10521 10513
3 10513 10521 10522
3 10513 10522 10514
3 10514 10522 10523
3 10514 10523 10515
3 10515 10523 10524
3 10515 10524 10516
3 10516 10524 10525
3 10516 10525 10517
3 10517 10525 10526
3 10517 10526 10518
3 10518 10526 10527
3 10518 10527 10519
3 10519 10527 10520
3 10519 10520 10512
3 10520 10528 10529
3 10520 10529 10521
3 10521 10529 10530
3 10521 10530 10522
3 10522 10530 10531
3 10522 10531 10523
3 10523 10531 10532
3 10523 10532 10524
3 10524 10532 10533
3 10524 10533 10525
3 10525 10533 10534
3 10525 10534 10526
3 10526 10534 10535
3 10526 10535 10527
3 10527 10535 10528
3 10527 10528 10520
3 10528 10536 10537
3 10528 10537 10529
3 10529 10537 10538
3 10529 10538 10530
3 10530 10538 10539
3 10530 10539 10531
3 10531 10539 10540
3 10531 10540 10532
3 10532 10540 10541
3 10532 10541 10533
3 10533 10541 10542
3 10533 10542 10534
3 10534 10542 10543
3 10534 10543 10535
3 10535 10543 10536
3 10535 10536 10528
3 10536 10544 10545
3 10536 10545 10537
3 10537 10545 10546
3 10537 10546 10538
3 10538 10546 10547
3 10538 10547 10539
3 10539 10547 10548
3 10539 10548 10540
3 10540 10548 10549
3 10540 10549 10541
3 10541 10549 10550
3 10541 10550 10542
3 10542 10550 10551
3 10542 10551 10543
3 10543 10551 10544
3 10543 10544 10536
3 10544 10552 10553
3 10544 10553 10545
3 10545 10553 10554
3 10545 10554 10546
3 10546 10554 10555
3 10546 10555 10547
3 10547 10555 10556
3 10547 10556 10548
3 10548 10556 10557
3 10548 10557 10549
3 10549 10557 10558
3 10549 10558 10550
3 10550 10558 10559
3 10550 10559 10551
3 10551 10559 10552
3 10551 10552 10544
3 10552 10560 10561
3 10552 10561 10553
3 10553 10561 10562
3 10553 10562 10554
3 10554 10562 10563
3 10554 10563 10555
3 10555 10563 10564
3 10555 10564 10556
3 10556 10564 10565
3 10556 10565 10557
3 10557 10565 10566
3 10557 10566 10558
3 10558 10566 10567
3 10558 10567 10559
3 10559 10567 10560
3 10559 10560 10552
3 10560 10568 10569
3 10560 10569 10561
3 10561 10569 10570
3 10561 10570 10562
3 10562 10570 10571
3 10562 10571 10563
3 10563 10571 10572
3 10563 10572 10564
3 10564 10572 10573
3 10564 10573 10565
3 10565 10573 10574
3 10565 10574 10566
3 10566 10574 10575
3 10566 10575 10567
3 10567 10575 10568
3 10567 10568 10560
3 10568 10576 10577
3 10568 10577 10569
3 10569 10577 10578
3 10569 10578 10570
3 10570 10578 10579
3 10570 10579 10571
3 10571 10579 10580
3 10571 10580 10572
3 10572 10580 10581
3 10572 10581 10573
3 10573 10581 10582
3 10573 10582 10574
3 10574 10582 10583
3 10574 10583 10575
3 10575 10583 10576
3 10575 10576 10568
3 10576 10584 10585
3 10576 10585 10577
3 10577 10585 10586
3 10577 10586 10578
3 10578 10586 10587
3 10578 10587 10579
3 10579 10587 10588
3 10579 10588 10580
3 10580 10588 10589
3 10580 10589 10581
3 10581 10589 10590
3 10581 10590 10582
3 10582 10590 10591
3 10582 10591 10583
3 10583 10591 10584
3 10583 10584 10576
3 10584 10592 10593
3 10584 10593 10585
3 10585 10593 10594
3 10585 10594 10586
3 10586 10594 10595
3 10586 10595 10587
3 10587 10595 10596
3 10587 10596 10588
3 10588 10596 10597
3 10588 10597 10589
3 10589 10597 10598
3 10589 10598 10590
3 10590 10598 10599
3 10590 10599 10591
3 10591 10599 10592
3 10591 10592 10584
3 10592 10600 10601
3 10592 10601 10593
3 10593 10601 10602
3 10593 10602 10594
3 10594 10602 10603
3 10594 10603 10595
3 10595 10603 10604
3 10595 10604 10596
3 10596 10604 10605
3 10596 10605 10597
3 10597 10605 10606
3 10597 10606 10598
3 10598 10606 10607
3 10598 10607 10599
3 10599 10607 10600
3 10599 10600 10592
3 10600 10608 10609
3 10600 10609 10601
3 10601 10609 10610
3 10601 10610 10602
3 10602 10610 10611
3 10602 10611 10603
3 10603 10611 10612
3 10603 10612 10604
3 10604 10612 10613
3 10604 10613 10605
3 10605 10613 10614
3 10605 10614 10606
3 10606 10614 10615
3 10606 10615 10607
3 10607 10615 10608
3 10607 10608 10600
3 10608 10616 10617
3 10608 10617 10609
3 10609 10617 10618
3 10609 10618 10610
3 10610 10618 10619
3 10610 10619 10611
3 10611 10619 10620
3 10611 10620 10612
3 10612 10620 10621
3 10612 10621 10613
3 10613 10621 10622
3 10613 10622 10614
3 10614 10622 10623
3 10614 10623 10615
3 10615 10623 10616
3 10615 10616 10608
3 10616 10624 10625
3 10616 10625 10617
3 10617 10625 10626
3 10617 10626 10618
3 10618 10626 10627
3 10618 10627 10619
3 10619 10627 10628
3 10619 10628 10620
3 10620 10628 10629
3 10620 10629 10621
3 10621 10629 10630
3 10621 10630 10622
3 10622 10630 10631
3 10622 10631 10623
3 10623 10631 10624
3 10623 10624 10616
3 10624 10632 10633
3 10624 10633 10625
3 10625 10633 10634
3 10625 10634 10626
3 10626 10634 10635
3 10626 10635 10627
3 10627 10635 10636
3 10627 10636 10628
3 10628 10636 10637
3 10628 10637 10629
3 10629 10637 10638
3 10629 10638 10630
3 10630 10638 10639
3 10630 10639 10631
3 10631 10639 10632
3 10631 10632 10624
3 10632 10640 10641
3 10632 10641 10633
3 10633 10641 10642
3 10633 10642 10634
3 10634 10642 10643
3 10634 10643 10635
3 10635 10643 10644
3 10635 10644 10636
3 10636 10644 10645
3 10636 10645 10637
3 10637 10645 10646
3 10637 10646 10638
3 10638 10646 10647
3 10638 10647 10639
3 10639 10647 10640
3 10639 10640 10632
3 10640 10648 10649
3 10640 10649 10641
3 10641 10649 10650
3 10641 10650 10642
3 10642 10650 10651
3 10642 10651 10643
3 10643 10651 10652
3 10643 10652 10644
3 10644 10652 10653
3 10644 10653 10645
3 10645 10653 10654
3 10645 10654 10646
3 10646 10654 10655
3 10646 10655 10647
3 10647 10655 10648
3 10647 10648 10640
3 10648 10656 10657
3 10648 10657 10649
3 10649 10657 10658
3 10649 10658 10650
3 10650 10658 10659
3 10650 10659 10651
3 10651 10659 10660
3 10651 10660 10652
3 10652 10660 10661
3 10652 10661 10653
3 10653 10661 10662
3 10653 10662 10654
3 10654 10662 10663
3 10654 10663 10655
3 10655 10663 10656
3 10655 10656 10648
3 10656 10664 10665
3 10656 10665 10657
3 10657 10665 10666
3 10657 10666 10658
3 10658 10666 10667
3 10658 10667 10659
3 10659 10667 10668
3 10659 10668 10660
3 10660 10668 10669
3 10660 10669 10661
3 10661 10669 10670
3 10661 10670 10662
3 10662 10670 10671
3 10662 10671 10663
3 10663 10671 10664
3 10663 10664 10656
3 10664 10672 10673
3 10664 10673 10665
3 10665 10673 10674
3 10665 10674 10666
3 10666 10674 10675
3 10666 10675 10667
3 10667 10675 10676
3 10667 10676 10668
3 10668 10676 10677
3 10668 10677 10669
3 10669 10677 10678
3 10669 10678 10670
3 10670 10678 10679
3 10670 10679 10671
3 10671 10679 10672
3 10671 10672 10664
3 10672 10680 10681
3 10672 10681 10673
3 10673 10681 10682
3 10673 10682 10674
3 10674 10682 10683
3 10674 10683 10675
3 10675 10683 10684
3 10675 10684 10676
3 10676 10684 10685
3 10676 10685 10677
3 10677 10685 10686
3 10677 10686 10678
3 10678 10686 10687
3 10678 10687 10679
3 10679 10687 10680
3 10679 10680 10672
3 10680 10688 10689
3 10680 10689 10681
3 10681 10689 10690
3 10681 10690 10682
3 10682 10690 10691
3 10682 10691 10683
3 10683 10691 10692
3 10683 10692 10684
3 10684 10692 10693
3 10684 10693 10685
3 10685 10693 10694
3 10685 10694 10686
3 10686 10694 10695
3 10686 10695 10687
3 10687 10695 10688
3 10687 10688 10680
3 10688 10696 10697
3 10688 10697 10689
3 10689 10697 10698
3 10689 10698 10690
3 10690 10698 10699
3 10690 10699 10691
3 10691 10699 10700
3 10691 10700 10692
3 10692 10700 10701
3 10692 10701 10693
3 10693 10701 10702
3 10693 10702 10694
3 10694 10702 10703
3 10694 10703 10695
3 10695 10703 10696
3 10695 10696 10688
3 10696 10704 10705
3 10696 10705 10697
3 10697 10705 10706
3 10697 10706 10698
3 10698 10706 10707
3 10698 10707 10699
3 10699 10707 10708
3 10699 10708 10700
3 10700 10708 10709
3 10700 10709 10701
3 10701 10709 10710
3 10701 10710 10702
3 10702 10710 10711
3 10702 10711 10703
3 10703 10711 10704
3 10703 10704 10696
3 10704 10712 10713
3 10704 10713 10705
3 10705 10713 10714
3 10705 10714 10706
3 10706 10714 10715
3 10706 10715 10707
3 10707 10715 10716
3 10707 10716 10708
3 10708 10716 10717
3 10708 10717 10709
3 10709 10717 10718
3 10709 10718 10710
3 10710 10718 10719
3 10710 10719 10711
3 10711 10719 10712
3 10711 10712 10704
3 10712 10720 10721
3 10712 10721 10713
3 10713 10721 10722
3 10713 10722 10714
3 10714 10722 10723
3 10714 10723 10715
3 10715 10723 10724
3 10715 10724 10716
3 10716 10724 10725
3 10716 10725 10717
3 10717 10725 10726
3 10717 10726 10718
3 10718 10726 10727
3 10718 10727 10719
3 10719 10727 10720
3 10719 10720 10712
3 10720 10728 10729
3 10720 10729 10721
3 10721 10729 10730
3 10721 10730 10722
3 10722 10730 10731
3 10722 10731 10723
3 10723 10731 10732
3 10723 10732 10724
3 10724 10732 10733
3 10724 10733 10725
3 10725 10733 10734
3 10725 10734 10726
3 10726 10734 10735
3 10726 10735 10727
3 10727 10735 10728
3 10727 10728 10720
3 10728 10736 10737
3 10728 10737 10729
3 10729 10737 10738
3 10729 10738 10730
3 10730 10738 10739
3 10730 10739 10731
3 10731 10739 10740
3 10731 10740 10732
3 10732 10740 10741
3 10732 10741 10733
3 10733 10741 10742
3 10733 10742 10734
3 10734 10742 10743
3 10734 10743 10735
3 10735 10743 10736
3 10735 10736 10728
3 10736 10744 10745
3 10736 10745 10737
3 10737 10745 10746
3 10737 10746 10738
3 10738 10746 10747
3 10738 10747 10739
3 10739 10747 10748
3 10739 10748 10740
3 10740 10748 10749
3 10740 10749 10741
3 10741 10749 10750
3 10741 10750 10742
3 10742 10750 10751
3 10742 10751 10743
3 10743 10751 10744
3 10743 10744 10736
3 10744 10752 10753
3 10744 10753 10745
3 10745 10753 10754
3 10745 10754 10746
3 10746 10754 10755
3 10746 10755 10747
3 10747 10755 10756
3 10747 10756 10748
3 10748 10756 10757
3 10748 10757 10749
3 10749 10757 10758
3 10749 10758 10750
3 10750 10758 10759
3 10750 10759 10751
3 10751 10759 10752
3 10751 10752 10744
3 10752 10760 10761
3 10752 10761 10753
3 10753 10761 10762
3 10753 10762 10754
3 10754 10762 10763
3 10754 10763 10755
3 10755 10763 10764
3 10755 10764 10756
3 10756 10764 10765
3 10756 10765 10757
3 10757 10765 10766
3 10757 10766 10758
3 10758 10766 10767
3 10758 10767 10759
3 10759 10767 10760
3 10759 10760 10752
3 10760 10768 10769
3 10760 10769 10761
3 10761 10769 10770
3 10761 10770 10762
3 10762 10770 10771
3 10762 10771 10763
3 10763 10771 10772
3 10763 10772 10764
3 10764 10772 10773
3 10764 10773 10765
3 10765 10773 10774
3 10765 10774 10766
3 10766 10774 10775
3 10766 10775 10767
3 10767 10775 10768
3 10767 10768 10760
3 10768 10776 10777
3 10768 10777 10769
3 10769 10777 10778
3 10769 10778 10770
3 10770 10778 10779
3 10770 10779 10771
3 10771 10779 10780
3 10771 10780 10772
3 10772 10780 10781
3 10772 10781 10773
3 10773 10781 10782
3 10773 10782 10774
3 10774 10782 10783
3 10774 10783 10775
3 10775 10783 10776
3 10775 10776 10768
3 10776 10784 10785
3 10776 10785 10777
3 10777 10785 10786
3 10777 10786 10778
3 10778 10786 10787
3 10778 10787 10779
3 10779 10787 10788
3 10779 10788 10780
3 10780 10788 10789
3 10780 10789 10781
3 10781 10789 10790
3 10781 10790 10782
3 10782 10790 10791
3 10782 10791 10783
3 10783 10791 10784
3 10783 10784 10776
3 10784 10792 10793
3 10784 10793 10785
3 10785 10793 10794
3 10785 10794 10786
3 10786 10794 10795
3 10786 10795 10787
3 10787 10795 10796
3 10787 10796 10788
3 10788 10796 10797
3 10788 10797 10789
3 10789 10797 10798
3 10789 10798 10790
3 10790 10798 10799
3 10790 10799 10791
3 10791 10799 10792
3 10791 10792 10784
3 10792 10800 10801
3 10792 10801 10793
3 10793 10801 10802
3 10793 10802 10794
3 10794 10802 10803
3 10794 10803 10795
3 10795 10803 10804
3 10795 10804 10796
3 10796 10804 10805
3 10796 10805 10797
3 10797 10805 10806
3 10797 10806 10798
3 10798 10806 10807
3 10798 10807 10799
3 10799 10807 10800
3 10799 10800 10792
3 10800 10808 10809
3 10800 10809 10801
3 10801 10809 10810
3 10801 10810 10802
3 10802 10810 10811
3 10802 10811 10803
3 10803 10811 10812
3 10803 10812 10804
3 10804 10812 10813
3 10804 10813 10805
3 10805 10813 10814
3 10805 10814 10806
3 10806 10814 10815
3 10806 10815 10807
3 10807 10815 10808
3 10807 10808 10800
3 10808 10816 10817
3 10808 10817 10809
3 10809 10817 10818
3 10809 10818 10810
3 10810 10818 10819
3 10810 10819 10811
3 10811 10819 10820
3 10811 10820 10812
3 10812 10820 10821
3 10812 10821 10813
3 10813 10821 10822
3 10813 10822 10814
3 10814 10822 10823
3 10814 10823 10815
3 10815 10823 10816
3 10815 10816 10808
3 10816 10824 10825
3 10816 10825 10817
3 10817 10825 10826
3 10817 10826 10818
3 10818 10826 10827
3 10818 10827 10819
3 10819 10827 10828
3 10819 10828 10820
3 10820 10828 10829
3 10820 10829 10821
3 10821 10829 10830
3 10821 10830 10822
3 10822 10830 10831
3 10822 10831 10823
3 10823 10831 10824
3 10823 10824 10816
3 10824 10832 10833
3 10824 10833 10825
3 10825 10833 10834
3 10825 10834 10826
3 10826 10834 10835
3 10826 10835 10827
3 10827 10835 10836
3 10827 10836 10828
3 10828 10836 10837
3 10828 10837 10829
3 10829 10837 10838
3 10829 10838 10830
3 10830 10838 10839
3 10830 10839 10831
3 10831 10839 10832
3 10831 10832 10824
3 10832 10840 10841
3 10832 10841 10833
3 10833 10841 10842
3 10833 10842 10834
3 10834 10842 10843
3 10834 10843 10835
3 10835 10843 10844
3 10835 10844 10836
3 10836 10844 10845
3 10836 10845 10837
3 10837 10845 10846
3 10837 10846 10838
3 10838 10846 10847
3 10838 10847 10839
3 10839 10847 10840
3 10839 10840 10832
3 10840 10848 10849
3 10840 10849 10841
3 10841 10849 10850
3 10841 10850 10842
3 10842 10850 10851
3 10842 10851 10843
3 10843 10851 10852
3 10843 10852 10844
3 10844 10852 10853
3 10844 10853 10845
3 10845 10853 10854
3 10845 10854 10846
3 10846 10854 10855
3 10846 10855 10847
3 10847 10855 10848
3 10847 10848 10840
3 10848 10856 10857
3 10848 10857 10849
3 10849 10857 10858
3 10849 10858 10850
3 10850 10858 10859
3 10850 10859 10851
3 10851 10859 10860
3 10851 10860 10852
3 10852 10860 10861
3 10852 10861 10853
3 10853 10861 10862
3 10853 10862 10854
3 10854 10862 10863
3 10854 10863 10855
3 10855 10863 10856
3 10855 10856 10848
3 10856 10864 10865
3 10856 10865 10857
3 10857 10865 10866
3 10857 10866 10858
3 10858 10866 10867
3 10858 10867 10859
3 10859 10867 10868
3 10859 10868 10860
3 10860 10868 10869
3 10860 10869 10861
3 10861 10869 10870
3 10861 10870 10862
3 10862 10870 10871
3 10862 10871 10863
3 10863 10871 10864
3 10863 10864 10856
3 10864 10872 10873
3 10864 10873 10865
3 10865 10873 10874
3 10865 10874 10866
3 10866 10874 10875
3 10866 10875 10867
3 10867 10875 10876
3 10867 10876 10868
3 10868 10876 10877
3 10868 10877 10869
3 10869 10877 10878
3 10869 10878 10870
3 10870 10878 10879
3 10870 10879 10871
3 10871 10879 10872
3 10871 10872 10864
3 10872 10880 10881
3 10872 10881 10873
3 10873 10881 10882
3 10873 10882 10874
3 10874 10882 10883
3 10874 10883 10875
3 10875 10883 10884
3 10875 10884 10876
3 10876 10884 10885
3 10876 10885 10877
3 10877 10885 10886
3 10877 10886 10878
3 10878 10886 10887
3 10878 10887 10879
3 10879 10887 10880
3 10879 10880 10872
3 10880 10888 10889
3 10880 10889 10881
3 10881 10889 10890
3 10881 10890 10882
3 10882 10890 10891
3 10882 10891 10883
3 10883 10891 10892
3 10883 10892 10884
3 10884 10892 10893
3 10884 10893 10885
3 10885 10893 10894
3 10885 10894 10886
3 10886 10894 10895
3 10886 10895 10887
3 10887 10895 10888
3 10887 10888 10880
3 10888 10896 10897
3 10888 10897 10889
3 10889 10897 10898
3 10889 10898 10890
3 10890 10898 10899
3 10890 10899 10891
3 10891 10899 10900
3 10891 10900 10892
3 10892 10900 10901
3 10892 10901 10893
3 10893 10901 10902
3 10893 10902 10894
3 10894 10902 10903
3 10894 10903 10895
3 10895 10903 10896
3 10895 10896 10888
3 10896 10904 10905
3 10896 10905 10897
3 10897 10905 10906
3 10897 10906 10898
3 10898 10906 10907
3 10898 10907 10899
3 10899 10907 10908
3 10899 10908 10900
3 10900 10908 10909
3 10900 10909 10901
3 10901 10909 10910
3 10901 10910 10902
3 10902 10910 10911
3 10902 10911 10903
3 10903 10911 10904
3 10903 10904 10896
3 10904 10912 10913
3 10904 10913 10905
3 10905 10913 10914
3 10905 10914 10906
3 10906 10914 10915
3 10906 10915 10907
3 10907 10915 10916
3 10907 10916 10908
3 10908 10916 10917
3 10908 10917 10909
3 10909 10917 10918
3 10909 10918 10910
3 10910 10918 10919
3 10910 10919 10911
3 10911 10919 10912
3 10911 10912 10904
3 10912 10920 10921
3 10912 10921 10913
3 10913 10921 10922
3 10913 10922 10914
3 10914 10922 10923
3 10914 10923 10915
3 10915 10923 10924
3 10915 10924 10916
3 10916 10924 10925
3 10916 10925 10917
3 10917 10925 10926
3 10917 10926 10918
3 10918 10926 10927
3 10918 10927 10919
3 10919 10927 10920
3 10919 10920 10912
3 10920 10928 10929
3 10920 10929 10921
3 10921 10929 10930
3 10921 10930 10922
3 10922 10930 10931
3 10922 10931 10923
3 10923 10931 10932
3 10923 10932 10924
3 10924 10932 10933
3 10924 10933 10925
3 10925 10933 10934
3 10925 10934 10926
3 10926 10934 10935
3 10926 10935 10927
3 10927 10935 10928
3 10927 10928 10920
3 10928 10936 10937
3 10928 10937 10929
3 10929 10937 10938
3 10929 10938 10930
3 10930 10938 10939
3 10930 10939 10931
3 10931 10939 10940
3 10931 10940 10932
3 10932 10940 10941
3 10932 10941 10933
3 10933 10941 10942
3 10933 10942 10934
3 10934 10942 10943
3 10934 10943 10935
3 10935 10943 10936
3 10935 10936 10928
3 10936 10944 10945
3 10936 10945 10937
3 10937 10945 10946
3 10937 10946 10938
3 10938 10946 10947
3 10938 10947 10939
3 10939 10947 10948
3 10939 10948 10940
3 10940 10948 10949
3 10940 10949 10941
3 10941 10949 10950
3 10941 10950 10942
3 10942 10950 10951
3 10942 10951 10943
3 10943 10951 10944
3 10943 10944 10936
3 10944 10952 10953
3 10944 10953 10945
3 10945 10953 10954
3 10945 10954 10946
3 10946 10954 10955
3 10946 10955 10947
3 10947 10955 10956
3 10947 10956 10948
3 10948 10956 10957
3 10948 10957 10949
3 10949 10957 10958
3 10949 10958 10950
3 10950 10958 10959
3 10950 10959 10951
3 10951 10959 10952
3 10951 10952 10944
3 10952 10960 10961
3 10952 10961 10953
3 10953 10961 10962
3 10953 10962 10954
3 10954 10962 10963
3 10954 10963 10955
3 10955 10963 10964
3 10955 10964 10956
3 10956 10964 10965
3 10956 10965 10957
3 10957 10965 10966
3 10957 10966 10958
3 10958 10966 10967
3 10958 10967 10959
3 10959 10967 10960
3 10959 10960 10952
3 10960 10968 10969
3 10960 10969 10961
3 10961 10969 10970
3 10961 10970 10962
3 10962 10970 10971
3 10962 10971 10963
3 10963 10971 10972
3 10963 10972 10964
3 10964 10972 10973
3 10964 10973 10965
3 10965 10973 10974
3 10965 10974 10966
3 10966 10974 10975
3 10966 10975 10967
3 10967 10975 10968
3 10967 10968 10960
3 10968 10976 10977
3 10968 10977 10969
3 10969 10977 10978
3 10969 10978 10970
3 10970 10978 10979
3 10970 10979 10971
3 10971 10979 10980
3 10971 10980 10972
3 10972 10980 10981
3 10972 10981 10973
3 10973 10981 10982
3 10973 10982 10974
3 10974 10982 10983
3 10974 10983 10975
3 10975 10983 10976
3 10975 10976 10968
3 10976 10984 10985
3 10976 10985 10977
3 10977 10985 10986
3 10977 10986 10978
3 10978 10986 10987
3 10978 10987 10979
3 10979 10987 10988
3 10979 10988 10980
3 10980 10988 10989
3 10980 10989 10981
3 10981 10989 10990
3 10981 10990 10982
3 10982 10990 10991
3 10982 10991 10983
3 10983 10991 10984
3 10983 10984 10976
3 10984 10992 10993
3 10984 10993 10985
3 10985 10993 10994
3 10985 10994 10986
3 10986 10994 10995
3 10986 10995 10987
3 10987 10995 10996
3 10987 10996 10988
3 10988 10996 10997
3 10988 10997 10989
3 10989 10997 10998
3 10989 10998 10990
3 10990 10998 10999
3 10990 10999 10991
3 10991 10999 10992
3 10991 10992 10984
3 10992 11000 11001
3 10992 11001 10993
3 10993 11001 11002
3 10993 11002 10994
3 10994 11002 11003
3 10994 11003 10995
3 10995 11003 11004
3 10995 11004 10996
3 10996 11004 11005
3 10996 11005 10997
3 10997 11005 11006
3 10997 11006 10998
3 10998 11006 11007
3 10998 11007 10999
3 10999 11007 11000
3 10999 11000 10992
3 11000 11008 11009
3 11000 11009 11001
3 11001 11009 11010
3 11001 11010 11002
3 11002 11010 11011
3 11002 11011 11003
3 11003 11011 11012
3 11003 11012 11004
3 11004 11012 11013
3 11004 11013 11005
3 11005 11013 11014
3 11005 11014 11006
3 11006 11014 11015
3 11006 11015 11007
3 11007 11015 11008
3 11007 11008 11000
3 11008 11016 11017
3 11008 11017 11009
3 11009 11017 11018
3 11009 11018 11010
3 11010 11018 11019
3 11010 11019 11011
3 11011 11019 11020
3 11011 11020 11012
3 11012 11020 11021
3 11012 11021 11013
3 11013 11021 11022
3 11013 11022 11014
3 11014 11022 11023
3 11014 11023 11015
3 11015 11023 11016
3 11015 11016 11008
3 11016 11024 11025
3 11016 11025 11017
3 11017 11025 11026
3 11017 11026 11018
3 11018 11026 11027
3 11018 11027 11019
3 11019 11027 11028
3 11019 11028 11020
3 11020 11028 11029
3 11020 11029 11021
3 11021 11029 11030
3 11021 11030 11022
3 11022 11030 11031
3 11022 11031 11023
3 11023 11031 11024
3 11023 11024 11016
3 11024 11032 11033
3 11024 11033 11025
3 11025 11033 11034
3 11025 11034 11026
3 11026 11034 11035
3 11026 11035 11027
3 11027 11035 11036
3 11027 11036 11028
3 11028 11036 11037
3 11028 11037 11029
3 11029 11037 11038
3 11029 11038 11030
3 11030 11038 11039
3 11030 11039 11031
3 11031 11039 11032
3 11031 11032 11024
3 11032 11040 11041
3 11032 11041 11033
3 11033 11041 11042
3 11033 11042 11034
3 11034 11042 11043
3 11034 11043 11035
3 11035 11043 11044
3 11035 11044 11036
3 11036 11044 11045
3 11036 11045 11037
3 11037 11045 11046
3 11037 11046 11038
3 11038 11046 11047
3 11038 11047 11039
3 11039 11047 11040
3 11039 11040 11032
3 11040 11048 11049
3 11040 11049 11041
3 11041 11049 11050
3 11041 11050 11042
3 11042 11050 11051
3 11042 11051 11043
3 11043 11051 11052
3 11043 11052 11044
3 11044 11052 11053
3 11044 11053 11045
3 11045 11053 11054
3 11045 11054 11046
3 11046 11054 11055
3 11046 11055 11047
3 11047 11055 11048
3 11047 11048 11040
3 11048 11056 11057
3 11048 11057 11049
3 11049 11057 11058
3 11049 11058 11050
3 11050 11058 11059
3 11050 11059 11051
3 11051 11059 11060
3 11051 11060 11052
3 11052 11060 11061
3 11052 11061 11053
3 11053 11061 11062
3 11053 11062 11054
3 11054 11062 11063
3 11054 11063 11055
3 11055 11063 11056
3 11055 11056 11048
3 11056 11064 11065
3 11056 11065 11057
3 11057 11065 11066
3 11057 11066 11058
3 11058 11066 11067
3 11058 11067 11059
3 11059 11067 11068
3 11059 11068 11060
3 11060 11068 11069
3 11060 11069 11061
3 11061 11069 11070
3 11061 11070 11062
3 11062 11070 11071
3 11062 11071 11063
3 11063 11071 11064
3 11063 11064 11056
3 11064 11072 11073
3 11064 11073 11065
3 11065 11073 11074
3 11065 11074 11066
3 11066 11074 11075
3 11066 11075 11067
3 11067 11075 11076
3 11067 11076 11068
3 11068 11076 11077
3 11068 11077 11069
3 11069 11077 11078
3 11069 11078 11070
3 11070 11078 11079
3 11070 11079 11071
3 11071 11079 11072
3 11071 11072 11064
3 11072 11080 11081
3 11072 11081 11073
3 11073 11081 11082
3 11073 11082 11074
3 11074 11082 11083
3 11074 11083 11075
3 11075 11083 11084
3 11075 11084 11076
3 11076 11084 11085
3 11076 11085 11077
3 11077 11085 11086
3 11077 11086 11078
3 11078 11086 11087
3 11078 11087 11079
3 11079 11087 11080
3 11079 11080 11072
3 11080 11088 11089
3 11080 11089 11081
3 11081 11089 11090
3 11081 11090 11082
3 11082 11090 11091
3 11082 11091 11083
3 11083 11091 11092
3 11083 11092 11084
3 11084 11092 11093
3 11084 11093 11085
3 11085 11093 11094
3 11085 11094 11086
3 11086 11094 11095
3 11086 11095 11087
3 11087 11095 11088
3 11087 11088 11080
3 11088 11096 11097
3 11088 11097 11089
3 11089 11097 11098
3 11089 11098 11090
3 11090 11098 11099
3 11090 11099 11091
3 11091 11099 11100
3 11091 11100 11092
3 11092 11100 11101
3 11092 11101 11093
3 11093 11101 11102
3 11093 11102 11094
3 11094 11102 11103
3 11094 11103 11095
3 11095 11103 11096
3 11095 11096 11088
3 11096 11104 11105
3 11096 11105 11097
3 11097 11105 11106
3 11097 11106 11098
3 11098 11106 11107
3 11098 11107 11099
3 11099 11107 11108
3 11099 11108 11100
3 11100 11108 11109
3 11100 11109 11101
3 11101 11109 11110
3 11101 11110 11102
3 11102 11110 11111
3 11102 11111 11103
3 11103 11111 11104
3 11103 11104 11096
3 11104 11112 11113
3 11104 11113 11105
3 11105 11113 11114
3 11105 11114 11106
3 11106 11114 11115
3 11106 11115 11107
3 11107 11115 11116
3 11107 11116 11108
3 11108 11116 11117
3 11108 11117 11109
3 11109 11117 11118
3 11109 11118 11110
3 11110 11118 11119
3 11110 11119 11111
3 11111 11119 11112
3 11111 11112 11104
3 11112 11120 11121
3 11112 11121 11113
3 11113 11121 11122
3 11113 11122 11114
3 11114 11122 11123
3 11114 11123 11115
3 11115 11123 11124
3 11115 11124 11116
3 11116 11124 11125
3 11116 11125 11117
3 11117 11125 11126
3 11117 11126 11118
3 11118 11126 11127
3 11118 11127 11119
3 11119 11127 11120
3 11119 11120 11112
3 11120 11128 11129
3 11120 11129 11121
3 11121 11129 11130
3 11121 11130 11122
3 11122 11130 11131
3 11122 11131 11123
3 11123 11131 11132
3 11123 11132 11124
3 11124 11132 11133
3 11124 11133 11125
3 11125 11133 11134
3 11125 11134 11126
3 11126 11134 11135
3 11126 11135 11127
3 11127 11135 11128
3 11127 11128 11120
3 11128 11136 11137
3 11128 11137 11129
3 11129 11137 11138
3 11129 11138 11130
3 11130 11138 11139
3 11130 11139 11131
3 11131 11139 11140
3 11131 11140 11132
3 11132 11140 11141
3 11132 11141 11133
3 11133 11141 11142
3 11133 11142 11134
3 11134 11142 11143
3 11134 11143 11135
3 11135 11143 11136
3 11135 11136 11128
3 11136 11144 11145
3 11136 11145 11137
3 11137 11145 11146
3 11137 11146 11138
3 11138 11146 11147
3 11138 11147 11139
3 11139 11147 11148
3 11139 11148 11140
3 11140 11148 11149
3 11140 11149 11141
3 11141 11149 11150
3 11141 11150 11142
3 11142 11150 11151
3 11142 11151 11143
3 11143 11151 11144
3 11143 11144 11136
3 11144 11152 11153
3 11144 11153 11145
3 11145 11153 11154
3 11145 11154 11146
3 11146 11154 11155
3 11146 11155 11147
3 11147 11155 11156
3 11147 11156 11148
3 11148 11156 11157
3 11148 11157 11149
3 11149 11157 11158
3 11149 11158 11150
3 11150 11158 11159
3 11150 11159 11151
3 11151 11159 11152
3 11151 11152 11144
3 11152 11160 11161
3 11152 11161 11153
3 11153 11161 11162
3 11153 11162 11154
3 11154 11162 11163
3 11154 11163 11155
3 11155 11163 11164
3 11155 11164 11156
3 11156 11164 11165
3 11156 11165 11157
3 11157 11165 11166
3 11157 11166 11158
3 11158 11166 11167
3 11158 11167 11159
3 11159 11167 11160
3 11159 11160 11152
3 11160 11168 11169
3 11160 11169 11161
3 11161 11169 11170
3 11161 11170 11162
3 11162 11170 11171
3 11162 11171 11163
3 11163 11171 11172
3 11163 11172 11164
3 11164 11172 11173
3 11164 11173 11165
3 11165 11173 11174
3 11165 11174 11166
3 11166 11174 11175
3 11166 11175 11167
3 11167 11175 11168
3 11167 11168 11160
3 11168 11176 11177
3 11168 11177 11169
3 11169 11177 11178
3 11169 11178 11170
3 11170 11178 11179
3 11170 11179 11171
3 11171 11179 11180
3 11171 11180 11172
3 11172 11180 11181
3 11172 11181 11173
3 11173 11181 11182
3 11173 11182 11174
3 11174 11182 11183
3 11174 11183 11175
3 11175 11183 11176
3 11175 11176 11168
3 11176 11184 11185
3 11176 11185 11177
3 11177 11185 11186
3 11177 11186 11178
3 11178 11186 11187
3 11178 11187 11179
3 11179 11187 11188
3 11179 11188 11180
3 11180 11188 11189
3 11180 11189 11181
3 11181 11189 11190
3 11181 11190 11182
3 11182 11190 11191
3 11182 11191 11183
3 11183 11191 11184
3 11183 11184 11176
3 11184 11192 11193
3 11184 11193 11185
3 11185 11193 11194
3 11185 11194 11186
3 11186 11194 11195
3 11186 11195 11187
3 11187 11195 11196
3 11187 11196 11188
3 11188 11196 11197
3 11188 11197 11189
3 11189 11197 11198
3 11189 11198 11190
3 11190 11198 11199
3 11190 11199 11191
3 11191 11199 11192
3 11191 11192 11184
3 11192 11200 11201
3 11192 11201 11193
3 11193 11201 11202
3 11193 11202 11194
3 11194 11202 11203
3 11194 11203 11195
3 11195 11203 11204
3 11195 11204 11196
3 11196 11204 11205
3 11196 11205 11197
3 11197 11205 11206
3 11197 11206 11198
3 11198 11206 11207
3 11198 11207 11199
3 11199 11207 11200
3 11199 11200 11192
3 11200 11208 11209
3 11200 11209 11201
3 11201 11209 11210
3 11201 11210 11202
3 11202 11210 11211
3 11202 11211 11203
3 11203 11211 11212
3 11203 11212 11204
3 11204 11212 11213
3 11204 11213 11205
3 11205 11213 11214
3 11205 11214 11206
3 11206 11214 11215
3 11206 11215 11207
3 11207 11215 11208
3 11207 11208 11200
3 11208 11216 11217
3 11208 11217 11209
3 11209 11217 11218
3 11209 11218 11210
3 11210 11218 11219
3 11210 11219 11211
3 11211 11219 11220
3 11211 11220 11212
3 11212 11220 11221
3 11212 11221 11213
3 11213 11221 11222
3 11213 11222 11214
3 11214 11222 11223
3 11214 11223 11215
3 11215 11223 11216
3 11215 11216 11208
3 11216 11224 11225
3 11216 11225 11217
3 11217 11225 11226
3 11217 11226 11218
3 11218 11226 11227
3 11218 11227 11219
3 11219 11227 11228
3 11219 11228 11220
3 11220 11228 11229
3 11220 11229 11221
3 11221 11229 11230
3 11221 11230 11222
3 11222 11230 11231
3 11222 11231 11223
3 11223 11231 11224
3 11223 11224 11216
3 11224 11232 11233
3 11224 11233 11225
3 11225 11233 11234
3 11225 11234 11226
3 11226 11234 11235
3 11226 11235 11227
3 11227 11235 11236
3 11227 11236 11228
3 11228 11236 11237
3 11228 11237 11229
3 11229 11237 11238
3 11229 11238 11230
3 11230 11238 11239
3 11230 11239 11231
3 11231 11239 11232
3 11231 11232 11224
3 11232 11240 11241
3 11232 11241 11233
3 11233 11241 11242
3 11233 11242 11234
3 11234 11242 11243
3 11234 11243 11235
3 11235 11243 11244
3 11235 11244 11236
3 11236 11244 11245
3 11236 11245 11237
3 11237 11245 11246
3 11237 11246 11238
3 11238 11246 11247
3 11238 11247 11239
3 11239 11247 11240
3 11239 11240 11232
3 11240 11248 11249
3 11240 11249 11241
3 11241 11249 11250
3 11241 11250 11242
3 11242 11250 11251
3 11242 11251 11243
3 11243 11251 11252
3 11243 11252 11244
3 11244 11252 11253
3 11244 11253 11245
3 11245 11253 11254
3 11245 11254 11246
3 11246 11254 11255
3 11246 11255 11247
3 11247 11255 11248
3 11247 11248 11240
3 11248 11256 11257
3 11248 11257 11249
3 11249 11257 11258
3 11249 11258 11250
3 11250 11258 11259
3 11250 11259 11251
3 11251 11259 11260
3 11251 11260 11252
3 11252 11260 11261
3 11252 11261 11253
3 11253 11261 11262
3 11253 11262 11254
3 11254 11262 11263
3 11254 11263 11255
3 11255 11263 11256
3 11255 11256 11248
3 11256 11264 11265
3 11256 11265 11257
3 11257 11265 11266
3 11257 11266 11258
3 11258 11266 11267
3 11258 11267 11259
3 11259 11267 11268
3 11259 11268 11260
3 11260 11268 11269
3 11260 11269 11261
3 11261 11269 11270
3 11261 11270 11262
3 11262 11270 11271
3 11262 11271 11263
3 11263 11271 11264
3 11263 11264 11256
3 11264 11272 11273
3 11264 11273 11265
3 11265 11273 11274
3 11265 11274 11266
3 11266 11274 11275
3 11266 11275 11267
3 11267 11275 11276
3 11267 11276 11268
3 11268 11276 11277
3 11268 11277 11269
3 11269 11277 11278
3 11269 11278 11270
3 11270 11278 11279
3 11270 11279 11271
3 11271 11279 11272
3 11271 11272 11264
3 11272 11280 11281
3 11272 11281 11273
3 11273 11281 11282
3 11273 11282 11274
3 11274 11282 11283
3 11274 11283 11275
3 11275 11283 11284
3 11275 11284 11276
3 11276 11284 11285
3 11276 11285 11277
3 11277 11285 11286
3 11277 11286 11278
3 11278 11286 11287
3 11278 11287 11279
3 11279 11287 11280
3 11279 11280 11272
3 11280 11288 11289
3 11280 11289 11281
3 11281 11289 11290
3 11281 11290 11282
3 11282 11290 11291
3 11282 11291 11283
3 11283 11291 11292
3 11283 11292 11284
3 11284 11292 11293
3 11284 11293 11285
3 11285 11293 11294
3 11285 11294 11286
3 11286 11294 11295
3 11286 11295 11287
3 11287 11295 11288
3 11287 11288 11280
3 11288 11296 11297
3 11288 11297 11289
3 11289 11297 11298
3 11289 11298 11290
3 11290 11298 11299
3 11290 11299 11291
3 11291 11299 11300
3 11291 11300 11292
3 11292 11300 11301
3 11292 11301 11293
3 11293 11301 11302
3 11293 11302 11294
3 11294 11302 11303
3 11294 11303 11295
3 11295 11303 11296
3 11295 11296 11288
3 11296 11304 11305
3 11296 11305 11297
3 11297 11305 11306
3 11297 11306 11298
3 11298 11306 11307
3 11298 11307 11299
3 11299 11307 11308
3 11299 11308 11300
3 11300 11308 11309
3 11300 11309 11301
3 11301 11309 11310
3 11301 11310 11302
3 11302 11310 11311
3 11302 11311 11303
3 11303 11311 11304
3 11303 11304 11296
3 11304 11312 11313
3 11304 11313 11305
3 11305 11313 11314
3 11305 11314 11306
3 11306 11314 11315
3 11306 11315 11307
3 11307 11315 11316
3 11307 11316 11308
3 11308 11316 11317
3 11308 11317 11309
3 11309 11317 11318
3 11309 11318 11310
3 11310 11318 11319
3 11310 11319 11311
3 11311 11319 11312
3 11311 11312 11304
3 11312 11320 11321
3 11312 11321 11313
3 11313 11321 11322
3 11313 11322 11314
3 11314 11322 11323
3 11314 11323 11315
3 11315 11323 11324
3 11315 11324 11316
3 11316 11324 11325
3 11316 11325 11317
3 11317 11325 11326
3 11317 11326 11318
3 11318 11326 11327
3 11318 11327 11319
3 11319 11327 11320
3 11319 11320 11312
3 11320 11328 11329
3 11320 11329 11321
3 11321 11329 11330
3 11321 11330 11322
3 11322 11330 11331
3 11322 11331 11323
3 11323 11331 11332
3 11323 11332 11324
3 11324 11332 11333
3 11324 11333 11325
3 11325 11333 11334
3 11325 11334 11326
3 11326 11334 11335
3 11326 11335 11327
3 11327 11335 11328
3 11327 11328 11320
3 11328 11336 11337
3 11328 11337 11329
3 11329 11337 11338
3 11329 11338 11330
3 11330 11338 11339
3 11330 11339 11331
3 11331 11339 11340
3 11331 11340 11332
3 11332 11340 11341
3 11332 11341 11333
3 11333 11341 11342
3 11333 11342 11334
3 11334 11342 11343
3 11334 11343 11335
3 11335 11343 11336
3 11335 11336 11328
3 11336 11344 11345
3 11336 11345 11337
3 11337 11345 11346
3 11337 11346 11338
3 11338 11346 11347
3 11338 11347 11339
3 11339 11347 11348
3 11339 11348 11340
3 11340 11348 11349
3 11340 11349 11341
3 11341 11349 11350
3 11341 11350 11342
3 11342 11350 11351
3 11342 11351 11343
3 11343 11351 11344
3 11343 11344 11336
3 11344 11352 11353
3 11344 11353 11345
3 11345 11353 11354
3 11345 11354 11346
3 11346 11354 11355
3 11346 11355 11347
3 11347 11355 11356
3 11347 11356 11348
3 11348 11356 11357
3 11348 11357 11349
3 11349 11357 11358
3 11349 11358 11350
3 11350 11358 11359
3 11350 11359 11351
3 11351 11359 11352
3 11351 11352 11344
3 11352 11360 11361
3 11352 11361 11353
3 11353 11361 11362
3 11353 11362 11354
3 11354 11362 11363
3 11354 11363 11355
3 11355 11363 11364
3 11355 11364 11356
3 11356 11364 11365
3 11356 11365 11357
3 11357 11365 11366
3 11357 11366 11358
3 11358 11366 11367
3 11358 11367 11359
3 11359 11367 11360
3 11359 11360 11352
3 11360 11368 11369
3 11360 11369 11361
3 11361 11369 11370
3 11361 11370 11362
3 11362 11370 11371
3 11362 11371 11363
3 11363 11371 11372
3 11363 11372 11364
3 11364 11372 11373
3 11364 11373 11365
3 11365 11373 11374
3 11365 11374 11366
3 11366 11374 11375
3 11366 11375 11367
3 11367 11375 11368
3 11367 11368 11360
3 11368 11376 11377
3 11368 11377 11369
3 11369 11377 11378
3 11369 11378 11370
3 11370 11378 11379
3 11370 11379 11371
3 11371 11379 11380
3 11371 11380 11372
3 11372 11380 11381
3 11372 11381 11373
3 11373 11381 11382
3 11373 11382 11374
3 11374 11382 11383
3 11374 11383 11375
3 11375 11383 11376
3 11375 11376 11368
3 11376 11384 11385
3 11376 11385 11377
3 11377 11385 11386
3 11377 11386 11378
3 11378 11386 11387
3 11378 11387 11379
3 11379 11387 11388
3 11379 11388 11380
3 11380 11388 11389
3 11380 11389 11381
3 11381 11389 11390
3 11381 11390 11382
3 11382 11390 11391
3 11382 11391 11383
3 11383 11391 11384
3 11383 11384 11376
3 11384 11392 11393
3 11384 11393 11385
3 11385 11393 11394
3 11385 11394 11386
3 11386 11394 11395
3 11386 11395 11387
3 11387 11395 11396
3 11387 11396 11388
3 11388 11396 11397
3 11388 11397 11389
3 11389 11397 11398
3 11389 11398 11390
3 11390 11398 11399
3 11390 11399 11391
3 11391 11399 11392
3 11391 11392 11384
3 11392 11400 11401
3 11392 11401 11393
3 11393 11401 11402
3 11393 11402 11394
3 11394 11402 11403
3 11394 11403 11395
3 11395 11403 11404
3 11395 11404 11396
3 11396 11404 11405
3 11396 11405 11397
3 11397 11405 11406
3 11397 11406 11398
3 11398 11406 11407
3 11398 11407 11399
3 11399 11407 11400
3 11399 11400 11392
3 11400 11408 11409
3 11400 11409 11401
3 11401 11409 11410
3 11401 11410 11402
3 11402 11410 11411
3 11402 11411 11403
3 11403 11411 11412
3 11403 11412 11404
3 11404 11412 11413
3 11404 11413 11405
3 11405 11413 11414
3 11405 11414 11406
3 11406 11414 11415
3 11406 11415 11407
3 11407 11415 11408
3 11407 11408 11400
3 11408 11416 11417
3 11408 11417 11409
3 11409 11417 11418
3 11409 11418 11410
3 11410 11418 11419
3 11410 11419 11411
3 11411 11419 11420
3 11411 11420 11412
3 11412 11420 11421
3 11412 11421 11413
3 11413 11421 11422
3 11413 11422 11414
3 11414 11422 11423
3 11414 11423 11415
3 11415 11423 11416
3 11415 11416 11408
3 11416 11424 11425
3 11416 11425 11417
3 11417 11425 11426
3 11417 11426 11418
3 11418 11426 11427
3 11418 11427 11419
3 11419 11427 11428
3 11419 11428 11420
3 11420 11428 11429
3 11420 11429 11421
3 11421 11429 11430
3 11421 11430 11422
3 11422 11430 11431
3 11422 11431 11423
3 11423 11431 11424
3 11423 11424 11416
3 11424 11432 11433
3 11424 11433 11425
3 11425 11433 11434
3 11425 11434 11426
3 11426 11434 11435
3 11426 11435 11427
3 11427 11435 11436
3 11427 11436 11428
3 11428 11436 11437
3 11428 11437 11429
3 11429 11437 11438
3 11429 11438 11430
3 11430 11438 11439
3 11430 11439 11431
3 11431 11439 11432
3 11431 11432 11424
3 11432 11440 11441
3 11432 11441 11433
3 11433 11441 11442
3 11433 11442 11434
3 11434 11442 11443
3 11434 11443 11435
3 11435 11443 11444
3 11435 11444 11436
3 11436 11444 11445
3 11436 11445 11437
3 11437 11445 11446
3 11437 11446 11438
3 11438 11446 11447
3 11438 11447 11439
3 11439 11447 11440
3 11439 11440 11432
3 11440 11448 11449
3 11440 11449 11441
3 11441 11449 11450
3 11441 11450 11442
3 11442 11450 11451
3 11442 11451 11443
3 11443 11451 11452
3 11443 11452 11444
3 11444 11452 11453
3 11444 11453 11445
3 11445 11453 11454
3 11445 11454 11446
3 11446 11454 11455
3 11446 11455 11447
3 11447 11455 11448
3 11447 11448 11440
3 11448 11456 11457
3 11448 11457 11449
3 11449 11457 11458
3 11449 11458 11450
3 11450 11458 11459
3 11450 11459 11451
3 11451 11459 11460
3 11451 11460 11452
3 11452 11460 11461
3 11452 11461 11453
3 11453 11461 11462
3 11453 11462 11454
3 11454 11462 11463
3 11454 11463 11455
3 11455 11463 11456
3 11455 11456 11448
3 11456 11464 11465
3 11456 11465 11457
3 11457 11465 11466
3 11457 11466 11458
3 11458 11466 11467
3 11458 11467 11459
3 11459 11467 11468
3 11459 11468 11460
3 11460 11468 11469
3 11460 11469 11461
3 11461 11469 11470
3 11461 11470 11462
3 11462 11470 11471
3 11462 11471 11463
3 11463 11471 11464
3 11463 11464 11456
3 11464 11472 11473
3 11464 11473 11465
3 11465 11473 11474
3 11465 11474 11466
3 11466 11474 11475
3 11466 11475 11467
3 11467 11475 11476
3 11467 11476 11468
3 11468 11476 11477
3 11468 11477 11469
3 11469 11477 11478
3 11469 11478 11470
3 11470 11478 11479
3 11470 11479 11471
3 11471 11479 11472
3 11471 11472 11464
3 11472 11480 11481
3 11472 11481 11473
3 11473 11481 11482
3 11473 11482 11474
3 11474 11482 11483
3 11474 11483 11475
3 11475 11483 11484
3 11475 11484 11476
3 11476 11484 11485
3 11476 11485 11477
3 11477 11485 11486
3 11477 11486 11478
3 11478 11486 11487
3 11478 11487 11479
3 11479 11487 11480
3 11479 11480 11472
3 11480 11488 11489
3 11480 11489 11481
3 11481 11489 11490
3 11481 11490 11482
3 11482 11490 11491
3 11482 11491 11483
3 11483 11491 11492
3 11483 11492 11484
3 11484 11492 11493
3 11484 11493 11485
3 11485 11493 11494
3 11485 11494 11486
3 11486 11494 11495
3 11486 11495 11487
3 11487 11495 11488
3 11487 11488 11480
3 11488 11496 11497
3 11488 11497 11489
3 11489 11497 11498
3 11489 11498 11490
3 11490 11498 11499
3 11490 11499 11491
3 11491 11499 11500
3 11491 11500 11492
3 11492 11500 11501
3 11492 11501 11493
3 11493 11501 11502
3 11493 11502 11494
3 11494 11502 11503
3 11494 11503 11495
3 11495 11503 11496
3 11495 11496 11488
3 11496 11504 11505
3 11496 11505 11497
3 11497 11505 11506
3 11497 11506 11498
3 11498 11506 11507
3 11498 11507 11499
3 11499 11507 11508
3 11499 11508 11500
3 11500 11508 11509
3 11500 11509 11501
3 11501 11509 11510
3 11501 11510 11502
3 11502 11510 11511
3 11502 11511 11503
3 11503 11511 11504
3 11503 11504 11496
3 11504 11512 11513
3 11504 11513 11505
3 11505 11513 11514
3 11505 11514 11506
3 11506 11514 11515
3 11506 11515 11507
3 11507 11515 11516
3 11507 11516 11508
3 11508 11516 11517
3 11508 11517 11509
3 11509 11517 11518
3 11509 11518 11510
3 11510 11518 11519
3 11510 11519 11511
3 11511 11519 11512
3 11511 11512 11504
3 11512 11520 11521
3 11512 11521 11513
3 11513 11521 11522
3 11513 11522 11514
3 11514 11522 11523
3 11514 11523 11515
3 11515 11523 11524
3 11515 11524 11516
3 11516 11524 11525
3 11516 11525 11517
3 11517 11525 11526
3 11517 11526 11518
3 11518 11526 11527
3 11518 11527 11519
3 11519 11527 11520
3 11519 11520 11512
3 11520 11528 11529
3 11520 11529 11521
3 11521 11529 11530
3 11521 11530 11522
3 11522 11530 11531
3 11522 11531 11523
3 11523 11531 11532
3 11523 11532 11524
3 11524 11532 11533
3 11524 11533 11525
3 11525 11533 11534
3 11525 11534 11526
3 11526 11534 11535
3 11526 11535 11527
3 11527 11535 11528
3 11527 11528 11520
3 11528 11536 11537
3 11528 11537 11529
3 11529 11537 11538
3 11529 11538 11530
3 11530 11538 11539
3 11530 11539 11531
3 11531 11539 11540
3 11531 11540 11532
3 11532 11540 11541
3 11532 11541 11533
3 11533 11541 11542
3 11533 11542 11534
3 11534 11542 11543
3 11534 11543 11535
3 11535 11543 11536
3 11535 11536 11528
3 11536 11544 11545
3 11536 11545 11537
3 11537 11545 11546
3 11537 11546 11538
3 11538 11546 11547
3 11538 11547 11539
3 11539 11547 11548
3 11539 11548 11540
3 11540 11548 11549
3 11540 11549 11541
3 11541 11549 11550
3 11541 11550 11542
3 11542 11550 11551
3 11542 11551 11543
3 11543 11551 11544
3 11543 11544 11536
3 11544 11552 11553
3 11544 11553 11545
3 11545 11553 11554
3 11545 11554 11546
3 11546 11554 11555
3 11546 11555 11547
3 11547 11555 11556
3 11547 11556 11548
3 11548 11556 11557
3 11548 11557 11549
3 11549 11557 11558
3 11549 11558 11550
3 11550 11558 11559
3 11550 11559 11551
3 11551 11559 11552
3 11551 11552 11544
3 11552 11560 11561
3 11552 11561 11553
3 11553 11561 11562
3 11553 11562 11554
3 11554 11562 11563
3 11554 11563 11555
3 11555 11563 11564
3 11555 11564 11556
3 11556 11564 11565
3 11556 11565 11557
3 11557 11565 11566
3 11557 11566 11558
3 11558 11566 11567
3 11558 11567 11559
3 11559 11567 11560
3 11559 11560 11552
3 11560 11568 11569
3 11560 11569 11561
3 11561 11569 11570
3 11561 11570 11562
3 11562 11570 11571
3 11562 11571 11563
3 11563 11571 11572
3 11563 11572 11564
3 11564 11572 11573
3 11564 11573 11565
3 11565 11573 11574
3 11565 11574 11566
3 11566 11574 11575
3 11566 11575 11567
3 11567 11575 11568
3 11567 11568 11560
3 11568 11576 11577
3 11568 11577 11569
3 11569 11577 11578
3 11569 11578 11570
3 11570 11578 11579
3 11570 11579 11571
3 11571 11579 11580
3 11571 11580 11572
3 11572 11580 11581
3 11572 11581 11573
3 11573 11581 11582
3 11573 11582 11574
3 11574 11582 11583
3 11574 11583 11575
3 11575 11583 11576
3 11575 11576 11568
3 11576 11584 11585
3 11576 11585 11577
3 11577 11585 11586
3 11577 11586 11578
3 11578 11586 11587
3 11578 11587 11579
3 11579 11587 11588
3 11579 11588 11580
3 11580 11588 11589
3 11580 11589 11581
3 11581 11589 11590
3 11581 11590 11582
3 11582 11590 11591
3 11582 11591 11583
3 11583 11591 11584
3 11583 11584 11576
3 11584 11592 11593
3 11584 11593 11585
3 11585 11593 11594
3 11585 11594 11586
3 11586 11594 11595
3 11586 11595 11587
3 11587 11595 11596
3 11587 11596 11588
3 11588 11596 11597
3 11588 11597 11589
3 11589 11597 11598
3 11589 11598 11590
3 11590 11598 11599
3 11590 11599 11591
3 11591 11599 11592
3 11591 11592 11584
3 11592 11600 11601
3 11592 11601 11593
3 11593 11601 11602
3 11593 11602 11594
3 11594 11602 11603
3 11594 11603 11595
3 11595 11603 11604
3 11595 11604 11596
3 11596 11604 11605
3 11596 11605 11597
3 11597 11605 11606
3 11597 11606 11598
3 11598 11606 11607
3 11598 11607 11599
3 11599 11607 11600
3 11599 11600 11592
3 11600 11608 11609
3 11600 11609 11601
3 11601 11609 11610
3 11601 11610 11602
3 11602 11610 11611
3 11602 11611 11603
3 11603 11611 11612
3 11603 11612 11604
3 11604 11612 11613
3 11604 11613 11605
3 11605 11613 11614
3 11605 11614 11606
3 11606 11614 11615
3 11606 11615 11607
3 11607 11615 11608
3 11607 11608 11600
3 11608 11616 11617
3 11608 11617 11609
3 11609 11617 11618
3 11609 11618 11610
3 11610 11618 11619
3 11610 11619 11611
3 11611 11619 11620
3 11611 11620 11612
3 11612 11620 11621
3 11612 11621 11613
3 11613 11621 11622
3 11613 11622 11614
3 11614 11622 11623
3 11614 11623 11615
3 11615 11623 11616
3 11615 11616 11608
3 11616 11624 11625
3 11616 11625 11617
3 11617 11625 11626
3 11617 11626 11618
3 11618 11626 11627
3 11618 11627 11619
3 11619 11627 11628
3 11619 11628 11620
3 11620 11628 11629
3 11620 11629 11621
3 11621 11629 11630
3 11621 11630 11622
3 11622 11630 11631
3 11622 11631 11623
3 11623 11631 11624
3 11623 11624 11616
3 11624 11632 11633
3 11624 11633 11625
3 11625 11633 11634
3 11625 11634 11626
3 11626 11634 11635
3 11626 11635 11627
3 11627 11635 11636
3 11627 11636 11628
3 11628 11636 11637
3 11628 11637 11629
3 11629 11637 11638
3 11629 11638 11630
3 11630 11638 11639
3 11630 11639 11631
3 11631 11639 11632
3 11631 11632 11624
3 11632 11640 11641
3 11632 11641 11633
3 11633 11641 11642
3 11633 11642 11634
3 11634 11642 11643
3 11634 11643 11635
3 11635 11643 11644
3 11635 11644 11636
3 11636 11644 11645
3 11636 11645 11637
3 11637 11645 11646
3 11637 11646 11638
3 11638 11646 11647
3 11638 11647 11639
3 11639 11647 11640
3 11639 11640 11632
3 11640 11648 11649
3 11640 11649 11641
3 11641 11649 11650
3 11641 11650 11642
3 11642 11650 11651
3 11642 11651 11643
3 11643 11651 11652
3 11643 11652 11644
3 11644 11652 11653
3 11644 11653 11645
3 11645 11653 11654
3 11645 11654 11646
3 11646 11654 11655
3 11646 11655 11647
3 11647 11655 11648
3 11647 11648 11640
3 11648 11656 11657
3 11648 11657 11649
3 11649 11657 11658
3 11649 11658 11650
3 11650 11658 11659
3 11650 11659 11651
3 11651 11659 11660
3 11651 11660 11652
3 11652 11660 11661
3 11652 11661 11653
3 11653 11661 11662
3 11653 11662 11654
3 11654 11662 11663
3 11654 11663 11655
3 11655 11663 11656
3 11655 11656 11648
3 11656 11664 11665
3 11656 11665 11657
3 11657 11665 11666
3 11657 11666 11658
3 11658 11666 11667
3 11658 11667 11659
3 11659 11667 11668
3 11659 11668 11660
3 11660 11668 11669
3 11660 11669 11661
3 11661 11669 11670
3 11661 11670 11662
3 11662 11670 11671
3 11662 11671 11663
3 11663 11671 11664
3 11663 11664 11656
3 11664 11672 11673
3 11664 11673 11665
3 11665 11673 11674
3 11665 11674 11666
3 11666 11674 11675
3 11666 11675 11667
3 11667 11675 11676
3 11667 11676 11668
3 11668 11676 11677
3 11668 11677 11669
3 11669 11677 11678
3 11669 11678 11670
3 11670 11678 11679
3 11670 11679 11671
3 11671 11679 11672
3 11671 11672 11664
3 11672 11680 11681
3 11672 11681 11673
3 11673 11681 11682
3 11673 11682 11674
3 11674 11682 11683
3 11674 11683 11675
3 11675 11683 11684
3 11675 11684 11676
3 11676 11684 11685
3 11676 11685 11677
3 11677 11685 11686
3 11677 11686 11678
3 11678 11686 11687
3 11678 11687 11679
3 11679 11687 11680
3 11679 11680 11672
3 11680 11688 11689
3 11680 11689 11681
3 11681 11689 11690
3 11681 11690 11682
3 11682 11690 11691
3 11682 11691 11683
3 11683 11691 11692
3 11683 11692 11684
3 11684 11692 11693
3 11684 11693 11685
3 11685 11693 11694
3 11685 11694 11686
3 11686 11694 11695
3 11686 11695 11687
3 11687 11695 11688
3 11687 11688 11680
3 11688 11696 11697
3 11688 11697 11689
3 11689 11697 11698
3 11689 11698 11690
3 11690 11698 11699
3 11690 11699 11691
3 11691 11699 11700
3 11691 11700 11692
3 11692 11700 11701
3 11692 11701 11693
3 11693 11701 11702
3 11693 11702 11694
3 11694 11702 11703
3 11694 11703 11695
3 11695 11703 11696
3 11695 11696 11688
3 11696 11704 11705
3 11696 11705 11697
3 11697 11705 11706
3 11697 11706 11698
3 11698 11706 11707
3 11698 11707 11699
3 11699 11707 11708
3 11699 11708 11700
3 11700 11708 11709
3 11700 11709 11701
3 11701 11709 11710
3 11701 11710 11702
3 11702 11710 11711
3 11702 11711 11703
3 11703 11711 11704
3 11703 11704 11696
3 11704 11712 11713
3 11704 11713 11705
3 11705 11713 11714
3 11705 11714 11706
3 11706 11714 11715
3 11706 11715 11707
3 11707 11715 11716
3 11707 11716 11708
3 11708 11716 11717
3 11708 11717 11709
3 11709 11717 11718
3 11709 11718 11710
3 11710 11718 11719
3 11710 11719 11711
3 11711 11719 11712
3 11711 11712 11704
3 11712 11720 11721
3 11712 11721 11713
3 11713 11721 11722
3 11713 11722 11714
3 11714 11722 11723
3 11714 11723 11715
3 11715 11723 11724
3 11715 11724 11716
3 11716 11724 11725
3 11716 11725 11717
3 11717 11725 11726
3 11717 11726 11718
3 11718 11726 11727
3 11718 11727 11719
3 11719 11727 11720
3 11719 11720 11712
3 11720 11728 11729
3 11720 11729 11721
3 11721 11729 11730
3 11721 11730 11722
3 11722 11730 11731
3 11722 11731 11723
3 11723 11731 11732
3 11723 11732 11724
3 11724 11732 11733
3 11724 11733 11725
3 11725 11733 11734
3 11725 11734 11726
3 11726 11734 11735
3 11726 11735 11727
3 11727 11735 11728
3 11727 11728 11720
3 11728 11736 11737
3 11728 11737 11729
3 11729 11737 11738
3 11729 11738 11730
3 11730 11738 11739
3 11730 11739 11731
3 11731 11739 11740
3 11731 11740 11732
3 11732 11740 11741
3 11732 11741 11733
3 11733 11741 11742
3 11733 11742 11734
3 11734 11742 11743
3 11734 11743 11735
3 11735 11743 11736
3 11735 11736 11728
3 11736 11744 11745
3 11736 11745 11737
3 11737 11745 11746
3 11737 11746 11738
3 11738 11746 11747
3 11738 11747 11739
3 11739 11747 11748
3 11739 11748 11740
3 11740 11748 11749
3 11740 11749 11741
3 11741 11749 11750
3 11741 11750 11742
3 11742 11750 11751
3 11742 11751 11743
3 11743 11751 11744
3 11743 11744 11736
3 11744 11752 11753
3 11744 11753 11745
3 11745 11753 11754
3 11745 11754 11746
3 11746 11754 11755
3 11746 11755 11747
3 11747 11755 11756
3 11747 11756 11748
3 11748 11756 11757
3 11748 11757 11749
3 11749 11757 11758
3 11749 11758 11750
3 11750 11758 11759
3 11750 11759 11751
3 11751 11759 11752
3 11751 11752 11744
3 11752 11760 11761
3 11752 11761 11753
3 11753 11761 11762
3 11753 11762 11754
3 11754 11762 11763
3 11754 11763 11755
3 11755 11763 11764
3 11755 11764 11756
3 11756 11764 11765
3 11756 11765 11757
3 11757 11765 11766
3 11757 11766 11758
3 11758 11766 11767
3 11758 11767 11759
3 11759 11767 11760
3 11759 11760 11752
3 11760 11768 11769
3 11760 11769 11761
3 11761 11769 11770
3 11761 11770 11762
3 11762 11770 11771
3 11762 11771 11763
3 11763 11771 11772
3 11763 11772 11764
3 11764 11772 11773
3 11764 11773 11765
3 11765 11773 11774
3 11765 11774 11766
3 11766 11774 11775
3 11766 11775 11767
3 11767 11775 11768
3 11767 11768 11760
3 11768 11776 11777
3 11768 11777 11769
3 11769 11777 11778
3 11769 11778 11770
3 11770 11778 11779
3 11770 11779 11771
3 11771 11779 11780
3 11771 11780 11772
3 11772 11780 11781
3 11772 11781 11773
3 11773 11781 11782
3 11773 11782 11774
3 11774 11782 11783
3 11774 11783 11775
3 11775 11783 11776
3 11775 11776 11768
3 11776 11784 11785
3 11776 11785 11777
3 11777 11785 11786
3 11777 11786 11778
3 11778 11786 11787
3 11778 11787 11779
3 11779 11787 11788
3 11779 11788 11780
3 11780 11788 11789
3 11780 11789 11781
3 11781 11789 11790
3 11781 11790 11782
3 11782 11790 11791
3 11782 11791 11783
3 11783 11791 11784
3 11783 11784 11776
3 11784 11792 11793
3 11784 11793 11785
3 11785 11793 11794
3 11785 11794 11786
3 11786 11794 11795
3 11786 11795 11787
3 11787 11795 11796
3 11787 11796 11788
3 11788 11796 11797
3 11788 11797 11789
3 11789 11797 11798
3 11789 11798 11790
3 11790 11798 11799
3 11790 11799 11791
3 11791 11799 11792
3 11791 11792 11784
3 11792 11800 11801
3 11792 11801 11793
3 11793 11801 11802
3 11793 11802 11794
3 11794 11802 11803
3 11794 11803 11795
3 11795 11803 11804
3 11795 11804 11796
3 11796 11804 11805
3 11796 11805 11797
3 11797 11805 11806
3 11797 11806 11798
3 11798 11806 11807
3 11798 11807 11799
3 11799 11807 11800
3 11799 11800 11792
3 11800 11808 11809
3 11800 11809 11801
3 11801 11809 11810
3 11801 11810 11802
3 11802 11810 11811
3 11802 11811 11803
3 11803 11811 11812
3 11803 11812 11804
3 11804 11812 11813
3 11804 11813 11805
3 11805 11813 11814
3 11805 11814 11806
3 11806 11814 11815
3 11806 11815 11807
3 11807 11815 11808
3 11807 11808 11800
3 11808 11816 11817
3 11808 11817 11809
3 11809 11817 11818
3 11809 11818 11810
3 11810 11818 11819
3 11810 11819 11811
3 11811 11819 11820
3 11811 11820 11812
3 11812 11820 11821
3 11812 11821 11813
3 11813 11821 11822
3 11813 11822 11814
3 11814 11822 11823
3 11814 11823 11815
3 11815 11823 11816
3 11815 11816 11808
3 11816 11824 11825
3 11816 11825 11817
3 11817 11825 11826
3 11817 11826 11818
3 11818 11826 11827
3 11818 11827 11819
3 11819 11827 11828
3 11819 11828 11820
3 11820 11828 11829
3 11820 11829 11821
3 11821 11829 11830
3 11821 11830 11822
3 11822 11830 11831
3 11822 11831 11823
3 11823 11831 11824
3 11823 11824 11816
3 11824 11832 11833
3 11824 11833 11825
3 11825 11833 11834
3 11825 11834 11826
3 11826 11834 11835
3 11826 11835 11827
3 11827 11835 11836
3 11827 11836 11828
3 11828 11836 11837
3 11828 11837 11829
3 11829 11837 11838
3 11829 11838 11830
3 11830 11838 11839
3 11830 11839 11831
3 11831 11839 11832
3 11831 11832 11824
3 11832 11840 11841
3 11832 11841 11833
3 11833 11841 11842
3 11833 11842 11834
3 11834 11842 11843
3 11834 11843 11835
3 11835 11843 11844
3 11835 11844 11836
3 11836 11844 11845
3 11836 11845 11837
3 11837 11845 11846
3 11837 11846 11838
3 11838 11846 11847
3 11838 11847 11839
3 11839 11847 11840
3 11839 11840 11832
3 11840 11848 11849
3 11840 11849 11841
3 11841 11849 11850
3 11841 11850 11842
3 11842 11850 11851
3 11842 11851 11843
3 11843 11851 11852
3 11843 11852 11844
3 11844 11852 11853
3 11844 11853 11845
3 11845 11853 11854
3 11845 11854 11846
3 11846 11854 11855
3 11846 11855 11847
3 11847 11855 11848
3 11847 11848 11840
3 11848 11856 11857
3 11848 11857 11849
3 11849 11857 11858
3 11849 11858 11850
3 11850 11858 11859
3 11850 11859 11851
3 11851 11859 11860
3 11851 11860 11852
3 11852 11860 11861
3 11852 11861 11853
3 11853 11861 11862
3 11853 11862 11854
3 11854 11862 11863
3 11854 11863 11855
3 11855 11863 11856
3 11855 11856 11848
3 11856 11864 11865
3 11856 11865 11857
3 11857 11865 11866
3 11857 11866 11858
3 11858 11866 11867
3 11858 11867 11859
3 11859 11867 11868
3 11859 11868 11860
3 11860 11868 11869
3 11860 11869 11861
3 11861 11869 11870
3 11861 11870 11862
3 11862 11870 11871
3 11862 11871 11863
3 11863 11871 11864
3 11863 11864 11856
3 11864 11872 11873
3 11864 11873 11865
3 11865 11873 11874
3 11865 11874 11866
3 11866 11874 11875
3 11866 11875 11867
3 11867 11875 11876
3 11867 11876 11868
3 11868 11876 11877
3 11868 11877 11869
3 11869 11877 11878
3 11869 11878 11870
3 11870 11878 11879
3 11870 11879 11871
3 11871 11879 11872
3 11871 11872 11864
3 11872 11880 11881
3 11872 11881 11873
3 11873 11881 11882
3 11873 11882 11874
3 11874 11882 11883
3 11874 11883 11875
3 11875 11883 11884
3 11875 11884 11876
3 11876 11884 11885
3 11876 11885 11877
3 11877 11885 11886
3 11877 11886 11878
3 11878 11886 11887
3 11878 11887 11879
3 11879 11887 11880
3 11879 11880 11872
3 11880 11888 11889
3 11880 11889 11881
3 11881 11889 11890
3 11881 11890 11882
3 11882 11890 11891
3 11882 11891 11883
3 11883 11891 11892
3 11883 11892 11884
3 11884 11892 11893
3 11884 11893 11885
3 11885 11893 11894
3 11885 11894 11886
3 11886 11894 11895
3 11886 11895 11887
3 11887 11895 11888
3 11887 11888 11880
3 11888 11896 11897
3 11888 11897 11889
3 11889 11897 11898
3 11889 11898 11890
3 11890 11898 11899
3 11890 11899 11891
3 11891 11899 11900
3 11891 11900 11892
3 11892 11900 11901
3 11892 11901 11893
3 11893 11901 11902
3 11893 11902 11894
3 11894 11902 11903
3 11894 11903 11895
3 11895 11903 11896
3 11895 11896 11888
3 11896 11904 11905
3 11896 11905 11897
3 11897 11905 11906
3 11897 11906 11898
3 11898 11906 11907
3 11898 11907 11899
3 11899 11907 11908
3 11899 11908 11900
3 11900 11908 11909
3 11900 11909 11901
3 11901 11909 11910
3 11901 11910 11902
3 11902 11910 11911
3 11902 11911 11903
3 11903 11911 11904
3 11903 11904 11896
3 11904 11912 11913
3 11904 11913 11905
3 11905 11913 11914
3 11905 11914 11906
3 11906 11914 11915
3 11906 11915 11907
3 11907 11915 11916
3 11907 11916 11908
3 11908 11916 11917
3 11908 11917 11909
3 11909 11917 11918
3 11909 11918 11910
3 11910 11918 11919
3 11910 11919 11911
3 11911 11919 11912
3 11911 11912 11904
3 11912 11920 11921
3 11912 11921 11913
3 11913 11921 11922
3 11913 11922 11914
3 11914 11922 11923
3 11914 11923 11915
3 11915 11923 11924
3 11915 11924 11916
3 11916 11924 11925
3 11916 11925 11917
3 11917 11925 11926
3 11917 11926 11918
3 11918 11926 11927
3 11918 11927 11919
3 11919 11927 11920
3 11919 11920 11912
3 11920 11928 11929
3 11920 11929 11921
3 11921 11929 11930
3 11921 11930 11922
3 11922 11930 11931
3 11922 11931 11923
3 11923 11931 11932
3 11923 11932 11924
3 11924 11932 11933
3 11924 11933 11925
3 11925 11933 11934
3 11925 11934 11926
3 11926 11934 11935
3 11926 11935 11927
3 11927 11935 11928
3 11927 11928 11920
3 11928 11936 11937
3 11928 11937 11929
3 11929 11937 11938
3 11929 11938 11930
3 11930 11938 11939
3 11930 11939 11931
3 11931 11939 11940
3 11931 11940 11932
3 11932 11940 11941
3 11932 11941 11933
3 11933 11941 11942
3 11933 11942 11934
3 11934 11942 11943
3 11934 11943 11935
3 11935 11943 11936
3 11935 11936 11928
3 11936 11944 11945
3 11936 11945 11937
3 11937 11945 11946
3 11937 11946 11938
3 11938 11946 11947
3 11938 11947 11939
3 11939 11947 11948
3 11939 11948 11940
3 11940 11948 11949
3 11940 11949 11941
3 11941 11949 11950
3 11941 11950 11942
3 11942 11950 11951
3 11942 11951 11943
3 11943 11951 11944
3 11943 11944 11936
3 11944 11952 11953
3 11944 11953 11945
3 11945 11953 11954
3 11945 11954 11946
3 11946 11954 11955
3 11946 11955 11947
3 11947 11955 11956
3 11947 11956 11948
3 11948 11956 11957
3 11948 11957 11949
3 11949 11957 11958
3 11949 11958 11950
3 11950 11958 11959
3 11950 11959 11951
3 11951 11959 11952
3 11951 11952 11944
3 11952 11960 11961
3 11952 11961 11953
3 11953 11961 11962
3 11953 11962 11954
3 11954 11962 11963
3 11954 11963 11955
3 11955 11963 11964
3 11955 11964 11956
3 11956 11964 11965
3 11956 11965 11957
3 11957 11965 11966
3 11957 11966 11958
3 11958 11966 11967
3 11958 11967 11959
3 11959 11967 11960
3 11959 11960 11952
3 11960 11968 11969
3 11960 11969 11961
3 11961 11969 11970
3 11961 11970 11962
3 11962 11970 11971
3 11962 11971 11963
3 11963 11971 11972
3 11963 11972 11964
3 11964 11972 11973
3 11964 11973 11965
3 11965 11973 11974
3 11965 11974 11966
3 11966 11974 11975
3 11966 11975 11967
3 11967 11975 11968
3 11967 11968 11960
3 11968 11976 11977
3 11968 11977 11969
3 11969 11977 11978
3 11969 11978 11970
3 11970 11978 11979
3 11970 11979 11971
3 11971 11979 11980
3 11971 11980 11972
3 11972 11980 11981
3 11972 11981 11973
3 11973 11981 11982
3 11973 11982 11974
3 11974 11982 11983
3 11974 11983 11975
3 11975 11983 11976
3 11975 11976 11968
3 11976 11984 11985
3 11976 11985 11977
3 11977 11985 11986
3 11977 11986 11978
3 11978 11986 11987
3 11978 11987 11979
3 11979 11987 11988
3 11979 11988 11980
3 11980 11988 11989
3 11980 11989 11981
3 11981 11989 11990
3 11981 11990 11982
3 11982 11990 11991
3 11982 11991 11983
3 11983 11991 11984
3 11983 11984 11976
3 11984 11992 11993
3 11984 11993 11985
3 11985 11993 11994
3 11985 11994 11986
3 11986 11994 11995
3 11986 11995 11987
3 11987 11995 11996
3 11987 11996 11988
3 11988 11996 11997
3 11988 11997 11989
3 11989 11997 11998
3 11989 11998 11990
3 11990 11998 11999
3 11990 11999 11991
3 11991 11999 11992
3 11991 11992 11984
3 11992 12000 12001
3 11992 12001 11993
3 11993 12001 12002
3 11993 12002 11994
3 11994 12002 12003
3 11994 12003 11995
3 11995 12003 12004
3 11995 12004 11996
3 11996 12004 12005
3 11996 12005 11997
3 11997 12005 12006
3 11997 12006 11998
3 11998 12006 12007
3 11998 12007 11999
3 11999 12007 12000
3 11999 12000 11992
3 12000 12008 12009
3 12000 12009 12001
3 12001 12009 12010
3 12001 12010 12002
3 12002 12010 12011
3 12002 12011 12003
3 12003 12011 12012
3 12003 12012 12004
3 12004 12012 12013
3 12004 12013 12005
3 12005 12013 12014
3 12005 12014 12006
3 12006 12014 12015
3 12006 12015 12007
3 12007 12015 12008
3 12007 12008 12000
3 12008 12016 12017
3 12008 12017 12009
3 12009 12017 12018
3 12009 12018 12010
3 12010 12018 12019
3 12010 12019 12011
3 12011 12019 12020
3 12011 12020 12012
3 12012 12020 12021
3 12012 12021 12013
3 12013 12021 12022
3 12013 12022 12014
3 12014 12022 12023
3 12014 12023 12015
3 12015 12023 12016
3 12015 12016 12008
3 12016 12024 12025
3 12016 12025 12017
3 12017 12025 12026
3 12017 12026 12018
3 12018 12026 12027
3 12018 12027 12019
3 12019 12027 12028
3 12019 12028 12020
3 12020 12028 12029
3 12020 12029 12021
3 12021 12029 12030
3 12021 12030 12022
3 12022 12030 12031
3 12022 12031 12023
3 12023 12031 12024
3 12023 12024 12016
3 12024 12032 12033
3 12024 12033 12025
3 12025 12033 12034
3 12025 12034 12026
3 12026 12034 12035
3 12026 12035 12027
3 12027 12035 12036
3 12027 12036 12028
3 12028 12036 12037
3 12028 12037 12029
3 12029 12037 12038
3 12029 12038 12030
3 12030 12038 12039
3 12030 12039 12031
3 12031 12039 12032
3 12031 12032 12024
3 12032 12040 12041
3 12032 12041 12033
3 12033 12041 12042
3 12033 12042 12034
3 12034 12042 12043
3 12034 12043 12035
3 12035 12043 12044
3 12035 12044 12036
3 12036 12044 12045
3 12036 12045 12037
3 12037 12045 12046
3 12037 12046 12038
3 12038 12046 12047
3 12038 12047 12039
3 12039 12047 12040
3 12039 12040 12032
3 12040 12048 12049
3 12040 12049 12041
3 12041 12049 12050
3 12041 12050 12042
3 12042 12050 12051
3 12042 12051 12043
3 12043 12051 12052
3 12043 12052 12044
3 12044 12052 12053
3 12044 12053 12045
3 12045 12053 12054
3 12045 12054 12046
3 12046 12054 12055
3 12046 12055 12047
3 12047 12055 12048
3 12047 12048 12040
3 12048 12056 12057
3 12048 12057 12049
3 12049 12057 12058
3 12049 12058 12050
3 12050 12058 12059
3 12050 12059 12051
3 12051 12059 12060
3 12051 12060 12052
3 12052 12060 12061
3 12052 12061 12053
3 12053 12061 12062
3 12053 12062 12054
3 12054 12062 12063
3 12054 12063 12055
3 12055 12063 12056
3 12055 12056 12048
3 12056 12064 12065
3 12056 12065 12057
3 12057 12065 12066
3 12057 12066 12058
3 12058 12066 12067
3 12058 12067 12059
3 12059 12067 12068
3 12059 12068 12060
3 12060 12068 12069
3 12060 12069 12061
3 12061 12069 12070
3 12061 12070 12062
3 12062 12070 12071
3 12062 12071 12063
3 12063 12071 12064
3 12063 12064 12056
3 12064 12072 12073
3 12064 12073 12065
3 12065 12073 12074
3 12065 12074 12066
3 12066 12074 12075
3 12066 12075 12067
3 12067 12075 12076
3 12067 12076 12068
3 12068 12076 12077
3 12068 12077 12069
3 12069 12077 12078
3 12069 12078 12070
3 12070 12078 12079
3 12070 12079 12071
3 12071 12079 12072
3 12071 12072 12064
3 12072 12080 12081
3 12072 12081 12073
3 12073 12081 12082
3 12073 12082 12074
3 12074 12082 12083
3 12074 12083 12075
3 12075 12083 12084
3 12075 12084 12076
3 12076 12084 12085
3 12076 12085 12077
3 12077 12085 12086
3 12077 12086 12078
3 12078 12086 12087
3 12078 12087 12079
3 12079 12087 12080
3 12079 12080 12072
3 12080 12088 12089
3 12080 12089 12081
3 12081 12089 12090
3 12081 12090 12082
3 12082 12090 12091
3 12082 12091 12083
3 12083 12091 12092
3 12083 12092 12084
3 12084 12092 12093
3 12084 12093 12085
3 12085 12093 12094
3 12085 12094 12086
3 12086 12094 12095
3 12086 12095 12087
3 12087 12095 12088
3 12087 12088 12080
3 12088 12096 12097
3 12088 12097 12089
3 12089 12097 12098
3 12089 12098 12090
3 12090 12098 12099
3 12090 12099 12091
3 12091 12099 12100
3 12091 12100 12092
3 12092 12100 12101
3 12092 12101 12093
3 12093 12101 12102
3 12093 12102 12094
3 12094 12102 12103
3 12094 12103 12095
3 12095 12103 12096
3 12095 12096 12088
3 12096 12104 12105
3 12096 12105 12097
3 12097 12105 12106
3 12097 12106 12098
3 12098 12106 12107
3 12098 12107 12099
3 12099 12107 12108
3 12099 12108 12100
3 12100 12108 12109
3 12100 12109 12101
3 12101 12109 12110
3 12101 12110 12102
3 12102 12110 12111
3 12102 12111 12103
3 12103 12111 12104
3 12103 12104 12096
3 12104 12112 12113
3 12104 12113 12105
3 12105 12113 12114
3 12105 12114 12106
3 12106 12114 12115
3 12106 12115 12107
3 12107 12115 12116
3 12107 12116 12108
3 12108 12116 12117
3 12108 12117 12109
3 12109 12117 12118
3 12109 12118 12110
3 12110 12118 12119
3 12110 12119 12111
3 12111 12119 12112
3 12111 12112 12104
3 12112 12120 12121
3 12112 12121 12113
3 12113 12121 12122
3 12113 12122 12114
3 12114 12122 12123
3 12114 12123 12115
3 12115 12123 12124
3 12115 12124 12116
3 12116 12124 12125
3 12116 12125 12117
3 12117 12125 12126
3 12117 12126 12118
3 12118 12126 12127
3 12118 12127 12119
3 12119 12127 12120
3 12119 12120 12112
3 12120 12128 12129
3 12120 12129 12121
3 12121 12129 12130
3 12121 12130 12122
3 12122 12130 12131
3 12122 12131 12123
3 12123 12131 12132
3 12123 12132 12124
3 12124 12132 12133
3 12124 12133 12125
3 12125 12133 12134
3 12125 12134 12126
3 12126 12134 12135
3 12126 12135 12127
3 12127 12135 12128
3 12127 12128 12120
3 12128 12136 12137
3 12128 12137 12129
3 12129 12137 12138
3 12129 12138 12130
3 12130 12138 12139
3 12130 12139 12131
3 12131 12139 12140
3 12131 12140 12132
3 12132 12140 12141
3 12132 12141 12133
3 12133 12141 12142
3 12133 12142 12134
3 12134 12142 12143
3 12134 12143 12135
3 12135 12143 12136
3 12135 12136 12128
3 12136 12144 12145
3 12136 12145 12137
3 12137 12145 12146
3 12137 12146 12138
3 12138 12146 12147
3 12138 12147 12139
3 12139 12147 12148
3 12139 12148 12140
3 12140 12148 12149
3 12140 12149 12141
3 12141 12149 12150
3 12141 12150 12142
3 12142 12150 12151
3 12142 12151 12143
3 12143 12151 12144
3 12143 12144 12136
3 12144 12152 12153
3 12144 12153 12145
3 12145 12153 12154
3 12145 12154 12146
3 12146 12154 12155
3 12146 12155 12147
3 12147 12155 12156
3 12147 12156 12148
3 12148 12156 12157
3 12148 12157 12149
3 12149 12157 12158
3 12149 12158 12150
3 12150 12158 12159
3 12150 12159 12151
3 12151 12159 12152
3 12151 12152 12144
3 12152 12160 12161
3 12152 12161 12153
3 12153 12161 12162
3 12153 12162 12154
3 12154 12162 12163
3 12154 12163 12155
3 12155 12163 12164
3 12155 12164 12156
3 12156 12164 12165
3 12156 12165 12157
3 12157 12165 12166
3 12157 12166 12158
3 12158 12166 12167
3 12158 12167 12159
3 12159 12167 12160
3 12159 12160 12152
3 12160 12168 12169
3 12160 12169 12161
3 12161 12169 12170
3 12161 12170 12162
3 12162 12170 12171
3 12162 12171 12163
3 12163 12171 12172
3 12163 12172 12164
3 12164 12172 12173
3 12164 12173 12165
3 12165 12173 12174
3 12165 12174 12166
3 12166 12174 12175
3 12166 12175 12167
3 12167 12175 12168
3 12167 12168 12160
3 12168 12176 12177
3 12168 12177 12169
3 12169 12177 12178
3 12169 12178 12170
3 12170 12178 12179
3 12170 12179 12171
3 12171 12179 12180
3 12171 12180 12172
3 12172 12180 12181
3 12172 12181 12173
3 12173 12181 12182
3 12173 12182 12174
3 12174 12182 12183
3 12174 12183 12175
3 12175 12183 12176
3 12175 12176 12168
3 12176 12184 12185
3 12176 12185 12177
3 12177 12185 12186
3 12177 12186 12178
3 12178 12186 12187
3 12178 12187 12179
3 12179 12187 12188
3 12179 12188 12180
3 12180 12188 12189
3 12180 12189 12181
3 12181 12189 12190
3 12181 12190 12182
3 12182 12190 12191
3 12182 12191 12183
3 12183 12191 12184
3 12183 12184 12176
3 12184 12192 12193
3 12184 12193 12185
3 12185 12193 12194
3 12185 12194 12186
3 12186 12194 12195
3 12186 12195 12187
3 12187 12195 12196
3 12187 12196 12188
3 12188 12196 12197
3 12188 12197 12189
3 12189 12197 12198
3 12189 12198 12190
3 12190 12198 12199
3 12190 12199 12191
3 12191 12199 12192
3 12191 12192 12184
3 12192 12200 12201
3 12192 12201 12193
3 12193 12201 12202
3 12193 12202 12194
3 12194 12202 12203
3 12194 12203 12195
3 12195 12203 12204
3 12195 12204 12196
3 12196 12204 12205
3 12196 12205 12197
3 12197 12205 12206
3 12197 12206 12198
3 12198 12206 12207
3 12198 12207 12199
3 12199 12207 12200
3 12199 12200 12192
3 12200 12208 12209
3 12200 12209 12201
3 12201 12209 12210
3 12201 12210 12202
3 12202 12210 12211
3 12202 12211 12203
3 12203 12211 12212
3 12203 12212 12204
3 12204 12212 12213
3 12204 12213 12205
3 12205 12213 12214
3 12205 12214 12206
3 12206 12214 12215
3 12206 12215 12207
3 12207 12215 12208
3 12207 12208 12200
3 12208 12216 12217
3 12208 12217 12209
3 12209 12217 12218
3 12209 12218 12210
3 12210 12218 12219
3 12210 12219 12211
3 12211 12219 12220
3 12211 12220 12212
3 12212 12220 12221
3 12212 12221 12213
3 12213 12221 12222
3 12213 12222 12214
3 12214 12222 12223
3 12214 12223 12215
3 12215 12223 12216
3 12215 12216 12208
3 12216 12224 12225
3 12216 12225 12217
3 12217 12225 12226
3 12217 12226 12218
3 12218 12226 12227
3 12218 12227 12219
3 12219 12227 12228
3 12219 12228 12220
3 12220 12228 12229
3 12220 12229 12221
3 12221 12229 12230
3 12221 12230 12222
3 12222 12230 12231
3 12222 12231 12223
3 12223 12231 12224
3 12223 12224 12216
3 12224 12232 12233
3 12224 12233 12225
3 12225 12233 12234
3 12225 12234 12226
3 12226 12234 12235
3 12226 12235 12227
3 12227 12235 12236
3 12227 12236 12228
3 12228 12236 12237
3 12228 12237 12229
3 12229 12237 12238
3 12229 12238 12230
3 12230 12238 12239
3 12230 12239 12231
3 12231 12239 12232
3 12231 12232 12224
3 12232 12240 12241
3 12232 12241 12233
3 12233 12241 12242
3 12233 12242 12234
3 12234 12242 12243
3 12234 12243 12235
3 12235 12243 12244
3 12235 12244 12236
3 12236 12244 12245
3 12236 12245 12237
3 12237 12245 12246
3 12237 12246 12238
3 12238 12246 12247
3 12238 12247 12239
3 12239 12247 12240
3 12239 12240 12232
3 12240 12248 12249
3 12240 12249 12241
3 12241 12249 12250
3 12241 12250 12242
3 12242 12250 12251
3 12242 12251 12243
3 12243 12251 12252
3 12243 12252 12244
3 12244 12252 12253
3 12244 12253 12245
3 12245 12253 12254
3 12245 12254 12246
3 12246 12254 12255
3 12246 12255 12247
3 12247 12255 12248
3 12247 12248 12240
3 12248 12256 12257
3 12248 12257 12249
3 12249 12257 12258
3 12249 12258 12250
3 12250 12258 12259
3 12250 12259 12251
3 12251 12259 12260
3 12251 12260 12252
3 12252 12260 12261
3 12252 12261 12253
3 12253 12261 12262
3 12253 12262 12254
3 12254 12262 12263
3 12254 12263 12255
3 12255 12263 12256
3 12255 12256 12248
3 12256 12264 12265
3 12256 12265 12257
3 12257 12265 12266
3 12257 12266 12258
3 12258 12266 12267
3 12258 12267 12259
3 12259 12267 12268
3 12259 12268 12260
3 12260 12268 12269
3 12260 12269 12261
3 12261 12269 12270
3 12261 12270 12262
3 12262 12270 12271
3 12262 12271 12263
3 12263 12271 12264
3 12263 12264 12256
3 12264 12272 12273
3 12264 12273 12265
3 12265 12273 12274
3 12265 12274 12266
3 12266 12274 12275
3 12266 12275 12267
3 12267 12275 12276
3 12267 12276 12268
3 12268 12276 12277
3 12268 12277 12269
3 12269 12277 12278
3 12269 12278 12270
3 12270 12278 12279
3 12270 12279 12271
3 12271 12279 12272
3 12271 12272 12264
3 12272 12280 12281
3 12272 12281 12273
3 12273 12281 12282
3 12273 12282 12274
3 12274 12282 12283
3 12274 12283 12275
3 12275 12283 12284
3 12275 12284 12276
3 12276 12284 12285
3 12276 12285 12277
3 12277 12285 12286
3 12277 12286 12278
3 12278 12286 12287
3 12278 12287 12279
3 12279 12287 12280
3 12279 12280 12272
3 12280 12288 12289
3 12280 12289 12281
3 12281 12289 12290
3 12281 12290 12282
3 12282 12290 12291
3 12282 12291 12283
3 12283 12291 12292
3 12283 12292 12284
3 12284 12292 12293
3 12284 12293 12285
3 12285 12293 12294
3 12285 12294 12286
3 12286 12294 12295
3 12286 12295 12287
3 12287 12295 12288
3 12287 12288 12280
3 12288 12296 12297
3 12288 12297 12289
3 12289 12297 12298
3 12289 12298 12290
3 12290 12298 12299
3 12290 12299 12291
3 12291 12299 12300
3 12291 12300 12292
3 12292 12300 12301
3 12292 12301 12293
3 12293 12301 12302
3 12293 12302 12294
3 12294 12302 12303
3 12294 12303 12295
3 12295 12303 12296
3 12295 12296 12288
3 12296 12304 12305
3 12296 12305 12297
3 12297 12305 12306
3 12297 12306 12298
3 12298 12306 12307
3 12298 12307 12299
3 12299 12307 12308
3 12299 12308 12300
3 12300 12308 12309
3 12300 12309 12301
3 12301 12309 12310
3 12301 12310 12302
3 12302 12310 12311
3 12302 12311 12303
3 12303 12311 12304
3 12303 12304 12296
3 12304 12312 12313
3 12304 12313 12305
3 12305 12313 12314
3 12305 12314 12306
3 12306 12314 12315
3 12306 12315 12307
3 12307 12315 12316
3 12307 12316 12308
3 12308 12316 12317
3 12308 12317 12309
3 12309 12317 12318
3 12309 12318 12310
3 12310 12318 12319
3 12310 12319 12311
3 12311 12319 12312
3 12311 12312 12304
3 12312 12320 12321
3 12312 12321 12313
3 12313 12321 12322
3 12313 12322 12314
3 12314 12322 12323
3 12314 12323 12315
3 12315 12323 12324
3 12315 12324 12316
3 12316 12324 12325
3 12316 12325 12317
3 12317 12325 12326
3 12317 12326 12318
3 12318 12326 12327
3 12318 12327 12319
3 12319 12327 12320
3 12319 12320 12312
3 12320 12328 12329
3 12320 12329 12321
3 12321 12329 12330
3 12321 12330 12322
3 12322 12330 12331
3 12322 12331 12323
3 12323 12331 12332
3 12323 12332 12324
3 12324 12332 12333
3 12324 12333 12325
3 12325 12333 12334
3 12325 12334 12326
3 12326 12334 12335
3 12326 12335 12327
3 12327 12335 12328
3 12327 12328 12320
3 12328 12336 12337
3 12328 12337 12329
3 12329 12337 12338
3 12329 12338 12330
3 12330 12338 12339
3 12330 12339 12331
3 12331 12339 12340
3 12331 12340 12332
3 12332 12340 12341
3 12332 12341 12333
3 12333 12341 12342
3 12333 12342 12334
3 12334 12342 12343
3 12334 12343 12335
3 12335 12343 12336
3 12335 12336 12328
3 12336 12344 12345
3 12336 12345 12337
3 12337 12345 12346
3 12337 12346 12338
3 12338 12346 12347
3 12338 12347 12339
3 12339 12347 12348
3 12339 12348 12340
3 12340 12348 12349
3 12340 12349 12341
3 12341 12349 12350
3 12341 12350 12342
3 12342 12350 12351
3 12342 12351 12343
3 12343 12351 12344
3 12343 12344 12336
3 12344 12352 12353
3 12344 12353 12345
3 12345 12353 12354
3 12345 12354 12346
3 12346 12354 12355
3 12346 12355 12347
3 12347 12355 12356
3 12347 12356 12348
3 12348 12356 12357
3 12348 12357 12349
3 12349 12357 12358
3 12349 12358 12350
3 12350 12358 12359
3 12350 12359 12351
3 12351 12359 12352
3 12351 12352 12344
3 12352 12360 12361
3 12352 12361 12353
3 12353 12361 12362
3 12353 12362 12354
3 12354 12362 12363
3 12354 12363 12355
3 12355 12363 12364
3 12355 12364 12356
3 12356 12364 12365
3 12356 12365 12357
3 12357 12365 12366
3 12357 12366 12358
3 12358 12366 12367
3 12358 12367 12359
3 12359 12367 12360
3 12359 12360 12352
3 12360 12368 12369
3 12360 12369 12361
3 12361 12369 12370
3 12361 12370 12362
3 12362 12370 12371
3 12362 12371 12363
3 12363 12371 12372
3 12363 12372 12364
3 12364 12372 12373
3 12364 12373 12365
3 12365 12373 12374
3 12365 12374 12366
3 12366 12374 12375
3 12366 12375 12367
3 12367 12375 12368
3 12367 12368 12360
3 12368 12376 12377
3 12368 12377 12369
3 12369 12377 12378
3 12369 12378 12370
3 12370 12378 12379
3 12370 12379 12371
3 12371 12379 12380
3 12371 12380 12372
3 12372 12380 12381
3 12372 12381 12373
3 12373 12381 12382
3 12373 12382 12374
3 12374 12382 12383
3 12374 12383 12375
3 12375 12383 12376
3 12375 12376 12368
3 12376 12384 12385
3 12376 12385 12377
3 12377 12385 12386
3 12377 12386 12378
3 12378 12386 12387
3 12378 12387 12379
3 12379 12387 12388
3 12379 12388 12380
3 12380 12388 12389
3 12380 12389 12381
3 12381 12389 12390
3 12381 12390 12382
3 12382 12390 12391
3 12382 12391 12383
3 12383 12391 12384
3 12383 12384 12376
3 12384 12392 12393
3 12384 12393 12385
3 12385 12393 12394
3 12385 12394 12386
3 12386 12394 12395
3 12386 12395 12387
3 12387 12395 12396
3 12387 12396 12388
3 12388 12396 12397
3 12388 12397 12389
3 12389 12397 12398
3 12389 12398 12390
3 12390 12398 12399
3 12390 12399 12391
3 12391 12399 12392
3 12391 12392 12384
3 12392 12400 12401
3 12392 12401 12393
3 12393 12401 12402
3 12393 12402 12394
3 12394 12402 12403
3 12394 12403 12395
3 12395 12403 12404
3 12395 12404 12396
3 12396 12404 12405
3 12396 12405 12397
3 12397 12405 12406
3 12397 12406 12398
3 12398 12406 12407
3 12398 12407 12399
3 12399 12407 12400
3 12399 12400 12392
3 12400 12408 12409
3 12400 12409 12401
3 12401 12409 12410
3 12401 12410 12402
3 12402 12410 12411
3 12402 12411 12403
3 12403 12411 12412
3 12403 12412 12404
3 12404 12412 12413
3 12404 12413 12405
3 12405 12413 12414
3 12405 12414 12406
3 12406 12414 12415
3 12406 12415 12407
3 12407 12415 12408
3 12407 12408 12400
3 12408 12416 12417
3 12408 12417 12409
3 12409 12417 12418
3 12409 12418 12410
3 12410 12418 12419
3 12410 12419 12411
3 12411 12419 12420
3 12411 12420 12412
3 12412 12420 12421
3 12412 12421 12413
3 12413 12421 12422
3 12413 12422 12414
3 12414 12422 12423
3 12414 12423 12415
3 12415 12423 12416
3 12415 12416 12408
3 12416 12424 12425
3 12416 12425 12417
3 12417 12425 12426
3 12417 12426 12418
3 12418 12426 12427
3 12418 12427 12419
3 12419 12427 12428
3 12419 12428 12420
3 12420 12428 12429
3 12420 12429 12421
3 12421 12429 12430
3 12421 12430 12422
3 12422 12430 12431
3 12422 12431 12423
3 12423 12431 12424
3 12423 12424 12416
3 12424 12432 12433
3 12424 12433 12425
3 12425 12433 12434
3 12425 12434 12426
3 12426 12434 12435
3 12426 12435 12427
3 12427 12435 12436
3 12427 12436 12428
3 12428 12436 12437
3 12428 12437 12429
3 12429 12437 12438
3 12429 12438 12430
3 12430 12438 12439
3 12430 12439 12431
3 12431 12439 12432
3 12431 12432 12424
3 12432 12440 12441
3 12432 12441 12433
3 12433 12441 12442
3 12433 12442 12434
3 12434 12442 12443
3 12434 12443 12435
3 12435 12443 12444
3 12435 12444 12436
3 12436 12444 12445
3 12436 12445 12437
3 12437 12445 12446
3 12437 12446 12438
3 12438 12446 12447
3 12438 12447 12439
3 12439 12447 12440
3 12439 12440 12432
3 12440 12448 12449
3 12440 12449 12441
3 12441 12449 12450
3 12441 12450 12442
3 12442 12450 12451
3 12442 12451 12443
3 12443 12451 12452
3 12443 12452 12444
3 12444 12452 12453
3 12444 12453 12445
3 12445 12453 12454
3 12445 12454 12446
3 12446 12454 12455
3 12446 12455 12447
3 12447 12455 12448
3 12447 12448 12440
3 12448 12456 12457
3 12448 12457 12449
3 12449 12457 12458
3 12449 12458 12450
3 12450 12458 12459
3 12450 12459 12451
3 12451 12459 12460
3 12451 12460 12452
3 12452 12460 12461
3 12452 12461 12453
3 12453 12461 12462
3 12453 12462 12454
3 12454 12462 12463
3 12454 12463 12455
3 12455 12463 12456
3 12455 12456 12448
3 12456 12464 12465
3 12456 12465 12457
3 12457 12465 12466
3 12457 12466 12458
3 12458 12466 12467
3 12458 12467 12459
3 12459 12467 12468
3 12459 12468 12460
3 12460 12468 12469
3 12460 12469 12461
3 12461 12469 12470
3 12461 12470 12462
3 12462 12470 12471
3 12462 12471 12463
3 12463 12471 12464
3 12463 12464 12456
3 12464 12472 12473
3 12464 12473 12465
3 12465 12473 12474
3 12465 12474 12466
3 12466 12474 12475
3 12466 12475 12467
3 12467 12475 12476
3 12467 12476 12468
3 12468 12476 12477
3 12468 12477 12469
3 12469 12477 12478
3 12469 12478 12470
3 12470 12478 12479
3 12470 12479 12471
3 12471 12479 12472
3 12471 12472 12464
3 12472 12480 12481
3 12472 12481 12473
3 12473 12481 12482
3 12473 12482 12474
3 12474 12482 12483
3 12474 12483 12475
3 12475 12483 12484
3 12475 12484 12476
3 12476 12484 12485
3 12476 12485 12477
3 12477 12485 12486
3 12477 12486 12478
3 12478 12486 12487
3 12478 12487 12479
3 12479 12487 12480
3 12479 12480 12472
3 12480 12488 12489
3 12480 12489 12481
3 12481 12489 12490
3 12481 12490 12482
3 12482 12490 12491
3 12482 12491 12483
3 12483 12491 12492
3 12483 12492 12484
3 12484 12492 12493
3 12484 12493 12485
3 12485 12493 12494
3 12485 12494 12486
3 12486 12494 12495
3 12486 12495 12487
3 12487 12495 12488
3 12487 12488 12480
3 12488 12496 12497
3 12488 12497 12489
3 12489 12497 12498
3 12489 12498 12490
3 12490 12498 12499
3 12490 12499 12491
3 12491 12499 12500
3 12491 12500 12492
3 12492 12500 12501
3 12492 12501 12493
3 12493 12501 12502
3 12493 12502 12494
3 12494 12502 12503
3 12494 12503 12495
3 12495 12503 12496
3 12495 12496 12488
3 12496 12504 12505
3 12496 12505 12497
3 12497 12505 12506
3 12497 12506 12498
3 12498 12506 12507
3 12498 12507 12499
3 12499 12507 12508
3 12499 12508 12500
3 12500 12508 12509
3 12500 12509 12501
3 12501 12509 12510
3 12501 12510 12502
3 12502 12510 12511
3 12502 12511 12503
3 12503 12511 12504
3 12503 12504 12496
3 12504 12512 12513
3 12504 12513 12505
3 12505 12513 12514
3 12505 12514 12506
3 12506 12514 12515
3 12506 12515 12507
3 12507 12515 12516
3 12507 12516 12508
3 12508 12516 12517
3 12508 12517 12509
3 12509 12517 12518
3 12509 12518 12510
3 12510 12518 12519
3 12510 12519 12511
3 12511 12519 12512
3 12511 12512 12504
3 12512 12520 12521
3 12512 12521 12513
3 12513 12521 12522
3 12513 12522 12514
3 12514 12522 12523
3 12514 12523 12515
3 12515 12523 12524
3 12515 12524 12516
3 12516 12524 12525
3 12516 12525 12517
3 12517 12525 12526
3 12517 12526 12518
3 12518 12526 12527
3 12518 12527 12519
3 12519 12527 12520
3 12519 12520 12512
3 12520 12528 12529
3 12520 12529 12521
3 12521 12529 12530
3 12521 12530 12522
3 12522 12530 12531
3 12522 12531 12523
3 12523 12531 12532
3 12523 12532 12524
3 12524 12532 12533
3 12524 12533 12525
3 12525 12533 12534
3 12525 12534 12526
3 12526 12534 12535
3 12526 12535 12527
3 12527 12535 12528
3 12527 12528 12520
3 12528 12536 12537
3 12528 12537 12529
3 12529 12537 12538
3 12529 12538 12530
3 12530 12538 12539
3 12530 12539 12531
3 12531 12539 12540
3 12531 12540 12532
3 12532 12540 12541
3 12532 12541 12533
3 12533 12541 12542
3 12533 12542 12534
3 12534 12542 12543
3 12534 12543 12535
3 12535 12543 12536
3 12535 12536 12528
3 12536 12544 12545
3 12536 12545 12537
3 12537 12545 12546
3 12537 12546 12538
3 12538 12546 12547
3 12538 12547 12539
3 12539 12547 12548
3 12539 12548 12540
3 12540 12548 12549
3 12540 12549 12541
3 12541 12549 12550
3 12541 12550 12542
3 12542 12550 12551
3 12542 12551 12543
3 12543 12551 12544
3 12543 12544 12536
3 12544 12552 12553
3 12544 12553 12545
3 12545 12553 12554
3 12545 12554 12546
3 12546 12554 12555
3 12546 12555 12547
3 12547 12555 12556
3 12547 12556 12548
3 12548 12556 12557
3 12548 12557 12549
3 12549 12557 12558
3 12549 12558 12550
3 12550 12558 12559
3 12550 12559 12551
3 12551 12559 12552
3 12551 12552 12544
3 12552 12560 12561
3 12552 12561 12553
3 12553 12561 12562
3 12553 12562 12554
3 12554 12562 12563
3 12554 12563 12555
3 12555 12563 12564
3 12555 12564 12556
3 12556 12564 12565
3 12556 12565 12557
3 12557 12565 12566
3 12557 12566 12558
3 12558 12566 12567
3 12558 12567 12559
3 12559 12567 12560
3 12559 12560 12552
3 12560 12568 12569
3 12560 12569 12561
3 12561 12569 12570
3 12561 12570 12562
3 12562 12570 12571
3 12562 12571 12563
3 12563 12571 12572
3 12563 12572 12564
3 12564 12572 12573
3 12564 12573 12565
3 12565 12573 12574
3 12565 12574 12566
3 12566 12574 12575
3 12566 12575 12567
3 12567 12575 12568
3 12567 12568 12560
3 12568 12576 12577
3 12568 12577 12569
3 12569 12577 12578
3 12569 12578 12570
3 12570 12578 12579
3 12570 12579 12571
3 12571 12579 12580
3 12571 12580 12572
3 12572 12580 12581
3 12572 12581 12573
3 12573 12581 12582
3 12573 12582 12574
3 12574 12582 12583
3 12574 12583 12575
3 12575 12583 12576
3 12575 12576 12568
3 12576 12584 12585
3 12576 12585 12577
3 12577 12585 12586
3 12577 12586 12578
3 12578 12586 12587
3 12578 12587 12579
3 12579 12587 12588
3 12579 12588 12580
3 12580 12588 12589
3 12580 12589 12581
3 12581 12589 12590
3 12581 12590 12582
3 12582 12590 12591
3 12582 12591 12583
3 12583 12591 12584
3 12583 12584 12576
3 12584 12592 12593
3 12584 12593 12585
3 12585 12593 12594
3 12585 12594 12586
3 12586 12594 12595
3 12586 12595 12587
3 12587 12595 12596
3 12587 12596 12588
3 12588 12596 12597
3 12588 12597 12589
3 12589 12597 12598
3 12589 12598 12590
3 12590 12598 12599
3 12590 12599 12591
3 12591 12599 12592
3 12591 12592 12584
3 12592 12600 12601
3 12592 12601 12593
3 12593 12601 12602
3 12593 12602 12594
3 12594 12602 12603
3 12594 12603 12595
3 12595 12603 12604
3 12595 12604 12596
3 12596 12604 12605
3 12596 12605 12597
3 12597 12605 12606
3 12597 12606 12598
3 12598 12606 12607
3 12598 12607 12599
3 12599 12607 12600
3 12599 12600 12592
3 12600 12608 12609
3 12600 12609 12601
3 12601 12609 12610
3 12601 12610 12602
3 12602 12610 12611
3 12602 12611 12603
3 12603 12611 12612
3 12603 12612 12604
3 12604 12612 12613
3 12604 12613 12605
3 12605 12613 12614
3 12605 12614 12606
3 12606 12614 12615
3 12606 12615 12607
3 12607 12615 12608
3 12607 12608 12600
3 12608 12616 12617
3 12608 12617 12609
3 12609 12617 12618
3 12609 12618 12610
3 12610 12618 12619
3 12610 12619 12611
3 12611 12619 12620
3 12611 12620 12612
3 12612 12620 12621
3 12612 12621 12613
3 12613 12621 12622
3 12613 12622 12614
3 12614 12622 12623
3 12614 12623 12615
3 12615 12623 12616
3 12615 12616 12608
3 12616 12624 12625
3 12616 12625 12617
3 12617 12625 12626
3 12617 12626 12618
3 12618 12626 12627
3 12618 12627 12619
3 12619 12627 12628
3 12619 12628 12620
3 12620 12628 12629
3 12620 12629 12621
3 12621 12629 12630
3 12621 12630 12622
3 12622 12630 12631
3 12622 12631 12623
3 12623 12631 12624
3 12623 12624 12616
3 12624 12632 12633
3 12624 12633 12625
3 12625 12633 12634
3 12625 12634 12626
3 12626 12634 12635
3 12626 12635 12627
3 12627 12635 12636
3 12627 12636 12628
3 12628 12636 12637
3 12628 12637 12629
3 12629 12637 12638
3 12629 12638 12630
3 12630 12638 12639
3 12630 12639 12631
3 12631 12639 12632
3 12631 12632 12624
3 12632 12640 12641
3 12632 12641 12633
3 12633 12641 12642
3 12633 12642 12634
3 12634 12642 12643
3 12634 12643 12635
3 12635 12643 12644
3 12635 12644 12636
3 12636 12644 12645
3 12636 12645 12637
3 12637 12645 12646
3 12637 12646 12638
3 12638 12646 12647
3 12638 12647 12639
3 12639 12647 12640
3 12639 12640 12632
3 12640 12648 12649
3 12640 12649 12641
3 12641 12649 12650
3 12641 12650 12642
3 12642 12650 12651
3 12642 12651 12643
3 12643 12651 12652
3 12643 12652 12644
3 12644 12652 12653
3 12644 12653 12645
3 12645 12653 12654
3 12645 12654 12646
3 12646 12654 12655
3 12646 12655 12647
3 12647 12655 12648
3 12647 12648 12640
3 12648 12656 12657
3 12648 12657 12649
3 12649 12657 12658
3 12649 12658 12650
3 12650 12658 12659
3 12650 12659 12651
3 12651 12659 12660
3 12651 12660 12652
3 12652 12660 12661
3 12652 12661 12653
3 12653 12661 12662
3 12653 12662 12654
3 12654 12662 12663
3 12654 12663 12655
3 12655 12663 12656
3 12655 12656 12648
3 12656 12664 12665
3 12656 12665 12657
3 12657 12665 12666
3 12657 12666 12658
3 12658 12666 12667
3 12658 12667 12659
3 12659 12667 12668
3 12659 12668 12660
3 12660 12668 12669
3 12660 12669 12661
3 12661 12669 12670
3 12661 12670 12662
3 12662 12670 12671
3 12662 12671 12663
3 12663 12671 12664
3 12663 12664 12656
3 12664 12672 12673
3 12664 12673 12665
3 12665 12673 12674
3 12665 12674 12666
3 12666 12674 12675
3 12666 12675 12667
3 12667 12675 12676
3 12667 12676 12668
3 12668 12676 12677
3 12668 12677 12669
3 12669 12677 12678
3 12669 12678 12670
3 12670 12678 12679
3 12670 12679 12671
3 12671 12679 12672
3 12671 12672 12664
3 12672 12680 12681
3 12672 12681 12673
3 12673 12681 12682
3 12673 12682 12674
3 12674 12682 12683
3 12674 12683 12675
3 12675 12683 12684
3 12675 12684 12676
3 12676 12684 12685
3 12676 12685 12677
3 12677 12685 12686
3 12677 12686 12678
3 12678 12686 12687
3 12678 12687 12679
3 12679 12687 12680
3 12679 12680 12672
3 12680 12688 12689
3 12680 12689 12681
3 12681 12689 12690
3 12681 12690 12682
3 12682 12690 12691
3 12682 12691 12683
3 12683 12691 12692
3 12683 12692 12684
3 12684 12692 12693
3 12684 12693 12685
3 12685 12693 12694
3 12685 12694 12686
3 12686 12694 12695
3 12686 12695 12687
3 12687 12695 12688
3 12687 12688 12680
3 12688 12696 12697
3 12688 12697 12689
3 12689 12697 12698
3 12689 12698 12690
3 12690 12698 12699
3 12690 12699 12691
3 12691 12699 12700
3 12691 12700 12692
3 12692 12700 12701
3 12692 12701 12693
3 12693 12701 12702
3 12693 12702 12694
3 12694 12702 12703
3 12694 12703 12695
3 12695 12703 12696
3 12695 12696 12688
3 12696 12704 12705
3 12696 12705 12697
3 12697 12705 12706
3 12697 12706 12698
3 12698 12706 12707
3 12698 12707 12699
3 12699 12707 12708
3 12699 12708 12700
3 12700 12708 12709
3 12700 12709 12701
3 12701 12709 12710
3 12701 12710 12702
3 12702 12710 12711
3 12702 12711 12703
3 12703 12711 12704
3 12703 12704 12696
3 12704 12712 12713
3 12704 12713 12705
3 12705 12713 12714
3 12705 12714 12706
3 12706 12714 12715
3 12706 12715 12707
3 12707 12715 12716
3 12707 12716 12708
3 12708 12716 12717
3 12708 12717 12709
3 12709 12717 12718
3 12709 12718 12710
3 12710 12718 12719
3 12710 12719 12711
3 12711 12719 12712
3 12711 12712 12704
3 12712 12720 12721
3 12712 12721 12713
3 12713 12721 12722
3 12713 12722 12714
3 12714 12722 12723
3 12714 12723 12715
3 12715 12723 12724
3 12715 12724 12716
3 12716 12724 12725
3 12716 12725 12717
3 12717 12725 12726
3 12717 12726 12718
3 12718 12726 12727
3 12718 12727 12719
3 12719 12727 12720
3 12719 12720 12712
3 12720 12728 12729
3 12720 12729 12721
3 12721 12729 12730
3 12721 12730 12722
3 12722 12730 12731
3 12722 12731 12723
3 12723 12731 12732
3 12723 12732 12724
3 12724 12732 12733
3 12724 12733 12725
3 12725 12733 12734
3 12725 12734 12726
3 12726 12734 12735
3 12726 12735 12727
3 12727 12735 12728
3 12727 12728 12720
3 12728 12736 12737
3 12728 12737 12729
3 12729 12737 12738
3 12729 12738 12730
3 12730 12738 12739
3 12730 12739 12731
3 12731 12739 12740
3 12731 12740 12732
3 12732 12740 12741
3 12732 12741 12733
3 12733 12741 12742
3 12733 12742 12734
3 12734 12742 12743
3 12734 12743 12735
3 12735 12743 12736
3 12735 12736 12728
3 12736 12744 12745
3 12736 12745 12737
3 12737 12745 12746
3 12737 12746 12738
3 12738 12746 12747
3 12738 12747 12739
3 12739 12747 12748
3 12739 12748 12740
3 12740 12748 12749
3 12740 12749 12741
3 12741 12749 12750
3 12741 12750 12742
3 12742 12750 12751
3 12742 12751 12743
3 12743 12751 12744
3 12743 12744 12736
3 12744 12752 12753
3 12744 12753 12745
3 12745 12753 12754
3 12745 12754 12746
3 12746 12754 12755
3 12746 12755 12747
3 12747 12755 12756
3 12747 12756 12748
3 12748 12756 12757
3 12748 12757 12749
3 12749 12757 12758
3 12749 12758 12750
3 12750 12758 12759
3 12750 12759 12751
3 12751 12759 12752
3 12751 12752 12744
3 12752 12760 12761
3 12752 12761 12753
3 12753 12761 12762
3 12753 12762 12754
3 12754 12762 12763
3 12754 12763 12755
3 12755 12763 12764
3 12755 12764 12756
3 12756 12764 12765
3 12756 12765 12757
3 12757 12765 12766
3 12757 12766 12758
3 12758 12766 12767
3 12758 12767 12759
3 12759 12767 12760
3 12759 12760 12752
3 12760 12768 12769
3 12760 12769 12761
3 12761 12769 12770
3 12761 12770 12762
3 12762 12770 12771
3 12762 12771 12763
3 12763 12771 12772
3 12763 12772 12764
3 12764 12772 12773
3 12764 12773 12765
3 12765 12773 12774
3 12765 12774 12766
3 12766 12774 12775
3 12766 12775 12767
3 12767 12775 12768
3 12767 12768 12760
3 12768 12776 12777
3 12768 12777 12769
3 12769 12777 12778
3 12769 12778 12770
3 12770 12778 12779
3 12770 12779 12771
3 12771 12779 12780
3 12771 12780 12772
3 12772 12780 12781
3 12772 12781 12773
3 12773 12781 12782
3 12773 12782 12774
3 12774 12782 12783
3 12774 12783 12775
3 12775 12783 12776
3 12775 12776 12768
3 12776 12784 12785
3 12776 12785 12777
3 12777 12785 12786
3 12777 12786 12778
3 12778 12786 12787
3 12778 12787 12779
3 12779 12787 12788
3 12779 12788 12780
3 12780 12788 12789
3 12780 12789 12781
3 12781 12789 12790
3 12781 12790 12782
3 12782 12790 12791
3 12782 12791 12783
3 12783 12791 12784
3 12783 12784 12776
3 12784 12792 12793
3 12784 12793 12785
3 12785 12793 12794
3 12785 12794 12786
3 12786 12794 12795
3 12786 12795 12787
3 12787 12795 12796
3 12787 12796 12788
3 12788 12796 12797
3 12788 12797 12789
3 12789 12797 12798
3 12789 12798 12790
3 12790 12798 12799
3 12790 12799 12791
3 12791 12799 12792
3 12791 12792 12784
3 12792 12800 12801
3 12792 12801 12793
3 12793 12801 12802
3 12793 12802 12794
3 12794 12802 12803
3 12794 12803 12795
3 12795 12803 12804
3 12795 12804 12796
3 12796 12804 12805
3 12796 12805 12797
3 12797 12805 12806
3 12797 12806 12798
3 12798 12806 12807
3 12798 12807 12799
3 12799 12807 12800
3 12799 12800 12792
3 12800 12808 12809
3 12800 12809 12801
3 12801 12809 12810
3 12801 12810 12802
3 12802 12810 12811
3 12802 12811 12803
3 12803 12811 12812
3 12803 12812 12804
3 12804 12812 12813
3 12804 12813 12805
3 12805 12813 12814
3 12805 12814 12806
3 12806 12814 12815
3 12806 12815 12807
3 12807 12815 12808
3 12807 12808 12800
3 12808 12816 12817
3 12808 12817 12809
3 12809 12817 12818
3 12809 12818 12810
3 12810 12818 12819
3 12810 12819 12811
3 12811 12819 12820
3 12811 12820 12812
3 12812 12820 12821
3 12812 12821 12813
3 12813 12821 12822
3 12813 12822 12814
3 12814 12822 12823
3 12814 12823 12815
3 12815 12823 12816
3 12815 12816 12808
3 12816 12824 12825
3 12816 12825 12817
3 12817 12825 12826
3 12817 12826 12818
3 12818 12826 12827
3 12818 12827 12819
3 12819 12827 12828
3 12819 12828 12820
3 12820 12828 12829
3 12820 12829 12821
3 12821 12829 12830
3 12821 12830 12822
3 12822 12830 12831
3 12822 12831 12823
3 12823 12831 12824
3 12823 12824 12816
3 12824 12832 12833
3 12824 12833 12825
3 12825 12833 12834
3 12825 12834 12826
3 12826 12834 12835
3 12826 12835 12827
3 12827 12835 12836
3 12827 12836 12828
3 12828 12836 12837
3 12828 12837 12829
3 12829 12837 12838
3 12829 12838 12830
3 12830 12838 12839
3 12830 12839 12831
3 12831 12839 12832
3 12831 12832 12824
3 12832 12840 12841
3 12832 12841 12833
3 12833 12841 12842
3 12833 12842 12834
3 12834 12842 12843
3 12834 12843 12835
3 12835 12843 12844
3 12835 12844 12836
3 12836 12844 12845
3 12836 12845 12837
3 12837 12845 12846
3 12837 12846 12838
3 12838 12846 12847
3 12838 12847 12839
3 12839 12847 12840
3 12839 12840 12832
3 12840 12848 12849
3 12840 12849 12841
3 12841 12849 12850
3 12841 12850 12842
3 12842 12850 12851
3 12842 12851 12843
3 12843 12851 12852
3 12843 12852 12844
3 12844 12852 12853
3 12844 12853 12845
3 12845 12853 12854
3 12845 12854 12846
3 12846 12854 12855
3 12846 12855 12847
3 12847 12855 12848
3 12847 12848 12840
3 12848 12856 12857
3 12848 12857 12849
3 12849 12857 12858
3 12849 12858 12850
3 12850 12858 12859
3 12850 12859 12851
3 12851 12859 12860
3 12851 12860 12852
3 12852 12860 12861
3 12852 12861 12853
3 12853 12861 12862
3 12853 12862 12854
3 12854 12862 12863
3 12854 12863 12855
3 12855 12863 12856
3 12855 12856 12848
3 12856 12864 12865
3 12856 12865 12857
3 12857 12865 12866
3 12857 12866 12858
3 12858 12866 12867
3 12858 12867 12859
3 12859 12867 12868
3 12859 12868 12860
3 12860 12868 12869
3 12860 12869 12861
3 12861 12869 12870
3 12861 12870 12862
3 12862 12870 12871
3 12862 12871 12863
3 12863 12871 12864
3 12863 12864 12856
3 12864 12872 12873
3 12864 12873 12865
3 12865 12873 12874
3 12865 12874 12866
3 12866 12874 12875
3 12866 12875 12867
3 12867 12875 12876
3 12867 12876 12868
3 12868 12876 12877
3 12868 12877 12869
3 12869 12877 12878
3 12869 12878 12870
3 12870 12878 12879
3 12870 12879 12871
3 12871 12879 12872
3 12871 12872 12864
3 12872 12880 12881
3 12872 12881 12873
3 12873 12881 12882
3 12873 12882 12874
3 12874 12882 12883
3 12874 12883 12875
3 12875 12883 12884
3 12875 12884 12876
3 12876 12884 12885
3 12876 12885 12877
3 12877 12885 12886
3 12877 12886 12878
3 12878 12886 12887
3 12878 12887 12879
3 12879 12887 12880
3 12879 12880 12872
3 12880 12888 12889
3 12880 12889 12881
3 12881 12889 12890
3 12881 12890 12882
3 12882 12890 12891
3 12882 12891 12883
3 12883 12891 12892
3 12883 12892 12884
3 12884 12892 12893
3 12884 12893 12885
3 12885 12893 12894
3 12885 12894 12886
3 12886 12894 12895
3 12886 12895 12887
3 12887 12895 12888
3 12887 12888 12880
3 12888 12896 12897
3 12888 12897 12889
3 12889 12897 12898
3 12889 12898 12890
3 12890 12898 12899
3 12890 12899 12891
3 12891 12899 12900
3 12891 12900 12892
3 12892 12900 12901
3 12892 12901 12893
3 12893 12901 12902
3 12893 12902 12894
3 12894 12902 12903
3 12894 12903 12895
3 12895 12903 12896
3 12895 12896 12888
3 12896 12904 12905
3 12896 12905 12897
3 12897 12905 12906
3 12897 12906 12898
3 12898 12906 12907
3 12898 12907 12899
3 12899 12907 12908
3 12899 12908 12900
3 12900 12908 12909
3 12900 12909 12901
3 12901 12909 12910
3 12901 12910 12902
3 12902 12910 12911
3 12902 12911 12903
3 12903 12911 12904
3 12903 12904 12896
3 12904 12912 12913
3 12904 12913 12905
3 12905 12913 12914
3 12905 12914 12906
3 12906 12914 12915
3 12906 12915 12907
3 12907 12915 12916
3 12907 12916 12908
3 12908 12916 12917
3 12908 12917 12909
3 12909 12917 12918
3 12909 12918 12910
3 12910 12918 12919
3 12910 12919 12911
3 12911 12919 12912
3 12911 12912 12904
3 12912 12920 12921
3 12912 12921 12913
3 12913 12921 12922
3 12913 12922 12914
3 12914 12922 12923
3 12914 12923 12915
3 12915 12923 12924
3 12915 12924 12916
3 12916 12924 12925
3 12916 12925 12917
3 12917 12925 12926
3 12917 12926 12918
3 12918 12926 12927
3 12918 12927 12919
3 12919 12927 12920
3 12919 12920 12912
3 12920 12928 12929
3 12920 12929 12921
3 12921 12929 12930
3 12921 12930 12922
3 12922 12930 12931
3 12922 12931 12923
3 12923 12931 12932
3 12923 12932 12924
3 12924 12932 12933
3 12924 12933 12925
3 12925 12933 12934
3 12925 12934 12926
3 12926 12934 12935
3 12926 12935 12927
3 12927 12935 12928
3 12927 12928 12920
3 12928 12936 12937
3 12928 12937 12929
3 12929 12937 12938
3 12929 12938 12930
3 12930 12938 12939
3 12930 12939 12931
3 12931 12939 12940
3 12931 12940 12932
3 12932 12940 12941
3 12932 12941 12933
3 12933 12941 12942
3 12933 12942 12934
3 12934 12942 12943
3 12934 12943 12935
3 12935 12943 12936
3 12935 12936 12928
3 12936 12944 12945
3 12936 12945 12937
3 12937 12945 12946
3 12937 12946 12938
3 12938 12946 12947
3 12938 12947 12939
3 12939 12947 12948
3 12939 12948 12940
3 12940 12948 12949
3 12940 12949 12941
3 12941 12949 12950
3 12941 12950 12942
3 12942 12950 12951
3 12942 12951 12943
3 12943 12951 12944
3 12943 12944 12936
3 12944 12952 12953
3 12944 12953 12945
3 12945 12953 12954
3 12945 12954 12946
3 12946 12954 12955
3 12946 12955 12947
3 12947 12955 12956
3 12947 12956 12948
3 12948 12956 12957
3 12948 12957 12949
3 12949 12957 12958
3 12949 12958 12950
3 12950 12958 12959
3 12950 12959 12951
3 12951 12959 12952
3 12951 12952 12944
3 12952 12960 12961
3 12952 12961 12953
3 12953 12961 12962
3 12953 12962 12954
3 12954 12962 12963
3 12954 12963 12955
3 12955 12963 12964
3 12955 12964 12956
3 12956 12964 12965
3 12956 12965 12957
3 12957 12965 12966
3 12957 12966 12958
3 12958 12966 12967
3 12958 12967 12959
3 12959 12967 12960
3 12959 12960 12952
3 12960 12968 12969
3 12960 12969 12961
3 12961 12969 12970
3 12961 12970 12962
3 12962 12970 12971
3 12962 12971 12963
3 12963 12971 12972
3 12963 12972 12964
3 12964 12972 12973
3 12964 12973 12965
3 12965 12973 12974
3 12965 12974 12966
3 12966 12974 12975
3 12966 12975 12967
3 12967 12975 12968
3 12967 12968 12960
3 12968 12976 12977
3 12968 12977 12969
3 12969 12977 12978
3 12969 12978 12970
3 12970 12978 12979
3 12970 12979 12971
3 12971 12979 12980
3 12971 12980 12972
3 12972 12980 12981
3 12972 12981 12973
3 12973 12981 12982
3 12973 12982 12974
3 12974 12982 12983
3 12974 12983 12975
3 12975 12983 12976
3 12975 12976 12968
3 12976 12984 12985
3 12976 12985 12977
3 12977 12985 12986
3 12977 12986 12978
3 12978 12986 12987
3 12978 12987 12979
3 12979 12987 12988
3 12979 12988 12980
3 12980 12988 12989
3 12980 12989 12981
3 12981 12989 12990
3 12981 12990 12982
3 12982 12990 12991
3 12982 12991 12983
3 12983 12991 12984
3 12983 12984 12976
3 12984 12992 12993
3 12984 12993 12985
3 12985 12993 12994
3 12985 12994 12986
3 12986 12994 12995
3 12986 12995 12987
3 12987 12995 12996
3 12987 12996 12988
3 12988 12996 12997
3 12988 12997 12989
3 12989 12997 12998
3 12989 12998 12990
3 12990 12998 12999
3 12990 12999 12991
3 12991 12999 12992
3 12991 12992 12984
3 12992 13000 13001
3 12992 13001 12993
3 12993 13001 13002
3 12993 13002 12994
3 12994 13002 13003
3 12994 13003 12995
3 12995 13003 13004
3 12995 13004 12996
3 12996 13004 13005
3 12996 13005 12997
3 12997 13005 13006
3 12997 13006 12998
3 12998 13006 13007
3 12998 13007 12999
3 12999 13007 13000
3 12999 13000 12992
3 13000 13008 13009
3 13000 13009 13001
3 13001 13009 13010
3 13001 13010 13002
3 13002 13010 13011
3 13002 13011 13003
3 13003 13011 13012
3 13003 13012 13004
3 13004 13012 13013
3 13004 13013 13005
3 13005 13013 13014
3 13005 13014 13006
3 13006 13014 13015
3 13006 13015 13007
3 13007 13015 13008
3 13007 13008 13000
3 13008 13016 13017
3 13008 13017 13009
3 13009 13017 13018
3 13009 13018 13010
3 13010 13018 13019
3 13010 13019 13011
3 13011 13019 13020
3 13011 13020 13012
3 13012 13020 13021
3 13012 13021 13013
3 13013 13021 13022
3 13013 13022 13014
3 13014 13022 13023
3 13014 13023 13015
3 13015 13023 13016
3 13015 13016 13008
3 13016 13024 13025
3 13016 13025 13017
3 13017 13025 13026
3 13017 13026 13018
3 13018 13026 13027
3 13018 13027 13019
3 13019 13027 13028
3 13019 13028 13020
3 13020 13028 13029
3 13020 13029 13021
3 13021 13029 13030
3 13021 13030 13022
3 13022 13030 13031
3 13022 13031 13023
3 13023 13031 13024
3 13023 13024 13016
3 13024 13032 13033
3 13024 13033 13025
3 13025 13033 13034
3 13025 13034 13026
3 13026 13034 13035
3 13026 13035 13027
3 13027 13035 13036
3 13027 13036 13028
3 13028 13036 13037
3 13028 13037 13029
3 13029 13037 13038
3 13029 13038 13030
3 13030 13038 13039
3 13030 13039 13031
3 13031 13039 13032
3 13031 13032 13024
3 13032 13040 13041
3 13032 13041 13033
3 13033 13041 13042
3 13033 13042 13034
3 13034 13042 13043
3 13034 13043 13035
3 13035 13043 13044
3 13035 13044 13036
3 13036 13044 13045
3 13036 13045 13037
3 13037 13045 13046
3 13037 13046 13038
3 13038 13046 13047
3 13038 13047 13039
3 13039 13047 13040
3 13039 13040 13032
3 13040 13048 13049
3 13040 13049 13041
3 13041 13049 13050
3 13041 13050 13042
3 13042 13050 13051
3 13042 13051 13043
3 13043 13051 13052
3 13043 13052 13044
3 13044 13052 13053
3 13044 13053 13045
3 13045 13053 13054
3 13045 13054 13046
3 13046 13054 13055
3 13046 13055 13047
3 13047 13055 13048
3 13047 13048 13040
3 13048 13056 13057
3 13048 13057 13049
3 13049 13057 13058
3 13049 13058 13050
3 13050 13058 13059
3 13050 13059 13051
3 13051 13059 13060
3 13051 13060 13052
3 13052 13060 13061
3 13052 13061 13053
3 13053 13061 13062
3 13053 13062 13054
3 13054 13062 13063
3 13054 13063 13055
3 13055 13063 13056
3 13055 13056 13048
3 13056 13064 13065
3 13056 13065 13057
3 13057 13065 13066
3 13057 13066 13058
3 13058 13066 13067
3 13058 13067 13059
3 13059 13067 13068
3 13059 13068 13060
3 13060 13068 13069
3 13060 13069 13061
3 13061 13069 13070
3 13061 13070 13062
3 13062 13070 13071
3 13062 13071 13063
3 13063 13071 13064
3 13063 13064 13056
3 13064 13072 13073
3 13064 13073 13065
3 13065 13073 13074
3 13065 13074 13066
3 13066 13074 13075
3 13066 13075 13067
3 13067 13075 13076
3 13067 13076 13068
3 13068 13076 13077
3 13068 13077 13069
3 13069 13077 13078
3 13069 13078 13070
3 13070 13078 13079
3 13070 13079 13071
3 13071 13079 13072
3 13071 13072 13064
3 13072 13080 13081
3 13072 13081 13073
3 13073 13081 13082
3 13073 13082 13074
3 13074 13082 13083
3 13074 13083 13075
3 13075 13083 13084
3 13075 13084 13076
3 13076 13084 13085
3 13076 13085 13077
3 13077 13085 13086
3 13077 13086 13078
3 13078 13086 13087
3 13078 13087 13079
3 13079 13087 13080
3 13079 13080 13072
3 13080 13088 13089
3 13080 13089 13081
3 13081 13089 13090
3 13081 13090 13082
3 13082 13090 13091
3 13082 13091 13083
3 13083 13091 13092
3 13083 13092 13084
3 13084 13092 13093
3 13084 13093 13085
3 13085 13093 13094
3 13085 13094 13086
3 13086 13094 13095
3 13086 13095 13087
3 13087 13095 13088
3 13087 13088 13080
3 13088 13096 13097
3 13088 13097 13089
3 13089 13097 13098
3 13089 13098 13090
3 13090 13098 13099
3 13090 13099 13091
3 13091 13099 13100
3 13091 13100 13092
3 13092 13100 13101
3 13092 13101 13093
3 13093 13101 13102
3 13093 13102 13094
3 13094 13102 13103
3 13094 13103 13095
3 13095 13103 13096
3 13095 13096 13088
3 13096 13104 13105
3 13096 13105 13097
3 13097 13105 13106
3 13097 13106 13098
3 13098 13106 13107
3 13098 13107 13099
3 13099 13107 13108
3 13099 13108 13100
3 13100 13108 13109
3 13100 13109 13101
3 13101 13109 13110
3 13101 13110 13102
3 13102 13110 13111
3 13102 13111 13103
3 13103 13111 13104
3 13103 13104 13096
3 13104 13112 13113
3 13104 13113 13105
3 13105 13113 13114
3 13105 13114 13106
3 13106 13114 13115
3 13106 13115 13107
3 13107 13115 13116
3 13107 13116 13108
3 13108 13116 13117
3 13108 13117 13109
3 13109 13117 13118
3 13109 13118 13110
3 13110 13118 13119
3 13110 13119 13111
3 13111 13119 13112
3 13111 13112 13104
3 13112 13120 13121
3 13112 13121 13113
3 13113 13121 13122
3 13113 13122 13114
3 13114 13122 13123
3 13114 13123 13115
3 13115 13123 13124
3 13115 13124 13116
3 13116 13124 13125
3 13116 13125 13117
3 13117 13125 13126
3 13117 13126 13118
3 13118 13126 13127
3 13118 13127 13119
3 13119 13127 13120
3 13119 13120 13112
3 13120 13128 13129
3 13120 13129 13121
3 13121 13129 13130
3 13121 13130 13122
3 13122 13130 13131
3 13122 13131 13123
3 13123 13131 13132
3 13123 13132 13124
3 13124 13132 13133
3 13124 13133 13125
3 13125 13133 13134
3 13125 13134 13126
3 13126 13134 13135
3 13126 13135 13127
3 13127 13135 13128
3 13127 13128 13120
3 13128 13136 13137
3 13128 13137 13129
3 13129 13137 13138
3 13129 13138 13130
3 13130 13138 13139
3 13130 13139 13131
3 13131 13139 13140
3 13131 13140 13132
3 13132 13140 13141
3 13132 13141 13133
3 13133 13141 13142
3 13133 13142 13134
3 13134 13142 13143
3 13134 13143 13135
3 13135 13143 13136
3 13135 13136 13128
3 13136 13144 13145
3 13136 13145 13137
3 13137 13145 13146
3 13137 13146 13138
3 13138 13146 13147
3 13138 13147 13139
3 13139 13147 13148
3 13139 13148 13140
3 13140 13148 13149
3 13140 13149 13141
3 13141 13149 13150
3 13141 13150 13142
3 13142 13150 13151
3 13142 13151 13143
3 13143 13151 13144
3 13143 13144 13136
3 13144 13152 13153
3 13144 13153 13145
3 13145 13153 13154
3 13145 13154 13146
3 13146 13154 13155
3 13146 13155 13147
3 13147 13155 13156
3 13147 13156 13148
3 13148 13156 13157
3 13148 13157 13149
3 13149 13157 13158
3 13149 13158 13150
3 13150 13158 13159
3 13150 13159 13151
3 13151 13159 13152
3 13151 13152 13144
3 13152 13160 13161
3 13152 13161 13153
3 13153 13161 13162
3 13153 13162 13154
3 13154 13162 13163
3 13154 13163 13155
3 13155 13163 13164
3 13155 13164 13156
3 13156 13164 13165
3 13156 13165 13157
3 13157 13165 13166
3 13157 13166 13158
3 13158 13166 13167
3 13158 13167 13159
3 13159 13167 13160
3 13159 13160 13152
3 13160 13168 13169
3 13160 13169 13161
3 13161 13169 13170
3 13161 13170 13162
3 13162 13170 13171
3 13162 13171 13163
3 13163 13171 13172
3 13163 13172 13164
3 13164 13172 13173
3 13164 13173 13165
3 13165 13173 13174
3 13165 13174 13166
3 13166 13174 13175
3 13166 13175 13167
3 13167 13175 13168
3 13167 13168 13160
3 13168 13176 13177
3 13168 13177 13169
3 13169 13177 13178
3 13169 13178 13170
3 13170 13178 13179
3 13170 13179 13171
3 13171 13179 13180
3 13171 13180 13172
3 13172 13180 13181
3 13172 13181 13173
3 13173 13181 13182
3 13173 13182 13174
3 13174 13182 13183
3 13174 13183 13175
3 13175 13183 13176
3 13175 13176 13168
3 13176 13184 13185
3 13176 13185 13177
3 13177 13185 13186
3 13177 13186 13178
3 13178 13186 13187
3 13178 13187 13179
3 13179 13187 13188
3 13179 13188 13180
3 13180 13188 13189
3 13180 13189 13181
3 13181 13189 13190
3 13181 13190 13182
3 13182 13190 13191
3 13182 13191 13183
3 13183 13191 13184
3 13183 13184 13176
3 13184 13192 13193
3 13184 13193 13185
3 13185 13193 13194
3 13185 13194 13186
3 13186 13194 13195
3 13186 13195 13187
3 13187 13195 13196
3 13187 13196 13188
3 13188 13196 13197
3 13188 13197 13189
3 13189 13197 13198
3 13189 13198 13190
3 13190 13198 13199
3 13190 13199 13191
3 13191 13199 13192
3 13191 13192 13184
3 13192 13200 13201
3 13192 13201 13193
3 13193 13201 13202
3 13193 13202 13194
3 13194 13202 13203
3 13194 13203 13195
3 13195 13203 13204
3 13195 13204 13196
3 13196 13204 13205
3 13196 13205 13197
3 13197 13205 13206
3 13197 13206 13198
3 13198 13206 13207
3 13198 13207 13199
3 13199 13207 13200
3 13199 13200 13192
3 13200 13208 13209
3 13200 13209 13201
3 13201 13209 13210
3 13201 13210 13202
3 13202 13210 13211
3 13202 13211 13203
3 13203 13211 13212
3 13203 13212 13204
3 13204 13212 13213
3 13204 13213 13205
3 13205 13213 13214
3 13205 13214 13206
3 13206 13214 13215
3 13206 13215 13207
3 13207 13215 13208
3 13207 13208 13200
3 13208 13216 13217
3 13208 13217 13209
3 13209 13217 13218
3 13209 13218 13210
3 13210 13218 13219
3 13210 13219 13211
3 13211 13219 13220
3 13211 13220 13212
3 13212 13220 13221
3 13212 13221 13213
3 13213 13221 13222
3 13213 13222 13214
3 13214 13222 13223
3 13214 13223 13215
3 13215 13223 13216
3 13215 13216 13208
3 13216 13224 13225
3 13216 13225 13217
3 13217 13225 13226
3 13217 13226 13218
3 13218 13226 13227
3 13218 13227 13219
3 13219 13227 13228
3 13219 13228 13220
3 13220 13228 13229
3 13220 13229 13221
3 13221 13229 13230
3 13221 13230 13222
3 13222 13230 13231
3 13222 13231 13223
3 13223 13231 13224
3 13223 13224 13216
3 13224 13232 13233
3 13224 13233 13225
3 13225 13233 13234
3 13225 13234 13226
3 13226 13234 13235
3 13226 13235 13227
3 13227 13235 13236
3 13227 13236 13228
3 13228 13236 13237
3 13228 13237 13229
3 13229 13237 13238
3 13229 13238 13230
3 13230 13238 13239
3 13230 13239 13231
3 13231 13239 13232
3 13231 13232 13224
3 13232 13240 13241
3 13232 13241 13233
3 13233 13241 13242
3 13233 13242 13234
3 13234 13242 13243
3 13234 13243 13235
3 13235 13243 13244
3 13235 13244 13236
3 13236 13244 13245
3 13236 13245 13237
3 13237 13245 13246
3 13237 13246 13238
3 13238 13246 13247
3 13238 13247 13239
3 13239 13247 13240
3 13239 13240 13232
3 13240 13248 13249
3 13240 13249 13241
3 13241 13249 13250
3 13241 13250 13242
3 13242 13250 13251
3 13242 13251 13243
3 13243 13251 13252
3 13243 13252 13244
3 13244 13252 13253
3 13244 13253 13245
3 13245 13253 13254
3 13245 13254 13246
3 13246 13254 13255
3 13246 13255 13247
3 13247 13255 13248
3 13247 13248 13240
3 13248 13256 13257
3 13248 13257 13249
3 13249 13257 13258
3 13249 13258 13250
3 13250 13258 13259
3 13250 13259 13251
3 13251 13259 13260
3 13251 13260 13252
3 13252 13260 13261
3 13252 13261 13253
3 13253 13261 13262
3 13253 13262 13254
3 13254 13262 13263
3 13254 13263 13255
3 13255 13263 13256
3 13255 13256 13248
3 13256 13264 13265
3 13256 13265 13257
3 13257 13265 13266
3 13257 13266 13258
3 13258 13266 13267
3 13258 13267 13259
3 13259 13267 13268
3 13259 13268 13260
3 13260 13268 13269
3 13260 13269 13261
3 13261 13269 13270
3 13261 13270 13262
3 13262 13270 13271
3 13262 13271 13263
3 13263 13271 13264
3 13263 13264 13256
3 13264 13272 13273
3 13264 13273 13265
3 13265 13273 13274
3 13265 13274 13266
3 13266 13274 13275
3 13266 13275 13267
3 13267 13275 13276
3 13267 13276 13268
3 13268 13276 13277
3 13268 13277 13269
3 13269 13277 13278
3 13269 13278 13270
3 13270 13278 13279
3 13270 13279 13271
3 13271 13279 13272
3 13271 13272 13264
3 13272 13280 13281
3 13272 13281 13273
3 13273 13281 13282
3 13273 13282 13274
3 13274 13282 13283
3 13274 13283 13275
3 13275 13283 13284
3 13275 13284 13276
3 13276 13284 13285
3 13276 13285 13277
3 13277 13285 13286
3 13277 13286 13278
3 13278 13286 13287
3 13278 13287 13279
3 13279 13287 13280
3 13279 13280 13272
3 13280 13288 13289
3 13280 13289 13281
3 13281 13289 13290
3 13281 13290 13282
3 13282 13290 13291
3 13282 13291 13283
3 13283 13291 13292
3 13283 13292 13284
3 13284 13292 13293
3 13284 13293 13285
3 13285 13293 13294
3 13285 13294 13286
3 13286 13294 13295
3 13286 13295 13287
3 13287 13295 13288
3 13287 13288 13280
3 13288 13296 13297
3 13288 13297 13289
3 13289 13297 13298
3 13289 13298 13290
3 13290 13298 13299
3 13290 13299 13291
3 13291 13299 13300
3 13291 13300 13292
3 13292 13300 13301
3 13292 13301 13293
3 13293 13301 13302
3 13293 13302 13294
3 13294 13302 13303
3 13294 13303 13295
3 13295 13303 13296
3 13295 13296 13288
3 13296 13304 13305
3 13296 13305 13297
3 13297 13305 13306
3 13297 13306 13298
3 13298 13306 13307
3 13298 13307 13299
3 13299 13307 13308
3 13299 13308 13300
3 13300 13308 13309
3 13300 13309 13301
3 13301 13309 13310
3 13301 13310 13302
3 13302 13310 13311
3 13302 13311 13303
3 13303 13311 13304
3 13303 13304 13296
3 13304 13312 13313
3 13304 13313 13305
3 13305 13313 13314
3 13305 13314 13306
3 13306 13314 13315
3 13306 13315 13307
3 13307 13315 13316
3 13307 13316 13308
3 13308 13316 13317
3 13308 13317 13309
3 13309 13317 13318
3 13309 13318 13310
3 13310 13318 13319
3 13310 13319 13311
3 13311 13319 13312
3 13311 13312 13304
3 13312 13320 13321
3 13312 13321 13313
3 13313 13321 13322
3 13313 13322 13314
3 13314 13322 13323
3 13314 13323 13315
3 13315 13323 13324
3 13315 13324 13316
3 13316 13324 13325
3 13316 13325 13317
3 13317 13325 13326
3 13317 13326 13318
3 13318 13326 13327
3 13318 13327 13319
3 13319 13327 13320
3 13319 13320 13312
3 13320 13328 13329
3 13320 13329 13321
3 13321 13329 13330
3 13321 13330 13322
3 13322 13330 13331
3 13322 13331 13323
3 13323 13331 13332
3 13323 13332 13324
3 13324 13332 13333
3 13324 13333 13325
3 13325 13333 13334
3 13325 13334 13326
3 13326 13334 13335
3 13326 13335 13327
3 13327 13335 13328
3 13327 13328 13320
3 13328 13336 13337
3 13328 13337 13329
3 13329 13337 13338
3 13329 13338 13330
3 13330 13338 13339
3 13330 13339 13331
3 13331 13339 13340
3 13331 13340 13332
3 13332 13340 13341
3 13332 13341 13333
3 13333 13341 13342
3 13333 13342 13334
3 13334 13342 13343
3 13334 13343 13335
3 13335 13343 13336
3 13335 13336 13328
3 13336 13344 13345
3 13336 13345 13337
3 13337 13345 13346
3 13337 13346 13338
3 13338 13346 13347
3 13338 13347 13339
3 13339 13347 13348
3 13339 13348 13340
3 13340 13348 13349
3 13340 13349 13341
3 13341 13349 13350
3 13341 13350 13342
3 13342 13350 13351
3 13342 13351 13343
3 13343 13351 13344
3 13343 13344 13336
3 13344 13352 13353
3 13344 13353 13345
3 13345 13353 13354
3 13345 13354 13346
3 13346 13354 13355
3 13346 13355 13347
3 13347 13355 13356
3 13347 13356 13348
3 13348 13356 13357
3 13348 13357 13349
3 13349 13357 13358
3 13349 13358 13350
3 13350 13358 13359
3 13350 13359 13351
3 13351 13359 13352
3 13351 13352 13344
3 13352 13360 13361
3 13352 13361 13353
3 13353 13361 13362
3 13353 13362 13354
3 13354 13362 13363
3 13354 13363 13355
3 13355 13363 13364
3 13355 13364 13356
3 13356 13364 13365
3 13356 13365 13357
3 13357 13365 13366
3 13357 13366 13358
3 13358 13366 13367
3 13358 13367 13359
3 13359 13367 13360
3 13359 13360 13352
3 13360 13368 13369
3 13360 13369 13361
3 13361 13369 13370
3 13361 13370 13362
3 13362 13370 13371
3 13362 13371 13363
3 13363 13371 13372
3 13363 13372 13364
3 13364 13372 13373
3 13364 13373 13365
3 13365 13373 13374
3 13365 13374 13366
3 13366 13374 13375
3 13366 13375 13367
3 13367 13375 13368
3 13367 13368 13360
3 13368 13376 13377
3 13368 13377 13369
3 13369 13377 13378
3 13369 13378 13370
3 13370 13378 13379
3 13370 13379 13371
3 13371 13379 13380
3 13371 13380 13372
3 13372 13380 13381
3 13372 13381 13373
3 13373 13381 13382
3 13373 13382 13374
3 13374 13382 13383
3 13374 13383 13375
3 13375 13383 13376
3 13375 13376 13368
3 13376 13384 13385
3 13376 13385 13377
3 13377 13385 13386
3 13377 13386 13378
3 13378 13386 13387
3 13378 13387 13379
3 13379 13387 13388
3 13379 13388 13380
3 13380 13388 13389
3 13380 13389 13381
3 13381 13389 13390
3 13381 13390 13382
3 13382 13390 13391
3 13382 13391 13383
3 13383 13391 13384
3 13383 13384 13376
3 13384 13392 13393
3 13384 13393 13385
3 13385 13393 13394
3 13385 13394 13386
3 13386 13394 13395
3 13386 13395 13387
3 13387 13395 13396
3 13387 13396 13388
3 13388 13396 13397
3 13388 13397 13389
3 13389 13397 13398
3 13389 13398 13390
3 13390 13398 13399
3 13390 13399 13391
3 13391 13399 13392
3 13391 13392 13384
3 13392 13400 13401
3 13392 13401 13393
3 13393 13401 13402
3 13393 13402 13394
3 13394 13402 13403
3 13394 13403 13395
3 13395 13403 13404
3 13395 13404 13396
3 13396 13404 13405
3 13396 13405 13397
3 13397 13405 13406
3 13397 13406 13398
3 13398 13406 13407
3 13398 13407 13399
3 13399 13407 13400
3 13399 13400 13392
3 13400 13408 13409
3 13400 13409 13401
3 13401 13409 13410
3 13401 13410 13402
3 13402 13410 13411
3 13402 13411 13403
3 13403 13411 13412
3 13403 13412 13404
3 13404 13412 13413
3 13404 13413 13405
3 13405 13413 13414
3 13405 13414 13406
3 13406 13414 13415
3 13406 13415 13407
3 13407 13415 13408
3 13407 13408 13400
3 13408 13416 13417
3 13408 13417 13409
3 13409 13417 13418
3 13409 13418 13410
3 13410 13418 13419
3 13410 13419 13411
3 13411 13419 13420
3 13411 13420 13412
3 13412 13420 13421
3 13412 13421 13413
3 13413 13421 13422
3 13413 13422 13414
3 13414 13422 13423
3 13414 13423 13415
3 13415 13423 13416
3 13415 13416 13408
3 13416 13424 13425
3 13416 13425 13417
3 13417 13425 13426
3 13417 13426 13418
3 13418 13426 13427
3 13418 13427 13419
3 13419 13427 13428
3 13419 13428 13420
3 13420 13428 13429
3 13420 13429 13421
3 13421 13429 13430
3 13421 13430 13422
3 13422 13430 13431
3 13422 13431 13423
3 13423 13431 13424
3 13423 13424 13416
3 13424 13432 13433
3 13424 13433 13425
3 13425 13433 13434
3 13425 13434 13426
3 13426 13434 13435
3 13426 13435 13427
3 13427 13435 13436
3 13427 13436 13428
3 13428 13436 13437
3 13428 13437 13429
3 13429 13437 13438
3 13429 13438 13430
3 13430 13438 13439
3 13430 13439 13431
3 13431 13439 13432
3 13431 13432 13424
3 13432 13440 13441
3 13432 13441 13433
3 13433 13441 13442
3 13433 13442 13434
3 13434 13442 13443
3 13434 13443 13435
3 13435 13443 13444
3 13435 13444 13436
3 13436 13444 13445
3 13436 13445 13437
3 13437 13445 13446
3 13437 13446 13438
3 13438 13446 13447
3 13438 13447 13439
3 13439 13447 13440
3 13439 13440 13432
3 13440 13448 13449
3 13440 13449 13441
3 13441 13449 13450
3 13441 13450 13442
3 13442 13450 13451
3 13442 13451 13443
3 13443 13451 13452
3 13443 13452 13444
3 13444 13452 13453
3 13444 13453 13445
3 13445 13453 13454
3 13445 13454 13446
3 13446 13454 13455
3 13446 13455 13447
3 13447 13455 13448
3 13447 13448 13440
3 13448 13456 13457
3 13448 13457 13449
3 13449 13457 13458
3 13449 13458 13450
3 13450 13458 13459
3 13450 13459 13451
3 13451 13459 13460
3 13451 13460 13452
3 13452 13460 13461
3 13452 13461 13453
3 13453 13461 13462
3 13453 13462 13454
3 13454 13462 13463
3 13454 13463 13455
3 13455 13463 13456
3 13455 13456 13448
3 13456 13464 13465
3 13456 13465 13457
3 13457 13465 13466
3 13457 13466 13458
3 13458 13466 13467
3 13458 13467 13459
3 13459 13467 13468
3 13459 13468 13460
3 13460 13468 13469
3 13460 13469 13461
3 13461 13469 13470
3 13461 13470 13462
3 13462 13470 13471
3 13462 13471 13463
3 13463 13471 13464
3 13463 13464 13456
3 13464 13472 13473
3 13464 13473 13465
3 13465 13473 13474
3 13465 13474 13466
3 13466 13474 13475
3 13466 13475 13467
3 13467 13475 13476
3 13467 13476 13468
3 13468 13476 13477
3 13468 13477 13469
3 13469 13477 13478
3 13469 13478 13470
3 13470 13478 13479
3 13470 13479 13471
3 13471 13479 13472
3 13471 13472 13464
3 13472 13480 13481
3 13472 13481 13473
3 13473 13481 13482
3 13473 13482 13474
3 13474 13482 13483
3 13474 13483 13475
3 13475 13483 13484
3 13475 13484 13476
3 13476 13484 13485
3 13476 13485 13477
3 13477 13485 13486
3 13477 13486 13478
3 13478 13486 13487
3 13478 13487 13479
3 13479 13487 13480
3 13479 13480 13472
3 13480 13488 13489
3 13480 13489 13481
3 13481 13489 13490
3 13481 13490 13482
3 13482 13490 13491
3 13482 13491 13483
3 13483 13491 13492
3 13483 13492 13484
3 13484 13492 13493
3 13484 13493 13485
3 13485 13493 13494
3 13485 13494 13486
3 13486 13494 13495
3 13486 13495 13487
3 13487 13495 13488
3 13487 13488 13480
3 13488 13496 13497
3 13488 13497 13489
3 13489 13497 13498
3 13489 13498 13490
3 13490 13498 13499
3 13490 13499 13491
3 13491 13499 13500
3 13491 13500 13492
3 13492 13500 13501
3 13492 13501 13493
3 13493 13501 13502
3 13493 13502 13494
3 13494 13502 13503
3 13494 13503 13495
3 13495 13503 13496
3 13495 13496 13488
3 13496 13504 13505
3 13496 13505 13497
3 13497 13505 13506
3 13497 13506 13498
3 13498 13506 13507
3 13498 13507 13499
3 13499 13507 13508
3 13499 13508 13500
3 13500 13508 13509
3 13500 13509 13501
3 13501 13509 13510
3 13501 13510 13502
3 13502 13510 13511
3 13502 13511 13503
3 13503 13511 13504
3 13503 13504 13496
3 13504 13512 13513
3 13504 13513 13505
3 13505 13513 13514
3 13505 13514 13506
3 13506 13514 13515
3 13506 13515 13507
3 13507 13515 13516
3 13507 13516 13508
3 13508 13516 13517
3 13508 13517 13509
3 13509 13517 13518
3 13509 13518 13510
3 13510 13518 13519
3 13510 13519 13511
3 13511 13519 13512
3 13511 13512 13504
3 13512 13520 13521
3 13512 13521 13513
3 13513 13521 13522
3 13513 13522 13514
3 13514 13522 13523
3 13514 13523 13515
3 13515 13523 13524
3 13515 13524 13516
3 13516 13524 13525
3 13516 13525 13517
3 13517 13525 13526
3 13517 13526 13518
3 13518 13526 13527
3 13518 13527 13519
3 13519 13527 13520
3 13519 13520 13512
3 13520 13528 13529
3 13520 13529 13521
3 13521 13529 13530
3 13521 13530 13522
3 13522 13530 13531
3 13522 13531 13523
3 13523 13531 13532
3 13523 13532 13524
3 13524 13532 13533
3 13524 13533 13525
3 13525 13533 13534
3 13525 13534 13526
3 13526 13534 13535
3 13526 13535 13527
3 13527 13535 13528
3 13527 13528 13520
3 13528 13536 13537
3 13528 13537 13529
3 13529 13537 13538
3 13529 13538 13530
3 13530 13538 13539
3 13530 13539 13531
3 13531 13539 13540
3 13531 13540 13532
3 13532 13540 13541
3 13532 13541 13533
3 13533 13541 13542
3 13533 13542 13534
3 13534 13542 13543
3 13534 13543 13535
3 13535 13543 13536
3 13535 13536 13528
3 13536 13544 13545
3 13536 13545 13537
3 13537 13545 13546
3 13537 13546 13538
3 13538 13546 13547
3 13538 13547 13539
3 13539 13547 13548
3 13539 13548 13540
3 13540 13548 13549
3 13540 13549 13541
3 13541 13549 13550
3 13541 13550 13542
3 13542 13550 13551
3 13542 13551 13543
3 13543 13551 13544
3 13543 13544 13536
3 13544 13552 13553
3 13544 13553 13545
3 13545 13553 13554
3 13545 13554 13546
3 13546 13554 13555
3 13546 13555 13547
3 13547 13555 13556
3 13547 13556 13548
3 13548 13556 13557
3 13548 13557 13549
3 13549 13557 13558
3 13549 13558 13550
3 13550 13558 13559
3 13550 13559 13551
3 13551 13559 13552
3 13551 13552 13544
3 13552 13560 13561
3 13552 13561 13553
3 13553 13561 13562
3 13553 13562 13554
3 13554 13562 13563
3 13554 13563 13555
3 13555 13563 13564
3 13555 13564 13556
3 13556 13564 13565
3 13556 13565 13557
3 13557 13565 13566
3 13557 13566 13558
3 13558 13566 13567
3 13558 13567 13559
3 13559 13567 13560
3 13559 13560 13552
3 13560 13568 13569
3 13560 13569 13561
3 13561 13569 13570
3 13561 13570 13562
3 13562 13570 13571
3 13562 13571 13563
3 13563 13571 13572
3 13563 13572 13564
3 13564 13572 13573
3 13564 13573 13565
3 13565 13573 13574
3 13565 13574 13566
3 13566 13574 13575
3 13566 13575 13567
3 13567 13575 13568
3 13567 13568 13560
3 13568 13576 13577
3 13568 13577 13569
3 13569 13577 13578
3 13569 13578 13570
3 13570 13578 13579
3 13570 13579 13571
3 13571 13579 13580
3 13571 13580 13572
3 13572 13580 13581
3 13572 13581 13573
3 13573 13581 13582
3 13573 13582 13574
3 13574 13582 13583
3 13574 13583 13575
3 13575 13583 13576
3 13575 13576 13568
3 13576 13584 13585
3 13576 13585 13577
3 13577 13585 13586
3 13577 13586 13578
3 13578 13586 13587
3 13578 13587 13579
3 13579 13587 13588
3 13579 13588 13580
3 13580 13588 13589
3 13580 13589 13581
3 13581 13589 13590
3 13581 13590 13582
3 13582 13590 13591
3 13582 13591 13583
3 13583 13591 13584
3 13583 13584 13576
3 13584 13592 13593
3 13584 13593 13585
3 13585 13593 13594
3 13585 13594 13586
3 13586 13594 13595
3 13586 13595 13587
3 13587 13595 13596
3 13587 13596 13588
3 13588 13596 13597
3 13588 13597 13589
3 13589 13597 13598
3 13589 13598 13590
3 13590 13598 13599
3 13590 13599 13591
3 13591 13599 13592
3 13591 13592 13584
3 13592 13600 13601
3 13592 13601 13593
3 13593 13601 13602
3 13593 13602 13594
3 13594 13602 13603
3 13594 13603 13595
3 13595 13603 13604
3 13595 13604 13596
3 13596 13604 13605
3 13596 13605 13597
3 13597 13605 13606
3 13597 13606 13598
3 13598 13606 13607
3 13598 13607 13599
3 13599 13607 13600
3 13599 13600 13592
3 13600 13608 13609
3 13600 13609 13601
3 13601 13609 13610
3 13601 13610 13602
3 13602 13610 13611
3 13602 13611 13603
3 13603 13611 13612
3 13603 13612 13604
3 13604 13612 13613
3 13604 13613 13605
3 13605 13613 13614
3 13605 13614 13606
3 13606 13614 13615
3 13606 13615 13607
3 13607 13615 13608
3 13607 13608 13600
3 13608 13616 13617
3 13608 13617 13609
3 13609 13617 13618
3 13609 13618 13610
3 13610 13618 13619
3 13610 13619 13611
3 13611 13619 13620
3 13611 13620 13612
3 13612 13620 13621
3 13612 13621 13613
3 13613 13621 13622
3 13613 13622 13614
3 13614 13622 13623
3 13614 13623 13615
3 13615 13623 13616
3 13615 13616 13608
3 13616 13624 13625
3 13616 13625 13617
3 13617 13625 13626
3 13617 13626 13618
3 13618 13626 13627
3 13618 13627 13619
3 13619 13627 13628
3 13619 13628 13620
3 13620 13628 13629
3 13620 13629 13621
3 13621 13629 13630
3 13621 13630 13622
3 13622 13630 13631
3 13622 13631 13623
3 13623 13631 13624
3 13623 13624 13616
3 13624 13632 13633
3 13624 13633 13625
3 13625 13633 13634
3 13625 13634 13626
3 13626 13634 13635
3 13626 13635 13627
3 13627 13635 13636
3 13627 13636 13628
3 13628 13636 13637
3 13628 13637 13629
3 13629 13637 13638
3 13629 13638 13630
3 13630 13638 13639
3 13630 13639 13631
3 13631 13639 13632
3 13631 13632 13624
3 13632 13640 13641
3 13632 13641 13633
3 13633 13641 13642
3 13633 13642 13634
3 13634 13642 13643
3 13634 13643 13635
3 13635 13643 13644
3 13635 13644 13636
3 13636 13644 13645
3 13636 13645 13637
3 13637 13645 13646
3 13637 13646 13638
3 13638 13646 13647
3 13638 13647 13639
3 13639 13647 13640
3 13639 13640 13632
3 13640 13648 13649
3 13640 13649 13641
3 13641 13649 13650
3 13641 13650 13642
3 13642 13650 13651
3 13642 13651 13643
3 13643 13651 13652
3 13643 13652 13644
3 13644 13652 13653
3 13644 13653 13645
3 13645 13653 13654
3 13645 13654 13646
3 13646 13654 13655
3 13646 13655 13647
3 13647 13655 13648
3 13647 13648 13640
3 13648 13656 13657
3 13648 13657 13649
3 13649 13657 13658
3 13649 13658 13650
3 13650 13658 13659
3 13650 13659 13651
3 13651 13659 13660
3 13651 13660 13652
3 13652 13660 13661
3 13652 13661 13653
3 13653 13661 13662
3 13653 13662 13654
3 13654 13662 13663
3 13654 13663 13655
3 13655 13663 13656
3 13655 13656 13648
3 13656 13664 13665
3 13656 13665 13657
3 13657 13665 13666
3 13657 13666 13658
3 13658 13666 13667
3 13658 13667 13659
3 13659 13667 13668
3 13659 13668 13660
3 13660 13668 13669
3 13660 13669 13661
3 13661 13669 13670
3 13661 13670 13662
3 13662 13670 13671
3 13662 13671 13663
3 13663 13671 13664
3 13663 13664 13656
3 13664 13672 13673
3 13664 13673 13665
3 13665 13673 13674
3 13665 13674 13666
3 13666 13674 13675
3 13666 13675 13667
3 13667 13675 13676
3 13667 13676 13668
3 13668 13676 13677
3 13668 13677 13669
3 13669 13677 13678
3 13669 13678 13670
3 13670 13678 13679
3 13670 13679 13671
3 13671 13679 13672
3 13671 13672 13664
3 13672 13680 13681
3 13672 13681 13673
3 13673 13681 13682
3 13673 13682 13674
3 13674 13682 13683
3 13674 13683 13675
3 13675 13683 13684
3 13675 13684 13676
3 13676 13684 13685
3 13676 13685 13677
3 13677 13685 13686
3 13677 13686 13678
3 13678 13686 13687
3 13678 13687 13679
3 13679 13687 13680
3 13679 13680 13672
3 13680 13688 13689
3 13680 13689 13681
3 13681 13689 13690
3 13681 13690 13682
3 13682 13690 13691
3 13682 13691 13683
3 13683 13691 13692
3 13683 13692 13684
3 13684 13692 13693
3 13684 13693 13685
3 13685 13693 13694
3 13685 13694 13686
3 13686 13694 13695
3 13686 13695 13687
3 13687 13695 13688
3 13687 13688 13680
3 13688 13696 13697
3 13688 13697 13689
3 13689 13697 13698
3 13689 13698 13690
3 13690 13698 13699
3 13690 13699 13691
3 13691 13699 13700
3 13691 13700 13692
3 13692 13700 13701
3 13692 13701 13693
3 13693 13701 13702
3 13693 13702 13694
3 13694 13702 13703
3 13694 13703 13695
3 13695 13703 13696
3 13695 13696 13688
3 13696 13704 13705
3 13696 13705 13697
3 13697 13705 13706
3 13697 13706 13698
3 13698 13706 13707
3 13698 13707 13699
3 13699 13707 13708
3 13699 13708 13700
3 13700 13708 13709
3 13700 13709 13701
3 13701 13709 13710
3 13701 13710 13702
3 13702 13710 13711
3 13702 13711 13703
3 13703 13711 13704
3 13703 13704 13696
3 13704 13712 13713
3 13704 13713 13705
3 13705 13713 13714
3 13705 13714 13706
3 13706 13714 13715
3 13706 13715 13707
3 13707 13715 13716
3 13707 13716 13708
3 13708 13716 13717
3 13708 13717 13709
3 13709 13717 13718
3 13709 13718 13710
3 13710 13718 13719
3 13710 13719 13711
3 13711 13719 13712
3 13711 13712 13704
3 13712 13720 13721
3 13712 13721 13713
3 13713 13721 13722
3 13713 13722 13714
3 13714 13722 13723
3 13714 13723 13715
3 13715 13723 13724
3 13715 13724 13716
3 13716 13724 13725
3 13716 13725 13717
3 13717 13725 13726
3 13717 13726 13718
3 13718 13726 13727
3 13718 13727 13719
3 13719 13727 13720
3 13719 13720 13712
3 13720 13728 13729
3 13720 13729 13721
3 13721 13729 13730
3 13721 13730 13722
3 13722 13730 13731
3 13722 13731 13723
3 13723 13731 13732
3 13723 13732 13724
3 13724 13732 13733
3 13724 13733 13725
3 13725 13733 13734
3 13725 13734 13726
3 13726 13734 13735
3 13726 13735 13727
3 13727 13735 13728
3 13727 13728 13720
3 13728 13736 13737
3 13728 13737 13729
3 13729 13737 13738
3 13729 13738 13730
3 13730 13738 13739
3 13730 13739 13731
3 13731 13739 13740
3 13731 13740 13732
3 13732 13740 13741
3 13732 13741 13733
3 13733 13741 13742
3 13733 13742 13734
3 13734 13742 13743
3 13734 13743 13735
3 13735 13743 13736
3 13735 13736 13728
3 13736 13744 13745
3 13736 13745 13737
3 13737 13745 13746
3 13737 13746 13738
3 13738 13746 13747
3 13738 13747 13739
3 13739 13747 13748
3 13739 13748 13740
3 13740 13748 13749
3 13740 13749 13741
3 13741 13749 13750
3 13741 13750 13742
3 13742 13750 13751
3 13742 13751 13743
3 13743 13751 13744
3 13743 13744 13736
3 13744 13752 13753
3 13744 13753 13745
3 13745 13753 13754
3 13745 13754 13746
3 13746 13754 13755
3 13746 13755 13747
3 13747 13755 13756
3 13747 13756 13748
3 13748 13756 13757
3 13748 13757 13749
3 13749 13757 13758
3 13749 13758 13750
3 13750 13758 13759
3 13750 13759 13751
3 13751 13759 13752
3 13751 13752 13744
3 13752 13760 13761
3 13752 13761 13753
3 13753 13761 13762
3 13753 13762 13754
3 13754 13762 13763
3 13754 13763 13755
3 13755 13763 13764
3 13755 13764 13756
3 13756 13764 13765
3 13756 13765 13757
3 13757 13765 13766
3 13757 13766 13758
3 13758 13766 13767
3 13758 13767 13759
3 13759 13767 13760
3 13759 13760 13752
3 13760 13768 13769
3 13760 13769 13761
3 13761 13769 13770
3 13761 13770 13762
3 13762 13770 13771
3 13762 13771 13763
3 13763 13771 13772
3 13763 13772 13764
3 13764 13772 13773
3 13764 13773 13765
3 13765 13773 13774
3 13765 13774 13766
3 13766 13774 13775
3 13766 13775 13767
3 13767 13775 13768
3 13767 13768 13760
3 13768 13776 13777
3 13768 13777 13769
3 13769 13777 13778
3 13769 13778 13770
3 13770 13778 13779
3 13770 13779 13771
3 13771 13779 13780
3 13771 13780 13772
3 13772 13780 13781
3 13772 13781 13773
3 13773 13781 13782
3 13773 13782 13774
3 13774 13782 13783
3 13774 13783 13775
3 13775 13783 13776
3 13775 13776 13768
3 13776 13784 13785
3 13776 13785 13777
3 13777 13785 13786
3 13777 13786 13778
3 13778 13786 13787
3 13778 13787 13779
3 13779 13787 13788
3 13779 13788 13780
3 13780 13788 13789
3 13780 13789 13781
3 13781 13789 13790
3 13781 13790 13782
3 13782 13790 13791
3 13782 13791 13783
3 13783 13791 13784
3 13783 13784 13776
3 13784 13792 13793
3 13784 13793 13785
3 13785 13793 13794
3 13785 13794 13786
3 13786 13794 13795
3 13786 13795 13787
3 13787 13795 13796
3 13787 13796 13788
3 13788 13796 13797
3 13788 13797 13789
3 13789 13797 13798
3 13789 13798 13790
3 13790 13798 13799
3 13790 13799 13791
3 13791 13799 13792
3 13791 13792 13784
3 13792 13800 13801
3 13792 13801 13793
3 13793 13801 13802
3 13793 13802 13794
3 13794 13802 13803
3 13794 13803 13795
3 13795 13803 13804
3 13795 13804 13796
3 13796 13804 13805
3 13796 13805 13797
3 13797 13805 13806
3 13797 13806 13798
3 13798 13806 13807
3 13798 13807 13799
3 13799 13807 13800
3 13799 13800 13792
3 13800 13808 13809
3 13800 13809 13801
3 13801 13809 13810
3 13801 13810 13802
3 13802 13810 13811
3 13802 13811 13803
3 13803 13811 13812
3 13803 13812 13804
3 13804 13812 13813
3 13804 13813 13805
3 13805 13813 13814
3 13805 13814 13806
3 13806 13814 13815
3 13806 13815 13807
3 13807 13815 13808
3 13807 13808 13800
3 13808 13816 13817
3 13808 13817 13809
3 13809 13817 13818
3 13809 13818 13810
3 13810 13818 13819
3 13810 13819 13811
3 13811 13819 13820
3 13811 13820 13812
3 13812 13820 13821
3 13812 13821 13813
3 13813 13821 13822
3 13813 13822 13814
3 13814 13822 13823
3 13814 13823 13815
3 13815 13823 13816
3 13815 13816 13808
3 13816 13824 13825
3 13816 13825 13817
3 13817 13825 13826
3 13817 13826 13818
3 13818 13826 13827
3 13818 13827 13819
3 13819 13827 13828
3 13819 13828 13820
3 13820 13828 13829
3 13820 13829 13821
3 13821 13829 13830
3 13821 13830 13822
3 13822 13830 13831
3 13822 13831 13823
3 13823 13831 13824
3 13823 13824 13816
3 13824 13832 13833
3 13824 13833 13825
3 13825 13833 13834
3 13825 13834 13826
3 13826 13834 13835
3 13826 13835 13827
3 13827 13835 13836
3 13827 13836 13828
3 13828 13836 13837
3 13828 13837 13829
3 13829 13837 13838
3 13829 13838 13830
3 13830 13838 13839
3 13830 13839 13831
3 13831 13839 13832
3 13831 13832 13824
3 13832 13840 13841
3 13832 13841 13833
3 13833 13841 13842
3 13833 13842 13834
3 13834 13842 13843
3 13834 13843 13835
3 13835 13843 13844
3 13835 13844 13836
3 13836 13844 13845
3 13836 13845 13837
3 13837 13845 13846
3 13837 13846 13838
3 13838 13846 13847
3 13838 13847 13839
3 13839 13847 13840
3 13839 13840 13832
3 13840 13848 13849
3 13840 13849 13841
3 13841 13849 13850
3 13841 13850 13842
3 13842 13850 13851
3 13842 13851 13843
3 13843 13851 13852
3 13843 13852 13844
3 13844 13852 13853
3 13844 13853 13845
3 13845 13853 13854
3 13845 13854 13846
3 13846 13854 13855
3 13846 13855 13847
3 13847 13855 13848
3 13847 13848 13840
3 13848 13856 13857
3 13848 13857 13849
3 13849 13857 13858
3 13849 13858 13850
3 13850 13858 13859
3 13850 13859 13851
3 13851 13859 13860
3 13851 13860 13852
3 13852 13860 13861
3 13852 13861 13853
3 13853 13861 13862
3 13853 13862 13854
3 13854 13862 13863
3 13854 13863 13855
3 13855 13863 13856
3 13855 13856 13848
3 13856 13864 13865
3 13856 13865 13857
3 13857 13865 13866
3 13857 13866 13858
3 13858 13866 13867
3 13858 13867 13859
3 13859 13867 13868
3 13859 13868 13860
3 13860 13868 13869
3 13860 13869 13861
3 13861 13869 13870
3 13861 13870 13862
3 13862 13870 13871
3 13862 13871 13863
3 13863 13871 13864
3 13863 13864 13856
3 13864 13872 13873
3 13864 13873 13865
3 13865 13873 13874
3 13865 13874 13866
3 13866 13874 13875
3 13866 13875 13867
3 13867 13875 13876
3 13867 13876 13868
3 13868 13876 13877
3 13868 13877 13869
3 13869 13877 13878
3 13869 13878 13870
3 13870 13878 13879
3 13870 13879 13871
3 13871 13879 13872
3 13871 13872 13864
3 13872 13880 13881
3 13872 13881 13873
3 13873 13881 13882
3 13873 13882 13874
3 13874 13882 13883
3 13874 13883 13875
3 13875 13883 13884
3 13875 13884 13876
3 13876 13884 13885
3 13876 13885 13877
3 13877 13885 13886
3 13877 13886 13878
3 13878 13886 13887
3 13878 13887 13879
3 13879 13887 13880
3 13879 13880 13872
3 13880 13888 13889
3 13880 13889 13881
3 13881 13889 13890
3 13881 13890 13882
3 13882 13890 13891
3 13882 13891 13883
3 13883 13891 13892
3 13883 13892 13884
3 13884 13892 13893
3 13884 13893 13885
3 13885 13893 13894
3 13885 13894 13886
3 13886 13894 13895
3 13886 13895 13887
3 13887 13895 13888
3 13887 13888 13880
3 13888 13896 13897
3 13888 13897 13889
3 13889 13897 13898
3 13889 13898 13890
3 13890 13898 13899
3 13890 13899 13891
3 13891 13899 13900
3 13891 13900 13892
3 13892 13900 13901
3 13892 13901 13893
3 13893 13901 13902
3 13893 13902 13894
3 13894 13902 13903
3 13894 13903 13895
3 13895 13903 13896
3 13895 13896 13888
3 13896 13904 13905
3 13896 13905 13897
3 13897 13905 13906
3 13897 13906 13898
3 13898 13906 13907
3 13898 13907 13899
3 13899 13907 13908
3 13899 13908 13900
3 13900 13908 13909
3 13900 13909 13901
3 13901 13909 13910
3 13901 13910 13902
3 13902 13910 13911
3 13902 13911 13903
3 13903 13911 13904
3 13903 13904 13896
3 13904 13912 13913
3 13904 13913 13905
3 13905 13913 13914
3 13905 13914 13906
3 13906 13914 13915
3 13906 13915 13907
3 13907 13915 13916
3 13907 13916 13908
3 13908 13916 13917
3 13908 13917 13909
3 13909 13917 13918
3 13909 13918 13910
3 13910 13918 13919
3 13910 13919 13911
3 13911 13919 13912
3 13911 13912 13904
3 13912 13920 13921
3 13912 13921 13913
3 13913 13921 13922
3 13913 13922 13914
3 13914 13922 13923
3 13914 13923 13915
3 13915 13923 13924
3 13915 13924 13916
3 13916 13924 13925
3 13916 13925 13917
3 13917 13925 13926
3 13917 13926 13918
3 13918 13926 13927
3 13918 13927 13919
3 13919 13927 13920
3 13919 13920 13912
3 13920 13928 13929
3 13920 13929 13921
3 13921 13929 13930
3 13921 13930 13922
3 13922 13930 13931
3 13922 13931 13923
3 13923 13931 13932
3 13923 13932 13924
3 13924 13932 13933
3 13924 13933 13925
3 13925 13933 13934
3 13925 13934 13926
3 13926 13934 13935
3 13926 13935 13927
3 13927 13935 13928
3 13927 13928 13920
3 13928 13936 13937
3 13928 13937 13929
3 13929 13937 13938
3 13929 13938 13930
3 13930 13938 13939
3 13930 13939 13931
3 13931 13939 13940
3 13931 13940 13932
3 13932 13940 13941
3 13932 13941 13933
3 13933 13941 13942
3 13933 13942 13934
3 13934 13942 13943
3 13934 13943 13935
3 13935 13943 13936
3 13935 13936 13928
3 13936 13944 13945
3 13936 13945 13937
3 13937 13945 13946
3 13937 13946 13938
3 13938 13946 13947
3 13938 13947 13939
3 13939 13947 13948
3 13939 13948 13940
3 13940 13948 13949
3 13940 13949 13941
3 13941 13949 13950
3 13941 13950 13942
3 13942 13950 13951
3 13942 13951 13943
3 13943 13951 13944
3 13943 13944 13936
3 13944 13952 13953
3 13944 13953 13945
3 13945 13953 13954
3 13945 13954 13946
3 13946 13954 13955
3 13946 13955 13947
3 13947 13955 13956
3 13947 13956 13948
3 13948 13956 13957
3 13948 13957 13949
3 13949 13957 13958
3 13949 13958 13950
3 13950 13958 13959
3 13950 13959 13951
3 13951 13959 13952
3 13951 13952 13944
3 13952 13960 13961
3 13952 13961 13953
3 13953 13961 13962
3 13953 13962 13954
3 13954 13962 13963
3 13954 13963 13955
3 13955 13963 13964
3 13955 13964 13956
3 13956 13964 13965
3 13956 13965 13957
3 13957 13965 13966
3 13957 13966 13958
3 13958 13966 13967
3 13958 13967 13959
3 13959 13967 13960
3 13959 13960 13952
3 13960 13968 13969
3 13960 13969 13961
3 13961 13969 13970
3 13961 13970 13962
3 13962 13970 13971
3 13962 13971 13963
3 13963 13971 13972
3 13963 13972 13964
3 13964 13972 13973
3 13964 13973 13965
3 13965 13973 13974
3 13965 13974 13966
3 13966 13974 13975
3 13966 13975 13967
3 13967 13975 13968
3 13967 13968 13960
3 13968 13976 13977
3 13968 13977 13969
3 13969 13977 13978
3 13969 13978 13970
3 13970 13978 13979
3 13970 13979 13971
3 13971 13979 13980
3 13971 13980 13972
3 13972 13980 13981
3 13972 13981 13973
3 13973 13981 13982
3 13973 13982 13974
3 13974 13982 13983
3 13974 13983 13975
3 13975 13983 13976
3 13975 13976 13968
3 13976 13984 13985
3 13976 13985 13977
3 13977 13985 13986
3 13977 13986 13978
3 13978 13986 13987
3 13978 13987 13979
3 13979 13987 13988
3 13979 13988 13980
3 13980 13988 13989
3 13980 13989 13981
3 13981 13989 13990
3 13981 13990 13982
3 13982 13990 13991
3 13982 13991 13983
3 13983 13991 13984
3 13983 13984 13976
3 13984 13992 13993
3 13984 13993 13985
3 13985 13993 13994
3 13985 13994 13986
3 13986 13994 13995
3 13986 13995 13987
3 13987 13995 13996
3 13987 13996 13988
3 13988 13996 13997
3 13988 13997 13989
3 13989 13997 13998
3 13989 13998 13990
3 13990 13998 13999
3 13990 13999 13991
3 13991 13999 13992
3 13991 13992 13984
3 13992 14000 14001
3 13992 14001 13993
3 13993 14001 14002
3 13993 14002 13994
3 13994 14002 14003
3 13994 14003 13995
3 13995 14003 14004
3 13995 14004 13996
3 13996 14004 14005
3 13996 14005 13997
3 13997 14005 14006
3 13997 14006 13998
3 13998 14006 14007
3 13998 14007 13999
3 13999 14007 14000
3 13999 14000 13992
3 14000 14008 14009
3 14000 14009 14001
3 14001 14009 14010
3 14001 14010 14002
3 14002 14010 14011
3 14002 14011 14003
3 14003 14011 14012
3 14003 14012 14004
3 14004 14012 14013
3 14004 14013 14005
3 14005 14013 14014
3 14005 14014 14006
3 14006 14014 14015
3 14006 14015 14007
3 14007 14015 14008
3 14007 14008 14000
3 14008 14016 14017
3 14008 14017 14009
3 14009 14017 14018
3 14009 14018 14010
3 14010 14018 14019
3 14010 14019 14011
3 14011 14019 14020
3 14011 14020 14012
3 14012 14020 14021
3 14012 14021 14013
3 14013 14021 14022
3 14013 14022 14014
3 14014 14022 14023
3 14014 14023 14015
3 14015 14023 14016
3 14015 14016 14008
3 14016 14024 14025
3 14016 14025 14017
3 14017 14025 14026
3 14017 14026 14018
3 14018 14026 14027
3 14018 14027 14019
3 14019 14027 14028
3 14019 14028 14020
3 14020 14028 14029
3 14020 14029 14021
3 14021 14029 14030
3 14021 14030 14022
3 14022 14030 14031
3 14022 14031 14023
3 14023 14031 14024
3 14023 14024 14016
3 14024 14032 14033
3 14024 14033 14025
3 14025 14033 14034
3 14025 14034 14026
3 14026 14034 14035
3 14026 14035 14027
3 14027 14035 14036
3 14027 14036 14028
3 14028 14036 14037
3 14028 14037 14029
3 14029 14037 14038
3 14029 14038 14030
3 14030 14038 14039
3 14030 14039 14031
3 14031 14039 14032
3 14031 14032 14024
3 14032 14040 14041
3 14032 14041 14033
3 14033 14041 14042
3 14033 14042 14034
3 14034 14042 14043
3 14034 14043 14035
3 14035 14043 14044
3 14035 14044 14036
3 14036 14044 14045
3 14036 14045 14037
3 14037 14045 14046
3 14037 14046 14038
3 14038 14046 14047
3 14038 14047 14039
3 14039 14047 14040
3 14039 14040 14032
3 14040 14048 14049
3 14040 14049 14041
3 14041 14049 14050
3 14041 14050 14042
3 14042 14050 14051
3 14042 14051 14043
3 14043 14051 14052
3 14043 14052 14044
3 14044 14052 14053
3 14044 14053 14045
3 14045 14053 14054
3 14045 14054 14046
3 14046 14054 14055
3 14046 14055 14047
3 14047 14055 14048
3 14047 14048 14040
3 14048 14056 14057
3 14048 14057 14049
3 14049 14057 14058
3 14049 14058 14050
3 14050 14058 14059
3 14050 14059 14051
3 14051 14059 14060
3 14051 14060 14052
3 14052 14060 14061
3 14052 14061 14053
3 14053 14061 14062
3 14053 14062 14054
3 14054 14062 14063
3 14054 14063 14055
3 14055 14063 14056
3 14055 14056 14048
3 14056 14064 14065
3 14056 14065 14057
3 14057 14065 14066
3 14057 14066 14058
3 14058 14066 14067
3 14058 14067 14059
3 14059 14067 14068
3 14059 14068 14060
3 14060 14068 14069
3 14060 14069 14061
3 14061 14069 14070
3 14061 14070 14062
3 14062 14070 14071
3 14062 14071 14063
3 14063 14071 14064
3 14063 14064 14056
3 14064 14072 14073
3 14064 14073 14065
3 14065 14073 14074
3 14065 14074 14066
3 14066 14074 14075
3 14066 14075 14067
3 14067 14075 14076
3 14067 14076 14068
3 14068 14076 14077
3 14068 14077 14069
3 14069 14077 14078
3 14069 14078 14070
3 14070 14078 14079
3 14070 14079 14071
3 14071 14079 14072
3 14071 14072 14064
3 14072 14080 14081
3 14072 14081 14073
3 14073 14081 14082
3 14073 14082 14074
3 14074 14082 14083
3 14074 14083 14075
3 14075 14083 14084
3 14075 14084 14076
3 14076 14084 14085
3 14076 14085 14077
3 14077 14085 14086
3 14077 14086 14078
3 14078 14086 14087
3 14078 14087 14079
3 14079 14087 14080
3 14079 14080 14072
3 14080 14088 14089
3 14080 14089 14081
3 14081 14089 14090
3 14081 14090 14082
3 14082 14090 14091
3 14082 14091 14083
3 14083 14091 14092
3 14083 14092 14084
3 14084 14092 14093
3 14084 14093 14085
3 14085 14093 14094
3 14085 14094 14086
3 14086 14094 14095
3 14086 14095 14087
3 14087 14095 14088
3 14087 14088 14080
3 14088 14096 14097
3 14088 14097 14089
3 14089 14097 14098
3 14089 14098 14090
3 14090 14098 14099
3 14090 14099 14091
3 14091 14099 14100
3 14091 14100 14092
3 14092 14100 14101
3 14092 14101 14093
3 14093 14101 14102
3 14093 14102 14094
3 14094 14102 14103
3 14094 14103 14095
3 14095 14103 14096
3 14095 14096 14088
3 14096 14104 14105
3 14096 14105 14097
3 14097 14105 14106
3 14097 14106 14098
3 14098 14106 14107
3 14098 14107 14099
3 14099 14107 14108
3 14099 14108 14100
3 14100 14108 14109
3 14100 14109 14101
3 14101 14109 14110
3 14101 14110 14102
3 14102 14110 14111
3 14102 14111 14103
3 14103 14111 14104
3 14103 14104 14096
3 14104 14112 14113
3 14104 14113 14105
3 14105 14113 14114
3 14105 14114 14106
3 14106 14114 14115
3 14106 14115 14107
3 14107 14115 14116
3 14107 14116 14108
3 14108 14116 14117
3 14108 14117 14109
3 14109 14117 14118
3 14109 14118 14110
3 14110 14118 14119
3 14110 14119 14111
3 14111 14119 14112
3 14111 14112 14104
3 14112 14120 14121
3 14112 14121 14113
3 14113 14121 14122
3 14113 14122 14114
3 14114 14122 14123
3 14114 14123 14115
3 14115 14123 14124
3 14115 14124 14116
3 14116 14124 14125
3 14116 14125 14117
3 14117 14125 14126
3 14117 14126 14118
3 14118 14126 14127
3 14118 14127 14119
3 14119 14127 14120
3 14119 14120 14112
3 14120 14128 14129
3 14120 14129 14121
3 14121 14129 14130
3 14121 14130 14122
3 14122 14130 14131
3 14122 14131 14123
3 14123 14131 14132
3 14123 14132 14124
3 14124 14132 14133
3 14124 14133 14125
3 14125 14133 14134
3 14125 14134 14126
3 14126 14134 14135
3 14126 14135 14127
3 14127 14135 14128
3 14127 14128 14120
3 14128 14136 14137
3 14128 14137 14129
3 14129 14137 14138
3 14129 14138 14130
3 14130 14138 14139
3 14130 14139 14131
3 14131 14139 14140
3 14131 14140 14132
3 14132 14140 14141
3 14132 14141 14133
3 14133 14141 14142
3 14133 14142 14134
3 14134 14142 14143
3 14134 14143 14135
3 14135 14143 14136
3 14135 14136 14128
3 14136 14144 14145
3 14136 14145 14137
3 14137 14145 14146
3 14137 14146 14138
3 14138 14146 14147
3 14138 14147 14139
3 14139 14147 14148
3 14139 14148 14140
3 14140 14148 14149
3 14140 14149 14141
3 14141 14149 14150
3 14141 14150 14142
3 14142 14150 14151
3 14142 14151 14143
3 14143 14151 14144
3 14143 14144 14136
3 14144 14152 14153
3 14144 14153 14145
3 14145 14153 14154
3 14145 14154 14146
3 14146 14154 14155
3 14146 14155 14147
3 14147 14155 14156
3 14147 14156 14148
3 14148 14156 14157
3 14148 14157 14149
3 14149 14157 14158
3 14149 14158 14150
3 14150 14158 14159
3 14150 14159 14151
3 14151 14159 14152
3 14151 14152 14144
3 14152 14160 14161
3 14152 14161 14153
3 14153 14161 14162
3 14153 14162 14154
3 14154 14162 14163
3 14154 14163 14155
3 14155 14163 14164
3 14155 14164 14156
3 14156 14164 14165
3 14156 14165 14157
3 14157 14165 14166
3 14157 14166 14158
3 14158 14166 14167
3 14158 14167 14159
3 14159 14167 14160
3 14159 14160 14152
3 14160 14168 14169
3 14160 14169 14161
3 14161 14169 14170
3 14161 14170 14162
3 14162 14170 14171
3 14162 14171 14163
3 14163 14171 14172
3 14163 14172 14164
3 14164 14172 14173
3 14164 14173 14165
3 14165 14173 14174
3 14165 14174 14166
3 14166 14174 14175
3 14166 14175 14167
3 14167 14175 14168
3 14167 14168 14160
3 14168 14176 14177
3 14168 14177 14169
3 14169 14177 14178
3 14169 14178 14170
3 14170 14178 14179
3 14170 14179 14171
3 14171 14179 14180
3 14171 14180 14172
3 14172 14180 14181
3 14172 14181 14173
3 14173 14181 14182
3 14173 14182 14174
3 14174 14182 14183
3 14174 14183 14175
3 14175 14183 14176
3 14175 14176 14168
3 14176 14184 14185
3 14176 14185 14177
3 14177 14185 14186
3 14177 14186 14178
3 14178 14186 14187
3 14178 14187 14179
3 14179 14187 14188
3 14179 14188 14180
3 14180 14188 14189
3 14180 14189 14181
3 14181 14189 14190
3 14181 14190 14182
3 14182 14190 14191
3 14182 14191 14183
3 14183 14191 14184
3 14183 14184 14176
3 14184 14192 14193
3 14184 14193 14185
3 14185 14193 14194
3 14185 14194 14186
3 14186 14194 14195
3 14186 14195 14187
3 14187 14195 14196
3 14187 14196 14188
3 14188 14196 14197
3 14188 14197 14189
3 14189 14197 14198
3 14189 14198 14190
3 14190 14198 14199
3 14190 14199 14191
3 14191 14199 14192
3 14191 14192 14184
3 14192 14200 14201
3 14192 14201 14193
3 14193 14201 14202
3 14193 14202 14194
3 14194 14202 14203
3 14194 14203 14195
3 14195 14203 14204
3 14195 14204 14196
3 14196 14204 14205
3 14196 14205 14197
3 14197 14205 14206
3 14197 14206 14198
3 14198 14206 14207
3 14198 14207 14199
3 14199 14207 14200
3 14199 14200 14192
3 14200 14208 14209
3 14200 14209 14201
3 14201 14209 14210
3 14201 14210 14202
3 14202 14210 14211
3 14202 14211 14203
3 14203 14211 14212
3 14203 14212 14204
3 14204 14212 14213
3 14204 14213 14205
3 14205 14213 14214
3 14205 14214 14206
3 14206 14214 14215
3 14206 14215 14207
3 14207 14215 14208
3 14207 14208 14200
3 14208 14216 14217
3 14208 14217 14209
3 14209 14217 14218
3 14209 14218 14210
3 14210 14218 14219
3 14210 14219 14211
3 14211 14219 14220
3 14211 14220 14212
3 14212 14220 14221
3 14212 14221 14213
3 14213 14221 14222
3 14213 14222 14214
3 14214 14222 14223
3 14214 14223 14215
3 14215 14223 14216
3 14215 14216 14208
3 14216 14224 14225
3 14216 14225 14217
3 14217 14225 14226
3 14217 14226 14218
3 14218 14226 14227
3 14218 14227 14219
3 14219 14227 14228
3 14219 14228 14220
3 14220 14228 14229
3 14220 14229 14221
3 14221 14229 14230
3 14221 14230 14222
3 14222 14230 14231
3 14222 14231 14223
3 14223 14231 14224
3 14223 14224 14216
3 14224 14232 14233
3 14224 14233 14225
3 14225 14233 14234
3 14225 14234 14226
3 14226 14234 14235
3 14226 14235 14227
3 14227 14235 14236
3 14227 14236 14228
3 14228 14236 14237
3 14228 14237 14229
3 14229 14237 14238
3 14229 14238 14230
3 14230 14238 14239
3 14230 14239 14231
3 14231 14239 14232
3 14231 14232 14224
3 14232 14240 14241
3 14232 14241 14233
3 14233 14241 14242
3 14233 14242 14234
3 14234 14242 14243
3 14234 14243 14235
3 14235 14243 14244
3 14235 14244 14236
3 14236 14244 14245
3 14236 14245 14237
3 14237 14245 14246
3 14237 14246 14238
3 14238 14246 14247
3 14238 14247 14239
3 14239 14247 14240
3 14239 14240 14232
3 14240 14248 14249
3 14240 14249 14241
3 14241 14249 14250
3 14241 14250 14242
3 14242 14250 14251
3 14242 14251 14243
3 14243 14251 14252
3 14243 14252 14244
3 14244 14252 14253
3 14244 14253 14245
3 14245 14253 14254
3 14245 14254 14246
3 14246 14254 14255
3 14246 14255 14247
3 14247 14255 14248
3 14247 14248 14240
3 14248 14256 14257
3 14248 14257 14249
3 14249 14257 14258
3 14249 14258 14250
3 14250 14258 14259
3 14250 14259 14251
3 14251 14259 14260
3 14251 14260 14252
3 14252 14260 14261
3 14252 14261 14253
3 14253 14261 14262
3 14253 14262 14254
3 14254 14262 14263
3 14254 14263 14255
3 14255 14263 14256
3 14255 14256 14248
3 14256 14264 14265
3 14256 14265 14257
3 14257 14265 14266
3 14257 14266 14258
3 14258 14266 14267
3 14258 14267 14259
3 14259 14267 14268
3 14259 14268 14260
3 14260 14268 14269
3 14260 14269 14261
3 14261 14269 14270
3 14261 14270 14262
3 14262 14270 14271
3 14262 14271 14263
3 14263 14271 14264
3 14263 14264 14256
3 14264 14272 14273
3 14264 14273 14265
3 14265 14273 14274
3 14265 14274 14266
3 14266 14274 14275
3 14266 14275 14267
3 14267 14275 14276
3 14267 14276 14268
3 14268 14276 14277
3 14268 14277 14269
3 14269 14277 14278
3 14269 14278 14270
3 14270 14278 14279
3 14270 14279 14271
3 14271 14279 14272
3 14271 14272 14264
3 14272 14280 14281
3 14272 14281 14273
3 14273 14281 14282
3 14273 14282 14274
3 14274 14282 14283
3 14274 14283 14275
3 14275 14283 14284
3 14275 14284 14276
3 14276 14284 14285
3 14276 14285 14277
3 14277 14285 14286
3 14277 14286 14278
3 14278 14286 14287
3 14278 14287 14279
3 14279 14287 14280
3 14279 14280 14272
3 14280 14288 14289
3 14280 14289 14281
3 14281 14289 14290
3 14281 14290 14282
3 14282 14290 14291
3 14282 14291 14283
3 14283 14291 14292
3 14283 14292 14284
3 14284 14292 14293
3 14284 14293 14285
3 14285 14293 14294
3 14285 14294 14286
3 14286 14294 14295
3 14286 14295 14287
3 14287 14295 14288
3 14287 14288 14280
3 14288 14296 14297
3 14288 14297 14289
3 14289 14297 14298
3 14289 14298 14290
3 14290 14298 14299
3 14290 14299 14291
3 14291 14299 14300
3 14291 14300 14292
3 14292 14300 14301
3 14292 14301 14293
3 14293 14301 14302
3 14293 14302 14294
3 14294 14302 14303
3 14294 14303 14295
3 14295 14303 14296
3 14295 14296 14288
3 14296 14304 14305
3 14296 14305 14297
3 14297 14305 14306
3 14297 14306 14298
3 14298 14306 14307
3 14298 14307 14299
3 14299 14307 14308
3 14299 14308 14300
3 14300 14308 14309
3 14300 14309 14301
3 14301 14309 14310
3 14301 14310 14302
3 14302 14310 14311
3 14302 14311 14303
3 14303 14311 14304
3 14303 14304 14296
3 14304 14312 14313
3 14304 14313 14305
3 14305 14313 14314
3 14305 14314 14306
3 14306 14314 14315
3 14306 14315 14307
3 14307 14315 14316
3 14307 14316 14308
3 14308 14316 14317
3 14308 14317 14309
3 14309 14317 14318
3 14309 14318 14310
3 14310 14318 14319
3 14310 14319 14311
3 14311 14319 14312
3 14311 14312 14304
3 14312 14320 14321
3 14312 14321 14313
3 14313 14321 14322
3 14313 14322 14314
3 14314 14322 14323
3 14314 14323 14315
3 14315 14323 14324
3 14315 14324 14316
3 14316 14324 14325
3 14316 14325 14317
3 14317 14325 14326
3 14317 14326 14318
3 14318 14326 14327
3 14318 14327 14319
3 14319 14327 14320
3 14319 14320 14312
3 14320 14328 14329
3 14320 14329 14321
3 14321 14329 14330
3 14321 14330 14322
3 14322 14330 14331
3 14322 14331 14323
3 14323 14331 14332
3 14323 14332 14324
3 14324 14332 14333
3 14324 14333 14325
3 14325 14333 14334
3 14325 14334 14326
3 14326 14334 14335
3 14326 14335 14327
3 14327 14335 14328
3 14327 14328 14320
3 14328 14336 14337
3 14328 14337 14329
3 14329 14337 14338
3 14329 14338 14330
3 14330 14338 14339
3 14330 14339 14331
3 14331 14339 14340
3 14331 14340 14332
3 14332 14340 14341
3 14332 14341 14333
3 14333 14341 14342
3 14333 14342 14334
3 14334 14342 14343
3 14334 14343 14335
3 14335 14343 14336
3 14335 14336 14328
3 14336 14344 14345
3 14336 14345 14337
3 14337 14345 14346
3 14337 14346 14338
3 14338 14346 14347
3 14338 14347 14339
3 14339 14347 14348
3 14339 14348 14340
3 14340 14348 14349
3 14340 14349 14341
3 14341 14349 14350
3 14341 14350 14342
3 14342 14350 14351
3 14342 14351 14343
3 14343 14351 14344
3 14343 14344 14336
3 14344 14352 14353
3 14344 14353 14345
3 14345 14353 14354
3 14345 14354 14346
3 14346 14354 14355
3 14346 14355 14347
3 14347 14355 14356
3 14347 14356 14348
3 14348 14356 14357
3 14348 14357 14349
3 14349 14357 14358
3 14349 14358 14350
3 14350 14358 14359
3 14350 14359 14351
3 14351 14359 14352
3 14351 14352 14344
3 14352 14360 14361
3 14352 14361 14353
3 14353 14361 14362
3 14353 14362 14354
3 14354 14362 14363
3 14354 14363 14355
3 14355 14363 14364
3 14355 14364 14356
3 14356 14364 14365
3 14356 14365 14357
3 14357 14365 14366
3 14357 14366 14358
3 14358 14366 14367
3 14358 14367 14359
3 14359 14367 14360
3 14359 14360 14352
3 14360 14368 14369
3 14360 14369 14361
3 14361 14369 14370
3 14361 14370 14362
3 14362 14370 14371
3 14362 14371 14363
3 14363 14371 14372
3 14363 14372 14364
3 14364 14372 14373
3 14364 14373 14365
3 14365 14373 14374
3 14365 14374 14366
3 14366 14374 14375
3 14366 14375 14367
3 14367 14375 14368
3 14367 14368 14360
3 14368 14376 14377
3 14368 14377 14369
3 14369 14377 14378
3 14369 14378 14370
3 14370 14378 14379
3 14370 14379 14371
3 14371 14379 14380
3 14371 14380 14372
3 14372 14380 14381
3 14372 14381 14373
3 14373 14381 14382
3 14373 14382 14374
3 14374 14382 14383
3 14374 14383 14375
3 14375 14383 14376
3 14375 14376 14368
3 14376 14384 14385
3 14376 14385 14377
3 14377 14385 14386
3 14377 14386 14378
3 14378 14386 14387
3 14378 14387 14379
3 14379 14387 14388
3 14379 14388 14380
3 14380 14388 14389
3 14380 14389 14381
3 14381 14389 14390
3 14381 14390 14382
3 14382 14390 14391
3 14382 14391 14383
3 14383 14391 14384
3 14383 14384 14376
3 14384 14392 14393
3 14384 14393 14385
3 14385 14393 14394
3 14385 14394 14386
3 14386 14394 14395
3 14386 14395 14387
3 14387 14395 14396
3 14387 14396 14388
3 14388 14396 14397
3 14388 14397 14389
3 14389 14397 14398
3 14389 14398 14390
3 14390 14398 14399
3 14390 14399 14391
3 14391 14399 14392
3 14391 14392 14384
3 14392 14400 14401
3 14392 14401 14393
3 14393 14401 14402
3 14393 14402 14394
3 14394 14402 14403
3 14394 14403 14395
3 14395 14403 14404
3 14395 14404 14396
3 14396 14404 14405
3 14396 14405 14397
3 14397 14405 14406
3 14397 14406 14398
3 14398 14406 14407
3 14398 14407 14399
3 14399 14407 14400
3 14399 14400 14392
3 14400 14408 14409
3 14400 14409 14401
3 14401 14409 14410
3 14401 14410 14402
3 14402 14410 14411
3 14402 14411 14403
3 14403 14411 14412
3 14403 14412 14404
3 14404 14412 14413
3 14404 14413 14405
3 14405 14413 14414
3 14405 14414 14406
3 14406 14414 14415
3 14406 14415 14407
3 14407 14415 14408
3 14407 14408 14400
3 14408 14416 14417
3 14408 14417 14409
3 14409 14417 14418
3 14409 14418 14410
3 14410 14418 14419
3 14410 14419 14411
3 14411 14419 14420
3 14411 14420 14412
3 14412 14420 14421
3 14412 14421 14413
3 14413 14421 14422
3 14413 14422 14414
3 14414 14422 14423
3 14414 14423 14415
3 14415 14423 14416
3 14415 14416 14408
3 14416 14424 14425
3 14416 14425 14417
3 14417 14425 14426
3 14417 14426 14418
3 14418 14426 14427
3 14418 14427 14419
3 14419 14427 14428
3 14419 14428 14420
3 14420 14428 14429
3 14420 14429 14421
3 14421 14429 14430
3 14421 14430 14422
3 14422 14430 14431
3 14422 14431 14423
3 14423 14431 14424
3 14423 14424 14416
3 14424 14432 14433
3 14424 14433 14425
3 14425 14433 14434
3 14425 14434 14426
3 14426 14434 14435
3 14426 14435 14427
3 14427 14435 14436
3 14427 14436 14428
3 14428 14436 14437
3 14428 14437 14429
3 14429 14437 14438
3 14429 14438 14430
3 14430 14438 14439
3 14430 14439 14431
3 14431 14439 14432
3 14431 14432 14424
3 14432 14440 14441
3 14432 14441 14433
3 14433 14441 14442
3 14433 14442 14434
3 14434 14442 14443
3 14434 14443 14435
3 14435 14443 14444
3 14435 14444 14436
3 14436 14444 14445
3 14436 14445 14437
3 14437 14445 14446
3 14437 14446 14438
3 14438 14446 14447
3 14438 14447 14439
3 14439 14447 14440
3 14439 14440 14432
3 14440 14448 14449
3 14440 14449 14441
3 14441 14449 14450
3 14441 14450 14442
3 14442 14450 14451
3 14442 14451 14443
3 14443 14451 14452
3 14443 14452 14444
3 14444 14452 14453
3 14444 14453 14445
3 14445 14453 14454
3 14445 14454 14446
3 14446 14454 14455
3 14446 14455 14447
3 14447 14455 14448
3 14447 14448 14440
3 14448 14456 14457
3 14448 14457 14449
3 14449 14457 14458
3 14449 14458 14450
3 14450 14458 14459
3 14450 14459 14451
3 14451 14459 14460
3 14451 14460 14452
3 14452 14460 14461
3 14452 14461 14453
3 14453 14461 14462
3 14453 14462 14454
3 14454 14462 14463
3 14454 14463 14455
3 14455 14463 14456
3 14455 14456 14448
3 14456 14464 14465
3 14456 14465 14457
3 14457 14465 14466
3 14457 14466 14458
3 14458 14466 14467
3 14458 14467 14459
3 14459 14467 14468
3 14459 14468 14460
3 14460 14468 14469
3 14460 14469 14461
3 14461 14469 14470
3 14461 14470 14462
3 14462 14470 14471
3 14462 14471 14463
3 14463 14471 14464
3 14463 14464 14456
3 14464 14472 14473
3 14464 14473 14465
3 14465 14473 14474
3 14465 14474 14466
3 14466 14474 14475
3 14466 14475 14467
3 14467 14475 14476
3 14467 14476 14468
3 14468 14476 14477
3 14468 14477 14469
3 14469 14477 14478
3 14469 14478 14470
3 14470 14478 14479
3 14470 14479 14471
3 14471 14479 14472
3 14471 14472 14464
3 14472 14480 14481
3 14472 14481 14473
3 14473 14481 14482
3 14473 14482 14474
3 14474 14482 14483
3 14474 14483 14475
3 14475 14483 14484
3 14475 14484 14476
3 14476 14484 14485
3 14476 14485 14477
3 14477 14485 14486
3 14477 14486 14478
3 14478 14486 14487
3 14478 14487 14479
3 14479 14487 14480
3 14479 14480 14472
3 14480 14488 14489
3 14480 14489 14481
3 14481 14489 14490
3 14481 14490 14482
3 14482 14490 14491
3 14482 14491 14483
3 14483 14491 14492
3 14483 14492 14484
3 14484 14492 14493
3 14484 14493 14485
3 14485 14493 14494
3 14485 14494 14486
3 14486 14494 14495
3 14486 14495 14487
3 14487 14495 14488
3 14487 14488 14480
3 14488 14496 14497
3 14488 14497 14489
3 14489 14497 14498
3 14489 14498 14490
3 14490 14498 14499
3 14490 14499 14491
3 14491 14499 14500
3 14491 14500 14492
3 14492 14500 14501
3 14492 14501 14493
3 14493 14501 14502
3 14493 14502 14494
3 14494 14502 14503
3 14494 14503 14495
3 14495 14503 14496
3 14495 14496 14488
3 14496 14504 14505
3 14496 14505 14497
3 14497 14505 14506
3 14497 14506 14498
3 14498 14506 14507
3 14498 14507 14499
3 14499 14507 14508
3 14499 14508 14500
3 14500 14508 14509
3 14500 14509 14501
3 14501 14509 14510
3 14501 14510 14502
3 14502 14510 14511
3 14502 14511 14503
3 14503 14511 14504
3 14503 14504 14496
3 14504 14512 14513
3 14504 14513 14505
3 14505 14513 14514
3 14505 14514 14506
3 14506 14514 14515
3 14506 14515 14507
3 14507 14515 14516
3 14507 14516 14508
3 14508 14516 14517
3 14508 14517 14509
3 14509 14517 14518
3 14509 14518 14510
3 14510 14518 14519
3 14510 14519 14511
3 14511 14519 14512
3 14511 14512 14504
3 14512 14520 14521
3 14512 14521 14513
3 14513 14521 14522
3 14513 14522 14514
3 14514 14522 14523
3 14514 14523 14515
3 14515 14523 14524
3 14515 14524 14516
3 14516 14524 14525
3 14516 14525 14517
3 14517 14525 14526
3 14517 14526 14518
3 14518 14526 14527
3 14518 14527 14519
3 14519 14527 14520
3 14519 14520 14512
3 14520 14528 14529
3 14520 14529 14521
3 14521 14529 14530
3 14521 14530 14522
3 14522 14530 14531
3 14522 14531 14523
3 14523 14531 14532
3 14523 14532 14524
3 14524 14532 14533
3 14524 14533 14525
3 14525 14533 14534
3 14525 14534 14526
3 14526 14534 14535
3 14526 14535 14527
3 14527 14535 14528
3 14527 14528 14520
3 14528 14536 14537
3 14528 14537 14529
3 14529 14537 14538
3 14529 14538 14530
3 14530 14538 14539
3 14530 14539 14531
3 14531 14539 14540
3 14531 14540 14532
3 14532 14540 14541
3 14532 14541 14533
3 14533 14541 14542
3 14533 14542 14534
3 14534 14542 14543
3 14534 14543 14535
3 14535 14543 14536
3 14535 14536 14528
3 14536 14544 14545
3 14536 14545 14537
3 14537 14545 14546
3 14537 14546 14538
3 14538 14546 14547
3 14538 14547 14539
3 14539 14547 14548
3 14539 14548 14540
3 14540 14548 14549
3 14540 14549 14541
3 14541 14549 14550
3 14541 14550 14542
3 14542 14550 14551
3 14542 14551 14543
3 14543 14551 14544
3 14543 14544 14536
3 14544 14552 14553
3 14544 14553 14545
3 14545 14553 14554
3 14545 14554 14546
3 14546 14554 14555
3 14546 14555 14547
3 14547 14555 14556
3 14547 14556 14548
3 14548 14556 14557
3 14548 14557 14549
3 14549 14557 14558
3 14549 14558 14550
3 14550 14558 14559
3 14550 14559 14551
3 14551 14559 14552
3 14551 14552 14544
3 14552 14560 14561
3 14552 14561 14553
3 14553 14561 14562
3 14553 14562 14554
3 14554 14562 14563
3 14554 14563 14555
3 14555 14563 14564
3 14555 14564 14556
3 14556 14564 14565
3 14556 14565 14557
3 14557 14565 14566
3 14557 14566 14558
3 14558 14566 14567
3 14558 14567 14559
3 14559 14567 14560
3 14559 14560 14552
3 14560 14568 14569
3 14560 14569 14561
3 14561 14569 14570
3 14561 14570 14562
3 14562 14570 14571
3 14562 14571 14563
3 14563 14571 14572
3 14563 14572 14564
3 14564 14572 14573
3 14564 14573 14565
3 14565 14573 14574
3 14565 14574 14566
3 14566 14574 14575
3 14566 14575 14567
3 14567 14575 14568
3 14567 14568 14560
3 14568 14576 14577
3 14568 14577 14569
3 14569 14577 14578
3 14569 14578 14570
3 14570 14578 14579
3 14570 14579 14571
3 14571 14579 14580
3 14571 14580 14572
3 14572 14580 14581
3 14572 14581 14573
3 14573 14581 14582
3 14573 14582 14574
3 14574 14582 14583
3 14574 14583 14575
3 14575 14583 14576
3 14575 14576 14568
3 14576 14584 14585
3 14576 14585 14577
3 14577 14585 14586
3 14577 14586 14578
3 14578 14586 14587
3 14578 14587 14579
3 14579 14587 14588
3 14579 14588 14580
3 14580 14588 14589
3 14580 14589 14581
3 14581 14589 14590
3 14581 14590 14582
3 14582 14590 14591
3 14582 14591 14583
3 14583 14591 14584
3 14583 14584 14576
3 14584 14592 14593
3 14584 14593 14585
3 14585 14593 14594
3 14585 14594 14586
3 14586 14594 14595
3 14586 14595 14587
3 14587 14595 14596
3 14587 14596 14588
3 14588 14596 14597
3 14588 14597 14589
3 14589 14597 14598
3 14589 14598 14590
3 14590 14598 14599
3 14590 14599 14591
3 14591 14599 14592
3 14591 14592 14584
3 14592 14600 14601
3 14592 14601 14593
3 14593 14601 14602
3 14593 14602 14594
3 14594 14602 14603
3 14594 14603 14595
3 14595 14603 14604
3 14595 14604 14596
3 14596 14604 14605
3 14596 14605 14597
3 14597 14605 14606
3 14597 14606 14598
3 14598 14606 14607
3 14598 14607 14599
3 14599 14607 14600
3 14599 14600 14592
3 14600 14608 14609
3 14600 14609 14601
3 14601 14609 14610
3 14601 14610 14602
3 14602 14610 14611
3 14602 14611 14603
3 14603 14611 14612
3 14603 14612 14604
3 14604 14612 14613
3 14604 14613 14605
3 14605 14613 14614
3 14605 14614 14606
3 14606 14614 14615
3 14606 14615 14607
3 14607 14615 14608
3 14607 14608 14600
3 14608 14616 14617
3 14608 14617 14609
3 14609 14617 14618
3 14609 14618 14610
3 14610 14618 14619
3 14610 14619 14611
3 14611 14619 14620
3 14611 14620 14612
3 14612 14620 14621
3 14612 14621 14613
3 14613 14621 14622
3 14613 14622 14614
3 14614 14622 14623
3 14614 14623 14615
3 14615 14623 14616
3 14615 14616 14608
3 14616 14624 14625
3 14616 14625 14617
3 14617 14625 14626
3 14617 14626 14618
3 14618 14626 14627
3 14618 14627 14619
3 14619 14627 14628
3 14619 14628 14620
3 14620 14628 14629
3 14620 14629 14621
3 14621 14629 14630
3 14621 14630 14622
3 14622 14630 14631
3 14622 14631 14623
3 14623 14631 14624
3 14623 14624 14616
3 14624 14632 14633
3 14624 14633 14625
3 14625 14633 14634
3 14625 14634 14626
3 14626 14634 14635
3 14626 14635 14627
3 14627 14635 14636
3 14627 14636 14628
3 14628 14636 14637
3 14628 14637 14629
3 14629 14637 14638
3 14629 14638 14630
3 14630 14638 14639
3 14630 14639 14631
3 14631 14639 14632
3 14631 14632 14624
3 14632 14640 14641
3 14632 14641 14633
3 14633 14641 14642
3 14633 14642 14634
3 14634 14642 14643
3 14634 14643 14635
3 14635 14643 14644
3 14635 14644 14636
3 14636 14644 14645
3 14636 14645 14637
3 14637 14645 14646
3 14637 14646 14638
3 14638 14646 14647
3 14638 14647 14639
3 14639 14647 14640
3 14639 14640 14632
3 14640 14648 14649
3 14640 14649 14641
3 14641 14649 14650
3 14641 14650 14642
3 14642 14650 14651
3 14642 14651 14643
3 14643 14651 14652
3 14643 14652 14644
3 14644 14652 14653
3 14644 14653 14645
3 14645 14653 14654
3 14645 14654 14646
3 14646 14654 14655
3 14646 14655 14647
3 14647 14655 14648
3 14647 14648 14640
3 14648 14656 14657
3 14648 14657 14649
3 14649 14657 14658
3 14649 14658 14650
3 14650 14658 14659
3 14650 14659 14651
3 14651 14659 14660
3 14651 14660 14652
3 14652 14660 14661
3 14652 14661 14653
3 14653 14661 14662
3 14653 14662 14654
3 14654 14662 14663
3 14654 14663 14655
3 14655 14663 14656
3 14655 14656 14648
3 14656 14664 14665
3 14656 14665 14657
3 14657 14665 14666
3 14657 14666 14658
3 14658 14666 14667
3 14658 14667 14659
3 14659 14667 14668
3 14659 14668 14660
3 14660 14668 14669
3 14660 14669 14661
3 14661 14669 14670
3 14661 14670 14662
3 14662 14670 14671
3 14662 14671 14663
3 14663 14671 14664
3 14663 14664 14656
3 14664 14672 14673
3 14664 14673 14665
3 14665 14673 14674
3 14665 14674 14666
3 14666 14674 14675
3 14666 14675 14667
3 14667 14675 14676
3 14667 14676 14668
3 14668 14676 14677
3 14668 14677 14669
3 14669 14677 14678
3 14669 14678 14670
3 14670 14678 14679
3 14670 14679 14671
3 14671 14679 14672
3 14671 14672 14664
3 14672 14680 14681
3 14672 14681 14673
3 14673 14681 14682
3 14673 14682 14674
3 14674 14682 14683
3 14674 14683 14675
3 14675 14683 14684
3 14675 14684 14676
3 14676 14684 14685
3 14676 14685 14677
3 14677 14685 14686
3 14677 14686 14678
3 14678 14686 14687
3 14678 14687 14679
3 14679 14687 14680
3 14679 14680 14672
3 14680 14688 14689
3 14680 14689 14681
3 14681 14689 14690
3 14681 14690 14682
3 14682 14690 14691
3 14682 14691 14683
3 14683 14691 14692
3 14683 14692 14684
3 14684 14692 14693
3 14684 14693 14685
3 14685 14693 14694
3 14685 14694 14686
3 14686 14694 14695
3 14686 14695 14687
3 14687 14695 14688
3 14687 14688 14680
3 14688 14696 14697
3 14688 14697 14689
3 14689 14697 14698
3 14689 14698 14690
3 14690 14698 14699
3 14690 14699 14691
3 14691 14699 14700
3 14691 14700 14692
3 14692 14700 14701
3 14692 14701 14693
3 14693 14701 14702
3 14693 14702 14694
3 14694 14702 14703
3 14694 14703 14695
3 14695 14703 14696
3 14695 14696 14688
3 14696 14704 14705
3 14696 14705 14697
3 14697 14705 14706
3 14697 14706 14698
3 14698 14706 14707
3 14698 14707 14699
3 14699 14707 14708
3 14699 14708 14700
3 14700 14708 14709
3 14700 14709 14701
3 14701 14709 14710
3 14701 14710 14702
3 14702 14710 14711
3 14702 14711 14703
3 14703 14711 14704
3 14703 14704 14696
3 14704 14712 14713
3 14704 14713 14705
3 14705 14713 14714
3 14705 14714 14706
3 14706 14714 14715
3 14706 14715 14707
3 14707 14715 14716
3 14707 14716 14708
3 14708 14716 14717
3 14708 14717 14709
3 14709 14717 14718
3 14709 14718 14710
3 14710 14718 14719
3 14710 14719 14711
3 14711 14719 14712
3 14711 14712 14704
3 14712 14720 14721
3 14712 14721 14713
3 14713 14721 14722
3 14713 14722 14714
3 14714 14722 14723
3 14714 14723 14715
3 14715 14723 14724
3 14715 14724 14716
3 14716 14724 14725
3 14716 14725 14717
3 14717 14725 14726
3 14717 14726 14718
3 14718 14726 14727
3 14718 14727 14719
3 14719 14727 14720
3 14719 14720 14712
3 14720 14728 14729
3 14720 14729 14721
3 14721 14729 14730
3 14721 14730 14722
3 14722 14730 14731
3 14722 14731 14723
3 14723 14731 14732
3 14723 14732 14724
3 14724 14732 14733
3 14724 14733 14725
3 14725 14733 14734
3 14725 14734 14726
3 14726 14734 14735
3 14726 14735 14727
3 14727 14735 14728
3 14727 14728 14720
3 14728 14736 14737
3 14728 14737 14729
3 14729 14737 14738
3 14729 14738 14730
3 14730 14738 14739
3 14730 14739 14731
3 14731 14739 14740
3 14731 14740 14732
3 14732 14740 14741
3 14732 14741 14733
3 14733 14741 14742
3 14733 14742 14734
3 14734 14742 14743
3 14734 14743 14735
3 14735 14743 14736
3 14735 14736 14728
3 14736 14744 14745
3 14736 14745 14737
3 14737 14745 14746
3 14737 14746 14738
3 14738 14746 14747
3 14738 14747 14739
3 14739 14747 14748
3 14739 14748 14740
3 14740 14748 14749
3 14740 14749 14741
3 14741 14749 14750
3 14741 14750 14742
3 14742 14750 14751
3 14742 14751 14743
3 14743 14751 14744
3 14743 14744 14736
3 14744 14752 14753
3 14744 14753 14745
3 14745 14753 14754
3 14745 14754 14746
3 14746 14754 14755
3 14746 14755 14747
3 14747 14755 14756
3 14747 14756 14748
3 14748 14756 14757
3 14748 14757 14749
3 14749 14757 14758
3 14749 14758 14750
3 14750 14758 14759
3 14750 14759 14751
3 14751 14759 14752
3 14751 14752 14744
3 14752 14760 14761
3 14752 14761 14753
3 14753 14761 14762
3 14753 14762 14754
3 14754 14762 14763
3 14754 14763 14755
3 14755 14763 14764
3 14755 14764 14756
3 14756 14764 14765
3 14756 14765 14757
3 14757 14765 14766
3 14757 14766 14758
3 14758 14766 14767
3 14758 14767 14759
3 14759 14767 14760
3 14759 14760 14752
3 14760 14768 14769
3 14760 14769 14761
3 14761 14769 14770
3 14761 14770 14762
3 14762 14770 14771
3 14762 14771 14763
3 14763 14771 14772
3 14763 14772 14764
3 14764 14772 14773
3 14764 14773 14765
3 14765 14773 14774
3 14765 14774 14766
3 14766 14774 14775
3 14766 14775 14767
3 14767 14775 14768
3 14767 14768 14760
3 14768 14776 14777
3 14768 14777 14769
3 14769 14777 14778
3 14769 14778 14770
3 14770 14778 14779
3 14770 14779 14771
3 14771 14779 14780
3 14771 14780 14772
3 14772 14780 14781
3 14772 14781 14773
3 14773 14781 14782
3 14773 14782 14774
3 14774 14782 14783
3 14774 14783 14775
3 14775 14783 14776
3 14775 14776 14768
3 14776 14784 14785
3 14776 14785 14777
3 14777 14785 14786
3 14777 14786 14778
3 14778 14786 14787
3 14778 14787 14779
3 14779 14787 14788
3 14779 14788 14780
3 14780 14788 14789
3 14780 14789 14781
3 14781 14789 14790
3 14781 14790 14782
3 14782 14790 14791
3 14782 14791 14783
3 14783 14791 14784
3 14783 14784 14776
3 14784 14792 14793
3 14784 14793 14785
3 14785 14793 14794
3 14785 14794 14786
3 14786 14794 14795
3 14786 14795 14787
3 14787 14795 14796
3 14787 14796 14788
3 14788 14796 14797
3 14788 14797 14789
3 14789 14797 14798
3 14789 14798 14790
3 14790 14798 14799
3 14790 14799 14791
3 14791 14799 14792
3 14791 14792 14784
3 14792 14800 14801
3 14792 14801 14793
3 14793 14801 14802
3 14793 14802 14794
3 14794 14802 14803
3 14794 14803 14795
3 14795 14803 14804
3 14795 14804 14796
3 14796 14804 14805
3 14796 14805 14797
3 14797 14805 14806
3 14797 14806 14798
3 14798 14806 14807
3 14798 14807 14799
3 14799 14807 14800
3 14799 14800 14792
3 14800 14808 14809
3 14800 14809 14801
3 14801 14809 14810
3 14801 14810 14802
3 14802 14810 14811
3 14802 14811 14803
3 14803 14811 14812
3 14803 14812 14804
3 14804 14812 14813
3 14804 14813 14805
3 14805 14813 14814
3 14805 14814 14806
3 14806 14814 14815
3 14806 14815 14807
3 14807 14815 14808
3 14807 14808 14800
3 14808 14816 14817
3 14808 14817 14809
3 14809 14817 14818
3 14809 14818 14810
3 14810 14818 14819
3 14810 14819 14811
3 14811 14819 14820
3 14811 14820 14812
3 14812 14820 14821
3 14812 14821 14813
3 14813 14821 14822
3 14813 14822 14814
3 14814 14822 14823
3 14814 14823 14815
3 14815 14823 14816
3 14815 14816 14808
3 14816 14824 14825
3 14816 14825 14817
3 14817 14825 14826
3 14817 14826 14818
3 14818 14826 14827
3 14818 14827 14819
3 14819 14827 14828
3 14819 14828 14820
3 14820 14828 14829
3 14820 14829 14821
3 14821 14829 14830
3 14821 14830 14822
3 14822 14830 14831
3 14822 14831 14823
3 14823 14831 14824
3 14823 14824 14816
3 14824 14832 14833
3 14824 14833 14825
3 14825 14833 14834
3 14825 14834 14826
3 14826 14834 14835
3 14826 14835 14827
3 14827 14835 14836
3 14827 14836 14828
3 14828 14836 14837
3 14828 14837 14829
3 14829 14837 14838
3 14829 14838 14830
3 14830 14838 14839
3 14830 14839 14831
3 14831 14839 14832
3 14831 14832 14824
3 14832 14840 14841
3 14832 14841 14833
3 14833 14841 14842
3 14833 14842 14834
3 14834 14842 14843
3 14834 14843 14835
3 14835 14843 14844
3 14835 14844 14836
3 14836 14844 14845
3 14836 14845 14837
3 14837 14845 14846
3 14837 14846 14838
3 14838 14846 14847
3 14838 14847 14839
3 14839 14847 14840
3 14839 14840 14832
3 14840 14848 14849
3 14840 14849 14841
3 14841 14849 14850
3 14841 14850 14842
3 14842 14850 14851
3 14842 14851 14843
3 14843 14851 14852
3 14843 14852 14844
3 14844 14852 14853
3 14844 14853 14845
3 14845 14853 14854
3 14845 14854 14846
3 14846 14854 14855
3 14846 14855 14847
3 14847 14855 14848
3 14847 14848 14840
3 14848 14856 14857
3 14848 14857 14849
3 14849 14857 14858
3 14849 14858 14850
3 14850 14858 14859
3 14850 14859 14851
3 14851 14859 14860
3 14851 14860 14852
3 14852 14860 14861
3 14852 14861 14853
3 14853 14861 14862
3 14853 14862 14854
3 14854 14862 14863
3 14854 14863 14855
3 14855 14863 14856
3 14855 14856 14848
3 14856 14864 14865
3 14856 14865 14857
3 14857 14865 14866
3 14857 14866 14858
3 14858 14866 14867
3 14858 14867 14859
3 14859 14867 14868
3 14859 14868 14860
3 14860 14868 14869
3 14860 14869 14861
3 14861 14869 14870
3 14861 14870 14862
3 14862 14870 14871
3 14862 14871 14863
3 14863 14871 14864
3 14863 14864 14856
3 14864 14872 14873
3 14864 14873 14865
3 14865 14873 14874
3 14865 14874 14866
3 14866 14874 14875
3 14866 14875 14867
3 14867 14875 14876
3 14867 14876 14868
3 14868 14876 14877
3 14868 14877 14869
3 14869 14877 14878
3 14869 14878 14870
3 14870 14878 14879
3 14870 14879 14871
3 14871 14879 14872
3 14871 14872 14864
3 14872 14880 14881
3 14872 14881 14873
3 14873 14881 14882
3 14873 14882 14874
3 14874 14882 14883
3 14874 14883 14875
3 14875 14883 14884
3 14875 14884 14876
3 14876 14884 14885
3 14876 14885 14877
3 14877 14885 14886
3 14877 14886 14878
3 14878 14886 14887
3 14878 14887 14879
3 14879 14887 14880
3 14879 14880 14872
3 14880 14888 14889
3 14880 14889 14881
3 14881 14889 14890
3 14881 14890 14882
3 14882 14890 14891
3 14882 14891 14883
3 14883 14891 14892
3 14883 14892 14884
3 14884 14892 14893
3 14884 14893 14885
3 14885 14893 14894
3 14885 14894 14886
3 14886 14894 14895
3 14886 14895 14887
3 14887 14895 14888
3 14887 14888 14880
3 14888 14896 14897
3 14888 14897 14889
3 14889 14897 14898
3 14889 14898 14890
3 14890 14898 14899
3 14890 14899 14891
3 14891 14899 14900
3 14891 14900 14892
3 14892 14900 14901
3 14892 14901 14893
3 14893 14901 14902
3 14893 14902 14894
3 14894 14902 14903
3 14894 14903 14895
3 14895 14903 14896
3 14895 14896 14888
3 14896 14904 14905
3 14896 14905 14897
3 14897 14905 14906
3 14897 14906 14898
3 14898 14906 14907
3 14898 14907 14899
3 14899 14907 14908
3 14899 14908 14900
3 14900 14908 14909
3 14900 14909 14901
3 14901 14909 14910
3 14901 14910 14902
3 14902 14910 14911
3 14902 14911 14903
3 14903 14911 14904
3 14903 14904 14896
3 14904 14912 14913
3 14904 14913 14905
3 14905 14913 14914
3 14905 14914 14906
3 14906 14914 14915
3 14906 14915 14907
3 14907 14915 14916
3 14907 14916 14908
3 14908 14916 14917
3 14908 14917 14909
3 14909 14917 14918
3 14909 14918 14910
3 14910 14918 14919
3 14910 14919 14911
3 14911 14919 14912
3 14911 14912 14904
3 14912 14920 14921
3 14912 14921 14913
3 14913 14921 14922
3 14913 14922 14914
3 14914 14922 14923
3 14914 14923 14915
3 14915 14923 14924
3 14915 14924 14916
3 14916 14924 14925
3 14916 14925 14917
3 14917 14925 14926
3 14917 14926 14918
3 14918 14926 14927
3 14918 14927 14919
3 14919 14927 14920
3 14919 14920 14912
3 14920 14928 14929
3 14920 14929 14921
3 14921 14929 14930
3 14921 14930 14922
3 14922 14930 14931
3 14922 14931 14923
3 14923 14931 14932
3 14923 14932 14924
3 14924 14932 14933
3 14924 14933 14925
3 14925 14933 14934
3 14925 14934 14926
3 14926 14934 14935
3 14926 14935 14927
3 14927 14935 14928
3 14927 14928 14920
3 14928 14936 14937
3 14928 14937 14929
3 14929 14937 14938
3 14929 14938 14930
3 14930 14938 14939
3 14930 14939 14931
3 14931 14939 14940
3 14931 14940 14932
3 14932 14940 14941
3 14932 14941 14933
3 14933 14941 14942
3 14933 14942 14934
3 14934 14942 14943
3 14934 14943 14935
3 14935 14943 14936
3 14935 14936 14928
3 14936 14944 14945
3 14936 14945 14937
3 14937 14945 14946
3 14937 14946 14938
3 14938 14946 14947
3 14938 14947 14939
3 14939 14947 14948
3 14939 14948 14940
3 14940 14948 14949
3 14940 14949 14941
3 14941 14949 14950
3 14941 14950 14942
3 14942 14950 14951
3 14942 14951 14943
3 14943 14951 14944
3 14943 14944 14936
3 14944 14952 14953
3 14944 14953 14945
3 14945 14953 14954
3 14945 14954 14946
3 14946 14954 14955
3 14946 14955 14947
3 14947 14955 14956
3 14947 14956 14948
3 14948 14956 14957
3 14948 14957 14949
3 14949 14957 14958
3 14949 14958 14950
3 14950 14958 14959
3 14950 14959 14951
3 14951 14959 14952
3 14951 14952 14944
3 14952 14960 14961
3 14952 14961 14953
3 14953 14961 14962
3 14953 14962 14954
3 14954 14962 14963
3 14954 14963 14955
3 14955 14963 14964
3 14955 14964 14956
3 14956 14964 14965
3 14956 14965 14957
3 14957 14965 14966
3 14957 14966 14958
3 14958 14966 14967
3 14958 14967 14959
3 14959 14967 14960
3 14959 14960 14952
3 14960 14968 14969
3 14960 14969 14961
3 14961 14969 14970
3 14961 14970 14962
3 14962 14970 14971
3 14962 14971 14963
3 14963 14971 14972
3 14963 14972 14964
3 14964 14972 14973
3 14964 14973 14965
3 14965 14973 14974
3 14965 14974 14966
3 14966 14974 14975
3 14966 14975 14967
3 14967 14975 14968
3 14967 14968 14960
3 14968 14976 14977
3 14968 14977 14969
3 14969 14977 14978
3 14969 14978 14970
3 14970 14978 14979
3 14970 14979 14971
3 14971 14979 14980
3 14971 14980 14972
3 14972 14980 14981
3 14972 14981 14973
3 14973 14981 14982
3 14973 14982 14974
3 14974 14982 14983
3 14974 14983 14975
3 14975 14983 14976
3 14975 14976 14968
3 14976 14984 14985
3 14976 14985 14977
3 14977 14985 14986
3 14977 14986 14978
3 14978 14986 14987
3 14978 14987 14979
3 14979 14987 14988
3 14979 14988 14980
3 14980 14988 14989
3 14980 14989 14981
3 14981 14989 14990
3 14981 14990 14982
3 14982 14990 14991
3 14982 14991 14983
3 14983 14991 14984
3 14983 14984 14976
3 14984 14992 14993
3 14984 14993 14985
3 14985 14993 14994
3 14985 14994 14986
3 14986 14994 14995
3 14986 14995 14987
3 14987 14995 14996
3 14987 14996 14988
3 14988 14996 14997
3 14988 14997 14989
3 14989 14997 14998
3 14989 14998 14990
3 14990 14998 14999
3 14990 14999 14991
3 14991 14999 14992
3 14991 14992 14984
3 14992 15000 15001
3 14992 15001 14993
3 14993 15001 15002
3 14993 15002 14994
3 14994 15002 15003
3 14994 15003 14995
3 14995 15003 15004
3 14995 15004 14996
3 14996 15004 15005
3 14996 15005 14997
3 14997 15005 15006
3 14997 15006 14998
3 14998 15006 15007
3 14998 15007 14999
3 14999 15007 15000
3 14999 15000 14992
3 15000 15008 15009
3 15000 15009 15001
3 15001 15009 15010
3 15001 15010 15002
3 15002 15010 15011
3 15002 15011 15003
3 15003 15011 15012
3 15003 15012 15004
3 15004 15012 15013
3 15004 15013 15005
3 15005 15013 15014
3 15005 15014 15006
3 15006 15014 15015
3 15006 15015 15007
3 15007 15015 15008
3 15007 15008 15000
3 15008 15016 15017
3 15008 15017 15009
3 15009 15017 15018
3 15009 15018 15010
3 15010 15018 15019
3 15010 15019 15011
3 15011 15019 15020
3 15011 15020 15012
3 15012 15020 15021
3 15012 15021 15013
3 15013 15021 15022
3 15013 15022 15014
3 15014 15022 15023
3 15014 15023 15015
3 15015 15023 15016
3 15015 15016 15008
3 15016 15024 15025
3 15016 15025 15017
3 15017 15025 15026
3 15017 15026 15018
3 15018 15026 15027
3 15018 15027 15019
3 15019 15027 15028
3 15019 15028 15020
3 15020 15028 15029
3 15020 15029 15021
3 15021 15029 15030
3 15021 15030 15022
3 15022 15030 15031
3 15022 15031 15023
3 15023 15031 15024
3 15023 15024 15016
3 15024 15032 15033
3 15024 15033 15025
3 15025 15033 15034
3 15025 15034 15026
3 15026 15034 15035
3 15026 15035 15027
3 15027 15035 15036
3 15027 15036 15028
3 15028 15036 15037
3 15028 15037 15029
3 15029 15037 15038
3 15029 15038 15030
3 15030 15038 15039
3 15030 15039 15031
3 15031 15039 15032
3 15031 15032 15024
3 15032 15040 15041
3 15032 15041 15033
3 15033 15041 15042
3 15033 15042 15034
3 15034 15042 15043
3 15034 15043 15035
3 15035 15043 15044
3 15035 15044 15036
3 15036 15044 15045
3 15036 15045 15037
3 15037 15045 15046
3 15037 15046 15038
3 15038 15046 15047
3 15038 15047 15039
3 15039 15047 15040
3 15039 15040 15032
3 15040 15048 15049
3 15040 15049 15041
3 15041 15049 15050
3 15041 15050 15042
3 15042 15050 15051
3 15042 15051 15043
3 15043 15051 15052
3 15043 15052 15044
3 15044 15052 15053
3 15044 15053 15045
3 15045 15053 15054
3 15045 15054 15046
3 15046 15054 15055
3 15046 15055 15047
3 15047 15055 15048
3 15047 15048 15040
3 15048 15056 15057
3 15048 15057 15049
3 15049 15057 15058
3 15049 15058 15050
3 15050 15058 15059
3 15050 15059 15051
3 15051 15059 15060
3 15051 15060 15052
3 15052 15060 15061
3 15052 15061 15053
3 15053 15061 15062
3 15053 15062 15054
3 15054 15062 15063
3 15054 15063 15055
3 15055 15063 15056
3 15055 15056 15048
3 15056 15064 15065
3 15056 15065 15057
3 15057 15065 15066
3 15057 15066 15058
3 15058 15066 15067
3 15058 15067 15059
3 15059 15067 15068
3 15059 15068 15060
3 15060 15068 15069
3 15060 15069 15061
3 15061 15069 15070
3 15061 15070 15062
3 15062 15070 15071
3 15062 15071 15063
3 15063 15071 15064
3 15063 15064 15056
3 15064 15072 15073
3 15064 15073 15065
3 15065 15073 15074
3 15065 15074 15066
3 15066 15074 15075
3 15066 15075 15067
3 15067 15075 15076
3 15067 15076 15068
3 15068 15076 15077
3 15068 15077 15069
3 15069 15077 15078
3 15069 15078 15070
3 15070 15078 15079
3 15070 15079 15071
3 15071 15079 15072
3 15071 15072 15064
3 15072 15080 15081
3 15072 15081 15073
3 15073 15081 15082
3 15073 15082 15074
3 15074 15082 15083
3 15074 15083 15075
3 15075 15083 15084
3 15075 15084 15076
3 15076 15084 15085
3 15076 15085 15077
3 15077 15085 15086
3 15077 15086 15078
3 15078 15086 15087
3 15078 15087 15079
3 15079 15087 15080
3 15079 15080 15072
3 15080 15088 15089
3 15080 15089 15081
3 15081 15089 15090
3 15081 15090 15082
3 15082 15090 15091
3 15082 15091 15083
3 15083 15091 15092
3 15083 15092 15084
3 15084 15092 15093
3 15084 15093 15085
3 15085 15093 15094
3 15085 15094 15086
3 15086 15094 15095
3 15086 15095 15087
3 15087 15095 15088
3 15087 15088 15080
3 15088 15096 15097
3 15088 15097 15089
3 15089 15097 15098
3 15089 15098 15090
3 15090 15098 15099
3 15090 15099 15091
3 15091 15099 15100
3 15091 15100 15092
3 15092 15100 15101
3 15092 15101 15093
3 15093 15101 15102
3 15093 15102 15094
3 15094 15102 15103
3 15094 15103 15095
3 15095 15103 15096
3 15095 15096 15088
3 15096 15104 15105
3 15096 15105 15097
3 15097 15105 15106
3 15097 15106 15098
3 15098 15106 15107
3 15098 15107 15099
3 15099 15107 15108
3 15099 15108 15100
3 15100 15108 15109
3 15100 15109 15101
3 15101 15109 15110
3 15101 15110 15102
3 15102 15110 15111
3 15102 15111 15103
3 15103 15111 15104
3 15103 15104 15096
3 15104 15112 15113
3 15104 15113 15105
3 15105 15113 15114
3 15105 15114 15106
3 15106 15114 15115
3 15106 15115 15107
3 15107 15115 15116
3 15107 15116 15108
3 15108 15116 15117
3 15108 15117 15109
3 15109 15117 15118
3 15109 15118 15110
3 15110 15118 15119
3 15110 15119 15111
3 15111 15119 15112
3 15111 15112 15104
3 15112 15120 15121
3 15112 15121 15113
3 15113 15121 15122
3 15113 15122 15114
3 15114 15122 15123
3 15114 15123 15115
3 15115 15123 15124
3 15115 15124 15116
3 15116 15124 15125
3 15116 15125 15117
3 15117 15125 15126
3 15117 15126 15118
3 15118 15126 15127
3 15118 15127 15119
3 15119 15127 15120
3 15119 15120 15112
3 15120 15128 15129
3 15120 15129 15121
3 15121 15129 15130
3 15121 15130 15122
3 15122 15130 15131
3 15122 15131 15123
3 15123 15131 15132
3 15123 15132 15124
3 15124 15132 15133
3 15124 15133 15125
3 15125 15133 15134
3 15125 15134 15126
3 15126 15134 15135
3 15126 15135 15127
3 15127 15135 15128
3 15127 15128 15120
3 15128 15136 15137
3 15128 15137 15129
3 15129 15137 15138
3 15129 15138 15130
3 15130 15138 15139
3 15130 15139 15131
3 15131 15139 15140
3 15131 15140 15132
3 15132 15140 15141
3 15132 15141 15133
3 15133 15141 15142
3 15133 15142 15134
3 15134 15142 15143
3 15134 15143 15135
3 15135 15143 15136
3 15135 15136 15128
3 15136 15144 15145
3 15136 15145 15137
3 15137 15145 15146
3 15137 15146 15138
3 15138 15146 15147
3 15138 15147 15139
3 15139 15147 15148
3 15139 15148 15140
3 15140 15148 15149
3 15140 15149 15141
3 15141 15149 15150
3 15141 15150 15142
3 15142 15150 15151
3 15142 15151 15143
3 15143 15151 15144
3 15143 15144 15136
3 15144 15152 15153
3 15144 15153 15145
3 15145 15153 15154
3 15145 15154 15146
3 15146 15154 15155
3 15146 15155 15147
3 15147 15155 15156
3 15147 15156 15148
3 15148 15156 15157
3 15148 15157 15149
3 15149 15157 15158
3 15149 15158 15150
3 15150 15158 15159
3 15150 15159 15151
3 15151 15159 15152
3 15151 15152 15144
3 15152 15160 15161
3 15152 15161 15153
3 15153 15161 15162
3 15153 15162 15154
3 15154 15162 15163
3 15154 15163 15155
3 15155 15163 15164
3 15155 15164 15156
3 15156 15164 15165
3 15156 15165 15157
3 15157 15165 15166
3 15157 15166 15158
3 15158 15166 15167
3 15158 15167 15159
3 15159 15167 15160
3 15159 15160 15152
3 15160 15168 15169
3 15160 15169 15161
3 15161 15169 15170
3 15161 15170 15162
3 15162 15170 15171
3 15162 15171 15163
3 15163 15171 15172
3 15163 15172 15164
3 15164 15172 15173
3 15164 15173 15165
3 15165 15173 15174
3 15165 15174 15166
3 15166 15174 15175
3 15166 15175 15167
3 15167 15175 15168
3 15167 15168 15160
3 15168 15176 15177
3 15168 15177 15169
3 15169 15177 15178
3 15169 15178 15170
3 15170 15178 15179
3 15170 15179 15171
3 15171 15179 15180
3 15171 15180 15172
3 15172 15180 15181
3 15172 15181 15173
3 15173 15181 15182
3 15173 15182 15174
3 15174 15182 15183
3 15174 15183 15175
3 15175 15183 15176
3 15175 15176 15168
3 15176 15184 15185
3 15176 15185 15177
3 15177 15185 15186
3 15177 15186 15178
3 15178 15186 15187
3 15178 15187 15179
3 15179 15187 15188
3 15179 15188 15180
3 15180 15188 15189
3 15180 15189 15181
3 15181 15189 15190
3 15181 15190 15182
3 15182 15190 15191
3 15182 15191 15183
3 15183 15191 15184
3 15183 15184 15176
3 15184 15192 15193
3 15184 15193 15185
3 15185 15193 15194
3 15185 15194 15186
3 15186 15194 15195
3 15186 15195 15187
3 15187 15195 15196
3 15187 15196 15188
3 15188 15196 15197
3 15188 15197 15189
3 15189 15197 15198
3 15189 15198 15190
3 15190 15198 15199
3 15190 15199 15191
3 15191 15199 15192
3 15191 15192 15184
3 15192 15200 15201
3 15192 15201 15193
3 15193 15201 15202
3 15193 15202 15194
3 15194 15202 15203
3 15194 15203 15195
3 15195 15203 15204
3 15195 15204 15196
3 15196 15204 15205
3 15196 15205 15197
3 15197 15205 15206
3 15197 15206 15198
3 15198 15206 15207
3 15198 15207 15199
3 15199 15207 15200
3 15199 15200 15192
3 15200 15208 15209
3 15200 15209 15201
3 15201 15209 15210
3 15201 15210 15202
3 15202 15210 15211
3 15202 15211 15203
3 15203 15211 15212
3 15203 15212 15204
3 15204 15212 15213
3 15204 15213 15205
3 15205 15213 15214
3 15205 15214 15206
3 15206 15214 15215
3 15206 15215 15207
3 15207 15215 15208
3 15207 15208 15200
3 15208 15216 15217
3 15208 15217 15209
3 15209 15217 15218
3 15209 15218 15210
3 15210 15218 15219
3 15210 15219 15211
3 15211 15219 15220
3 15211 15220 15212
3 15212 15220 15221
3 15212 15221 15213
3 15213 15221 15222
3 15213 15222 15214
3 15214 15222 15223
3 15214 15223 15215
3 15215 15223 15216
3 15215 15216 15208
3 15216 15224 15225
3 15216 15225 15217
3 15217 15225 15226
3 15217 15226 15218
3 15218 15226 15227
3 15218 15227 15219
3 15219 15227 15228
3 15219 15228 15220
3 15220 15228 15229
3 15220 15229 15221
3 15221 15229 15230
3 15221 15230 15222
3 15222 15230 15231
3 15222 15231 15223
3 15223 15231 15224
3 15223 15224 15216
3 15224 15232 15233
3 15224 15233 15225
3 15225 15233 15234
3 15225 15234 15226
3 15226 15234 15235
3 15226 15235 15227
3 15227 15235 15236
3 15227 15236 15228
3 15228 15236 15237
3 15228 15237 15229
3 15229 15237 15238
3 15229 15238 15230
3 15230 15238 15239
3 15230 15239 15231
3 15231 15239 15232
3 15231 15232 15224
3 15232 15240 15241
3 15232 15241 15233
3 15233 15241 15242
3 15233 15242 15234
3 15234 15242 15243
3 15234 15243 15235
3 15235 15243 15244
3 15235 15244 15236
3 15236 15244 15245
3 15236 15245 15237
3 15237 15245 15246
3 15237 15246 15238
3 15238 15246 15247
3 15238 15247 15239
3 15239 15247 15240
3 15239 15240 15232
3 15240 15248 15249
3 15240 15249 15241
3 15241 15249 15250
3 15241 15250 15242
3 15242 15250 15251
3 15242 15251 15243
3 15243 15251 15252
3 15243 15252 15244
3 15244 15252 15253
3 15244 15253 15245
3 15245 15253 15254
3 15245 15254 15246
3 15246 15254 15255
3 15246 15255 15247
3 15247 15255 15248
3 15247 15248 15240
3 15248 15256 15257
3 15248 15257 15249
3 15249 15257 15258
3 15249 15258 15250
3 15250 15258 15259
3 15250 15259 15251
3 15251 15259 15260
3 15251 15260 15252
3 15252 15260 15261
3 15252 15261 15253
3 15253 15261 15262
3 15253 15262 15254
3 15254 15262 15263
3 15254 15263 15255
3 15255 15263 15256
3 15255 15256 15248
3 15256 15264 15265
3 15256 15265 15257
3 15257 15265 15266
3 15257 15266 15258
3 15258 15266 15267
3 15258 15267 15259
3 15259 15267 15268
3 15259 15268 15260
3 15260 15268 15269
3 15260 15269 15261
3 15261 15269 15270
3 15261 15270 15262
3 15262 15270 15271
3 15262 15271 15263
3 15263 15271 15264
3 15263 15264 15256
3 15264 15272 15273
3 15264 15273 15265
3 15265 15273 15274
3 15265 15274 15266
3 15266 15274 15275
3 15266 15275 15267
3 15267 15275 15276
3 15267 15276 15268
3 15268 15276 15277
3 15268 15277 15269
3 15269 15277 15278
3 15269 15278 15270
3 15270 15278 15279
3 15270 15279 15271
3 15271 15279 15272
3 15271 15272 15264
3 15272 15280 15281
3 15272 15281 15273
3 15273 15281 15282
3 15273 15282 15274
3 15274 15282 15283
3 15274 15283 15275
3 15275 15283 15284
3 15275 15284 15276
3 15276 15284 15285
3 15276 15285 15277
3 15277 15285 15286
3 15277 15286 15278
3 15278 15286 15287
3 15278 15287 15279
3 15279 15287 15280
3 15279 15280 15272
3 15280 15288 15289
3 15280 15289 15281
3 15281 15289 15290
3 15281 15290 15282
3 15282 15290 15291
3 15282 15291 15283
3 15283 15291 15292
3 15283 15292 15284
3 15284 15292 15293
3 15284 15293 15285
3 15285 15293 15294
3 15285 15294 15286
3 15286 15294 15295
3 15286 15295 15287
3 15287 15295 15288
3 15287 15288 15280
3 15288 15296 15297
3 15288 15297 15289
3 15289 15297 15298
3 15289 15298 15290
3 15290 15298 15299
3 15290 15299 15291
3 15291 15299 15300
3 15291 15300 15292
3 15292 15300 15301
3 15292 15301 15293
3 15293 15301 15302
3 15293 15302 15294
3 15294 15302 15303
3 15294 15303 15295
3 15295 15303 15296
3 15295 15296 15288
3 15296 15304 15305
3 15296 15305 15297
3 15297 15305 15306
3 15297 15306 15298
3 15298 15306 15307
3 15298 15307 15299
3 15299 15307 15308
3 15299 15308 15300
3 15300 15308 15309
3 15300 15309 15301
3 15301 15309 15310
3 15301 15310 15302
3 15302 15310 15311
3 15302 15311 15303
3 15303 15311 15304
3 15303 15304 15296
3 15304 15312 15313
3 15304 15313 15305
3 15305 15313 15314
3 15305 15314 15306
3 15306 15314 15315
3 15306 15315 15307
3 15307 15315 15316
3 15307 15316 15308
3 15308 15316 15317
3 15308 15317 15309
3 15309 15317 15318
3 15309 15318 15310
3 15310 15318 15319
3 15310 15319 15311
3 15311 15319 15312
3 15311 15312 15304
3 15312 15320 15321
3 15312 15321 15313
3 15313 15321 15322
3 15313 15322 15314
3 15314 15322 15323
3 15314 15323 15315
3 15315 15323 15324
3 15315 15324 15316
3 15316 15324 15325
3 15316 15325 15317
3 15317 15325 15326
3 15317 15326 15318
3 15318 15326 15327
3 15318 15327 15319
3 15319 15327 15320
3 15319 15320 15312
3 15320 15328 15329
3 15320 15329 15321
3 15321 15329 15330
3 15321 15330 15322
3 15322 15330 15331
3 15322 15331 15323
3 15323 15331 15332
3 15323 15332 15324
3 15324 15332 15333
3 15324 15333 15325
3 15325 15333 15334
3 15325 15334 15326
3 15326 15334 15335
3 15326 15335 15327
3 15327 15335 15328
3 15327 15328 15320
3 15328 15336 15337
3 15328 15337 15329
3 15329 15337 15338
3 15329 15338 15330
3 15330 15338 15339
3 15330 15339 15331
3 15331 15339 15340
3 15331 15340 15332
3 15332 15340 15341
3 15332 15341 15333
3 15333 15341 15342
3 15333 15342 15334
3 15334 15342 15343
3 15334 15343 15335
3 15335 15343 15336
3 15335 15336 15328
3 15336 15344 15345
3 15336 15345 15337
3 15337 15345 15346
3 15337 15346 15338
3 15338 15346 15347
3 15338 15347 15339
3 15339 15347 15348
3 15339 15348 15340
3 15340 15348 15349
3 15340 15349 15341
3 15341 15349 15350
3 15341 15350 15342
3 15342 15350 15351
3 15342 15351 15343
3 15343 15351 15344
3 15343 15344 15336
3 15344 15352 15353
3 15344 15353 15345
3 15345 15353 15354
3 15345 15354 15346
3 15346 15354 15355
3 15346 15355 15347
3 15347 15355 15356
3 15347 15356 15348
3 15348 15356 15357
3 15348 15357 15349
3 15349 15357 15358
3 15349 15358 15350
3 15350 15358 15359
3 15350 15359 15351
3 15351 15359 15352
3 15351 15352 15344
3 15352 15360 15361
3 15352 15361 15353
3 15353 15361 15362
3 15353 15362 15354
3 15354 15362 15363
3 15354 15363 15355
3 15355 15363 15364
3 15355 15364 15356
3 15356 15364 15365
3 15356 15365 15357
3 15357 15365 15366
3 15357 15366 15358
3 15358 15366 15367
3 15358 15367 15359
3 15359 15367 15360
3 15359 15360 15352
3 15360 15368 15369
3 15360 15369 15361
3 15361 15369 15370
3 15361 15370 15362
3 15362 15370 15371
3 15362 15371 15363
3 15363 15371 15372
3 15363 15372 15364
3 15364 15372 15373
3 15364 15373 15365
3 15365 15373 15374
3 15365 15374 15366
3 15366 15374 15375
3 15366 15375 15367
3 15367 15375 15368
3 15367 15368 15360
3 15368 15376 15377
3 15368 15377 15369
3 15369 15377 15378
3 15369 15378 15370
3 15370 15378 15379
3 15370 15379 15371
3 15371 15379 15380
3 15371 15380 15372
3 15372 15380 15381
3 15372 15381 15373
3 15373 15381 15382
3 15373 15382 15374
3 15374 15382 15383
3 15374 15383 15375
3 15375 15383 15376
3 15375 15376 15368
3 15376 15384 15385
3 15376 15385 15377
3 15377 15385 15386
3 15377 15386 15378
3 15378 15386 15387
3 15378 15387 15379
3 15379 15387 15388
3 15379 15388 15380
3 15380 15388 15389
3 15380 15389 15381
3 15381 15389 15390
3 15381 15390 15382
3 15382 15390 15391
3 15382 15391 15383
3 15383 15391 15384
3 15383 15384 15376
3 15384 15392 15393
3 15384 15393 15385
3 15385 15393 15394
3 15385 15394 15386
3 15386 15394 15395
3 15386 15395 15387
3 15387 15395 15396
3 15387 15396 15388
3 15388 15396 15397
3 15388 15397 15389
3 15389 15397 15398
3 15389 15398 15390
3 15390 15398 15399
3 15390 15399 15391
3 15391 15399 15392
3 15391 15392 15384
3 15392 15400 15401
3 15392 15401 15393
3 15393 15401 15402
3 15393 15402 15394
3 15394 15402 15403
3 15394 15403 15395
3 15395 15403 15404
3 15395 15404 15396
3 15396 15404 15405
3 15396 15405 15397
3 15397 15405 15406
3 15397 15406 15398
3 15398 15406 15407
3 15398 15407 15399
3 15399 15407 15400
3 15399 15400 15392
3 15400 15408 15409
3 15400 15409 15401
3 15401 15409 15410
3 15401 15410 15402
3 15402 15410 15411
3 15402 15411 15403
3 15403 15411 15412
3 15403 15412 15404
3 15404 15412 15413
3 15404 15413 15405
3 15405 15413 15414
3 15405 15414 15406
3 15406 15414 15415
3 15406 15415 15407
3 15407 15415 15408
3 15407 15408 15400
3 15408 15416 15417
3 15408 15417 15409
3 15409 15417 15418
3 15409 15418 15410
3 15410 15418 15419
3 15410 15419 15411
3 15411 15419 15420
3 15411 15420 15412
3 15412 15420 15421
3 15412 15421 15413
3 15413 15421 15422
3 15413 15422 15414
3 15414 15422 15423
3 15414 15423 15415
3 15415 15423 15416
3 15415 15416 15408
3 15416 15424 15425
3 15416 15425 15417
3 15417 15425 15426
3 15417 15426 15418
3 15418 15426 15427
3 15418 15427 15419
3 15419 15427 15428
3 15419 15428 15420
3 15420 15428 15429
3 15420 15429 15421
3 15421 15429 15430
3 15421 15430 15422
3 15422 15430 15431
3 15422 15431 15423
3 15423 15431 15424
3 15423 15424 15416
3 15424 15432 15433
3 15424 15433 15425
3 15425 15433 15434
3 15425 15434 15426
3 15426 15434 15435
3 15426 15435 15427
3 15427 15435 15436
3 15427 15436 15428
3 15428 15436 15437
3 15428 15437 15429
3 15429 15437 15438
3 15429 15438 15430
3 15430 15438 15439
3 15430 15439 15431
3 15431 15439 15432
3 15431 15432 15424
3 15432 15440 15441
3 15432 15441 15433
3 15433 15441 15442
3 15433 15442 15434
3 15434 15442 15443
3 15434 15443 15435
3 15435 15443 15444
3 15435 15444 15436
3 15436 15444 15445
3 15436 15445 15437
3 15437 15445 15446
3 15437 15446 15438
3 15438 15446 15447
3 15438 15447 15439
3 15439 15447 15440
3 15439 15440 15432
3 15440 15448 15449
3 15440 15449 15441
3 15441 15449 15450
3 15441 15450 15442
3 15442 15450 15451
3 15442 15451 15443
3 15443 15451 15452
3 15443 15452 15444
3 15444 15452 15453
3 15444 15453 15445
3 15445 15453 15454
3 15445 15454 15446
3 15446 15454 15455
3 15446 15455 15447
3 15447 15455 15448
3 15447 15448 15440
3 15448 15456 15457
3 15448 15457 15449
3 15449 15457 15458
3 15449 15458 15450
3 15450 15458 15459
3 15450 15459 15451
3 15451 15459 15460
3 15451 15460 15452
3 15452 15460 15461
3 15452 15461 15453
3 15453 15461 15462
3 15453 15462 15454
3 15454 15462 15463
3 15454 15463 15455
3 15455 15463 15456
3 15455 15456 15448
3 15456 15464 15465
3 15456 15465 15457
3 15457 15465 15466
3 15457 15466 15458
3 15458 15466 15467
3 15458 15467 15459
3 15459 15467 15468
3 15459 15468 15460
3 15460 15468 15469
3 15460 15469 15461
3 15461 15469 15470
3 15461 15470 15462
3 15462 15470 15471
3 15462 15471 15463
3 15463 15471 15464
3 15463 15464 15456
3 15464 15472 15473
3 15464 15473 15465
3 15465 15473 15474
3 15465 15474 15466
3 15466 15474 15475
3 15466 15475 15467
3 15467 15475 15476
3 15467 15476 15468
3 15468 15476 15477
3 15468 15477 15469
3 15469 15477 15478
3 15469 15478 15470
3 15470 15478 15479
3 15470 15479 15471
3 15471 15479 15472
3 15471 15472 15464
3 15472 15480 15481
3 15472 15481 15473
3 15473 15481 15482
3 15473 15482 15474
3 15474 15482 15483
3 15474 15483 15475
3 15475 15483 15484
3 15475 15484 15476
3 15476 15484 15485
3 15476 15485 15477
3 15477 15485 15486
3 15477 15486 15478
3 15478 15486 15487
3 15478 15487 15479
3 15479 15487 15480
3 15479 15480 15472
3 15480 15488 15489
3 15480 15489 15481
3 15481 15489 15490
3 15481 15490 15482
3 15482 15490 15491
3 15482 15491 15483
3 15483 15491 15492
3 15483 15492 15484
3 15484 15492 15493
3 15484 15493 15485
3 15485 15493 15494
3 15485 15494 15486
3 15486 15494 15495
3 15486 15495 15487
3 15487 15495 15488
3 15487 15488 15480
3 15488 15496 15497
3 15488 15497 15489
3 15489 15497 15498
3 15489 15498 15490
3 15490 15498 15499
3 15490 15499 15491
3 15491 15499 15500
3 15491 15500 15492
3 15492 15500 15501
3 15492 15501 15493
3 15493 15501 15502
3 15493 15502 15494
3 15494 15502 15503
3 15494 15503 15495
3 15495 15503 15496
3 15495 15496 15488
3 15496 15504 15505
3 15496 15505 15497
3 15497 15505 15506
3 15497 15506 15498
3 15498 15506 15507
3 15498 15507 15499
3 15499 15507 15508
3 15499 15508 15500
3 15500 15508 15509
3 15500 15509 15501
3 15501 15509 15510
3 15501 15510 15502
3 15502 15510 15511
3 15502 15511 15503
3 15503 15511 15504
3 15503 15504 15496
3 15504 15512 15513
3 15504 15513 15505
3 15505 15513 15514
3 15505 15514 15506
3 15506 15514 15515
3 15506 15515 15507
3 15507 15515 15516
3 15507 15516 15508
3 15508 15516 15517
3 15508 15517 15509
3 15509 15517 15518
3 15509 15518 15510
3 15510 15518 15519
3 15510 15519 15511
3 15511 15519 15512
3 15511 15512 15504
3 15512 15520 15521
3 15512 15521 15513
3 15513 15521 15522
3 15513 15522 15514
3 15514 15522 15523
3 15514 15523 15515
3 15515 15523 15524
3 15515 15524 15516
3 15516 15524 15525
3 15516 15525 15517
3 15517 15525 15526
3 15517 15526 15518
3 15518 15526 15527
3 15518 15527 15519
3 15519 15527 15520
3 15519 15520 15512
3 15520 15528 15529
3 15520 15529 15521
3 15521 15529 15530
3 15521 15530 15522
3 15522 15530 15531
3 15522 15531 15523
3 15523 15531 15532
3 15523 15532 15524
3 15524 15532 15533
3 15524 15533 15525
3 15525 15533 15534
3 15525 15534 15526
3 15526 15534 15535
3 15526 15535 15527
3 15527 15535 15528
3 15527 15528 15520
3 15528 15536 15537
3 15528 15537 15529
3 15529 15537 15538
3 15529 15538 15530
3 15530 15538 15539
3 15530 15539 15531
3 15531 15539 15540
3 15531 15540 15532
3 15532 15540 15541
3 15532 15541 15533
3 15533 15541 15542
3 15533 15542 15534
3 15534 15542 15543
3 15534 15543 15535
3 15535 15543 15536
3 15535 15536 15528
3 15536 15544 15545
3 15536 15545 15537
3 15537 15545 15546
3 15537 15546 15538
3 15538 15546 15547
3 15538 15547 15539
3 15539 15547 15548
3 15539 15548 15540
3 15540 15548 15549
3 15540 15549 15541
3 15541 15549 15550
3 15541 15550 15542
3 15542 15550 15551
3 15542 15551 15543
3 15543 15551 15544
3 15543 15544 15536
3 15544 15552 15553
3 15544 15553 15545
3 15545 15553 15554
3 15545 15554 15546
3 15546 15554 15555
3 15546 15555 15547
3 15547 15555 15556
3 15547 15556 15548
3 15548 15556 15557
3 15548 15557 15549
3 15549 15557 15558
3 15549 15558 15550
3 15550 15558 15559
3 15550 15559 15551
3 15551 15559 15552
3 15551 15552 15544
3 15552 15560 15561
3 15552 15561 15553
3 15553 15561 15562
3 15553 15562 15554
3 15554 15562 15563
3 15554 15563 15555
3 15555 15563 15564
3 15555 15564 15556
3 15556 15564 15565
3 15556 15565 15557
3 15557 15565 15566
3 15557 15566 15558
3 15558 15566 15567
3 15558 15567 15559
3 15559 15567 15560
3 15559 15560 15552
3 15560 15568 15569
3 15560 15569 15561
3 15561 15569 15570
3 15561 15570 15562
3 15562 15570 15571
3 15562 15571 15563
3 15563 15571 15572
3 15563 15572 15564
3 15564 15572 15573
3 15564 15573 15565
3 15565 15573 15574
3 15565 15574 15566
3 15566 15574 15575
3 15566 15575 15567
3 15567 15575 15568
3 15567 15568 15560
3 15568 15576 15577
3 15568 15577 15569
3 15569 15577 15578
3 15569 15578 15570
3 15570 15578 15579
3 15570 15579 15571
3 15571 15579 15580
3 15571 15580 15572
3 15572 15580 15581
3 15572 15581 15573
3 15573 15581 15582
3 15573 15582 15574
3 15574 15582 15583
3 15574 15583 15575
3 15575 15583 15576
3 15575 15576 15568
3 15576 15584 15585
3 15576 15585 15577
3 15577 15585 15586
3 15577 15586 15578
3 15578 15586 15587
3 15578 15587 15579
3 15579 15587 15588
3 15579 15588 15580
3 15580 15588 15589
3 15580 15589 15581
3 15581 15589 15590
3 15581 15590 15582
3 15582 15590 15591
3 15582 15591 15583
3 15583 15591 15584
3 15583 15584 15576
3 15584 15592 15593
3 15584 15593 15585
3 15585 15593 15594
3 15585 15594 15586
3 15586 15594 15595
3 15586 15595 15587
3 15587 15595 15596
3 15587 15596 15588
3 15588 15596 15597
3 15588 15597 15589
3 15589 15597 15598
3 15589 15598 15590
3 15590 15598 15599
3 15590 15599 15591
3 15591 15599 15592
3 15591 15592 15584
3 15592 15600 15601
3 15592 15601 15593
3 15593 15601 15602
3 15593 15602 15594
3 15594 15602 15603
3 15594 15603 15595
3 15595 15603 15604
3 15595 15604 15596
3 15596 15604 15605
3 15596 15605 15597
3 15597 15605 15606
3 15597 15606 15598
3 15598 15606 15607
3 15598 15607 15599
3 15599 15607 15600
3 15599 15600 15592
3 15600 15608 15609
3 15600 15609 15601
3 15601 15609 15610
3 15601 15610 15602
3 15602 15610 15611
3 15602 15611 15603
3 15603 15611 15612
3 15603 15612 15604
3 15604 15612 15613
3 15604 15613 15605
3 15605 15613 15614
3 15605 15614 15606
3 15606 15614 15615
3 15606 15615 15607
3 15607 15615 15608
3 15607 15608 15600
3 15608 15616 15617
3 15608 15617 15609
3 15609 15617 15618
3 15609 15618 15610
3 15610 15618 15619
3 15610 15619 15611
3 15611 15619 15620
3 15611 15620 15612
3 15612 15620 15621
3 15612 15621 15613
3 15613 15621 15622
3 15613 15622 15614
3 15614 15622 15623
3 15614 15623 15615
3 15615 15623 15616
3 15615 15616 15608
3 15616 15624 15625
3 15616 15625 15617
3 15617 15625 15626
3 15617 15626 15618
3 15618 15626 15627
3 15618 15627 15619
3 15619 15627 15628
3 15619 15628 15620
3 15620 15628 15629
3 15620 15629 15621
3 15621 15629 15630
3 15621 15630 15622
3 15622 15630 15631
3 15622 15631 15623
3 15623 15631 15624
3 15623 15624 15616
3 15624 15632 15633
3 15624 15633 15625
3 15625 15633 15634
3 15625 15634 15626
3 15626 15634 15635
3 15626 15635 15627
3 15627 15635 15636
3 15627 15636 15628
3 15628 15636 15637
3 15628 15637 15629
3 15629 15637 15638
3 15629 15638 15630
3 15630 15638 15639
3 15630 15639 15631
3 15631 15639 15632
3 15631 15632 15624
3 15632 15640 15641
3 15632 15641 15633
3 15633 15641 15642
3 15633 15642 15634
3 15634 15642 15643
3 15634 15643 15635
3 15635 15643 15644
3 15635 15644 15636
3 15636 15644 15645
3 15636 15645 15637
3 15637 15645 15646
3 15637 15646 15638
3 15638 15646 15647
3 15638 15647 15639
3 15639 15647 15640
3 15639 15640 15632
3 15640 15648 15649
3 15640 15649 15641
3 15641 15649 15650
3 15641 15650 15642
3 15642 15650 15651
3 15642 15651 15643
3 15643 15651 15652
3 15643 15652 15644
3 15644 15652 15653
3 15644 15653 15645
3 15645 15653 15654
3 15645 15654 15646
3 15646 15654 15655
3 15646 15655 15647
3 15647 15655 15648
3 15647 15648 15640
3 15648 15656 15657
3 15648 15657 15649
3 15649 15657 15658
3 15649 15658 15650
3 15650 15658 15659
3 15650 15659 15651
3 15651 15659 15660
3 15651 15660 15652
3 15652 15660 15661
3 15652 15661 15653
3 15653 15661 15662
3 15653 15662 15654
3 15654 15662 15663
3 15654 15663 15655
3 15655 15663 15656
3 15655 15656 15648
3 15656 15664 15665
3 15656 15665 15657
3 15657 15665 15666
3 15657 15666 15658
3 15658 15666 15667
3 15658 15667 15659
3 15659 15667 15668
3 15659 15668 15660
3 15660 15668 15669
3 15660 15669 15661
3 15661 15669 15670
3 15661 15670 15662
3 15662 15670 15671
3 15662 15671 15663
3 15663 15671 15664
3 15663 15664 15656
3 15664 15672 15673
3 15664 15673 15665
3 15665 15673 15674
3 15665 15674 15666
3 15666 15674 15675
3 15666 15675 15667
3 15667 15675 15676
3 15667 15676 15668
3 15668 15676 15677
3 15668 15677 15669
3 15669 15677 15678
3 15669 15678 15670
3 15670 15678 15679
3 15670 15679 15671
3 15671 15679 15672
3 15671 15672 15664
3 15672 15680 15681
3 15672 15681 15673
3 15673 15681 15682
3 15673 15682 15674
3 15674 15682 15683
3 15674 15683 15675
3 15675 15683 15684
3 15675 15684 15676
3 15676 15684 15685
3 15676 15685 15677
3 15677 15685 15686
3 15677 15686 15678
3 15678 15686 15687
3 15678 15687 15679
3 15679 15687 15680
3 15679 15680 15672
3 15680 15688 15689
3 15680 15689 15681
3 15681 15689 15690
3 15681 15690 15682
3 15682 15690 15691
3 15682 15691 15683
3 15683 15691 15692
3 15683 15692 15684
3 15684 15692 15693
3 15684 15693 15685
3 15685 15693 15694
3 15685 15694 15686
3 15686 15694 15695
3 15686 15695 15687
3 15687 15695 15688
3 15687 15688 15680
3 15688 15696 15697
3 15688 15697 15689
3 15689 15697 15698
3 15689 15698 15690
3 15690 15698 15699
3 15690 15699 15691
3 15691 15699 15700
3 15691 15700 15692
3 15692 15700 15701
3 15692 15701 15693
3 15693 15701 15702
3 15693 15702 15694
3 15694 15702 15703
3 15694 15703 15695
3 15695 15703 15696
3 15695 15696 15688
3 15696 15704 15705
3 15696 15705 15697
3 15697 15705 15706
3 15697 15706 15698
3 15698 15706 15707
3 15698 15707 15699
3 15699 15707 15708
3 15699 15708 15700
3 15700 15708 15709
3 15700 15709 15701
3 15701 15709 15710
3 15701 15710 15702
3 15702 15710 15711
3 15702 15711 15703
3 15703 15711 15704
3 15703 15704 15696
3 15704 15712 15713
3 15704 15713 15705
3 15705 15713 15714
3 15705 15714 15706
3 15706 15714 15715
3 15706 15715 15707
3 15707 15715 15716
3 15707 15716 15708
3 15708 15716 15717
3 15708 15717 15709
3 15709 15717 15718
3 15709 15718 15710
3 15710 15718 15719
3 15710 15719 15711
3 15711 15719 15712
3 15711 15712 15704
3 15712 15720 15721
3 15712 15721 15713
3 15713 15721 15722
3 15713 15722 15714
3 15714 15722 15723
3 15714 15723 15715
3 15715 15723 15724
3 15715 15724 15716
3 15716 15724 15725
3 15716 15725 15717
3 15717 15725 15726
3 15717 15726 15718
3 15718 15726 15727
3 15718 15727 15719
3 15719 15727 15720
3 15719 15720 15712
3 15720 15728 15729
3 15720 15729 15721
3 15721 15729 15730
3 15721 15730 15722
3 15722 15730 15731
3 15722 15731 15723
3 15723 15731 15732
3 15723 15732 15724
3 15724 15732 15733
3 15724 15733 15725
3 15725 15733 15734
3 15725 15734 15726
3 15726 15734 15735
3 15726 15735 15727
3 15727 15735 15728
3 15727 15728 15720
3 15728 15736 15737
3 15728 15737 15729
3 15729 15737 15738
3 15729 15738 15730
3 15730 15738 15739
3 15730 15739 15731
3 15731 15739 15740
3 15731 15740 15732
3 15732 15740 15741
3 15732 15741 15733
3 15733 15741 15742
3 15733 15742 15734
3 15734 15742 15743
3 15734 15743 15735
3 15735 15743 15736
3 15735 15736 15728
3 15736 15744 15745
3 15736 15745 15737
3 15737 15745 15746
3 15737 15746 15738
3 15738 15746 15747
3 15738 15747 15739
3 15739 15747 15748
3 15739 15748 15740
3 15740 15748 15749
3 15740 15749 15741
3 15741 15749 15750
3 15741 15750 15742
3 15742 15750 15751
3 15742 15751 15743
3 15743 15751 15744
3 15743 15744 15736
3 15744 15752 15753
3 15744 15753 15745
3 15745 15753 15754
3 15745 15754 15746
3 15746 15754 15755
3 15746 15755 15747
3 15747 15755 15756
3 15747 15756 15748
3 15748 15756 15757
3 15748 15757 15749
3 15749 15757 15758
3 15749 15758 15750
3 15750 15758 15759
3 15750 15759 15751
3 15751 15759 15752
3 15751 15752 15744
3 15752 15760 15761
3 15752 15761 15753
3 15753 15761 15762
3 15753 15762 15754
3 15754 15762 15763
3 15754 15763 15755
3 15755 15763 15764
3 15755 15764 15756
3 15756 15764 15765
3 15756 15765 15757
3 15757 15765 15766
3 15757 15766 15758
3 15758 15766 15767
3 15758 15767 15759
3 15759 15767 15760
3 15759 15760 15752
3 15760 15768 15769
3 15760 15769 15761
3 15761 15769 15770
3 15761 15770 15762
3 15762 15770 15771
3 15762 15771 15763
3 15763 15771 15772
3 15763 15772 15764
3 15764 15772 15773
3 15764 15773 15765
3 15765 15773 15774
3 15765 15774 15766
3 15766 15774 15775
3 15766 15775 15767
3 15767 15775 15768
3 15767 15768 15760
3 15768 15776 15777
3 15768 15777 15769
3 15769 15777 15778
3 15769 15778 15770
3 15770 15778 15779
3 15770 15779 15771
3 15771 15779 15780
3 15771 15780 15772
3 15772 15780 15781
3 15772 15781 15773
3 15773 15781 15782
3 15773 15782 15774
3 15774 15782 15783
3 15774 15783 15775
3 15775 15783 15776
3 15775 15776 15768
3 15776 15784 15785
3 15776 15785 15777
3 15777 15785 15786
3 15777 15786 15778
3 15778 15786 15787
3 15778 15787 15779
3 15779 15787 15788
3 15779 15788 15780
3 15780 15788 15789
3 15780 15789 15781
3 15781 15789 15790
3 15781 15790 15782
3 15782 15790 15791
3 15782 15791 15783
3 15783 15791 15784
3 15783 15784 15776
3 15784 15792 15793
3 15784 15793 15785
3 15785 15793 15794
3 15785 15794 15786
3 15786 15794 15795
3 15786 15795 15787
3 15787 15795 15796
3 15787 15796 15788
3 15788 15796 15797
3 15788 15797 15789
3 15789 15797 15798
3 15789 15798 15790
3 15790 15798 15799
3 15790 15799 15791
3 15791 15799 15792
3 15791 15792 15784
3 15792 15800 15801
3 15792 15801 15793
3 15793 15801 15802
3 15793 15802 15794
3 15794 15802 15803
3 15794 15803 15795
3 15795 15803 15804
3 15795 15804 15796
3 15796 15804 15805
3 15796 15805 15797
3 15797 15805 15806
3 15797 15806 15798
3 15798 15806 15807
3 15798 15807 15799
3 15799 15807 15800
3 15799 15800 15792
3 15800 15808 15809
3 15800 15809 15801
3 15801 15809 15810
3 15801 15810 15802
3 15802 15810 15811
3 15802 15811 15803
3 15803 15811 15812
3 15803 15812 15804
3 15804 15812 15813
3 15804 15813 15805
3 15805 15813 15814
3 15805 15814 15806
3 15806 15814 15815
3 15806 15815 15807
3 15807 15815 15808
3 15807 15808 15800
3 15808 15816 15817
3 15808 15817 15809
3 15809 15817 15818
3 15809 15818 15810
3 15810 15818 15819
3 15810 15819 15811
3 15811 15819 15820
3 15811 15820 15812
3 15812 15820 15821
3 15812 15821 15813
3 15813 15821 15822
3 15813 15822 15814
3 15814 15822 15823
3 15814 15823 15815
3 15815 15823 15816
3 15815 15816 15808
3 15816 15824 15825
3 15816 15825 15817
3 15817 15825 15826
3 15817 15826 15818
3 15818 15826 15827
3 15818 15827 15819
3 15819 15827 15828
3 15819 15828 15820
3 15820 15828 15829
3 15820 15829 15821
3 15821 15829 15830
3 15821 15830 15822
3 15822 15830 15831
3 15822 15831 15823
3 15823 15831 15824
3 15823 15824 15816
3 15824 15832 15833
3 15824 15833 15825
3 15825 15833 15834
3 15825 15834 15826
3 15826 15834 15835
3 15826 15835 15827
3 15827 15835 15836
3 15827 15836 15828
3 15828 15836 15837
3 15828 15837 15829
3 15829 15837 15838
3 15829 15838 15830
3 15830 15838 15839
3 15830 15839 15831
3 15831 15839 15832
3 15831 15832 15824
3 15832 15840 15841
3 15832 15841 15833
3 15833 15841 15842
3 15833 15842 15834
3 15834 15842 15843
3 15834 15843 15835
3 15835 15843 15844
3 15835 15844 15836
3 15836 15844 15845
3 15836 15845 15837
3 15837 15845 15846
3 15837 15846 15838
3 15838 15846 15847
3 15838 15847 15839
3 15839 15847 15840
3 15839 15840 15832
3 15840 15848 15849
3 15840 15849 15841
3 15841 15849 15850
3 15841 15850 15842
3 15842 15850 15851
3 15842 15851 15843
3 15843 15851 15852
3 15843 15852 15844
3 15844 15852 15853
3 15844 15853 15845
3 15845 15853 15854
3 15845 15854 15846
3 15846 15854 15855
3 15846 15855 15847
3 15847 15855 15848
3 15847 15848 15840
3 15848 15856 15857
3 15848 15857 15849
3 15849 15857 15858
3 15849 15858 15850
3 15850 15858 15859
3 15850 15859 15851
3 15851 15859 15860
3 15851 15860 15852
3 15852 15860 15861
3 15852 15861 15853
3 15853 15861 15862
3 15853 15862 15854
3 15854 15862 15863
3 15854 15863 15855
3 15855 15863 15856
3 15855 15856 15848
3 15856 15864 15865
3 15856 15865 15857
3 15857 15865 15866
3 15857 15866 15858
3 15858 15866 15867
3 15858 15867 15859
3 15859 15867 15868
3 15859 15868 15860
3 15860 15868 15869
3 15860 15869 15861
3 15861 15869 15870
3 15861 15870 15862
3 15862 15870 15871
3 15862 15871 15863
3 15863 15871 15864
3 15863 15864 15856
3 15864 15872 15873
3 15864 15873 15865
3 15865 15873 15874
3 15865 15874 15866
3 15866 15874 15875
3 15866 15875 15867
3 15867 15875 15876
3 15867 15876 15868
3 15868 15876 15877
3 15868 15877 15869
3 15869 15877 15878
3 15869 15878 15870
3 15870 15878 15879
3 15870 15879 15871
3 15871 15879 15872
3 15871 15872 15864
3 15872 15880 15881
3 15872 15881 15873
3 15873 15881 15882
3 15873 15882 15874
3 15874 15882 15883
3 15874 15883 15875
3 15875 15883 15884
3 15875 15884 15876
3 15876 15884 15885
3 15876 15885 15877
3 15877 15885 15886
3 15877 15886 15878
3 15878 15886 15887
3 15878 15887 15879
3 15879 15887 15880
3 15879 15880 15872
3 15880 15888 15889
3 15880 15889 15881
3 15881 15889 15890
3 15881 15890 15882
3 15882 15890 15891
3 15882 15891 15883
3 15883 15891 15892
3 15883 15892 15884
3 15884 15892 15893
3 15884 15893 15885
3 15885 15893 15894
3 15885 15894 15886
3 15886 15894 15895
3 15886 15895 15887
3 15887 15895 15888
3 15887 15888 15880
3 15888 15896 15897
3 15888 15897 15889
3 15889 15897 15898
3 15889 15898 15890
3 15890 15898 15899
3 15890 15899 15891
3 15891 15899 15900
3 15891 15900 15892
3 15892 15900 15901
3 15892 15901 15893
3 15893 15901 15902
3 15893 15902 15894
3 15894 15902 15903
3 15894 15903 15895
3 15895 15903 15896
3 15895 15896 15888
3 15896 15904 15905
3 15896 15905 15897
3 15897 15905 15906
3 15897 15906 15898
3 15898 15906 15907
3 15898 15907 15899
3 15899 15907 15908
3 15899 15908 15900
3 15900 15908 15909
3 15900 15909 15901
3 15901 15909 15910
3 15901 15910 15902
3 15902 15910 15911
3 15902 15911 15903
3 15903 15911 15904
3 15903 15904 15896
3 15904 15912 15913
3 15904 15913 15905
3 15905 15913 15914
3 15905 15914 15906
3 15906 15914 15915
3 15906 15915 15907
3 15907 15915 15916
3 15907 15916 15908
3 15908 15916 15917
3 15908 15917 15909
3 15909 15917 15918
3 15909 15918 15910
3 15910 15918 15919
3 15910 15919 15911
3 15911 15919 15912
3 15911 15912 15904
3 15912 15920 15921
3 15912 15921 15913
3 15913 15921 15922
3 15913 15922 15914
3 15914 15922 15923
3 15914 15923 15915
3 15915 15923 15924
3 15915 15924 15916
3 15916 15924 15925
3 15916 15925 15917
3 15917 15925 15926
3 15917 15926 15918
3 15918 15926 15927
3 15918 15927 15919
3 15919 15927 15920
3 15919 15920 15912
3 15920 15928 15929
3 15920 15929 15921
3 15921 15929 15930
3 15921 15930 15922
3 15922 15930 15931
3 15922 15931 15923
3 15923 15931 15932
3 15923 15932 15924
3 15924 15932 15933
3 15924 15933 15925
3 15925 15933 15934
3 15925 15934 15926
3 15926 15934 15935
3 15926 15935 15927
3 15927 15935 15928
3 15927 15928 15920
3 15928 15936 15937
3 15928 15937 15929
3 15929 15937 15938
3 15929 15938 15930
3 15930 15938 15939
3 15930 15939 15931
3 15931 15939 15940
3 15931 15940 15932
3 15932 15940 15941
3 15932 15941 15933
3 15933 15941 15942
3 15933 15942 15934
3 15934 15942 15943
3 15934 15943 15935
3 15935 15943 15936
3 15935 15936 15928
3 15936 15944 15945
3 15936 15945 15937
3 15937 15945 15946
3 15937 15946 15938
3 15938 15946 15947
3 15938 15947 15939
3 15939 15947 15948
3 15939 15948 15940
3 15940 15948 15949
3 15940 15949 15941
3 15941 15949 15950
3 15941 15950 15942
3 15942 15950 15951
3 15942 15951 15943
3 15943 15951 15944
3 15943 15944 15936
3 15944 15952 15953
3 15944 15953 15945
3 15945 15953 15954
3 15945 15954 15946
3 15946 15954 15955
3 15946 15955 15947
3 15947 15955 15956
3 15947 15956 15948
3 15948 15956 15957
3 15948 15957 15949
3 15949 15957 15958
3 15949 15958 15950
3 15950 15958 15959
3 15950 15959 15951
3 15951 15959 15952
3 15951 15952 15944
3 15952 15960 15961
3 15952 15961 15953
3 15953 15961 15962
3 15953 15962 15954
3 15954 15962 15963
3 15954 15963 15955
3 15955 15963 15964
3 15955 15964 15956
3 15956 15964 15965
3 15956 15965 15957
3 15957 15965 15966
3 15957 15966 15958
3 15958 15966 15967
3 15958 15967 15959
3 15959 15967 15960
3 15959 15960 15952
3 15960 15968 15969
3 15960 15969 15961
3 15961 15969 15970
3 15961 15970 15962
3 15962 15970 15971
3 15962 15971 15963
3 15963 15971 15972
3 15963 15972 15964
3 15964 15972 15973
3 15964 15973 15965
3 15965 15973 15974
3 15965 15974 15966
3 15966 15974 15975
3 15966 15975 15967
3 15967 15975 15968
3 15967 15968 15960
3 15968 15976 15977
3 15968 15977 15969
3 15969 15977 15978
3 15969 15978 15970
3 15970 15978 15979
3 15970 15979 15971
3 15971 15979 15980
3 15971 15980 15972
3 15972 15980 15981
3 15972 15981 15973
3 15973 15981 15982
3 15973 15982 15974
3 15974 15982 15983
3 15974 15983 15975
3 15975 15983 15976
3 15975 15976 15968
3 15976 15984 15985
3 15976 15985 15977
3 15977 15985 15986
3 15977 15986 15978
3 15978 15986 15987
3 15978 15987 15979
3 15979 15987 15988
3 15979 15988 15980
3 15980 15988 15989
3 15980 15989 15981
3 15981 15989 15990
3 15981 15990 15982
3 15982 15990 15991
3 15982 15991 15983
3 15983 15991 15984
3 15983 15984 15976
3 15984 15992 15993
3 15984 15993 15985
3 15985 15993 15994
3 15985 15994 15986
3 15986 15994 15995
3 15986 15995 15987
3 15987 15995 15996
3 15987 15996 15988
3 15988 15996 15997
3 15988 15997 15989
3 15989 15997 15998
3 15989 15998 15990
3 15990 15998 15999
3 15990 15999 15991
3 15991 15999 15992
3 15991 15992 15984
