ply
format ascii 1.0
element vertex 3000
property float x
property float y
property float z
element face 6000
property list uchar int vertex_indices
end_header
1.64469 0.03957 0.00000
1.60280 0.08413 -0.06967
1.52165 0.09655 -0.11273
1.43223 0.07210 -0.11273
1.36869 0.02010 -0.06967
1.35531 -0.03957 -0.00000
1.39720 -0.08413 0.06967
1.47835 -0.09655 0.11273
1.56777 -0.07210 0.11273
1.63131 -0.02010 0.06967
1.60602 0.12806 0.02512
1.55371 0.14558 -0.04939
1.47762 0.11942 -0.09544
1.40682 0.05958 -0.09544
1.36834 -0.01108 -0.04939
1.37689 -0.06558 0.02512
1.42920 -0.08309 0.09962
1.50529 -0.05694 0.14567
1.57609 0.00290 0.14567
1.61457 0.07356 0.09962
1.54919 0.18621 0.05013
1.50104 0.18390 -0.02905
1.43948 0.13482 -0.07799
1.38802 0.05770 -0.07799
1.36633 -0.01798 -0.02905
1.38268 -0.06333 0.05013
1.43083 -0.06102 0.12932
1.49239 -0.01194 0.17826
1.54385 0.06518 0.17826
1.56554 0.14086 0.12932
1.48310 0.22734 0.07495
1.44257 0.21361 -0.00728
1.39486 0.15250 -0.05811
1.35819 0.06735 -0.05811
1.34657 -0.00930 -0.00728
1.36444 -0.04819 0.07495
1.40497 -0.03446 0.15719
1.45268 0.02666 0.20801
1.48935 0.11180 0.20801
1.50097 0.18846 0.15719
1.40689 0.25884 0.09948
1.37351 0.23862 0.01539
1.33708 0.17105 -0.03658
1.31151 0.08194 -0.03658
1.30656 0.00533 0.01539
1.32413 -0.02951 0.09948
1.35751 -0.00929 0.18357
1.39394 0.05828 0.23554
1.41952 0.14739 0.23554
1.42447 0.22400 0.18357
1.31927 0.28327 0.12361
1.29189 0.25921 0.03837
1.26453 0.18801 -0.01432
1.24763 0.09686 -0.01432
1.24765 0.02057 0.03837
1.26458 -0.01170 0.12361
1.29195 0.01236 0.20885
1.31931 0.08357 0.26153
1.33621 0.17472 0.26153
1.33619 0.25100 0.20885
1.21980 0.30126 0.14725
1.19739 0.27483 0.06126
1.17750 0.20152 0.00812
1.16771 0.10933 0.00812
1.17176 0.03348 0.06126
1.18812 0.00293 0.14725
1.21052 0.02936 0.23324
1.23041 0.10267 0.28638
1.24020 0.19486 0.28638
1.23615 0.27071 0.23324
1.10878 0.31272 0.17031
1.09054 0.28478 0.08382
1.07696 0.21027 0.03036
1.07324 0.11764 0.03036
1.08080 0.04227 0.08382
1.09674 0.01296 0.17031
1.11498 0.04090 0.25680
1.12855 0.11542 0.31026
1.13227 0.20805 0.31026
1.12472 0.28341 0.25680
0.98700 0.31736 0.19270
0.97231 0.28845 0.10585
0.96424 0.21330 0.05218
0.96587 0.12061 0.05218
0.97658 0.04578 0.10585
0.99228 0.01741 0.19270
1.00697 0.04632 0.27955
1.01504 0.12147 0.33322
1.01341 0.21416 0.33322
1.00270 0.28899 0.27955
0.85558 0.31484 0.21433
0.84398 0.28531 0.12722
0.84081 0.20991 0.07339
0.84729 0.11743 0.07339
0.86094 0.04320 0.12722
0.87654 0.01558 0.21433
0.88814 0.04511 0.30144
0.89131 0.12051 0.35527
0.88483 0.21299 0.35527
0.87118 0.28722 0.30144
0.71589 0.30488 0.23511
0.70703 0.27498 0.14781
0.70833 0.19960 0.09386
0.71928 0.10755 0.09386
0.73571 0.03397 0.14781
0.75134 0.00698 0.23511
0.76019 0.03689 0.32242
0.75890 0.11226 0.37637
0.74794 0.20432 0.37637
0.73151 0.27789 0.32242
0.56945 0.28730 0.25497
0.56307 0.25720 0.16752
0.56850 0.18208 0.11347
0.58367 0.09062 0.11347
0.60277 0.01777 0.16752
0.61852 -0.00866 0.25497
0.62490 0.02143 0.34242
0.61947 0.09656 0.39647
0.60430 0.18801 0.39647
0.58520 0.26087 0.34242
0.41794 0.26203 0.27382
0.41384 0.23188 0.18625
0.42316 0.15720 0.13213
0.44233 0.06650 0.13213
0.46403 -0.00557 0.18625
0.47998 -0.03148 0.27382
0.48408 -0.00134 0.36139
0.47477 0.07335 0.41551
0.45560 0.16405 0.41551
0.43389 0.23612 0.36139
0.26311 0.22916 0.29159
0.26113 0.19908 0.20392
0.27414 0.12499 0.14974
0.29718 0.03519 0.14974
0.32144 -0.03601 0.20392
0.33765 -0.06143 0.29159
0.33963 -0.03135 0.37925
0.32661 0.04274 0.43343
0.30358 0.13254 0.43343
0.27932 0.20375 0.37925
0.10675 0.18892 0.30821
0.10677 0.15900 0.22046
0.12335 0.08566 0.16623
0.15015 -0.00309 0.16623
0.17692 -0.07335 0.22046
0.19346 -0.09828 0.30821
0.19343 -0.06836 0.39595
0.17685 0.00497 0.45018
0.15005 0.09372 0.45018
0.12328 0.16398 0.39595
-0.04933 0.14166 0.32361
-0.04738 0.11200 0.23579
-0.02733 0.03956 0.18152
0.00316 -0.04798 0.18152
0.03244 -0.11720 0.23579
0.04933 -0.14166 0.32361
0.04738 -0.11200 0.41142
0.02733 -0.03956 0.46569
-0.00316 0.04798 0.46569
-0.03244 0.11720 0.41142
-0.20332 0.08789 0.33773
-0.19950 0.05859 0.24986
-0.17604 -0.01279 0.19556
-0.14190 -0.09898 0.19556
-0.11011 -0.16705 0.24986
-0.09282 -0.19102 0.33773
-0.09664 -0.16172 0.42560
-0.12010 -0.09034 0.47991
-0.15425 -0.00415 0.47991
-0.18603 0.06393 0.42560
-0.35347 0.02825 0.35052
-0.34782 -0.00060 0.26260
-0.32097 -0.07074 0.20827
-0.28316 -0.15539 0.20827
-0.24885 -0.22221 0.26260
-0.23114 -0.24567 0.35052
-0.23679 -0.21682 0.43844
-0.26365 -0.14667 0.49278
-0.30145 -0.06203 0.49278
-0.33576 0.00479 0.43844
-0.49811 -0.03650 0.36193
-0.49063 -0.06479 0.27397
-0.46036 -0.13351 0.21960
-0.41887 -0.21641 0.21960
-0.38200 -0.28183 0.27397
-0.36384 -0.30477 0.36193
-0.37132 -0.27648 0.44990
-0.40159 -0.20776 0.50426
-0.44308 -0.12486 0.50426
-0.47995 -0.05944 0.44990
-0.63564 -0.10550 0.37191
-0.62631 -0.13311 0.28390
-0.59258 -0.20018 0.22951
-0.54733 -0.28109 0.22951
-0.50786 -0.34494 0.28390
-0.48922 -0.36735 0.37191
-0.49856 -0.33974 0.45992
-0.53229 -0.27267 0.51431
-0.57753 -0.19176 0.51431
-0.61701 -0.12791 0.45992
-0.76463 -0.17784 0.38042
-0.75340 -0.20460 0.29238
-0.71610 -0.26973 0.23796
-0.66698 -0.34835 0.23796
-0.62481 -0.41044 0.29238
-0.60568 -0.43227 0.38042
-0.61692 -0.40551 0.46847
-0.65422 -0.34038 0.52288
-0.70334 -0.26176 0.52288
-0.74551 -0.19967 0.46847
-0.88378 -0.25251 0.38743
-0.87056 -0.27822 0.29935
-0.82953 -0.34105 0.24491
-0.77636 -0.41700 0.24491
-0.73138 -0.47706 0.29935
-0.71175 -0.49829 0.38743
-0.72498 -0.47258 0.47551
-0.76601 -0.40975 0.52995
-0.81917 -0.33380 0.52995
-0.86416 -0.27374 0.47551
-0.99199 -0.32856 0.39291
-0.97664 -0.35294 0.30480
-0.93164 -0.41297 0.25034
-0.87418 -0.48572 0.25034
-0.82621 -0.54341 0.30480
-0.80605 -0.56399 0.39291
-0.82141 -0.53962 0.48103
-0.86641 -0.47959 0.53549
-0.92387 -0.40683 0.53549
-0.97183 -0.34915 0.48103
-1.08836 -0.40508 0.39685
-1.07068 -0.42772 0.30870
-1.02138 -0.48425 0.25423
-0.95927 -0.55308 0.25423
-0.90809 -0.60791 0.30870
-0.88738 -0.62781 0.39685
-0.90505 -0.60517 0.48499
-0.95435 -0.54864 0.53947
-1.01646 -0.47981 0.53947
-1.06764 -0.42498 0.48499
-1.17223 -0.48137 0.39921
-1.15199 -0.50166 0.31105
-1.09791 -0.55363 0.25656
-1.03066 -0.61744 0.25656
-0.97593 -0.66871 0.31105
-0.95461 -0.68787 0.39921
-0.97485 -0.66758 0.48738
-1.02893 -0.61561 0.54186
-1.09618 -0.55180 0.54186
-1.15092 -0.50053 0.48738
-1.24322 -0.55720 0.40000
-1.22009 -0.57411 0.31184
-1.16063 -0.61983 0.25735
-1.08756 -0.67689 0.25735
-1.02880 -0.72349 0.31184
-1.00678 -0.74184 0.40000
-1.02991 -0.72492 0.48816
-1.08937 -0.67921 0.54265
-1.16244 -0.62215 0.54265
-1.22120 -0.57555 0.48816
-1.30110 -0.63328 0.39921
-1.27479 -0.64508 0.31110
-1.20926 -0.68163 0.25665
-1.12955 -0.72896 0.25665
-1.06610 -0.76899 0.31110
-1.04314 -0.78644 0.39921
-1.06945 -0.77464 0.48732
-1.13498 -0.73810 0.54177
-1.21469 -0.69077 0.54177
-1.27814 -0.65073 0.48732
-1.34520 -0.71240 0.39685
-1.31597 -0.71593 0.30894
-1.24416 -0.73799 0.25461
-1.15720 -0.77013 0.25461
-1.08832 -0.80008 0.30894
-1.06381 -0.81641 0.39685
-1.09304 -0.81287 0.48475
-1.16485 -0.79082 0.53908
-1.25181 -0.75868 0.53908
-1.32069 -0.72872 0.48475
-1.37168 -0.80096 0.39291
-1.34222 -0.79098 0.30558
-1.26687 -0.78901 0.25161
-1.17442 -0.79581 0.25161
-1.10017 -0.80876 0.30558
-1.07248 -0.82294 0.39291
-1.10194 -0.83291 0.48025
-1.17729 -0.83488 0.53422
-1.26974 -0.82809 0.53422
-1.34399 -0.81513 0.48025
-1.36529 -0.90441 0.38743
-1.34509 -0.87684 0.30126
-1.27901 -0.83954 0.24800
-1.19229 -0.80676 0.24800
-1.11806 -0.79103 0.30126
-1.08466 -0.79835 0.38743
-1.10487 -0.82593 0.47361
-1.17095 -0.86322 0.52686
-1.25767 -0.89600 0.52686
-1.33190 -0.91173 0.47361
-1.30732 -0.99874 0.38042
-1.30690 -0.96237 0.29515
-1.27081 -0.89518 0.24245
-1.21284 -0.82283 0.24245
-1.15513 -0.77296 0.29515
-1.11973 -0.76462 0.38042
-1.12016 -0.80099 0.46569
-1.15624 -0.86818 0.51840
-1.21421 -0.94052 0.51840
-1.27192 -0.99039 0.46569
-1.22403 -1.04760 0.37191
-1.23815 -1.01463 0.28642
-1.23321 -0.93862 0.23359
-1.21110 -0.84859 0.23359
-1.18026 -0.77893 0.28642
-1.15247 -0.75626 0.37191
-1.13835 -0.78923 0.45740
-1.14329 -0.86524 0.51023
-1.16540 -0.95527 0.51023
-1.19624 -1.02493 0.45740
-1.14387 -1.06124 0.36193
-1.16435 -1.03339 0.27591
-1.17930 -0.95893 0.22275
-1.18300 -0.86630 0.22275
-1.17404 -0.79088 0.27591
-1.15584 -0.76148 0.36193
-1.13535 -0.78933 0.44795
-1.12040 -0.86380 0.50111
-1.11670 -0.95643 0.50111
-1.12567 -1.03185 0.44795
-1.06622 -1.05567 0.35052
-1.08953 -1.03155 0.26409
-1.11652 -0.96076 0.21068
-1.13690 -0.87032 0.21068
-1.14288 -0.79479 0.26409
-1.13218 -0.76301 0.35052
-1.10888 -0.78712 0.43695
-1.08188 -0.85792 0.49037
-1.06150 -0.94836 0.49037
-1.05552 -1.02389 0.43695
-0.98606 -1.03636 0.33773
-1.01088 -1.01491 0.25103
-1.04580 -0.94780 0.19744
-1.07749 -0.86068 0.19744
-1.09383 -0.78682 0.25103
-1.08859 -0.75443 0.33773
-1.06377 -0.77588 0.42444
-1.02884 -0.84299 0.47802
-0.99716 -0.93011 0.47802
-0.98081 -1.00397 0.42444
-0.90080 -1.00462 0.32361
-0.92664 -0.98520 0.23672
-0.96727 -0.92148 0.18302
-1.00717 -0.83781 0.18302
-1.03111 -0.76613 0.23672
-1.02994 -0.73383 0.32361
-1.00411 -0.75325 0.41050
-0.96348 -0.81697 0.46420
-0.92357 -0.90065 0.46420
-0.89963 -0.97232 0.41050
-0.80976 -0.96070 0.30821
-0.83637 -0.94297 0.22119
-0.88141 -0.88236 0.16741
-0.92768 -0.80202 0.16741
-0.95750 -0.73265 0.22119
-0.95948 -0.70073 0.30821
-0.93287 -0.71846 0.39522
-0.88783 -0.77907 0.44900
-0.84157 -0.85941 0.44900
-0.81175 -0.92878 0.39522
-0.71321 -0.90472 0.29159
-0.74048 -0.88847 0.20449
-0.78912 -0.83076 0.15065
-0.84056 -0.75364 0.15065
-0.87514 -0.68655 0.20449
-0.87966 -0.65513 0.29159
-0.85239 -0.67138 0.37869
-0.80375 -0.72909 0.43252
-0.75231 -0.80622 0.43252
-0.71773 -0.87330 0.37869
-0.61196 -0.83690 0.27382
-0.63982 -0.82202 0.18666
-0.69152 -0.76707 0.13279
-0.74732 -0.69304 0.13279
-0.78591 -0.62821 0.18666
-0.79254 -0.59733 0.27382
-0.76468 -0.61221 0.36098
-0.71298 -0.66715 0.41485
-0.65717 -0.74118 0.41485
-0.61859 -0.80602 0.36098
-0.50712 -0.75761 0.25497
-0.53552 -0.74405 0.16777
-0.58991 -0.69178 0.11388
-0.64951 -0.62077 0.11388
-0.69155 -0.55815 0.16777
-0.69998 -0.52782 0.25497
-0.67158 -0.54138 0.34217
-0.61719 -0.59365 0.39606
-0.55759 -0.66466 0.39606
-0.51555 -0.72729 0.34217
-0.39996 -0.66744 0.23511
-0.42888 -0.65518 0.14789
-0.48567 -0.60555 0.09399
-0.54864 -0.53751 0.09399
-0.59374 -0.47706 0.14789
-0.60374 -0.44727 0.23511
-0.57482 -0.45954 0.32233
-0.51803 -0.50917 0.37624
-0.45505 -0.57721 0.37624
-0.40996 -0.63766 0.32233
-0.29183 -0.56714 0.21433
-0.32124 -0.55617 0.12710
-0.38022 -0.50917 0.07319
-0.44624 -0.44410 0.07319
-0.49409 -0.38580 0.12710
-0.50548 -0.35655 0.21433
-0.47607 -0.36752 0.30156
-0.41709 -0.41452 0.35547
-0.35107 -0.47960 0.35547
-0.30322 -0.53789 0.30156
-0.18410 -0.45765 0.19270
-0.21399 -0.44800 0.10548
-0.27499 -0.40365 0.05157
-0.34381 -0.34154 0.05157
-0.39417 -0.28540 0.10548
-0.40682 -0.25666 0.19270
-0.37694 -0.26630 0.27993
-0.31593 -0.31065 0.33383
-0.24711 -0.37276 0.33383
-0.19676 -0.42891 0.27993
-0.07816 -0.34005 0.17031
-0.10849 -0.33177 0.08310
-0.17138 -0.29012 0.02920
-0.24280 -0.23101 0.02920
-0.29547 -0.17702 0.08310
-0.30927 -0.14877 0.17031
-0.27894 -0.15705 0.25752
-0.21605 -0.19870 0.31142
-0.14463 -0.25780 0.31142
-0.09196 -0.31180 0.25752
0.02468 -0.21558 0.14725
-0.00608 -0.20873 0.06007
-0.07074 -0.16986 0.00619
-0.14458 -0.11381 0.00619
-0.19941 -0.06199 0.06007
-0.21428 -0.03420 0.14725
-0.18351 -0.04105 0.23443
-0.11886 -0.07992 0.28831
-0.04501 -0.13597 0.28831
0.00981 -0.18779 0.23443
0.12317 -0.08561 0.12361
0.09199 -0.08027 0.03646
0.02568 -0.04427 -0.01739
-0.05045 0.00864 -0.01739
-0.10730 0.05824 0.03646
-0.12317 0.08561 0.12361
-0.09199 0.08027 0.21075
-0.02568 0.04427 0.26461
0.05045 -0.00864 0.26461
0.10730 -0.05824 0.21075
0.21615 0.04840 0.09948
0.18459 0.05212 0.01239
0.11670 0.08511 -0.04143
0.03841 0.13477 -0.04143
-0.02037 0.18213 0.01239
-0.03718 0.20910 0.09948
-0.00562 0.20538 0.18656
0.06227 0.17239 0.24038
0.14056 0.12273 0.24038
0.19933 0.07537 0.18656
0.30257 0.18491 0.07495
0.27065 0.18688 -0.01206
0.20127 0.21669 -0.06584
0.12093 0.26295 -0.06584
0.06033 0.30800 -0.01206
0.04260 0.33461 0.07495
0.07452 0.33264 0.16197
0.14390 0.30283 0.21574
0.22424 0.25657 0.21574
0.28484 0.21153 0.16197
0.38153 0.32231 0.05013
0.34928 0.32236 -0.03678
0.27850 0.34878 -0.09050
0.19620 0.39146 -0.09050
0.13383 0.43411 -0.03678
0.11521 0.46043 0.05013
0.14745 0.46037 0.13705
0.21824 0.43395 0.19077
0.30054 0.39127 0.19077
0.36291 0.34863 0.13705
0.45223 0.45898 0.02512
0.41972 0.45691 -0.06168
0.34762 0.47966 -0.11532
0.26345 0.51852 -0.11532
0.19938 0.55866 -0.06168
0.17987 0.58475 0.02512
0.21238 0.58681 0.11191
0.28448 0.56407 0.16555
0.36865 0.52520 0.16555
0.43272 0.48506 0.11191
0.51407 0.59331 0.00000
0.48137 0.58885 -0.08663
0.40804 0.60757 -0.14017
0.32209 0.64230 -0.14017
0.25635 0.67980 -0.08663
0.23593 0.70573 0.00000
0.26863 0.71018 0.08663
0.34196 0.69147 0.14017
0.42791 0.65673 0.14017
0.49365 0.61924 0.08663
0.56657 0.72376 -0.02512
0.53379 0.71656 -0.11153
0.45936 0.73077 -0.16494
0.37171 0.76096 -0.16494
0.30432 0.79561 -0.11153
0.28293 0.82148 -0.02512
0.31571 0.82868 0.06130
0.39014 0.81448 0.11471
0.47779 0.78428 0.11471
0.54518 0.74963 0.06130
0.60941 0.84889 -0.05013
0.57672 0.83846 -0.13626
0.50136 0.84753 -0.18948
0.41212 0.87261 -0.18948
0.34307 0.90414 -0.13626
0.32060 0.93007 -0.05013
0.35329 0.94049 0.03599
0.42865 0.93143 0.08922
0.51790 0.90635 0.08922
0.58694 0.87482 0.03599
0.64240 0.96744 -0.07495
0.61010 0.95315 -0.16067
0.53408 0.95618 -0.21364
0.44338 0.97536 -0.21364
0.37264 1.00336 -0.16067
0.34889 1.02949 -0.07495
0.38119 1.04378 0.01076
0.45721 1.04075 0.06374
0.54791 1.02157 0.06374
0.61864 0.99357 0.01076
0.66541 1.07846 -0.09948
0.63401 1.05943 -0.18460
0.55780 1.05515 -0.23721
0.46589 1.06724 -0.23721
0.39338 1.09110 -0.18460
0.36798 1.11760 -0.09948
0.39937 1.13663 -0.01435
0.47558 1.14091 0.03826
0.56750 1.12882 0.03826
0.64000 1.10496 -0.01435
0.67828 1.18153 -0.12361
0.64874 1.15653 -0.20785
0.57323 1.14306 -0.25991
0.48058 1.14627 -0.25991
0.40619 1.16494 -0.20785
0.37846 1.19193 -0.12361
0.40799 1.21694 -0.03936
0.48350 1.23040 0.01270
0.57615 1.22719 0.01270
0.65055 1.20852 -0.03936
0.68038 1.27710 -0.14725
0.65464 1.24446 -0.23011
0.58168 1.21899 -0.28132
0.48937 1.21043 -0.28132
0.41297 1.22204 -0.23011
0.38166 1.24939 -0.14725
0.40740 1.28203 -0.06439
0.48036 1.30750 -0.01318
0.57267 1.31606 -0.01318
0.64907 1.30445 -0.06439
0.66955 1.36703 -0.17031
0.65163 1.32498 -0.25096
0.58539 1.28347 -0.30081
0.49615 1.25837 -0.30081
0.41799 1.25925 -0.25096
0.38077 1.28578 -0.17031
0.39870 1.32783 -0.08966
0.46493 1.36934 -0.03982
0.55417 1.39444 -0.03982
0.63233 1.39356 -0.08966
0.63892 1.45424 -0.19270
0.63687 1.40318 -0.27005
0.58690 1.34144 -0.31786
0.50811 1.29259 -0.31786
0.43059 1.27529 -0.27005
0.38395 1.29616 -0.19270
0.38600 1.34722 -0.11535
0.43596 1.40896 -0.06755
0.51475 1.45781 -0.06755
0.59227 1.47511 -0.11535
0.57294 1.53418 -0.21433
0.59702 1.48410 -0.28854
0.58044 1.40525 -0.33440
0.52955 1.32777 -0.33440
0.46378 1.28123 -0.28854
0.40825 1.28343 -0.21433
0.38418 1.33351 -0.14013
0.40075 1.41236 -0.09427
0.45165 1.48984 -0.09427
0.51742 1.53638 -0.14013
0.47060 1.57642 -0.23511
0.51528 1.54563 -0.31028
0.54019 1.46937 -0.35674
0.53582 1.37677 -0.35674
0.50383 1.30319 -0.31028
0.45645 1.27675 -0.23511
0.41177 1.30754 -0.15995
0.38686 1.38380 -0.11349
0.39124 1.47640 -0.11349
0.42322 1.54998 -0.15995
0.37449 1.56699 -0.25497
0.42045 1.55481 -0.33456
0.47050 1.49423 -0.38374
0.50553 1.40839 -0.38374
0.51215 1.33009 -0.33456
0.48785 1.28923 -0.25497
0.44190 1.30142 -0.17538
0.39185 1.36200 -0.12620
0.35682 1.44783 -0.12620
0.35019 1.52613 -0.17538
0.30163 1.53091 -0.27382
0.34227 1.52650 -0.35702
0.40289 1.47880 -0.40845
0.46033 1.40603 -0.40845
0.49265 1.33599 -0.35702
0.48750 1.29543 -0.27382
0.44686 1.29985 -0.19061
0.38624 1.34755 -0.13919
0.32880 1.42032 -0.13919
0.29648 1.49035 -0.19061
0.24209 1.48077 -0.29159
0.27836 1.47865 -0.37688
0.34382 1.43952 -0.42959
0.41346 1.37833 -0.42959
0.46069 1.31846 -0.37688
0.46747 1.28277 -0.29159
0.43120 1.28489 -0.20630
0.36574 1.32401 -0.15359
0.29609 1.38520 -0.15359
0.24886 1.44507 -0.20630
0.18858 1.41802 -0.30821
0.22205 1.41641 -0.39464
0.29023 1.38336 -0.44806
0.36707 1.33150 -0.44806
0.42323 1.28064 -0.39464
0.43725 1.25020 -0.30821
0.40378 1.25182 -0.22177
0.33560 1.28486 -0.16835
0.25875 1.33672 -0.16835
0.20260 1.38758 -0.22177
0.13827 1.34223 -0.32361
0.17000 1.34064 -0.41070
0.23997 1.31232 -0.46452
0.32144 1.26808 -0.46452
0.38329 1.22482 -0.41070
0.40190 1.19907 -0.32361
0.37017 1.20066 -0.23652
0.30020 1.22898 -0.18269
0.21873 1.27322 -0.18269
0.15688 1.31648 -0.23652
0.09043 1.25319 -0.33773
0.12107 1.25155 -0.42521
0.19232 1.22717 -0.47928
0.27697 1.18938 -0.47928
0.34268 1.15259 -0.42521
0.36436 1.13087 -0.33773
0.33372 1.13251 -0.25025
0.26246 1.15689 -0.19619
0.17781 1.19468 -0.19619
0.11210 1.23147 -0.25025
0.04522 1.15115 -0.35052
0.07515 1.14950 -0.43825
0.14739 1.12860 -0.49246
0.23434 1.09644 -0.49246
0.30278 1.06530 -0.43825
0.32658 1.04707 -0.35052
0.29665 1.04871 -0.26280
0.22441 1.06961 -0.20858
0.13746 1.10177 -0.20858
0.06902 1.13292 -0.26280
0.00317 1.03676 -0.36193
0.03264 1.03518 -0.44981
0.10565 1.01745 -0.50413
0.19431 0.99036 -0.50413
0.26475 0.96425 -0.44981
0.29008 0.94909 -0.36193
0.26060 0.95068 -0.27405
0.18760 0.96840 -0.21974
0.09894 0.99549 -0.21974
0.02849 1.02161 -0.27405
-0.03504 0.91100 -0.37191
-0.00588 0.90954 -0.45990
0.06773 0.89479 -0.51428
0.15769 0.87237 -0.51428
0.22962 0.85085 -0.45990
0.25605 0.83845 -0.37191
0.22689 0.83991 -0.28392
0.15327 0.85466 -0.22954
0.06332 0.87708 -0.22954
-0.00861 0.89860 -0.28392
-0.06874 0.77506 -0.38042
-0.03979 0.77380 -0.46848
0.03431 0.76187 -0.52290
0.12525 0.74385 -0.52290
0.19829 0.72660 -0.46848
0.22553 0.71672 -0.38042
0.19658 0.71799 -0.29236
0.12248 0.72991 -0.23794
0.03155 0.74794 -0.23794
-0.04149 0.76518 -0.29236
-0.09727 0.63036 -0.38743
-0.06845 0.62933 -0.47554
0.00601 0.62014 -0.52999
0.09768 0.60630 -0.52999
0.17154 0.59310 -0.47554
0.19937 0.58557 -0.38743
0.17055 0.58660 -0.29933
0.09609 0.59579 -0.24487
0.00443 0.60963 -0.24487
-0.06943 0.62283 -0.29933
-0.12006 0.47846 -0.39291
-0.09133 0.47770 -0.48105
-0.01660 0.47118 -0.53553
0.07559 0.46138 -0.53553
0.15002 0.45206 -0.48105
0.17827 0.44676 -0.39291
0.14954 0.44752 -0.30478
0.07481 0.45404 -0.25030
-0.01738 0.46384 -0.25030
-0.09181 0.47316 -0.30478
-0.13664 0.32105 -0.39685
-0.10797 0.32058 -0.48500
-0.03306 0.31668 -0.53949
0.05946 0.31084 -0.53949
0.13426 0.30529 -0.48500
0.16276 0.30214 -0.39685
0.13409 0.30261 -0.30869
0.05918 0.30650 -0.25420
-0.03334 0.31234 -0.25420
-0.10814 0.31790 -0.30869
-0.14668 0.15990 -0.39921
-0.11803 0.15974 -0.48738
-0.04304 0.15845 -0.54187
0.04964 0.15651 -0.54187
0.12462 0.15466 -0.48738
0.15325 0.15362 -0.39921
0.12460 0.15377 -0.31104
0.04961 0.15507 -0.25655
-0.04307 0.15701 -0.25655
-0.11805 0.15886 -0.31104
-0.14997 -0.00314 -0.40000
-0.12132 -0.00299 -0.48817
-0.04633 -0.00169 -0.54266
0.04636 0.00025 -0.54266
0.12134 0.00210 -0.48817
0.14997 0.00314 -0.40000
0.12132 0.00299 -0.31183
0.04633 0.00169 -0.25734
-0.04636 -0.00025 -0.25734
-0.12134 -0.00210 -0.31183
-0.14642 -0.16621 -0.39921
-0.11774 -0.16575 -0.48737
-0.04284 -0.16185 -0.54185
0.04968 -0.15601 -0.54185
0.12448 -0.15045 -0.48737
0.15299 -0.14731 -0.39921
0.12431 -0.14777 -0.31105
0.04941 -0.15167 -0.25657
-0.04311 -0.15751 -0.25657
-0.11791 -0.16306 -0.31105
-0.13610 -0.32744 -0.39685
-0.10737 -0.32668 -0.48498
-0.03264 -0.32016 -0.53946
0.05954 -0.31037 -0.53946
0.13397 -0.30104 -0.48498
0.16222 -0.29575 -0.39685
0.13349 -0.29650 -0.30871
0.05876 -0.30303 -0.25424
-0.03342 -0.31282 -0.25424
-0.10785 -0.32215 -0.30871
-0.11921 -0.48501 -0.39291
-0.09040 -0.48398 -0.48102
-0.01593 -0.47479 -0.53547
0.07573 -0.46095 -0.53547
0.14959 -0.44774 -0.48102
0.17742 -0.44022 -0.39291
0.14861 -0.44124 -0.30481
0.07414 -0.45043 -0.25036
-0.01752 -0.46427 -0.25036
-0.09138 -0.47748 -0.30481
-0.09608 -0.63714 -0.38743
-0.06713 -0.63587 -0.47549
0.00697 -0.62395 -0.52991
0.09790 -0.60592 -0.52991
0.17094 -0.58867 -0.47549
0.19819 -0.57880 -0.38743
0.16923 -0.58006 -0.29937
0.09514 -0.59198 -0.24495
0.00420 -0.61001 -0.24495
-0.06884 -0.62726 -0.29937
-0.06715 -0.78216 -0.38042
-0.03799 -0.78071 -0.46841
0.03563 -0.76596 -0.52279
0.12558 -0.74354 -0.52279
0.19751 -0.72202 -0.46841
0.22394 -0.70962 -0.38042
0.19478 -0.71107 -0.29244
0.12117 -0.72583 -0.23806
0.03121 -0.74824 -0.23806
-0.04072 -0.76976 -0.29244
-0.03295 -0.91856 -0.37191
-0.00348 -0.91697 -0.45979
0.06953 -0.89925 -0.51411
0.15819 -0.87216 -0.51411
0.22863 -0.84605 -0.45979
0.25396 -0.83089 -0.37191
0.22449 -0.83248 -0.28403
0.15148 -0.85020 -0.22971
0.06282 -0.87729 -0.22971
-0.00763 -0.90340 -0.28403
0.00594 -1.04497 -0.36193
0.03587 -1.04332 -0.44965
0.10811 -1.02242 -0.50387
0.19506 -0.99026 -0.50387
0.26350 -0.95912 -0.44965
0.28731 -0.94089 -0.36193
0.25737 -0.94254 -0.27421
0.18513 -0.96343 -0.21999
0.09819 -0.99560 -0.21999
0.02974 -1.02674 -0.27421
0.04893 -1.16026 -0.35052
0.07958 -1.15862 -0.43800
0.15083 -1.13425 -0.49207
0.23548 -1.09645 -0.49207
0.30119 -1.05967 -0.43800
0.32287 -1.03795 -0.35052
0.29222 -1.03959 -0.26304
0.22097 -1.06396 -0.20898
0.13632 -1.10176 -0.20898
0.07061 -1.13854 -0.26304
0.09557 -1.26361 -0.33773
0.12731 -1.26202 -0.42482
0.19727 -1.23370 -0.47864
0.27874 -1.18946 -0.47864
0.34060 -1.14620 -0.42482
0.35921 -1.12045 -0.33773
0.32747 -1.12204 -0.25064
0.25751 -1.15036 -0.19682
0.17604 -1.19460 -0.19682
0.11419 -1.23786 -0.25064
0.14575 -1.35456 -0.32361
0.17922 -1.35295 -0.41004
0.24740 -1.31990 -0.46346
0.32425 -1.26804 -0.46346
0.38040 -1.21718 -0.41004
0.39442 -1.18674 -0.32361
0.36095 -1.18835 -0.23717
0.29277 -1.22140 -0.18375
0.21593 -1.27326 -0.18375
0.15977 -1.32412 -0.23717
0.20022 -1.43311 -0.30821
0.23649 -1.43099 -0.39349
0.30195 -1.39187 -0.44621
0.37160 -1.33068 -0.44621
0.41883 -1.27081 -0.39349
0.42560 -1.23511 -0.30821
0.38933 -1.23723 -0.22292
0.32387 -1.27636 -0.17020
0.25423 -1.33754 -0.17020
0.20700 -1.39742 -0.22292
0.26184 -1.49951 -0.29159
0.30248 -1.49509 -0.37479
0.36310 -1.44739 -0.42621
0.42054 -1.37462 -0.42621
0.45286 -1.30458 -0.37479
0.44772 -1.26403 -0.29159
0.40707 -1.26844 -0.20838
0.34645 -1.31614 -0.15696
0.28902 -1.38891 -0.15696
0.25670 -1.45895 -0.20838
0.33789 -1.55205 -0.27382
0.38384 -1.53986 -0.35341
0.43389 -1.47929 -0.40259
0.46892 -1.39345 -0.40259
0.47555 -1.31515 -0.35341
0.45124 -1.27429 -0.27382
0.40529 -1.28648 -0.19423
0.35524 -1.34706 -0.14504
0.32021 -1.43289 -0.14504
0.31358 -1.51119 -0.19423
0.43825 -1.57795 -0.25497
0.48293 -1.54716 -0.33014
0.50784 -1.47090 -0.37659
0.50346 -1.37829 -0.37659
0.47148 -1.30472 -0.33014
0.42410 -1.27828 -0.25497
0.37942 -1.30907 -0.17980
0.35451 -1.38533 -0.13335
0.35888 -1.47793 -0.13335
0.39087 -1.55150 -0.17980
0.54587 -1.55196 -0.23511
0.56994 -1.50188 -0.30932
0.55337 -1.42303 -0.35518
0.50248 -1.34555 -0.35518
0.43671 -1.29901 -0.30932
0.38118 -1.30121 -0.23511
0.35711 -1.35129 -0.16091
0.37368 -1.43014 -0.11505
0.42457 -1.50762 -0.11505
0.49034 -1.55416 -0.16091
0.61808 -1.48785 -0.21433
0.61603 -1.43679 -0.29168
0.56607 -1.37504 -0.33949
0.48728 -1.32619 -0.33949
0.40976 -1.30890 -0.29168
0.36311 -1.32976 -0.21433
0.36516 -1.38082 -0.13698
0.41513 -1.44257 -0.08917
0.49392 -1.49142 -0.08917
0.57144 -1.50871 -0.13698
0.65583 -1.41583 -0.19270
0.63790 -1.37377 -0.27335
0.57166 -1.33227 -0.32320
0.48242 -1.30716 -0.32320
0.40426 -1.30804 -0.27335
0.36704 -1.33458 -0.19270
0.38497 -1.37663 -0.11205
0.45120 -1.41813 -0.06221
0.54044 -1.44324 -0.06221
0.61860 -1.44236 -0.11205
0.67452 -1.34026 -0.17031
0.64878 -1.30762 -0.25317
0.57582 -1.28215 -0.30438
0.48351 -1.27359 -0.30438
0.40711 -1.28520 -0.25317
0.37580 -1.31255 -0.17031
0.40154 -1.34519 -0.08745
0.47450 -1.37066 -0.03624
0.56681 -1.37922 -0.03624
0.64321 -1.36761 -0.08745
0.68093 -1.25805 -0.14725
0.65140 -1.23304 -0.23149
0.57589 -1.21957 -0.28356
0.48324 -1.22278 -0.28356
0.40884 -1.24145 -0.23149
0.38111 -1.26844 -0.14725
0.41064 -1.29345 -0.06301
0.48615 -1.30692 -0.01094
0.57880 -1.30371 -0.01094
0.65320 -1.28504 -0.06301
0.67708 -1.16716 -0.12361
0.64569 -1.14813 -0.20873
0.56948 -1.14385 -0.26134
0.47756 -1.15594 -0.26134
0.40506 -1.17980 -0.20873
0.37965 -1.20630 -0.12361
0.41105 -1.22533 -0.03848
0.48726 -1.22961 0.01413
0.57917 -1.21752 0.01413
0.65168 -1.19366 -0.03848
0.66345 -1.06700 -0.09948
0.63115 -1.05272 -0.18519
0.55513 -1.05574 -0.23816
0.46443 -1.07492 -0.23816
0.39369 -1.10293 -0.18519
0.36994 -1.12906 -0.09948
0.40224 -1.14334 -0.01376
0.47826 -1.14032 0.03921
0.56896 -1.12114 0.03921
0.63969 -1.09314 -0.01376
0.64005 -0.95788 -0.07495
0.60736 -0.94745 -0.16107
0.53200 -0.95651 -0.21430
0.44275 -0.98160 -0.21430
0.37371 -1.01313 -0.16107
0.35124 -1.03905 -0.07495
0.38393 -1.04948 0.01117
0.45929 -1.04042 0.06440
0.54853 -1.01533 0.06440
0.61758 -0.98380 0.01117
0.60683 -0.84062 -0.05013
0.57405 -0.83342 -0.13655
0.49962 -0.84762 -0.18996
0.41197 -0.87782 -0.18996
0.34458 -0.91247 -0.13655
0.32319 -0.93833 -0.05013
0.35597 -0.94554 0.03628
0.43040 -0.93133 0.08969
0.51805 -0.90114 0.08969
0.58544 -0.86649 0.03628
0.56382 -0.71641 -0.02512
0.53112 -0.71195 -0.11175
0.45779 -0.73067 -0.16529
0.37184 -0.76541 -0.16529
0.30610 -0.80290 -0.11175
0.28568 -0.82883 -0.02512
0.31838 -0.83329 0.06152
0.39171 -0.81457 0.11506
0.47766 -0.77984 0.11506
0.54340 -0.74234 0.06152
0.51118 -0.58663 -0.00000
0.47867 -0.58457 -0.08679
0.40657 -0.60731 -0.14044
0.32240 -0.64618 -0.14044
0.25833 -0.68632 -0.08679
0.23882 -0.71240 -0.00000
0.27133 -0.71447 0.08679
0.34343 -0.69173 0.14044
0.42760 -0.65286 0.14044
0.49167 -0.61272 0.08679
0.44921 -0.45280 0.02512
0.41697 -0.45286 -0.06180
0.34618 -0.47927 -0.11552
0.26388 -0.52196 -0.11552
0.20152 -0.56460 -0.06180
0.18290 -0.59092 0.02512
0.21514 -0.59086 0.11203
0.28592 -0.56445 0.16575
0.36822 -0.52177 0.16575
0.43059 -0.47912 0.11203
0.37836 -0.31651 0.05013
0.34644 -0.31849 -0.03688
0.27706 -0.34830 -0.09066
0.19672 -0.39456 -0.09066
0.13611 -0.43960 -0.03688
0.11838 -0.46622 0.05013
0.15030 -0.46425 0.13715
0.21968 -0.43444 0.19092
0.30002 -0.38818 0.19092
0.36063 -0.34313 0.13715
0.29925 -0.17942 0.07495
0.26769 -0.18314 -0.01213
0.19980 -0.21612 -0.06596
0.12151 -0.26578 -0.06596
0.06274 -0.31314 -0.01213
0.04592 -0.34011 0.07495
0.07748 -0.33639 0.16204
0.14537 -0.30340 0.21586
0.22366 -0.25374 0.21586
0.28243 -0.20638 0.16204
0.21266 -0.04314 0.09948
0.18148 -0.04848 0.01233
0.11516 -0.08448 -0.04152
0.03904 -0.13739 -0.04152
-0.01782 -0.18700 0.01233
-0.03369 -0.21436 0.09948
-0.00251 -0.20902 0.18662
0.06381 -0.17302 0.24047
0.13993 -0.12012 0.24047
0.19679 -0.07051 0.18662
0.11948 0.09069 0.12361
0.08871 0.08384 0.03642
0.02406 0.04497 -0.01746
-0.04978 -0.01108 -0.01746
-0.10461 -0.06290 0.03642
-0.11948 -0.09069 0.12361
-0.08871 -0.08384 0.21079
-0.02406 -0.04497 0.26467
0.04978 0.01108 0.26467
0.10461 0.06290 0.21079
0.02076 0.22053 0.14725
-0.00958 0.21225 0.06004
-0.07246 0.17060 0.00614
-0.14388 0.11149 0.00614
-0.19655 0.05750 0.06004
-0.21035 0.02925 0.14725
-0.18002 0.03753 0.23446
-0.11713 0.07918 0.28836
-0.04571 0.13829 0.28836
0.00696 0.19228 0.23446
-0.08236 0.34490 0.17031
-0.11224 0.33526 0.08309
-0.17324 0.29091 0.02918
-0.24207 0.22880 0.02918
-0.29242 0.17265 0.08309
-0.30507 0.14391 0.17031
-0.27519 0.15356 0.25754
-0.21419 0.19791 0.31144
-0.14536 0.26002 0.31144
-0.09501 0.31616 0.25754
-0.18863 0.46245 0.19270
-0.21805 0.45148 0.10547
-0.27703 0.40448 0.05156
-0.34305 0.33940 0.05156
-0.39090 0.28111 0.10547
-0.40229 0.25186 0.19270
-0.37288 0.26282 0.27993
-0.31390 0.30982 0.33384
-0.24787 0.37490 0.33384
-0.20003 0.43320 0.27993
-0.29677 0.57193 0.21433
-0.32569 0.55966 0.12711
-0.38248 0.51003 0.07321
-0.44545 0.44200 0.07321
-0.49055 0.38154 0.12711
-0.50055 0.35176 0.21433
-0.47162 0.36403 0.30155
-0.41483 0.41366 0.35546
-0.35186 0.48170 0.35546
-0.30676 0.54215 0.30155
-0.40542 0.67225 0.23511
-0.43382 0.65869 0.14792
-0.48821 0.60643 0.09402
-0.54781 0.53542 0.09402
-0.58985 0.47279 0.14792
-0.59828 0.44246 0.23511
-0.56987 0.45602 0.32231
-0.51549 0.50829 0.37620
-0.45589 0.57930 0.37620
-0.41385 0.64193 0.32231
-0.51326 0.76250 0.25497
-0.54112 0.74762 0.16781
-0.59282 0.69268 0.11394
-0.64863 0.61865 0.11394
-0.68721 0.55381 0.16781
-0.69384 0.52293 0.25497
-0.66598 0.53781 0.34213
-0.61428 0.59275 0.39600
-0.55847 0.66678 0.39600
-0.51989 0.73162 0.34213
-0.61902 0.84191 0.27382
-0.64629 0.82566 0.18672
-0.69493 0.76795 0.13289
-0.74637 0.69082 0.13289
-0.78095 0.62374 0.18672
-0.78548 0.59232 0.27382
-0.75821 0.60857 0.36092
-0.70956 0.66628 0.41475
-0.65813 0.74340 0.41475
-0.62354 0.81049 0.36092
-0.72157 0.90991 0.29159
-0.74818 0.89218 0.20457
-0.79322 0.83157 0.15079
-0.83949 0.75123 0.15079
-0.86931 0.68186 0.20457
-0.87130 0.64994 0.29159
-0.84469 0.66768 0.37860
-0.79965 0.72829 0.43238
-0.75338 0.80862 0.43238
-0.72356 0.87799 0.37860
-0.82005 0.96611 0.30821
-0.84589 0.94669 0.22132
-0.88651 0.88297 0.16761
-0.92642 0.79930 0.16761
-0.95036 0.72762 0.22132
-0.94919 0.69532 0.30821
-0.92336 0.71474 0.39509
-0.88273 0.77846 0.44880
-0.84282 0.86214 0.44880
-0.81888 0.93381 0.39509
-0.91410 1.01019 0.32361
-0.93893 0.98874 0.23690
-0.97385 0.92163 0.18332
-1.00554 0.83451 0.18332
-1.02188 0.76065 0.23690
-1.01664 0.72826 0.32361
-0.99182 0.74971 0.41031
-0.95689 0.81682 0.46390
-0.92521 0.90394 0.46390
-0.90886 0.97780 0.41031
-1.00435 1.04172 0.33773
-1.02765 1.01761 0.25130
-1.05464 0.94681 0.19789
-1.07503 0.85638 0.19789
-1.08101 0.78084 0.25130
-1.07030 0.74906 0.33773
-1.04700 0.77318 0.42416
-1.02000 0.84398 0.47757
-0.99962 0.93441 0.47757
-0.99364 1.00995 0.42416
-1.09322 1.05922 0.35052
-1.11371 1.03137 0.26451
-1.12865 0.95690 0.21135
-1.13235 0.86427 0.21135
-1.12339 0.78886 0.26451
-1.10519 0.75946 0.35052
-1.08470 0.78731 0.43654
-1.06975 0.86177 0.48970
-1.06606 0.95441 0.48970
-1.07502 1.02982 0.43654
-1.18563 1.05703 0.36193
-1.19975 1.02406 0.27644
-1.19481 0.94805 0.22361
-1.17270 0.85802 0.22361
-1.14186 0.78836 0.27644
-1.11407 0.76569 0.36193
-1.09995 0.79866 0.44742
-1.10489 0.87467 0.50025
-1.12700 0.96470 0.50025
-1.15784 1.03436 0.44742
-1.28204 1.01899 0.37191
-1.28162 0.98262 0.28664
-1.24553 0.91543 0.23394
-1.18756 0.84308 0.23394
-1.12986 0.79322 0.28664
-1.09445 0.78487 0.37191
-1.09488 0.82124 0.45718
-1.13097 0.88843 0.50988
-1.18894 0.96078 0.50988
-1.24664 1.01065 0.45718
-1.35384 0.93471 0.38042
-1.33364 0.90713 0.29425
-1.26755 0.86983 0.24099
-1.18084 0.83706 0.24099
-1.10660 0.82133 0.29425
-1.07321 0.82865 0.38042
-1.09342 0.85622 0.46659
-1.15950 0.89352 0.51985
-1.24621 0.92630 0.51985
-1.32045 0.94203 0.46659
-1.37457 0.84039 0.38743
-1.34512 0.83042 0.30010
-1.26977 0.82845 0.24613
-1.17731 0.83524 0.24613
-1.10306 0.84820 0.30010
-1.07538 0.86237 0.38743
-1.10484 0.87235 0.47477
-1.18018 0.87431 0.52874
-1.27264 0.86752 0.52874
-1.34689 0.85457 0.47477
-1.36278 0.75994 0.39291
-1.33354 0.76348 0.30501
-1.26173 0.78553 0.25068
-1.17478 0.81767 0.25068
-1.10589 0.84763 0.30501
-1.08138 0.86395 0.39291
-1.11062 0.86042 0.48082
-1.18243 0.83836 0.53515
-1.26938 0.80622 0.53515
-1.33827 0.77627 0.48082
-1.33348 0.68782 0.39685
-1.30717 0.69962 0.30874
-1.24165 0.73617 0.25429
-1.16194 0.78350 0.25429
-1.09848 0.82353 0.30874
-1.07553 0.84098 0.39685
-1.10184 0.82918 0.48495
-1.16736 0.79264 0.53941
-1.24708 0.74531 0.53941
-1.31053 0.70527 0.48495
-1.29035 0.61754 0.39921
-1.26721 0.63446 0.31105
-1.20775 0.68017 0.25656
-1.13468 0.73723 0.25656
-1.07592 0.78383 0.31105
-1.05390 0.80218 0.39921
-1.07704 0.78527 0.48737
-1.13649 0.73955 0.54186
-1.20956 0.68249 0.54186
-1.26833 0.63589 0.48737
-1.23381 0.54627 0.40000
-1.21357 0.56655 0.31184
-1.15949 0.61853 0.25735
-1.09224 0.68234 0.25735
-1.03750 0.73361 0.31184
-1.01619 0.75277 0.40000
-1.03643 0.73248 0.48816
-1.09051 0.68051 0.54265
-1.15776 0.61670 0.54265
-1.21250 0.56543 0.48816
-1.16391 0.47326 0.39921
-1.14624 0.49590 0.31107
-1.09693 0.55243 0.25659
-1.03483 0.62125 0.25659
-0.98364 0.67609 0.31107
-0.96293 0.69598 0.39921
-0.98060 0.67334 0.48735
-1.02991 0.61681 0.54183
-1.09201 0.54799 0.54183
-1.14320 0.49315 0.48735
-1.08083 0.39873 0.39685
-1.06548 0.42311 0.30873
-1.02048 0.48314 0.25427
-0.96302 0.55589 0.25427
-0.91506 0.61357 0.30873
-0.89490 0.63416 0.39685
-0.91025 0.60978 0.48496
-0.95525 0.54975 0.53942
-1.01271 0.47700 0.53942
-1.06068 0.41931 0.48496
-0.98504 0.32339 0.39291
-0.97181 0.34910 0.30483
-0.93078 0.41193 0.25040
-0.87762 0.48788 0.25040
-0.83263 0.54794 0.30483
-0.81300 0.56916 0.39291
-0.82623 0.54345 0.48100
-0.86726 0.48063 0.53543
-0.92043 0.40468 0.53543
-0.96541 0.34462 0.48100
-0.87724 0.24818 0.38743
-0.86600 0.27494 0.29939
-0.82870 0.34007 0.24497
-0.77959 0.41870 0.24497
-0.73741 0.48078 0.29939
-0.71829 0.50262 0.38743
-0.72953 0.47586 0.47548
-0.76683 0.41073 0.52989
-0.81595 0.33210 0.52989
-0.85812 0.27002 0.47548
-0.75837 0.17413 0.38042
-0.74904 0.20174 0.29242
-0.71531 0.26880 0.23802
-0.67006 0.34972 0.23802
-0.63058 0.41357 0.29242
-0.61195 0.43597 0.38042
-0.62128 0.40837 0.46843
-0.65501 0.34130 0.52282
-0.70026 0.26039 0.52282
-0.73974 0.19653 0.46843
-0.62957 0.10229 0.37191
-0.62208 0.13058 0.28395
-0.59182 0.19930 0.22958
-0.55033 0.28220 0.22958
-0.51346 0.34762 0.28395
-0.49530 0.37056 0.37191
-0.50278 0.34227 0.45988
-0.53305 0.27355 0.51424
-0.57454 0.19065 0.51424
-0.61140 0.12523 0.45988
-0.49214 0.03367 0.36193
-0.48649 0.06252 0.27401
-0.45963 0.13267 0.21967
-0.42183 0.21732 0.21967
-0.38752 0.28413 0.27401
-0.36981 0.30760 0.36193
-0.37546 0.27875 0.44985
-0.40232 0.20860 0.50419
-0.44012 0.12395 0.50419
-0.47443 0.05714 0.44985
-0.34756 -0.03075 0.35052
-0.34374 -0.00144 0.26265
-0.32028 0.06993 0.20835
-0.28613 0.15612 0.20835
-0.25435 0.22420 0.26265
-0.23706 0.24816 0.35052
-0.24087 0.21886 0.43839
-0.26434 0.14748 0.49270
-0.29848 0.06130 0.49270
-0.33027 -0.00678 0.43839
-0.19740 -0.09009 0.33773
-0.19545 -0.06044 0.24992
-0.17540 0.01200 0.19565
-0.14491 0.09955 0.19565
-0.11563 0.16877 0.24992
-0.09874 0.19322 0.33773
-0.10069 0.16356 0.42554
-0.12074 0.09113 0.47981
-0.15123 0.00358 0.47981
-0.18051 -0.06564 0.42554
-0.04335 -0.14360 0.32361
-0.04333 -0.11368 0.23586
-0.02675 -0.04034 0.18163
0.00005 0.04841 0.18163
0.02682 0.11866 0.23586
0.04335 0.14360 0.32361
0.04333 0.11368 0.41135
0.02675 0.04034 0.46558
-0.00005 -0.04841 0.46558
-0.02682 -0.11866 0.41135
0.11283 -0.19061 0.30821
0.11085 -0.16053 0.22054
0.12387 -0.08644 0.16636
0.14690 0.00336 0.16636
0.17116 0.07456 0.22054
0.18737 0.09998 0.30821
0.18935 0.06990 0.39587
0.17634 -0.00419 0.45005
0.15330 -0.09399 0.45005
0.12904 -0.16520 0.39587
0.26936 -0.23062 0.29159
0.26526 -0.20048 0.20402
0.27457 -0.12579 0.14990
0.29375 -0.03509 0.14990
0.31545 0.03698 0.20402
0.33140 0.06289 0.29159
0.33550 0.03274 0.37916
0.32618 -0.04195 0.43328
0.30701 -0.13265 0.43328
0.28531 -0.20472 0.37916
0.42443 -0.26325 0.27382
0.41805 -0.23316 0.18637
0.42348 -0.15803 0.13232
0.43865 -0.06658 0.13232
0.45775 0.00628 0.18637
0.47350 0.03271 0.27382
0.47987 0.00261 0.36127
0.47444 -0.07251 0.41532
0.45928 -0.16397 0.41532
0.44018 -0.23683 0.36127
0.57626 -0.28827 0.25497
0.56740 -0.25836 0.16767
0.56870 -0.18299 0.11371
0.57966 -0.09093 0.11371
0.59608 -0.01736 0.16767
0.61171 0.00963 0.25497
0.62057 -0.02027 0.34227
0.61927 -0.09565 0.39623
0.60831 -0.18770 0.39623
0.59189 -0.26128 0.34227
0.72313 -0.30557 0.23511
0.71153 -0.27604 0.14801
0.70836 -0.20063 0.09417
0.71484 -0.10815 0.09417
0.72849 -0.03393 0.14801
0.74409 -0.00630 0.23511
0.75569 -0.03583 0.32222
0.75886 -0.11124 0.37606
0.75238 -0.20371 0.37606
0.73873 -0.27794 0.32222
0.86342 -0.31519 0.21433
0.84873 -0.28628 0.12748
0.84066 -0.21112 0.07381
0.84229 -0.11843 0.07381
0.85300 -0.04361 0.12748
0.86870 -0.01523 0.21433
0.88339 -0.04414 0.30118
0.89146 -0.11930 0.35485
0.88983 -0.21199 0.35485
0.87912 -0.28681 0.30118
0.99566 -0.31726 0.19270
0.97742 -0.28933 0.10621
0.96385 -0.21481 0.05275
0.96012 -0.12218 0.05275
0.96768 -0.04682 0.10621
0.98362 -0.01751 0.19270
1.00186 -0.04544 0.27919
1.01544 -0.11996 0.33265
1.01916 -0.21259 0.33265
1.01160 -0.28795 0.27919
1.11860 -0.31200 0.17031
1.09620 -0.28557 0.08432
1.07630 -0.21226 0.03118
1.06651 -0.12008 0.03118
1.07057 -0.04422 0.08432
1.08692 -0.01368 0.17031
1.10932 -0.04011 0.25630
1.12922 -0.11342 0.30944
1.13901 -0.20561 0.30944
1.13495 -0.28146 0.25630
1.23130 -0.29958 0.14725
1.20393 -0.27552 0.06201
1.17657 -0.20432 0.00933
1.15967 -0.11316 0.00933
1.15969 -0.03688 0.06201
1.17661 -0.00461 0.14725
1.20398 -0.02867 0.23249
1.23135 -0.09987 0.28517
1.24824 -0.19103 0.28517
1.24823 -0.26731 0.23249
1.33330 -0.27997 0.12361
1.29992 -0.25974 0.03952
1.26349 -0.19217 -0.01245
1.23791 -0.10306 -0.01245
1.23297 -0.02645 0.03952
1.25054 0.00839 0.12361
1.28392 -0.01183 0.20770
1.32035 -0.07940 0.25967
1.34593 -0.16851 0.25967
1.35087 -0.24512 0.20770
1.42484 -0.25243 0.09948
1.38431 -0.23870 0.01724
1.33660 -0.17759 -0.03358
1.29993 -0.09244 -0.03358
1.28831 -0.01579 0.01724
1.30618 0.02310 0.09948
1.34671 0.00937 0.18171
1.39443 -0.05174 0.23254
1.43110 -0.13689 0.23254
1.44271 -0.21355 0.18171
1.50703 -0.21435 0.07495
1.45888 -0.21204 -0.00423
1.39731 -0.16295 -0.05317
1.34586 -0.08584 -0.05317
1.32416 -0.01015 -0.00423
1.34051 0.03520 0.07495
1.38866 0.03289 0.15414
1.45023 -0.01620 0.20308
1.50168 -0.09331 0.20308
1.52338 -0.16900 0.15414
1.58050 -0.15826 0.05013
1.52819 -0.17578 -0.02437
1.45210 -0.14962 -0.07042
1.38130 -0.08978 -0.07042
1.34282 -0.01912 -0.02437
1.35137 0.03538 0.05013
1.40368 0.05289 0.12464
1.47977 0.02674 0.17069
1.55057 -0.03310 0.17069
1.58905 -0.10376 0.12464
1.63614 -0.07081 0.02512
1.59426 -0.11537 -0.04456
1.51310 -0.12779 -0.08762
1.42368 -0.10334 -0.08762
1.36015 -0.05134 -0.04456
1.34677 0.00833 0.02512
1.38865 0.05289 0.09479
1.46981 0.06531 0.13785
1.55923 0.04085 0.13785
1.62276 -0.01114 0.09479
1.64469 0.03957 0.00000
1.63131 -0.02010 -0.06967
1.56777 -0.07210 -0.11273
1.47835 -0.09655 -0.11273
1.39720 -0.08413 -0.06967
1.35531 -0.03957 0.00000
1.36869 0.02010 0.06967
1.43223 0.07210 0.11273
1.52165 0.09655 0.11273
1.60280 0.08413 0.06967
1.60602 0.12806 -0.02512
1.61457 0.07356 -0.09962
1.57609 0.00290 -0.14567
1.50529 -0.05694 -0.14567
1.42920 -0.08309 -0.09962
1.37689 -0.06558 -0.02512
1.36834 -0.01108 0.04939
1.40682 0.05958 0.09544
1.47762 0.11942 0.09544
1.55371 0.14558 0.04939
1.54919 0.18621 -0.05013
1.56554 0.14086 -0.12932
1.54385 0.06518 -0.17826
1.49239 -0.01194 -0.17826
1.43083 -0.06102 -0.12932
1.38268 -0.06333 -0.05013
1.36633 -0.01798 0.02905
1.38802 0.05770 0.07799
1.43948 0.13482 0.07799
1.50104 0.18390 0.02905
1.48310 0.22734 -0.07495
1.50097 0.18846 -0.15719
1.48935 0.11180 -0.20801
1.45268 0.02666 -0.20801
1.40497 -0.03446 -0.15719
1.36444 -0.04819 -0.07495
1.34657 -0.00930 0.00728
1.35819 0.06735 0.05811
1.39486 0.15250 0.05811
1.44257 0.21361 0.00728
1.40689 0.25884 -0.09948
1.42447 0.22400 -0.18357
1.41952 0.14739 -0.23554
1.39394 0.05828 -0.23554
1.35751 -0.00929 -0.18357
1.32413 -0.02951 -0.09948
1.30656 0.00533 -0.01539
1.31151 0.08194 0.03658
1.33708 0.17105 0.03658
1.37351 0.23862 -0.01539
1.31927 0.28327 -0.12361
1.33619 0.25100 -0.20885
1.33621 0.17472 -0.26153
1.31931 0.08357 -0.26153
1.29195 0.01236 -0.20885
1.26458 -0.01170 -0.12361
1.24765 0.02057 -0.03837
1.24763 0.09686 0.01432
1.26453 0.18801 0.01432
1.29189 0.25921 -0.03837
1.21980 0.30126 -0.14725
1.23615 0.27071 -0.23324
1.24020 0.19486 -0.28638
1.23041 0.10267 -0.28638
1.21052 0.02936 -0.23324
1.18812 0.00293 -0.14725
1.17176 0.03348 -0.06126
1.16771 0.10933 -0.00812
1.17750 0.20152 -0.00812
1.19739 0.27483 -0.06126
1.10878 0.31272 -0.17031
1.12472 0.28341 -0.25680
1.13227 0.20805 -0.31026
1.12855 0.11542 -0.31026
1.11498 0.04090 -0.25680
1.09674 0.01296 -0.17031
1.08080 0.04227 -0.08382
1.07324 0.11764 -0.03036
1.07696 0.21027 -0.03036
1.09054 0.28478 -0.08382
0.98700 0.31736 -0.19270
1.00270 0.28899 -0.27955
1.01341 0.21416 -0.33322
1.01504 0.12147 -0.33322
1.00697 0.04632 -0.27955
0.99228 0.01741 -0.19270
0.97658 0.04578 -0.10585
0.96587 0.12061 -0.05218
0.96424 0.21330 -0.05218
0.97231 0.28845 -0.10585
0.85558 0.31484 -0.21433
0.87118 0.28722 -0.30144
0.88483 0.21299 -0.35527
0.89131 0.12051 -0.35527
0.88814 0.04511 -0.30144
0.87654 0.01558 -0.21433
0.86094 0.04320 -0.12722
0.84729 0.11743 -0.07339
0.84081 0.20991 -0.07339
0.84398 0.28531 -0.12722
0.71589 0.30488 -0.23511
0.73151 0.27789 -0.32242
0.74794 0.20432 -0.37637
0.75890 0.11226 -0.37637
0.76019 0.03689 -0.32242
0.75134 0.00698 -0.23511
0.73571 0.03397 -0.14781
0.71928 0.10755 -0.09386
0.70833 0.19960 -0.09386
0.70703 0.27498 -0.14781
0.56945 0.28730 -0.25497
0.58520 0.26087 -0.34242
0.60430 0.18801 -0.39647
0.61947 0.09656 -0.39647
0.62490 0.02143 -0.34242
0.61852 -0.00866 -0.25497
0.60277 0.01777 -0.16752
0.58367 0.09062 -0.11347
0.56850 0.18208 -0.11347
0.56307 0.25720 -0.16752
0.41794 0.26203 -0.27382
0.43389 0.23612 -0.36139
0.45560 0.16405 -0.41551
0.47477 0.07335 -0.41551
0.48408 -0.00134 -0.36139
0.47998 -0.03148 -0.27382
0.46403 -0.00557 -0.18625
0.44233 0.06650 -0.13213
0.42316 0.15720 -0.13213
0.41384 0.23188 -0.18625
0.26311 0.22916 -0.29159
0.27932 0.20375 -0.37925
0.30358 0.13254 -0.43343
0.32661 0.04274 -0.43343
0.33963 -0.03135 -0.37925
0.33765 -0.06143 -0.29159
0.32144 -0.03601 -0.20392
0.29718 0.03519 -0.14974
0.27414 0.12499 -0.14974
0.26113 0.19908 -0.20392
0.10675 0.18892 -0.30821
0.12328 0.16398 -0.39595
0.15005 0.09372 -0.45018
0.17685 0.00497 -0.45018
0.19343 -0.06836 -0.39595
0.19346 -0.09828 -0.30821
0.17692 -0.07335 -0.22046
0.15015 -0.00309 -0.16623
0.12335 0.08566 -0.16623
0.10677 0.15900 -0.22046
-0.04933 0.14166 -0.32361
-0.03244 0.11720 -0.41142
-0.00316 0.04798 -0.46569
0.02733 -0.03956 -0.46569
0.04738 -0.11200 -0.41142
0.04933 -0.14166 -0.32361
0.03244 -0.11720 -0.23579
0.00316 -0.04798 -0.18152
-0.02733 0.03956 -0.18152
-0.04738 0.11200 -0.23579
-0.20332 0.08789 -0.33773
-0.18603 0.06393 -0.42560
-0.15425 -0.00415 -0.47991
-0.12010 -0.09034 -0.47991
-0.09664 -0.16172 -0.42560
-0.09282 -0.19102 -0.33773
-0.11011 -0.16705 -0.24986
-0.14190 -0.09898 -0.19556
-0.17604 -0.01279 -0.19556
-0.19950 0.05859 -0.24986
-0.35347 0.02825 -0.35052
-0.33576 0.00479 -0.43844
-0.30145 -0.06203 -0.49278
-0.26365 -0.14667 -0.49278
-0.23679 -0.21682 -0.43844
-0.23114 -0.24567 -0.35052
-0.24885 -0.22221 -0.26260
-0.28316 -0.15539 -0.20827
-0.32097 -0.07074 -0.20827
-0.34782 -0.00060 -0.26260
-0.49811 -0.03650 -0.36193
-0.47995 -0.05944 -0.44990
-0.44308 -0.12486 -0.50426
-0.40159 -0.20776 -0.50426
-0.37132 -0.27648 -0.44990
-0.36384 -0.30477 -0.36193
-0.38200 -0.28183 -0.27397
-0.41887 -0.21641 -0.21960
-0.46036 -0.13351 -0.21960
-0.49063 -0.06479 -0.27397
-0.63564 -0.10550 -0.37191
-0.61701 -0.12791 -0.45992
-0.57753 -0.19176 -0.51431
-0.53229 -0.27267 -0.51431
-0.49856 -0.33974 -0.45992
-0.48922 -0.36735 -0.37191
-0.50786 -0.34494 -0.28390
-0.54733 -0.28109 -0.22951
-0.59258 -0.20018 -0.22951
-0.62631 -0.13311 -0.28390
-0.76463 -0.17784 -0.38042
-0.74551 -0.19967 -0.46847
-0.70334 -0.26176 -0.52288
-0.65422 -0.34038 -0.52288
-0.61692 -0.40551 -0.46847
-0.60568 -0.43227 -0.38042
-0.62481 -0.41044 -0.29238
-0.66698 -0.34835 -0.23796
-0.71610 -0.26973 -0.23796
-0.75340 -0.20460 -0.29238
-0.88378 -0.25251 -0.38743
-0.86416 -0.27374 -0.47551
-0.81917 -0.33380 -0.52995
-0.76601 -0.40975 -0.52995
-0.72498 -0.47258 -0.47551
-0.71175 -0.49829 -0.38743
-0.73138 -0.47706 -0.29935
-0.77636 -0.41700 -0.24491
-0.82953 -0.34105 -0.24491
-0.87056 -0.27822 -0.29935
-0.99199 -0.32856 -0.39291
-0.97183 -0.34915 -0.48103
-0.92387 -0.40683 -0.53549
-0.86641 -0.47959 -0.53549
-0.82141 -0.53962 -0.48103
-0.80605 -0.56399 -0.39291
-0.82621 -0.54341 -0.30480
-0.87418 -0.48572 -0.25034
-0.93164 -0.41297 -0.25034
-0.97664 -0.35294 -0.30480
-1.08836 -0.40508 -0.39685
-1.06764 -0.42498 -0.48499
-1.01646 -0.47981 -0.53947
-0.95435 -0.54864 -0.53947
-0.90505 -0.60517 -0.48499
-0.88738 -0.62781 -0.39685
-0.90809 -0.60791 -0.30870
-0.95927 -0.55308 -0.25423
-1.02138 -0.48425 -0.25423
-1.07068 -0.42772 -0.30870
-1.17223 -0.48137 -0.39921
-1.15092 -0.50053 -0.48738
-1.09618 -0.55180 -0.54186
-1.02893 -0.61561 -0.54186
-0.97485 -0.66758 -0.48738
-0.95461 -0.68787 -0.39921
-0.97593 -0.66871 -0.31105
-1.03066 -0.61744 -0.25656
-1.09791 -0.55363 -0.25656
-1.15199 -0.50166 -0.31105
-1.24322 -0.55720 -0.40000
-1.22120 -0.57555 -0.48816
-1.16244 -0.62215 -0.54265
-1.08937 -0.67921 -0.54265
-1.02991 -0.72492 -0.48816
-1.00678 -0.74184 -0.40000
-1.02880 -0.72349 -0.31184
-1.08756 -0.67689 -0.25735
-1.16063 -0.61983 -0.25735
-1.22009 -0.57411 -0.31184
-1.30110 -0.63328 -0.39921
-1.27814 -0.65073 -0.48732
-1.21469 -0.69077 -0.54177
-1.13498 -0.73810 -0.54177
-1.06945 -0.77464 -0.48732
-1.04314 -0.78644 -0.39921
-1.06610 -0.76899 -0.31110
-1.12955 -0.72896 -0.25665
-1.20926 -0.68163 -0.25665
-1.27479 -0.64508 -0.31110
-1.34520 -0.71240 -0.39685
-1.32069 -0.72872 -0.48475
-1.25181 -0.75868 -0.53908
-1.16485 -0.79082 -0.53908
-1.09304 -0.81287 -0.48475
-1.06381 -0.81641 -0.39685
-1.08832 -0.80008 -0.30894
-1.15720 -0.77013 -0.25461
-1.24416 -0.73799 -0.25461
-1.31597 -0.71593 -0.30894
-1.37168 -0.80096 -0.39291
-1.34399 -0.81513 -0.48025
-1.26974 -0.82809 -0.53422
-1.17729 -0.83488 -0.53422
-1.10194 -0.83291 -0.48025
-1.07248 -0.82294 -0.39291
-1.10017 -0.80876 -0.30558
-1.17442 -0.79581 -0.25161
-1.26687 -0.78901 -0.25161
-1.34222 -0.79098 -0.30558
-1.36529 -0.90441 -0.38743
-1.33190 -0.91173 -0.47361
-1.25767 -0.89600 -0.52686
-1.17095 -0.86322 -0.52686
-1.10487 -0.82593 -0.47361
-1.08466 -0.79835 -0.38743
-1.11806 -0.79103 -0.30126
-1.19229 -0.80676 -0.24800
-1.27901 -0.83954 -0.24800
-1.34509 -0.87684 -0.30126
-1.30732 -0.99874 -0.38042
-1.27192 -0.99039 -0.46569
-1.21421 -0.94052 -0.51840
-1.15624 -0.86818 -0.51840
-1.12016 -0.80099 -0.46569
-1.11973 -0.76462 -0.38042
-1.15513 -0.77296 -0.29515
-1.21284 -0.82283 -0.24245
-1.27081 -0.89518 -0.24245
-1.30690 -0.96237 -0.29515
-1.22403 -1.04760 -0.37191
-1.19624 -1.02493 -0.45740
-1.16540 -0.95527 -0.51023
-1.14329 -0.86524 -0.51023
-1.13835 -0.78923 -0.45740
-1.15247 -0.75626 -0.37191
-1.18026 -0.77893 -0.28642
-1.21110 -0.84859 -0.23359
-1.23321 -0.93862 -0.23359
-1.23815 -1.01463 -0.28642
-1.14387 -1.06124 -0.36193
-1.12567 -1.03185 -0.44795
-1.11670 -0.95643 -0.50111
-1.12040 -0.86380 -0.50111
-1.13535 -0.78933 -0.44795
-1.15584 -0.76148 -0.36193
-1.17404 -0.79088 -0.27591
-1.18300 -0.86630 -0.22275
-1.17930 -0.95893 -0.22275
-1.16435 -1.03339 -0.27591
-1.06622 -1.05567 -0.35052
-1.05552 -1.02389 -0.43695
-1.06150 -0.94836 -0.49037
-1.08188 -0.85792 -0.49037
-1.10888 -0.78712 -0.43695
-1.13218 -0.76301 -0.35052
-1.14288 -0.79479 -0.26409
-1.13690 -0.87032 -0.21068
-1.11652 -0.96076 -0.21068
-1.08953 -1.03155 -0.26409
-0.98606 -1.03636 -0.33773
-0.98081 -1.00397 -0.42444
-0.99716 -0.93011 -0.47802
-1.02884 -0.84299 -0.47802
-1.06377 -0.77588 -0.42444
-1.08859 -0.75443 -0.33773
-1.09383 -0.78682 -0.25103
-1.07749 -0.86068 -0.19744
-1.04580 -0.94780 -0.19744
-1.01088 -1.01491 -0.25103
-0.90080 -1.00462 -0.32361
-0.89963 -0.97232 -0.41050
-0.92357 -0.90065 -0.46420
-0.96348 -0.81697 -0.46420
-1.00411 -0.75325 -0.41050
-1.02994 -0.73383 -0.32361
-1.03111 -0.76613 -0.23672
-1.00717 -0.83781 -0.18302
-0.96727 -0.92148 -0.18302
-0.92664 -0.98520 -0.23672
-0.80976 -0.96070 -0.30821
-0.81175 -0.92878 -0.39522
-0.84157 -0.85941 -0.44900
-0.88783 -0.77907 -0.44900
-0.93287 -0.71846 -0.39522
-0.95948 -0.70073 -0.30821
-0.95750 -0.73265 -0.22119
-0.92768 -0.80202 -0.16741
-0.88141 -0.88236 -0.16741
-0.83637 -0.94297 -0.22119
-0.71321 -0.90472 -0.29159
-0.71773 -0.87330 -0.37869
-0.75231 -0.80622 -0.43252
-0.80375 -0.72909 -0.43252
-0.85239 -0.67138 -0.37869
-0.87966 -0.65513 -0.29159
-0.87514 -0.68655 -0.20449
-0.84056 -0.75364 -0.15065
-0.78912 -0.83076 -0.15065
-0.74048 -0.88847 -0.20449
-0.61196 -0.83690 -0.27382
-0.61859 -0.80602 -0.36098
-0.65717 -0.74118 -0.41485
-0.71298 -0.66715 -0.41485
-0.76468 -0.61221 -0.36098
-0.79254 -0.59733 -0.27382
-0.78591 -0.62821 -0.18666
-0.74732 -0.69304 -0.13279
-0.69152 -0.76707 -0.13279
-0.63982 -0.82202 -0.18666
-0.50712 -0.75761 -0.25497
-0.51555 -0.72729 -0.34217
-0.55759 -0.66466 -0.39606
-0.61719 -0.59365 -0.39606
-0.67158 -0.54138 -0.34217
-0.69998 -0.52782 -0.25497
-0.69155 -0.55815 -0.16777
-0.64951 -0.62077 -0.11388
-0.58991 -0.69178 -0.11388
-0.53552 -0.74405 -0.16777
-0.39996 -0.66744 -0.23511
-0.40996 -0.63766 -0.32233
-0.45505 -0.57721 -0.37624
-0.51803 -0.50917 -0.37624
-0.57482 -0.45954 -0.32233
-0.60374 -0.44727 -0.23511
-0.59374 -0.47706 -0.14789
-0.54864 -0.53751 -0.09399
-0.48567 -0.60555 -0.09399
-0.42888 -0.65518 -0.14789
-0.29183 -0.56714 -0.21433
-0.30322 -0.53789 -0.30156
-0.35107 -0.47960 -0.35547
-0.41709 -0.41452 -0.35547
-0.47607 -0.36752 -0.30156
-0.50548 -0.35655 -0.21433
-0.49409 -0.38580 -0.12710
-0.44624 -0.44410 -0.07319
-0.38022 -0.50917 -0.07319
-0.32124 -0.55617 -0.12710
-0.18410 -0.45765 -0.19270
-0.19676 -0.42891 -0.27993
-0.24711 -0.37276 -0.33383
-0.31593 -0.31065 -0.33383
-0.37694 -0.26630 -0.27993
-0.40682 -0.25666 -0.19270
-0.39417 -0.28540 -0.10548
-0.34381 -0.34154 -0.05157
-0.27499 -0.40365 -0.05157
-0.21399 -0.44800 -0.10548
-0.07816 -0.34005 -0.17031
-0.09196 -0.31180 -0.25752
-0.14463 -0.25780 -0.31142
-0.21605 -0.19870 -0.31142
-0.27894 -0.15705 -0.25752
-0.30927 -0.14877 -0.17031
-0.29547 -0.17702 -0.08310
-0.24280 -0.23101 -0.02920
-0.17138 -0.29012 -0.02920
-0.10849 -0.33177 -0.08310
0.02468 -0.21558 -0.14725
0.00981 -0.18779 -0.23443
-0.04501 -0.13597 -0.28831
-0.11886 -0.07992 -0.28831
-0.18351 -0.04105 -0.23443
-0.21428 -0.03420 -0.14725
-0.19941 -0.06199 -0.06007
-0.14458 -0.11381 -0.00619
-0.07074 -0.16986 -0.00619
-0.00608 -0.20873 -0.06007
0.12317 -0.08561 -0.12361
0.10730 -0.05824 -0.21075
0.05045 -0.00864 -0.26461
-0.02568 0.04427 -0.26461
-0.09199 0.08027 -0.21075
-0.12317 0.08561 -0.12361
-0.10730 0.05824 -0.03646
-0.05045 0.00864 0.01739
0.02568 -0.04427 0.01739
0.09199 -0.08027 -0.03646
0.21615 0.04840 -0.09948
0.19933 0.07537 -0.18656
0.14056 0.12273 -0.24038
0.06227 0.17239 -0.24038
-0.00562 0.20538 -0.18656
-0.03718 0.20910 -0.09948
-0.02037 0.18213 -0.01239
0.03841 0.13477 0.04143
0.11670 0.08511 0.04143
0.18459 0.05212 -0.01239
0.30257 0.18491 -0.07495
0.28484 0.21153 -0.16197
0.22424 0.25657 -0.21574
0.14390 0.30283 -0.21574
0.07452 0.33264 -0.16197
0.04260 0.33461 -0.07495
0.06033 0.30800 0.01206
0.12093 0.26295 0.06584
0.20127 0.21669 0.06584
0.27065 0.18688 0.01206
0.38153 0.32231 -0.05013
0.36291 0.34863 -0.13705
0.30054 0.39127 -0.19077
0.21824 0.43395 -0.19077
0.14745 0.46037 -0.13705
0.11521 0.46043 -0.05013
0.13383 0.43411 0.03678
0.19620 0.39146 0.09050
0.27850 0.34878 0.09050
0.34928 0.32236 0.03678
0.45223 0.45898 -0.02512
0.43272 0.48506 -0.11191
0.36865 0.52520 -0.16555
0.28448 0.56407 -0.16555
0.21238 0.58681 -0.11191
0.17987 0.58475 -0.02512
0.19938 0.55866 0.06168
0.26345 0.51852 0.11532
0.34762 0.47966 0.11532
0.41972 0.45691 0.06168
0.51407 0.59331 -0.00000
0.49365 0.61924 -0.08663
0.42791 0.65673 -0.14017
0.34196 0.69147 -0.14017
0.26863 0.71018 -0.08663
0.23593 0.70573 -0.00000
0.25635 0.67980 0.08663
0.32209 0.64230 0.14017
0.40804 0.60757 0.14017
0.48137 0.58885 0.08663
0.56657 0.72376 0.02512
0.54518 0.74963 -0.06130
0.47779 0.78428 -0.11471
0.39014 0.81448 -0.11471
0.31571 0.82868 -0.06130
0.28293 0.82148 0.02512
0.30432 0.79561 0.11153
0.37171 0.76096 0.16494
0.45936 0.73077 0.16494
0.53379 0.71656 0.11153
0.60941 0.84889 0.05013
0.58694 0.87482 -0.03599
0.51790 0.90635 -0.08922
0.42865 0.93143 -0.08922
0.35329 0.94049 -0.03599
0.32060 0.93007 0.05013
0.34307 0.90414 0.13626
0.41212 0.87261 0.18948
0.50136 0.84753 0.18948
0.57672 0.83846 0.13626
0.64240 0.96744 0.07495
0.61864 0.99357 -0.01076
0.54791 1.02157 -0.06374
0.45721 1.04075 -0.06374
0.38119 1.04378 -0.01076
0.34889 1.02949 0.07495
0.37264 1.00336 0.16067
0.44338 0.97536 0.21364
0.53408 0.95618 0.21364
0.61010 0.95315 0.16067
0.66541 1.07846 0.09948
0.64000 1.10496 0.01435
0.56750 1.12882 -0.03826
0.47558 1.14091 -0.03826
0.39937 1.13663 0.01435
0.36798 1.11760 0.09948
0.39338 1.09110 0.18460
0.46589 1.06724 0.23721
0.55780 1.05515 0.23721
0.63401 1.05943 0.18460
0.67828 1.18153 0.12361
0.65055 1.20852 0.03936
0.57615 1.22719 -0.01270
0.48350 1.23040 -0.01270
0.40799 1.21694 0.03936
0.37846 1.19193 0.12361
0.40619 1.16494 0.20785
0.48058 1.14627 0.25991
0.57323 1.14306 0.25991
0.64874 1.15653 0.20785
0.68038 1.27710 0.14725
0.64907 1.30445 0.06439
0.57267 1.31606 0.01318
0.48036 1.30750 0.01318
0.40740 1.28203 0.06439
0.38166 1.24939 0.14725
0.41297 1.22204 0.23011
0.48937 1.21043 0.28132
0.58168 1.21899 0.28132
0.65464 1.24446 0.23011
0.66955 1.36703 0.17031
0.63233 1.39356 0.08966
0.55417 1.39444 0.03982
0.46493 1.36934 0.03982
0.39870 1.32783 0.08966
0.38077 1.28578 0.17031
0.41799 1.25925 0.25096
0.49615 1.25837 0.30081
0.58539 1.28347 0.30081
0.65163 1.32498 0.25096
0.63892 1.45424 0.19270
0.59227 1.47511 0.11535
0.51475 1.45781 0.06755
0.43596 1.40896 0.06755
0.38600 1.34722 0.11535
0.38395 1.29616 0.19270
0.43059 1.27529 0.27005
0.50811 1.29259 0.31786
0.58690 1.34144 0.31786
0.63687 1.40318 0.27005
0.57294 1.53418 0.21433
0.51742 1.53638 0.14013
0.45165 1.48984 0.09427
0.40075 1.41236 0.09427
0.38418 1.33351 0.14013
0.40825 1.28343 0.21433
0.46378 1.28123 0.28854
0.52955 1.32777 0.33440
0.58044 1.40525 0.33440
0.59702 1.48410 0.28854
0.47060 1.57642 0.23511
0.42322 1.54998 0.15995
0.39124 1.47640 0.11349
0.38686 1.38380 0.11349
0.41177 1.30754 0.15995
0.45645 1.27675 0.23511
0.50383 1.30319 0.31028
0.53582 1.37677 0.35674
0.54019 1.46937 0.35674
0.51528 1.54563 0.31028
0.37449 1.56699 0.25497
0.35019 1.52613 0.17538
0.35682 1.44783 0.12620
0.39185 1.36200 0.12620
0.44190 1.30142 0.17538
0.48785 1.28923 0.25497
0.51215 1.33009 0.33456
0.50553 1.40839 0.38374
0.47050 1.49423 0.38374
0.42045 1.55481 0.33456
0.30163 1.53091 0.27382
0.29648 1.49035 0.19061
0.32880 1.42032 0.13919
0.38624 1.34755 0.13919
0.44686 1.29985 0.19061
0.48750 1.29543 0.27382
0.49265 1.33599 0.35702
0.46033 1.40603 0.40845
0.40289 1.47880 0.40845
0.34227 1.52650 0.35702
0.24209 1.48077 0.29159
0.24886 1.44507 0.20630
0.29609 1.38520 0.15359
0.36574 1.32401 0.15359
0.43120 1.28489 0.20630
0.46747 1.28277 0.29159
0.46069 1.31846 0.37688
0.41346 1.37833 0.42959
0.34382 1.43952 0.42959
0.27836 1.47865 0.37688
0.18858 1.41802 0.30821
0.20260 1.38758 0.22177
0.25875 1.33672 0.16835
0.33560 1.28486 0.16835
0.40378 1.25182 0.22177
0.43725 1.25020 0.30821
0.42323 1.28064 0.39464
0.36707 1.33150 0.44806
0.29023 1.38336 0.44806
0.22205 1.41641 0.39464
0.13827 1.34223 0.32361
0.15688 1.31648 0.23652
0.21873 1.27322 0.18269
0.30020 1.22898 0.18269
0.37017 1.20066 0.23652
0.40190 1.19907 0.32361
0.38329 1.22482 0.41070
0.32144 1.26808 0.46452
0.23997 1.31232 0.46452
0.17000 1.34064 0.41070
0.09043 1.25319 0.33773
0.11210 1.23147 0.25025
0.17781 1.19468 0.19619
0.26246 1.15689 0.19619
0.33372 1.13251 0.25025
0.36436 1.13087 0.33773
0.34268 1.15259 0.42521
0.27697 1.18938 0.47928
0.19232 1.22717 0.47928
0.12107 1.25155 0.42521
0.04522 1.15115 0.35052
0.06902 1.13292 0.26280
0.13746 1.10177 0.20858
0.22441 1.06961 0.20858
0.29665 1.04871 0.26280
0.32658 1.04707 0.35052
0.30278 1.06530 0.43825
0.23434 1.09644 0.49246
0.14739 1.12860 0.49246
0.07515 1.14950 0.43825
0.00317 1.03676 0.36193
0.02849 1.02161 0.27405
0.09894 0.99549 0.21974
0.18760 0.96840 0.21974
0.26060 0.95068 0.27405
0.29008 0.94909 0.36193
0.26475 0.96425 0.44981
0.19431 0.99036 0.50413
0.10565 1.01745 0.50413
0.03264 1.03518 0.44981
-0.03504 0.91100 0.37191
-0.00861 0.89860 0.28392
0.06332 0.87708 0.22954
0.15327 0.85466 0.22954
0.22689 0.83991 0.28392
0.25605 0.83845 0.37191
0.22962 0.85085 0.45990
0.15769 0.87237 0.51428
0.06773 0.89479 0.51428
-0.00588 0.90954 0.45990
-0.06874 0.77506 0.38042
-0.04149 0.76518 0.29236
0.03155 0.74794 0.23794
0.12248 0.72991 0.23794
0.19658 0.71799 0.29236
0.22553 0.71672 0.38042
0.19829 0.72660 0.46848
0.12525 0.74385 0.52290
0.03431 0.76187 0.52290
-0.03979 0.77380 0.46848
-0.09727 0.63036 0.38743
-0.06943 0.62283 0.29933
0.00443 0.60963 0.24487
0.09609 0.59579 0.24487
0.17055 0.58660 0.29933
0.19937 0.58557 0.38743
0.17154 0.59310 0.47554
0.09768 0.60630 0.52999
0.00601 0.62014 0.52999
-0.06845 0.62933 0.47554
-0.12006 0.47846 0.39291
-0.09181 0.47316 0.30478
-0.01738 0.46384 0.25030
0.07481 0.45404 0.25030
0.14954 0.44752 0.30478
0.17827 0.44676 0.39291
0.15002 0.45206 0.48105
0.07559 0.46138 0.53553
-0.01660 0.47118 0.53553
-0.09133 0.47770 0.48105
-0.13664 0.32105 0.39685
-0.10814 0.31790 0.30869
-0.03334 0.31234 0.25420
0.05918 0.30650 0.25420
0.13409 0.30261 0.30869
0.16276 0.30214 0.39685
0.13426 0.30529 0.48500
0.05946 0.31084 0.53949
-0.03306 0.31668 0.53949
-0.10797 0.32058 0.48500
-0.14668 0.15990 0.39921
-0.11805 0.15886 0.31104
-0.04307 0.15701 0.25655
0.04961 0.15507 0.25655
0.12460 0.15377 0.31104
0.15325 0.15362 0.39921
0.12462 0.15466 0.48738
0.04964 0.15651 0.54187
-0.04304 0.15845 0.54187
-0.11803 0.15974 0.48738
-0.14997 -0.00314 0.40000
-0.12134 -0.00210 0.31183
-0.04636 -0.00025 0.25734
0.04633 0.00169 0.25734
0.12132 0.00299 0.31183
0.14997 0.00314 0.40000
0.12134 0.00210 0.48817
0.04636 0.00025 0.54266
-0.04633 -0.00169 0.54266
-0.12132 -0.00299 0.48817
-0.14642 -0.16621 0.39921
-0.11791 -0.16306 0.31105
-0.04311 -0.15751 0.25657
0.04941 -0.15167 0.25657
0.12431 -0.14777 0.31105
0.15299 -0.14731 0.39921
0.12448 -0.15045 0.48737
0.04968 -0.15601 0.54185
-0.04284 -0.16185 0.54185
-0.11774 -0.16575 0.48737
-0.13610 -0.32744 0.39685
-0.10785 -0.32215 0.30871
-0.03342 -0.31282 0.25424
0.05876 -0.30303 0.25424
0.13349 -0.29650 0.30871
0.16222 -0.29575 0.39685
0.13397 -0.30104 0.48498
0.05954 -0.31037 0.53946
-0.03264 -0.32016 0.53946
-0.10737 -0.32668 0.48498
-0.11921 -0.48501 0.39291
-0.09138 -0.47748 0.30481
-0.01752 -0.46427 0.25036
0.07414 -0.45043 0.25036
0.14861 -0.44124 0.30481
0.17742 -0.44022 0.39291
0.14959 -0.44774 0.48102
0.07573 -0.46095 0.53547
-0.01593 -0.47479 0.53547
-0.09040 -0.48398 0.48102
-0.09608 -0.63714 0.38743
-0.06884 -0.62726 0.29937
0.00420 -0.61001 0.24495
0.09514 -0.59198 0.24495
0.16923 -0.58006 0.29937
0.19819 -0.57880 0.38743
0.17094 -0.58867 0.47549
0.09790 -0.60592 0.52991
0.00697 -0.62395 0.52991
-0.06713 -0.63587 0.47549
-0.06715 -0.78216 0.38042
-0.04072 -0.76976 0.29244
0.03121 -0.74824 0.23806
0.12117 -0.72583 0.23806
0.19478 -0.71107 0.29244
0.22394 -0.70962 0.38042
0.19751 -0.72202 0.46841
0.12558 -0.74354 0.52279
0.03563 -0.76596 0.52279
-0.03799 -0.78071 0.46841
-0.03295 -0.91856 0.37191
-0.00763 -0.90340 0.28403
0.06282 -0.87729 0.22971
0.15148 -0.85020 0.22971
0.22449 -0.83248 0.28403
0.25396 -0.83089 0.37191
0.22863 -0.84605 0.45979
0.15819 -0.87216 0.51411
0.06953 -0.89925 0.51411
-0.00348 -0.91697 0.45979
0.00594 -1.04497 0.36193
0.02974 -1.02674 0.27421
0.09819 -0.99560 0.21999
0.18513 -0.96343 0.21999
0.25737 -0.94254 0.27421
0.28731 -0.94089 0.36193
0.26350 -0.95912 0.44965
0.19506 -0.99026 0.50387
0.10811 -1.02242 0.50387
0.03587 -1.04332 0.44965
0.04893 -1.16026 0.35052
0.07061 -1.13854 0.26304
0.13632 -1.10176 0.20898
0.22097 -1.06396 0.20898
0.29222 -1.03959 0.26304
0.32287 -1.03795 0.35052
0.30119 -1.05967 0.43800
0.23548 -1.09645 0.49207
0.15083 -1.13425 0.49207
0.07958 -1.15862 0.43800
0.09557 -1.26361 0.33773
0.11419 -1.23786 0.25064
0.17604 -1.19460 0.19682
0.25751 -1.15036 0.19682
0.32747 -1.12204 0.25064
0.35921 -1.12045 0.33773
0.34060 -1.14620 0.42482
0.27874 -1.18946 0.47864
0.19727 -1.23370 0.47864
0.12731 -1.26202 0.42482
0.14575 -1.35456 0.32361
0.15977 -1.32412 0.23717
0.21593 -1.27326 0.18375
0.29277 -1.22140 0.18375
0.36095 -1.18835 0.23717
0.39442 -1.18674 0.32361
0.38040 -1.21718 0.41004
0.32425 -1.26804 0.46346
0.24740 -1.31990 0.46346
0.17922 -1.35295 0.41004
0.20022 -1.43311 0.30821
0.20700 -1.39742 0.22292
0.25423 -1.33754 0.17020
0.32387 -1.27636 0.17020
0.38933 -1.23723 0.22292
0.42560 -1.23511 0.30821
0.41883 -1.27081 0.39349
0.37160 -1.33068 0.44621
0.30195 -1.39187 0.44621
0.23649 -1.43099 0.39349
0.26184 -1.49951 0.29159
0.25670 -1.45895 0.20838
0.28902 -1.38891 0.15696
0.34645 -1.31614 0.15696
0.40707 -1.26844 0.20838
0.44772 -1.26403 0.29159
0.45286 -1.30458 0.37479
0.42054 -1.37462 0.42621
0.36310 -1.44739 0.42621
0.30248 -1.49509 0.37479
0.33789 -1.55205 0.27382
0.31358 -1.51119 0.19423
0.32021 -1.43289 0.14504
0.35524 -1.34706 0.14504
0.40529 -1.28648 0.19423
0.45124 -1.27429 0.27382
0.47555 -1.31515 0.35341
0.46892 -1.39345 0.40259
0.43389 -1.47929 0.40259
0.38384 -1.53986 0.35341
0.43825 -1.57795 0.25497
0.39087 -1.55150 0.17980
0.35888 -1.47793 0.13335
0.35451 -1.38533 0.13335
0.37942 -1.30907 0.17980
0.42410 -1.27828 0.25497
0.47148 -1.30472 0.33014
0.50346 -1.37829 0.37659
0.50784 -1.47090 0.37659
0.48293 -1.54716 0.33014
0.54587 -1.55196 0.23511
0.49034 -1.55416 0.16091
0.42457 -1.50762 0.11505
0.37368 -1.43014 0.11505
0.35711 -1.35129 0.16091
0.38118 -1.30121 0.23511
0.43671 -1.29901 0.30932
0.50248 -1.34555 0.35518
0.55337 -1.42303 0.35518
0.56994 -1.50188 0.30932
0.61808 -1.48785 0.21433
0.57144 -1.50871 0.13698
0.49392 -1.49142 0.08917
0.41513 -1.44257 0.08917
0.36516 -1.38082 0.13698
0.36311 -1.32976 0.21433
0.40976 -1.30890 0.29168
0.48728 -1.32619 0.33949
0.56607 -1.37504 0.33949
0.61603 -1.43679 0.29168
0.65583 -1.41583 0.19270
0.61860 -1.44236 0.11205
0.54044 -1.44324 0.06221
0.45120 -1.41813 0.06221
0.38497 -1.37663 0.11205
0.36704 -1.33458 0.19270
0.40426 -1.30804 0.27335
0.48242 -1.30716 0.32320
0.57166 -1.33227 0.32320
0.63790 -1.37377 0.27335
0.67452 -1.34026 0.17031
0.64321 -1.36761 0.08745
0.56681 -1.37922 0.03624
0.47450 -1.37066 0.03624
0.40154 -1.34519 0.08745
0.37580 -1.31255 0.17031
0.40711 -1.28520 0.25317
0.48351 -1.27359 0.30438
0.57582 -1.28215 0.30438
0.64878 -1.30762 0.25317
0.68093 -1.25805 0.14725
0.65320 -1.28504 0.06301
0.57880 -1.30371 0.01094
0.48615 -1.30692 0.01094
0.41064 -1.29345 0.06301
0.38111 -1.26844 0.14725
0.40884 -1.24145 0.23149
0.48324 -1.22278 0.28356
0.57589 -1.21957 0.28356
0.65140 -1.23304 0.23149
0.67708 -1.16716 0.12361
0.65168 -1.19366 0.03848
0.57917 -1.21752 -0.01413
0.48726 -1.22961 -0.01413
0.41105 -1.22533 0.03848
0.37965 -1.20630 0.12361
0.40506 -1.17980 0.20873
0.47756 -1.15594 0.26134
0.56948 -1.14385 0.26134
0.64569 -1.14813 0.20873
0.66345 -1.06700 0.09948
0.63969 -1.09314 0.01376
0.56896 -1.12114 -0.03921
0.47826 -1.14032 -0.03921
0.40224 -1.14334 0.01376
0.36994 -1.12906 0.09948
0.39369 -1.10293 0.18519
0.46443 -1.07492 0.23816
0.55513 -1.05574 0.23816
0.63115 -1.05272 0.18519
0.64005 -0.95788 0.07495
0.61758 -0.98380 -0.01117
0.54853 -1.01533 -0.06440
0.45929 -1.04042 -0.06440
0.38393 -1.04948 -0.01117
0.35124 -1.03905 0.07495
0.37371 -1.01313 0.16107
0.44275 -0.98160 0.21430
0.53200 -0.95651 0.21430
0.60736 -0.94745 0.16107
0.60683 -0.84062 0.05013
0.58544 -0.86649 -0.03628
0.51805 -0.90114 -0.08969
0.43040 -0.93133 -0.08969
0.35597 -0.94554 -0.03628
0.32319 -0.93833 0.05013
0.34458 -0.91247 0.13655
0.41197 -0.87782 0.18996
0.49962 -0.84762 0.18996
0.57405 -0.83342 0.13655
0.56382 -0.71641 0.02512
0.54340 -0.74234 -0.06152
0.47766 -0.77984 -0.11506
0.39171 -0.81457 -0.11506
0.31838 -0.83329 -0.06152
0.28568 -0.82883 0.02512
0.30610 -0.80290 0.11175
0.37184 -0.76541 0.16529
0.45779 -0.73067 0.16529
0.53112 -0.71195 0.11175
0.51118 -0.58663 0.00000
0.49167 -0.61272 -0.08679
0.42760 -0.65286 -0.14044
0.34343 -0.69173 -0.14044
0.27133 -0.71447 -0.08679
0.23882 -0.71240 0.00000
0.25833 -0.68632 0.08679
0.32240 -0.64618 0.14044
0.40657 -0.60731 0.14044
0.47867 -0.58457 0.08679
0.44921 -0.45280 -0.02512
0.43059 -0.47912 -0.11203
0.36822 -0.52177 -0.16575
0.28592 -0.56445 -0.16575
0.21514 -0.59086 -0.11203
0.18290 -0.59092 -0.02512
0.20152 -0.56460 0.06180
0.26388 -0.52196 0.11552
0.34618 -0.47927 0.11552
0.41697 -0.45286 0.06180
0.37836 -0.31651 -0.05013
0.36063 -0.34313 -0.13715
0.30002 -0.38818 -0.19092
0.21968 -0.43444 -0.19092
0.15030 -0.46425 -0.13715
0.11838 -0.46622 -0.05013
0.13611 -0.43960 0.03688
0.19672 -0.39456 0.09066
0.27706 -0.34830 0.09066
0.34644 -0.31849 0.03688
0.29925 -0.17942 -0.07495
0.28243 -0.20638 -0.16204
0.22366 -0.25374 -0.21586
0.14537 -0.30340 -0.21586
0.07748 -0.33639 -0.16204
0.04592 -0.34011 -0.07495
0.06274 -0.31314 0.01213
0.12151 -0.26578 0.06596
0.19980 -0.21612 0.06596
0.26769 -0.18314 0.01213
0.21266 -0.04314 -0.09948
0.19679 -0.07051 -0.18662
0.13993 -0.12012 -0.24047
0.06381 -0.17302 -0.24047
-0.00251 -0.20902 -0.18662
-0.03369 -0.21436 -0.09948
-0.01782 -0.18700 -0.01233
0.03904 -0.13739 0.04152
0.11516 -0.08448 0.04152
0.18148 -0.04848 -0.01233
0.11948 0.09069 -0.12361
0.10461 0.06290 -0.21079
0.04978 0.01108 -0.26467
-0.02406 -0.04497 -0.26467
-0.08871 -0.08384 -0.21079
-0.11948 -0.09069 -0.12361
-0.10461 -0.06290 -0.03642
-0.04978 -0.01108 0.01746
0.02406 0.04497 0.01746
0.08871 0.08384 -0.03642
0.02076 0.22053 -0.14725
0.00696 0.19228 -0.23446
-0.04571 0.13829 -0.28836
-0.11713 0.07918 -0.28836
-0.18002 0.03753 -0.23446
-0.21035 0.02925 -0.14725
-0.19655 0.05750 -0.06004
-0.14388 0.11149 -0.00614
-0.07246 0.17060 -0.00614
-0.00958 0.21225 -0.06004
-0.08236 0.34490 -0.17031
-0.09501 0.31616 -0.25754
-0.14536 0.26002 -0.31144
-0.21419 0.19791 -0.31144
-0.27519 0.15356 -0.25754
-0.30507 0.14391 -0.17031
-0.29242 0.17265 -0.08309
-0.24207 0.22880 -0.02918
-0.17324 0.29091 -0.02918
-0.11224 0.33526 -0.08309
-0.18863 0.46245 -0.19270
-0.20003 0.43320 -0.27993
-0.24787 0.37490 -0.33384
-0.31390 0.30982 -0.33384
-0.37288 0.26282 -0.27993
-0.40229 0.25186 -0.19270
-0.39090 0.28111 -0.10547
-0.34305 0.33940 -0.05156
-0.27703 0.40448 -0.05156
-0.21805 0.45148 -0.10547
-0.29677 0.57193 -0.21433
-0.30676 0.54215 -0.30155
-0.35186 0.48170 -0.35546
-0.41483 0.41366 -0.35546
-0.47162 0.36403 -0.30155
-0.50055 0.35176 -0.21433
-0.49055 0.38154 -0.12711
-0.44545 0.44200 -0.07321
-0.38248 0.51003 -0.07321
-0.32569 0.55966 -0.12711
-0.40542 0.67225 -0.23511
-0.41385 0.64193 -0.32231
-0.45589 0.57930 -0.37620
-0.51549 0.50829 -0.37620
-0.56987 0.45602 -0.32231
-0.59828 0.44246 -0.23511
-0.58985 0.47279 -0.14792
-0.54781 0.53542 -0.09402
-0.48821 0.60643 -0.09402
-0.43382 0.65869 -0.14792
-0.51326 0.76250 -0.25497
-0.51989 0.73162 -0.34213
-0.55847 0.66678 -0.39600
-0.61428 0.59275 -0.39600
-0.66598 0.53781 -0.34213
-0.69384 0.52293 -0.25497
-0.68721 0.55381 -0.16781
-0.64863 0.61865 -0.11394
-0.59282 0.69268 -0.11394
-0.54112 0.74762 -0.16781
-0.61902 0.84191 -0.27382
-0.62354 0.81049 -0.36092
-0.65813 0.74340 -0.41475
-0.70956 0.66628 -0.41475
-0.75821 0.60857 -0.36092
-0.78548 0.59232 -0.27382
-0.78095 0.62374 -0.18672
-0.74637 0.69082 -0.13289
-0.69493 0.76795 -0.13289
-0.64629 0.82566 -0.18672
-0.72157 0.90991 -0.29159
-0.72356 0.87799 -0.37860
-0.75338 0.80862 -0.43238
-0.79965 0.72829 -0.43238
-0.84469 0.66768 -0.37860
-0.87130 0.64994 -0.29159
-0.86931 0.68186 -0.20457
-0.83949 0.75123 -0.15079
-0.79322 0.83157 -0.15079
-0.74818 0.89218 -0.20457
-0.82005 0.96611 -0.30821
-0.81888 0.93381 -0.39509
-0.84282 0.86214 -0.44880
-0.88273 0.77846 -0.44880
-0.92336 0.71474 -0.39509
-0.94919 0.69532 -0.30821
-0.95036 0.72762 -0.22132
-0.92642 0.79930 -0.16761
-0.88651 0.88297 -0.16761
-0.84589 0.94669 -0.22132
-0.91410 1.01019 -0.32361
-0.90886 0.97780 -0.41031
-0.92521 0.90394 -0.46390
-0.95689 0.81682 -0.46390
-0.99182 0.74971 -0.41031
-1.01664 0.72826 -0.32361
-1.02188 0.76065 -0.23690
-1.00554 0.83451 -0.18332
-0.97385 0.92163 -0.18332
-0.93893 0.98874 -0.23690
-1.00435 1.04172 -0.33773
-0.99364 1.00995 -0.42416
-0.99962 0.93441 -0.47757
-1.02000 0.84398 -0.47757
-1.04700 0.77318 -0.42416
-1.07030 0.74906 -0.33773
-1.08101 0.78084 -0.25130
-1.07503 0.85638 -0.19789
-1.05464 0.94681 -0.19789
-1.02765 1.01761 -0.25130
-1.09322 1.05922 -0.35052
-1.07502 1.02982 -0.43654
-1.06606 0.95441 -0.48970
-1.06975 0.86177 -0.48970
-1.08470 0.78731 -0.43654
-1.10519 0.75946 -0.35052
-1.12339 0.78886 -0.26451
-1.13235 0.86427 -0.21135
-1.12865 0.95690 -0.21135
-1.11371 1.03137 -0.26451
-1.18563 1.05703 -0.36193
-1.15784 1.03436 -0.44742
-1.12700 0.96470 -0.50025
-1.10489 0.87467 -0.50025
-1.09995 0.79866 -0.44742
-1.11407 0.76569 -0.36193
-1.14186 0.78836 -0.27644
-1.17270 0.85802 -0.22361
-1.19481 0.94805 -0.22361
-1.19975 1.02406 -0.27644
-1.28204 1.01899 -0.37191
-1.24664 1.01065 -0.45718
-1.18894 0.96078 -0.50988
-1.13097 0.88843 -0.50988
-1.09488 0.82124 -0.45718
-1.09445 0.78487 -0.37191
-1.12986 0.79322 -0.28664
-1.18756 0.84308 -0.23394
-1.24553 0.91543 -0.23394
-1.28162 0.98262 -0.28664
-1.35384 0.93471 -0.38042
-1.32045 0.94203 -0.46659
-1.24621 0.92630 -0.51985
-1.15950 0.89352 -0.51985
-1.09342 0.85622 -0.46659
-1.07321 0.82865 -0.38042
-1.10660 0.82133 -0.29425
-1.18084 0.83706 -0.24099
-1.26755 0.86983 -0.24099
-1.33364 0.90713 -0.29425
-1.37457 0.84039 -0.38743
-1.34689 0.85457 -0.47477
-1.27264 0.86752 -0.52874
-1.18018 0.87431 -0.52874
-1.10484 0.87235 -0.47477
-1.07538 0.86237 -0.38743
-1.10306 0.84820 -0.30010
-1.17731 0.83524 -0.24613
-1.26977 0.82845 -0.24613
-1.34512 0.83042 -0.30010
-1.36278 0.75994 -0.39291
-1.33827 0.77627 -0.48082
-1.26938 0.80622 -0.53515
-1.18243 0.83836 -0.53515
-1.11062 0.86042 -0.48082
-1.08138 0.86395 -0.39291
-1.10589 0.84763 -0.30501
-1.17478 0.81767 -0.25068
-1.26173 0.78553 -0.25068
-1.33354 0.76348 -0.30501
-1.33348 0.68782 -0.39685
-1.31053 0.70527 -0.48495
-1.24708 0.74531 -0.53941
-1.16736 0.79264 -0.53941
-1.10184 0.82918 -0.48495
-1.07553 0.84098 -0.39685
-1.09848 0.82353 -0.30874
-1.16194 0.78350 -0.25429
-1.24165 0.73617 -0.25429
-1.30717 0.69962 -0.30874
-1.29035 0.61754 -0.39921
-1.26833 0.63589 -0.48737
-1.20956 0.68249 -0.54186
-1.13649 0.73955 -0.54186
-1.07704 0.78527 -0.48737
-1.05390 0.80218 -0.39921
-1.07592 0.78383 -0.31105
-1.13468 0.73723 -0.25656
-1.20775 0.68017 -0.25656
-1.26721 0.63446 -0.31105
-1.23381 0.54627 -0.40000
-1.21250 0.56543 -0.48816
-1.15776 0.61670 -0.54265
-1.09051 0.68051 -0.54265
-1.03643 0.73248 -0.48816
-1.01619 0.75277 -0.40000
-1.03750 0.73361 -0.31184
-1.09224 0.68234 -0.25735
-1.15949 0.61853 -0.25735
-1.21357 0.56655 -0.31184
-1.16391 0.47326 -0.39921
-1.14320 0.49315 -0.48735
-1.09201 0.54799 -0.54183
-1.02991 0.61681 -0.54183
-0.98060 0.67334 -0.48735
-0.96293 0.69598 -0.39921
-0.98364 0.67609 -0.31107
-1.03483 0.62125 -0.25659
-1.09693 0.55243 -0.25659
-1.14624 0.49590 -0.31107
-1.08083 0.39873 -0.39685
-1.06068 0.41931 -0.48496
-1.01271 0.47700 -0.53942
-0.95525 0.54975 -0.53942
-0.91025 0.60978 -0.48496
-0.89490 0.63416 -0.39685
-0.91506 0.61357 -0.30873
-0.96302 0.55589 -0.25427
-1.02048 0.48314 -0.25427
-1.06548 0.42311 -0.30873
-0.98504 0.32339 -0.39291
-0.96541 0.34462 -0.48100
-0.92043 0.40468 -0.53543
-0.86726 0.48063 -0.53543
-0.82623 0.54345 -0.48100
-0.81300 0.56916 -0.39291
-0.83263 0.54794 -0.30483
-0.87762 0.48788 -0.25040
-0.93078 0.41193 -0.25040
-0.97181 0.34910 -0.30483
-0.87724 0.24818 -0.38743
-0.85812 0.27002 -0.47548
-0.81595 0.33210 -0.52989
-0.76683 0.41073 -0.52989
-0.72953 0.47586 -0.47548
-0.71829 0.50262 -0.38743
-0.73741 0.48078 -0.29939
-0.77959 0.41870 -0.24497
-0.82870 0.34007 -0.24497
-0.86600 0.27494 -0.29939
-0.75837 0.17413 -0.38042
-0.73974 0.19653 -0.46843
-0.70026 0.26039 -0.52282
-0.65501 0.34130 -0.52282
-0.62128 0.40837 -0.46843
-0.61195 0.43597 -0.38042
-0.63058 0.41357 -0.29242
-0.67006 0.34972 -0.23802
-0.71531 0.26880 -0.23802
-0.74904 0.20174 -0.29242
-0.62957 0.10229 -0.37191
-0.61140 0.12523 -0.45988
-0.57454 0.19065 -0.51424
-0.53305 0.27355 -0.51424
-0.50278 0.34227 -0.45988
-0.49530 0.37056 -0.37191
-0.51346 0.34762 -0.28395
-0.55033 0.28220 -0.22958
-0.59182 0.19930 -0.22958
-0.62208 0.13058 -0.28395
-0.49214 0.03367 -0.36193
-0.47443 0.05714 -0.44985
-0.44012 0.12395 -0.50419
-0.40232 0.20860 -0.50419
-0.37546 0.27875 -0.44985
-0.36981 0.30760 -0.36193
-0.38752 0.28413 -0.27401
-0.42183 0.21732 -0.21967
-0.45963 0.13267 -0.21967
-0.48649 0.06252 -0.27401
-0.34756 -0.03075 -0.35052
-0.33027 -0.00678 -0.43839
-0.29848 0.06130 -0.49270
-0.26434 0.14748 -0.49270
-0.24087 0.21886 -0.43839
-0.23706 0.24816 -0.35052
-0.25435 0.22420 -0.26265
-0.28613 0.15612 -0.20835
-0.32028 0.06993 -0.20835
-0.34374 -0.00144 -0.26265
-0.19740 -0.09009 -0.33773
-0.18051 -0.06564 -0.42554
-0.15123 0.00358 -0.47981
-0.12074 0.09113 -0.47981
-0.10069 0.16356 -0.42554
-0.09874 0.19322 -0.33773
-0.11563 0.16877 -0.24992
-0.14491 0.09955 -0.19565
-0.17540 0.01200 -0.19565
-0.19545 -0.06044 -0.24992
-0.04335 -0.14360 -0.32361
-0.02682 -0.11866 -0.41135
-0.00005 -0.04841 -0.46558
0.02675 0.04034 -0.46558
0.04333 0.11368 -0.41135
0.04335 0.14360 -0.32361
0.02682 0.11866 -0.23586
0.00005 0.04841 -0.18163
-0.02675 -0.04034 -0.18163
-0.04333 -0.11368 -0.23586
0.11283 -0.19061 -0.30821
0.12904 -0.16520 -0.39587
0.15330 -0.09399 -0.45005
0.17634 -0.00419 -0.45005
0.18935 0.06990 -0.39587
0.18737 0.09998 -0.30821
0.17116 0.07456 -0.22054
0.14690 0.00336 -0.16636
0.12387 -0.08644 -0.16636
0.11085 -0.16053 -0.22054
0.26936 -0.23062 -0.29159
0.28531 -0.20472 -0.37916
0.30701 -0.13265 -0.43328
0.32618 -0.04195 -0.43328
0.33550 0.03274 -0.37916
0.33140 0.06289 -0.29159
0.31545 0.03698 -0.20402
0.29375 -0.03509 -0.14990
0.27457 -0.12579 -0.14990
0.26526 -0.20048 -0.20402
0.42443 -0.26325 -0.27382
0.44018 -0.23683 -0.36127
0.45928 -0.16397 -0.41532
0.47444 -0.07251 -0.41532
0.47987 0.00261 -0.36127
0.47350 0.03271 -0.27382
0.45775 0.00628 -0.18637
0.43865 -0.06658 -0.13232
0.42348 -0.15803 -0.13232
0.41805 -0.23316 -0.18637
0.57626 -0.28827 -0.25497
0.59189 -0.26128 -0.34227
0.60831 -0.18770 -0.39623
0.61927 -0.09565 -0.39623
0.62057 -0.02027 -0.34227
0.61171 0.00963 -0.25497
0.59608 -0.01736 -0.16767
0.57966 -0.09093 -0.11371
0.56870 -0.18299 -0.11371
0.56740 -0.25836 -0.16767
0.72313 -0.30557 -0.23511
0.73873 -0.27794 -0.32222
0.75238 -0.20371 -0.37606
0.75886 -0.11124 -0.37606
0.75569 -0.03583 -0.32222
0.74409 -0.00630 -0.23511
0.72849 -0.03393 -0.14801
0.71484 -0.10815 -0.09417
0.70836 -0.20063 -0.09417
0.71153 -0.27604 -0.14801
0.86342 -0.31519 -0.21433
0.87912 -0.28681 -0.30118
0.88983 -0.21199 -0.35485
0.89146 -0.11930 -0.35485
0.88339 -0.04414 -0.30118
0.86870 -0.01523 -0.21433
0.85300 -0.04361 -0.12748
0.84229 -0.11843 -0.07381
0.84066 -0.21112 -0.07381
0.84873 -0.28628 -0.12748
0.99566 -0.31726 -0.19270
1.01160 -0.28795 -0.27919
1.01916 -0.21259 -0.33265
1.01544 -0.11996 -0.33265
1.00186 -0.04544 -0.27919
0.98362 -0.01751 -0.19270
0.96768 -0.04682 -0.10621
0.96012 -0.12218 -0.05275
0.96385 -0.21481 -0.05275
0.97742 -0.28933 -0.10621
1.11860 -0.31200 -0.17031
1.13495 -0.28146 -0.25630
1.13901 -0.20561 -0.30944
1.12922 -0.11342 -0.30944
1.10932 -0.04011 -0.25630
1.08692 -0.01368 -0.17031
1.07057 -0.04422 -0.08432
1.06651 -0.12008 -0.03118
1.07630 -0.21226 -0.03118
1.09620 -0.28557 -0.08432
1.23130 -0.29958 -0.14725
1.24823 -0.26731 -0.23249
1.24824 -0.19103 -0.28517
1.23135 -0.09987 -0.28517
1.20398 -0.02867 -0.23249
1.17661 -0.00461 -0.14725
1.15969 -0.03688 -0.06201
1.15967 -0.11316 -0.00933
1.17657 -0.20432 -0.00933
1.20393 -0.27552 -0.06201
1.33330 -0.27997 -0.12361
1.35087 -0.24512 -0.20770
1.34593 -0.16851 -0.25967
1.32035 -0.07940 -0.25967
1.28392 -0.01183 -0.20770
1.25054 0.00839 -0.12361
1.23297 -0.02645 -0.03952
1.23791 -0.10306 0.01245
1.26349 -0.19217 0.01245
1.29992 -0.25974 -0.03952
1.42484 -0.25243 -0.09948
1.44271 -0.21355 -0.18171
1.43110 -0.13689 -0.23254
1.39443 -0.05174 -0.23254
1.34671 0.00937 -0.18171
1.30618 0.02310 -0.09948
1.28831 -0.01579 -0.01724
1.29993 -0.09244 0.03358
1.33660 -0.17759 0.03358
1.38431 -0.23870 -0.01724
1.50703 -0.21435 -0.07495
1.52338 -0.16900 -0.15414
1.50168 -0.09331 -0.20308
1.45023 -0.01620 -0.20308
1.38866 0.03289 -0.15414
1.34051 0.03520 -0.07495
1.32416 -0.01015 0.00423
1.34586 -0.08584 0.05317
1.39731 -0.16295 0.05317
1.45888 -0.21204 0.00423
1.58050 -0.15826 -0.05013
1.58905 -0.10376 -0.12464
1.55057 -0.03310 -0.17069
1.47977 0.02674 -0.17069
1.40368 0.05289 -0.12464
1.35137 0.03538 -0.05013
1.34282 -0.01912 0.02437
1.38130 -0.08978 0.07042
1.45210 -0.14962 0.07042
1.52819 -0.17578 0.02437
1.63614 -0.07081 -0.02512
1.62276 -0.01114 -0.09479
1.55923 0.04085 -0.13785
1.46981 0.06531 -0.13785
1.38865 0.05289 -0.09479
1.34677 0.00833 -0.02512
1.36015 -0.05134 0.04456
1.42368 -0.10334 0.08762
1.51310 -0.12779 0.08762
1.59426 -0.11537 0.04456
3 0 10 11
3 0 11 1
3 1 11 12
3 1 12 2
3 2 12 13
3 2 13 3
3 3 13 14
3 3 14 4
3 4 14 15
3 4 15 5
3 5 15 16
3 5 16 6
3 6 16 17
3 6 17 7
3 7 17 18
3 7 18 8
3 8 18 19
3 8 19 9
3 9 19 10
3 9 10 0
3 10 20 21
3 10 21 11
3 11 21 22
3 11 22 12
3 12 22 23
3 12 23 13
3 13 23 24
3 13 24 14
3 14 24 25
3 14 25 15
3 15 25 26
3 15 26 16
3 16 26 27
3 16 27 17
3 17 27 28
3 17 28 18
3 18 28 29
3 18 29 19
3 19 29 20
3 19 20 10
3 20 30 31
3 20 31 21
3 21 31 32
3 21 32 22
3 22 32 33
3 22 33 23
3 23 33 34
3 23 34 24
3 24 34 35
3 24 35 25
3 25 35 36
3 25 36 26
3 26 36 37
3 26 37 27
3 27 37 38
3 27 38 28
3 28 38 39
3 28 39 29
3 29 39 30
3 29 30 20
3 30 40 41
3 30 41 31
3 31 41 42
3 31 42 32
3 32 42 43
3 32 43 33
3 33 43 44
3 33 44 34
3 34 44 45
3 34 45 35
3 35 45 46
3 35 46 36
3 36 46 47
3 36 47 37
3 37 47 48
3 37 48 38
3 38 48 49
3 38 49 39
3 39 49 40
3 39 40 30
3 40 50 51
3 40 51 41
3 41 51 52
3 41 52 42
3 42 52 53
3 42 53 43
3 43 53 54
3 43 54 44
3 44 54 55
3 44 55 45
3 45 55 56
3 45 56 46
3 46 56 57
3 46 57 47
3 47 57 58
3 47 58 48
3 48 58 59
3 48 59 49
3 49 59 50
3 49 50 40
3 50 60 61
3 50 61 51
3 51 61 62
3 51 62 52
3 52 62 63
3 52 63 53
3 53 63 64
3 53 64 54
3 54 64 65
3 54 65 55
3 55 65 66
3 55 66 56
3 56 66 67
3 56 67 57
3 57 67 68
3 57 68 58
3 58 68 69
3 58 69 59
3 59 69 60
3 59 60 50
3 60 70 71
3 60 71 61
3 61 71 72
3 61 72 62
3 62 72 73
3 62 73 63
3 63 73 74
3 63 74 64
3 64 74 75
3 64 75 65
3 65 75 76
3 65 76 66
3 66 76 77
3 66 77 67
3 67 77 78
3 67 78 68
3 68 78 79
3 68 79 69
3 69 79 70
3 69 70 60
3 70 80 81
3 70 81 71
3 71 81 82
3 71 82 72
3 72 82 83
3 72 83 73
3 73 83 84
3 73 84 74
3 74 84 85
3 74 85 75
3 75 85 86
3 75 86 76
3 76 86 87
3 76 87 77
3 77 87 88
3 77 88 78
3 78 88 89
3 78 89 79
3 79 89 80
3 79 80 70
3 80 90 91
3 80 91 81
3 81 91 92
3 81 92 82
3 82 92 93
3 82 93 83
3 83 93 94
3 83 94 84
3 84 94 95
3 84 95 85
3 85 95 96
3 85 96 86
3 86 96 97
3 86 97 87
3 87 97 98
3 87 98 88
3 88 98 99
3 88 99 89
3 89 99 90
3 89 90 80
3 90 100 101
3 90 101 91
3 91 101 102
3 91 102 92
3 92 102 103
3 92 103 93
3 93 103 104
3 93 104 94
3 94 104 105
3 94 105 95
3 95 105 106
3 95 106 96
3 96 106 107
3 96 107 97
3 97 107 108
3 97 108 98
3 98 108 109
3 98 109 99
3 99 109 100
3 99 100 90
3 100 110 111
3 100 111 101
3 101 111 112
3 101 112 102
3 102 112 113
3 102 113 103
3 103 113 114
3 103 114 104
3 104 114 115
3 104 115 105
3 105 115 116
3 105 116 106
3 106 116 117
3 106 117 107
3 107 117 118
3 107 118 108
3 108 118 119
3 108 119 109
3 109 119 110
3 109 110 100
3 110 120 121
3 110 121 111
3 111 121 122
3 111 122 112
3 112 122 123
3 112 123 113
3 113 123 124
3 113 124 114
3 114 124 125
3 114 125 115
3 115 125 126
3 115 126 116
3 116 126 127
3 116 127 117
3 117 127 128
3 117 128 118
3 118 128 129
3 118 129 119
3 119 129 120
3 119 120 110
3 120 130 131
3 120 131 121
3 121 131 132
3 121 132 122
3 122 132 133
3 122 133 123
3 123 133 134
3 123 134 124
3 124 134 135
3 124 135 125
3 125 135 136
3 125 136 126
3 126 136 137
3 126 137 127
3 127 137 138
3 127 138 128
3 128 138 139
3 128 139 129
3 129 139 130
3 129 130 120
3 130 140 141
3 130 141 131
3 131 141 142
3 131 142 132
3 132 142 143
3 132 143 133
3 133 143 144
3 133 144 134
3 134 144 145
3 134 145 135
3 135 145 146
3 135 146 136
3 136 146 147
3 136 147 137
3 137 147 148
3 137 148 138
3 138 148 149
3 138 149 139
3 139 149 140
3 139 140 130
3 140 150 151
3 140 151 141
3 141 151 152
3 141 152 142
3 142 152 153
3 142 153 143
3 143 153 154
3 143 154 144
3 144 154 155
3 144 155 145
3 145 155 156
3 145 156 146
3 146 156 157
3 146 157 147
3 147 157 158
3 147 158 148
3 148 158 159
3 148 159 149
3 149 159 150
3 149 150 140
3 150 160 161
3 150 161 151
3 151 161 162
3 151 162 152
3 152 162 163
3 152 163 153
3 153 163 164
3 153 164 154
3 154 164 165
3 154 165 155
3 155 165 166
3 155 166 156
3 156 166 167
3 156 167 157
3 157 167 168
3 157 168 158
3 158 168 169
3 158 169 159
3 159 169 160
3 159 160 150
3 160 170 171
3 160 171 161
3 161 171 172
3 161 172 162
3 162 172 173
3 162 173 163
3 163 173 174
3 163 174 164
3 164 174 175
3 164 175 165
3 165 175 176
3 165 176 166
3 166 176 177
3 166 177 167
3 167 177 178
3 167 178 168
3 168 178 179
3 168 179 169
3 169 179 170
3 169 170 160
3 170 180 181
3 170 181 171
3 171 181 182
3 171 182 172
3 172 182 183
3 172 183 173
3 173 183 184
3 173 184 174
3 174 184 185
3 174 185 175
3 175 185 186
3 175 186 176
3 176 186 187
3 176 187 177
3 177 187 188
3 177 188 178
3 178 188 189
3 178 189 179
3 179 189 180
3 179 180 170
3 180 190 191
3 180 191 181
3 181 191 192
3 181 192 182
3 182 192 193
3 182 193 183
3 183 193 194
3 183 194 184
3 184 194 195
3 184 195 185
3 185 195 196
3 185 196 186
3 186 196 197
3 186 197 187
3 187 197 198
3 187 198 188
3 188 198 199
3 188 199 189
3 189 199 190
3 189 190 180
3 190 200 201
3 190 201 191
3 191 201 202
3 191 202 192
3 192 202 203
3 192 203 193
3 193 203 204
3 193 204 194
3 194 204 205
3 194 205 195
3 195 205 206
3 195 206 196
3 196 206 207
3 196 207 197
3 197 207 208
3 197 208 198
3 198 208 209
3 198 209 199
3 199 209 200
3 199 200 190
3 200 210 211
3 200 211 201
3 201 211 212
3 201 212 202
3 202 212 213
3 202 213 203
3 203 213 214
3 203 214 204
3 204 214 215
3 204 215 205
3 205 215 216
3 205 216 206
3 206 216 217
3 206 217 207
3 207 217 218
3 207 218 208
3 208 218 219
3 208 219 209
3 209 219 210
3 209 210 200
3 210 220 221
3 210 221 211
3 211 221 222
3 211 222 212
3 212 222 223
3 212 223 213
3 213 223 224
3 213 224 214
3 214 224 225
3 214 225 215
3 215 225 226
3 215 226 216
3 216 226 227
3 216 227 217
3 217 227 228
3 217 228 218
3 218 228 229
3 218 229 219
3 219 229 220
3 219 220 210
3 220 230 231
3 220 231 221
3 221 231 232
3 221 232 222
3 222 232 233
3 222 233 223
3 223 233 234
3 223 234 224
3 224 234 235
3 224 235 225
3 225 235 236
3 225 236 226
3 226 236 237
3 226 237 227
3 227 237 238
3 227 238 228
3 228 238 239
3 228 239 229
3 229 239 230
3 229 230 220
3 230 240 241
3 230 241 231
3 231 241 242
3 231 242 232
3 232 242 243
3 232 243 233
3 233 243 244
3 233 244 234
3 234 244 245
3 234 245 235
3 235 245 246
3 235 246 236
3 236 246 247
3 236 247 237
3 237 247 248
3 237 248 238
3 238 248 249
3 238 249 239
3 239 249 240
3 239 240 230
3 240 250 251
3 240 251 241
3 241 251 252
3 241 252 242
3 242 252 253
3 242 253 243
3 243 253 254
3 243 254 244
3 244 254 255
3 244 255 245
3 245 255 256
3 245 256 246
3 246 256 257
3 246 257 247
3 247 257 258
3 247 258 248
3 248 258 259
3 248 259 249
3 249 259 250
3 249 250 240
3 250 260 261
3 250 261 251
3 251 261 262
3 251 262 252
3 252 262 263
3 252 263 253
3 253 263 264
3 253 264 254
3 254 264 265
3 254 265 255
3 255 265 266
3 255 266 256
3 256 266 267
3 256 267 257
3 257 267 268
3 257 268 258
3 258 268 269
3 258 269 259
3 259 269 260
3 259 260 250
3 260 270 271
3 260 271 261
3 261 271 272
3 261 272 262
3 262 272 273
3 262 273 263
3 263 273 274
3 263 274 264
3 264 274 275
3 264 275 265
3 265 275 276
3 265 276 266
3 266 276 277
3 266 277 267
3 267 277 278
3 267 278 268
3 268 278 279
3 268 279 269
3 269 279 270
3 269 270 260
3 270 280 281
3 270 281 271
3 271 281 282
3 271 282 272
3 272 282 283
3 272 283 273
3 273 283 284
3 273 284 274
3 274 284 285
3 274 285 275
3 275 285 286
3 275 286 276
3 276 286 287
3 276 287 277
3 277 287 288
3 277 288 278
3 278 288 289
3 278 289 279
3 279 289 280
3 279 280 270
3 280 290 291
3 280 291 281
3 281 291 292
3 281 292 282
3 282 292 293
3 282 293 283
3 283 293 294
3 283 294 284
3 284 294 295
3 284 295 285
3 285 295 296
3 285 296 286
3 286 296 297
3 286 297 287
3 287 297 298
3 287 298 288
3 288 298 299
3 288 299 289
3 289 299 290
3 289 290 280
3 290 300 301
3 290 301 291
3 291 301 302
3 291 302 292
3 292 302 303
3 292 303 293
3 293 303 304
3 293 304 294
3 294 304 305
3 294 305 295
3 295 305 306
3 295 306 296
3 296 306 307
3 296 307 297
3 297 307 308
3 297 308 298
3 298 308 309
3 298 309 299
3 299 309 300
3 299 300 290
3 300 310 311
3 300 311 301
3 301 311 312
3 301 312 302
3 302 312 313
3 302 313 303
3 303 313 314
3 303 314 304
3 304 314 315
3 304 315 305
3 305 315 316
3 305 316 306
3 306 316 317
3 306 317 307
3 307 317 318
3 307 318 308
3 308 318 319
3 308 319 309
3 309 319 310
3 309 310 300
3 310 320 321
3 310 321 311
3 311 321 322
3 311 322 312
3 312 322 323
3 312 323 313
3 313 323 324
3 313 324 314
3 314 324 325
3 314 325 315
3 315 325 326
3 315 326 316
3 316 326 327
3 316 327 317
3 317 327 328
3 317 328 318
3 318 328 329
3 318 329 319
3 319 329 320
3 319 320 310
3 320 330 331
3 320 331 321
3 321 331 332
3 321 332 322
3 322 332 333
3 322 333 323
3 323 333 334
3 323 334 324
3 324 334 335
3 324 335 325
3 325 335 336
3 325 336 326
3 326 336 337
3 326 337 327
3 327 337 338
3 327 338 328
3 328 338 339
3 328 339 329
3 329 339 330
3 329 330 320
3 330 340 341
3 330 341 331
3 331 341 342
3 331 342 332
3 332 342 343
3 332 343 333
3 333 343 344
3 333 344 334
3 334 344 345
3 334 345 335
3 335 345 346
3 335 346 336
3 336 346 347
3 336 347 337
3 337 347 348
3 337 348 338
3 338 348 349
3 338 349 339
3 339 349 340
3 339 340 330
3 340 350 351
3 340 351 341
3 341 351 352
3 341 352 342
3 342 352 353
3 342 353 343
3 343 353 354
3 343 354 344
3 344 354 355
3 344 355 345
3 345 355 356
3 345 356 346
3 346 356 357
3 346 357 347
3 347 357 358
3 347 358 348
3 348 358 359
3 348 359 349
3 349 359 350
3 349 350 340
3 350 360 361
3 350 361 351
3 351 361 362
3 351 362 352
3 352 362 363
3 352 363 353
3 353 363 364
3 353 364 354
3 354 364 365
3 354 365 355
3 355 365 366
3 355 366 356
3 356 366 367
3 356 367 357
3 357 367 368
3 357 368 358
3 358 368 369
3 358 369 359
3 359 369 360
3 359 360 350
3 360 370 371
3 360 371 361
3 361 371 372
3 361 372 362
3 362 372 373
3 362 373 363
3 363 373 374
3 363 374 364
3 364 374 375
3 364 375 365
3 365 375 376
3 365 376 366
3 366 376 377
3 366 377 367
3 367 377 378
3 367 378 368
3 368 378 379
3 368 379 369
3 369 379 370
3 369 370 360
3 370 380 381
3 370 381 371
3 371 381 382
3 371 382 372
3 372 382 383
3 372 383 373
3 373 383 384
3 373 384 374
3 374 384 385
3 374 385 375
3 375 385 386
3 375 386 376
3 376 386 387
3 376 387 377
3 377 387 388
3 377 388 378
3 378 388 389
3 378 389 379
3 379 389 380
3 379 380 370
3 380 390 391
3 380 391 381
3 381 391 392
3 381 392 382
3 382 392 393
3 382 393 383
3 383 393 394
3 383 394 384
3 384 394 395
3 384 395 385
3 385 395 396
3 385 396 386
3 386 396 397
3 386 397 387
3 387 397 398
3 387 398 388
3 388 398 399
3 388 399 389
3 389 399 390
3 389 390 380
3 390 400 401
3 390 401 391
3 391 401 402
3 391 402 392
3 392 402 403
3 392 403 393
3 393 403 404
3 393 404 394
3 394 404 405
3 394 405 395
3 395 405 406
3 395 406 396
3 396 406 407
3 396 407 397
3 397 407 408
3 397 408 398
3 398 408 409
3 398 409 399
3 399 409 400
3 399 400 390
3 400 410 411
3 400 411 401
3 401 411 412
3 401 412 402
3 402 412 413
3 402 413 403
3 403 413 414
3 403 414 404
3 404 414 415
3 404 415 405
3 405 415 416
3 405 416 406
3 406 416 417
3 406 417 407
3 407 417 418
3 407 418 408
3 408 418 419
3 408 419 409
3 409 419 410
3 409 410 400
3 410 420 421
3 410 421 411
3 411 421 422
3 411 422 412
3 412 422 423
3 412 423 413
3 413 423 424
3 413 424 414
3 414 424 425
3 414 425 415
3 415 425 426
3 415 426 416
3 416 426 427
3 416 427 417
3 417 427 428
3 417 428 418
3 418 428 429
3 418 429 419
3 419 429 420
3 419 420 410
3 420 430 431
3 420 431 421
3 421 431 432
3 421 432 422
3 422 432 433
3 422 433 423
3 423 433 434
3 423 434 424
3 424 434 435
3 424 435 425
3 425 435 436
3 425 436 426
3 426 436 437
3 426 437 427
3 427 437 438
3 427 438 428
3 428 438 439
3 428 439 429
3 429 439 430
3 429 430 420
3 430 440 441
3 430 441 431
3 431 441 442
3 431 442 432
3 432 442 443
3 432 443 433
3 433 443 444
3 433 444 434
3 434 444 445
3 434 445 435
3 435 445 446
3 435 446 436
3 436 446 447
3 436 447 437
3 437 447 448
3 437 448 438
3 438 448 449
3 438 449 439
3 439 449 440
3 439 440 430
3 440 450 451
3 440 451 441
3 441 451 452
3 441 452 442
3 442 452 453
3 442 453 443
3 443 453 454
3 443 454 444
3 444 454 455
3 444 455 445
3 445 455 456
3 445 456 446
3 446 456 457
3 446 457 447
3 447 457 458
3 447 458 448
3 448 458 459
3 448 459 449
3 449 459 450
3 449 450 440
3 450 460 461
3 450 461 451
3 451 461 462
3 451 462 452
3 452 462 463
3 452 463 453
3 453 463 464
3 453 464 454
3 454 464 465
3 454 465 455
3 455 465 466
3 455 466 456
3 456 466 467
3 456 467 457
3 457 467 468
3 457 468 458
3 458 468 469
3 458 469 459
3 459 469 460
3 459 460 450
3 460 470 471
3 460 471 461
3 461 471 472
3 461 472 462
3 462 472 473
3 462 473 463
3 463 473 474
3 463 474 464
3 464 474 475
3 464 475 465
3 465 475 476
3 465 476 466
3 466 476 477
3 466 477 467
3 467 477 478
3 467 478 468
3 468 478 479
3 468 479 469
3 469 479 470
3 469 470 460
3 470 480 481
3 470 481 471
3 471 481 482
3 471 482 472
3 472 482 483
3 472 483 473
3 473 483 484
3 473 484 474
3 474 484 485
3 474 485 475
3 475 485 486
3 475 486 476
3 476 486 487
3 476 487 477
3 477 487 488
3 477 488 478
3 478 488 489
3 478 489 479
3 479 489 480
3 479 480 470
3 480 490 491
3 480 491 481
3 481 491 492
3 481 492 482
3 482 492 493
3 482 493 483
3 483 493 494
3 483 494 484
3 484 494 495
3 484 495 485
3 485 495 496
3 485 496 486
3 486 496 497
3 486 497 487
3 487 497 498
3 487 498 488
3 488 498 499
3 488 499 489
3 489 499 490
3 489 490 480
3 490 500 501
3 490 501 491
3 491 501 502
3 491 502 492
3 492 502 503
3 492 503 493
3 493 503 504
3 493 504 494
3 494 504 505
3 494 505 495
3 495 505 506
3 495 506 496
3 496 506 507
3 496 507 497
3 497 507 508
3 497 508 498
3 498 508 509
3 498 509 499
3 499 509 500
3 499 500 490
3 500 510 511
3 500 511 501
3 501 511 512
3 501 512 502
3 502 512 513
3 502 513 503
3 503 513 514
3 503 514 504
3 504 514 515
3 504 515 505
3 505 515 516
3 505 516 506
3 506 516 517
3 506 517 507
3 507 517 518
3 507 518 508
3 508 518 519
3 508 519 509
3 509 519 510
3 509 510 500
3 510 520 521
3 510 521 511
3 511 521 522
3 511 522 512
3 512 522 523
3 512 523 513
3 513 523 524
3 513 524 514
3 514 524 525
3 514 525 515
3 515 525 526
3 515 526 516
3 516 526 527
3 516 527 517
3 517 527 528
3 517 528 518
3 518 528 529
3 518 529 519
3 519 529 520
3 519 520 510
3 520 530 531
3 520 531 521
3 521 531 532
3 521 532 522
3 522 532 533
3 522 533 523
3 523 533 534
3 523 534 524
3 524 534 535
3 524 535 525
3 525 535 536
3 525 536 526
3 526 536 537
3 526 537 527
3 527 537 538
3 527 538 528
3 528 538 539
3 528 539 529
3 529 539 530
3 529 530 520
3 530 540 541
3 530 541 531
3 531 541 542
3 531 542 532
3 532 542 543
3 532 543 533
3 533 543 544
3 533 544 534
3 534 544 545
3 534 545 535
3 535 545 546
3 535 546 536
3 536 546 547
3 536 547 537
3 537 547 548
3 537 548 538
3 538 548 549
3 538 549 539
3 539 549 540
3 539 540 530
3 540 550 551
3 540 551 541
3 541 551 552
3 541 552 542
3 542 552 553
3 542 553 543
3 543 553 554
3 543 554 544
3 544 554 555
3 544 555 545
3 545 555 556
3 545 556 546
3 546 556 557
3 546 557 547
3 547 557 558
3 547 558 548
3 548 558 559
3 548 559 549
3 549 559 550
3 549 550 540
3 550 560 561
3 550 561 551
3 551 561 562
3 551 562 552
3 552 562 563
3 552 563 553
3 553 563 564
3 553 564 554
3 554 564 565
3 554 565 555
3 555 565 566
3 555 566 556
3 556 566 567
3 556 567 557
3 557 567 568
3 557 568 558
3 558 568 569
3 558 569 559
3 559 569 560
3 559 560 550
3 560 570 571
3 560 571 561
3 561 571 572
3 561 572 562
3 562 572 573
3 562 573 563
3 563 573 574
3 563 574 564
3 564 574 575
3 564 575 565
3 565 575 576
3 565 576 566
3 566 576 577
3 566 577 567
3 567 577 578
3 567 578 568
3 568 578 579
3 568 579 569
3 569 579 570
3 569 570 560
3 570 580 581
3 570 581 571
3 571 581 582
3 571 582 572
3 572 582 583
3 572 583 573
3 573 583 584
3 573 584 574
3 574 584 585
3 574 585 575
3 575 585 586
3 575 586 576
3 576 586 587
3 576 587 577
3 577 587 588
3 577 588 578
3 578 588 589
3 578 589 579
3 579 589 580
3 579 580 570
3 580 590 591
3 580 591 581
3 581 591 592
3 581 592 582
3 582 592 593
3 582 593 583
3 583 593 594
3 583 594 584
3 584 594 595
3 584 595 585
3 585 595 596
3 585 596 586
3 586 596 597
3 586 597 587
3 587 597 598
3 587 598 588
3 588 598 599
3 588 599 589
3 589 599 590
3 589 590 580
3 590 600 601
3 590 601 591
3 591 601 602
3 591 602 592
3 592 602 603
3 592 603 593
3 593 603 604
3 593 604 594
3 594 604 605
3 594 605 595
3 595 605 606
3 595 606 596
3 596 606 607
3 596 607 597
3 597 607 608
3 597 608 598
3 598 608 609
3 598 609 599
3 599 609 600
3 599 600 590
3 600 610 611
3 600 611 601
3 601 611 612
3 601 612 602
3 602 612 613
3 602 613 603
3 603 613 614
3 603 614 604
3 604 614 615
3 604 615 605
3 605 615 616
3 605 616 606
3 606 616 617
3 606 617 607
3 607 617 618
3 607 618 608
3 608 618 619
3 608 619 609
3 609 619 610
3 609 610 600
3 610 620 621
3 610 621 611
3 611 621 622
3 611 622 612
3 612 622 623
3 612 623 613
3 613 623 624
3 613 624 614
3 614 624 625
3 614 625 615
3 615 625 626
3 615 626 616
3 616 626 627
3 616 627 617
3 617 627 628
3 617 628 618
3 618 628 629
3 618 629 619
3 619 629 620
3 619 620 610
3 620 630 631
3 620 631 621
3 621 631 632
3 621 632 622
3 622 632 633
3 622 633 623
3 623 633 634
3 623 634 624
3 624 634 635
3 624 635 625
3 625 635 636
3 625 636 626
3 626 636 637
3 626 637 627
3 627 637 638
3 627 638 628
3 628 638 639
3 628 639 629
3 629 639 630
3 629 630 620
3 630 640 641
3 630 641 631
3 631 641 642
3 631 642 632
3 632 642 643
3 632 643 633
3 633 643 644
3 633 644 634
3 634 644 645
3 634 645 635
3 635 645 646
3 635 646 636
3 636 646 647
3 636 647 637
3 637 647 648
3 637 648 638
3 638 648 649
3 638 649 639
3 639 649 640
3 639 640 630
3 640 650 651
3 640 651 641
3 641 651 652
3 641 652 642
3 642 652 653
3 642 653 643
3 643 653 654
3 643 654 644
3 644 654 655
3 644 655 645
3 645 655 656
3 645 656 646
3 646 656 657
3 646 657 647
3 647 657 658
3 647 658 648
3 648 658 659
3 648 659 649
3 649 659 650
3 649 650 640
3 650 660 661
3 650 661 651
3 651 661 662
3 651 662 652
3 652 662 663
3 652 663 653
3 653 663 664
3 653 664 654
3 654 664 665
3 654 665 655
3 655 665 666
3 655 666 656
3 656 666 667
3 656 667 657
3 657 667 668
3 657 668 658
3 658 668 669
3 658 669 659
3 659 669 660
3 659 660 650
3 660 670 671
3 660 671 661
3 661 671 672
3 661 672 662
3 662 672 673
3 662 673 663
3 663 673 674
3 663 674 664
3 664 674 675
3 664 675 665
3 665 675 676
3 665 676 666
3 666 676 677
3 666 677 667
3 667 677 678
3 667 678 668
3 668 678 679
3 668 679 669
3 669 679 670
3 669 670 660
3 670 680 681
3 670 681 671
3 671 681 682
3 671 682 672
3 672 682 683
3 672 683 673
3 673 683 684
3 673 684 674
3 674 684 685
3 674 685 675
3 675 685 686
3 675 686 676
3 676 686 687
3 676 687 677
3 677 687 688
3 677 688 678
3 678 688 689
3 678 689 679
3 679 689 680
3 679 680 670
3 680 690 691
3 680 691 681
3 681 691 692
3 681 692 682
3 682 692 693
3 682 693 683
3 683 693 694
3 683 694 684
3 684 694 695
3 684 695 685
3 685 695 696
3 685 696 686
3 686 696 697
3 686 697 687
3 687 697 698
3 687 698 688
3 688 698 699
3 688 699 689
3 689 699 690
3 689 690 680
3 690 700 701
3 690 701 691
3 691 701 702
3 691 702 692
3 692 702 703
3 692 703 693
3 693 703 704
3 693 704 694
3 694 704 705
3 694 705 695
3 695 705 706
3 695 706 696
3 696 706 707
3 696 707 697
3 697 707 708
3 697 708 698
3 698 708 709
3 698 709 699
3 699 709 700
3 699 700 690
3 700 710 711
3 700 711 701
3 701 711 712
3 701 712 702
3 702 712 713
3 702 713 703
3 703 713 714
3 703 714 704
3 704 714 715
3 704 715 705
3 705 715 716
3 705 716 706
3 706 716 717
3 706 717 707
3 707 717 718
3 707 718 708
3 708 718 719
3 708 719 709
3 709 719 710
3 709 710 700
3 710 720 721
3 710 721 711
3 711 721 722
3 711 722 712
3 712 722 723
3 712 723 713
3 713 723 724
3 713 724 714
3 714 724 725
3 714 725 715
3 715 725 726
3 715 726 716
3 716 726 727
3 716 727 717
3 717 727 728
3 717 728 718
3 718 728 729
3 718 729 719
3 719 729 720
3 719 720 710
3 720 730 731
3 720 731 721
3 721 731 732
3 721 732 722
3 722 732 733
3 722 733 723
3 723 733 734
3 723 734 724
3 724 734 735
3 724 735 725
3 725 735 736
3 725 736 726
3 726 736 737
3 726 737 727
3 727 737 738
3 727 738 728
3 728 738 739
3 728 739 729
3 729 739 730
3 729 730 720
3 730 740 741
3 730 741 731
3 731 741 742
3 731 742 732
3 732 742 743
3 732 743 733
3 733 743 744
3 733 744 734
3 734 744 745
3 734 745 735
3 735 745 746
3 735 746 736
3 736 746 747
3 736 747 737
3 737 747 748
3 737 748 738
3 738 748 749
3 738 749 739
3 739 749 740
3 739 740 730
3 740 750 751
3 740 751 741
3 741 751 752
3 741 752 742
3 742 752 753
3 742 753 743
3 743 753 754
3 743 754 744
3 744 754 755
3 744 755 745
3 745 755 756
3 745 756 746
3 746 756 757
3 746 757 747
3 747 757 758
3 747 758 748
3 748 758 759
3 748 759 749
3 749 759 750
3 749 750 740
3 750 760 761
3 750 761 751
3 751 761 762
3 751 762 752
3 752 762 763
3 752 763 753
3 753 763 764
3 753 764 754
3 754 764 765
3 754 765 755
3 755 765 766
3 755 766 756
3 756 766 767
3 756 767 757
3 757 767 768
3 757 768 758
3 758 768 769
3 758 769 759
3 759 769 760
3 759 760 750
3 760 770 771
3 760 771 761
3 761 771 772
3 761 772 762
3 762 772 773
3 762 773 763
3 763 773 774
3 763 774 764
3 764 774 775
3 764 775 765
3 765 775 776
3 765 776 766
3 766 776 777
3 766 777 767
3 767 777 778
3 767 778 768
3 768 778 779
3 768 779 769
3 769 779 770
3 769 770 760
3 770 780 781
3 770 781 771
3 771 781 782
3 771 782 772
3 772 782 783
3 772 783 773
3 773 783 784
3 773 784 774
3 774 784 785
3 774 785 775
3 775 785 786
3 775 786 776
3 776 786 787
3 776 787 777
3 777 787 788
3 777 788 778
3 778 788 789
3 778 789 779
3 779 789 780
3 779 780 770
3 780 790 791
3 780 791 781
3 781 791 792
3 781 792 782
3 782 792 793
3 782 793 783
3 783 793 794
3 783 794 784
3 784 794 795
3 784 795 785
3 785 795 796
3 785 796 786
3 786 796 797
3 786 797 787
3 787 797 798
3 787 798 788
3 788 798 799
3 788 799 789
3 789 799 790
3 789 790 780
3 790 800 801
3 790 801 791
3 791 801 802
3 791 802 792
3 792 802 803
3 792 803 793
3 793 803 804
3 793 804 794
3 794 804 805
3 794 805 795
3 795 805 806
3 795 806 796
3 796 806 807
3 796 807 797
3 797 807 808
3 797 808 798
3 798 808 809
3 798 809 799
3 799 809 800
3 799 800 790
3 800 810 811
3 800 811 801
3 801 811 812
3 801 812 802
3 802 812 813
3 802 813 803
3 803 813 814
3 803 814 804
3 804 814 815
3 804 815 805
3 805 815 816
3 805 816 806
3 806 816 817
3 806 817 807
3 807 817 818
3 807 818 808
3 808 818 819
3 808 819 809
3 809 819 810
3 809 810 800
3 810 820 821
3 810 821 811
3 811 821 822
3 811 822 812
3 812 822 823
3 812 823 813
3 813 823 824
3 813 824 814
3 814 824 825
3 814 825 815
3 815 825 826
3 815 826 816
3 816 826 827
3 816 827 817
3 817 827 828
3 817 828 818
3 818 828 829
3 818 829 819
3 819 829 820
3 819 820 810
3 820 830 831
3 820 831 821
3 821 831 832
3 821 832 822
3 822 832 833
3 822 833 823
3 823 833 834
3 823 834 824
3 824 834 835
3 824 835 825
3 825 835 836
3 825 836 826
3 826 836 837
3 826 837 827
3 827 837 838
3 827 838 828
3 828 838 839
3 828 839 829
3 829 839 830
3 829 830 820
3 830 840 841
3 830 841 831
3 831 841 842
3 831 842 832
3 832 842 843
3 832 843 833
3 833 843 844
3 833 844 834
3 834 844 845
3 834 845 835
3 835 845 846
3 835 846 836
3 836 846 847
3 836 847 837
3 837 847 848
3 837 848 838
3 838 848 849
3 838 849 839
3 839 849 840
3 839 840 830
3 840 850 851
3 840 851 841
3 841 851 852
3 841 852 842
3 842 852 853
3 842 853 843
3 843 853 854
3 843 854 844
3 844 854 855
3 844 855 845
3 845 855 856
3 845 856 846
3 846 856 857
3 846 857 847
3 847 857 858
3 847 858 848
3 848 858 859
3 848 859 849
3 849 859 850
3 849 850 840
3 850 860 861
3 850 861 851
3 851 861 862
3 851 862 852
3 852 862 863
3 852 863 853
3 853 863 864
3 853 864 854
3 854 864 865
3 854 865 855
3 855 865 866
3 855 866 856
3 856 866 867
3 856 867 857
3 857 867 868
3 857 868 858
3 858 868 869
3 858 869 859
3 859 869 860
3 859 860 850
3 860 870 871
3 860 871 861
3 861 871 872
3 861 872 862
3 862 872 873
3 862 873 863
3 863 873 874
3 863 874 864
3 864 874 875
3 864 875 865
3 865 875 876
3 865 876 866
3 866 876 877
3 866 877 867
3 867 877 878
3 867 878 868
3 868 878 879
3 868 879 869
3 869 879 870
3 869 870 860
3 870 880 881
3 870 881 871
3 871 881 882
3 871 882 872
3 872 882 883
3 872 883 873
3 873 883 884
3 873 884 874
3 874 884 885
3 874 885 875
3 875 885 886
3 875 886 876
3 876 886 887
3 876 887 877
3 877 887 888
3 877 888 878
3 878 888 889
3 878 889 879
3 879 889 880
3 879 880 870
3 880 890 891
3 880 891 881
3 881 891 892
3 881 892 882
3 882 892 893
3 882 893 883
3 883 893 894
3 883 894 884
3 884 894 895
3 884 895 885
3 885 895 896
3 885 896 886
3 886 896 897
3 886 897 887
3 887 897 898
3 887 898 888
3 888 898 899
3 888 899 889
3 889 899 890
3 889 890 880
3 890 900 901
3 890 901 891
3 891 901 902
3 891 902 892
3 892 902 903
3 892 903 893
3 893 903 904
3 893 904 894
3 894 904 905
3 894 905 895
3 895 905 906
3 895 906 896
3 896 906 907
3 896 907 897
3 897 907 908
3 897 908 898
3 898 908 909
3 898 909 899
3 899 909 900
3 899 900 890
3 900 910 911
3 900 911 901
3 901 911 912
3 901 912 902
3 902 912 913
3 902 913 903
3 903 913 914
3 903 914 904
3 904 914 915
3 904 915 905
3 905 915 916
3 905 916 906
3 906 916 917
3 906 917 907
3 907 917 918
3 907 918 908
3 908 918 919
3 908 919 909
3 909 919 910
3 909 910 900
3 910 920 921
3 910 921 911
3 911 921 922
3 911 922 912
3 912 922 923
3 912 923 913
3 913 923 924
3 913 924 914
3 914 924 925
3 914 925 915
3 915 925 926
3 915 926 916
3 916 926 927
3 916 927 917
3 917 927 928
3 917 928 918
3 918 928 929
3 918 929 919
3 919 929 920
3 919 920 910
3 920 930 931
3 920 931 921
3 921 931 932
3 921 932 922
3 922 932 933
3 922 933 923
3 923 933 934
3 923 934 924
3 924 934 935
3 924 935 925
3 925 935 936
3 925 936 926
3 926 936 937
3 926 937 927
3 927 937 938
3 927 938 928
3 928 938 939
3 928 939 929
3 929 939 930
3 929 930 920
3 930 940 941
3 930 941 931
3 931 941 942
3 931 942 932
3 932 942 943
3 932 943 933
3 933 943 944
3 933 944 934
3 934 944 945
3 934 945 935
3 935 945 946
3 935 946 936
3 936 946 947
3 936 947 937
3 937 947 948
3 937 948 938
3 938 948 949
3 938 949 939
3 939 949 940
3 939 940 930
3 940 950 951
3 940 951 941
3 941 951 952
3 941 952 942
3 942 952 953
3 942 953 943
3 943 953 954
3 943 954 944
3 944 954 955
3 944 955 945
3 945 955 956
3 945 956 946
3 946 956 957
3 946 957 947
3 947 957 958
3 947 958 948
3 948 958 959
3 948 959 949
3 949 959 950
3 949 950 940
3 950 960 961
3 950 961 951
3 951 961 962
3 951 962 952
3 952 962 963
3 952 963 953
3 953 963 964
3 953 964 954
3 954 964 965
3 954 965 955
3 955 965 966
3 955 966 956
3 956 966 967
3 956 967 957
3 957 967 968
3 957 968 958
3 958 968 969
3 958 969 959
3 959 969 960
3 959 960 950
3 960 970 971
3 960 971 961
3 961 971 972
3 961 972 962
3 962 972 973
3 962 973 963
3 963 973 974
3 963 974 964
3 964 974 975
3 964 975 965
3 965 975 976
3 965 976 966
3 966 976 977
3 966 977 967
3 967 977 978
3 967 978 968
3 968 978 979
3 968 979 969
3 969 979 970
3 969 970 960
3 970 980 981
3 970 981 971
3 971 981 982
3 971 982 972
3 972 982 983
3 972 983 973
3 973 983 984
3 973 984 974
3 974 984 985
3 974 985 975
3 975 985 986
3 975 986 976
3 976 986 987
3 976 987 977
3 977 987 988
3 977 988 978
3 978 988 989
3 978 989 979
3 979 989 980
3 979 980 970
3 980 990 991
3 980 991 981
3 981 991 992
3 981 992 982
3 982 992 993
3 982 993 983
3 983 993 994
3 983 994 984
3 984 994 995
3 984 995 985
3 985 995 996
3 985 996 986
3 986 996 997
3 986 997 987
3 987 997 998
3 987 998 988
3 988 998 999
3 988 999 989
3 989 999 990
3 989 990 980
3 990 1000 1001
3 990 1001 991
3 991 1001 1002
3 991 1002 992
3 992 1002 1003
3 992 1003 993
3 993 1003 1004
3 993 1004 994
3 994 1004 1005
3 994 1005 995
3 995 1005 1006
3 995 1006 996
3 996 1006 1007
3 996 1007 997
3 997 1007 1008
3 997 1008 998
3 998 1008 1009
3 998 1009 999
3 999 1009 1000
3 999 1000 990
3 1000 1010 1011
3 1000 1011 1001
3 1001 1011 1012
3 1001 1012 1002
3 1002 1012 1013
3 1002 1013 1003
3 1003 1013 1014
3 1003 1014 1004
3 1004 1014 1015
3 1004 1015 1005
3 1005 1015 1016
3 1005 1016 1006
3 1006 1016 1017
3 1006 1017 1007
3 1007 1017 1018
3 1007 1018 1008
3 1008 1018 1019
3 1008 1019 1009
3 1009 1019 1010
3 1009 1010 1000
3 1010 1020 1021
3 1010 1021 1011
3 1011 1021 1022
3 1011 1022 1012
3 1012 1022 1023
3 1012 1023 1013
3 1013 1023 1024
3 1013 1024 1014
3 1014 1024 1025
3 1014 1025 1015
3 1015 1025 1026
3 1015 1026 1016
3 1016 1026 1027
3 1016 1027 1017
3 1017 1027 1028
3 1017 1028 1018
3 1018 1028 1029
3 1018 1029 1019
3 1019 1029 1020
3 1019 1020 1010
3 1020 1030 1031
3 1020 1031 1021
3 1021 1031 1032
3 1021 1032 1022
3 1022 1032 1033
3 1022 1033 1023
3 1023 1033 1034
3 1023 1034 1024
3 1024 1034 1035
3 1024 1035 1025
3 1025 1035 1036
3 1025 1036 1026
3 1026 1036 1037
3 1026 1037 1027
3 1027 1037 1038
3 1027 1038 1028
3 1028 1038 1039
3 1028 1039 1029
3 1029 1039 1030
3 1029 1030 1020
3 1030 1040 1041
3 1030 1041 1031
3 1031 1041 1042
3 1031 1042 1032
3 1032 1042 1043
3 1032 1043 1033
3 1033 1043 1044
3 1033 1044 1034
3 1034 1044 1045
3 1034 1045 1035
3 1035 1045 1046
3 1035 1046 1036
3 1036 1046 1047
3 1036 1047 1037
3 1037 1047 1048
3 1037 1048 1038
3 1038 1048 1049
3 1038 1049 1039
3 1039 1049 1040
3 1039 1040 1030
3 1040 1050 1051
3 1040 1051 1041
3 1041 1051 1052
3 1041 1052 1042
3 1042 1052 1053
3 1042 1053 1043
3 1043 1053 1054
3 1043 1054 1044
3 1044 1054 1055
3 1044 1055 1045
3 1045 1055 1056
3 1045 1056 1046
3 1046 1056 1057
3 1046 1057 1047
3 1047 1057 1058
3 1047 1058 1048
3 1048 1058 1059
3 1048 1059 1049
3 1049 1059 1050
3 1049 1050 1040
3 1050 1060 1061
3 1050 1061 1051
3 1051 1061 1062
3 1051 1062 1052
3 1052 1062 1063
3 1052 1063 1053
3 1053 1063 1064
3 1053 1064 1054
3 1054 1064 1065
3 1054 1065 1055
3 1055 1065 1066
3 1055 1066 1056
3 1056 1066 1067
3 1056 1067 1057
3 1057 1067 1068
3 1057 1068 1058
3 1058 1068 1069
3 1058 1069 1059
3 1059 1069 1060
3 1059 1060 1050
3 1060 1070 1071
3 1060 1071 1061
3 1061 1071 1072
3 1061 1072 1062
3 1062 1072 1073
3 1062 1073 1063
3 1063 1073 1074
3 1063 1074 1064
3 1064 1074 1075
3 1064 1075 1065
3 1065 1075 1076
3 1065 1076 1066
3 1066 1076 1077
3 1066 1077 1067
3 1067 1077 1078
3 1067 1078 1068
3 1068 1078 1079
3 1068 1079 1069
3 1069 1079 1070
3 1069 1070 1060
3 1070 1080 1081
3 1070 1081 1071
3 1071 1081 1082
3 1071 1082 1072
3 1072 1082 1083
3 1072 1083 1073
3 1073 1083 1084
3 1073 1084 1074
3 1074 1084 1085
3 1074 1085 1075
3 1075 1085 1086
3 1075 1086 1076
3 1076 1086 1087
3 1076 1087 1077
3 1077 1087 1088
3 1077 1088 1078
3 1078 1088 1089
3 1078 1089 1079
3 1079 1089 1080
3 1079 1080 1070
3 1080 1090 1091
3 1080 1091 1081
3 1081 1091 1092
3 1081 1092 1082
3 1082 1092 1093
3 1082 1093 1083
3 1083 1093 1094
3 1083 1094 1084
3 1084 1094 1095
3 1084 1095 1085
3 1085 1095 1096
3 1085 1096 1086
3 1086 1096 1097
3 1086 1097 1087
3 1087 1097 1098
3 1087 1098 1088
3 1088 1098 1099
3 1088 1099 1089
3 1089 1099 1090
3 1089 1090 1080
3 1090 1100 1101
3 1090 1101 1091
3 1091 1101 1102
3 1091 1102 1092
3 1092 1102 1103
3 1092 1103 1093
3 1093 1103 1104
3 1093 1104 1094
3 1094 1104 1105
3 1094 1105 1095
3 1095 1105 1106
3 1095 1106 1096
3 1096 1106 1107
3 1096 1107 1097
3 1097 1107 1108
3 1097 1108 1098
3 1098 1108 1109
3 1098 1109 1099
3 1099 1109 1100
3 1099 1100 1090
3 1100 1110 1111
3 1100 1111 1101
3 1101 1111 1112
3 1101 1112 1102
3 1102 1112 1113
3 1102 1113 1103
3 1103 1113 1114
3 1103 1114 1104
3 1104 1114 1115
3 1104 1115 1105
3 1105 1115 1116
3 1105 1116 1106
3 1106 1116 1117
3 1106 1117 1107
3 1107 1117 1118
3 1107 1118 1108
3 1108 1118 1119
3 1108 1119 1109
3 1109 1119 1110
3 1109 1110 1100
3 1110 1120 1121
3 1110 1121 1111
3 1111 1121 1122
3 1111 1122 1112
3 1112 1122 1123
3 1112 1123 1113
3 1113 1123 1124
3 1113 1124 1114
3 1114 1124 1125
3 1114 1125 1115
3 1115 1125 1126
3 1115 1126 1116
3 1116 1126 1127
3 1116 1127 1117
3 1117 1127 1128
3 1117 1128 1118
3 1118 1128 1129
3 1118 1129 1119
3 1119 1129 1120
3 1119 1120 1110
3 1120 1130 1131
3 1120 1131 1121
3 1121 1131 1132
3 1121 1132 1122
3 1122 1132 1133
3 1122 1133 1123
3 1123 1133 1134
3 1123 1134 1124
3 1124 1134 1135
3 1124 1135 1125
3 1125 1135 1136
3 1125 1136 1126
3 1126 1136 1137
3 1126 1137 1127
3 1127 1137 1138
3 1127 1138 1128
3 1128 1138 1139
3 1128 1139 1129
3 1129 1139 1130
3 1129 1130 1120
3 1130 1140 1141
3 1130 1141 1131
3 1131 1141 1142
3 1131 1142 1132
3 1132 1142 1143
3 1132 1143 1133
3 1133 1143 1144
3 1133 1144 1134
3 1134 1144 1145
3 1134 1145 1135
3 1135 1145 1146
3 1135 1146 1136
3 1136 1146 1147
3 1136 1147 1137
3 1137 1147 1148
3 1137 1148 1138
3 1138 1148 1149
3 1138 1149 1139
3 1139 1149 1140
3 1139 1140 1130
3 1140 1150 1151
3 1140 1151 1141
3 1141 1151 1152
3 1141 1152 1142
3 1142 1152 1153
3 1142 1153 1143
3 1143 1153 1154
3 1143 1154 1144
3 1144 1154 1155
3 1144 1155 1145
3 1145 1155 1156
3 1145 1156 1146
3 1146 1156 1157
3 1146 1157 1147
3 1147 1157 1158
3 1147 1158 1148
3 1148 1158 1159
3 1148 1159 1149
3 1149 1159 1150
3 1149 1150 1140
3 1150 1160 1161
3 1150 1161 1151
3 1151 1161 1162
3 1151 1162 1152
3 1152 1162 1163
3 1152 1163 1153
3 1153 1163 1164
3 1153 1164 1154
3 1154 1164 1165
3 1154 1165 1155
3 1155 1165 1166
3 1155 1166 1156
3 1156 1166 1167
3 1156 1167 1157
3 1157 1167 1168
3 1157 1168 1158
3 1158 1168 1169
3 1158 1169 1159
3 1159 1169 1160
3 1159 1160 1150
3 1160 1170 1171
3 1160 1171 1161
3 1161 1171 1172
3 1161 1172 1162
3 1162 1172 1173
3 1162 1173 1163
3 1163 1173 1174
3 1163 1174 1164
3 1164 1174 1175
3 1164 1175 1165
3 1165 1175 1176
3 1165 1176 1166
3 1166 1176 1177
3 1166 1177 1167
3 1167 1177 1178
3 1167 1178 1168
3 1168 1178 1179
3 1168 1179 1169
3 1169 1179 1170
3 1169 1170 1160
3 1170 1180 1181
3 1170 1181 1171
3 1171 1181 1182
3 1171 1182 1172
3 1172 1182 1183
3 1172 1183 1173
3 1173 1183 1184
3 1173 1184 1174
3 1174 1184 1185
3 1174 1185 1175
3 1175 1185 1186
3 1175 1186 1176
3 1176 1186 1187
3 1176 1187 1177
3 1177 1187 1188
3 1177 1188 1178
3 1178 1188 1189
3 1178 1189 1179
3 1179 1189 1180
3 1179 1180 1170
3 1180 1190 1191
3 1180 1191 1181
3 1181 1191 1192
3 1181 1192 1182
3 1182 1192 1193
3 1182 1193 1183
3 1183 1193 1194
3 1183 1194 1184
3 1184 1194 1195
3 1184 1195 1185
3 1185 1195 1196
3 1185 1196 1186
3 1186 1196 1197
3 1186 1197 1187
3 1187 1197 1198
3 1187 1198 1188
3 1188 1198 1199
3 1188 1199 1189
3 1189 1199 1190
3 1189 1190 1180
3 1190 1200 1201
3 1190 1201 1191
3 1191 1201 1202
3 1191 1202 1192
3 1192 1202 1203
3 1192 1203 1193
3 1193 1203 1204
3 1193 1204 1194
3 1194 1204 1205
3 1194 1205 1195
3 1195 1205 1206
3 1195 1206 1196
3 1196 1206 1207
3 1196 1207 1197
3 1197 1207 1208
3 1197 1208 1198
3 1198 1208 1209
3 1198 1209 1199
3 1199 1209 1200
3 1199 1200 1190
3 1200 1210 1211
3 1200 1211 1201
3 1201 1211 1212
3 1201 1212 1202
3 1202 1212 1213
3 1202 1213 1203
3 1203 1213 1214
3 1203 1214 1204
3 1204 1214 1215
3 1204 1215 1205
3 1205 1215 1216
3 1205 1216 1206
3 1206 1216 1217
3 1206 1217 1207
3 1207 1217 1218
3 1207 1218 1208
3 1208 1218 1219
3 1208 1219 1209
3 1209 1219 1210
3 1209 1210 1200
3 1210 1220 1221
3 1210 1221 1211
3 1211 1221 1222
3 1211 1222 1212
3 1212 1222 1223
3 1212 1223 1213
3 1213 1223 1224
3 1213 1224 1214
3 1214 1224 1225
3 1214 1225 1215
3 1215 1225 1226
3 1215 1226 1216
3 1216 1226 1227
3 1216 1227 1217
3 1217 1227 1228
3 1217 1228 1218
3 1218 1228 1229
3 1218 1229 1219
3 1219 1229 1220
3 1219 1220 1210
3 1220 1230 1231
3 1220 1231 1221
3 1221 1231 1232
3 1221 1232 1222
3 1222 1232 1233
3 1222 1233 1223
3 1223 1233 1234
3 1223 1234 1224
3 1224 1234 1235
3 1224 1235 1225
3 1225 1235 1236
3 1225 1236 1226
3 1226 1236 1237
3 1226 1237 1227
3 1227 1237 1238
3 1227 1238 1228
3 1228 1238 1239
3 1228 1239 1229
3 1229 1239 1230
3 1229 1230 1220
3 1230 1240 1241
3 1230 1241 1231
3 1231 1241 1242
3 1231 1242 1232
3 1232 1242 1243
3 1232 1243 1233
3 1233 1243 1244
3 1233 1244 1234
3 1234 1244 1245
3 1234 1245 1235
3 1235 1245 1246
3 1235 1246 1236
3 1236 1246 1247
3 1236 1247 1237
3 1237 1247 1248
3 1237 1248 1238
3 1238 1248 1249
3 1238 1249 1239
3 1239 1249 1240
3 1239 1240 1230
3 1240 1250 1251
3 1240 1251 1241
3 1241 1251 1252
3 1241 1252 1242
3 1242 1252 1253
3 1242 1253 1243
3 1243 1253 1254
3 1243 1254 1244
3 1244 1254 1255
3 1244 1255 1245
3 1245 1255 1256
3 1245 1256 1246
3 1246 1256 1257
3 1246 1257 1247
3 1247 1257 1258
3 1247 1258 1248
3 1248 1258 1259
3 1248 1259 1249
3 1249 1259 1250
3 1249 1250 1240
3 1250 1260 1261
3 1250 1261 1251
3 1251 1261 1262
3 1251 1262 1252
3 1252 1262 1263
3 1252 1263 1253
3 1253 1263 1264
3 1253 1264 1254
3 1254 1264 1265
3 1254 1265 1255
3 1255 1265 1266
3 1255 1266 1256
3 1256 1266 1267
3 1256 1267 1257
3 1257 1267 1268
3 1257 1268 1258
3 1258 1268 1269
3 1258 1269 1259
3 1259 1269 1260
3 1259 1260 1250
3 1260 1270 1271
3 1260 1271 1261
3 1261 1271 1272
3 1261 1272 1262
3 1262 1272 1273
3 1262 1273 1263
3 1263 1273 1274
3 1263 1274 1264
3 1264 1274 1275
3 1264 1275 1265
3 1265 1275 1276
3 1265 1276 1266
3 1266 1276 1277
3 1266 1277 1267
3 1267 1277 1278
3 1267 1278 1268
3 1268 1278 1279
3 1268 1279 1269
3 1269 1279 1270
3 1269 1270 1260
3 1270 1280 1281
3 1270 1281 1271
3 1271 1281 1282
3 1271 1282 1272
3 1272 1282 1283
3 1272 1283 1273
3 1273 1283 1284
3 1273 1284 1274
3 1274 1284 1285
3 1274 1285 1275
3 1275 1285 1286
3 1275 1286 1276
3 1276 1286 1287
3 1276 1287 1277
3 1277 1287 1288
3 1277 1288 1278
3 1278 1288 1289
3 1278 1289 1279
3 1279 1289 1280
3 1279 1280 1270
3 1280 1290 1291
3 1280 1291 1281
3 1281 1291 1292
3 1281 1292 1282
3 1282 1292 1293
3 1282 1293 1283
3 1283 1293 1294
3 1283 1294 1284
3 1284 1294 1295
3 1284 1295 1285
3 1285 1295 1296
3 1285 1296 1286
3 1286 1296 1297
3 1286 1297 1287
3 1287 1297 1298
3 1287 1298 1288
3 1288 1298 1299
3 1288 1299 1289
3 1289 1299 1290
3 1289 1290 1280
3 1290 1300 1301
3 1290 1301 1291
3 1291 1301 1302
3 1291 1302 1292
3 1292 1302 1303
3 1292 1303 1293
3 1293 1303 1304
3 1293 1304 1294
3 1294 1304 1305
3 1294 1305 1295
3 1295 1305 1306
3 1295 1306 1296
3 1296 1306 1307
3 1296 1307 1297
3 1297 1307 1308
3 1297 1308 1298
3 1298 1308 1309
3 1298 1309 1299
3 1299 1309 1300
3 1299 1300 1290
3 1300 1310 1311
3 1300 1311 1301
3 1301 1311 1312
3 1301 1312 1302
3 1302 1312 1313
3 1302 1313 1303
3 1303 1313 1314
3 1303 1314 1304
3 1304 1314 1315
3 1304 1315 1305
3 1305 1315 1316
3 1305 1316 1306
3 1306 1316 1317
3 1306 1317 1307
3 1307 1317 1318
3 1307 1318 1308
3 1308 1318 1319
3 1308 1319 1309
3 1309 1319 1310
3 1309 1310 1300
3 1310 1320 1321
3 1310 1321 1311
3 1311 1321 1322
3 1311 1322 1312
3 1312 1322 1323
3 1312 1323 1313
3 1313 1323 1324
3 1313 1324 1314
3 1314 1324 1325
3 1314 1325 1315
3 1315 1325 1326
3 1315 1326 1316
3 1316 1326 1327
3 1316 1327 1317
3 1317 1327 1328
3 1317 1328 1318
3 1318 1328 1329
3 1318 1329 1319
3 1319 1329 1320
3 1319 1320 1310
3 1320 1330 1331
3 1320 1331 1321
3 1321 1331 1332
3 1321 1332 1322
3 1322 1332 1333
3 1322 1333 1323
3 1323 1333 1334
3 1323 1334 1324
3 1324 1334 1335
3 1324 1335 1325
3 1325 1335 1336
3 1325 1336 1326
3 1326 1336 1337
3 1326 1337 1327
3 1327 1337 1338
3 1327 1338 1328
3 1328 1338 1339
3 1328 1339 1329
3 1329 1339 1330
3 1329 1330 1320
3 1330 1340 1341
3 1330 1341 1331
3 1331 1341 1342
3 1331 1342 1332
3 1332 1342 1343
3 1332 1343 1333
3 1333 1343 1344
3 1333 1344 1334
3 1334 1344 1345
3 1334 1345 1335
3 1335 1345 1346
3 1335 1346 1336
3 1336 1346 1347
3 1336 1347 1337
3 1337 1347 1348
3 1337 1348 1338
3 1338 1348 1349
3 1338 1349 1339
3 1339 1349 1340
3 1339 1340 1330
3 1340 1350 1351
3 1340 1351 1341
3 1341 1351 1352
3 1341 1352 1342
3 1342 1352 1353
3 1342 1353 1343
3 1343 1353 1354
3 1343 1354 1344
3 1344 1354 1355
3 1344 1355 1345
3 1345 1355 1356
3 1345 1356 1346
3 1346 1356 1357
3 1346 1357 1347
3 1347 1357 1358
3 1347 1358 1348
3 1348 1358 1359
3 1348 1359 1349
3 1349 1359 1350
3 1349 1350 1340
3 1350 1360 1361
3 1350 1361 1351
3 1351 1361 1362
3 1351 1362 1352
3 1352 1362 1363
3 1352 1363 1353
3 1353 1363 1364
3 1353 1364 1354
3 1354 1364 1365
3 1354 1365 1355
3 1355 1365 1366
3 1355 1366 1356
3 1356 1366 1367
3 1356 1367 1357
3 1357 1367 1368
3 1357 1368 1358
3 1358 1368 1369
3 1358 1369 1359
3 1359 1369 1360
3 1359 1360 1350
3 1360 1370 1371
3 1360 1371 1361
3 1361 1371 1372
3 1361 1372 1362
3 1362 1372 1373
3 1362 1373 1363
3 1363 1373 1374
3 1363 1374 1364
3 1364 1374 1375
3 1364 1375 1365
3 1365 1375 1376
3 1365 1376 1366
3 1366 1376 1377
3 1366 1377 1367
3 1367 1377 1378
3 1367 1378 1368
3 1368 1378 1379
3 1368 1379 1369
3 1369 1379 1370
3 1369 1370 1360
3 1370 1380 1381
3 1370 1381 1371
3 1371 1381 1382
3 1371 1382 1372
3 1372 1382 1383
3 1372 1383 1373
3 1373 1383 1384
3 1373 1384 1374
3 1374 1384 1385
3 1374 1385 1375
3 1375 1385 1386
3 1375 1386 1376
3 1376 1386 1387
3 1376 1387 1377
3 1377 1387 1388
3 1377 1388 1378
3 1378 1388 1389
3 1378 1389 1379
3 1379 1389 1380
3 1379 1380 1370
3 1380 1390 1391
3 1380 1391 1381
3 1381 1391 1392
3 1381 1392 1382
3 1382 1392 1393
3 1382 1393 1383
3 1383 1393 1394
3 1383 1394 1384
3 1384 1394 1395
3 1384 1395 1385
3 1385 1395 1396
3 1385 1396 1386
3 1386 1396 1397
3 1386 1397 1387
3 1387 1397 1398
3 1387 1398 1388
3 1388 1398 1399
3 1388 1399 1389
3 1389 1399 1390
3 1389 1390 1380
3 1390 1400 1401
3 1390 1401 1391
3 1391 1401 1402
3 1391 1402 1392
3 1392 1402 1403
3 1392 1403 1393
3 1393 1403 1404
3 1393 1404 1394
3 1394 1404 1405
3 1394 1405 1395
3 1395 1405 1406
3 1395 1406 1396
3 1396 1406 1407
3 1396 1407 1397
3 1397 1407 1408
3 1397 1408 1398
3 1398 1408 1409
3 1398 1409 1399
3 1399 1409 1400
3 1399 1400 1390
3 1400 1410 1411
3 1400 1411 1401
3 1401 1411 1412
3 1401 1412 1402
3 1402 1412 1413
3 1402 1413 1403
3 1403 1413 1414
3 1403 1414 1404
3 1404 1414 1415
3 1404 1415 1405
3 1405 1415 1416
3 1405 1416 1406
3 1406 1416 1417
3 1406 1417 1407
3 1407 1417 1418
3 1407 1418 1408
3 1408 1418 1419
3 1408 1419 1409
3 1409 1419 1410
3 1409 1410 1400
3 1410 1420 1421
3 1410 1421 1411
3 1411 1421 1422
3 1411 1422 1412
3 1412 1422 1423
3 1412 1423 1413
3 1413 1423 1424
3 1413 1424 1414
3 1414 1424 1425
3 1414 1425 1415
3 1415 1425 1426
3 1415 1426 1416
3 1416 1426 1427
3 1416 1427 1417
3 1417 1427 1428
3 1417 1428 1418
3 1418 1428 1429
3 1418 1429 1419
3 1419 1429 1420
3 1419 1420 1410
3 1420 1430 1431
3 1420 1431 1421
3 1421 1431 1432
3 1421 1432 1422
3 1422 1432 1433
3 1422 1433 1423
3 1423 1433 1434
3 1423 1434 1424
3 1424 1434 1435
3 1424 1435 1425
3 1425 1435 1436
3 1425 1436 1426
3 1426 1436 1437
3 1426 1437 1427
3 1427 1437 1438
3 1427 1438 1428
3 1428 1438 1439
3 1428 1439 1429
3 1429 1439 1430
3 1429 1430 1420
3 1430 1440 1441
3 1430 1441 1431
3 1431 1441 1442
3 1431 1442 1432
3 1432 1442 1443
3 1432 1443 1433
3 1433 1443 1444
3 1433 1444 1434
3 1434 1444 1445
3 1434 1445 1435
3 1435 1445 1446
3 1435 1446 1436
3 1436 1446 1447
3 1436 1447 1437
3 1437 1447 1448
3 1437 1448 1438
3 1438 1448 1449
3 1438 1449 1439
3 1439 1449 1440
3 1439 1440 1430
3 1440 1450 1451
3 1440 1451 1441
3 1441 1451 1452
3 1441 1452 1442
3 1442 1452 1453
3 1442 1453 1443
3 1443 1453 1454
3 1443 1454 1444
3 1444 1454 1455
3 1444 1455 1445
3 1445 1455 1456
3 1445 1456 1446
3 1446 1456 1457
3 1446 1457 1447
3 1447 1457 1458
3 1447 1458 1448
3 1448 1458 1459
3 1448 1459 1449
3 1449 1459 1450
3 1449 1450 1440
3 1450 1460 1461
3 1450 1461 1451
3 1451 1461 1462
3 1451 1462 1452
3 1452 1462 1463
3 1452 1463 1453
3 1453 1463 1464
3 1453 1464 1454
3 1454 1464 1465
3 1454 1465 1455
3 1455 1465 1466
3 1455 1466 1456
3 1456 1466 1467
3 1456 1467 1457
3 1457 1467 1468
3 1457 1468 1458
3 1458 1468 1469
3 1458 1469 1459
3 1459 1469 1460
3 1459 1460 1450
3 1460 1470 1471
3 1460 1471 1461
3 1461 1471 1472
3 1461 1472 1462
3 1462 1472 1473
3 1462 1473 1463
3 1463 1473 1474
3 1463 1474 1464
3 1464 1474 1475
3 1464 1475 1465
3 1465 1475 1476
3 1465 1476 1466
3 1466 1476 1477
3 1466 1477 1467
3 1467 1477 1478
3 1467 1478 1468
3 1468 1478 1479
3 1468 1479 1469
3 1469 1479 1470
3 1469 1470 1460
3 1470 1480 1481
3 1470 1481 1471
3 1471 1481 1482
3 1471 1482 1472
3 1472 1482 1483
3 1472 1483 1473
3 1473 1483 1484
3 1473 1484 1474
3 1474 1484 1485
3 1474 1485 1475
3 1475 1485 1486
3 1475 1486 1476
3 1476 1486 1487
3 1476 1487 1477
3 1477 1487 1488
3 1477 1488 1478
3 1478 1488 1489
3 1478 1489 1479
3 1479 1489 1480
3 1479 1480 1470
3 1480 1490 1491
3 1480 1491 1481
3 1481 1491 1492
3 1481 1492 1482
3 1482 1492 1493
3 1482 1493 1483
3 1483 1493 1494
3 1483 1494 1484
3 1484 1494 1495
3 1484 1495 1485
3 1485 1495 1496
3 1485 1496 1486
3 1486 1496 1497
3 1486 1497 1487
3 1487 1497 1498
3 1487 1498 1488
3 1488 1498 1499
3 1488 1499 1489
3 1489 1499 1490
3 1489 1490 1480
3 1490 1500 1501
3 1490 1501 1491
3 1491 1501 1502
3 1491 1502 1492
3 1492 1502 1503
3 1492 1503 1493
3 1493 1503 1504
3 1493 1504 1494
3 1494 1504 1505
3 1494 1505 1495
3 1495 1505 1506
3 1495 1506 1496
3 1496 1506 1507
3 1496 1507 1497
3 1497 1507 1508
3 1497 1508 1498
3 1498 1508 1509
3 1498 1509 1499
3 1499 1509 1500
3 1499 1500 1490
3 1500 1510 1511
3 1500 1511 1501
3 1501 1511 1512
3 1501 1512 1502
3 1502 1512 1513
3 1502 1513 1503
3 1503 1513 1514
3 1503 1514 1504
3 1504 1514 1515
3 1504 1515 1505
3 1505 1515 1516
3 1505 1516 1506
3 1506 1516 1517
3 1506 1517 1507
3 1507 1517 1518
3 1507 1518 1508
3 1508 1518 1519
3 1508 1519 1509
3 1509 1519 1510
3 1509 1510 1500
3 1510 1520 1521
3 1510 1521 1511
3 1511 1521 1522
3 1511 1522 1512
3 1512 1522 1523
3 1512 1523 1513
3 1513 1523 1524
3 1513 1524 1514
3 1514 1524 1525
3 1514 1525 1515
3 1515 1525 1526
3 1515 1526 1516
3 1516 1526 1527
3 1516 1527 1517
3 1517 1527 1528
3 1517 1528 1518
3 1518 1528 1529
3 1518 1529 1519
3 1519 1529 1520
3 1519 1520 1510
3 1520 1530 1531
3 1520 1531 1521
3 1521 1531 1532
3 1521 1532 1522
3 1522 1532 1533
3 1522 1533 1523
3 1523 1533 1534
3 1523 1534 1524
3 1524 1534 1535
3 1524 1535 1525
3 1525 1535 1536
3 1525 1536 1526
3 1526 1536 1537
3 1526 1537 1527
3 1527 1537 1538
3 1527 1538 1528
3 1528 1538 1539
3 1528 1539 1529
3 1529 1539 1530
3 1529 1530 1520
3 1530 1540 1541
3 1530 1541 1531
3 1531 1541 1542
3 1531 1542 1532
3 1532 1542 1543
3 1532 1543 1533
3 1533 1543 1544
3 1533 1544 1534
3 1534 1544 1545
3 1534 1545 1535
3 1535 1545 1546
3 1535 1546 1536
3 1536 1546 1547
3 1536 1547 1537
3 1537 1547 1548
3 1537 1548 1538
3 1538 1548 1549
3 1538 1549 1539
3 1539 1549 1540
3 1539 1540 1530
3 1540 1550 1551
3 1540 1551 1541
3 1541 1551 1552
3 1541 1552 1542
3 1542 1552 1553
3 1542 1553 1543
3 1543 1553 1554
3 1543 1554 1544
3 1544 1554 1555
3 1544 1555 1545
3 1545 1555 1556
3 1545 1556 1546
3 1546 1556 1557
3 1546 1557 1547
3 1547 1557 1558
3 1547 1558 1548
3 1548 1558 1559
3 1548 1559 1549
3 1549 1559 1550
3 1549 1550 1540
3 1550 1560 1561
3 1550 1561 1551
3 1551 1561 1562
3 1551 1562 1552
3 1552 1562 1563
3 1552 1563 1553
3 1553 1563 1564
3 1553 1564 1554
3 1554 1564 1565
3 1554 1565 1555
3 1555 1565 1566
3 1555 1566 1556
3 1556 1566 1567
3 1556 1567 1557
3 1557 1567 1568
3 1557 1568 1558
3 1558 1568 1569
3 1558 1569 1559
3 1559 1569 1560
3 1559 1560 1550
3 1560 1570 1571
3 1560 1571 1561
3 1561 1571 1572
3 1561 1572 1562
3 1562 1572 1573
3 1562 1573 1563
3 1563 1573 1574
3 1563 1574 1564
3 1564 1574 1575
3 1564 1575 1565
3 1565 1575 1576
3 1565 1576 1566
3 1566 1576 1577
3 1566 1577 1567
3 1567 1577 1578
3 1567 1578 1568
3 1568 1578 1579
3 1568 1579 1569
3 1569 1579 1570
3 1569 1570 1560
3 1570 1580 1581
3 1570 1581 1571
3 1571 1581 1582
3 1571 1582 1572
3 1572 1582 1583
3 1572 1583 1573
3 1573 1583 1584
3 1573 1584 1574
3 1574 1584 1585
3 1574 1585 1575
3 1575 1585 1586
3 1575 1586 1576
3 1576 1586 1587
3 1576 1587 1577
3 1577 1587 1588
3 1577 1588 1578
3 1578 1588 1589
3 1578 1589 1579
3 1579 1589 1580
3 1579 1580 1570
3 1580 1590 1591
3 1580 1591 1581
3 1581 1591 1592
3 1581 1592 1582
3 1582 1592 1593
3 1582 1593 1583
3 1583 1593 1594
3 1583 1594 1584
3 1584 1594 1595
3 1584 1595 1585
3 1585 1595 1596
3 1585 1596 1586
3 1586 1596 1597
3 1586 1597 1587
3 1587 1597 1598
3 1587 1598 1588
3 1588 1598 1599
3 1588 1599 1589
3 1589 1599 1590
3 1589 1590 1580
3 1590 1600 1601
3 1590 1601 1591
3 1591 1601 1602
3 1591 1602 1592
3 1592 1602 1603
3 1592 1603 1593
3 1593 1603 1604
3 1593 1604 1594
3 1594 1604 1605
3 1594 1605 1595
3 1595 1605 1606
3 1595 1606 1596
3 1596 1606 1607
3 1596 1607 1597
3 1597 1607 1608
3 1597 1608 1598
3 1598 1608 1609
3 1598 1609 1599
3 1599 1609 1600
3 1599 1600 1590
3 1600 1610 1611
3 1600 1611 1601
3 1601 1611 1612
3 1601 1612 1602
3 1602 1612 1613
3 1602 1613 1603
3 1603 1613 1614
3 1603 1614 1604
3 1604 1614 1615
3 1604 1615 1605
3 1605 1615 1616
3 1605 1616 1606
3 1606 1616 1617
3 1606 1617 1607
3 1607 1617 1618
3 1607 1618 1608
3 1608 1618 1619
3 1608 1619 1609
3 1609 1619 1610
3 1609 1610 1600
3 1610 1620 1621
3 1610 1621 1611
3 1611 1621 1622
3 1611 1622 1612
3 1612 1622 1623
3 1612 1623 1613
3 1613 1623 1624
3 1613 1624 1614
3 1614 1624 1625
3 1614 1625 1615
3 1615 1625 1626
3 1615 1626 1616
3 1616 1626 1627
3 1616 1627 1617
3 1617 1627 1628
3 1617 1628 1618
3 1618 1628 1629
3 1618 1629 1619
3 1619 1629 1620
3 1619 1620 1610
3 1620 1630 1631
3 1620 1631 1621
3 1621 1631 1632
3 1621 1632 1622
3 1622 1632 1633
3 1622 1633 1623
3 1623 1633 1634
3 1623 1634 1624
3 1624 1634 1635
3 1624 1635 1625
3 1625 1635 1636
3 1625 1636 1626
3 1626 1636 1637
3 1626 1637 1627
3 1627 1637 1638
3 1627 1638 1628
3 1628 1638 1639
3 1628 1639 1629
3 1629 1639 1630
3 1629 1630 1620
3 1630 1640 1641
3 1630 1641 1631
3 1631 1641 1642
3 1631 1642 1632
3 1632 1642 1643
3 1632 1643 1633
3 1633 1643 1644
3 1633 1644 1634
3 1634 1644 1645
3 1634 1645 1635
3 1635 1645 1646
3 1635 1646 1636
3 1636 1646 1647
3 1636 1647 1637
3 1637 1647 1648
3 1637 1648 1638
3 1638 1648 1649
3 1638 1649 1639
3 1639 1649 1640
3 1639 1640 1630
3 1640 1650 1651
3 1640 1651 1641
3 1641 1651 1652
3 1641 1652 1642
3 1642 1652 1653
3 1642 1653 1643
3 1643 1653 1654
3 1643 1654 1644
3 1644 1654 1655
3 1644 1655 1645
3 1645 1655 1656
3 1645 1656 1646
3 1646 1656 1657
3 1646 1657 1647
3 1647 1657 1658
3 1647 1658 1648
3 1648 1658 1659
3 1648 1659 1649
3 1649 1659 1650
3 1649 1650 1640
3 1650 1660 1661
3 1650 1661 1651
3 1651 1661 1662
3 1651 1662 1652
3 1652 1662 1663
3 1652 1663 1653
3 1653 1663 1664
3 1653 1664 1654
3 1654 1664 1665
3 1654 1665 1655
3 1655 1665 1666
3 1655 1666 1656
3 1656 1666 1667
3 1656 1667 1657
3 1657 1667 1668
3 1657 1668 1658
3 1658 1668 1669
3 1658 1669 1659
3 1659 1669 1660
3 1659 1660 1650
3 1660 1670 1671
3 1660 1671 1661
3 1661 1671 1672
3 1661 1672 1662
3 1662 1672 1673
3 1662 1673 1663
3 1663 1673 1674
3 1663 1674 1664
3 1664 1674 1675
3 1664 1675 1665
3 1665 1675 1676
3 1665 1676 1666
3 1666 1676 1677
3 1666 1677 1667
3 1667 1677 1678
3 1667 1678 1668
3 1668 1678 1679
3 1668 1679 1669
3 1669 1679 1670
3 1669 1670 1660
3 1670 1680 1681
3 1670 1681 1671
3 1671 1681 1682
3 1671 1682 1672
3 1672 1682 1683
3 1672 1683 1673
3 1673 1683 1684
3 1673 1684 1674
3 1674 1684 1685
3 1674 1685 1675
3 1675 1685 1686
3 1675 1686 1676
3 1676 1686 1687
3 1676 1687 1677
3 1677 1687 1688
3 1677 1688 1678
3 1678 1688 1689
3 1678 1689 1679
3 1679 1689 1680
3 1679 1680 1670
3 1680 1690 1691
3 1680 1691 1681
3 1681 1691 1692
3 1681 1692 1682
3 1682 1692 1693
3 1682 1693 1683
3 1683 1693 1694
3 1683 1694 1684
3 1684 1694 1695
3 1684 1695 1685
3 1685 1695 1696
3 1685 1696 1686
3 1686 1696 1697
3 1686 1697 1687
3 1687 1697 1698
3 1687 1698 1688
3 1688 1698 1699
3 1688 1699 1689
3 1689 1699 1690
3 1689 1690 1680
3 1690 1700 1701
3 1690 1701 1691
3 1691 1701 1702
3 1691 1702 1692
3 1692 1702 1703
3 1692 1703 1693
3 1693 1703 1704
3 1693 1704 1694
3 1694 1704 1705
3 1694 1705 1695
3 1695 1705 1706
3 1695 1706 1696
3 1696 1706 1707
3 1696 1707 1697
3 1697 1707 1708
3 1697 1708 1698
3 1698 1708 1709
3 1698 1709 1699
3 1699 1709 1700
3 1699 1700 1690
3 1700 1710 1711
3 1700 1711 1701
3 1701 1711 1712
3 1701 1712 1702
3 1702 1712 1713
3 1702 1713 1703
3 1703 1713 1714
3 1703 1714 1704
3 1704 1714 1715
3 1704 1715 1705
3 1705 1715 1716
3 1705 1716 1706
3 1706 1716 1717
3 1706 1717 1707
3 1707 1717 1718
3 1707 1718 1708
3 1708 1718 1719
3 1708 1719 1709
3 1709 1719 1710
3 1709 1710 1700
3 1710 1720 1721
3 1710 1721 1711
3 1711 1721 1722
3 1711 1722 1712
3 1712 1722 1723
3 1712 1723 1713
3 1713 1723 1724
3 1713 1724 1714
3 1714 1724 1725
3 1714 1725 1715
3 1715 1725 1726
3 1715 1726 1716
3 1716 1726 1727
3 1716 1727 1717
3 1717 1727 1728
3 1717 1728 1718
3 1718 1728 1729
3 1718 1729 1719
3 1719 1729 1720
3 1719 1720 1710
3 1720 1730 1731
3 1720 1731 1721
3 1721 1731 1732
3 1721 1732 1722
3 1722 1732 1733
3 1722 1733 1723
3 1723 1733 1734
3 1723 1734 1724
3 1724 1734 1735
3 1724 1735 1725
3 1725 1735 1736
3 1725 1736 1726
3 1726 1736 1737
3 1726 1737 1727
3 1727 1737 1738
3 1727 1738 1728
3 1728 1738 1739
3 1728 1739 1729
3 1729 1739 1730
3 1729 1730 1720
3 1730 1740 1741
3 1730 1741 1731
3 1731 1741 1742
3 1731 1742 1732
3 1732 1742 1743
3 1732 1743 1733
3 1733 1743 1744
3 1733 1744 1734
3 1734 1744 1745
3 1734 1745 1735
3 1735 1745 1746
3 1735 1746 1736
3 1736 1746 1747
3 1736 1747 1737
3 1737 1747 1748
3 1737 1748 1738
3 1738 1748 1749
3 1738 1749 1739
3 1739 1749 1740
3 1739 1740 1730
3 1740 1750 1751
3 1740 1751 1741
3 1741 1751 1752
3 1741 1752 1742
3 1742 1752 1753
3 1742 1753 1743
3 1743 1753 1754
3 1743 1754 1744
3 1744 1754 1755
3 1744 1755 1745
3 1745 1755 1756
3 1745 1756 1746
3 1746 1756 1757
3 1746 1757 1747
3 1747 1757 1758
3 1747 1758 1748
3 1748 1758 1759
3 1748 1759 1749
3 1749 1759 1750
3 1749 1750 1740
3 1750 1760 1761
3 1750 1761 1751
3 1751 1761 1762
3 1751 1762 1752
3 1752 1762 1763
3 1752 1763 1753
3 1753 1763 1764
3 1753 1764 1754
3 1754 1764 1765
3 1754 1765 1755
3 1755 1765 1766
3 1755 1766 1756
3 1756 1766 1767
3 1756 1767 1757
3 1757 1767 1768
3 1757 1768 1758
3 1758 1768 1769
3 1758 1769 1759
3 1759 1769 1760
3 1759 1760 1750
3 1760 1770 1771
3 1760 1771 1761
3 1761 1771 1772
3 1761 1772 1762
3 1762 1772 1773
3 1762 1773 1763
3 1763 1773 1774
3 1763 1774 1764
3 1764 1774 1775
3 1764 1775 1765
3 1765 1775 1776
3 1765 1776 1766
3 1766 1776 1777
3 1766 1777 1767
3 1767 1777 1778
3 1767 1778 1768
3 1768 1778 1779
3 1768 1779 1769
3 1769 1779 1770
3 1769 1770 1760
3 1770 1780 1781
3 1770 1781 1771
3 1771 1781 1782
3 1771 1782 1772
3 1772 1782 1783
3 1772 1783 1773
3 1773 1783 1784
3 1773 1784 1774
3 1774 1784 1785
3 1774 1785 1775
3 1775 1785 1786
3 1775 1786 1776
3 1776 1786 1787
3 1776 1787 1777
3 1777 1787 1788
3 1777 1788 1778
3 1778 1788 1789
3 1778 1789 1779
3 1779 1789 1780
3 1779 1780 1770
3 1780 1790 1791
3 1780 1791 1781
3 1781 1791 1792
3 1781 1792 1782
3 1782 1792 1793
3 1782 1793 1783
3 1783 1793 1794
3 1783 1794 1784
3 1784 1794 1795
3 1784 1795 1785
3 1785 1795 1796
3 1785 1796 1786
3 1786 1796 1797
3 1786 1797 1787
3 1787 1797 1798
3 1787 1798 1788
3 1788 1798 1799
3 1788 1799 1789
3 1789 1799 1790
3 1789 1790 1780
3 1790 1800 1801
3 1790 1801 1791
3 1791 1801 1802
3 1791 1802 1792
3 1792 1802 1803
3 1792 1803 1793
3 1793 1803 1804
3 1793 1804 1794
3 1794 1804 1805
3 1794 1805 1795
3 1795 1805 1806
3 1795 1806 1796
3 1796 1806 1807
3 1796 1807 1797
3 1797 1807 1808
3 1797 1808 1798
3 1798 1808 1809
3 1798 1809 1799
3 1799 1809 1800
3 1799 1800 1790
3 1800 1810 1811
3 1800 1811 1801
3 1801 1811 1812
3 1801 1812 1802
3 1802 1812 1813
3 1802 1813 1803
3 1803 1813 1814
3 1803 1814 1804
3 1804 1814 1815
3 1804 1815 1805
3 1805 1815 1816
3 1805 1816 1806
3 1806 1816 1817
3 1806 1817 1807
3 1807 1817 1818
3 1807 1818 1808
3 1808 1818 1819
3 1808 1819 1809
3 1809 1819 1810
3 1809 1810 1800
3 1810 1820 1821
3 1810 1821 1811
3 1811 1821 1822
3 1811 1822 1812
3 1812 1822 1823
3 1812 1823 1813
3 1813 1823 1824
3 1813 1824 1814
3 1814 1824 1825
3 1814 1825 1815
3 1815 1825 1826
3 1815 1826 1816
3 1816 1826 1827
3 1816 1827 1817
3 1817 1827 1828
3 1817 1828 1818
3 1818 1828 1829
3 1818 1829 1819
3 1819 1829 1820
3 1819 1820 1810
3 1820 1830 1831
3 1820 1831 1821
3 1821 1831 1832
3 1821 1832 1822
3 1822 1832 1833
3 1822 1833 1823
3 1823 1833 1834
3 1823 1834 1824
3 1824 1834 1835
3 1824 1835 1825
3 1825 1835 1836
3 1825 1836 1826
3 1826 1836 1837
3 1826 1837 1827
3 1827 1837 1838
3 1827 1838 1828
3 1828 1838 1839
3 1828 1839 1829
3 1829 1839 1830
3 1829 1830 1820
3 1830 1840 1841
3 1830 1841 1831
3 1831 1841 1842
3 1831 1842 1832
3 1832 1842 1843
3 1832 1843 1833
3 1833 1843 1844
3 1833 1844 1834
3 1834 1844 1845
3 1834 1845 1835
3 1835 1845 1846
3 1835 1846 1836
3 1836 1846 1847
3 1836 1847 1837
3 1837 1847 1848
3 1837 1848 1838
3 1838 1848 1849
3 1838 1849 1839
3 1839 1849 1840
3 1839 1840 1830
3 1840 1850 1851
3 1840 1851 1841
3 1841 1851 1852
3 1841 1852 1842
3 1842 1852 1853
3 1842 1853 1843
3 1843 1853 1854
3 1843 1854 1844
3 1844 1854 1855
3 1844 1855 1845
3 1845 1855 1856
3 1845 1856 1846
3 1846 1856 1857
3 1846 1857 1847
3 1847 1857 1858
3 1847 1858 1848
3 1848 1858 1859
3 1848 1859 1849
3 1849 1859 1850
3 1849 1850 1840
3 1850 1860 1861
3 1850 1861 1851
3 1851 1861 1862
3 1851 1862 1852
3 1852 1862 1863
3 1852 1863 1853
3 1853 1863 1864
3 1853 1864 1854
3 1854 1864 1865
3 1854 1865 1855
3 1855 1865 1866
3 1855 1866 1856
3 1856 1866 1867
3 1856 1867 1857
3 1857 1867 1868
3 1857 1868 1858
3 1858 1868 1869
3 1858 1869 1859
3 1859 1869 1860
3 1859 1860 1850
3 1860 1870 1871
3 1860 1871 1861
3 1861 1871 1872
3 1861 1872 1862
3 1862 1872 1873
3 1862 1873 1863
3 1863 1873 1874
3 1863 1874 1864
3 1864 1874 1875
3 1864 1875 1865
3 1865 1875 1876
3 1865 1876 1866
3 1866 1876 1877
3 1866 1877 1867
3 1867 1877 1878
3 1867 1878 1868
3 1868 1878 1879
3 1868 1879 1869
3 1869 1879 1870
3 1869 1870 1860
3 1870 1880 1881
3 1870 1881 1871
3 1871 1881 1882
3 1871 1882 1872
3 1872 1882 1883
3 1872 1883 1873
3 1873 1883 1884
3 1873 1884 1874
3 1874 1884 1885
3 1874 1885 1875
3 1875 1885 1886
3 1875 1886 1876
3 1876 1886 1887
3 1876 1887 1877
3 1877 1887 1888
3 1877 1888 1878
3 1878 1888 1889
3 1878 1889 1879
3 1879 1889 1880
3 1879 1880 1870
3 1880 1890 1891
3 1880 1891 1881
3 1881 1891 1892
3 1881 1892 1882
3 1882 1892 1893
3 1882 1893 1883
3 1883 1893 1894
3 1883 1894 1884
3 1884 1894 1895
3 1884 1895 1885
3 1885 1895 1896
3 1885 1896 1886
3 1886 1896 1897
3 1886 1897 1887
3 1887 1897 1898
3 1887 1898 1888
3 1888 1898 1899
3 1888 1899 1889
3 1889 1899 1890
3 1889 1890 1880
3 1890 1900 1901
3 1890 1901 1891
3 1891 1901 1902
3 1891 1902 1892
3 1892 1902 1903
3 1892 1903 1893
3 1893 1903 1904
3 1893 1904 1894
3 1894 1904 1905
3 1894 1905 1895
3 1895 1905 1906
3 1895 1906 1896
3 1896 1906 1907
3 1896 1907 1897
3 1897 1907 1908
3 1897 1908 1898
3 1898 1908 1909
3 1898 1909 1899
3 1899 1909 1900
3 1899 1900 1890
3 1900 1910 1911
3 1900 1911 1901
3 1901 1911 1912
3 1901 1912 1902
3 1902 1912 1913
3 1902 1913 1903
3 1903 1913 1914
3 1903 1914 1904
3 1904 1914 1915
3 1904 1915 1905
3 1905 1915 1916
3 1905 1916 1906
3 1906 1916 1917
3 1906 1917 1907
3 1907 1917 1918
3 1907 1918 1908
3 1908 1918 1919
3 1908 1919 1909
3 1909 1919 1910
3 1909 1910 1900
3 1910 1920 1921
3 1910 1921 1911
3 1911 1921 1922
3 1911 1922 1912
3 1912 1922 1923
3 1912 1923 1913
3 1913 1923 1924
3 1913 1924 1914
3 1914 1924 1925
3 1914 1925 1915
3 1915 1925 1926
3 1915 1926 1916
3 1916 1926 1927
3 1916 1927 1917
3 1917 1927 1928
3 1917 1928 1918
3 1918 1928 1929
3 1918 1929 1919
3 1919 1929 1920
3 1919 1920 1910
3 1920 1930 1931
3 1920 1931 1921
3 1921 1931 1932
3 1921 1932 1922
3 1922 1932 1933
3 1922 1933 1923
3 1923 1933 1934
3 1923 1934 1924
3 1924 1934 1935
3 1924 1935 1925
3 1925 1935 1936
3 1925 1936 1926
3 1926 1936 1937
3 1926 1937 1927
3 1927 1937 1938
3 1927 1938 1928
3 1928 1938 1939
3 1928 1939 1929
3 1929 1939 1930
3 1929 1930 1920
3 1930 1940 1941
3 1930 1941 1931
3 1931 1941 1942
3 1931 1942 1932
3 1932 1942 1943
3 1932 1943 1933
3 1933 1943 1944
3 1933 1944 1934
3 1934 1944 1945
3 1934 1945 1935
3 1935 1945 1946
3 1935 1946 1936
3 1936 1946 1947
3 1936 1947 1937
3 1937 1947 1948
3 1937 1948 1938
3 1938 1948 1949
3 1938 1949 1939
3 1939 1949 1940
3 1939 1940 1930
3 1940 1950 1951
3 1940 1951 1941
3 1941 1951 1952
3 1941 1952 1942
3 1942 1952 1953
3 1942 1953 1943
3 1943 1953 1954
3 1943 1954 1944
3 1944 1954 1955
3 1944 1955 1945
3 1945 1955 1956
3 1945 1956 1946
3 1946 1956 1957
3 1946 1957 1947
3 1947 1957 1958
3 1947 1958 1948
3 1948 1958 1959
3 1948 1959 1949
3 1949 1959 1950
3 1949 1950 1940
3 1950 1960 1961
3 1950 1961 1951
3 1951 1961 1962
3 1951 1962 1952
3 1952 1962 1963
3 1952 1963 1953
3 1953 1963 1964
3 1953 1964 1954
3 1954 1964 1965
3 1954 1965 1955
3 1955 1965 1966
3 1955 1966 1956
3 1956 1966 1967
3 1956 1967 1957
3 1957 1967 1968
3 1957 1968 1958
3 1958 1968 1969
3 1958 1969 1959
3 1959 1969 1960
3 1959 1960 1950
3 1960 1970 1971
3 1960 1971 1961
3 1961 1971 1972
3 1961 1972 1962
3 1962 1972 1973
3 1962 1973 1963
3 1963 1973 1974
3 1963 1974 1964
3 1964 1974 1975
3 1964 1975 1965
3 1965 1975 1976
3 1965 1976 1966
3 1966 1976 1977
3 1966 1977 1967
3 1967 1977 1978
3 1967 1978 1968
3 1968 1978 1979
3 1968 1979 1969
3 1969 1979 1970
3 1969 1970 1960
3 1970 1980 1981
3 1970 1981 1971
3 1971 1981 1982
3 1971 1982 1972
3 1972 1982 1983
3 1972 1983 1973
3 1973 1983 1984
3 1973 1984 1974
3 1974 1984 1985
3 1974 1985 1975
3 1975 1985 1986
3 1975 1986 1976
3 1976 1986 1987
3 1976 1987 1977
3 1977 1987 1988
3 1977 1988 1978
3 1978 1988 1989
3 1978 1989 1979
3 1979 1989 1980
3 1979 1980 1970
3 1980 1990 1991
3 1980 1991 1981
3 1981 1991 1992
3 1981 1992 1982
3 1982 1992 1993
3 1982 1993 1983
3 1983 1993 1994
3 1983 1994 1984
3 1984 1994 1995
3 1984 1995 1985
3 1985 1995 1996
3 1985 1996 1986
3 1986 1996 1997
3 1986 1997 1987
3 1987 1997 1998
3 1987 1998 1988
3 1988 1998 1999
3 1988 1999 1989
3 1989 1999 1990
3 1989 1990 1980
3 1990 2000 2001
3 1990 2001 1991
3 1991 2001 2002
3 1991 2002 1992
3 1992 2002 2003
3 1992 2003 1993
3 1993 2003 2004
3 1993 2004 1994
3 1994 2004 2005
3 1994 2005 1995
3 1995 2005 2006
3 1995 2006 1996
3 1996 2006 2007
3 1996 2007 1997
3 1997 2007 2008
3 1997 2008 1998
3 1998 2008 2009
3 1998 2009 1999
3 1999 2009 2000
3 1999 2000 1990
3 2000 2010 2011
3 2000 2011 2001
3 2001 2011 2012
3 2001 2012 2002
3 2002 2012 2013
3 2002 2013 2003
3 2003 2013 2014
3 2003 2014 2004
3 2004 2014 2015
3 2004 2015 2005
3 2005 2015 2016
3 2005 2016 2006
3 2006 2016 2017
3 2006 2017 2007
3 2007 2017 2018
3 2007 2018 2008
3 2008 2018 2019
3 2008 2019 2009
3 2009 2019 2010
3 2009 2010 2000
3 2010 2020 2021
3 2010 2021 2011
3 2011 2021 2022
3 2011 2022 2012
3 2012 2022 2023
3 2012 2023 2013
3 2013 2023 2024
3 2013 2024 2014
3 2014 2024 2025
3 2014 2025 2015
3 2015 2025 2026
3 2015 2026 2016
3 2016 2026 2027
3 2016 2027 2017
3 2017 2027 2028
3 2017 2028 2018
3 2018 2028 2029
3 2018 2029 2019
3 2019 2029 2020
3 2019 2020 2010
3 2020 2030 2031
3 2020 2031 2021
3 2021 2031 2032
3 2021 2032 2022
3 2022 2032 2033
3 2022 2033 2023
3 2023 2033 2034
3 2023 2034 2024
3 2024 2034 2035
3 2024 2035 2025
3 2025 2035 2036
3 2025 2036 2026
3 2026 2036 2037
3 2026 2037 2027
3 2027 2037 2038
3 2027 2038 2028
3 2028 2038 2039
3 2028 2039 2029
3 2029 2039 2030
3 2029 2030 2020
3 2030 2040 2041
3 2030 2041 2031
3 2031 2041 2042
3 2031 2042 2032
3 2032 2042 2043
3 2032 2043 2033
3 2033 2043 2044
3 2033 2044 2034
3 2034 2044 2045
3 2034 2045 2035
3 2035 2045 2046
3 2035 2046 2036
3 2036 2046 2047
3 2036 2047 2037
3 2037 2047 2048
3 2037 2048 2038
3 2038 2048 2049
3 2038 2049 2039
3 2039 2049 2040
3 2039 2040 2030
3 2040 2050 2051
3 2040 2051 2041
3 2041 2051 2052
3 2041 2052 2042
3 2042 2052 2053
3 2042 2053 2043
3 2043 2053 2054
3 2043 2054 2044
3 2044 2054 2055
3 2044 2055 2045
3 2045 2055 2056
3 2045 2056 2046
3 2046 2056 2057
3 2046 2057 2047
3 2047 2057 2058
3 2047 2058 2048
3 2048 2058 2059
3 2048 2059 2049
3 2049 2059 2050
3 2049 2050 2040
3 2050 2060 2061
3 2050 2061 2051
3 2051 2061 2062
3 2051 2062 2052
3 2052 2062 2063
3 2052 2063 2053
3 2053 2063 2064
3 2053 2064 2054
3 2054 2064 2065
3 2054 2065 2055
3 2055 2065 2066
3 2055 2066 2056
3 2056 2066 2067
3 2056 2067 2057
3 2057 2067 2068
3 2057 2068 2058
3 2058 2068 2069
3 2058 2069 2059
3 2059 2069 2060
3 2059 2060 2050
3 2060 2070 2071
3 2060 2071 2061
3 2061 2071 2072
3 2061 2072 2062
3 2062 2072 2073
3 2062 2073 2063
3 2063 2073 2074
3 2063 2074 2064
3 2064 2074 2075
3 2064 2075 2065
3 2065 2075 2076
3 2065 2076 2066
3 2066 2076 2077
3 2066 2077 2067
3 2067 2077 2078
3 2067 2078 2068
3 2068 2078 2079
3 2068 2079 2069
3 2069 2079 2070
3 2069 2070 2060
3 2070 2080 2081
3 2070 2081 2071
3 2071 2081 2082
3 2071 2082 2072
3 2072 2082 2083
3 2072 2083 2073
3 2073 2083 2084
3 2073 2084 2074
3 2074 2084 2085
3 2074 2085 2075
3 2075 2085 2086
3 2075 2086 2076
3 2076 2086 2087
3 2076 2087 2077
3 2077 2087 2088
3 2077 2088 2078
3 2078 2088 2089
3 2078 2089 2079
3 2079 2089 2080
3 2079 2080 2070
3 2080 2090 2091
3 2080 2091 2081
3 2081 2091 2092
3 2081 2092 2082
3 2082 2092 2093
3 2082 2093 2083
3 2083 2093 2094
3 2083 2094 2084
3 2084 2094 2095
3 2084 2095 2085
3 2085 2095 2096
3 2085 2096 2086
3 2086 2096 2097
3 2086 2097 2087
3 2087 2097 2098
3 2087 2098 2088
3 2088 2098 2099
3 2088 2099 2089
3 2089 2099 2090
3 2089 2090 2080
3 2090 2100 2101
3 2090 2101 2091
3 2091 2101 2102
3 2091 2102 2092
3 2092 2102 2103
3 2092 2103 2093
3 2093 2103 2104
3 2093 2104 2094
3 2094 2104 2105
3 2094 2105 2095
3 2095 2105 2106
3 2095 2106 2096
3 2096 2106 2107
3 2096 2107 2097
3 2097 2107 2108
3 2097 2108 2098
3 2098 2108 2109
3 2098 2109 2099
3 2099 2109 2100
3 2099 2100 2090
3 2100 2110 2111
3 2100 2111 2101
3 2101 2111 2112
3 2101 2112 2102
3 2102 2112 2113
3 2102 2113 2103
3 2103 2113 2114
3 2103 2114 2104
3 2104 2114 2115
3 2104 2115 2105
3 2105 2115 2116
3 2105 2116 2106
3 2106 2116 2117
3 2106 2117 2107
3 2107 2117 2118
3 2107 2118 2108
3 2108 2118 2119
3 2108 2119 2109
3 2109 2119 2110
3 2109 2110 2100
3 2110 2120 2121
3 2110 2121 2111
3 2111 2121 2122
3 2111 2122 2112
3 2112 2122 2123
3 2112 2123 2113
3 2113 2123 2124
3 2113 2124 2114
3 2114 2124 2125
3 2114 2125 2115
3 2115 2125 2126
3 2115 2126 2116
3 2116 2126 2127
3 2116 2127 2117
3 2117 2127 2128
3 2117 2128 2118
3 2118 2128 2129
3 2118 2129 2119
3 2119 2129 2120
3 2119 2120 2110
3 2120 2130 2131
3 2120 2131 2121
3 2121 2131 2132
3 2121 2132 2122
3 2122 2132 2133
3 2122 2133 2123
3 2123 2133 2134
3 2123 2134 2124
3 2124 2134 2135
3 2124 2135 2125
3 2125 2135 2136
3 2125 2136 2126
3 2126 2136 2137
3 2126 2137 2127
3 2127 2137 2138
3 2127 2138 2128
3 2128 2138 2139
3 2128 2139 2129
3 2129 2139 2130
3 2129 2130 2120
3 2130 2140 2141
3 2130 2141 2131
3 2131 2141 2142
3 2131 2142 2132
3 2132 2142 2143
3 2132 2143 2133
3 2133 2143 2144
3 2133 2144 2134
3 2134 2144 2145
3 2134 2145 2135
3 2135 2145 2146
3 2135 2146 2136
3 2136 2146 2147
3 2136 2147 2137
3 2137 2147 2148
3 2137 2148 2138
3 2138 2148 2149
3 2138 2149 2139
3 2139 2149 2140
3 2139 2140 2130
3 2140 2150 2151
3 2140 2151 2141
3 2141 2151 2152
3 2141 2152 2142
3 2142 2152 2153
3 2142 2153 2143
3 2143 2153 2154
3 2143 2154 2144
3 2144 2154 2155
3 2144 2155 2145
3 2145 2155 2156
3 2145 2156 2146
3 2146 2156 2157
3 2146 2157 2147
3 2147 2157 2158
3 2147 2158 2148
3 2148 2158 2159
3 2148 2159 2149
3 2149 2159 2150
3 2149 2150 2140
3 2150 2160 2161
3 2150 2161 2151
3 2151 2161 2162
3 2151 2162 2152
3 2152 2162 2163
3 2152 2163 2153
3 2153 2163 2164
3 2153 2164 2154
3 2154 2164 2165
3 2154 2165 2155
3 2155 2165 2166
3 2155 2166 2156
3 2156 2166 2167
3 2156 2167 2157
3 2157 2167 2168
3 2157 2168 2158
3 2158 2168 2169
3 2158 2169 2159
3 2159 2169 2160
3 2159 2160 2150
3 2160 2170 2171
3 2160 2171 2161
3 2161 2171 2172
3 2161 2172 2162
3 2162 2172 2173
3 2162 2173 2163
3 2163 2173 2174
3 2163 2174 2164
3 2164 2174 2175
3 2164 2175 2165
3 2165 2175 2176
3 2165 2176 2166
3 2166 2176 2177
3 2166 2177 2167
3 2167 2177 2178
3 2167 2178 2168
3 2168 2178 2179
3 2168 2179 2169
3 2169 2179 2170
3 2169 2170 2160
3 2170 2180 2181
3 2170 2181 2171
3 2171 2181 2182
3 2171 2182 2172
3 2172 2182 2183
3 2172 2183 2173
3 2173 2183 2184
3 2173 2184 2174
3 2174 2184 2185
3 2174 2185 2175
3 2175 2185 2186
3 2175 2186 2176
3 2176 2186 2187
3 2176 2187 2177
3 2177 2187 2188
3 2177 2188 2178
3 2178 2188 2189
3 2178 2189 2179
3 2179 2189 2180
3 2179 2180 2170
3 2180 2190 2191
3 2180 2191 2181
3 2181 2191 2192
3 2181 2192 2182
3 2182 2192 2193
3 2182 2193 2183
3 2183 2193 2194
3 2183 2194 2184
3 2184 2194 2195
3 2184 2195 2185
3 2185 2195 2196
3 2185 2196 2186
3 2186 2196 2197
3 2186 2197 2187
3 2187 2197 2198
3 2187 2198 2188
3 2188 2198 2199
3 2188 2199 2189
3 2189 2199 2190
3 2189 2190 2180
3 2190 2200 2201
3 2190 2201 2191
3 2191 2201 2202
3 2191 2202 2192
3 2192 2202 2203
3 2192 2203 2193
3 2193 2203 2204
3 2193 2204 2194
3 2194 2204 2205
3 2194 2205 2195
3 2195 2205 2206
3 2195 2206 2196
3 2196 2206 2207
3 2196 2207 2197
3 2197 2207 2208
3 2197 2208 2198
3 2198 2208 2209
3 2198 2209 2199
3 2199 2209 2200
3 2199 2200 2190
3 2200 2210 2211
3 2200 2211 2201
3 2201 2211 2212
3 2201 2212 2202
3 2202 2212 2213
3 2202 2213 2203
3 2203 2213 2214
3 2203 2214 2204
3 2204 2214 2215
3 2204 2215 2205
3 2205 2215 2216
3 2205 2216 2206
3 2206 2216 2217
3 2206 2217 2207
3 2207 2217 2218
3 2207 2218 2208
3 2208 2218 2219
3 2208 2219 2209
3 2209 2219 2210
3 2209 2210 2200
3 2210 2220 2221
3 2210 2221 2211
3 2211 2221 2222
3 2211 2222 2212
3 2212 2222 2223
3 2212 2223 2213
3 2213 2223 2224
3 2213 2224 2214
3 2214 2224 2225
3 2214 2225 2215
3 2215 2225 2226
3 2215 2226 2216
3 2216 2226 2227
3 2216 2227 2217
3 2217 2227 2228
3 2217 2228 2218
3 2218 2228 2229
3 2218 2229 2219
3 2219 2229 2220
3 2219 2220 2210
3 2220 2230 2231
3 2220 2231 2221
3 2221 2231 2232
3 2221 2232 2222
3 2222 2232 2233
3 2222 2233 2223
3 2223 2233 2234
3 2223 2234 2224
3 2224 2234 2235
3 2224 2235 2225
3 2225 2235 2236
3 2225 2236 2226
3 2226 2236 2237
3 2226 2237 2227
3 2227 2237 2238
3 2227 2238 2228
3 2228 2238 2239
3 2228 2239 2229
3 2229 2239 2230
3 2229 2230 2220
3 2230 2240 2241
3 2230 2241 2231
3 2231 2241 2242
3 2231 2242 2232
3 2232 2242 2243
3 2232 2243 2233
3 2233 2243 2244
3 2233 2244 2234
3 2234 2244 2245
3 2234 2245 2235
3 2235 2245 2246
3 2235 2246 2236
3 2236 2246 2247
3 2236 2247 2237
3 2237 2247 2248
3 2237 2248 2238
3 2238 2248 2249
3 2238 2249 2239
3 2239 2249 2240
3 2239 2240 2230
3 2240 2250 2251
3 2240 2251 2241
3 2241 2251 2252
3 2241 2252 2242
3 2242 2252 2253
3 2242 2253 2243
3 2243 2253 2254
3 2243 2254 2244
3 2244 2254 2255
3 2244 2255 2245
3 2245 2255 2256
3 2245 2256 2246
3 2246 2256 2257
3 2246 2257 2247
3 2247 2257 2258
3 2247 2258 2248
3 2248 2258 2259
3 2248 2259 2249
3 2249 2259 2250
3 2249 2250 2240
3 2250 2260 2261
3 2250 2261 2251
3 2251 2261 2262
3 2251 2262 2252
3 2252 2262 2263
3 2252 2263 2253
3 2253 2263 2264
3 2253 2264 2254
3 2254 2264 2265
3 2254 2265 2255
3 2255 2265 2266
3 2255 2266 2256
3 2256 2266 2267
3 2256 2267 2257
3 2257 2267 2268
3 2257 2268 2258
3 2258 2268 2269
3 2258 2269 2259
3 2259 2269 2260
3 2259 2260 2250
3 2260 2270 2271
3 2260 2271 2261
3 2261 2271 2272
3 2261 2272 2262
3 2262 2272 2273
3 2262 2273 2263
3 2263 2273 2274
3 2263 2274 2264
3 2264 2274 2275
3 2264 2275 2265
3 2265 2275 2276
3 2265 2276 2266
3 2266 2276 2277
3 2266 2277 2267
3 2267 2277 2278
3 2267 2278 2268
3 2268 2278 2279
3 2268 2279 2269
3 2269 2279 2270
3 2269 2270 2260
3 2270 2280 2281
3 2270 2281 2271
3 2271 2281 2282
3 2271 2282 2272
3 2272 2282 2283
3 2272 2283 2273
3 2273 2283 2284
3 2273 2284 2274
3 2274 2284 2285
3 2274 2285 2275
3 2275 2285 2286
3 2275 2286 2276
3 2276 2286 2287
3 2276 2287 2277
3 2277 2287 2288
3 2277 2288 2278
3 2278 2288 2289
3 2278 2289 2279
3 2279 2289 2280
3 2279 2280 2270
3 2280 2290 2291
3 2280 2291 2281
3 2281 2291 2292
3 2281 2292 2282
3 2282 2292 2293
3 2282 2293 2283
3 2283 2293 2294
3 2283 2294 2284
3 2284 2294 2295
3 2284 2295 2285
3 2285 2295 2296
3 2285 2296 2286
3 2286 2296 2297
3 2286 2297 2287
3 2287 2297 2298
3 2287 2298 2288
3 2288 2298 2299
3 2288 2299 2289
3 2289 2299 2290
3 2289 2290 2280
3 2290 2300 2301
3 2290 2301 2291
3 2291 2301 2302
3 2291 2302 2292
3 2292 2302 2303
3 2292 2303 2293
3 2293 2303 2304
3 2293 2304 2294
3 2294 2304 2305
3 2294 2305 2295
3 2295 2305 2306
3 2295 2306 2296
3 2296 2306 2307
3 2296 2307 2297
3 2297 2307 2308
3 2297 2308 2298
3 2298 2308 2309
3 2298 2309 2299
3 2299 2309 2300
3 2299 2300 2290
3 2300 2310 2311
3 2300 2311 2301
3 2301 2311 2312
3 2301 2312 2302
3 2302 2312 2313
3 2302 2313 2303
3 2303 2313 2314
3 2303 2314 2304
3 2304 2314 2315
3 2304 2315 2305
3 2305 2315 2316
3 2305 2316 2306
3 2306 2316 2317
3 2306 2317 2307
3 2307 2317 2318
3 2307 2318 2308
3 2308 2318 2319
3 2308 2319 2309
3 2309 2319 2310
3 2309 2310 2300
3 2310 2320 2321
3 2310 2321 2311
3 2311 2321 2322
3 2311 2322 2312
3 2312 2322 2323
3 2312 2323 2313
3 2313 2323 2324
3 2313 2324 2314
3 2314 2324 2325
3 2314 2325 2315
3 2315 2325 2326
3 2315 2326 2316
3 2316 2326 2327
3 2316 2327 2317
3 2317 2327 2328
3 2317 2328 2318
3 2318 2328 2329
3 2318 2329 2319
3 2319 2329 2320
3 2319 2320 2310
3 2320 2330 2331
3 2320 2331 2321
3 2321 2331 2332
3 2321 2332 2322
3 2322 2332 2333
3 2322 2333 2323
3 2323 2333 2334
3 2323 2334 2324
3 2324 2334 2335
3 2324 2335 2325
3 2325 2335 2336
3 2325 2336 2326
3 2326 2336 2337
3 2326 2337 2327
3 2327 2337 2338
3 2327 2338 2328
3 2328 2338 2339
3 2328 2339 2329
3 2329 2339 2330
3 2329 2330 2320
3 2330 2340 2341
3 2330 2341 2331
3 2331 2341 2342
3 2331 2342 2332
3 2332 2342 2343
3 2332 2343 2333
3 2333 2343 2344
3 2333 2344 2334
3 2334 2344 2345
3 2334 2345 2335
3 2335 2345 2346
3 2335 2346 2336
3 2336 2346 2347
3 2336 2347 2337
3 2337 2347 2348
3 2337 2348 2338
3 2338 2348 2349
3 2338 2349 2339
3 2339 2349 2340
3 2339 2340 2330
3 2340 2350 2351
3 2340 2351 2341
3 2341 2351 2352
3 2341 2352 2342
3 2342 2352 2353
3 2342 2353 2343
3 2343 2353 2354
3 2343 2354 2344
3 2344 2354 2355
3 2344 2355 2345
3 2345 2355 2356
3 2345 2356 2346
3 2346 2356 2357
3 2346 2357 2347
3 2347 2357 2358
3 2347 2358 2348
3 2348 2358 2359
3 2348 2359 2349
3 2349 2359 2350
3 2349 2350 2340
3 2350 2360 2361
3 2350 2361 2351
3 2351 2361 2362
3 2351 2362 2352
3 2352 2362 2363
3 2352 2363 2353
3 2353 2363 2364
3 2353 2364 2354
3 2354 2364 2365
3 2354 2365 2355
3 2355 2365 2366
3 2355 2366 2356
3 2356 2366 2367
3 2356 2367 2357
3 2357 2367 2368
3 2357 2368 2358
3 2358 2368 2369
3 2358 2369 2359
3 2359 2369 2360
3 2359 2360 2350
3 2360 2370 2371
3 2360 2371 2361
3 2361 2371 2372
3 2361 2372 2362
3 2362 2372 2373
3 2362 2373 2363
3 2363 2373 2374
3 2363 2374 2364
3 2364 2374 2375
3 2364 2375 2365
3 2365 2375 2376
3 2365 2376 2366
3 2366 2376 2377
3 2366 2377 2367
3 2367 2377 2378
3 2367 2378 2368
3 2368 2378 2379
3 2368 2379 2369
3 2369 2379 2370
3 2369 2370 2360
3 2370 2380 2381
3 2370 2381 2371
3 2371 2381 2382
3 2371 2382 2372
3 2372 2382 2383
3 2372 2383 2373
3 2373 2383 2384
3 2373 2384 2374
3 2374 2384 2385
3 2374 2385 2375
3 2375 2385 2386
3 2375 2386 2376
3 2376 2386 2387
3 2376 2387 2377
3 2377 2387 2388
3 2377 2388 2378
3 2378 2388 2389
3 2378 2389 2379
3 2379 2389 2380
3 2379 2380 2370
3 2380 2390 2391
3 2380 2391 2381
3 2381 2391 2392
3 2381 2392 2382
3 2382 2392 2393
3 2382 2393 2383
3 2383 2393 2394
3 2383 2394 2384
3 2384 2394 2395
3 2384 2395 2385
3 2385 2395 2396
3 2385 2396 2386
3 2386 2396 2397
3 2386 2397 2387
3 2387 2397 2398
3 2387 2398 2388
3 2388 2398 2399
3 2388 2399 2389
3 2389 2399 2390
3 2389 2390 2380
3 2390 2400 2401
3 2390 2401 2391
3 2391 2401 2402
3 2391 2402 2392
3 2392 2402 2403
3 2392 2403 2393
3 2393 2403 2404
3 2393 2404 2394
3 2394 2404 2405
3 2394 2405 2395
3 2395 2405 2406
3 2395 2406 2396
3 2396 2406 2407
3 2396 2407 2397
3 2397 2407 2408
3 2397 2408 2398
3 2398 2408 2409
3 2398 2409 2399
3 2399 2409 2400
3 2399 2400 2390
3 2400 2410 2411
3 2400 2411 2401
3 2401 2411 2412
3 2401 2412 2402
3 2402 2412 2413
3 2402 2413 2403
3 2403 2413 2414
3 2403 2414 2404
3 2404 2414 2415
3 2404 2415 2405
3 2405 2415 2416
3 2405 2416 2406
3 2406 2416 2417
3 2406 2417 2407
3 2407 2417 2418
3 2407 2418 2408
3 2408 2418 2419
3 2408 2419 2409
3 2409 2419 2410
3 2409 2410 2400
3 2410 2420 2421
3 2410 2421 2411
3 2411 2421 2422
3 2411 2422 2412
3 2412 2422 2423
3 2412 2423 2413
3 2413 2423 2424
3 2413 2424 2414
3 2414 2424 2425
3 2414 2425 2415
3 2415 2425 2426
3 2415 2426 2416
3 2416 2426 2427
3 2416 2427 2417
3 2417 2427 2428
3 2417 2428 2418
3 2418 2428 2429
3 2418 2429 2419
3 2419 2429 2420
3 2419 2420 2410
3 2420 2430 2431
3 2420 2431 2421
3 2421 2431 2432
3 2421 2432 2422
3 2422 2432 2433
3 2422 2433 2423
3 2423 2433 2434
3 2423 2434 2424
3 2424 2434 2435
3 2424 2435 2425
3 2425 2435 2436
3 2425 2436 2426
3 2426 2436 2437
3 2426 2437 2427
3 2427 2437 2438
3 2427 2438 2428
3 2428 2438 2439
3 2428 2439 2429
3 2429 2439 2430
3 2429 2430 2420
3 2430 2440 2441
3 2430 2441 2431
3 2431 2441 2442
3 2431 2442 2432
3 2432 2442 2443
3 2432 2443 2433
3 2433 2443 2444
3 2433 2444 2434
3 2434 2444 2445
3 2434 2445 2435
3 2435 2445 2446
3 2435 2446 2436
3 2436 2446 2447
3 2436 2447 2437
3 2437 2447 2448
3 2437 2448 2438
3 2438 2448 2449
3 2438 2449 2439
3 2439 2449 2440
3 2439 2440 2430
3 2440 2450 2451
3 2440 2451 2441
3 2441 2451 2452
3 2441 2452 2442
3 2442 2452 2453
3 2442 2453 2443
3 2443 2453 2454
3 2443 2454 2444
3 2444 2454 2455
3 2444 2455 2445
3 2445 2455 2456
3 2445 2456 2446
3 2446 2456 2457
3 2446 2457 2447
3 2447 2457 2458
3 2447 2458 2448
3 2448 2458 2459
3 2448 2459 2449
3 2449 2459 2450
3 2449 2450 2440
3 2450 2460 2461
3 2450 2461 2451
3 2451 2461 2462
3 2451 2462 2452
3 2452 2462 2463
3 2452 2463 2453
3 2453 2463 2464
3 2453 2464 2454
3 2454 2464 2465
3 2454 2465 2455
3 2455 2465 2466
3 2455 2466 2456
3 2456 2466 2467
3 2456 2467 2457
3 2457 2467 2468
3 2457 2468 2458
3 2458 2468 2469
3 2458 2469 2459
3 2459 2469 2460
3 2459 2460 2450
3 2460 2470 2471
3 2460 2471 2461
3 2461 2471 2472
3 2461 2472 2462
3 2462 2472 2473
3 2462 2473 2463
3 2463 2473 2474
3 2463 2474 2464
3 2464 2474 2475
3 2464 2475 2465
3 2465 2475 2476
3 2465 2476 2466
3 2466 2476 2477
3 2466 2477 2467
3 2467 2477 2478
3 2467 2478 2468
3 2468 2478 2479
3 2468 2479 2469
3 2469 2479 2470
3 2469 2470 2460
3 2470 2480 2481
3 2470 2481 2471
3 2471 2481 2482
3 2471 2482 2472
3 2472 2482 2483
3 2472 2483 2473
3 2473 2483 2484
3 2473 2484 2474
3 2474 2484 2485
3 2474 2485 2475
3 2475 2485 2486
3 2475 2486 2476
3 2476 2486 2487
3 2476 2487 2477
3 2477 2487 2488
3 2477 2488 2478
3 2478 2488 2489
3 2478 2489 2479
3 2479 2489 2480
3 2479 2480 2470
3 2480 2490 2491
3 2480 2491 2481
3 2481 2491 2492
3 2481 2492 2482
3 2482 2492 2493
3 2482 2493 2483
3 2483 2493 2494
3 2483 2494 2484
3 2484 2494 2495
3 2484 2495 2485
3 2485 2495 2496
3 2485 2496 2486
3 2486 2496 2497
3 2486 2497 2487
3 2487 2497 2498
3 2487 2498 2488
3 2488 2498 2499
3 2488 2499 2489
3 2489 2499 2490
3 2489 2490 2480
3 2490 2500 2501
3 2490 2501 2491
3 2491 2501 2502
3 2491 2502 2492
3 2492 2502 2503
3 2492 2503 2493
3 2493 2503 2504
3 2493 2504 2494
3 2494 2504 2505
3 2494 2505 2495
3 2495 2505 2506
3 2495 2506 2496
3 2496 2506 2507
3 2496 2507 2497
3 2497 2507 2508
3 2497 2508 2498
3 2498 2508 2509
3 2498 2509 2499
3 2499 2509 2500
3 2499 2500 2490
3 2500 2510 2511
3 2500 2511 2501
3 2501 2511 2512
3 2501 2512 2502
3 2502 2512 2513
3 2502 2513 2503
3 2503 2513 2514
3 2503 2514 2504
3 2504 2514 2515
3 2504 2515 2505
3 2505 2515 2516
3 2505 2516 2506
3 2506 2516 2517
3 2506 2517 2507
3 2507 2517 2518
3 2507 2518 2508
3 2508 2518 2519
3 2508 2519 2509
3 2509 2519 2510
3 2509 2510 2500
3 2510 2520 2521
3 2510 2521 2511
3 2511 2521 2522
3 2511 2522 2512
3 2512 2522 2523
3 2512 2523 2513
3 2513 2523 2524
3 2513 2524 2514
3 2514 2524 2525
3 2514 2525 2515
3 2515 2525 2526
3 2515 2526 2516
3 2516 2526 2527
3 2516 2527 2517
3 2517 2527 2528
3 2517 2528 2518
3 2518 2528 2529
3 2518 2529 2519
3 2519 2529 2520
3 2519 2520 2510
3 2520 2530 2531
3 2520 2531 2521
3 2521 2531 2532
3 2521 2532 2522
3 2522 2532 2533
3 2522 2533 2523
3 2523 2533 2534
3 2523 2534 2524
3 2524 2534 2535
3 2524 2535 2525
3 2525 2535 2536
3 2525 2536 2526
3 2526 2536 2537
3 2526 2537 2527
3 2527 2537 2538
3 2527 2538 2528
3 2528 2538 2539
3 2528 2539 2529
3 2529 2539 2530
3 2529 2530 2520
3 2530 2540 2541
3 2530 2541 2531
3 2531 2541 2542
3 2531 2542 2532
3 2532 2542 2543
3 2532 2543 2533
3 2533 2543 2544
3 2533 2544 2534
3 2534 2544 2545
3 2534 2545 2535
3 2535 2545 2546
3 2535 2546 2536
3 2536 2546 2547
3 2536 2547 2537
3 2537 2547 2548
3 2537 2548 2538
3 2538 2548 2549
3 2538 2549 2539
3 2539 2549 2540
3 2539 2540 2530
3 2540 2550 2551
3 2540 2551 2541
3 2541 2551 2552
3 2541 2552 2542
3 2542 2552 2553
3 2542 2553 2543
3 2543 2553 2554
3 2543 2554 2544
3 2544 2554 2555
3 2544 2555 2545
3 2545 2555 2556
3 2545 2556 2546
3 2546 2556 2557
3 2546 2557 2547
3 2547 2557 2558
3 2547 2558 2548
3 2548 2558 2559
3 2548 2559 2549
3 2549 2559 2550
3 2549 2550 2540
3 2550 2560 2561
3 2550 2561 2551
3 2551 2561 2562
3 2551 2562 2552
3 2552 2562 2563
3 2552 2563 2553
3 2553 2563 2564
3 2553 2564 2554
3 2554 2564 2565
3 2554 2565 2555
3 2555 2565 2566
3 2555 2566 2556
3 2556 2566 2567
3 2556 2567 2557
3 2557 2567 2568
3 2557 2568 2558
3 2558 2568 2569
3 2558 2569 2559
3 2559 2569 2560
3 2559 2560 2550
3 2560 2570 2571
3 2560 2571 2561
3 2561 2571 2572
3 2561 2572 2562
3 2562 2572 2573
3 2562 2573 2563
3 2563 2573 2574
3 2563 2574 2564
3 2564 2574 2575
3 2564 2575 2565
3 2565 2575 2576
3 2565 2576 2566
3 2566 2576 2577
3 2566 2577 2567
3 2567 2577 2578
3 2567 2578 2568
3 2568 2578 2579
3 2568 2579 2569
3 2569 2579 2570
3 2569 2570 2560
3 2570 2580 2581
3 2570 2581 2571
3 2571 2581 2582
3 2571 2582 2572
3 2572 2582 2583
3 2572 2583 2573
3 2573 2583 2584
3 2573 2584 2574
3 2574 2584 2585
3 2574 2585 2575
3 2575 2585 2586
3 2575 2586 2576
3 2576 2586 2587
3 2576 2587 2577
3 2577 2587 2588
3 2577 2588 2578
3 2578 2588 2589
3 2578 2589 2579
3 2579 2589 2580
3 2579 2580 2570
3 2580 2590 2591
3 2580 2591 2581
3 2581 2591 2592
3 2581 2592 2582
3 2582 2592 2593
3 2582 2593 2583
3 2583 2593 2594
3 2583 2594 2584
3 2584 2594 2595
3 2584 2595 2585
3 2585 2595 2596
3 2585 2596 2586
3 2586 2596 2597
3 2586 2597 2587
3 2587 2597 2598
3 2587 2598 2588
3 2588 2598 2599
3 2588 2599 2589
3 2589 2599 2590
3 2589 2590 2580
3 2590 2600 2601
3 2590 2601 2591
3 2591 2601 2602
3 2591 2602 2592
3 2592 2602 2603
3 2592 2603 2593
3 2593 2603 2604
3 2593 2604 2594
3 2594 2604 2605
3 2594 2605 2595
3 2595 2605 2606
3 2595 2606 2596
3 2596 2606 2607
3 2596 2607 2597
3 2597 2607 2608
3 2597 2608 2598
3 2598 2608 2609
3 2598 2609 2599
3 2599 2609 2600
3 2599 2600 2590
3 2600 2610 2611
3 2600 2611 2601
3 2601 2611 2612
3 2601 2612 2602
3 2602 2612 2613
3 2602 2613 2603
3 2603 2613 2614
3 2603 2614 2604
3 2604 2614 2615
3 2604 2615 2605
3 2605 2615 2616
3 2605 2616 2606
3 2606 2616 2617
3 2606 2617 2607
3 2607 2617 2618
3 2607 2618 2608
3 2608 2618 2619
3 2608 2619 2609
3 2609 2619 2610
3 2609 2610 2600
3 2610 2620 2621
3 2610 2621 2611
3 2611 2621 2622
3 2611 2622 2612
3 2612 2622 2623
3 2612 2623 2613
3 2613 2623 2624
3 2613 2624 2614
3 2614 2624 2625
3 2614 2625 2615
3 2615 2625 2626
3 2615 2626 2616
3 2616 2626 2627
3 2616 2627 2617
3 2617 2627 2628
3 2617 2628 2618
3 2618 2628 2629
3 2618 2629 2619
3 2619 2629 2620
3 2619 2620 2610
3 2620 2630 2631
3 2620 2631 2621
3 2621 2631 2632
3 2621 2632 2622
3 2622 2632 2633
3 2622 2633 2623
3 2623 2633 2634
3 2623 2634 2624
3 2624 2634 2635
3 2624 2635 2625
3 2625 2635 2636
3 2625 2636 2626
3 2626 2636 2637
3 2626 2637 2627
3 2627 2637 2638
3 2627 2638 2628
3 2628 2638 2639
3 2628 2639 2629
3 2629 2639 2630
3 2629 2630 2620
3 2630 2640 2641
3 2630 2641 2631
3 2631 2641 2642
3 2631 2642 2632
3 2632 2642 2643
3 2632 2643 2633
3 2633 2643 2644
3 2633 2644 2634
3 2634 2644 2645
3 2634 2645 2635
3 2635 2645 2646
3 2635 2646 2636
3 2636 2646 2647
3 2636 2647 2637
3 2637 2647 2648
3 2637 2648 2638
3 2638 2648 2649
3 2638 2649 2639
3 2639 2649 2640
3 2639 2640 2630
3 2640 2650 2651
3 2640 2651 2641
3 2641 2651 2652
3 2641 2652 2642
3 2642 2652 2653
3 2642 2653 2643
3 2643 2653 2654
3 2643 2654 2644
3 2644 2654 2655
3 2644 2655 2645
3 2645 2655 2656
3 2645 2656 2646
3 2646 2656 2657
3 2646 2657 2647
3 2647 2657 2658
3 2647 2658 2648
3 2648 2658 2659
3 2648 2659 2649
3 2649 2659 2650
3 2649 2650 2640
3 2650 2660 2661
3 2650 2661 2651
3 2651 2661 2662
3 2651 2662 2652
3 2652 2662 2663
3 2652 2663 2653
3 2653 2663 2664
3 2653 2664 2654
3 2654 2664 2665
3 2654 2665 2655
3 2655 2665 2666
3 2655 2666 2656
3 2656 2666 2667
3 2656 2667 2657
3 2657 2667 2668
3 2657 2668 2658
3 2658 2668 2669
3 2658 2669 2659
3 2659 2669 2660
3 2659 2660 2650
3 2660 2670 2671
3 2660 2671 2661
3 2661 2671 2672
3 2661 2672 2662
3 2662 2672 2673
3 2662 2673 2663
3 2663 2673 2674
3 2663 2674 2664
3 2664 2674 2675
3 2664 2675 2665
3 2665 2675 2676
3 2665 2676 2666
3 2666 2676 2677
3 2666 2677 2667
3 2667 2677 2678
3 2667 2678 2668
3 2668 2678 2679
3 2668 2679 2669
3 2669 2679 2670
3 2669 2670 2660
3 2670 2680 2681
3 2670 2681 2671
3 2671 2681 2682
3 2671 2682 2672
3 2672 2682 2683
3 2672 2683 2673
3 2673 2683 2684
3 2673 2684 2674
3 2674 2684 2685
3 2674 2685 2675
3 2675 2685 2686
3 2675 2686 2676
3 2676 2686 2687
3 2676 2687 2677
3 2677 2687 2688
3 2677 2688 2678
3 2678 2688 2689
3 2678 2689 2679
3 2679 2689 2680
3 2679 2680 2670
3 2680 2690 2691
3 2680 2691 2681
3 2681 2691 2692
3 2681 2692 2682
3 2682 2692 2693
3 2682 2693 2683
3 2683 2693 2694
3 2683 2694 2684
3 2684 2694 2695
3 2684 2695 2685
3 2685 2695 2696
3 2685 2696 2686
3 2686 2696 2697
3 2686 2697 2687
3 2687 2697 2698
3 2687 2698 2688
3 2688 2698 2699
3 2688 2699 2689
3 2689 2699 2690
3 2689 2690 2680
3 2690 2700 2701
3 2690 2701 2691
3 2691 2701 2702
3 2691 2702 2692
3 2692 2702 2703
3 2692 2703 2693
3 2693 2703 2704
3 2693 2704 2694
3 2694 2704 2705
3 2694 2705 2695
3 2695 2705 2706
3 2695 2706 2696
3 2696 2706 2707
3 2696 2707 2697
3 2697 2707 2708
3 2697 2708 2698
3 2698 2708 2709
3 2698 2709 2699
3 2699 2709 2700
3 2699 2700 2690
3 2700 2710 2711
3 2700 2711 2701
3 2701 2711 2712
3 2701 2712 2702
3 2702 2712 2713
3 2702 2713 2703
3 2703 2713 2714
3 2703 2714 2704
3 2704 2714 2715
3 2704 2715 2705
3 2705 2715 2716
3 2705 2716 2706
3 2706 2716 2717
3 2706 2717 2707
3 2707 2717 2718
3 2707 2718 2708
3 2708 2718 2719
3 2708 2719 2709
3 2709 2719 2710
3 2709 2710 2700
3 2710 2720 2721
3 2710 2721 2711
3 2711 2721 2722
3 2711 2722 2712
3 2712 2722 2723
3 2712 2723 2713
3 2713 2723 2724
3 2713 2724 2714
3 2714 2724 2725
3 2714 2725 2715
3 2715 2725 2726
3 2715 2726 2716
3 2716 2726 2727
3 2716 2727 2717
3 2717 2727 2728
3 2717 2728 2718
3 2718 2728 2729
3 2718 2729 2719
3 2719 2729 2720
3 2719 2720 2710
3 2720 2730 2731
3 2720 2731 2721
3 2721 2731 2732
3 2721 2732 2722
3 2722 2732 2733
3 2722 2733 2723
3 2723 2733 2734
3 2723 2734 2724
3 2724 2734 2735
3 2724 2735 2725
3 2725 2735 2736
3 2725 2736 2726
3 2726 2736 2737
3 2726 2737 2727
3 2727 2737 2738
3 2727 2738 2728
3 2728 2738 2739
3 2728 2739 2729
3 2729 2739 2730
3 2729 2730 2720
3 2730 2740 2741
3 2730 2741 2731
3 2731 2741 2742
3 2731 2742 2732
3 2732 2742 2743
3 2732 2743 2733
3 2733 2743 2744
3 2733 2744 2734
3 2734 2744 2745
3 2734 2745 2735
3 2735 2745 2746
3 2735 2746 2736
3 2736 2746 2747
3 2736 2747 2737
3 2737 2747 2748
3 2737 2748 2738
3 2738 2748 2749
3 2738 2749 2739
3 2739 2749 2740
3 2739 2740 2730
3 2740 2750 2751
3 2740 2751 2741
3 2741 2751 2752
3 2741 2752 2742
3 2742 2752 2753
3 2742 2753 2743
3 2743 2753 2754
3 2743 2754 2744
3 2744 2754 2755
3 2744 2755 2745
3 2745 2755 2756
3 2745 2756 2746
3 2746 2756 2757
3 2746 2757 2747
3 2747 2757 2758
3 2747 2758 2748
3 2748 2758 2759
3 2748 2759 2749
3 2749 2759 2750
3 2749 2750 2740
3 2750 2760 2761
3 2750 2761 2751
3 2751 2761 2762
3 2751 2762 2752
3 2752 2762 2763
3 2752 2763 2753
3 2753 2763 2764
3 2753 2764 2754
3 2754 2764 2765
3 2754 2765 2755
3 2755 2765 2766
3 2755 2766 2756
3 2756 2766 2767
3 2756 2767 2757
3 2757 2767 2768
3 2757 2768 2758
3 2758 2768 2769
3 2758 2769 2759
3 2759 2769 2760
3 2759 2760 2750
3 2760 2770 2771
3 2760 2771 2761
3 2761 2771 2772
3 2761 2772 2762
3 2762 2772 2773
3 2762 2773 2763
3 2763 2773 2774
3 2763 2774 2764
3 2764 2774 2775
3 2764 2775 2765
3 2765 2775 2776
3 2765 2776 2766
3 2766 2776 2777
3 2766 2777 2767
3 2767 2777 2778
3 2767 2778 2768
3 2768 2778 2779
3 2768 2779 2769
3 2769 2779 2770
3 2769 2770 2760
3 2770 2780 2781
3 2770 2781 2771
3 2771 2781 2782
3 2771 2782 2772
3 2772 2782 2783
3 2772 2783 2773
3 2773 2783 2784
3 2773 2784 2774
3 2774 2784 2785
3 2774 2785 2775
3 2775 2785 2786
3 2775 2786 2776
3 2776 2786 2787
3 2776 2787 2777
3 2777 2787 2788
3 2777 2788 2778
3 2778 2788 2789
3 2778 2789 2779
3 2779 2789 2780
3 2779 2780 2770
3 2780 2790 2791
3 2780 2791 2781
3 2781 2791 2792
3 2781 2792 2782
3 2782 2792 2793
3 2782 2793 2783
3 2783 2793 2794
3 2783 2794 2784
3 2784 2794 2795
3 2784 2795 2785
3 2785 2795 2796
3 2785 2796 2786
3 2786 2796 2797
3 2786 2797 2787
3 2787 2797 2798
3 2787 2798 2788
3 2788 2798 2799
3 2788 2799 2789
3 2789 2799 2790
3 2789 2790 2780
3 2790 2800 2801
3 2790 2801 2791
3 2791 2801 2802
3 2791 2802 2792
3 2792 2802 2803
3 2792 2803 2793
3 2793 2803 2804
3 2793 2804 2794
3 2794 2804 2805
3 2794 2805 2795
3 2795 2805 2806
3 2795 2806 2796
3 2796 2806 2807
3 2796 2807 2797
3 2797 2807 2808
3 2797 2808 2798
3 2798 2808 2809
3 2798 2809 2799
3 2799 2809 2800
3 2799 2800 2790
3 2800 2810 2811
3 2800 2811 2801
3 2801 2811 2812
3 2801 2812 2802
3 2802 2812 2813
3 2802 2813 2803
3 2803 2813 2814
3 2803 2814 2804
3 2804 2814 2815
3 2804 2815 2805
3 2805 2815 2816
3 2805 2816 2806
3 2806 2816 2817
3 2806 2817 2807
3 2807 2817 2818
3 2807 2818 2808
3 2808 2818 2819
3 2808 2819 2809
3 2809 2819 2810
3 2809 2810 2800
3 2810 2820 2821
3 2810 2821 2811
3 2811 2821 2822
3 2811 2822 2812
3 2812 2822 2823
3 2812 2823 2813
3 2813 2823 2824
3 2813 2824 2814
3 2814 2824 2825
3 2814 2825 2815
3 2815 2825 2826
3 2815 2826 2816
3 2816 2826 2827
3 2816 2827 2817
3 2817 2827 2828
3 2817 2828 2818
3 2818 2828 2829
3 2818 2829 2819
3 2819 2829 2820
3 2819 2820 2810
3 2820 2830 2831
3 2820 2831 2821
3 2821 2831 2832
3 2821 2832 2822
3 2822 2832 2833
3 2822 2833 2823
3 2823 2833 2834
3 2823 2834 2824
3 2824 2834 2835
3 2824 2835 2825
3 2825 2835 2836
3 2825 2836 2826
3 2826 2836 2837
3 2826 2837 2827
3 2827 2837 2838
3 2827 2838 2828
3 2828 2838 2839
3 2828 2839 2829
3 2829 2839 2830
3 2829 2830 2820
3 2830 2840 2841
3 2830 2841 2831
3 2831 2841 2842
3 2831 2842 2832
3 2832 2842 2843
3 2832 2843 2833
3 2833 2843 2844
3 2833 2844 2834
3 2834 2844 2845
3 2834 2845 2835
3 2835 2845 2846
3 2835 2846 2836
3 2836 2846 2847
3 2836 2847 2837
3 2837 2847 2848
3 2837 2848 2838
3 2838 2848 2849
3 2838 2849 2839
3 2839 2849 2840
3 2839 2840 2830
3 2840 2850 2851
3 2840 2851 2841
3 2841 2851 2852
3 2841 2852 2842
3 2842 2852 2853
3 2842 2853 2843
3 2843 2853 2854
3 2843 2854 2844
3 2844 2854 2855
3 2844 2855 2845
3 2845 2855 2856
3 2845 2856 2846
3 2846 2856 2857
3 2846 2857 2847
3 2847 2857 2858
3 2847 2858 2848
3 2848 2858 2859
3 2848 2859 2849
3 2849 2859 2850
3 2849 2850 2840
3 2850 2860 2861
3 2850 2861 2851
3 2851 2861 2862
3 2851 2862 2852
3 2852 2862 2863
3 2852 2863 2853
3 2853 2863 2864
3 2853 2864 2854
3 2854 2864 2865
3 2854 2865 2855
3 2855 2865 2866
3 2855 2866 2856
3 2856 2866 2867
3 2856 2867 2857
3 2857 2867 2868
3 2857 2868 2858
3 2858 2868 2869
3 2858 2869 2859
3 2859 2869 2860
3 2859 2860 2850
3 2860 2870 2871
3 2860 2871 2861
3 2861 2871 2872
3 2861 2872 2862
3 2862 2872 2873
3 2862 2873 2863
3 2863 2873 2874
3 2863 2874 2864
3 2864 2874 2875
3 2864 2875 2865
3 2865 2875 2876
3 2865 2876 2866
3 2866 2876 2877
3 2866 2877 2867
3 2867 2877 2878
3 2867 2878 2868
3 2868 2878 2879
3 2868 2879 2869
3 2869 2879 2870
3 2869 2870 2860
3 2870 2880 2881
3 2870 2881 2871
3 2871 2881 2882
3 2871 2882 2872
3 2872 2882 2883
3 2872 2883 2873
3 2873 2883 2884
3 2873 2884 2874
3 2874 2884 2885
3 2874 2885 2875
3 2875 2885 2886
3 2875 2886 2876
3 2876 2886 2887
3 2876 2887 2877
3 2877 2887 2888
3 2877 2888 2878
3 2878 2888 2889
3 2878 2889 2879
3 2879 2889 2880
3 2879 2880 2870
3 2880 2890 2891
3 2880 2891 2881
3 2881 2891 2892
3 2881 2892 2882
3 2882 2892 2893
3 2882 2893 2883
3 2883 2893 2894
3 2883 2894 2884
3 2884 2894 2895
3 2884 2895 2885
3 2885 2895 2896
3 2885 2896 2886
3 2886 2896 2897
3 2886 2897 2887
3 2887 2897 2898
3 2887 2898 2888
3 2888 2898 2899
3 2888 2899 2889
3 2889 2899 2890
3 2889 2890 2880
3 2890 2900 2901
3 2890 2901 2891
3 2891 2901 2902
3 2891 2902 2892
3 2892 2902 2903
3 2892 2903 2893
3 2893 2903 2904
3 2893 2904 2894
3 2894 2904 2905
3 2894 2905 2895
3 2895 2905 2906
3 2895 2906 2896
3 2896 2906 2907
3 2896 2907 2897
3 2897 2907 2908
3 2897 2908 2898
3 2898 2908 2909
3 2898 2909 2899
3 2899 2909 2900
3 2899 2900 2890
3 2900 2910 2911
3 2900 2911 2901
3 2901 2911 2912
3 2901 2912 2902
3 2902 2912 2913
3 2902 2913 2903
3 2903 2913 2914
3 2903 2914 2904
3 2904 2914 2915
3 2904 2915 2905
3 2905 2915 2916
3 2905 2916 2906
3 2906 2916 2917
3 2906 2917 2907
3 2907 2917 2918
3 2907 2918 2908
3 2908 2918 2919
3 2908 2919 2909
3 2909 2919 2910
3 2909 2910 2900
3 2910 2920 2921
3 2910 2921 2911
3 2911 2921 2922
3 2911 2922 2912
3 2912 2922 2923
3 2912 2923 2913
3 2913 2923 2924
3 2913 2924 2914
3 2914 2924 2925
3 2914 2925 2915
3 2915 2925 2926
3 2915 2926 2916
3 2916 2926 2927
3 2916 2927 2917
3 2917 2927 2928
3 2917 2928 2918
3 2918 2928 2929
3 2918 2929 2919
3 2919 2929 2920
3 2919 2920 2910
3 2920 2930 2931
3 2920 2931 2921
3 2921 2931 2932
3 2921 2932 2922
3 2922 2932 2933
3 2922 2933 2923
3 2923 2933 2934
3 2923 2934 2924
3 2924 2934 2935
3 2924 2935 2925
3 2925 2935 2936
3 2925 2936 2926
3 2926 2936 2937
3 2926 2937 2927
3 2927 2937 2938
3 2927 2938 2928
3 2928 2938 2939
3 2928 2939 2929
3 2929 2939 2930
3 2929 2930 2920
3 2930 2940 2941
3 2930 2941 2931
3 2931 2941 2942
3 2931 2942 2932
3 2932 2942 2943
3 2932 2943 2933
3 2933 2943 2944
3 2933 2944 2934
3 2934 2944 2945
3 2934 2945 2935
3 2935 2945 2946
3 2935 2946 2936
3 2936 2946 2947
3 2936 2947 2937
3 2937 2947 2948
3 2937 2948 2938
3 2938 2948 2949
3 2938 2949 2939
3 2939 2949 2940
3 2939 2940 2930
3 2940 2950 2951
3 2940 2951 2941
3 2941 2951 2952
3 2941 2952 2942
3 2942 2952 2953
3 2942 2953 2943
3 2943 2953 2954
3 2943 2954 2944
3 2944 2954 2955
3 2944 2955 2945
3 2945 2955 2956
3 2945 2956 2946
3 2946 2956 2957
3 2946 2957 2947
3 2947 2957 2958
3 2947 2958 2948
3 2948 2958 2959
3 2948 2959 2949
3 2949 2959 2950
3 2949 2950 2940
3 2950 2960 2961
3 2950 2961 2951
3 2951 2961 2962
3 2951 2962 2952
3 2952 2962 2963
3 2952 2963 2953
3 2953 2963 2964
3 2953 2964 2954
3 2954 2964 2965
3 2954 2965 2955
3 2955 2965 2966
3 2955 2966 2956
3 2956 2966 2967
3 2956 2967 2957
3 2957 2967 2968
3 2957 2968 2958
3 2958 2968 2969
3 2958 2969 2959
3 2959 2969 2960
3 2959 2960 2950
3 2960 2970 2971
3 2960 2971 2961
3 2961 2971 2972
3 2961 2972 2962
3 2962 2972 2973
3 2962 2973 2963
3 2963 2973 2974
3 2963 2974 2964
3 2964 2974 2975
3 2964 2975 2965
3 2965 2975 2976
3 2965 2976 2966
3 2966 2976 2977
3 2966 2977 2967
3 2967 2977 2978
3 2967 2978 2968
3 2968 2978 2979
3 2968 2979 2969
3 2969 2979 2970
3 2969 2970 2960
3 2970 2980 2981
3 2970 2981 2971
3 2971 2981 2982
3 2971 2982 2972
3 2972 2982 2983
3 2972 2983 2973
3 2973 2983 2984
3 2973 2984 2974
3 2974 2984 2985
3 2974 2985 2975
3 2975 2985 2986
3 2975 2986 2976
3 2976 2986 2987
3 2976 2987 2977
3 2977 2987 2988
3 2977 2988 2978
3 2978 2988 2989
3 2978 2989 2979
3 2979 2989 2980
3 2979 2980 2970
3 2980 2990 2991
3 2980 2991 2981
3 2981 2991 2992
3 2981 2992 2982
3 2982 2992 2993
3 2982 2993 2983
3 2983 2993 2994
3 2983 2994 2984
3 2984 2994 2995
3 2984 2995 2985
3 2985 2995 2996
3 2985 2996 2986
3 2986 2996 2997
3 2986 2997 2987
3 2987 2997 2998
3 2987 2998 2988
3 2988 2998 2999
3 2988 2999 2989
3 2989 2999 2990
3 2989 2990 2980
3 2990 0 1
3 2990 1 2991
3 2991 1 2
3 2991 2 2992
3 2992 2 3
3 2992 3 2993
3 2993 3 4
3 2993 4 2994
3 2994 4 5
3 2994 5 2995
3 2995 5 6
3 2995 6 2996
3 2996 6 7
3 2996 7 2997
3 2997 7 8
3 2997 8 2998
3 2998 8 9
3 2998 9 2999
3 2999 9 0
3 2999 0 2990
