ply
format ascii 1.0
element vertex 6400
property float x
property float y
property float z
element face 12800
property list uchar int vertex_indices
end_header
-0.00000 -0.00000 -1.09472
-0.04415 -0.00000 -1.12375
-0.09061 -0.00000 -1.15129
-0.13923 -0.00000 -1.17637
-0.18975 -0.00000 -1.19801
-0.24173 -0.00000 -1.21526
-0.29464 -0.00000 -1.22728
-0.34785 -0.00000 -1.23337
-0.40065 -0.00000 -1.23306
-0.45234 -0.00000 -1.22613
-0.50228 -0.00000 -1.21262
-0.54990 -0.00000 -1.19282
-0.59474 -0.00000 -1.16724
-0.63649 -0.00000 -1.13653
-0.67497 -0.00000 -1.10146
-0.71016 -0.00000 -1.06283
-0.74210 -0.00000 -1.02142
-0.77096 -0.00000 -0.97796
-0.79694 -0.00000 -0.93309
-0.82028 -0.00000 -0.88738
-0.84125 -0.00000 -0.84125
-0.86009 -0.00000 -0.79506
-0.87705 -0.00000 -0.74907
-0.89233 -0.00000 -0.70346
-0.90615 -0.00000 -0.65835
-0.91864 -0.00000 -0.61382
-0.92996 -0.00000 -0.56988
-0.94022 -0.00000 -0.52655
-0.94950 -0.00000 -0.48379
-0.95787 -0.00000 -0.44159
-0.96540 -0.00000 -0.39988
-0.97212 -0.00000 -0.35863
-0.97807 -0.00000 -0.31779
-0.98328 -0.00000 -0.27731
-0.98775 -0.00000 -0.23714
-0.99152 -0.00000 -0.19722
-0.99458 -0.00000 -0.15753
-0.99696 -0.00000 -0.11800
-0.99865 -0.00000 -0.07860
-0.99966 -0.00000 -0.03928
-1.00000 -0.00000 0.00000
-0.99966 -0.00000 0.03928
-0.99865 -0.00000 0.07860
-0.99696 -0.00000 0.11800
-0.99458 -0.00000 0.15753
-0.99152 -0.00000 0.19722
-0.98775 -0.00000 0.23714
-0.98328 -0.00000 0.27731
-0.97807 -0.00000 0.31779
-0.97212 -0.00000 0.35863
-0.96540 -0.00000 0.39988
-0.95787 -0.00000 0.44159
-0.94950 -0.00000 0.48379
-0.94022 -0.00000 0.52655
-0.92996 -0.00000 0.56988
-0.91864 -0.00000 0.61382
-0.90615 -0.00000 0.65835
-0.89233 -0.00000 0.70346
-0.87705 -0.00000 0.74907
-0.86009 -0.00000 0.79506
-0.84125 -0.00000 0.84125
-0.82028 -0.00000 0.88738
-0.79694 -0.00000 0.93309
-0.77096 -0.00000 0.97796
-0.74210 -0.00000 1.02142
-0.71016 -0.00000 1.06283
-0.67497 -0.00000 1.10146
-0.63649 -0.00000 1.13653
-0.59474 -0.00000 1.16724
-0.54990 -0.00000 1.19282
-0.50228 -0.00000 1.21262
-0.45234 -0.00000 1.22613
-0.40065 -0.00000 1.23306
-0.34785 -0.00000 1.23337
-0.29464 -0.00000 1.22728
-0.24173 -0.00000 1.21526
-0.18975 -0.00000 1.19801
-0.13923 -0.00000 1.17637
-0.09061 -0.00000 1.15129
-0.04415 -0.00000 1.12375
-0.00000 -0.00000 -1.09472
-0.04139 -0.00326 -1.12375
-0.08494 -0.00669 -1.15129
-0.13053 -0.01027 -1.17637
-0.17788 -0.01400 -1.19801
-0.22662 -0.01784 -1.21526
-0.27622 -0.02174 -1.22728
-0.32610 -0.02566 -1.23337
-0.37559 -0.02956 -1.23306
-0.42406 -0.03337 -1.22613
-0.47088 -0.03706 -1.21262
-0.51551 -0.04057 -1.19282
-0.55755 -0.04388 -1.16724
-0.59669 -0.04696 -1.13653
-0.63277 -0.04980 -1.10146
-0.66575 -0.05240 -1.06283
-0.69570 -0.05475 -1.02142
-0.72275 -0.05688 -0.97796
-0.74711 -0.05880 -0.93309
-0.76899 -0.06052 -0.88738
-0.78864 -0.06207 -0.84125
-0.80631 -0.06346 -0.79506
-0.82220 -0.06471 -0.74907
-0.83654 -0.06584 -0.70346
-0.84948 -0.06686 -0.65835
-0.86120 -0.06778 -0.61382
-0.87181 -0.06861 -0.56988
-0.88143 -0.06937 -0.52655
-0.89013 -0.07005 -0.48379
-0.89798 -0.07067 -0.44159
-0.90503 -0.07123 -0.39988
-0.91134 -0.07172 -0.35863
-0.91691 -0.07216 -0.31779
-0.92179 -0.07255 -0.27731
-0.92599 -0.07288 -0.23714
-0.92952 -0.07315 -0.19722
-0.93239 -0.07338 -0.15753
-0.93462 -0.07356 -0.11800
-0.93620 -0.07368 -0.07860
-0.93715 -0.07376 -0.03928
-0.93747 -0.07378 0.00000
-0.93715 -0.07376 0.03928
-0.93620 -0.07368 0.07860
-0.93462 -0.07356 0.11800
-0.93239 -0.07338 0.15753
-0.92952 -0.07315 0.19722
-0.92599 -0.07288 0.23714
-0.92179 -0.07255 0.27731
-0.91691 -0.07216 0.31779
-0.91134 -0.07172 0.35863
-0.90503 -0.07123 0.39988
-0.89798 -0.07067 0.44159
-0.89013 -0.07005 0.48379
-0.88143 -0.06937 0.52655
-0.87181 -0.06861 0.56988
-0.86120 -0.06778 0.61382
-0.84948 -0.06686 0.65835
-0.83654 -0.06584 0.70346
-0.82220 -0.06471 0.74907
-0.80631 -0.06346 0.79506
-0.78864 -0.06207 0.84125
-0.76899 -0.06052 0.88738
-0.74711 -0.05880 0.93309
-0.72275 -0.05688 0.97796
-0.69570 -0.05475 1.02142
-0.66575 -0.05240 1.06283
-0.63277 -0.04980 1.10146
-0.59669 -0.04696 1.13653
-0.55755 -0.04388 1.16724
-0.51551 -0.04057 1.19282
-0.47088 -0.03706 1.21262
-0.42406 -0.03337 1.22613
-0.37559 -0.02956 1.23306
-0.32610 -0.02566 1.23337
-0.27622 -0.02174 1.22728
-0.22662 -0.01784 1.21526
-0.17788 -0.01400 1.19801
-0.13053 -0.01027 1.17637
-0.08494 -0.00669 1.15129
-0.04139 -0.00326 1.12375
-0.00000 -0.00000 -1.09472
-0.04223 -0.00669 -1.12375
-0.08666 -0.01373 -1.15129
-0.13317 -0.02109 -1.17637
-0.18149 -0.02874 -1.19801
-0.23121 -0.03662 -1.21526
-0.28182 -0.04464 -1.22728
-0.33270 -0.05270 -1.23337
-0.38321 -0.06069 -1.23306
-0.43265 -0.06853 -1.22613
-0.48042 -0.07609 -1.21262
-0.52596 -0.08330 -1.19282
-0.56885 -0.09010 -1.16724
-0.60878 -0.09642 -1.13653
-0.64559 -0.10225 -1.10146
-0.67924 -0.10758 -1.06283
-0.70980 -0.11242 -1.02142
-0.73740 -0.11679 -0.97796
-0.76225 -0.12073 -0.93309
-0.78457 -0.12426 -0.88738
-0.80463 -0.12744 -0.84125
-0.82265 -0.13029 -0.79506
-0.83887 -0.13286 -0.74907
-0.85349 -0.13518 -0.70346
-0.86670 -0.13727 -0.65835
-0.87865 -0.13917 -0.61382
-0.88948 -0.14088 -0.56988
-0.89929 -0.14243 -0.52655
-0.90817 -0.14384 -0.48379
-0.91618 -0.14511 -0.44159
-0.92338 -0.14625 -0.39988
-0.92981 -0.14727 -0.35863
-0.93550 -0.14817 -0.31779
-0.94047 -0.14896 -0.27731
-0.94475 -0.14963 -0.23714
-0.94836 -0.15020 -0.19722
-0.95129 -0.15067 -0.15753
-0.95356 -0.15103 -0.11800
-0.95518 -0.15129 -0.07860
-0.95615 -0.15144 -0.03928
-0.95647 -0.15149 0.00000
-0.95615 -0.15144 0.03928
-0.95518 -0.15129 0.07860
-0.95356 -0.15103 0.11800
-0.95129 -0.15067 0.15753
-0.94836 -0.15020 0.19722
-0.94475 -0.14963 0.23714
-0.94047 -0.14896 0.27731
-0.93550 -0.14817 0.31779
-0.92981 -0.14727 0.35863
-0.92338 -0.14625 0.39988
-0.91618 -0.14511 0.44159
-0.90817 -0.14384 0.48379
-0.89929 -0.14243 0.52655
-0.88948 -0.14088 0.56988
-0.87865 -0.13917 0.61382
-0.86670 -0.13727 0.65835
-0.85349 -0.13518 0.70346
-0.83887 -0.13286 0.74907
-0.82265 -0.13029 0.79506
-0.80463 -0.12744 0.84125
-0.78457 -0.12426 0.88738
-0.76225 -0.12073 0.93309
-0.73740 -0.11679 0.97796
-0.70980 -0.11242 1.02142
-0.67924 -0.10758 1.06283
-0.64559 -0.10225 1.10146
-0.60878 -0.09642 1.13653
-0.56885 -0.09010 1.16724
-0.52596 -0.08330 1.19282
-0.48042 -0.07609 1.21262
-0.43265 -0.06853 1.22613
-0.38321 -0.06069 1.23306
-0.33270 -0.05270 1.23337
-0.28182 -0.04464 1.22728
-0.23121 -0.03662 1.21526
-0.18149 -0.02874 1.19801
-0.13317 -0.02109 1.17637
-0.08666 -0.01373 1.15129
-0.04223 -0.00669 1.12375
-0.00000 -0.00000 -1.09472
-0.04537 -0.01089 -1.12375
-0.09310 -0.02235 -1.15129
-0.14306 -0.03435 -1.17637
-0.19496 -0.04681 -1.19801
-0.24837 -0.05963 -1.21526
-0.30274 -0.07268 -1.22728
-0.35740 -0.08581 -1.23337
-0.41166 -0.09883 -1.23306
-0.46477 -0.11158 -1.22613
-0.51609 -0.12390 -1.21262
-0.56501 -0.13565 -1.19282
-0.61108 -0.14671 -1.16724
-0.65398 -0.15701 -1.13653
-0.69352 -0.16650 -1.10146
-0.72967 -0.17518 -1.06283
-0.76249 -0.18306 -1.02142
-0.79214 -0.19018 -0.97796
-0.81884 -0.19658 -0.93309
-0.84282 -0.20234 -0.88738
-0.86436 -0.20752 -0.84125
-0.88372 -0.21216 -0.79506
-0.90114 -0.21635 -0.74907
-0.91685 -0.22012 -0.70346
-0.93104 -0.22352 -0.65835
-0.94389 -0.22661 -0.61382
-0.95552 -0.22940 -0.56988
-0.96605 -0.23193 -0.52655
-0.97559 -0.23422 -0.48379
-0.98419 -0.23628 -0.44159
-0.99193 -0.23814 -0.39988
-0.99883 -0.23980 -0.35863
-1.00495 -0.24127 -0.31779
-1.01029 -0.24255 -0.27731
-1.01489 -0.24365 -0.23714
-1.01876 -0.24458 -0.19722
-1.02191 -0.24534 -0.15753
-1.02435 -0.24593 -0.11800
-1.02609 -0.24634 -0.07860
-1.02713 -0.24659 -0.03928
-1.02748 -0.24668 0.00000
-1.02713 -0.24659 0.03928
-1.02609 -0.24634 0.07860
-1.02435 -0.24593 0.11800
-1.02191 -0.24534 0.15753
-1.01876 -0.24458 0.19722
-1.01489 -0.24365 0.23714
-1.01029 -0.24255 0.27731
-1.00495 -0.24127 0.31779
-0.99883 -0.23980 0.35863
-0.99193 -0.23814 0.39988
-0.98419 -0.23628 0.44159
-0.97559 -0.23422 0.48379
-0.96605 -0.23193 0.52655
-0.95552 -0.22940 0.56988
-0.94389 -0.22661 0.61382
-0.93104 -0.22352 0.65835
-0.91685 -0.22012 0.70346
-0.90114 -0.21635 0.74907
-0.88372 -0.21216 0.79506
-0.86436 -0.20752 0.84125
-0.84282 -0.20234 0.88738
-0.81884 -0.19658 0.93309
-0.79214 -0.19018 0.97796
-0.76249 -0.18306 1.02142
-0.72967 -0.17518 1.06283
-0.69352 -0.16650 1.10146
-0.65398 -0.15701 1.13653
-0.61108 -0.14671 1.16724
-0.56501 -0.13565 1.19282
-0.51609 -0.12390 1.21262
-0.46477 -0.11158 1.22613
-0.41166 -0.09883 1.23306
-0.35740 -0.08581 1.23337
-0.30274 -0.07268 1.22728
-0.24837 -0.05963 1.21526
-0.19496 -0.04681 1.19801
-0.14306 -0.03435 1.17637
-0.09310 -0.02235 1.15129
-0.04537 -0.01089 1.12375
-0.00000 -0.00000 -1.09472
-0.04933 -0.01603 -1.12375
-0.10123 -0.03289 -1.15129
-0.15556 -0.05054 -1.17637
-0.21200 -0.06888 -1.19801
-0.27008 -0.08775 -1.21526
-0.32920 -0.10696 -1.22728
-0.38864 -0.12628 -1.23337
-0.44763 -0.14545 -1.23306
-0.50540 -0.16421 -1.22613
-0.56119 -0.18234 -1.21262
-0.61439 -0.19963 -1.19282
-0.66449 -0.21590 -1.16724
-0.71113 -0.23106 -1.13653
-0.75413 -0.24503 -1.10146
-0.79344 -0.25781 -1.06283
-0.82914 -0.26940 -1.02142
-0.86138 -0.27988 -0.97796
-0.89040 -0.28931 -0.93309
-0.91648 -0.29778 -0.88738
-0.93991 -0.30539 -0.84125
-0.96096 -0.31223 -0.79506
-0.97991 -0.31839 -0.74907
-0.99699 -0.32394 -0.70346
-1.01242 -0.32895 -0.65835
-1.02638 -0.33349 -0.61382
-1.03903 -0.33760 -0.56988
-1.05049 -0.34132 -0.52655
-1.06086 -0.34469 -0.48379
-1.07021 -0.34773 -0.44159
-1.07862 -0.35047 -0.39988
-1.08613 -0.35291 -0.35863
-1.09278 -0.35507 -0.31779
-1.09859 -0.35695 -0.27731
-1.10359 -0.35858 -0.23714
-1.10780 -0.35995 -0.19722
-1.11123 -0.36106 -0.15753
-1.11388 -0.36192 -0.11800
-1.11577 -0.36254 -0.07860
-1.11690 -0.36290 -0.03928
-1.11728 -0.36303 0.00000
-1.11690 -0.36290 0.03928
-1.11577 -0.36254 0.07860
-1.11388 -0.36192 0.11800
-1.11123 -0.36106 0.15753
-1.10780 -0.35995 0.19722
-1.10359 -0.35858 0.23714
-1.09859 -0.35695 0.27731
-1.09278 -0.35507 0.31779
-1.08613 -0.35291 0.35863
-1.07862 -0.35047 0.39988
-1.07021 -0.34773 0.44159
-1.06086 -0.34469 0.48379
-1.05049 -0.34132 0.52655
-1.03903 -0.33760 0.56988
-1.02638 -0.33349 0.61382
-1.01242 -0.32895 0.65835
-0.99699 -0.32394 0.70346
-0.97991 -0.31839 0.74907
-0.96096 -0.31223 0.79506
-0.93991 -0.30539 0.84125
-0.91648 -0.29778 0.88738
-0.89040 -0.28931 0.93309
-0.86138 -0.27988 0.97796
-0.82914 -0.26940 1.02142
-0.79344 -0.25781 1.06283
-0.75413 -0.24503 1.10146
-0.71113 -0.23106 1.13653
-0.66449 -0.21590 1.16724
-0.61439 -0.19963 1.19282
-0.56119 -0.18234 1.21262
-0.50540 -0.16421 1.22613
-0.44763 -0.14545 1.23306
-0.38864 -0.12628 1.23337
-0.32920 -0.10696 1.22728
-0.27008 -0.08775 1.21526
-0.21200 -0.06888 1.19801
-0.15556 -0.05054 1.17637
-0.10123 -0.03289 1.15129
-0.04933 -0.01603 1.12375
-0.00000 -0.00000 -1.09472
-0.05203 -0.02155 -1.12375
-0.10677 -0.04423 -1.15129
-0.16407 -0.06796 -1.17637
-0.22360 -0.09262 -1.19801
-0.28486 -0.11799 -1.21526
-0.34721 -0.14382 -1.22728
-0.40990 -0.16979 -1.23337
-0.47212 -0.19556 -1.23306
-0.53304 -0.22079 -1.22613
-0.59189 -0.24517 -1.21262
-0.64800 -0.26841 -1.19282
-0.70084 -0.29030 -1.16724
-0.75004 -0.31068 -1.13653
-0.79539 -0.32946 -1.10146
-0.83685 -0.34664 -1.06283
-0.87450 -0.36223 -1.02142
-0.90850 -0.37631 -0.97796
-0.93911 -0.38899 -0.93309
-0.96662 -0.40039 -0.88738
-0.99133 -0.41062 -0.84125
-1.01353 -0.41982 -0.79506
-1.03351 -0.42810 -0.74907
-1.05153 -0.43556 -0.70346
-1.06781 -0.44230 -0.65835
-1.08253 -0.44840 -0.61382
-1.09587 -0.45393 -0.56988
-1.10796 -0.45893 -0.52655
-1.11889 -0.46346 -0.48379
-1.12876 -0.46755 -0.44159
-1.13763 -0.47122 -0.39988
-1.14555 -0.47450 -0.35863
-1.15256 -0.47741 -0.31779
-1.15869 -0.47995 -0.27731
-1.16397 -0.48213 -0.23714
-1.16841 -0.48397 -0.19722
-1.17202 -0.48547 -0.15753
-1.17482 -0.48663 -0.11800
-1.17681 -0.48745 -0.07860
-1.17801 -0.48795 -0.03928
-1.17840 -0.48811 0.00000
-1.17801 -0.48795 0.03928
-1.17681 -0.48745 0.07860
-1.17482 -0.48663 0.11800
-1.17202 -0.48547 0.15753
-1.16841 -0.48397 0.19722
-1.16397 -0.48213 0.23714
-1.15869 -0.47995 0.27731
-1.15256 -0.47741 0.31779
-1.14555 -0.47450 0.35863
-1.13763 -0.47122 0.39988
-1.12876 -0.46755 0.44159
-1.11889 -0.46346 0.48379
-1.10796 -0.45893 0.52655
-1.09587 -0.45393 0.56988
-1.08253 -0.44840 0.61382
-1.06781 -0.44230 0.65835
-1.05153 -0.43556 0.70346
-1.03351 -0.42810 0.74907
-1.01353 -0.41982 0.79506
-0.99133 -0.41062 0.84125
-0.96662 -0.40039 0.88738
-0.93911 -0.38899 0.93309
-0.90850 -0.37631 0.97796
-0.87450 -0.36223 1.02142
-0.83685 -0.34664 1.06283
-0.79539 -0.32946 1.10146
-0.75004 -0.31068 1.13653
-0.70084 -0.29030 1.16724
-0.64800 -0.26841 1.19282
-0.59189 -0.24517 1.21262
-0.53304 -0.22079 1.22613
-0.47212 -0.19556 1.23306
-0.40990 -0.16979 1.23337
-0.34721 -0.14382 1.22728
-0.28486 -0.11799 1.21526
-0.22360 -0.09262 1.19801
-0.16407 -0.06796 1.17637
-0.10677 -0.04423 1.15129
-0.05203 -0.02155 1.12375
-0.00000 -0.00000 -1.09472
-0.05168 -0.02633 -1.12375
-0.10606 -0.05404 -1.15129
-0.16297 -0.08304 -1.17637
-0.22209 -0.11316 -1.19801
-0.28294 -0.14417 -1.21526
-0.34488 -0.17572 -1.22728
-0.40715 -0.20745 -1.23337
-0.46895 -0.23894 -1.23306
-0.52946 -0.26977 -1.22613
-0.58792 -0.29956 -1.21262
-0.64365 -0.32796 -1.19282
-0.69613 -0.35470 -1.16724
-0.74500 -0.37960 -1.13653
-0.79005 -0.40255 -1.10146
-0.83123 -0.42353 -1.06283
-0.86862 -0.44258 -1.02142
-0.90240 -0.45979 -0.97796
-0.93280 -0.47529 -0.93309
-0.96013 -0.48921 -0.88738
-0.98467 -0.50171 -0.84125
-1.00672 -0.51295 -0.79506
-1.02657 -0.52306 -0.74907
-1.04446 -0.53218 -0.70346
-1.06063 -0.54042 -0.65835
-1.07526 -0.54787 -0.61382
-1.08851 -0.55462 -0.56988
-1.10051 -0.56074 -0.52655
-1.11137 -0.56627 -0.48379
-1.12118 -0.57127 -0.44159
-1.12999 -0.57576 -0.39988
-1.13786 -0.57977 -0.35863
-1.14482 -0.58331 -0.31779
-1.15091 -0.58642 -0.27731
-1.15615 -0.58909 -0.23714
-1.16056 -0.59133 -0.19722
-1.16414 -0.59316 -0.15753
-1.16692 -0.59458 -0.11800
-1.16890 -0.59559 -0.07860
-1.17009 -0.59619 -0.03928
-1.17049 -0.59639 0.00000
-1.17009 -0.59619 0.03928
-1.16890 -0.59559 0.07860
-1.16692 -0.59458 0.11800
-1.16414 -0.59316 0.15753
-1.16056 -0.59133 0.19722
-1.15615 -0.58909 0.23714
-1.15091 -0.58642 0.27731
-1.14482 -0.58331 0.31779
-1.13786 -0.57977 0.35863
-1.12999 -0.57576 0.39988
-1.12118 -0.57127 0.44159
-1.11137 -0.56627 0.48379
-1.10051 -0.56074 0.52655
-1.08851 -0.55462 0.56988
-1.07526 -0.54787 0.61382
-1.06063 -0.54042 0.65835
-1.04446 -0.53218 0.70346
-1.02657 -0.52306 0.74907
-1.00672 -0.51295 0.79506
-0.98467 -0.50171 0.84125
-0.96013 -0.48921 0.88738
-0.93280 -0.47529 0.93309
-0.90240 -0.45979 0.97796
-0.86862 -0.44258 1.02142
-0.83123 -0.42353 1.06283
-0.79005 -0.40255 1.10146
-0.74500 -0.37960 1.13653
-0.69613 -0.35470 1.16724
-0.64365 -0.32796 1.19282
-0.58792 -0.29956 1.21262
-0.52946 -0.26977 1.22613
-0.46895 -0.23894 1.23306
-0.40715 -0.20745 1.23337
-0.34488 -0.17572 1.22728
-0.28294 -0.14417 1.21526
-0.22209 -0.11316 1.19801
-0.16297 -0.08304 1.17637
-0.10606 -0.05404 1.15129
-0.05168 -0.02633 1.12375
-0.00000 -0.00000 -1.09472
-0.04830 -0.02960 -1.12375
-0.09912 -0.06074 -1.15129
-0.15232 -0.09334 -1.17637
-0.20758 -0.12720 -1.19801
-0.26445 -0.16205 -1.21526
-0.32233 -0.19753 -1.22728
-0.38053 -0.23319 -1.23337
-0.43830 -0.26859 -1.23306
-0.49485 -0.30325 -1.22613
-0.54949 -0.33673 -1.21262
-0.60157 -0.36865 -1.19282
-0.65063 -0.39870 -1.16724
-0.69630 -0.42669 -1.13653
-0.73840 -0.45249 -1.10146
-0.77689 -0.47608 -1.06283
-0.81184 -0.49750 -1.02142
-0.84341 -0.51684 -0.97796
-0.87183 -0.53426 -0.93309
-0.89737 -0.54991 -0.88738
-0.92030 -0.56396 -0.84125
-0.94091 -0.57659 -0.79506
-0.95946 -0.58796 -0.74907
-0.97619 -0.59821 -0.70346
-0.99130 -0.60747 -0.65835
-1.00497 -0.61585 -0.61382
-1.01736 -0.62344 -0.56988
-1.02857 -0.63031 -0.52655
-1.03873 -0.63653 -0.48379
-1.04789 -0.64215 -0.44159
-1.05612 -0.64719 -0.39988
-1.06348 -0.65170 -0.35863
-1.06998 -0.65569 -0.31779
-1.07568 -0.65918 -0.27731
-1.08057 -0.66218 -0.23714
-1.08469 -0.66470 -0.19722
-1.08805 -0.66676 -0.15753
-1.09064 -0.66835 -0.11800
-1.09250 -0.66948 -0.07860
-1.09360 -0.67016 -0.03928
-1.09397 -0.67039 0.00000
-1.09360 -0.67016 0.03928
-1.09250 -0.66948 0.07860
-1.09064 -0.66835 0.11800
-1.08805 -0.66676 0.15753
-1.08469 -0.66470 0.19722
-1.08057 -0.66218 0.23714
-1.07568 -0.65918 0.27731
-1.06998 -0.65569 0.31779
-1.06348 -0.65170 0.35863
-1.05612 -0.64719 0.39988
-1.04789 -0.64215 0.44159
-1.03873 -0.63653 0.48379
-1.02857 -0.63031 0.52655
-1.01736 -0.62344 0.56988
-1.00497 -0.61585 0.61382
-0.99130 -0.60747 0.65835
-0.97619 -0.59821 0.70346
-0.95946 -0.58796 0.74907
-0.94091 -0.57659 0.79506
-0.92030 -0.56396 0.84125
-0.89737 -0.54991 0.88738
-0.87183 -0.53426 0.93309
-0.84341 -0.51684 0.97796
-0.81184 -0.49750 1.02142
-0.77689 -0.47608 1.06283
-0.73840 -0.45249 1.10146
-0.69630 -0.42669 1.13653
-0.65063 -0.39870 1.16724
-0.60157 -0.36865 1.19282
-0.54949 -0.33673 1.21262
-0.49485 -0.30325 1.22613
-0.43830 -0.26859 1.23306
-0.38053 -0.23319 1.23337
-0.32233 -0.19753 1.22728
-0.26445 -0.16205 1.21526
-0.20758 -0.12720 1.19801
-0.15232 -0.09334 1.17637
-0.09912 -0.06074 1.15129
-0.04830 -0.02960 1.12375
-0.00000 -0.00000 -1.09472
-0.04339 -0.03152 -1.12375
-0.08904 -0.06469 -1.15129
-0.13682 -0.09941 -1.17637
-0.18646 -0.13547 -1.19801
-0.23755 -0.17259 -1.21526
-0.28954 -0.21037 -1.22728
-0.34183 -0.24835 -1.23337
-0.39371 -0.28605 -1.23306
-0.44452 -0.32296 -1.22613
-0.49359 -0.35862 -1.21262
-0.54038 -0.39261 -1.19282
-0.58444 -0.42462 -1.16724
-0.62547 -0.45443 -1.13653
-0.66329 -0.48191 -1.10146
-0.69787 -0.50703 -1.06283
-0.72926 -0.52984 -1.02142
-0.75762 -0.55044 -0.97796
-0.78315 -0.56899 -0.93309
-0.80608 -0.58565 -0.88738
-0.82669 -0.60062 -0.84125
-0.84520 -0.61408 -0.79506
-0.86187 -0.62618 -0.74907
-0.87689 -0.63710 -0.70346
-0.89046 -0.64696 -0.65835
-0.90274 -0.65588 -0.61382
-0.91387 -0.66396 -0.56988
-0.92395 -0.67129 -0.52655
-0.93307 -0.67791 -0.48379
-0.94130 -0.68389 -0.44159
-0.94869 -0.68927 -0.39988
-0.95530 -0.69406 -0.35863
-0.96115 -0.69831 -0.31779
-0.96626 -0.70203 -0.27731
-0.97066 -0.70522 -0.23714
-0.97436 -0.70791 -0.19722
-0.97737 -0.71010 -0.15753
-0.97970 -0.71180 -0.11800
-0.98137 -0.71300 -0.07860
-0.98236 -0.71373 -0.03928
-0.98269 -0.71397 0.00000
-0.98236 -0.71373 0.03928
-0.98137 -0.71300 0.07860
-0.97970 -0.71180 0.11800
-0.97737 -0.71010 0.15753
-0.97436 -0.70791 0.19722
-0.97066 -0.70522 0.23714
-0.96626 -0.70203 0.27731
-0.96115 -0.69831 0.31779
-0.95530 -0.69406 0.35863
-0.94869 -0.68927 0.39988
-0.94130 -0.68389 0.44159
-0.93307 -0.67791 0.48379
-0.92395 -0.67129 0.52655
-0.91387 -0.66396 0.56988
-0.90274 -0.65588 0.61382
-0.89046 -0.64696 0.65835
-0.87689 -0.63710 0.70346
-0.86187 -0.62618 0.74907
-0.84520 -0.61408 0.79506
-0.82669 -0.60062 0.84125
-0.80608 -0.58565 0.88738
-0.78315 -0.56899 0.93309
-0.75762 -0.55044 0.97796
-0.72926 -0.52984 1.02142
-0.69787 -0.50703 1.06283
-0.66329 -0.48191 1.10146
-0.62547 -0.45443 1.13653
-0.58444 -0.42462 1.16724
-0.54038 -0.39261 1.19282
-0.49359 -0.35862 1.21262
-0.44452 -0.32296 1.22613
-0.39371 -0.28605 1.23306
-0.34183 -0.24835 1.23337
-0.28954 -0.21037 1.22728
-0.23755 -0.17259 1.21526
-0.18646 -0.13547 1.19801
-0.13682 -0.09941 1.17637
-0.08904 -0.06469 1.15129
-0.04339 -0.03152 1.12375
-0.00000 -0.00000 -1.09472
-0.03834 -0.03274 -1.12375
-0.07867 -0.06719 -1.15129
-0.12089 -0.10325 -1.17637
-0.16476 -0.14071 -1.19801
-0.20989 -0.17927 -1.21526
-0.25584 -0.21851 -1.22728
-0.30203 -0.25796 -1.23337
-0.34788 -0.29712 -1.23306
-0.39277 -0.33546 -1.22613
-0.43613 -0.37249 -1.21262
-0.47747 -0.40780 -1.19282
-0.51641 -0.44105 -1.16724
-0.55266 -0.47201 -1.13653
-0.58608 -0.50056 -1.10146
-0.61663 -0.52665 -1.06283
-0.64436 -0.55034 -1.02142
-0.66942 -0.57174 -0.97796
-0.69198 -0.59100 -0.93309
-0.71225 -0.60832 -0.88738
-0.73045 -0.62386 -0.84125
-0.74681 -0.63784 -0.79506
-0.76154 -0.65041 -0.74907
-0.77481 -0.66175 -0.70346
-0.78680 -0.67199 -0.65835
-0.79765 -0.68126 -0.61382
-0.80748 -0.68966 -0.56988
-0.81639 -0.69726 -0.52655
-0.82445 -0.70414 -0.48379
-0.83172 -0.71035 -0.44159
-0.83825 -0.71594 -0.39988
-0.84409 -0.72092 -0.35863
-0.84926 -0.72533 -0.31779
-0.85377 -0.72919 -0.27731
-0.85766 -0.73251 -0.23714
-0.86093 -0.73530 -0.19722
-0.86359 -0.73758 -0.15753
-0.86565 -0.73934 -0.11800
-0.86712 -0.74059 -0.07860
-0.86800 -0.74134 -0.03928
-0.86830 -0.74159 0.00000
-0.86800 -0.74134 0.03928
-0.86712 -0.74059 0.07860
-0.86565 -0.73934 0.11800
-0.86359 -0.73758 0.15753
-0.86093 -0.73530 0.19722
-0.85766 -0.73251 0.23714
-0.85377 -0.72919 0.27731
-0.84926 -0.72533 0.31779
-0.84409 -0.72092 0.35863
-0.83825 -0.71594 0.39988
-0.83172 -0.71035 0.44159
-0.82445 -0.70414 0.48379
-0.81639 -0.69726 0.52655
-0.80748 -0.68966 0.56988
-0.79765 -0.68126 0.61382
-0.78680 -0.67199 0.65835
-0.77481 -0.66175 0.70346
-0.76154 -0.65041 0.74907
-0.74681 -0.63784 0.79506
-0.73045 -0.62386 0.84125
-0.71225 -0.60832 0.88738
-0.69198 -0.59100 0.93309
-0.66942 -0.57174 0.97796
-0.64436 -0.55034 1.02142
-0.61663 -0.52665 1.06283
-0.58608 -0.50056 1.10146
-0.55266 -0.47201 1.13653
-0.51641 -0.44105 1.16724
-0.47747 -0.40780 1.19282
-0.43613 -0.37249 1.21262
-0.39277 -0.33546 1.22613
-0.34788 -0.29712 1.23306
-0.30203 -0.25796 1.23337
-0.25584 -0.21851 1.22728
-0.20989 -0.17927 1.21526
-0.16476 -0.14071 1.19801
-0.12089 -0.10325 1.17637
-0.07867 -0.06719 1.15129
-0.03834 -0.03274 1.12375
-0.00000 -0.00000 -1.09472
-0.03378 -0.03378 -1.12375
-0.06931 -0.06931 -1.15129
-0.10651 -0.10651 -1.17637
-0.14515 -0.14515 -1.19801
-0.18492 -0.18492 -1.21526
-0.22540 -0.22540 -1.22728
-0.26610 -0.26610 -1.23337
-0.30649 -0.30649 -1.23306
-0.34604 -0.34604 -1.22613
-0.38424 -0.38424 -1.21262
-0.42066 -0.42066 -1.19282
-0.45497 -0.45497 -1.16724
-0.48690 -0.48690 -1.13653
-0.51635 -0.51635 -1.10146
-0.54326 -0.54326 -1.06283
-0.56770 -0.56770 -1.02142
-0.58977 -0.58977 -0.97796
-0.60965 -0.60965 -0.93309
-0.62750 -0.62750 -0.88738
-0.64354 -0.64354 -0.84125
-0.65796 -0.65796 -0.79506
-0.67093 -0.67093 -0.74907
-0.68262 -0.68262 -0.70346
-0.69319 -0.69319 -0.65835
-0.70275 -0.70275 -0.61382
-0.71141 -0.71141 -0.56988
-0.71925 -0.71925 -0.52655
-0.72635 -0.72635 -0.48379
-0.73276 -0.73276 -0.44159
-0.73852 -0.73852 -0.39988
-0.74366 -0.74366 -0.35863
-0.74821 -0.74821 -0.31779
-0.75219 -0.75219 -0.27731
-0.75562 -0.75562 -0.23714
-0.75850 -0.75850 -0.19722
-0.76084 -0.76084 -0.15753
-0.76266 -0.76266 -0.11800
-0.76395 -0.76395 -0.07860
-0.76473 -0.76473 -0.03928
-0.76499 -0.76499 0.00000
-0.76473 -0.76473 0.03928
-0.76395 -0.76395 0.07860
-0.76266 -0.76266 0.11800
-0.76084 -0.76084 0.15753
-0.75850 -0.75850 0.19722
-0.75562 -0.75562 0.23714
-0.75219 -0.75219 0.27731
-0.74821 -0.74821 0.31779
-0.74366 -0.74366 0.35863
-0.73852 -0.73852 0.39988
-0.73276 -0.73276 0.44159
-0.72635 -0.72635 0.48379
-0.71925 -0.71925 0.52655
-0.71141 -0.71141 0.56988
-0.70275 -0.70275 0.61382
-0.69319 -0.69319 0.65835
-0.68262 -0.68262 0.70346
-0.67093 -0.67093 0.74907
-0.65796 -0.65796 0.79506
-0.64354 -0.64354 0.84125
-0.62750 -0.62750 0.88738
-0.60965 -0.60965 0.93309
-0.58977 -0.58977 0.97796
-0.56770 -0.56770 1.02142
-0.54326 -0.54326 1.06283
-0.51635 -0.51635 1.10146
-0.48690 -0.48690 1.13653
-0.45497 -0.45497 1.16724
-0.42066 -0.42066 1.19282
-0.38424 -0.38424 1.21262
-0.34604 -0.34604 1.22613
-0.30649 -0.30649 1.23306
-0.26610 -0.26610 1.23337
-0.22540 -0.22540 1.22728
-0.18492 -0.18492 1.21526
-0.14515 -0.14515 1.19801
-0.10651 -0.10651 1.17637
-0.06931 -0.06931 1.15129
-0.03378 -0.03378 1.12375
-0.00000 -0.00000 -1.09472
-0.02979 -0.03488 -1.12375
-0.06114 -0.07158 -1.15129
-0.09395 -0.11000 -1.17637
-0.12803 -0.14991 -1.19801
-0.16311 -0.19098 -1.21526
-0.19881 -0.23278 -1.22728
-0.23471 -0.27481 -1.23337
-0.27034 -0.31653 -1.23306
-0.30522 -0.35737 -1.22613
-0.33892 -0.39683 -1.21262
-0.37105 -0.43444 -1.19282
-0.40131 -0.46987 -1.16724
-0.42948 -0.50285 -1.13653
-0.45545 -0.53326 -1.10146
-0.47919 -0.56106 -1.06283
-0.50074 -0.58629 -1.02142
-0.52021 -0.60909 -0.97796
-0.53774 -0.62962 -0.93309
-0.55349 -0.64806 -0.88738
-0.56764 -0.66462 -0.84125
-0.58036 -0.67951 -0.79506
-0.59180 -0.69291 -0.74907
-0.60211 -0.70498 -0.70346
-0.61143 -0.71590 -0.65835
-0.61987 -0.72577 -0.61382
-0.62750 -0.73471 -0.56988
-0.63442 -0.74281 -0.52655
-0.64069 -0.75015 -0.48379
-0.64634 -0.75676 -0.44159
-0.65142 -0.76271 -0.39988
-0.65595 -0.76802 -0.35863
-0.65997 -0.77272 -0.31779
-0.66348 -0.77683 -0.27731
-0.66650 -0.78037 -0.23714
-0.66904 -0.78334 -0.19722
-0.67111 -0.78576 -0.15753
-0.67271 -0.78764 -0.11800
-0.67385 -0.78898 -0.07860
-0.67453 -0.78978 -0.03928
-0.67476 -0.79004 0.00000
-0.67453 -0.78978 0.03928
-0.67385 -0.78898 0.07860
-0.67271 -0.78764 0.11800
-0.67111 -0.78576 0.15753
-0.66904 -0.78334 0.19722
-0.66650 -0.78037 0.23714
-0.66348 -0.77683 0.27731
-0.65997 -0.77272 0.31779
-0.65595 -0.76802 0.35863
-0.65142 -0.76271 0.39988
-0.64634 -0.75676 0.44159
-0.64069 -0.75015 0.48379
-0.63442 -0.74281 0.52655
-0.62750 -0.73471 0.56988
-0.61987 -0.72577 0.61382
-0.61143 -0.71590 0.65835
-0.60211 -0.70498 0.70346
-0.59180 -0.69291 0.74907
-0.58036 -0.67951 0.79506
-0.56764 -0.66462 0.84125
-0.55349 -0.64806 0.88738
-0.53774 -0.62962 0.93309
-0.52021 -0.60909 0.97796
-0.50074 -0.58629 1.02142
-0.47919 -0.56106 1.06283
-0.45545 -0.53326 1.10146
-0.42948 -0.50285 1.13653
-0.40131 -0.46987 1.16724
-0.37105 -0.43444 1.19282
-0.33892 -0.39683 1.21262
-0.30522 -0.35737 1.22613
-0.27034 -0.31653 1.23306
-0.23471 -0.27481 1.23337
-0.19881 -0.23278 1.22728
-0.16311 -0.19098 1.21526
-0.12803 -0.14991 1.19801
-0.09395 -0.11000 1.17637
-0.06114 -0.07158 1.15129
-0.02979 -0.03488 1.12375
-0.00000 -0.00000 -1.09472
-0.02628 -0.03617 -1.12375
-0.05392 -0.07422 -1.15129
-0.08286 -0.11405 -1.17637
-0.11292 -0.15542 -1.19801
-0.14386 -0.19800 -1.21526
-0.17535 -0.24134 -1.22728
-0.20701 -0.28492 -1.23337
-0.23843 -0.32817 -1.23306
-0.26920 -0.37052 -1.22613
-0.29892 -0.41142 -1.21262
-0.32725 -0.45042 -1.19282
-0.35393 -0.48715 -1.16724
-0.37878 -0.52135 -1.13653
-0.40169 -0.55287 -1.10146
-0.42262 -0.58169 -1.06283
-0.44163 -0.60786 -1.02142
-0.45881 -0.63149 -0.97796
-0.47427 -0.65277 -0.93309
-0.48816 -0.67189 -0.88738
-0.50064 -0.68907 -0.84125
-0.51185 -0.70450 -0.79506
-0.52194 -0.71839 -0.74907
-0.53104 -0.73091 -0.70346
-0.53926 -0.74223 -0.65835
-0.54670 -0.75246 -0.61382
-0.55343 -0.76173 -0.56988
-0.55954 -0.77013 -0.52655
-0.56506 -0.77774 -0.48379
-0.57004 -0.78460 -0.44159
-0.57452 -0.79076 -0.39988
-0.57852 -0.79627 -0.35863
-0.58206 -0.80114 -0.31779
-0.58516 -0.80540 -0.27731
-0.58782 -0.80907 -0.23714
-0.59006 -0.81215 -0.19722
-0.59189 -0.81466 -0.15753
-0.59330 -0.81661 -0.11800
-0.59431 -0.81799 -0.07860
-0.59491 -0.81882 -0.03928
-0.59511 -0.81910 0.00000
-0.59491 -0.81882 0.03928
-0.59431 -0.81799 0.07860
-0.59330 -0.81661 0.11800
-0.59189 -0.81466 0.15753
-0.59006 -0.81215 0.19722
-0.58782 -0.80907 0.23714
-0.58516 -0.80540 0.27731
-0.58206 -0.80114 0.31779
-0.57852 -0.79627 0.35863
-0.57452 -0.79076 0.39988
-0.57004 -0.78460 0.44159
-0.56506 -0.77774 0.48379
-0.55954 -0.77013 0.52655
-0.55343 -0.76173 0.56988
-0.54670 -0.75246 0.61382
-0.53926 -0.74223 0.65835
-0.53104 -0.73091 0.70346
-0.52194 -0.71839 0.74907
-0.51185 -0.70450 0.79506
-0.50064 -0.68907 0.84125
-0.48816 -0.67189 0.88738
-0.47427 -0.65277 0.93309
-0.45881 -0.63149 0.97796
-0.44163 -0.60786 1.02142
-0.42262 -0.58169 1.06283
-0.40169 -0.55287 1.10146
-0.37878 -0.52135 1.13653
-0.35393 -0.48715 1.16724
-0.32725 -0.45042 1.19282
-0.29892 -0.41142 1.21262
-0.26920 -0.37052 1.22613
-0.23843 -0.32817 1.23306
-0.20701 -0.28492 1.23337
-0.17535 -0.24134 1.22728
-0.14386 -0.19800 1.21526
-0.11292 -0.15542 1.19801
-0.08286 -0.11405 1.17637
-0.05392 -0.07422 1.15129
-0.02628 -0.03617 1.12375
-0.00000 -0.00000 -1.09472
-0.02309 -0.03768 -1.12375
-0.04738 -0.07732 -1.15129
-0.07280 -0.11881 -1.17637
-0.09922 -0.16191 -1.19801
-0.12640 -0.20627 -1.21526
-0.15407 -0.25142 -1.22728
-0.18189 -0.29682 -1.23337
-0.20950 -0.34187 -1.23306
-0.23653 -0.38598 -1.22613
-0.26265 -0.42860 -1.21262
-0.28754 -0.46923 -1.19282
-0.31099 -0.50749 -1.16724
-0.33282 -0.54311 -1.13653
-0.35295 -0.57595 -1.10146
-0.37134 -0.60598 -1.06283
-0.38805 -0.63323 -1.02142
-0.40314 -0.65786 -0.97796
-0.41672 -0.68003 -0.93309
-0.42893 -0.69994 -0.88738
-0.43989 -0.71783 -0.84125
-0.44974 -0.73391 -0.79506
-0.45861 -0.74838 -0.74907
-0.46660 -0.76143 -0.70346
-0.47383 -0.77321 -0.65835
-0.48036 -0.78388 -0.61382
-0.48628 -0.79354 -0.56988
-0.49164 -0.80229 -0.52655
-0.49649 -0.81020 -0.48379
-0.50087 -0.81735 -0.44159
-0.50481 -0.82377 -0.39988
-0.50832 -0.82951 -0.35863
-0.51144 -0.83459 -0.31779
-0.51416 -0.83903 -0.27731
-0.51650 -0.84285 -0.23714
-0.51847 -0.84606 -0.19722
-0.52007 -0.84868 -0.15753
-0.52131 -0.85070 -0.11800
-0.52220 -0.85215 -0.07860
-0.52273 -0.85301 -0.03928
-0.52290 -0.85330 0.00000
-0.52273 -0.85301 0.03928
-0.52220 -0.85215 0.07860
-0.52131 -0.85070 0.11800
-0.52007 -0.84868 0.15753
-0.51847 -0.84606 0.19722
-0.51650 -0.84285 0.23714
-0.51416 -0.83903 0.27731
-0.51144 -0.83459 0.31779
-0.50832 -0.82951 0.35863
-0.50481 -0.82377 0.39988
-0.50087 -0.81735 0.44159
-0.49649 -0.81020 0.48379
-0.49164 -0.80229 0.52655
-0.48628 -0.79354 0.56988
-0.48036 -0.78388 0.61382
-0.47383 -0.77321 0.65835
-0.46660 -0.76143 0.70346
-0.45861 -0.74838 0.74907
-0.44974 -0.73391 0.79506
-0.43989 -0.71783 0.84125
-0.42893 -0.69994 0.88738
-0.41672 -0.68003 0.93309
-0.40314 -0.65786 0.97796
-0.38805 -0.63323 1.02142
-0.37134 -0.60598 1.06283
-0.35295 -0.57595 1.10146
-0.33282 -0.54311 1.13653
-0.31099 -0.50749 1.16724
-0.28754 -0.46923 1.19282
-0.26265 -0.42860 1.21262
-0.23653 -0.38598 1.22613
-0.20950 -0.34187 1.23306
-0.18189 -0.29682 1.23337
-0.15407 -0.25142 1.22728
-0.12640 -0.20627 1.21526
-0.09922 -0.16191 1.19801
-0.07280 -0.11881 1.17637
-0.04738 -0.07732 1.15129
-0.02309 -0.03768 1.12375
-0.00000 -0.00000 -1.09472
-0.02011 -0.03946 -1.12375
-0.04126 -0.08098 -1.15129
-0.06341 -0.12444 -1.17637
-0.08641 -0.16959 -1.19801
-0.11008 -0.21605 -1.21526
-0.13418 -0.26334 -1.22728
-0.15841 -0.31089 -1.23337
-0.18245 -0.35808 -1.23306
-0.20600 -0.40429 -1.22613
-0.22874 -0.44892 -1.21262
-0.25042 -0.49148 -1.19282
-0.27084 -0.53155 -1.16724
-0.28985 -0.56887 -1.13653
-0.30738 -0.60327 -1.10146
-0.32340 -0.63471 -1.06283
-0.33795 -0.66326 -1.02142
-0.35109 -0.68905 -0.97796
-0.36292 -0.71227 -0.93309
-0.37355 -0.73314 -0.88738
-0.38310 -0.75187 -0.84125
-0.39168 -0.76871 -0.79506
-0.39940 -0.78387 -0.74907
-0.40636 -0.79753 -0.70346
-0.41265 -0.80988 -0.65835
-0.41834 -0.82105 -0.61382
-0.42350 -0.83117 -0.56988
-0.42817 -0.84033 -0.52655
-0.43240 -0.84863 -0.48379
-0.43621 -0.85611 -0.44159
-0.43964 -0.86284 -0.39988
-0.44270 -0.86885 -0.35863
-0.44541 -0.87416 -0.31779
-0.44778 -0.87881 -0.27731
-0.44982 -0.88281 -0.23714
-0.45153 -0.88618 -0.19722
-0.45293 -0.88892 -0.15753
-0.45401 -0.89104 -0.11800
-0.45478 -0.89255 -0.07860
-0.45524 -0.89346 -0.03928
-0.45539 -0.89376 0.00000
-0.45524 -0.89346 0.03928
-0.45478 -0.89255 0.07860
-0.45401 -0.89104 0.11800
-0.45293 -0.88892 0.15753
-0.45153 -0.88618 0.19722
-0.44982 -0.88281 0.23714
-0.44778 -0.87881 0.27731
-0.44541 -0.87416 0.31779
-0.44270 -0.86885 0.35863
-0.43964 -0.86284 0.39988
-0.43621 -0.85611 0.44159
-0.43240 -0.84863 0.48379
-0.42817 -0.84033 0.52655
-0.42350 -0.83117 0.56988
-0.41834 -0.82105 0.61382
-0.41265 -0.80988 0.65835
-0.40636 -0.79753 0.70346
-0.39940 -0.78387 0.74907
-0.39168 -0.76871 0.79506
-0.38310 -0.75187 0.84125
-0.37355 -0.73314 0.88738
-0.36292 -0.71227 0.93309
-0.35109 -0.68905 0.97796
-0.33795 -0.66326 1.02142
-0.32340 -0.63471 1.06283
-0.30738 -0.60327 1.10146
-0.28985 -0.56887 1.13653
-0.27084 -0.53155 1.16724
-0.25042 -0.49148 1.19282
-0.22874 -0.44892 1.21262
-0.20600 -0.40429 1.22613
-0.18245 -0.35808 1.23306
-0.15841 -0.31089 1.23337
-0.13418 -0.26334 1.22728
-0.11008 -0.21605 1.21526
-0.08641 -0.16959 1.19801
-0.06341 -0.12444 1.17637
-0.04126 -0.08098 1.15129
-0.02011 -0.03946 1.12375
-0.00000 -0.00000 -1.09472
-0.01723 -0.04159 -1.12375
-0.03535 -0.08535 -1.15129
-0.05433 -0.13115 -1.17637
-0.07404 -0.17874 -1.19801
-0.09432 -0.22770 -1.21526
-0.11496 -0.27755 -1.22728
-0.13572 -0.32766 -1.23337
-0.15632 -0.37740 -1.23306
-0.17650 -0.42610 -1.22613
-0.19598 -0.47314 -1.21262
-0.21456 -0.51799 -1.19282
-0.23205 -0.56023 -1.16724
-0.24834 -0.59956 -1.13653
-0.26336 -0.63581 -1.10146
-0.27709 -0.66895 -1.06283
-0.28955 -0.69904 -1.02142
-0.30081 -0.72623 -0.97796
-0.31095 -0.75070 -0.93309
-0.32006 -0.77269 -0.88738
-0.32824 -0.79244 -0.84125
-0.33559 -0.81018 -0.79506
-0.34221 -0.82616 -0.74907
-0.34817 -0.84056 -0.70346
-0.35356 -0.85357 -0.65835
-0.35844 -0.86534 -0.61382
-0.36285 -0.87600 -0.56988
-0.36685 -0.88566 -0.52655
-0.37048 -0.89441 -0.48379
-0.37374 -0.90230 -0.44159
-0.37668 -0.90939 -0.39988
-0.37930 -0.91572 -0.35863
-0.38162 -0.92132 -0.31779
-0.38365 -0.92622 -0.27731
-0.38540 -0.93044 -0.23714
-0.38687 -0.93399 -0.19722
-0.38807 -0.93687 -0.15753
-0.38899 -0.93911 -0.11800
-0.38965 -0.94071 -0.07860
-0.39005 -0.94166 -0.03928
-0.39018 -0.94198 0.00000
-0.39005 -0.94166 0.03928
-0.38965 -0.94071 0.07860
-0.38899 -0.93911 0.11800
-0.38807 -0.93687 0.15753
-0.38687 -0.93399 0.19722
-0.38540 -0.93044 0.23714
-0.38365 -0.92622 0.27731
-0.38162 -0.92132 0.31779
-0.37930 -0.91572 0.35863
-0.37668 -0.90939 0.39988
-0.37374 -0.90230 0.44159
-0.37048 -0.89441 0.48379
-0.36685 -0.88566 0.52655
-0.36285 -0.87600 0.56988
-0.35844 -0.86534 0.61382
-0.35356 -0.85357 0.65835
-0.34817 -0.84056 0.70346
-0.34221 -0.82616 0.74907
-0.33559 -0.81018 0.79506
-0.32824 -0.79244 0.84125
-0.32006 -0.77269 0.88738
-0.31095 -0.75070 0.93309
-0.30081 -0.72623 0.97796
-0.28955 -0.69904 1.02142
-0.27709 -0.66895 1.06283
-0.26336 -0.63581 1.10146
-0.24834 -0.59956 1.13653
-0.23205 -0.56023 1.16724
-0.21456 -0.51799 1.19282
-0.19598 -0.47314 1.21262
-0.17650 -0.42610 1.22613
-0.15632 -0.37740 1.23306
-0.13572 -0.32766 1.23337
-0.11496 -0.27755 1.22728
-0.09432 -0.22770 1.21526
-0.07404 -0.17874 1.19801
-0.05433 -0.13115 1.17637
-0.03535 -0.08535 1.15129
-0.01723 -0.04159 1.12375
-0.00000 -0.00000 -1.09472
-0.01434 -0.04415 -1.12375
-0.02944 -0.09060 -1.15129
-0.04524 -0.13922 -1.17637
-0.06165 -0.18973 -1.19801
-0.07854 -0.24171 -1.21526
-0.09573 -0.29462 -1.22728
-0.11301 -0.34782 -1.23337
-0.13017 -0.40061 -1.23306
-0.14696 -0.45230 -1.22613
-0.16319 -0.50224 -1.21262
-0.17866 -0.54985 -1.19282
-0.19322 -0.59468 -1.16724
-0.20679 -0.63643 -1.13653
-0.21929 -0.67492 -1.10146
-0.23072 -0.71010 -1.06283
-0.24110 -0.74204 -1.02142
-0.25048 -0.77089 -0.97796
-0.25892 -0.79687 -0.93309
-0.26650 -0.82021 -0.88738
-0.27331 -0.84117 -0.84125
-0.27944 -0.86001 -0.79506
-0.28494 -0.87697 -0.74907
-0.28991 -0.89226 -0.70346
-0.29440 -0.90607 -0.65835
-0.29846 -0.91856 -0.61382
-0.30214 -0.92988 -0.56988
-0.30547 -0.94014 -0.52655
-0.30848 -0.94942 -0.48379
-0.31120 -0.95779 -0.44159
-0.31365 -0.96532 -0.39988
-0.31583 -0.97204 -0.35863
-0.31777 -0.97799 -0.31779
-0.31946 -0.98319 -0.27731
-0.32091 -0.98767 -0.23714
-0.32214 -0.99143 -0.19722
-0.32313 -0.99450 -0.15753
-0.32390 -0.99687 -0.11800
-0.32445 -0.99856 -0.07860
-0.32478 -0.99958 -0.03928
-0.32489 -0.99991 0.00000
-0.32478 -0.99958 0.03928
-0.32445 -0.99856 0.07860
-0.32390 -0.99687 0.11800
-0.32313 -0.99450 0.15753
-0.32214 -0.99143 0.19722
-0.32091 -0.98767 0.23714
-0.31946 -0.98319 0.27731
-0.31777 -0.97799 0.31779
-0.31583 -0.97204 0.35863
-0.31365 -0.96532 0.39988
-0.31120 -0.95779 0.44159
-0.30848 -0.94942 0.48379
-0.30547 -0.94014 0.52655
-0.30214 -0.92988 0.56988
-0.29846 -0.91856 0.61382
-0.29440 -0.90607 0.65835
-0.28991 -0.89226 0.70346
-0.28494 -0.87697 0.74907
-0.27944 -0.86001 0.79506
-0.27331 -0.84117 0.84125
-0.26650 -0.82021 0.88738
-0.25892 -0.79687 0.93309
-0.25048 -0.77089 0.97796
-0.24110 -0.74204 1.02142
-0.23072 -0.71010 1.06283
-0.21929 -0.67492 1.10146
-0.20679 -0.63643 1.13653
-0.19322 -0.59468 1.16724
-0.17866 -0.54985 1.19282
-0.16319 -0.50224 1.21262
-0.14696 -0.45230 1.22613
-0.13017 -0.40061 1.23306
-0.11301 -0.34782 1.23337
-0.09573 -0.29462 1.22728
-0.07854 -0.24171 1.21526
-0.06165 -0.18973 1.19801
-0.04524 -0.13922 1.17637
-0.02944 -0.09060 1.15129
-0.01434 -0.04415 1.12375
-0.00000 -0.00000 -1.09472
-0.01134 -0.04723 -1.12375
-0.02327 -0.09692 -1.15129
-0.03575 -0.14892 -1.17637
-0.04873 -0.20295 -1.19801
-0.06207 -0.25856 -1.21526
-0.07566 -0.31515 -1.22728
-0.08932 -0.37206 -1.23337
-0.10288 -0.42854 -1.23306
-0.11616 -0.48383 -1.22613
-0.12898 -0.53725 -1.21262
-0.14121 -0.58818 -1.19282
-0.15272 -0.63614 -1.16724
-0.16344 -0.68079 -1.13653
-0.17333 -0.72196 -1.10146
-0.18236 -0.75959 -1.06283
-0.19057 -0.79376 -1.02142
-0.19798 -0.82463 -0.97796
-0.20465 -0.85241 -0.93309
-0.21064 -0.87738 -0.88738
-0.21602 -0.89981 -0.84125
-0.22086 -0.91996 -0.79506
-0.22522 -0.93810 -0.74907
-0.22914 -0.95445 -0.70346
-0.23269 -0.96922 -0.65835
-0.23590 -0.98259 -0.61382
-0.23881 -0.99470 -0.56988
-0.24144 -1.00567 -0.52655
-0.24382 -1.01559 -0.48379
-0.24597 -1.02455 -0.44159
-0.24791 -1.03260 -0.39988
-0.24963 -1.03979 -0.35863
-0.25116 -1.04616 -0.31779
-0.25250 -1.05172 -0.27731
-0.25365 -1.05651 -0.23714
-0.25461 -1.06054 -0.19722
-0.25540 -1.06382 -0.15753
-0.25601 -1.06636 -0.11800
-0.25644 -1.06817 -0.07860
-0.25670 -1.06925 -0.03928
-0.25679 -1.06961 0.00000
-0.25670 -1.06925 0.03928
-0.25644 -1.06817 0.07860
-0.25601 -1.06636 0.11800
-0.25540 -1.06382 0.15753
-0.25461 -1.06054 0.19722
-0.25365 -1.05651 0.23714
-0.25250 -1.05172 0.27731
-0.25116 -1.04616 0.31779
-0.24963 -1.03979 0.35863
-0.24791 -1.03260 0.39988
-0.24597 -1.02455 0.44159
-0.24382 -1.01559 0.48379
-0.24144 -1.00567 0.52655
-0.23881 -0.99470 0.56988
-0.23590 -0.98259 0.61382
-0.23269 -0.96922 0.65835
-0.22914 -0.95445 0.70346
-0.22522 -0.93810 0.74907
-0.22086 -0.91996 0.79506
-0.21602 -0.89981 0.84125
-0.21064 -0.87738 0.88738
-0.20465 -0.85241 0.93309
-0.19798 -0.82463 0.97796
-0.19057 -0.79376 1.02142
-0.18236 -0.75959 1.06283
-0.17333 -0.72196 1.10146
-0.16344 -0.68079 1.13653
-0.15272 -0.63614 1.16724
-0.14121 -0.58818 1.19282
-0.12898 -0.53725 1.21262
-0.11616 -0.48383 1.22613
-0.10288 -0.42854 1.23306
-0.08932 -0.37206 1.23337
-0.07566 -0.31515 1.22728
-0.06207 -0.25856 1.21526
-0.04873 -0.20295 1.19801
-0.03575 -0.14892 1.17637
-0.02327 -0.09692 1.15129
-0.01134 -0.04723 1.12375
-0.00000 -0.00000 -1.09472
-0.00805 -0.05081 -1.12375
-0.01652 -0.10428 -1.15129
-0.02538 -0.16024 -1.17637
-0.03459 -0.21838 -1.19801
-0.04406 -0.27821 -1.21526
-0.05371 -0.33910 -1.22728
-0.06341 -0.40033 -1.23337
-0.07303 -0.46110 -1.23306
-0.08245 -0.52060 -1.22613
-0.09156 -0.57807 -1.21262
-0.10024 -0.63287 -1.19282
-0.10841 -0.68448 -1.16724
-0.11602 -0.73253 -1.13653
-0.12304 -0.77682 -1.10146
-0.12945 -0.81731 -1.06283
-0.13527 -0.85408 -1.02142
-0.14053 -0.88729 -0.97796
-0.14527 -0.91719 -0.93309
-0.14952 -0.94405 -0.88738
-0.15335 -0.96818 -0.84125
-0.15678 -0.98987 -0.79506
-0.15987 -1.00938 -0.74907
-0.16266 -1.02698 -0.70346
-0.16518 -1.04287 -0.65835
-0.16745 -1.05726 -0.61382
-0.16952 -1.07029 -0.56988
-0.17139 -1.08209 -0.52655
-0.17308 -1.09277 -0.48379
-0.17460 -1.10241 -0.44159
-0.17598 -1.11107 -0.39988
-0.17720 -1.11881 -0.35863
-0.17829 -1.12565 -0.31779
-0.17923 -1.13164 -0.27731
-0.18005 -1.13679 -0.23714
-0.18074 -1.14113 -0.19722
-0.18130 -1.14465 -0.15753
-0.18173 -1.14739 -0.11800
-0.18204 -1.14934 -0.07860
-0.18222 -1.15050 -0.03928
-0.18228 -1.15089 0.00000
-0.18222 -1.15050 0.03928
-0.18204 -1.14934 0.07860
-0.18173 -1.14739 0.11800
-0.18130 -1.14465 0.15753
-0.18074 -1.14113 0.19722
-0.18005 -1.13679 0.23714
-0.17923 -1.13164 0.27731
-0.17829 -1.12565 0.31779
-0.17720 -1.11881 0.35863
-0.17598 -1.11107 0.39988
-0.17460 -1.10241 0.44159
-0.17308 -1.09277 0.48379
-0.17139 -1.08209 0.52655
-0.16952 -1.07029 0.56988
-0.16745 -1.05726 0.61382
-0.16518 -1.04287 0.65835
-0.16266 -1.02698 0.70346
-0.15987 -1.00938 0.74907
-0.15678 -0.98987 0.79506
-0.15335 -0.96818 0.84125
-0.14952 -0.94405 0.88738
-0.14527 -0.91719 0.93309
-0.14053 -0.88729 0.97796
-0.13527 -0.85408 1.02142
-0.12945 -0.81731 1.06283
-0.12304 -0.77682 1.10146
-0.11602 -0.73253 1.13653
-0.10841 -0.68448 1.16724
-0.10024 -0.63287 1.19282
-0.09156 -0.57807 1.21262
-0.08245 -0.52060 1.22613
-0.07303 -0.46110 1.23306
-0.06341 -0.40033 1.23337
-0.05371 -0.33910 1.22728
-0.04406 -0.27821 1.21526
-0.03459 -0.21838 1.19801
-0.02538 -0.16024 1.17637
-0.01652 -0.10428 1.15129
-0.00805 -0.05081 1.12375
-0.00000 -0.00000 -1.09472
-0.00429 -0.05455 -1.12375
-0.00881 -0.11195 -1.15129
-0.01354 -0.17202 -1.17637
-0.01845 -0.23443 -1.19801
-0.02350 -0.29866 -1.21526
-0.02865 -0.36403 -1.22728
-0.03382 -0.42976 -1.23337
-0.03896 -0.49500 -1.23306
-0.04398 -0.55887 -1.22613
-0.04884 -0.62057 -1.21262
-0.05347 -0.67940 -1.19282
-0.05783 -0.73479 -1.16724
-0.06189 -0.78638 -1.13653
-0.06563 -0.83393 -1.10146
-0.06905 -0.87740 -1.06283
-0.07216 -0.91686 -1.02142
-0.07496 -0.95252 -0.97796
-0.07749 -0.98461 -0.93309
-0.07976 -1.01345 -0.88738
-0.08180 -1.03936 -0.84125
-0.08363 -1.06264 -0.79506
-0.08528 -1.08359 -0.74907
-0.08677 -1.10247 -0.70346
-0.08811 -1.11954 -0.65835
-0.08932 -1.13498 -0.61382
-0.09043 -1.14897 -0.56988
-0.09142 -1.16164 -0.52655
-0.09233 -1.17310 -0.48379
-0.09314 -1.18345 -0.44159
-0.09387 -1.19275 -0.39988
-0.09452 -1.20105 -0.35863
-0.09510 -1.20840 -0.31779
-0.09561 -1.21483 -0.27731
-0.09604 -1.22036 -0.23714
-0.09641 -1.22501 -0.19722
-0.09671 -1.22880 -0.15753
-0.09694 -1.23174 -0.11800
-0.09710 -1.23383 -0.07860
-0.09720 -1.23508 -0.03928
-0.09724 -1.23550 0.00000
-0.09720 -1.23508 0.03928
-0.09710 -1.23383 0.07860
-0.09694 -1.23174 0.11800
-0.09671 -1.22880 0.15753
-0.09641 -1.22501 0.19722
-0.09604 -1.22036 0.23714
-0.09561 -1.21483 0.27731
-0.09510 -1.20840 0.31779
-0.09452 -1.20105 0.35863
-0.09387 -1.19275 0.39988
-0.09314 -1.18345 0.44159
-0.09233 -1.17310 0.48379
-0.09142 -1.16164 0.52655
-0.09043 -1.14897 0.56988
-0.08932 -1.13498 0.61382
-0.08811 -1.11954 0.65835
-0.08677 -1.10247 0.70346
-0.08528 -1.08359 0.74907
-0.08363 -1.06264 0.79506
-0.08180 -1.03936 0.84125
-0.07976 -1.01345 0.88738
-0.07749 -0.98461 0.93309
-0.07496 -0.95252 0.97796
-0.07216 -0.91686 1.02142
-0.06905 -0.87740 1.06283
-0.06563 -0.83393 1.10146
-0.06189 -0.78638 1.13653
-0.05783 -0.73479 1.16724
-0.05347 -0.67940 1.19282
-0.04884 -0.62057 1.21262
-0.04398 -0.55887 1.22613
-0.03896 -0.49500 1.23306
-0.03382 -0.42976 1.23337
-0.02865 -0.36403 1.22728
-0.02350 -0.29866 1.21526
-0.01845 -0.23443 1.19801
-0.01354 -0.17202 1.17637
-0.00881 -0.11195 1.15129
-0.00429 -0.05455 1.12375
0.00000 -0.00000 -1.09472
0.00000 -0.05737 -1.12375
0.00000 -0.11773 -1.15129
0.00000 -0.18091 -1.17637
0.00000 -0.24655 -1.19801
0.00000 -0.31410 -1.21526
0.00000 -0.38285 -1.22728
0.00000 -0.45198 -1.23337
0.00000 -0.52059 -1.23306
0.00000 -0.58776 -1.22613
0.00000 -0.65265 -1.21262
0.00000 -0.71452 -1.19282
0.00000 -0.77278 -1.16724
0.00000 -0.82703 -1.13653
0.00000 -0.87704 -1.10146
0.00000 -0.92275 -1.06283
0.00000 -0.96426 -1.02142
0.00000 -1.00176 -0.97796
0.00000 -1.03551 -0.93309
0.00000 -1.06584 -0.88738
0.00000 -1.09309 -0.84125
0.00000 -1.11757 -0.79506
0.00000 -1.13960 -0.74907
0.00000 -1.15947 -0.70346
0.00000 -1.17741 -0.65835
0.00000 -1.19365 -0.61382
0.00000 -1.20836 -0.56988
0.00000 -1.22169 -0.52655
0.00000 -1.23374 -0.48379
0.00000 -1.24463 -0.44159
0.00000 -1.25441 -0.39988
0.00000 -1.26314 -0.35863
0.00000 -1.27087 -0.31779
0.00000 -1.27763 -0.27731
0.00000 -1.28345 -0.23714
0.00000 -1.28834 -0.19722
0.00000 -1.29233 -0.15753
0.00000 -1.29541 -0.11800
0.00000 -1.29761 -0.07860
0.00000 -1.29893 -0.03928
0.00000 -1.29936 0.00000
0.00000 -1.29893 0.03928
0.00000 -1.29761 0.07860
0.00000 -1.29541 0.11800
0.00000 -1.29233 0.15753
0.00000 -1.28834 0.19722
0.00000 -1.28345 0.23714
0.00000 -1.27763 0.27731
0.00000 -1.27087 0.31779
0.00000 -1.26314 0.35863
0.00000 -1.25441 0.39988
0.00000 -1.24463 0.44159
0.00000 -1.23374 0.48379
0.00000 -1.22169 0.52655
0.00000 -1.20836 0.56988
0.00000 -1.19365 0.61382
0.00000 -1.17741 0.65835
0.00000 -1.15947 0.70346
0.00000 -1.13960 0.74907
0.00000 -1.11757 0.79506
0.00000 -1.09309 0.84125
0.00000 -1.06584 0.88738
0.00000 -1.03551 0.93309
0.00000 -1.00176 0.97796
0.00000 -0.96426 1.02142
0.00000 -0.92275 1.06283
0.00000 -0.87704 1.10146
0.00000 -0.82703 1.13653
0.00000 -0.77278 1.16724
0.00000 -0.71452 1.19282
0.00000 -0.65265 1.21262
0.00000 -0.58776 1.22613
0.00000 -0.52059 1.23306
0.00000 -0.45198 1.23337
0.00000 -0.38285 1.22728
0.00000 -0.31410 1.21526
0.00000 -0.24655 1.19801
0.00000 -0.18091 1.17637
0.00000 -0.11773 1.15129
0.00000 -0.05737 1.12375
0.00000 -0.00000 -1.09472
0.00454 -0.05763 -1.12375
0.00931 -0.11827 -1.15129
0.01430 -0.18174 -1.17637
0.01949 -0.24767 -1.19801
0.02483 -0.31553 -1.21526
0.03027 -0.38459 -1.22728
0.03573 -0.45404 -1.23337
0.04116 -0.52296 -1.23306
0.04647 -0.59044 -1.22613
0.05160 -0.65562 -1.21262
0.05649 -0.71777 -1.19282
0.06110 -0.77630 -1.16724
0.06538 -0.83079 -1.13653
0.06934 -0.88103 -1.10146
0.07295 -0.92695 -1.06283
0.07623 -0.96865 -1.02142
0.07920 -1.00632 -0.97796
0.08187 -1.04023 -0.93309
0.08427 -1.07070 -0.88738
0.08642 -1.09806 -0.84125
0.08835 -1.12266 -0.79506
0.09010 -1.14479 -0.74907
0.09167 -1.16475 -0.70346
0.09309 -1.18277 -0.65835
0.09437 -1.19909 -0.61382
0.09553 -1.21386 -0.56988
0.09659 -1.22725 -0.52655
0.09754 -1.23936 -0.48379
0.09840 -1.25029 -0.44159
0.09917 -1.26012 -0.39988
0.09986 -1.26889 -0.35863
0.10048 -1.27666 -0.31779
0.10101 -1.28345 -0.27731
0.10147 -1.28929 -0.23714
0.10186 -1.29421 -0.19722
0.10217 -1.29821 -0.15753
0.10242 -1.30131 -0.11800
0.10259 -1.30352 -0.07860
0.10269 -1.30484 -0.03928
0.10273 -1.30528 0.00000
0.10269 -1.30484 0.03928
0.10259 -1.30352 0.07860
0.10242 -1.30131 0.11800
0.10217 -1.29821 0.15753
0.10186 -1.29421 0.19722
0.10147 -1.28929 0.23714
0.10101 -1.28345 0.27731
0.10048 -1.27666 0.31779
0.09986 -1.26889 0.35863
0.09917 -1.26012 0.39988
0.09840 -1.25029 0.44159
0.09754 -1.23936 0.48379
0.09659 -1.22725 0.52655
0.09553 -1.21386 0.56988
0.09437 -1.19909 0.61382
0.09309 -1.18277 0.65835
0.09167 -1.16475 0.70346
0.09010 -1.14479 0.74907
0.08835 -1.12266 0.79506
0.08642 -1.09806 0.84125
0.08427 -1.07070 0.88738
0.08187 -1.04023 0.93309
0.07920 -1.00632 0.97796
0.07623 -0.96865 1.02142
0.07295 -0.92695 1.06283
0.06934 -0.88103 1.10146
0.06538 -0.83079 1.13653
0.06110 -0.77630 1.16724
0.05649 -0.71777 1.19282
0.05160 -0.65562 1.21262
0.04647 -0.59044 1.22613
0.04116 -0.52296 1.23306
0.03573 -0.45404 1.23337
0.03027 -0.38459 1.22728
0.02483 -0.31553 1.21526
0.01949 -0.24767 1.19801
0.01430 -0.18174 1.17637
0.00931 -0.11827 1.15129
0.00454 -0.05763 1.12375
0.00000 -0.00000 -1.09472
0.00861 -0.05439 -1.12375
0.01768 -0.11161 -1.15129
0.02716 -0.17150 -1.17637
0.03702 -0.23373 -1.19801
0.04716 -0.29776 -1.21526
0.05748 -0.36294 -1.22728
0.06786 -0.42847 -1.23337
0.07816 -0.49351 -1.23306
0.08825 -0.55719 -1.22613
0.09799 -0.61871 -1.21262
0.10728 -0.67736 -1.19282
0.11603 -0.73259 -1.16724
0.12418 -0.78401 -1.13653
0.13168 -0.83142 -1.10146
0.13855 -0.87476 -1.06283
0.14478 -0.91411 -1.02142
0.15041 -0.94966 -0.97796
0.15548 -0.98166 -0.93309
0.16003 -1.01041 -0.88738
0.16412 -1.03624 -0.84125
0.16780 -1.05945 -0.79506
0.17111 -1.08033 -0.74907
0.17409 -1.09917 -0.70346
0.17679 -1.11618 -0.65835
0.17922 -1.13157 -0.61382
0.18143 -1.14552 -0.56988
0.18343 -1.15815 -0.52655
0.18524 -1.16958 -0.48379
0.18688 -1.17990 -0.44159
0.18835 -1.18917 -0.39988
0.18966 -1.19745 -0.35863
0.19082 -1.20478 -0.31779
0.19183 -1.21119 -0.27731
0.19271 -1.21670 -0.23714
0.19344 -1.22134 -0.19722
0.19404 -1.22511 -0.15753
0.19450 -1.22804 -0.11800
0.19483 -1.23012 -0.07860
0.19503 -1.23137 -0.03928
0.19510 -1.23179 0.00000
0.19503 -1.23137 0.03928
0.19483 -1.23012 0.07860
0.19450 -1.22804 0.11800
0.19404 -1.22511 0.15753
0.19344 -1.22134 0.19722
0.19271 -1.21670 0.23714
0.19183 -1.21119 0.27731
0.19082 -1.20478 0.31779
0.18966 -1.19745 0.35863
0.18835 -1.18917 0.39988
0.18688 -1.17990 0.44159
0.18524 -1.16958 0.48379
0.18343 -1.15815 0.52655
0.18143 -1.14552 0.56988
0.17922 -1.13157 0.61382
0.17679 -1.11618 0.65835
0.17409 -1.09917 0.70346
0.17111 -1.08033 0.74907
0.16780 -1.05945 0.79506
0.16412 -1.03624 0.84125
0.16003 -1.01041 0.88738
0.15548 -0.98166 0.93309
0.15041 -0.94966 0.97796
0.14478 -0.91411 1.02142
0.13855 -0.87476 1.06283
0.13168 -0.83142 1.10146
0.12418 -0.78401 1.13653
0.11603 -0.73259 1.16724
0.10728 -0.67736 1.19282
0.09799 -0.61871 1.21262
0.08825 -0.55719 1.22613
0.07816 -0.49351 1.23306
0.06786 -0.42847 1.23337
0.05748 -0.36294 1.22728
0.04716 -0.29776 1.21526
0.03702 -0.23373 1.19801
0.02716 -0.17150 1.17637
0.01768 -0.11161 1.15129
0.00861 -0.05439 1.12375
0.00000 -0.00000 -1.09472
0.01170 -0.04872 -1.12375
0.02400 -0.09997 -1.15129
0.03688 -0.15362 -1.17637
0.05026 -0.20936 -1.19801
0.06403 -0.26671 -1.21526
0.07805 -0.32509 -1.22728
0.09214 -0.38380 -1.23337
0.10613 -0.44205 -1.23306
0.11982 -0.49909 -1.22613
0.13305 -0.55419 -1.21262
0.14566 -0.60673 -1.19282
0.15754 -0.65620 -1.16724
0.16860 -0.70227 -1.13653
0.17879 -0.74473 -1.10146
0.18811 -0.78355 -1.06283
0.19658 -0.81880 -1.02142
0.20422 -0.85064 -0.97796
0.21110 -0.87930 -0.93309
0.21728 -0.90506 -0.88738
0.22284 -0.92819 -0.84125
0.22783 -0.94898 -0.79506
0.23232 -0.96769 -0.74907
0.23637 -0.98455 -0.70346
0.24003 -0.99979 -0.65835
0.24334 -1.01358 -0.61382
0.24634 -1.02607 -0.56988
0.24905 -1.03739 -0.52655
0.25151 -1.04763 -0.48379
0.25373 -1.05687 -0.44159
0.25573 -1.06517 -0.39988
0.25751 -1.07259 -0.35863
0.25908 -1.07915 -0.31779
0.26046 -1.08489 -0.27731
0.26165 -1.08983 -0.23714
0.26264 -1.09399 -0.19722
0.26346 -1.09737 -0.15753
0.26408 -1.09999 -0.11800
0.26453 -1.10186 -0.07860
0.26480 -1.10298 -0.03928
0.26489 -1.10335 0.00000
0.26480 -1.10298 0.03928
0.26453 -1.10186 0.07860
0.26408 -1.09999 0.11800
0.26346 -1.09737 0.15753
0.26264 -1.09399 0.19722
0.26165 -1.08983 0.23714
0.26046 -1.08489 0.27731
0.25908 -1.07915 0.31779
0.25751 -1.07259 0.35863
0.25573 -1.06517 0.39988
0.25373 -1.05687 0.44159
0.25151 -1.04763 0.48379
0.24905 -1.03739 0.52655
0.24634 -1.02607 0.56988
0.24334 -1.01358 0.61382
0.24003 -0.99979 0.65835
0.23637 -0.98455 0.70346
0.23232 -0.96769 0.74907
0.22783 -0.94898 0.79506
0.22284 -0.92819 0.84125
0.21728 -0.90506 0.88738
0.21110 -0.87930 0.93309
0.20422 -0.85064 0.97796
0.19658 -0.81880 1.02142
0.18811 -0.78355 1.06283
0.17879 -0.74473 1.10146
0.16860 -0.70227 1.13653
0.15754 -0.65620 1.16724
0.14566 -0.60673 1.19282
0.13305 -0.55419 1.21262
0.11982 -0.49909 1.22613
0.10613 -0.44205 1.23306
0.09214 -0.38380 1.23337
0.07805 -0.32509 1.22728
0.06403 -0.26671 1.21526
0.05026 -0.20936 1.19801
0.03688 -0.15362 1.17637
0.02400 -0.09997 1.15129
0.01170 -0.04872 1.12375
0.00000 -0.00000 -1.09472
0.01395 -0.04292 -1.12375
0.02862 -0.08808 -1.15129
0.04398 -0.13535 -1.17637
0.05993 -0.18445 -1.19801
0.07635 -0.23498 -1.21526
0.09306 -0.28642 -1.22728
0.10987 -0.33814 -1.23337
0.12654 -0.38946 -1.23306
0.14287 -0.43972 -1.22613
0.15865 -0.48827 -1.21262
0.17369 -0.53455 -1.19282
0.18785 -0.57814 -1.16724
0.20103 -0.61872 -1.13653
0.21319 -0.65614 -1.10146
0.22430 -0.69034 -1.06283
0.23439 -0.72139 -1.02142
0.24351 -0.74944 -0.97796
0.25171 -0.77469 -0.93309
0.25909 -0.79739 -0.88738
0.26571 -0.81777 -0.84125
0.27166 -0.83608 -0.79506
0.27702 -0.85257 -0.74907
0.28184 -0.86743 -0.70346
0.28621 -0.88085 -0.65835
0.29015 -0.89300 -0.61382
0.29373 -0.90401 -0.56988
0.29697 -0.91398 -0.52655
0.29990 -0.92300 -0.48379
0.30255 -0.93114 -0.44159
0.30492 -0.93846 -0.39988
0.30705 -0.94499 -0.35863
0.30893 -0.95077 -0.31779
0.31057 -0.95583 -0.27731
0.31198 -0.96018 -0.23714
0.31317 -0.96384 -0.19722
0.31414 -0.96682 -0.15753
0.31489 -0.96913 -0.11800
0.31542 -0.97078 -0.07860
0.31574 -0.97176 -0.03928
0.31585 -0.97209 0.00000
0.31574 -0.97176 0.03928
0.31542 -0.97078 0.07860
0.31489 -0.96913 0.11800
0.31414 -0.96682 0.15753
0.31317 -0.96384 0.19722
0.31198 -0.96018 0.23714
0.31057 -0.95583 0.27731
0.30893 -0.95077 0.31779
0.30705 -0.94499 0.35863
0.30492 -0.93846 0.39988
0.30255 -0.93114 0.44159
0.29990 -0.92300 0.48379
0.29697 -0.91398 0.52655
0.29373 -0.90401 0.56988
0.29015 -0.89300 0.61382
0.28621 -0.88085 0.65835
0.28184 -0.86743 0.70346
0.27702 -0.85257 0.74907
0.27166 -0.83608 0.79506
0.26571 -0.81777 0.84125
0.25909 -0.79739 0.88738
0.25171 -0.77469 0.93309
0.24351 -0.74944 0.97796
0.23439 -0.72139 1.02142
0.22430 -0.69034 1.06283
0.21319 -0.65614 1.10146
0.20103 -0.61872 1.13653
0.18785 -0.57814 1.16724
0.17369 -0.53455 1.19282
0.15865 -0.48827 1.21262
0.14287 -0.43972 1.22613
0.12654 -0.38946 1.23306
0.10987 -0.33814 1.23337
0.09306 -0.28642 1.22728
0.07635 -0.23498 1.21526
0.05993 -0.18445 1.19801
0.04398 -0.13535 1.17637
0.02862 -0.08808 1.15129
0.01395 -0.04292 1.12375
0.00000 -0.00000 -1.09472
0.01607 -0.03880 -1.12375
0.03298 -0.07962 -1.15129
0.05068 -0.12235 -1.17637
0.06907 -0.16674 -1.19801
0.08799 -0.21243 -1.21526
0.10725 -0.25893 -1.22728
0.12662 -0.30568 -1.23337
0.14584 -0.35208 -1.23306
0.16465 -0.39751 -1.22613
0.18283 -0.44140 -1.21262
0.20016 -0.48324 -1.19282
0.21649 -0.52264 -1.16724
0.23168 -0.55933 -1.13653
0.24569 -0.59315 -1.10146
0.25850 -0.62407 -1.06283
0.27013 -0.65214 -1.02142
0.28063 -0.67750 -0.97796
0.29009 -0.70033 -0.93309
0.29858 -0.72085 -0.88738
0.30622 -0.73927 -0.84125
0.31307 -0.75583 -0.79506
0.31925 -0.77073 -0.74907
0.32481 -0.78416 -0.70346
0.32984 -0.79630 -0.65835
0.33439 -0.80728 -0.61382
0.33851 -0.81723 -0.56988
0.34224 -0.82624 -0.52655
0.34562 -0.83440 -0.48379
0.34867 -0.84176 -0.44159
0.35141 -0.84837 -0.39988
0.35385 -0.85428 -0.35863
0.35602 -0.85951 -0.31779
0.35791 -0.86408 -0.27731
0.35954 -0.86801 -0.23714
0.36091 -0.87132 -0.19722
0.36203 -0.87402 -0.15753
0.36289 -0.87610 -0.11800
0.36351 -0.87759 -0.07860
0.36388 -0.87848 -0.03928
0.36400 -0.87878 0.00000
0.36388 -0.87848 0.03928
0.36351 -0.87759 0.07860
0.36289 -0.87610 0.11800
0.36203 -0.87402 0.15753
0.36091 -0.87132 0.19722
0.35954 -0.86801 0.23714
0.35791 -0.86408 0.27731
0.35602 -0.85951 0.31779
0.35385 -0.85428 0.35863
0.35141 -0.84837 0.39988
0.34867 -0.84176 0.44159
0.34562 -0.83440 0.48379
0.34224 -0.82624 0.52655
0.33851 -0.81723 0.56988
0.33439 -0.80728 0.61382
0.32984 -0.79630 0.65835
0.32481 -0.78416 0.70346
0.31925 -0.77073 0.74907
0.31307 -0.75583 0.79506
0.30622 -0.73927 0.84125
0.29858 -0.72085 0.88738
0.29009 -0.70033 0.93309
0.28063 -0.67750 0.97796
0.27013 -0.65214 1.02142
0.25850 -0.62407 1.06283
0.24569 -0.59315 1.10146
0.23168 -0.55933 1.13653
0.21649 -0.52264 1.16724
0.20016 -0.48324 1.19282
0.18283 -0.44140 1.21262
0.16465 -0.39751 1.22613
0.14584 -0.35208 1.23306
0.12662 -0.30568 1.23337
0.10725 -0.25893 1.22728
0.08799 -0.21243 1.21526
0.06907 -0.16674 1.19801
0.05068 -0.12235 1.17637
0.03298 -0.07962 1.15129
0.01607 -0.03880 1.12375
0.00000 -0.00000 -1.09472
0.01902 -0.03732 -1.12375
0.03903 -0.07659 -1.15129
0.05997 -0.11769 -1.17637
0.08172 -0.16039 -1.19801
0.10411 -0.20434 -1.21526
0.12690 -0.24906 -1.22728
0.14982 -0.29404 -1.23337
0.17256 -0.33867 -1.23306
0.19483 -0.38237 -1.22613
0.21634 -0.42459 -1.21262
0.23684 -0.46483 -1.19282
0.25616 -0.50274 -1.16724
0.27414 -0.53803 -1.13653
0.29072 -0.57056 -1.10146
0.30587 -0.60030 -1.06283
0.31963 -0.62730 -1.02142
0.33206 -0.65170 -0.97796
0.34325 -0.67366 -0.93309
0.35330 -0.69339 -0.88738
0.36233 -0.71111 -0.84125
0.37045 -0.72704 -0.79506
0.37775 -0.74137 -0.74907
0.38433 -0.75430 -0.70346
0.39028 -0.76597 -0.65835
0.39566 -0.77654 -0.61382
0.40054 -0.78611 -0.56988
0.40496 -0.79477 -0.52655
0.40895 -0.80262 -0.48379
0.41256 -0.80970 -0.44159
0.41580 -0.81606 -0.39988
0.41870 -0.82174 -0.35863
0.42126 -0.82677 -0.31779
0.42350 -0.83117 -0.27731
0.42543 -0.83495 -0.23714
0.42705 -0.83814 -0.19722
0.42837 -0.84073 -0.15753
0.42940 -0.84274 -0.11800
0.43012 -0.84417 -0.07860
0.43056 -0.84502 -0.03928
0.43071 -0.84531 0.00000
0.43056 -0.84502 0.03928
0.43012 -0.84417 0.07860
0.42940 -0.84274 0.11800
0.42837 -0.84073 0.15753
0.42705 -0.83814 0.19722
0.42543 -0.83495 0.23714
0.42350 -0.83117 0.27731
0.42126 -0.82677 0.31779
0.41870 -0.82174 0.35863
0.41580 -0.81606 0.39988
0.41256 -0.80970 0.44159
0.40895 -0.80262 0.48379
0.40496 -0.79477 0.52655
0.40054 -0.78611 0.56988
0.39566 -0.77654 0.61382
0.39028 -0.76597 0.65835
0.38433 -0.75430 0.70346
0.37775 -0.74137 0.74907
0.37045 -0.72704 0.79506
0.36233 -0.71111 0.84125
0.35330 -0.69339 0.88738
0.34325 -0.67366 0.93309
0.33206 -0.65170 0.97796
0.31963 -0.62730 1.02142
0.30587 -0.60030 1.06283
0.29072 -0.57056 1.10146
0.27414 -0.53803 1.13653
0.25616 -0.50274 1.16724
0.23684 -0.46483 1.19282
0.21634 -0.42459 1.21262
0.19483 -0.38237 1.22613
0.17256 -0.33867 1.23306
0.14982 -0.29404 1.23337
0.12690 -0.24906 1.22728
0.10411 -0.20434 1.21526
0.08172 -0.16039 1.19801
0.05997 -0.11769 1.17637
0.03903 -0.07659 1.15129
0.01902 -0.03732 1.12375
0.00000 -0.00000 -1.09472
0.02233 -0.03644 -1.12375
0.04583 -0.07478 -1.15129
0.07042 -0.11491 -1.17637
0.09596 -0.15660 -1.19801
0.12226 -0.19950 -1.21526
0.14902 -0.24317 -1.22728
0.17592 -0.28708 -1.23337
0.20263 -0.33066 -1.23306
0.22877 -0.37333 -1.22613
0.25403 -0.41454 -1.21262
0.27811 -0.45384 -1.19282
0.30079 -0.49085 -1.16724
0.32191 -0.52530 -1.13653
0.34137 -0.55707 -1.10146
0.35916 -0.58610 -1.06283
0.37532 -0.61247 -1.02142
0.38992 -0.63628 -0.97796
0.40305 -0.65772 -0.93309
0.41486 -0.67699 -0.88738
0.42546 -0.69429 -0.84125
0.43499 -0.70984 -0.79506
0.44357 -0.72384 -0.74907
0.45130 -0.73646 -0.70346
0.45829 -0.74786 -0.65835
0.46461 -0.75817 -0.61382
0.47033 -0.76751 -0.56988
0.47552 -0.77598 -0.52655
0.48021 -0.78364 -0.48379
0.48445 -0.79055 -0.44159
0.48825 -0.79676 -0.39988
0.49165 -0.80231 -0.35863
0.49466 -0.80722 -0.31779
0.49730 -0.81151 -0.27731
0.49956 -0.81521 -0.23714
0.50146 -0.81831 -0.19722
0.50301 -0.82084 -0.15753
0.50421 -0.82280 -0.11800
0.50507 -0.82420 -0.07860
0.50558 -0.82504 -0.03928
0.50575 -0.82532 0.00000
0.50558 -0.82504 0.03928
0.50507 -0.82420 0.07860
0.50421 -0.82280 0.11800
0.50301 -0.82084 0.15753
0.50146 -0.81831 0.19722
0.49956 -0.81521 0.23714
0.49730 -0.81151 0.27731
0.49466 -0.80722 0.31779
0.49165 -0.80231 0.35863
0.48825 -0.79676 0.39988
0.48445 -0.79055 0.44159
0.48021 -0.78364 0.48379
0.47552 -0.77598 0.52655
0.47033 -0.76751 0.56988
0.46461 -0.75817 0.61382
0.45829 -0.74786 0.65835
0.45130 -0.73646 0.70346
0.44357 -0.72384 0.74907
0.43499 -0.70984 0.79506
0.42546 -0.69429 0.84125
0.41486 -0.67699 0.88738
0.40305 -0.65772 0.93309
0.38992 -0.63628 0.97796
0.37532 -0.61247 1.02142
0.35916 -0.58610 1.06283
0.34137 -0.55707 1.10146
0.32191 -0.52530 1.13653
0.30079 -0.49085 1.16724
0.27811 -0.45384 1.19282
0.25403 -0.41454 1.21262
0.22877 -0.37333 1.22613
0.20263 -0.33066 1.23306
0.17592 -0.28708 1.23337
0.14902 -0.24317 1.22728
0.12226 -0.19950 1.21526
0.09596 -0.15660 1.19801
0.07042 -0.11491 1.17637
0.04583 -0.07478 1.15129
0.02233 -0.03644 1.12375
0.00000 -0.00000 -1.09472
0.02444 -0.03363 -1.12375
0.05015 -0.06902 -1.15129
0.07705 -0.10606 -1.17637
0.10501 -0.14453 -1.19801
0.13378 -0.18413 -1.21526
0.16306 -0.22444 -1.22728
0.19251 -0.26496 -1.23337
0.22173 -0.30518 -1.23306
0.25034 -0.34456 -1.22613
0.27798 -0.38260 -1.21262
0.30433 -0.41887 -1.19282
0.32914 -0.45303 -1.16724
0.35225 -0.48483 -1.13653
0.37355 -0.51415 -1.10146
0.39302 -0.54095 -1.06283
0.41070 -0.56528 -1.02142
0.42667 -0.58726 -0.97796
0.44105 -0.60705 -0.93309
0.45397 -0.62483 -0.88738
0.46557 -0.64080 -0.84125
0.47600 -0.65515 -0.79506
0.48538 -0.66807 -0.74907
0.49384 -0.67972 -0.70346
0.50149 -0.69024 -0.65835
0.50840 -0.69976 -0.61382
0.51467 -0.70838 -0.56988
0.52034 -0.71619 -0.52655
0.52548 -0.72326 -0.48379
0.53011 -0.72964 -0.44159
0.53428 -0.73537 -0.39988
0.53800 -0.74049 -0.35863
0.54129 -0.74502 -0.31779
0.54417 -0.74899 -0.27731
0.54665 -0.75240 -0.23714
0.54873 -0.75527 -0.19722
0.55043 -0.75760 -0.15753
0.55174 -0.75941 -0.11800
0.55268 -0.76070 -0.07860
0.55324 -0.76147 -0.03928
0.55343 -0.76173 0.00000
0.55324 -0.76147 0.03928
0.55268 -0.76070 0.07860
0.55174 -0.75941 0.11800
0.55043 -0.75760 0.15753
0.54873 -0.75527 0.19722
0.54665 -0.75240 0.23714
0.54417 -0.74899 0.27731
0.54129 -0.74502 0.31779
0.53800 -0.74049 0.35863
0.53428 -0.73537 0.39988
0.53011 -0.72964 0.44159
0.52548 -0.72326 0.48379
0.52034 -0.71619 0.52655
0.51467 -0.70838 0.56988
0.50840 -0.69976 0.61382
0.50149 -0.69024 0.65835
0.49384 -0.67972 0.70346
0.48538 -0.66807 0.74907
0.47600 -0.65515 0.79506
0.46557 -0.64080 0.84125
0.45397 -0.62483 0.88738
0.44105 -0.60705 0.93309
0.42667 -0.58726 0.97796
0.41070 -0.56528 1.02142
0.39302 -0.54095 1.06283
0.37355 -0.51415 1.10146
0.35225 -0.48483 1.13653
0.32914 -0.45303 1.16724
0.30433 -0.41887 1.19282
0.27798 -0.38260 1.21262
0.25034 -0.34456 1.22613
0.22173 -0.30518 1.23306
0.19251 -0.26496 1.23337
0.16306 -0.22444 1.22728
0.13378 -0.18413 1.21526
0.10501 -0.14453 1.19801
0.07705 -0.10606 1.17637
0.05015 -0.06902 1.15129
0.02444 -0.03363 1.12375
0.00000 -0.00000 -1.09472
0.02845 -0.03332 -1.12375
0.05839 -0.06837 -1.15129
0.08973 -0.10506 -1.17637
0.12229 -0.14318 -1.19801
0.15579 -0.18240 -1.21526
0.18989 -0.22233 -1.22728
0.22418 -0.26248 -1.23337
0.25821 -0.30232 -1.23306
0.29152 -0.34133 -1.22613
0.32371 -0.37901 -1.21262
0.35439 -0.41494 -1.19282
0.38329 -0.44878 -1.16724
0.41020 -0.48028 -1.13653
0.43500 -0.50932 -1.10146
0.45768 -0.53587 -1.06283
0.47826 -0.55997 -1.02142
0.49686 -0.58175 -0.97796
0.51360 -0.60135 -0.93309
0.52865 -0.61897 -0.88738
0.54216 -0.63479 -0.84125
0.55430 -0.64900 -0.79506
0.56523 -0.66180 -0.74907
0.57508 -0.67334 -0.70346
0.58398 -0.68376 -0.65835
0.59204 -0.69319 -0.61382
0.59933 -0.70173 -0.56988
0.60594 -0.70947 -0.52655
0.61192 -0.71647 -0.48379
0.61732 -0.72279 -0.44159
0.62217 -0.72847 -0.39988
0.62650 -0.73354 -0.35863
0.63034 -0.73803 -0.31779
0.63369 -0.74196 -0.27731
0.63658 -0.74534 -0.23714
0.63900 -0.74818 -0.19722
0.64098 -0.75049 -0.15753
0.64251 -0.75228 -0.11800
0.64360 -0.75356 -0.07860
0.64425 -0.75432 -0.03928
0.64447 -0.75458 0.00000
0.64425 -0.75432 0.03928
0.64360 -0.75356 0.07860
0.64251 -0.75228 0.11800
0.64098 -0.75049 0.15753
0.63900 -0.74818 0.19722
0.63658 -0.74534 0.23714
0.63369 -0.74196 0.27731
0.63034 -0.73803 0.31779
0.62650 -0.73354 0.35863
0.62217 -0.72847 0.39988
0.61732 -0.72279 0.44159
0.61192 -0.71647 0.48379
0.60594 -0.70947 0.52655
0.59933 -0.70173 0.56988
0.59204 -0.69319 0.61382
0.58398 -0.68376 0.65835
0.57508 -0.67334 0.70346
0.56523 -0.66180 0.74907
0.55430 -0.64900 0.79506
0.54216 -0.63479 0.84125
0.52865 -0.61897 0.88738
0.51360 -0.60135 0.93309
0.49686 -0.58175 0.97796
0.47826 -0.55997 1.02142
0.45768 -0.53587 1.06283
0.43500 -0.50932 1.10146
0.41020 -0.48028 1.13653
0.38329 -0.44878 1.16724
0.35439 -0.41494 1.19282
0.32371 -0.37901 1.21262
0.29152 -0.34133 1.22613
0.25821 -0.30232 1.23306
0.22418 -0.26248 1.23337
0.18989 -0.22233 1.22728
0.15579 -0.18240 1.21526
0.12229 -0.14318 1.19801
0.08973 -0.10506 1.17637
0.05839 -0.06837 1.15129
0.02845 -0.03332 1.12375
0.00000 -0.00000 -1.09472
0.03418 -0.03418 -1.12375
0.07014 -0.07014 -1.15129
0.10778 -0.10778 -1.17637
0.14688 -0.14688 -1.19801
0.18712 -0.18712 -1.21526
0.22808 -0.22808 -1.22728
0.26926 -0.26926 -1.23337
0.31013 -0.31013 -1.23306
0.35015 -0.35015 -1.22613
0.38881 -0.38881 -1.21262
0.42567 -0.42567 -1.19282
0.46038 -0.46038 -1.16724
0.49269 -0.49269 -1.13653
0.52249 -0.52249 -1.10146
0.54972 -0.54972 -1.06283
0.57445 -0.57445 -1.02142
0.59679 -0.59679 -0.97796
0.61690 -0.61690 -0.93309
0.63497 -0.63497 -0.88738
0.65120 -0.65120 -0.84125
0.66578 -0.66578 -0.79506
0.67891 -0.67891 -0.74907
0.69074 -0.69074 -0.70346
0.70143 -0.70143 -0.65835
0.71111 -0.71111 -0.61382
0.71987 -0.71987 -0.56988
0.72781 -0.72781 -0.52655
0.73499 -0.73499 -0.48379
0.74148 -0.74148 -0.44159
0.74730 -0.74730 -0.39988
0.75251 -0.75251 -0.35863
0.75711 -0.75711 -0.31779
0.76114 -0.76114 -0.27731
0.76460 -0.76460 -0.23714
0.76752 -0.76752 -0.19722
0.76989 -0.76989 -0.15753
0.77173 -0.77173 -0.11800
0.77304 -0.77304 -0.07860
0.77382 -0.77382 -0.03928
0.77409 -0.77409 0.00000
0.77382 -0.77382 0.03928
0.77304 -0.77304 0.07860
0.77173 -0.77173 0.11800
0.76989 -0.76989 0.15753
0.76752 -0.76752 0.19722
0.76460 -0.76460 0.23714
0.76114 -0.76114 0.27731
0.75711 -0.75711 0.31779
0.75251 -0.75251 0.35863
0.74730 -0.74730 0.39988
0.74148 -0.74148 0.44159
0.73499 -0.73499 0.48379
0.72781 -0.72781 0.52655
0.71987 -0.71987 0.56988
0.71111 -0.71111 0.61382
0.70143 -0.70143 0.65835
0.69074 -0.69074 0.70346
0.67891 -0.67891 0.74907
0.66578 -0.66578 0.79506
0.65120 -0.65120 0.84125
0.63497 -0.63497 0.88738
0.61690 -0.61690 0.93309
0.59679 -0.59679 0.97796
0.57445 -0.57445 1.02142
0.54972 -0.54972 1.06283
0.52249 -0.52249 1.10146
0.49269 -0.49269 1.13653
0.46038 -0.46038 1.16724
0.42567 -0.42567 1.19282
0.38881 -0.38881 1.21262
0.35015 -0.35015 1.22613
0.31013 -0.31013 1.23306
0.26926 -0.26926 1.23337
0.22808 -0.22808 1.22728
0.18712 -0.18712 1.21526
0.14688 -0.14688 1.19801
0.10778 -0.10778 1.17637
0.07014 -0.07014 1.15129
0.03418 -0.03418 1.12375
0.00000 -0.00000 -1.09472
0.04072 -0.03478 -1.12375
0.08357 -0.07138 -1.15129
0.12842 -0.10968 -1.17637
0.17501 -0.14947 -1.19801
0.22295 -0.19042 -1.21526
0.27176 -0.23210 -1.22728
0.32083 -0.27401 -1.23337
0.36953 -0.31561 -1.23306
0.41721 -0.35633 -1.22613
0.46327 -0.39567 -1.21262
0.50719 -0.43318 -1.19282
0.54854 -0.46850 -1.16724
0.58705 -0.50139 -1.13653
0.62255 -0.53171 -1.10146
0.65500 -0.55942 -1.06283
0.68446 -0.58459 -1.02142
0.71108 -0.60732 -0.97796
0.73504 -0.62778 -0.93309
0.75657 -0.64617 -0.88738
0.77591 -0.66269 -0.84125
0.79328 -0.67753 -0.79506
0.80892 -0.69089 -0.74907
0.82302 -0.70293 -0.70346
0.83576 -0.71381 -0.65835
0.84729 -0.72365 -0.61382
0.85773 -0.73257 -0.56988
0.86719 -0.74065 -0.52655
0.87575 -0.74796 -0.48379
0.88347 -0.75456 -0.44159
0.89042 -0.76049 -0.39988
0.89662 -0.76578 -0.35863
0.90210 -0.77047 -0.31779
0.90690 -0.77457 -0.27731
0.91103 -0.77809 -0.23714
0.91450 -0.78106 -0.19722
0.91733 -0.78347 -0.15753
0.91952 -0.78535 -0.11800
0.92108 -0.78668 -0.07860
0.92202 -0.78748 -0.03928
0.92233 -0.78774 0.00000
0.92202 -0.78748 0.03928
0.92108 -0.78668 0.07860
0.91952 -0.78535 0.11800
0.91733 -0.78347 0.15753
0.91450 -0.78106 0.19722
0.91103 -0.77809 0.23714
0.90690 -0.77457 0.27731
0.90210 -0.77047 0.31779
0.89662 -0.76578 0.35863
0.89042 -0.76049 0.39988
0.88347 -0.75456 0.44159
0.87575 -0.74796 0.48379
0.86719 -0.74065 0.52655
0.85773 -0.73257 0.56988
0.84729 -0.72365 0.61382
0.83576 -0.71381 0.65835
0.82302 -0.70293 0.70346
0.80892 -0.69089 0.74907
0.79328 -0.67753 0.79506
0.77591 -0.66269 0.84125
0.75657 -0.64617 0.88738
0.73504 -0.62778 0.93309
0.71108 -0.60732 0.97796
0.68446 -0.58459 1.02142
0.65500 -0.55942 1.06283
0.62255 -0.53171 1.10146
0.58705 -0.50139 1.13653
0.54854 -0.46850 1.16724
0.50719 -0.43318 1.19282
0.46327 -0.39567 1.21262
0.41721 -0.35633 1.22613
0.36953 -0.31561 1.23306
0.32083 -0.27401 1.23337
0.27176 -0.23210 1.22728
0.22295 -0.19042 1.21526
0.17501 -0.14947 1.19801
0.12842 -0.10968 1.17637
0.08357 -0.07138 1.15129
0.04072 -0.03478 1.12375
0.00000 -0.00000 -1.09472
0.04631 -0.03365 -1.12375
0.09504 -0.06905 -1.15129
0.14604 -0.10611 -1.17637
0.19903 -0.14460 -1.19801
0.25355 -0.18422 -1.21526
0.30905 -0.22454 -1.22728
0.36486 -0.26509 -1.23337
0.42024 -0.30532 -1.23306
0.47447 -0.34472 -1.22613
0.52685 -0.38278 -1.21262
0.57679 -0.41906 -1.19282
0.62382 -0.45323 -1.16724
0.66761 -0.48505 -1.13653
0.70798 -0.51438 -1.10146
0.74489 -0.54119 -1.06283
0.77840 -0.56554 -1.02142
0.80866 -0.58753 -0.97796
0.83591 -0.60733 -0.93309
0.86040 -0.62512 -0.88738
0.88239 -0.64109 -0.84125
0.90215 -0.65545 -0.79506
0.91994 -0.66837 -0.74907
0.93597 -0.68003 -0.70346
0.95046 -0.69055 -0.65835
0.96357 -0.70008 -0.61382
0.97544 -0.70870 -0.56988
0.98620 -0.71652 -0.52655
0.99593 -0.72359 -0.48379
1.00472 -0.72997 -0.44159
1.01261 -0.73571 -0.39988
1.01967 -0.74083 -0.35863
1.02591 -0.74536 -0.31779
1.03136 -0.74933 -0.27731
1.03606 -0.75274 -0.23714
1.04001 -0.75561 -0.19722
1.04322 -0.75795 -0.15753
1.04571 -0.75976 -0.11800
1.04749 -0.76105 -0.07860
1.04855 -0.76182 -0.03928
1.04891 -0.76207 0.00000
1.04855 -0.76182 0.03928
1.04749 -0.76105 0.07860
1.04571 -0.75976 0.11800
1.04322 -0.75795 0.15753
1.04001 -0.75561 0.19722
1.03606 -0.75274 0.23714
1.03136 -0.74933 0.27731
1.02591 -0.74536 0.31779
1.01967 -0.74083 0.35863
1.01261 -0.73571 0.39988
1.00472 -0.72997 0.44159
0.99593 -0.72359 0.48379
0.98620 -0.71652 0.52655
0.97544 -0.70870 0.56988
0.96357 -0.70008 0.61382
0.95046 -0.69055 0.65835
0.93597 -0.68003 0.70346
0.91994 -0.66837 0.74907
0.90215 -0.65545 0.79506
0.88239 -0.64109 0.84125
0.86040 -0.62512 0.88738
0.83591 -0.60733 0.93309
0.80866 -0.58753 0.97796
0.77840 -0.56554 1.02142
0.74489 -0.54119 1.06283
0.70798 -0.51438 1.10146
0.66761 -0.48505 1.13653
0.62382 -0.45323 1.16724
0.57679 -0.41906 1.19282
0.52685 -0.38278 1.21262
0.47447 -0.34472 1.22613
0.42024 -0.30532 1.23306
0.36486 -0.26509 1.23337
0.30905 -0.22454 1.22728
0.25355 -0.18422 1.21526
0.19903 -0.14460 1.19801
0.14604 -0.10611 1.17637
0.09504 -0.06905 1.15129
0.04631 -0.03365 1.12375
0.00000 -0.00000 -1.09472
0.04932 -0.03022 -1.12375
0.10121 -0.06202 -1.15129
0.15552 -0.09530 -1.17637
0.21194 -0.12988 -1.19801
0.27001 -0.16546 -1.21526
0.32911 -0.20168 -1.22728
0.38854 -0.23810 -1.23337
0.44751 -0.27424 -1.23306
0.50526 -0.30962 -1.22613
0.56104 -0.34381 -1.21262
0.61422 -0.37640 -1.19282
0.66431 -0.40709 -1.16724
0.71094 -0.43566 -1.13653
0.75393 -0.46201 -1.10146
0.79323 -0.48609 -1.06283
0.82891 -0.50796 -1.02142
0.86114 -0.52771 -0.97796
0.89016 -0.54549 -0.93309
0.91623 -0.56147 -0.88738
0.93965 -0.57582 -0.84125
0.96070 -0.58872 -0.79506
0.97964 -0.60032 -0.74907
0.99672 -0.61079 -0.70346
1.01214 -0.62024 -0.65835
1.02610 -0.62880 -0.61382
1.03875 -0.63654 -0.56988
1.05020 -0.64356 -0.52655
1.06057 -0.64992 -0.48379
1.06992 -0.65565 -0.44159
1.07833 -0.66080 -0.39988
1.08584 -0.66540 -0.35863
1.09248 -0.66947 -0.31779
1.09829 -0.67304 -0.27731
1.10329 -0.67610 -0.23714
1.10750 -0.67868 -0.19722
1.11092 -0.68078 -0.15753
1.11358 -0.68240 -0.11800
1.11547 -0.68356 -0.07860
1.11660 -0.68425 -0.03928
1.11698 -0.68448 0.00000
1.11660 -0.68425 0.03928
1.11547 -0.68356 0.07860
1.11358 -0.68240 0.11800
1.11092 -0.68078 0.15753
1.10750 -0.67868 0.19722
1.10329 -0.67610 0.23714
1.09829 -0.67304 0.27731
1.09248 -0.66947 0.31779
1.08584 -0.66540 0.35863
1.07833 -0.66080 0.39988
1.06992 -0.65565 0.44159
1.06057 -0.64992 0.48379
1.05020 -0.64356 0.52655
1.03875 -0.63654 0.56988
1.02610 -0.62880 0.61382
1.01214 -0.62024 0.65835
0.99672 -0.61079 0.70346
0.97964 -0.60032 0.74907
0.96070 -0.58872 0.79506
0.93965 -0.57582 0.84125
0.91623 -0.56147 0.88738
0.89016 -0.54549 0.93309
0.86114 -0.52771 0.97796
0.82891 -0.50796 1.02142
0.79323 -0.48609 1.06283
0.75393 -0.46201 1.10146
0.71094 -0.43566 1.13653
0.66431 -0.40709 1.16724
0.61422 -0.37640 1.19282
0.56104 -0.34381 1.21262
0.50526 -0.30962 1.22613
0.44751 -0.27424 1.23306
0.38854 -0.23810 1.23337
0.32911 -0.20168 1.22728
0.27001 -0.16546 1.21526
0.21194 -0.12988 1.19801
0.15552 -0.09530 1.17637
0.10121 -0.06202 1.15129
0.04932 -0.03022 1.12375
0.00000 -0.00000 -1.09472
0.04967 -0.02531 -1.12375
0.10193 -0.05193 -1.15129
0.15663 -0.07981 -1.17637
0.21345 -0.10876 -1.19801
0.27193 -0.13856 -1.21526
0.33145 -0.16888 -1.22728
0.39130 -0.19938 -1.23337
0.45070 -0.22964 -1.23306
0.50886 -0.25928 -1.22613
0.56504 -0.28790 -1.21262
0.61860 -0.31519 -1.19282
0.66904 -0.34089 -1.16724
0.71600 -0.36482 -1.13653
0.75930 -0.38688 -1.10146
0.79888 -0.40705 -1.06283
0.83481 -0.42536 -1.02142
0.86728 -0.44190 -0.97796
0.89650 -0.45679 -0.93309
0.92276 -0.47017 -0.88738
0.94634 -0.48219 -0.84125
0.96754 -0.49299 -0.79506
0.98662 -0.50271 -0.74907
1.00381 -0.51147 -0.70346
1.01935 -0.51939 -0.65835
1.03341 -0.52655 -0.61382
1.04614 -0.53304 -0.56988
1.05768 -0.53892 -0.52655
1.06812 -0.54423 -0.48379
1.07754 -0.54903 -0.44159
1.08601 -0.55335 -0.39988
1.09357 -0.55720 -0.35863
1.10026 -0.56061 -0.31779
1.10612 -0.56359 -0.27731
1.11115 -0.56616 -0.23714
1.11539 -0.56832 -0.19722
1.11884 -0.57008 -0.15753
1.12151 -0.57144 -0.11800
1.12341 -0.57241 -0.07860
1.12455 -0.57299 -0.03928
1.12493 -0.57318 0.00000
1.12455 -0.57299 0.03928
1.12341 -0.57241 0.07860
1.12151 -0.57144 0.11800
1.11884 -0.57008 0.15753
1.11539 -0.56832 0.19722
1.11115 -0.56616 0.23714
1.10612 -0.56359 0.27731
1.10026 -0.56061 0.31779
1.09357 -0.55720 0.35863
1.08601 -0.55335 0.39988
1.07754 -0.54903 0.44159
1.06812 -0.54423 0.48379
1.05768 -0.53892 0.52655
1.04614 -0.53304 0.56988
1.03341 -0.52655 0.61382
1.01935 -0.51939 0.65835
1.00381 -0.51147 0.70346
0.98662 -0.50271 0.74907
0.96754 -0.49299 0.79506
0.94634 -0.48219 0.84125
0.92276 -0.47017 0.88738
0.89650 -0.45679 0.93309
0.86728 -0.44190 0.97796
0.83481 -0.42536 1.02142
0.79888 -0.40705 1.06283
0.75930 -0.38688 1.10146
0.71600 -0.36482 1.13653
0.66904 -0.34089 1.16724
0.61860 -0.31519 1.19282
0.56504 -0.28790 1.21262
0.50886 -0.25928 1.22613
0.45070 -0.22964 1.23306
0.39130 -0.19938 1.23337
0.33145 -0.16888 1.22728
0.27193 -0.13856 1.21526
0.21345 -0.10876 1.19801
0.15663 -0.07981 1.17637
0.10193 -0.05193 1.15129
0.04967 -0.02531 1.12375
0.00000 -0.00000 -1.09472
0.04853 -0.02010 -1.12375
0.09959 -0.04125 -1.15129
0.15304 -0.06339 -1.17637
0.20856 -0.08639 -1.19801
0.26570 -0.11006 -1.21526
0.32386 -0.13415 -1.22728
0.38233 -0.15837 -1.23337
0.44037 -0.18241 -1.23306
0.49719 -0.20594 -1.22613
0.55208 -0.22868 -1.21262
0.60442 -0.25036 -1.19282
0.65370 -0.27077 -1.16724
0.69959 -0.28978 -1.13653
0.74189 -0.30730 -1.10146
0.78056 -0.32332 -1.06283
0.81568 -0.33786 -1.02142
0.84739 -0.35100 -0.97796
0.87595 -0.36283 -0.93309
0.90161 -0.37346 -0.88738
0.92465 -0.38300 -0.84125
0.94536 -0.39158 -0.79506
0.96400 -0.39930 -0.74907
0.98080 -0.40626 -0.70346
0.99598 -0.41255 -0.65835
1.00972 -0.41824 -0.61382
1.02216 -0.42339 -0.56988
1.03343 -0.42806 -0.52655
1.04363 -0.43229 -0.48379
1.05284 -0.43610 -0.44159
1.06111 -0.43953 -0.39988
1.06850 -0.44259 -0.35863
1.07504 -0.44530 -0.31779
1.08076 -0.44767 -0.27731
1.08568 -0.44970 -0.23714
1.08982 -0.45142 -0.19722
1.09319 -0.45281 -0.15753
1.09580 -0.45389 -0.11800
1.09766 -0.45466 -0.07860
1.09877 -0.45513 -0.03928
1.09914 -0.45528 0.00000
1.09877 -0.45513 0.03928
1.09766 -0.45466 0.07860
1.09580 -0.45389 0.11800
1.09319 -0.45281 0.15753
1.08982 -0.45142 0.19722
1.08568 -0.44970 0.23714
1.08076 -0.44767 0.27731
1.07504 -0.44530 0.31779
1.06850 -0.44259 0.35863
1.06111 -0.43953 0.39988
1.05284 -0.43610 0.44159
1.04363 -0.43229 0.48379
1.03343 -0.42806 0.52655
1.02216 -0.42339 0.56988
1.00972 -0.41824 0.61382
0.99598 -0.41255 0.65835
0.98080 -0.40626 0.70346
0.96400 -0.39930 0.74907
0.94536 -0.39158 0.79506
0.92465 -0.38300 0.84125
0.90161 -0.37346 0.88738
0.87595 -0.36283 0.93309
0.84739 -0.35100 0.97796
0.81568 -0.33786 1.02142
0.78056 -0.32332 1.06283
0.74189 -0.30730 1.10146
0.69959 -0.28978 1.13653
0.65370 -0.27077 1.16724
0.60442 -0.25036 1.19282
0.55208 -0.22868 1.21262
0.49719 -0.20594 1.22613
0.44037 -0.18241 1.23306
0.38233 -0.15837 1.23337
0.32386 -0.13415 1.22728
0.26570 -0.11006 1.21526
0.20856 -0.08639 1.19801
0.15304 -0.06339 1.17637
0.09959 -0.04125 1.15129
0.04853 -0.02010 1.12375
0.00000 -0.00000 -1.09472
0.04703 -0.01528 -1.12375
0.09652 -0.03136 -1.15129
0.14832 -0.04819 -1.17637
0.20212 -0.06567 -1.19801
0.25750 -0.08367 -1.21526
0.31387 -0.10198 -1.22728
0.37054 -0.12040 -1.23337
0.42678 -0.13867 -1.23306
0.48185 -0.15656 -1.22613
0.53505 -0.17385 -1.21262
0.58577 -0.19033 -1.19282
0.63354 -0.20585 -1.16724
0.67801 -0.22030 -1.13653
0.71901 -0.23362 -1.10146
0.75649 -0.24580 -1.06283
0.79052 -0.25685 -1.02142
0.82125 -0.26684 -0.97796
0.84893 -0.27583 -0.93309
0.87379 -0.28391 -0.88738
0.89613 -0.29117 -0.84125
0.91620 -0.29769 -0.79506
0.93426 -0.30356 -0.74907
0.95055 -0.30885 -0.70346
0.96526 -0.31363 -0.65835
0.97857 -0.31796 -0.61382
0.99063 -0.32188 -0.56988
1.00156 -0.32543 -0.52655
1.01144 -0.32864 -0.48379
1.02036 -0.33154 -0.44159
1.02838 -0.33414 -0.39988
1.03554 -0.33647 -0.35863
1.04188 -0.33853 -0.31779
1.04742 -0.34033 -0.27731
1.05219 -0.34188 -0.23714
1.05620 -0.34318 -0.19722
1.05947 -0.34424 -0.15753
1.06200 -0.34506 -0.11800
1.06380 -0.34565 -0.07860
1.06488 -0.34600 -0.03928
1.06524 -0.34612 0.00000
1.06488 -0.34600 0.03928
1.06380 -0.34565 0.07860
1.06200 -0.34506 0.11800
1.05947 -0.34424 0.15753
1.05620 -0.34318 0.19722
1.05219 -0.34188 0.23714
1.04742 -0.34033 0.27731
1.04188 -0.33853 0.31779
1.03554 -0.33647 0.35863
1.02838 -0.33414 0.39988
1.02036 -0.33154 0.44159
1.01144 -0.32864 0.48379
1.00156 -0.32543 0.52655
0.99063 -0.32188 0.56988
0.97857 -0.31796 0.61382
0.96526 -0.31363 0.65835
0.95055 -0.30885 0.70346
0.93426 -0.30356 0.74907
0.91620 -0.29769 0.79506
0.89613 -0.29117 0.84125
0.87379 -0.28391 0.88738
0.84893 -0.27583 0.93309
0.82125 -0.26684 0.97796
0.79052 -0.25685 1.02142
0.75649 -0.24580 1.06283
0.71901 -0.23362 1.10146
0.67801 -0.22030 1.13653
0.63354 -0.20585 1.16724
0.58577 -0.19033 1.19282
0.53505 -0.17385 1.21262
0.48185 -0.15656 1.22613
0.42678 -0.13867 1.23306
0.37054 -0.12040 1.23337
0.31387 -0.10198 1.22728
0.25750 -0.08367 1.21526
0.20212 -0.06567 1.19801
0.14832 -0.04819 1.17637
0.09652 -0.03136 1.15129
0.04703 -0.01528 1.12375
0.00000 -0.00000 -1.09472
0.04575 -0.01098 -1.12375
0.09389 -0.02254 -1.15129
0.14427 -0.03464 -1.17637
0.19662 -0.04720 -1.19801
0.25048 -0.06014 -1.21526
0.30531 -0.07330 -1.22728
0.36044 -0.08653 -1.23337
0.41515 -0.09967 -1.23306
0.46872 -0.11253 -1.22613
0.52047 -0.12495 -1.21262
0.56981 -0.13680 -1.19282
0.61627 -0.14795 -1.16724
0.65953 -0.15834 -1.13653
0.69941 -0.16791 -1.10146
0.73587 -0.17667 -1.06283
0.76897 -0.18461 -1.02142
0.79887 -0.19179 -0.97796
0.82579 -0.19825 -0.93309
0.84998 -0.20406 -0.88738
0.87170 -0.20928 -0.84125
0.89123 -0.21396 -0.79506
0.90880 -0.21818 -0.74907
0.92464 -0.22199 -0.70346
0.93895 -0.22542 -0.65835
0.95190 -0.22853 -0.61382
0.96363 -0.23135 -0.56988
0.97426 -0.23390 -0.52655
0.98387 -0.23621 -0.48379
0.99255 -0.23829 -0.44159
1.00035 -0.24016 -0.39988
1.00732 -0.24184 -0.35863
1.01348 -0.24332 -0.31779
1.01887 -0.24461 -0.27731
1.02351 -0.24572 -0.23714
1.02741 -0.24666 -0.19722
1.03059 -0.24742 -0.15753
1.03305 -0.24801 -0.11800
1.03480 -0.24843 -0.07860
1.03585 -0.24869 -0.03928
1.03620 -0.24877 0.00000
1.03585 -0.24869 0.03928
1.03480 -0.24843 0.07860
1.03305 -0.24801 0.11800
1.03059 -0.24742 0.15753
1.02741 -0.24666 0.19722
1.02351 -0.24572 0.23714
1.01887 -0.24461 0.27731
1.01348 -0.24332 0.31779
1.00732 -0.24184 0.35863
1.00035 -0.24016 0.39988
0.99255 -0.23829 0.44159
0.98387 -0.23621 0.48379
0.97426 -0.23390 0.52655
0.96363 -0.23135 0.56988
0.95190 -0.22853 0.61382
0.93895 -0.22542 0.65835
0.92464 -0.22199 0.70346
0.90880 -0.21818 0.74907
0.89123 -0.21396 0.79506
0.87170 -0.20928 0.84125
0.84998 -0.20406 0.88738
0.82579 -0.19825 0.93309
0.79887 -0.19179 0.97796
0.76897 -0.18461 1.02142
0.73587 -0.17667 1.06283
0.69941 -0.16791 1.10146
0.65953 -0.15834 1.13653
0.61627 -0.14795 1.16724
0.56981 -0.13680 1.19282
0.52047 -0.12495 1.21262
0.46872 -0.11253 1.22613
0.41515 -0.09967 1.23306
0.36044 -0.08653 1.23337
0.30531 -0.07330 1.22728
0.25048 -0.06014 1.21526
0.19662 -0.04720 1.19801
0.14427 -0.03464 1.17637
0.09389 -0.02254 1.15129
0.04575 -0.01098 1.12375
0.00000 -0.00000 -1.09472
0.04485 -0.00710 -1.12375
0.09203 -0.01458 -1.15129
0.14142 -0.02240 -1.17637
0.19273 -0.03053 -1.19801
0.24554 -0.03889 -1.21526
0.29928 -0.04740 -1.22728
0.35332 -0.05596 -1.23337
0.40695 -0.06446 -1.23306
0.45947 -0.07277 -1.22613
0.51019 -0.08081 -1.21262
0.55856 -0.08847 -1.19282
0.60410 -0.09568 -1.16724
0.64651 -0.10240 -1.13653
0.68560 -0.10859 -1.10146
0.72134 -0.11425 -1.06283
0.75379 -0.11939 -1.02142
0.78310 -0.12403 -0.97796
0.80948 -0.12821 -0.93309
0.83320 -0.13197 -0.88738
0.85449 -0.13534 -0.84125
0.87363 -0.13837 -0.79506
0.89085 -0.14110 -0.74907
0.90638 -0.14356 -0.70346
0.92041 -0.14578 -0.65835
0.93311 -0.14779 -0.61382
0.94461 -0.14961 -0.56988
0.95502 -0.15126 -0.52655
0.96445 -0.15275 -0.48379
0.97295 -0.15410 -0.44159
0.98060 -0.15531 -0.39988
0.98743 -0.15639 -0.35863
0.99347 -0.15735 -0.31779
0.99876 -0.15819 -0.27731
1.00330 -0.15891 -0.23714
1.00713 -0.15951 -0.19722
1.01024 -0.16001 -0.15753
1.01265 -0.16039 -0.11800
1.01437 -0.16066 -0.07860
1.01540 -0.16082 -0.03928
1.01574 -0.16088 0.00000
1.01540 -0.16082 0.03928
1.01437 -0.16066 0.07860
1.01265 -0.16039 0.11800
1.01024 -0.16001 0.15753
1.00713 -0.15951 0.19722
1.00330 -0.15891 0.23714
0.99876 -0.15819 0.27731
0.99347 -0.15735 0.31779
0.98743 -0.15639 0.35863
0.98060 -0.15531 0.39988
0.97295 -0.15410 0.44159
0.96445 -0.15275 0.48379
0.95502 -0.15126 0.52655
0.94461 -0.14961 0.56988
0.93311 -0.14779 0.61382
0.92041 -0.14578 0.65835
0.90638 -0.14356 0.70346
0.89085 -0.14110 0.74907
0.87363 -0.13837 0.79506
0.85449 -0.13534 0.84125
0.83320 -0.13197 0.88738
0.80948 -0.12821 0.93309
0.78310 -0.12403 0.97796
0.75379 -0.11939 1.02142
0.72134 -0.11425 1.06283
0.68560 -0.10859 1.10146
0.64651 -0.10240 1.13653
0.60410 -0.09568 1.16724
0.55856 -0.08847 1.19282
0.51019 -0.08081 1.21262
0.45947 -0.07277 1.22613
0.40695 -0.06446 1.23306
0.35332 -0.05596 1.23337
0.29928 -0.04740 1.22728
0.24554 -0.03889 1.21526
0.19273 -0.03053 1.19801
0.14142 -0.02240 1.17637
0.09203 -0.01458 1.15129
0.04485 -0.00710 1.12375
0.00000 -0.00000 -1.09472
0.04432 -0.00349 -1.12375
0.09096 -0.00716 -1.15129
0.13977 -0.01100 -1.17637
0.19048 -0.01499 -1.19801
0.24267 -0.01910 -1.21526
0.29579 -0.02328 -1.22728
0.34919 -0.02748 -1.23337
0.40220 -0.03165 -1.23306
0.45410 -0.03574 -1.22613
0.50423 -0.03968 -1.21262
0.55203 -0.04345 -1.19282
0.59704 -0.04699 -1.16724
0.63895 -0.05029 -1.13653
0.67759 -0.05333 -1.10146
0.71291 -0.05611 -1.06283
0.74498 -0.05863 -1.02142
0.77395 -0.06091 -0.97796
0.80003 -0.06296 -0.93309
0.82346 -0.06481 -0.88738
0.84451 -0.06646 -0.84125
0.86342 -0.06795 -0.79506
0.88044 -0.06929 -0.74907
0.89579 -0.07050 -0.70346
0.90966 -0.07159 -0.65835
0.92220 -0.07258 -0.61382
0.93357 -0.07347 -0.56988
0.94386 -0.07428 -0.52655
0.95318 -0.07502 -0.48379
0.96159 -0.07568 -0.44159
0.96914 -0.07627 -0.39988
0.97589 -0.07680 -0.35863
0.98186 -0.07727 -0.31779
0.98709 -0.07769 -0.27731
0.99158 -0.07804 -0.23714
0.99536 -0.07834 -0.19722
0.99844 -0.07858 -0.15753
1.00082 -0.07877 -0.11800
1.00252 -0.07890 -0.07860
1.00354 -0.07898 -0.03928
1.00388 -0.07901 0.00000
1.00354 -0.07898 0.03928
1.00252 -0.07890 0.07860
1.00082 -0.07877 0.11800
0.99844 -0.07858 0.15753
0.99536 -0.07834 0.19722
0.99158 -0.07804 0.23714
0.98709 -0.07769 0.27731
0.98186 -0.07727 0.31779
0.97589 -0.07680 0.35863
0.96914 -0.07627 0.39988
0.96159 -0.07568 0.44159
0.95318 -0.07502 0.48379
0.94386 -0.07428 0.52655
0.93357 -0.07347 0.56988
0.92220 -0.07258 0.61382
0.90966 -0.07159 0.65835
0.89579 -0.07050 0.70346
0.88044 -0.06929 0.74907
0.86342 -0.06795 0.79506
0.84451 -0.06646 0.84125
0.82346 -0.06481 0.88738
0.80003 -0.06296 0.93309
0.77395 -0.06091 0.97796
0.74498 -0.05863 1.02142
0.71291 -0.05611 1.06283
0.67759 -0.05333 1.10146
0.63895 -0.05029 1.13653
0.59704 -0.04699 1.16724
0.55203 -0.04345 1.19282
0.50423 -0.03968 1.21262
0.45410 -0.03574 1.22613
0.40220 -0.03165 1.23306
0.34919 -0.02748 1.23337
0.29579 -0.02328 1.22728
0.24267 -0.01910 1.21526
0.19048 -0.01499 1.19801
0.13977 -0.01100 1.17637
0.09096 -0.00716 1.15129
0.04432 -0.00349 1.12375
0.00000 0.00000 -1.09472
0.04415 0.00000 -1.12375
0.09061 0.00000 -1.15129
0.13923 0.00000 -1.17637
0.18975 0.00000 -1.19801
0.24173 0.00000 -1.21526
0.29464 0.00000 -1.22728
0.34785 0.00000 -1.23337
0.40065 0.00000 -1.23306
0.45234 0.00000 -1.22613
0.50228 0.00000 -1.21262
0.54990 0.00000 -1.19282
0.59474 0.00000 -1.16724
0.63649 0.00000 -1.13653
0.67497 0.00000 -1.10146
0.71016 0.00000 -1.06283
0.74210 0.00000 -1.02142
0.77096 0.00000 -0.97796
0.79694 0.00000 -0.93309
0.82028 0.00000 -0.88738
0.84125 0.00000 -0.84125
0.86009 0.00000 -0.79506
0.87705 0.00000 -0.74907
0.89233 0.00000 -0.70346
0.90615 0.00000 -0.65835
0.91864 0.00000 -0.61382
0.92996 0.00000 -0.56988
0.94022 0.00000 -0.52655
0.94950 0.00000 -0.48379
0.95787 0.00000 -0.44159
0.96540 0.00000 -0.39988
0.97212 0.00000 -0.35863
0.97807 0.00000 -0.31779
0.98328 0.00000 -0.27731
0.98775 0.00000 -0.23714
0.99152 0.00000 -0.19722
0.99458 0.00000 -0.15753
0.99696 0.00000 -0.11800
0.99865 0.00000 -0.07860
0.99966 0.00000 -0.03928
1.00000 0.00000 0.00000
0.99966 0.00000 0.03928
0.99865 0.00000 0.07860
0.99696 0.00000 0.11800
0.99458 0.00000 0.15753
0.99152 0.00000 0.19722
0.98775 0.00000 0.23714
0.98328 0.00000 0.27731
0.97807 0.00000 0.31779
0.97212 0.00000 0.35863
0.96540 0.00000 0.39988
0.95787 0.00000 0.44159
0.94950 0.00000 0.48379
0.94022 0.00000 0.52655
0.92996 0.00000 0.56988
0.91864 0.00000 0.61382
0.90615 0.00000 0.65835
0.89233 0.00000 0.70346
0.87705 0.00000 0.74907
0.86009 0.00000 0.79506
0.84125 0.00000 0.84125
0.82028 0.00000 0.88738
0.79694 0.00000 0.93309
0.77096 0.00000 0.97796
0.74210 0.00000 1.02142
0.71016 0.00000 1.06283
0.67497 0.00000 1.10146
0.63649 0.00000 1.13653
0.59474 0.00000 1.16724
0.54990 0.00000 1.19282
0.50228 0.00000 1.21262
0.45234 0.00000 1.22613
0.40065 0.00000 1.23306
0.34785 0.00000 1.23337
0.29464 0.00000 1.22728
0.24173 0.00000 1.21526
0.18975 0.00000 1.19801
0.13923 0.00000 1.17637
0.09061 0.00000 1.15129
0.04415 0.00000 1.12375
0.00000 0.00000 -1.09472
0.04432 0.00349 -1.12375
0.09096 0.00716 -1.15129
0.13977 0.01100 -1.17637
0.19048 0.01499 -1.19801
0.24267 0.01910 -1.21526
0.29579 0.02328 -1.22728
0.34919 0.02748 -1.23337
0.40220 0.03165 -1.23306
0.45410 0.03574 -1.22613
0.50423 0.03968 -1.21262
0.55203 0.04345 -1.19282
0.59704 0.04699 -1.16724
0.63895 0.05029 -1.13653
0.67759 0.05333 -1.10146
0.71291 0.05611 -1.06283
0.74498 0.05863 -1.02142
0.77395 0.06091 -0.97796
0.80003 0.06296 -0.93309
0.82346 0.06481 -0.88738
0.84451 0.06646 -0.84125
0.86342 0.06795 -0.79506
0.88044 0.06929 -0.74907
0.89579 0.07050 -0.70346
0.90966 0.07159 -0.65835
0.92220 0.07258 -0.61382
0.93357 0.07347 -0.56988
0.94386 0.07428 -0.52655
0.95318 0.07502 -0.48379
0.96159 0.07568 -0.44159
0.96914 0.07627 -0.39988
0.97589 0.07680 -0.35863
0.98186 0.07727 -0.31779
0.98709 0.07769 -0.27731
0.99158 0.07804 -0.23714
0.99536 0.07834 -0.19722
0.99844 0.07858 -0.15753
1.00082 0.07877 -0.11800
1.00252 0.07890 -0.07860
1.00354 0.07898 -0.03928
1.00388 0.07901 0.00000
1.00354 0.07898 0.03928
1.00252 0.07890 0.07860
1.00082 0.07877 0.11800
0.99844 0.07858 0.15753
0.99536 0.07834 0.19722
0.99158 0.07804 0.23714
0.98709 0.07769 0.27731
0.98186 0.07727 0.31779
0.97589 0.07680 0.35863
0.96914 0.07627 0.39988
0.96159 0.07568 0.44159
0.95318 0.07502 0.48379
0.94386 0.07428 0.52655
0.93357 0.07347 0.56988
0.92220 0.07258 0.61382
0.90966 0.07159 0.65835
0.89579 0.07050 0.70346
0.88044 0.06929 0.74907
0.86342 0.06795 0.79506
0.84451 0.06646 0.84125
0.82346 0.06481 0.88738
0.80003 0.06296 0.93309
0.77395 0.06091 0.97796
0.74498 0.05863 1.02142
0.71291 0.05611 1.06283
0.67759 0.05333 1.10146
0.63895 0.05029 1.13653
0.59704 0.04699 1.16724
0.55203 0.04345 1.19282
0.50423 0.03968 1.21262
0.45410 0.03574 1.22613
0.40220 0.03165 1.23306
0.34919 0.02748 1.23337
0.29579 0.02328 1.22728
0.24267 0.01910 1.21526
0.19048 0.01499 1.19801
0.13977 0.01100 1.17637
0.09096 0.00716 1.15129
0.04432 0.00349 1.12375
0.00000 0.00000 -1.09472
0.04485 0.00710 -1.12375
0.09203 0.01458 -1.15129
0.14142 0.02240 -1.17637
0.19273 0.03053 -1.19801
0.24554 0.03889 -1.21526
0.29928 0.04740 -1.22728
0.35332 0.05596 -1.23337
0.40695 0.06446 -1.23306
0.45947 0.07277 -1.22613
0.51019 0.08081 -1.21262
0.55856 0.08847 -1.19282
0.60410 0.09568 -1.16724
0.64651 0.10240 -1.13653
0.68560 0.10859 -1.10146
0.72134 0.11425 -1.06283
0.75379 0.11939 -1.02142
0.78310 0.12403 -0.97796
0.80948 0.12821 -0.93309
0.83320 0.13197 -0.88738
0.85449 0.13534 -0.84125
0.87363 0.13837 -0.79506
0.89085 0.14110 -0.74907
0.90638 0.14356 -0.70346
0.92041 0.14578 -0.65835
0.93311 0.14779 -0.61382
0.94461 0.14961 -0.56988
0.95502 0.15126 -0.52655
0.96445 0.15275 -0.48379
0.97295 0.15410 -0.44159
0.98060 0.15531 -0.39988
0.98743 0.15639 -0.35863
0.99347 0.15735 -0.31779
0.99876 0.15819 -0.27731
1.00330 0.15891 -0.23714
1.00713 0.15951 -0.19722
1.01024 0.16001 -0.15753
1.01265 0.16039 -0.11800
1.01437 0.16066 -0.07860
1.01540 0.16082 -0.03928
1.01574 0.16088 0.00000
1.01540 0.16082 0.03928
1.01437 0.16066 0.07860
1.01265 0.16039 0.11800
1.01024 0.16001 0.15753
1.00713 0.15951 0.19722
1.00330 0.15891 0.23714
0.99876 0.15819 0.27731
0.99347 0.15735 0.31779
0.98743 0.15639 0.35863
0.98060 0.15531 0.39988
0.97295 0.15410 0.44159
0.96445 0.15275 0.48379
0.95502 0.15126 0.52655
0.94461 0.14961 0.56988
0.93311 0.14779 0.61382
0.92041 0.14578 0.65835
0.90638 0.14356 0.70346
0.89085 0.14110 0.74907
0.87363 0.13837 0.79506
0.85449 0.13534 0.84125
0.83320 0.13197 0.88738
0.80948 0.12821 0.93309
0.78310 0.12403 0.97796
0.75379 0.11939 1.02142
0.72134 0.11425 1.06283
0.68560 0.10859 1.10146
0.64651 0.10240 1.13653
0.60410 0.09568 1.16724
0.55856 0.08847 1.19282
0.51019 0.08081 1.21262
0.45947 0.07277 1.22613
0.40695 0.06446 1.23306
0.35332 0.05596 1.23337
0.29928 0.04740 1.22728
0.24554 0.03889 1.21526
0.19273 0.03053 1.19801
0.14142 0.02240 1.17637
0.09203 0.01458 1.15129
0.04485 0.00710 1.12375
0.00000 0.00000 -1.09472
0.04575 0.01098 -1.12375
0.09389 0.02254 -1.15129
0.14427 0.03464 -1.17637
0.19662 0.04720 -1.19801
0.25048 0.06014 -1.21526
0.30531 0.07330 -1.22728
0.36044 0.08653 -1.23337
0.41515 0.09967 -1.23306
0.46872 0.11253 -1.22613
0.52047 0.12495 -1.21262
0.56981 0.13680 -1.19282
0.61627 0.14795 -1.16724
0.65953 0.15834 -1.13653
0.69941 0.16791 -1.10146
0.73587 0.17667 -1.06283
0.76897 0.18461 -1.02142
0.79887 0.19179 -0.97796
0.82579 0.19825 -0.93309
0.84998 0.20406 -0.88738
0.87170 0.20928 -0.84125
0.89123 0.21396 -0.79506
0.90880 0.21818 -0.74907
0.92464 0.22199 -0.70346
0.93895 0.22542 -0.65835
0.95190 0.22853 -0.61382
0.96363 0.23135 -0.56988
0.97426 0.23390 -0.52655
0.98387 0.23621 -0.48379
0.99255 0.23829 -0.44159
1.00035 0.24016 -0.39988
1.00732 0.24184 -0.35863
1.01348 0.24332 -0.31779
1.01887 0.24461 -0.27731
1.02351 0.24572 -0.23714
1.02741 0.24666 -0.19722
1.03059 0.24742 -0.15753
1.03305 0.24801 -0.11800
1.03480 0.24843 -0.07860
1.03585 0.24869 -0.03928
1.03620 0.24877 0.00000
1.03585 0.24869 0.03928
1.03480 0.24843 0.07860
1.03305 0.24801 0.11800
1.03059 0.24742 0.15753
1.02741 0.24666 0.19722
1.02351 0.24572 0.23714
1.01887 0.24461 0.27731
1.01348 0.24332 0.31779
1.00732 0.24184 0.35863
1.00035 0.24016 0.39988
0.99255 0.23829 0.44159
0.98387 0.23621 0.48379
0.97426 0.23390 0.52655
0.96363 0.23135 0.56988
0.95190 0.22853 0.61382
0.93895 0.22542 0.65835
0.92464 0.22199 0.70346
0.90880 0.21818 0.74907
0.89123 0.21396 0.79506
0.87170 0.20928 0.84125
0.84998 0.20406 0.88738
0.82579 0.19825 0.93309
0.79887 0.19179 0.97796
0.76897 0.18461 1.02142
0.73587 0.17667 1.06283
0.69941 0.16791 1.10146
0.65953 0.15834 1.13653
0.61627 0.14795 1.16724
0.56981 0.13680 1.19282
0.52047 0.12495 1.21262
0.46872 0.11253 1.22613
0.41515 0.09967 1.23306
0.36044 0.08653 1.23337
0.30531 0.07330 1.22728
0.25048 0.06014 1.21526
0.19662 0.04720 1.19801
0.14427 0.03464 1.17637
0.09389 0.02254 1.15129
0.04575 0.01098 1.12375
0.00000 0.00000 -1.09472
0.04703 0.01528 -1.12375
0.09652 0.03136 -1.15129
0.14832 0.04819 -1.17637
0.20212 0.06567 -1.19801
0.25750 0.08367 -1.21526
0.31387 0.10198 -1.22728
0.37054 0.12040 -1.23337
0.42678 0.13867 -1.23306
0.48185 0.15656 -1.22613
0.53505 0.17385 -1.21262
0.58577 0.19033 -1.19282
0.63354 0.20585 -1.16724
0.67801 0.22030 -1.13653
0.71901 0.23362 -1.10146
0.75649 0.24580 -1.06283
0.79052 0.25685 -1.02142
0.82125 0.26684 -0.97796
0.84893 0.27583 -0.93309
0.87379 0.28391 -0.88738
0.89613 0.29117 -0.84125
0.91620 0.29769 -0.79506
0.93426 0.30356 -0.74907
0.95055 0.30885 -0.70346
0.96526 0.31363 -0.65835
0.97857 0.31796 -0.61382
0.99063 0.32188 -0.56988
1.00156 0.32543 -0.52655
1.01144 0.32864 -0.48379
1.02036 0.33154 -0.44159
1.02838 0.33414 -0.39988
1.03554 0.33647 -0.35863
1.04188 0.33853 -0.31779
1.04742 0.34033 -0.27731
1.05219 0.34188 -0.23714
1.05620 0.34318 -0.19722
1.05947 0.34424 -0.15753
1.06200 0.34506 -0.11800
1.06380 0.34565 -0.07860
1.06488 0.34600 -0.03928
1.06524 0.34612 0.00000
1.06488 0.34600 0.03928
1.06380 0.34565 0.07860
1.06200 0.34506 0.11800
1.05947 0.34424 0.15753
1.05620 0.34318 0.19722
1.05219 0.34188 0.23714
1.04742 0.34033 0.27731
1.04188 0.33853 0.31779
1.03554 0.33647 0.35863
1.02838 0.33414 0.39988
1.02036 0.33154 0.44159
1.01144 0.32864 0.48379
1.00156 0.32543 0.52655
0.99063 0.32188 0.56988
0.97857 0.31796 0.61382
0.96526 0.31363 0.65835
0.95055 0.30885 0.70346
0.93426 0.30356 0.74907
0.91620 0.29769 0.79506
0.89613 0.29117 0.84125
0.87379 0.28391 0.88738
0.84893 0.27583 0.93309
0.82125 0.26684 0.97796
0.79052 0.25685 1.02142
0.75649 0.24580 1.06283
0.71901 0.23362 1.10146
0.67801 0.22030 1.13653
0.63354 0.20585 1.16724
0.58577 0.19033 1.19282
0.53505 0.17385 1.21262
0.48185 0.15656 1.22613
0.42678 0.13867 1.23306
0.37054 0.12040 1.23337
0.31387 0.10198 1.22728
0.25750 0.08367 1.21526
0.20212 0.06567 1.19801
0.14832 0.04819 1.17637
0.09652 0.03136 1.15129
0.04703 0.01528 1.12375
0.00000 0.00000 -1.09472
0.04853 0.02010 -1.12375
0.09959 0.04125 -1.15129
0.15304 0.06339 -1.17637
0.20856 0.08639 -1.19801
0.26570 0.11006 -1.21526
0.32386 0.13415 -1.22728
0.38233 0.15837 -1.23337
0.44037 0.18241 -1.23306
0.49719 0.20594 -1.22613
0.55208 0.22868 -1.21262
0.60442 0.25036 -1.19282
0.65370 0.27077 -1.16724
0.69959 0.28978 -1.13653
0.74189 0.30730 -1.10146
0.78056 0.32332 -1.06283
0.81568 0.33786 -1.02142
0.84739 0.35100 -0.97796
0.87595 0.36283 -0.93309
0.90161 0.37346 -0.88738
0.92465 0.38300 -0.84125
0.94536 0.39158 -0.79506
0.96400 0.39930 -0.74907
0.98080 0.40626 -0.70346
0.99598 0.41255 -0.65835
1.00972 0.41824 -0.61382
1.02216 0.42339 -0.56988
1.03343 0.42806 -0.52655
1.04363 0.43229 -0.48379
1.05284 0.43610 -0.44159
1.06111 0.43953 -0.39988
1.06850 0.44259 -0.35863
1.07504 0.44530 -0.31779
1.08076 0.44767 -0.27731
1.08568 0.44970 -0.23714
1.08982 0.45142 -0.19722
1.09319 0.45281 -0.15753
1.09580 0.45389 -0.11800
1.09766 0.45466 -0.07860
1.09877 0.45513 -0.03928
1.09914 0.45528 0.00000
1.09877 0.45513 0.03928
1.09766 0.45466 0.07860
1.09580 0.45389 0.11800
1.09319 0.45281 0.15753
1.08982 0.45142 0.19722
1.08568 0.44970 0.23714
1.08076 0.44767 0.27731
1.07504 0.44530 0.31779
1.06850 0.44259 0.35863
1.06111 0.43953 0.39988
1.05284 0.43610 0.44159
1.04363 0.43229 0.48379
1.03343 0.42806 0.52655
1.02216 0.42339 0.56988
1.00972 0.41824 0.61382
0.99598 0.41255 0.65835
0.98080 0.40626 0.70346
0.96400 0.39930 0.74907
0.94536 0.39158 0.79506
0.92465 0.38300 0.84125
0.90161 0.37346 0.88738
0.87595 0.36283 0.93309
0.84739 0.35100 0.97796
0.81568 0.33786 1.02142
0.78056 0.32332 1.06283
0.74189 0.30730 1.10146
0.69959 0.28978 1.13653
0.65370 0.27077 1.16724
0.60442 0.25036 1.19282
0.55208 0.22868 1.21262
0.49719 0.20594 1.22613
0.44037 0.18241 1.23306
0.38233 0.15837 1.23337
0.32386 0.13415 1.22728
0.26570 0.11006 1.21526
0.20856 0.08639 1.19801
0.15304 0.06339 1.17637
0.09959 0.04125 1.15129
0.04853 0.02010 1.12375
0.00000 0.00000 -1.09472
0.04967 0.02531 -1.12375
0.10193 0.05193 -1.15129
0.15663 0.07981 -1.17637
0.21345 0.10876 -1.19801
0.27193 0.13856 -1.21526
0.33145 0.16888 -1.22728
0.39130 0.19938 -1.23337
0.45070 0.22964 -1.23306
0.50886 0.25928 -1.22613
0.56504 0.28790 -1.21262
0.61860 0.31519 -1.19282
0.66904 0.34089 -1.16724
0.71600 0.36482 -1.13653
0.75930 0.38688 -1.10146
0.79888 0.40705 -1.06283
0.83481 0.42536 -1.02142
0.86728 0.44190 -0.97796
0.89650 0.45679 -0.93309
0.92276 0.47017 -0.88738
0.94634 0.48219 -0.84125
0.96754 0.49299 -0.79506
0.98662 0.50271 -0.74907
1.00381 0.51147 -0.70346
1.01935 0.51939 -0.65835
1.03341 0.52655 -0.61382
1.04614 0.53304 -0.56988
1.05768 0.53892 -0.52655
1.06812 0.54423 -0.48379
1.07754 0.54903 -0.44159
1.08601 0.55335 -0.39988
1.09357 0.55720 -0.35863
1.10026 0.56061 -0.31779
1.10612 0.56359 -0.27731
1.11115 0.56616 -0.23714
1.11539 0.56832 -0.19722
1.11884 0.57008 -0.15753
1.12151 0.57144 -0.11800
1.12341 0.57241 -0.07860
1.12455 0.57299 -0.03928
1.12493 0.57318 0.00000
1.12455 0.57299 0.03928
1.12341 0.57241 0.07860
1.12151 0.57144 0.11800
1.11884 0.57008 0.15753
1.11539 0.56832 0.19722
1.11115 0.56616 0.23714
1.10612 0.56359 0.27731
1.10026 0.56061 0.31779
1.09357 0.55720 0.35863
1.08601 0.55335 0.39988
1.07754 0.54903 0.44159
1.06812 0.54423 0.48379
1.05768 0.53892 0.52655
1.04614 0.53304 0.56988
1.03341 0.52655 0.61382
1.01935 0.51939 0.65835
1.00381 0.51147 0.70346
0.98662 0.50271 0.74907
0.96754 0.49299 0.79506
0.94634 0.48219 0.84125
0.92276 0.47017 0.88738
0.89650 0.45679 0.93309
0.86728 0.44190 0.97796
0.83481 0.42536 1.02142
0.79888 0.40705 1.06283
0.75930 0.38688 1.10146
0.71600 0.36482 1.13653
0.66904 0.34089 1.16724
0.61860 0.31519 1.19282
0.56504 0.28790 1.21262
0.50886 0.25928 1.22613
0.45070 0.22964 1.23306
0.39130 0.19938 1.23337
0.33145 0.16888 1.22728
0.27193 0.13856 1.21526
0.21345 0.10876 1.19801
0.15663 0.07981 1.17637
0.10193 0.05193 1.15129
0.04967 0.02531 1.12375
0.00000 0.00000 -1.09472
0.04932 0.03022 -1.12375
0.10121 0.06202 -1.15129
0.15552 0.09530 -1.17637
0.21194 0.12988 -1.19801
0.27001 0.16546 -1.21526
0.32911 0.20168 -1.22728
0.38854 0.23810 -1.23337
0.44751 0.27424 -1.23306
0.50526 0.30962 -1.22613
0.56104 0.34381 -1.21262
0.61422 0.37640 -1.19282
0.66431 0.40709 -1.16724
0.71094 0.43566 -1.13653
0.75393 0.46201 -1.10146
0.79323 0.48609 -1.06283
0.82891 0.50796 -1.02142
0.86114 0.52771 -0.97796
0.89016 0.54549 -0.93309
0.91623 0.56147 -0.88738
0.93965 0.57582 -0.84125
0.96070 0.58872 -0.79506
0.97964 0.60032 -0.74907
0.99672 0.61079 -0.70346
1.01214 0.62024 -0.65835
1.02610 0.62880 -0.61382
1.03875 0.63654 -0.56988
1.05020 0.64356 -0.52655
1.06057 0.64992 -0.48379
1.06992 0.65565 -0.44159
1.07833 0.66080 -0.39988
1.08584 0.66540 -0.35863
1.09248 0.66947 -0.31779
1.09829 0.67304 -0.27731
1.10329 0.67610 -0.23714
1.10750 0.67868 -0.19722
1.11092 0.68078 -0.15753
1.11358 0.68240 -0.11800
1.11547 0.68356 -0.07860
1.11660 0.68425 -0.03928
1.11698 0.68448 0.00000
1.11660 0.68425 0.03928
1.11547 0.68356 0.07860
1.11358 0.68240 0.11800
1.11092 0.68078 0.15753
1.10750 0.67868 0.19722
1.10329 0.67610 0.23714
1.09829 0.67304 0.27731
1.09248 0.66947 0.31779
1.08584 0.66540 0.35863
1.07833 0.66080 0.39988
1.06992 0.65565 0.44159
1.06057 0.64992 0.48379
1.05020 0.64356 0.52655
1.03875 0.63654 0.56988
1.02610 0.62880 0.61382
1.01214 0.62024 0.65835
0.99672 0.61079 0.70346
0.97964 0.60032 0.74907
0.96070 0.58872 0.79506
0.93965 0.57582 0.84125
0.91623 0.56147 0.88738
0.89016 0.54549 0.93309
0.86114 0.52771 0.97796
0.82891 0.50796 1.02142
0.79323 0.48609 1.06283
0.75393 0.46201 1.10146
0.71094 0.43566 1.13653
0.66431 0.40709 1.16724
0.61422 0.37640 1.19282
0.56104 0.34381 1.21262
0.50526 0.30962 1.22613
0.44751 0.27424 1.23306
0.38854 0.23810 1.23337
0.32911 0.20168 1.22728
0.27001 0.16546 1.21526
0.21194 0.12988 1.19801
0.15552 0.09530 1.17637
0.10121 0.06202 1.15129
0.04932 0.03022 1.12375
0.00000 0.00000 -1.09472
0.04631 0.03365 -1.12375
0.09504 0.06905 -1.15129
0.14604 0.10611 -1.17637
0.19903 0.14460 -1.19801
0.25355 0.18422 -1.21526
0.30905 0.22454 -1.22728
0.36486 0.26509 -1.23337
0.42024 0.30532 -1.23306
0.47447 0.34472 -1.22613
0.52685 0.38278 -1.21262
0.57679 0.41906 -1.19282
0.62382 0.45323 -1.16724
0.66761 0.48505 -1.13653
0.70798 0.51438 -1.10146
0.74489 0.54119 -1.06283
0.77840 0.56554 -1.02142
0.80866 0.58753 -0.97796
0.83591 0.60733 -0.93309
0.86040 0.62512 -0.88738
0.88239 0.64109 -0.84125
0.90215 0.65545 -0.79506
0.91994 0.66837 -0.74907
0.93597 0.68003 -0.70346
0.95046 0.69055 -0.65835
0.96357 0.70008 -0.61382
0.97544 0.70870 -0.56988
0.98620 0.71652 -0.52655
0.99593 0.72359 -0.48379
1.00472 0.72997 -0.44159
1.01261 0.73571 -0.39988
1.01967 0.74083 -0.35863
1.02591 0.74536 -0.31779
1.03136 0.74933 -0.27731
1.03606 0.75274 -0.23714
1.04001 0.75561 -0.19722
1.04322 0.75795 -0.15753
1.04571 0.75976 -0.11800
1.04749 0.76105 -0.07860
1.04855 0.76182 -0.03928
1.04891 0.76207 0.00000
1.04855 0.76182 0.03928
1.04749 0.76105 0.07860
1.04571 0.75976 0.11800
1.04322 0.75795 0.15753
1.04001 0.75561 0.19722
1.03606 0.75274 0.23714
1.03136 0.74933 0.27731
1.02591 0.74536 0.31779
1.01967 0.74083 0.35863
1.01261 0.73571 0.39988
1.00472 0.72997 0.44159
0.99593 0.72359 0.48379
0.98620 0.71652 0.52655
0.97544 0.70870 0.56988
0.96357 0.70008 0.61382
0.95046 0.69055 0.65835
0.93597 0.68003 0.70346
0.91994 0.66837 0.74907
0.90215 0.65545 0.79506
0.88239 0.64109 0.84125
0.86040 0.62512 0.88738
0.83591 0.60733 0.93309
0.80866 0.58753 0.97796
0.77840 0.56554 1.02142
0.74489 0.54119 1.06283
0.70798 0.51438 1.10146
0.66761 0.48505 1.13653
0.62382 0.45323 1.16724
0.57679 0.41906 1.19282
0.52685 0.38278 1.21262
0.47447 0.34472 1.22613
0.42024 0.30532 1.23306
0.36486 0.26509 1.23337
0.30905 0.22454 1.22728
0.25355 0.18422 1.21526
0.19903 0.14460 1.19801
0.14604 0.10611 1.17637
0.09504 0.06905 1.15129
0.04631 0.03365 1.12375
0.00000 0.00000 -1.09472
0.04072 0.03478 -1.12375
0.08357 0.07138 -1.15129
0.12842 0.10968 -1.17637
0.17501 0.14947 -1.19801
0.22295 0.19042 -1.21526
0.27176 0.23210 -1.22728
0.32083 0.27401 -1.23337
0.36953 0.31561 -1.23306
0.41721 0.35633 -1.22613
0.46327 0.39567 -1.21262
0.50719 0.43318 -1.19282
0.54854 0.46850 -1.16724
0.58705 0.50139 -1.13653
0.62255 0.53171 -1.10146
0.65500 0.55942 -1.06283
0.68446 0.58459 -1.02142
0.71108 0.60732 -0.97796
0.73504 0.62778 -0.93309
0.75657 0.64617 -0.88738
0.77591 0.66269 -0.84125
0.79328 0.67753 -0.79506
0.80892 0.69089 -0.74907
0.82302 0.70293 -0.70346
0.83576 0.71381 -0.65835
0.84729 0.72365 -0.61382
0.85773 0.73257 -0.56988
0.86719 0.74065 -0.52655
0.87575 0.74796 -0.48379
0.88347 0.75456 -0.44159
0.89042 0.76049 -0.39988
0.89662 0.76578 -0.35863
0.90210 0.77047 -0.31779
0.90690 0.77457 -0.27731
0.91103 0.77809 -0.23714
0.91450 0.78106 -0.19722
0.91733 0.78347 -0.15753
0.91952 0.78535 -0.11800
0.92108 0.78668 -0.07860
0.92202 0.78748 -0.03928
0.92233 0.78774 0.00000
0.92202 0.78748 0.03928
0.92108 0.78668 0.07860
0.91952 0.78535 0.11800
0.91733 0.78347 0.15753
0.91450 0.78106 0.19722
0.91103 0.77809 0.23714
0.90690 0.77457 0.27731
0.90210 0.77047 0.31779
0.89662 0.76578 0.35863
0.89042 0.76049 0.39988
0.88347 0.75456 0.44159
0.87575 0.74796 0.48379
0.86719 0.74065 0.52655
0.85773 0.73257 0.56988
0.84729 0.72365 0.61382
0.83576 0.71381 0.65835
0.82302 0.70293 0.70346
0.80892 0.69089 0.74907
0.79328 0.67753 0.79506
0.77591 0.66269 0.84125
0.75657 0.64617 0.88738
0.73504 0.62778 0.93309
0.71108 0.60732 0.97796
0.68446 0.58459 1.02142
0.65500 0.55942 1.06283
0.62255 0.53171 1.10146
0.58705 0.50139 1.13653
0.54854 0.46850 1.16724
0.50719 0.43318 1.19282
0.46327 0.39567 1.21262
0.41721 0.35633 1.22613
0.36953 0.31561 1.23306
0.32083 0.27401 1.23337
0.27176 0.23210 1.22728
0.22295 0.19042 1.21526
0.17501 0.14947 1.19801
0.12842 0.10968 1.17637
0.08357 0.07138 1.15129
0.04072 0.03478 1.12375
0.00000 0.00000 -1.09472
0.03418 0.03418 -1.12375
0.07014 0.07014 -1.15129
0.10778 0.10778 -1.17637
0.14688 0.14688 -1.19801
0.18712 0.18712 -1.21526
0.22808 0.22808 -1.22728
0.26926 0.26926 -1.23337
0.31013 0.31013 -1.23306
0.35015 0.35015 -1.22613
0.38881 0.38881 -1.21262
0.42567 0.42567 -1.19282
0.46038 0.46038 -1.16724
0.49269 0.49269 -1.13653
0.52249 0.52249 -1.10146
0.54972 0.54972 -1.06283
0.57445 0.57445 -1.02142
0.59679 0.59679 -0.97796
0.61690 0.61690 -0.93309
0.63497 0.63497 -0.88738
0.65120 0.65120 -0.84125
0.66578 0.66578 -0.79506
0.67891 0.67891 -0.74907
0.69074 0.69074 -0.70346
0.70143 0.70143 -0.65835
0.71111 0.71111 -0.61382
0.71987 0.71987 -0.56988
0.72781 0.72781 -0.52655
0.73499 0.73499 -0.48379
0.74148 0.74148 -0.44159
0.74730 0.74730 -0.39988
0.75251 0.75251 -0.35863
0.75711 0.75711 -0.31779
0.76114 0.76114 -0.27731
0.76460 0.76460 -0.23714
0.76752 0.76752 -0.19722
0.76989 0.76989 -0.15753
0.77173 0.77173 -0.11800
0.77304 0.77304 -0.07860
0.77382 0.77382 -0.03928
0.77409 0.77409 0.00000
0.77382 0.77382 0.03928
0.77304 0.77304 0.07860
0.77173 0.77173 0.11800
0.76989 0.76989 0.15753
0.76752 0.76752 0.19722
0.76460 0.76460 0.23714
0.76114 0.76114 0.27731
0.75711 0.75711 0.31779
0.75251 0.75251 0.35863
0.74730 0.74730 0.39988
0.74148 0.74148 0.44159
0.73499 0.73499 0.48379
0.72781 0.72781 0.52655
0.71987 0.71987 0.56988
0.71111 0.71111 0.61382
0.70143 0.70143 0.65835
0.69074 0.69074 0.70346
0.67891 0.67891 0.74907
0.66578 0.66578 0.79506
0.65120 0.65120 0.84125
0.63497 0.63497 0.88738
0.61690 0.61690 0.93309
0.59679 0.59679 0.97796
0.57445 0.57445 1.02142
0.54972 0.54972 1.06283
0.52249 0.52249 1.10146
0.49269 0.49269 1.13653
0.46038 0.46038 1.16724
0.42567 0.42567 1.19282
0.38881 0.38881 1.21262
0.35015 0.35015 1.22613
0.31013 0.31013 1.23306
0.26926 0.26926 1.23337
0.22808 0.22808 1.22728
0.18712 0.18712 1.21526
0.14688 0.14688 1.19801
0.10778 0.10778 1.17637
0.07014 0.07014 1.15129
0.03418 0.03418 1.12375
0.00000 0.00000 -1.09472
0.02845 0.03332 -1.12375
0.05839 0.06837 -1.15129
0.08973 0.10506 -1.17637
0.12229 0.14318 -1.19801
0.15579 0.18240 -1.21526
0.18989 0.22233 -1.22728
0.22418 0.26248 -1.23337
0.25821 0.30232 -1.23306
0.29152 0.34133 -1.22613
0.32371 0.37901 -1.21262
0.35439 0.41494 -1.19282
0.38329 0.44878 -1.16724
0.41020 0.48028 -1.13653
0.43500 0.50932 -1.10146
0.45768 0.53587 -1.06283
0.47826 0.55997 -1.02142
0.49686 0.58175 -0.97796
0.51360 0.60135 -0.93309
0.52865 0.61897 -0.88738
0.54216 0.63479 -0.84125
0.55430 0.64900 -0.79506
0.56523 0.66180 -0.74907
0.57508 0.67334 -0.70346
0.58398 0.68376 -0.65835
0.59204 0.69319 -0.61382
0.59933 0.70173 -0.56988
0.60594 0.70947 -0.52655
0.61192 0.71647 -0.48379
0.61732 0.72279 -0.44159
0.62217 0.72847 -0.39988
0.62650 0.73354 -0.35863
0.63034 0.73803 -0.31779
0.63369 0.74196 -0.27731
0.63658 0.74534 -0.23714
0.63900 0.74818 -0.19722
0.64098 0.75049 -0.15753
0.64251 0.75228 -0.11800
0.64360 0.75356 -0.07860
0.64425 0.75432 -0.03928
0.64447 0.75458 0.00000
0.64425 0.75432 0.03928
0.64360 0.75356 0.07860
0.64251 0.75228 0.11800
0.64098 0.75049 0.15753
0.63900 0.74818 0.19722
0.63658 0.74534 0.23714
0.63369 0.74196 0.27731
0.63034 0.73803 0.31779
0.62650 0.73354 0.35863
0.62217 0.72847 0.39988
0.61732 0.72279 0.44159
0.61192 0.71647 0.48379
0.60594 0.70947 0.52655
0.59933 0.70173 0.56988
0.59204 0.69319 0.61382
0.58398 0.68376 0.65835
0.57508 0.67334 0.70346
0.56523 0.66180 0.74907
0.55430 0.64900 0.79506
0.54216 0.63479 0.84125
0.52865 0.61897 0.88738
0.51360 0.60135 0.93309
0.49686 0.58175 0.97796
0.47826 0.55997 1.02142
0.45768 0.53587 1.06283
0.43500 0.50932 1.10146
0.41020 0.48028 1.13653
0.38329 0.44878 1.16724
0.35439 0.41494 1.19282
0.32371 0.37901 1.21262
0.29152 0.34133 1.22613
0.25821 0.30232 1.23306
0.22418 0.26248 1.23337
0.18989 0.22233 1.22728
0.15579 0.18240 1.21526
0.12229 0.14318 1.19801
0.08973 0.10506 1.17637
0.05839 0.06837 1.15129
0.02845 0.03332 1.12375
0.00000 0.00000 -1.09472
0.02444 0.03363 -1.12375
0.05015 0.06902 -1.15129
0.07705 0.10606 -1.17637
0.10501 0.14453 -1.19801
0.13378 0.18413 -1.21526
0.16306 0.22444 -1.22728
0.19251 0.26496 -1.23337
0.22173 0.30518 -1.23306
0.25034 0.34456 -1.22613
0.27798 0.38260 -1.21262
0.30433 0.41887 -1.19282
0.32914 0.45303 -1.16724
0.35225 0.48483 -1.13653
0.37355 0.51415 -1.10146
0.39302 0.54095 -1.06283
0.41070 0.56528 -1.02142
0.42667 0.58726 -0.97796
0.44105 0.60705 -0.93309
0.45397 0.62483 -0.88738
0.46557 0.64080 -0.84125
0.47600 0.65515 -0.79506
0.48538 0.66807 -0.74907
0.49384 0.67972 -0.70346
0.50149 0.69024 -0.65835
0.50840 0.69976 -0.61382
0.51467 0.70838 -0.56988
0.52034 0.71619 -0.52655
0.52548 0.72326 -0.48379
0.53011 0.72964 -0.44159
0.53428 0.73537 -0.39988
0.53800 0.74049 -0.35863
0.54129 0.74502 -0.31779
0.54417 0.74899 -0.27731
0.54665 0.75240 -0.23714
0.54873 0.75527 -0.19722
0.55043 0.75760 -0.15753
0.55174 0.75941 -0.11800
0.55268 0.76070 -0.07860
0.55324 0.76147 -0.03928
0.55343 0.76173 0.00000
0.55324 0.76147 0.03928
0.55268 0.76070 0.07860
0.55174 0.75941 0.11800
0.55043 0.75760 0.15753
0.54873 0.75527 0.19722
0.54665 0.75240 0.23714
0.54417 0.74899 0.27731
0.54129 0.74502 0.31779
0.53800 0.74049 0.35863
0.53428 0.73537 0.39988
0.53011 0.72964 0.44159
0.52548 0.72326 0.48379
0.52034 0.71619 0.52655
0.51467 0.70838 0.56988
0.50840 0.69976 0.61382
0.50149 0.69024 0.65835
0.49384 0.67972 0.70346
0.48538 0.66807 0.74907
0.47600 0.65515 0.79506
0.46557 0.64080 0.84125
0.45397 0.62483 0.88738
0.44105 0.60705 0.93309
0.42667 0.58726 0.97796
0.41070 0.56528 1.02142
0.39302 0.54095 1.06283
0.37355 0.51415 1.10146
0.35225 0.48483 1.13653
0.32914 0.45303 1.16724
0.30433 0.41887 1.19282
0.27798 0.38260 1.21262
0.25034 0.34456 1.22613
0.22173 0.30518 1.23306
0.19251 0.26496 1.23337
0.16306 0.22444 1.22728
0.13378 0.18413 1.21526
0.10501 0.14453 1.19801
0.07705 0.10606 1.17637
0.05015 0.06902 1.15129
0.02444 0.03363 1.12375
0.00000 0.00000 -1.09472
0.02233 0.03644 -1.12375
0.04583 0.07478 -1.15129
0.07042 0.11491 -1.17637
0.09596 0.15660 -1.19801
0.12226 0.19950 -1.21526
0.14902 0.24317 -1.22728
0.17592 0.28708 -1.23337
0.20263 0.33066 -1.23306
0.22877 0.37333 -1.22613
0.25403 0.41454 -1.21262
0.27811 0.45384 -1.19282
0.30079 0.49085 -1.16724
0.32191 0.52530 -1.13653
0.34137 0.55707 -1.10146
0.35916 0.58610 -1.06283
0.37532 0.61247 -1.02142
0.38992 0.63628 -0.97796
0.40305 0.65772 -0.93309
0.41486 0.67699 -0.88738
0.42546 0.69429 -0.84125
0.43499 0.70984 -0.79506
0.44357 0.72384 -0.74907
0.45130 0.73646 -0.70346
0.45829 0.74786 -0.65835
0.46461 0.75817 -0.61382
0.47033 0.76751 -0.56988
0.47552 0.77598 -0.52655
0.48021 0.78364 -0.48379
0.48445 0.79055 -0.44159
0.48825 0.79676 -0.39988
0.49165 0.80231 -0.35863
0.49466 0.80722 -0.31779
0.49730 0.81151 -0.27731
0.49956 0.81521 -0.23714
0.50146 0.81831 -0.19722
0.50301 0.82084 -0.15753
0.50421 0.82280 -0.11800
0.50507 0.82420 -0.07860
0.50558 0.82504 -0.03928
0.50575 0.82532 0.00000
0.50558 0.82504 0.03928
0.50507 0.82420 0.07860
0.50421 0.82280 0.11800
0.50301 0.82084 0.15753
0.50146 0.81831 0.19722
0.49956 0.81521 0.23714
0.49730 0.81151 0.27731
0.49466 0.80722 0.31779
0.49165 0.80231 0.35863
0.48825 0.79676 0.39988
0.48445 0.79055 0.44159
0.48021 0.78364 0.48379
0.47552 0.77598 0.52655
0.47033 0.76751 0.56988
0.46461 0.75817 0.61382
0.45829 0.74786 0.65835
0.45130 0.73646 0.70346
0.44357 0.72384 0.74907
0.43499 0.70984 0.79506
0.42546 0.69429 0.84125
0.41486 0.67699 0.88738
0.40305 0.65772 0.93309
0.38992 0.63628 0.97796
0.37532 0.61247 1.02142
0.35916 0.58610 1.06283
0.34137 0.55707 1.10146
0.32191 0.52530 1.13653
0.30079 0.49085 1.16724
0.27811 0.45384 1.19282
0.25403 0.41454 1.21262
0.22877 0.37333 1.22613
0.20263 0.33066 1.23306
0.17592 0.28708 1.23337
0.14902 0.24317 1.22728
0.12226 0.19950 1.21526
0.09596 0.15660 1.19801
0.07042 0.11491 1.17637
0.04583 0.07478 1.15129
0.02233 0.03644 1.12375
0.00000 0.00000 -1.09472
0.01902 0.03732 -1.12375
0.03903 0.07659 -1.15129
0.05997 0.11769 -1.17637
0.08172 0.16039 -1.19801
0.10411 0.20434 -1.21526
0.12690 0.24906 -1.22728
0.14982 0.29404 -1.23337
0.17256 0.33867 -1.23306
0.19483 0.38237 -1.22613
0.21634 0.42459 -1.21262
0.23684 0.46483 -1.19282
0.25616 0.50274 -1.16724
0.27414 0.53803 -1.13653
0.29072 0.57056 -1.10146
0.30587 0.60030 -1.06283
0.31963 0.62730 -1.02142
0.33206 0.65170 -0.97796
0.34325 0.67366 -0.93309
0.35330 0.69339 -0.88738
0.36233 0.71111 -0.84125
0.37045 0.72704 -0.79506
0.37775 0.74137 -0.74907
0.38433 0.75430 -0.70346
0.39028 0.76597 -0.65835
0.39566 0.77654 -0.61382
0.40054 0.78611 -0.56988
0.40496 0.79477 -0.52655
0.40895 0.80262 -0.48379
0.41256 0.80970 -0.44159
0.41580 0.81606 -0.39988
0.41870 0.82174 -0.35863
0.42126 0.82677 -0.31779
0.42350 0.83117 -0.27731
0.42543 0.83495 -0.23714
0.42705 0.83814 -0.19722
0.42837 0.84073 -0.15753
0.42940 0.84274 -0.11800
0.43012 0.84417 -0.07860
0.43056 0.84502 -0.03928
0.43071 0.84531 0.00000
0.43056 0.84502 0.03928
0.43012 0.84417 0.07860
0.42940 0.84274 0.11800
0.42837 0.84073 0.15753
0.42705 0.83814 0.19722
0.42543 0.83495 0.23714
0.42350 0.83117 0.27731
0.42126 0.82677 0.31779
0.41870 0.82174 0.35863
0.41580 0.81606 0.39988
0.41256 0.80970 0.44159
0.40895 0.80262 0.48379
0.40496 0.79477 0.52655
0.40054 0.78611 0.56988
0.39566 0.77654 0.61382
0.39028 0.76597 0.65835
0.38433 0.75430 0.70346
0.37775 0.74137 0.74907
0.37045 0.72704 0.79506
0.36233 0.71111 0.84125
0.35330 0.69339 0.88738
0.34325 0.67366 0.93309
0.33206 0.65170 0.97796
0.31963 0.62730 1.02142
0.30587 0.60030 1.06283
0.29072 0.57056 1.10146
0.27414 0.53803 1.13653
0.25616 0.50274 1.16724
0.23684 0.46483 1.19282
0.21634 0.42459 1.21262
0.19483 0.38237 1.22613
0.17256 0.33867 1.23306
0.14982 0.29404 1.23337
0.12690 0.24906 1.22728
0.10411 0.20434 1.21526
0.08172 0.16039 1.19801
0.05997 0.11769 1.17637
0.03903 0.07659 1.15129
0.01902 0.03732 1.12375
0.00000 0.00000 -1.09472
0.01607 0.03880 -1.12375
0.03298 0.07962 -1.15129
0.05068 0.12235 -1.17637
0.06907 0.16674 -1.19801
0.08799 0.21243 -1.21526
0.10725 0.25893 -1.22728
0.12662 0.30568 -1.23337
0.14584 0.35208 -1.23306
0.16465 0.39751 -1.22613
0.18283 0.44140 -1.21262
0.20016 0.48324 -1.19282
0.21649 0.52264 -1.16724
0.23168 0.55933 -1.13653
0.24569 0.59315 -1.10146
0.25850 0.62407 -1.06283
0.27013 0.65214 -1.02142
0.28063 0.67750 -0.97796
0.29009 0.70033 -0.93309
0.29858 0.72085 -0.88738
0.30622 0.73927 -0.84125
0.31307 0.75583 -0.79506
0.31925 0.77073 -0.74907
0.32481 0.78416 -0.70346
0.32984 0.79630 -0.65835
0.33439 0.80728 -0.61382
0.33851 0.81723 -0.56988
0.34224 0.82624 -0.52655
0.34562 0.83440 -0.48379
0.34867 0.84176 -0.44159
0.35141 0.84837 -0.39988
0.35385 0.85428 -0.35863
0.35602 0.85951 -0.31779
0.35791 0.86408 -0.27731
0.35954 0.86801 -0.23714
0.36091 0.87132 -0.19722
0.36203 0.87402 -0.15753
0.36289 0.87610 -0.11800
0.36351 0.87759 -0.07860
0.36388 0.87848 -0.03928
0.36400 0.87878 0.00000
0.36388 0.87848 0.03928
0.36351 0.87759 0.07860
0.36289 0.87610 0.11800
0.36203 0.87402 0.15753
0.36091 0.87132 0.19722
0.35954 0.86801 0.23714
0.35791 0.86408 0.27731
0.35602 0.85951 0.31779
0.35385 0.85428 0.35863
0.35141 0.84837 0.39988
0.34867 0.84176 0.44159
0.34562 0.83440 0.48379
0.34224 0.82624 0.52655
0.33851 0.81723 0.56988
0.33439 0.80728 0.61382
0.32984 0.79630 0.65835
0.32481 0.78416 0.70346
0.31925 0.77073 0.74907
0.31307 0.75583 0.79506
0.30622 0.73927 0.84125
0.29858 0.72085 0.88738
0.29009 0.70033 0.93309
0.28063 0.67750 0.97796
0.27013 0.65214 1.02142
0.25850 0.62407 1.06283
0.24569 0.59315 1.10146
0.23168 0.55933 1.13653
0.21649 0.52264 1.16724
0.20016 0.48324 1.19282
0.18283 0.44140 1.21262
0.16465 0.39751 1.22613
0.14584 0.35208 1.23306
0.12662 0.30568 1.23337
0.10725 0.25893 1.22728
0.08799 0.21243 1.21526
0.06907 0.16674 1.19801
0.05068 0.12235 1.17637
0.03298 0.07962 1.15129
0.01607 0.03880 1.12375
0.00000 0.00000 -1.09472
0.01395 0.04292 -1.12375
0.02862 0.08808 -1.15129
0.04398 0.13535 -1.17637
0.05993 0.18445 -1.19801
0.07635 0.23498 -1.21526
0.09306 0.28642 -1.22728
0.10987 0.33814 -1.23337
0.12654 0.38946 -1.23306
0.14287 0.43972 -1.22613
0.15865 0.48827 -1.21262
0.17369 0.53455 -1.19282
0.18785 0.57814 -1.16724
0.20103 0.61872 -1.13653
0.21319 0.65614 -1.10146
0.22430 0.69034 -1.06283
0.23439 0.72139 -1.02142
0.24351 0.74944 -0.97796
0.25171 0.77469 -0.93309
0.25909 0.79739 -0.88738
0.26571 0.81777 -0.84125
0.27166 0.83608 -0.79506
0.27702 0.85257 -0.74907
0.28184 0.86743 -0.70346
0.28621 0.88085 -0.65835
0.29015 0.89300 -0.61382
0.29373 0.90401 -0.56988
0.29697 0.91398 -0.52655
0.29990 0.92300 -0.48379
0.30255 0.93114 -0.44159
0.30492 0.93846 -0.39988
0.30705 0.94499 -0.35863
0.30893 0.95077 -0.31779
0.31057 0.95583 -0.27731
0.31198 0.96018 -0.23714
0.31317 0.96384 -0.19722
0.31414 0.96682 -0.15753
0.31489 0.96913 -0.11800
0.31542 0.97078 -0.07860
0.31574 0.97176 -0.03928
0.31585 0.97209 0.00000
0.31574 0.97176 0.03928
0.31542 0.97078 0.07860
0.31489 0.96913 0.11800
0.31414 0.96682 0.15753
0.31317 0.96384 0.19722
0.31198 0.96018 0.23714
0.31057 0.95583 0.27731
0.30893 0.95077 0.31779
0.30705 0.94499 0.35863
0.30492 0.93846 0.39988
0.30255 0.93114 0.44159
0.29990 0.92300 0.48379
0.29697 0.91398 0.52655
0.29373 0.90401 0.56988
0.29015 0.89300 0.61382
0.28621 0.88085 0.65835
0.28184 0.86743 0.70346
0.27702 0.85257 0.74907
0.27166 0.83608 0.79506
0.26571 0.81777 0.84125
0.25909 0.79739 0.88738
0.25171 0.77469 0.93309
0.24351 0.74944 0.97796
0.23439 0.72139 1.02142
0.22430 0.69034 1.06283
0.21319 0.65614 1.10146
0.20103 0.61872 1.13653
0.18785 0.57814 1.16724
0.17369 0.53455 1.19282
0.15865 0.48827 1.21262
0.14287 0.43972 1.22613
0.12654 0.38946 1.23306
0.10987 0.33814 1.23337
0.09306 0.28642 1.22728
0.07635 0.23498 1.21526
0.05993 0.18445 1.19801
0.04398 0.13535 1.17637
0.02862 0.08808 1.15129
0.01395 0.04292 1.12375
0.00000 0.00000 -1.09472
0.01170 0.04872 -1.12375
0.02400 0.09997 -1.15129
0.03688 0.15362 -1.17637
0.05026 0.20936 -1.19801
0.06403 0.26671 -1.21526
0.07805 0.32509 -1.22728
0.09214 0.38380 -1.23337
0.10613 0.44205 -1.23306
0.11982 0.49909 -1.22613
0.13305 0.55419 -1.21262
0.14566 0.60673 -1.19282
0.15754 0.65620 -1.16724
0.16860 0.70227 -1.13653
0.17879 0.74473 -1.10146
0.18811 0.78355 -1.06283
0.19658 0.81880 -1.02142
0.20422 0.85064 -0.97796
0.21110 0.87930 -0.93309
0.21728 0.90506 -0.88738
0.22284 0.92819 -0.84125
0.22783 0.94898 -0.79506
0.23232 0.96769 -0.74907
0.23637 0.98455 -0.70346
0.24003 0.99979 -0.65835
0.24334 1.01358 -0.61382
0.24634 1.02607 -0.56988
0.24905 1.03739 -0.52655
0.25151 1.04763 -0.48379
0.25373 1.05687 -0.44159
0.25573 1.06517 -0.39988
0.25751 1.07259 -0.35863
0.25908 1.07915 -0.31779
0.26046 1.08489 -0.27731
0.26165 1.08983 -0.23714
0.26264 1.09399 -0.19722
0.26346 1.09737 -0.15753
0.26408 1.09999 -0.11800
0.26453 1.10186 -0.07860
0.26480 1.10298 -0.03928
0.26489 1.10335 0.00000
0.26480 1.10298 0.03928
0.26453 1.10186 0.07860
0.26408 1.09999 0.11800
0.26346 1.09737 0.15753
0.26264 1.09399 0.19722
0.26165 1.08983 0.23714
0.26046 1.08489 0.27731
0.25908 1.07915 0.31779
0.25751 1.07259 0.35863
0.25573 1.06517 0.39988
0.25373 1.05687 0.44159
0.25151 1.04763 0.48379
0.24905 1.03739 0.52655
0.24634 1.02607 0.56988
0.24334 1.01358 0.61382
0.24003 0.99979 0.65835
0.23637 0.98455 0.70346
0.23232 0.96769 0.74907
0.22783 0.94898 0.79506
0.22284 0.92819 0.84125
0.21728 0.90506 0.88738
0.21110 0.87930 0.93309
0.20422 0.85064 0.97796
0.19658 0.81880 1.02142
0.18811 0.78355 1.06283
0.17879 0.74473 1.10146
0.16860 0.70227 1.13653
0.15754 0.65620 1.16724
0.14566 0.60673 1.19282
0.13305 0.55419 1.21262
0.11982 0.49909 1.22613
0.10613 0.44205 1.23306
0.09214 0.38380 1.23337
0.07805 0.32509 1.22728
0.06403 0.26671 1.21526
0.05026 0.20936 1.19801
0.03688 0.15362 1.17637
0.02400 0.09997 1.15129
0.01170 0.04872 1.12375
0.00000 0.00000 -1.09472
0.00861 0.05439 -1.12375
0.01768 0.11161 -1.15129
0.02716 0.17150 -1.17637
0.03702 0.23373 -1.19801
0.04716 0.29776 -1.21526
0.05748 0.36294 -1.22728
0.06786 0.42847 -1.23337
0.07816 0.49351 -1.23306
0.08825 0.55719 -1.22613
0.09799 0.61871 -1.21262
0.10728 0.67736 -1.19282
0.11603 0.73259 -1.16724
0.12418 0.78401 -1.13653
0.13168 0.83142 -1.10146
0.13855 0.87476 -1.06283
0.14478 0.91411 -1.02142
0.15041 0.94966 -0.97796
0.15548 0.98166 -0.93309
0.16003 1.01041 -0.88738
0.16412 1.03624 -0.84125
0.16780 1.05945 -0.79506
0.17111 1.08033 -0.74907
0.17409 1.09917 -0.70346
0.17679 1.11618 -0.65835
0.17922 1.13157 -0.61382
0.18143 1.14552 -0.56988
0.18343 1.15815 -0.52655
0.18524 1.16958 -0.48379
0.18688 1.17990 -0.44159
0.18835 1.18917 -0.39988
0.18966 1.19745 -0.35863
0.19082 1.20478 -0.31779
0.19183 1.21119 -0.27731
0.19271 1.21670 -0.23714
0.19344 1.22134 -0.19722
0.19404 1.22511 -0.15753
0.19450 1.22804 -0.11800
0.19483 1.23012 -0.07860
0.19503 1.23137 -0.03928
0.19510 1.23179 0.00000
0.19503 1.23137 0.03928
0.19483 1.23012 0.07860
0.19450 1.22804 0.11800
0.19404 1.22511 0.15753
0.19344 1.22134 0.19722
0.19271 1.21670 0.23714
0.19183 1.21119 0.27731
0.19082 1.20478 0.31779
0.18966 1.19745 0.35863
0.18835 1.18917 0.39988
0.18688 1.17990 0.44159
0.18524 1.16958 0.48379
0.18343 1.15815 0.52655
0.18143 1.14552 0.56988
0.17922 1.13157 0.61382
0.17679 1.11618 0.65835
0.17409 1.09917 0.70346
0.17111 1.08033 0.74907
0.16780 1.05945 0.79506
0.16412 1.03624 0.84125
0.16003 1.01041 0.88738
0.15548 0.98166 0.93309
0.15041 0.94966 0.97796
0.14478 0.91411 1.02142
0.13855 0.87476 1.06283
0.13168 0.83142 1.10146
0.12418 0.78401 1.13653
0.11603 0.73259 1.16724
0.10728 0.67736 1.19282
0.09799 0.61871 1.21262
0.08825 0.55719 1.22613
0.07816 0.49351 1.23306
0.06786 0.42847 1.23337
0.05748 0.36294 1.22728
0.04716 0.29776 1.21526
0.03702 0.23373 1.19801
0.02716 0.17150 1.17637
0.01768 0.11161 1.15129
0.00861 0.05439 1.12375
0.00000 0.00000 -1.09472
0.00454 0.05763 -1.12375
0.00931 0.11827 -1.15129
0.01430 0.18174 -1.17637
0.01949 0.24767 -1.19801
0.02483 0.31553 -1.21526
0.03027 0.38459 -1.22728
0.03573 0.45404 -1.23337
0.04116 0.52296 -1.23306
0.04647 0.59044 -1.22613
0.05160 0.65562 -1.21262
0.05649 0.71777 -1.19282
0.06110 0.77630 -1.16724
0.06538 0.83079 -1.13653
0.06934 0.88103 -1.10146
0.07295 0.92695 -1.06283
0.07623 0.96865 -1.02142
0.07920 1.00632 -0.97796
0.08187 1.04023 -0.93309
0.08427 1.07070 -0.88738
0.08642 1.09806 -0.84125
0.08835 1.12266 -0.79506
0.09010 1.14479 -0.74907
0.09167 1.16475 -0.70346
0.09309 1.18277 -0.65835
0.09437 1.19909 -0.61382
0.09553 1.21386 -0.56988
0.09659 1.22725 -0.52655
0.09754 1.23936 -0.48379
0.09840 1.25029 -0.44159
0.09917 1.26012 -0.39988
0.09986 1.26889 -0.35863
0.10048 1.27666 -0.31779
0.10101 1.28345 -0.27731
0.10147 1.28929 -0.23714
0.10186 1.29421 -0.19722
0.10217 1.29821 -0.15753
0.10242 1.30131 -0.11800
0.10259 1.30352 -0.07860
0.10269 1.30484 -0.03928
0.10273 1.30528 0.00000
0.10269 1.30484 0.03928
0.10259 1.30352 0.07860
0.10242 1.30131 0.11800
0.10217 1.29821 0.15753
0.10186 1.29421 0.19722
0.10147 1.28929 0.23714
0.10101 1.28345 0.27731
0.10048 1.27666 0.31779
0.09986 1.26889 0.35863
0.09917 1.26012 0.39988
0.09840 1.25029 0.44159
0.09754 1.23936 0.48379
0.09659 1.22725 0.52655
0.09553 1.21386 0.56988
0.09437 1.19909 0.61382
0.09309 1.18277 0.65835
0.09167 1.16475 0.70346
0.09010 1.14479 0.74907
0.08835 1.12266 0.79506
0.08642 1.09806 0.84125
0.08427 1.07070 0.88738
0.08187 1.04023 0.93309
0.07920 1.00632 0.97796
0.07623 0.96865 1.02142
0.07295 0.92695 1.06283
0.06934 0.88103 1.10146
0.06538 0.83079 1.13653
0.06110 0.77630 1.16724
0.05649 0.71777 1.19282
0.05160 0.65562 1.21262
0.04647 0.59044 1.22613
0.04116 0.52296 1.23306
0.03573 0.45404 1.23337
0.03027 0.38459 1.22728
0.02483 0.31553 1.21526
0.01949 0.24767 1.19801
0.01430 0.18174 1.17637
0.00931 0.11827 1.15129
0.00454 0.05763 1.12375
0.00000 0.00000 -1.09472
0.00000 0.05737 -1.12375
0.00000 0.11773 -1.15129
0.00000 0.18091 -1.17637
0.00000 0.24655 -1.19801
0.00000 0.31410 -1.21526
0.00000 0.38285 -1.22728
0.00000 0.45198 -1.23337
0.00000 0.52059 -1.23306
0.00000 0.58776 -1.22613
0.00000 0.65265 -1.21262
0.00000 0.71452 -1.19282
0.00000 0.77278 -1.16724
0.00000 0.82703 -1.13653
0.00000 0.87704 -1.10146
0.00000 0.92275 -1.06283
0.00000 0.96426 -1.02142
0.00000 1.00176 -0.97796
0.00000 1.03551 -0.93309
0.00000 1.06584 -0.88738
0.00000 1.09309 -0.84125
0.00000 1.11757 -0.79506
0.00000 1.13960 -0.74907
0.00000 1.15947 -0.70346
0.00000 1.17741 -0.65835
0.00000 1.19365 -0.61382
0.00000 1.20836 -0.56988
0.00000 1.22169 -0.52655
0.00000 1.23374 -0.48379
0.00000 1.24463 -0.44159
0.00000 1.25441 -0.39988
0.00000 1.26314 -0.35863
0.00000 1.27087 -0.31779
0.00000 1.27763 -0.27731
0.00000 1.28345 -0.23714
0.00000 1.28834 -0.19722
0.00000 1.29233 -0.15753
0.00000 1.29541 -0.11800
0.00000 1.29761 -0.07860
0.00000 1.29893 -0.03928
0.00000 1.29936 0.00000
0.00000 1.29893 0.03928
0.00000 1.29761 0.07860
0.00000 1.29541 0.11800
0.00000 1.29233 0.15753
0.00000 1.28834 0.19722
0.00000 1.28345 0.23714
0.00000 1.27763 0.27731
0.00000 1.27087 0.31779
0.00000 1.26314 0.35863
0.00000 1.25441 0.39988
0.00000 1.24463 0.44159
0.00000 1.23374 0.48379
0.00000 1.22169 0.52655
0.00000 1.20836 0.56988
0.00000 1.19365 0.61382
0.00000 1.17741 0.65835
0.00000 1.15947 0.70346
0.00000 1.13960 0.74907
0.00000 1.11757 0.79506
0.00000 1.09309 0.84125
0.00000 1.06584 0.88738
0.00000 1.03551 0.93309
0.00000 1.00176 0.97796
0.00000 0.96426 1.02142
0.00000 0.92275 1.06283
0.00000 0.87704 1.10146
0.00000 0.82703 1.13653
0.00000 0.77278 1.16724
0.00000 0.71452 1.19282
0.00000 0.65265 1.21262
0.00000 0.58776 1.22613
0.00000 0.52059 1.23306
0.00000 0.45198 1.23337
0.00000 0.38285 1.22728
0.00000 0.31410 1.21526
0.00000 0.24655 1.19801
0.00000 0.18091 1.17637
0.00000 0.11773 1.15129
0.00000 0.05737 1.12375
-0.00000 0.00000 -1.09472
-0.00429 0.05455 -1.12375
-0.00881 0.11195 -1.15129
-0.01354 0.17202 -1.17637
-0.01845 0.23443 -1.19801
-0.02350 0.29866 -1.21526
-0.02865 0.36403 -1.22728
-0.03382 0.42976 -1.23337
-0.03896 0.49500 -1.23306
-0.04398 0.55887 -1.22613
-0.04884 0.62057 -1.21262
-0.05347 0.67940 -1.19282
-0.05783 0.73479 -1.16724
-0.06189 0.78638 -1.13653
-0.06563 0.83393 -1.10146
-0.06905 0.87740 -1.06283
-0.07216 0.91686 -1.02142
-0.07496 0.95252 -0.97796
-0.07749 0.98461 -0.93309
-0.07976 1.01345 -0.88738
-0.08180 1.03936 -0.84125
-0.08363 1.06264 -0.79506
-0.08528 1.08359 -0.74907
-0.08677 1.10247 -0.70346
-0.08811 1.11954 -0.65835
-0.08932 1.13498 -0.61382
-0.09043 1.14897 -0.56988
-0.09142 1.16164 -0.52655
-0.09233 1.17310 -0.48379
-0.09314 1.18345 -0.44159
-0.09387 1.19275 -0.39988
-0.09452 1.20105 -0.35863
-0.09510 1.20840 -0.31779
-0.09561 1.21483 -0.27731
-0.09604 1.22036 -0.23714
-0.09641 1.22501 -0.19722
-0.09671 1.22880 -0.15753
-0.09694 1.23174 -0.11800
-0.09710 1.23383 -0.07860
-0.09720 1.23508 -0.03928
-0.09724 1.23550 0.00000
-0.09720 1.23508 0.03928
-0.09710 1.23383 0.07860
-0.09694 1.23174 0.11800
-0.09671 1.22880 0.15753
-0.09641 1.22501 0.19722
-0.09604 1.22036 0.23714
-0.09561 1.21483 0.27731
-0.09510 1.20840 0.31779
-0.09452 1.20105 0.35863
-0.09387 1.19275 0.39988
-0.09314 1.18345 0.44159
-0.09233 1.17310 0.48379
-0.09142 1.16164 0.52655
-0.09043 1.14897 0.56988
-0.08932 1.13498 0.61382
-0.08811 1.11954 0.65835
-0.08677 1.10247 0.70346
-0.08528 1.08359 0.74907
-0.08363 1.06264 0.79506
-0.08180 1.03936 0.84125
-0.07976 1.01345 0.88738
-0.07749 0.98461 0.93309
-0.07496 0.95252 0.97796
-0.07216 0.91686 1.02142
-0.06905 0.87740 1.06283
-0.06563 0.83393 1.10146
-0.06189 0.78638 1.13653
-0.05783 0.73479 1.16724
-0.05347 0.67940 1.19282
-0.04884 0.62057 1.21262
-0.04398 0.55887 1.22613
-0.03896 0.49500 1.23306
-0.03382 0.42976 1.23337
-0.02865 0.36403 1.22728
-0.02350 0.29866 1.21526
-0.01845 0.23443 1.19801
-0.01354 0.17202 1.17637
-0.00881 0.11195 1.15129
-0.00429 0.05455 1.12375
-0.00000 0.00000 -1.09472
-0.00805 0.05081 -1.12375
-0.01652 0.10428 -1.15129
-0.02538 0.16024 -1.17637
-0.03459 0.21838 -1.19801
-0.04406 0.27821 -1.21526
-0.05371 0.33910 -1.22728
-0.06341 0.40033 -1.23337
-0.07303 0.46110 -1.23306
-0.08245 0.52060 -1.22613
-0.09156 0.57807 -1.21262
-0.10024 0.63287 -1.19282
-0.10841 0.68448 -1.16724
-0.11602 0.73253 -1.13653
-0.12304 0.77682 -1.10146
-0.12945 0.81731 -1.06283
-0.13527 0.85408 -1.02142
-0.14053 0.88729 -0.97796
-0.14527 0.91719 -0.93309
-0.14952 0.94405 -0.88738
-0.15335 0.96818 -0.84125
-0.15678 0.98987 -0.79506
-0.15987 1.00938 -0.74907
-0.16266 1.02698 -0.70346
-0.16518 1.04287 -0.65835
-0.16745 1.05726 -0.61382
-0.16952 1.07029 -0.56988
-0.17139 1.08209 -0.52655
-0.17308 1.09277 -0.48379
-0.17460 1.10241 -0.44159
-0.17598 1.11107 -0.39988
-0.17720 1.11881 -0.35863
-0.17829 1.12565 -0.31779
-0.17923 1.13164 -0.27731
-0.18005 1.13679 -0.23714
-0.18074 1.14113 -0.19722
-0.18130 1.14465 -0.15753
-0.18173 1.14739 -0.11800
-0.18204 1.14934 -0.07860
-0.18222 1.15050 -0.03928
-0.18228 1.15089 0.00000
-0.18222 1.15050 0.03928
-0.18204 1.14934 0.07860
-0.18173 1.14739 0.11800
-0.18130 1.14465 0.15753
-0.18074 1.14113 0.19722
-0.18005 1.13679 0.23714
-0.17923 1.13164 0.27731
-0.17829 1.12565 0.31779
-0.17720 1.11881 0.35863
-0.17598 1.11107 0.39988
-0.17460 1.10241 0.44159
-0.17308 1.09277 0.48379
-0.17139 1.08209 0.52655
-0.16952 1.07029 0.56988
-0.16745 1.05726 0.61382
-0.16518 1.04287 0.65835
-0.16266 1.02698 0.70346
-0.15987 1.00938 0.74907
-0.15678 0.98987 0.79506
-0.15335 0.96818 0.84125
-0.14952 0.94405 0.88738
-0.14527 0.91719 0.93309
-0.14053 0.88729 0.97796
-0.13527 0.85408 1.02142
-0.12945 0.81731 1.06283
-0.12304 0.77682 1.10146
-0.11602 0.73253 1.13653
-0.10841 0.68448 1.16724
-0.10024 0.63287 1.19282
-0.09156 0.57807 1.21262
-0.08245 0.52060 1.22613
-0.07303 0.46110 1.23306
-0.06341 0.40033 1.23337
-0.05371 0.33910 1.22728
-0.04406 0.27821 1.21526
-0.03459 0.21838 1.19801
-0.02538 0.16024 1.17637
-0.01652 0.10428 1.15129
-0.00805 0.05081 1.12375
-0.00000 0.00000 -1.09472
-0.01134 0.04723 -1.12375
-0.02327 0.09692 -1.15129
-0.03575 0.14892 -1.17637
-0.04873 0.20295 -1.19801
-0.06207 0.25856 -1.21526
-0.07566 0.31515 -1.22728
-0.08932 0.37206 -1.23337
-0.10288 0.42854 -1.23306
-0.11616 0.48383 -1.22613
-0.12898 0.53725 -1.21262
-0.14121 0.58818 -1.19282
-0.15272 0.63614 -1.16724
-0.16344 0.68079 -1.13653
-0.17333 0.72196 -1.10146
-0.18236 0.75959 -1.06283
-0.19057 0.79376 -1.02142
-0.19798 0.82463 -0.97796
-0.20465 0.85241 -0.93309
-0.21064 0.87738 -0.88738
-0.21602 0.89981 -0.84125
-0.22086 0.91996 -0.79506
-0.22522 0.93810 -0.74907
-0.22914 0.95445 -0.70346
-0.23269 0.96922 -0.65835
-0.23590 0.98259 -0.61382
-0.23881 0.99470 -0.56988
-0.24144 1.00567 -0.52655
-0.24382 1.01559 -0.48379
-0.24597 1.02455 -0.44159
-0.24791 1.03260 -0.39988
-0.24963 1.03979 -0.35863
-0.25116 1.04616 -0.31779
-0.25250 1.05172 -0.27731
-0.25365 1.05651 -0.23714
-0.25461 1.06054 -0.19722
-0.25540 1.06382 -0.15753
-0.25601 1.06636 -0.11800
-0.25644 1.06817 -0.07860
-0.25670 1.06925 -0.03928
-0.25679 1.06961 0.00000
-0.25670 1.06925 0.03928
-0.25644 1.06817 0.07860
-0.25601 1.06636 0.11800
-0.25540 1.06382 0.15753
-0.25461 1.06054 0.19722
-0.25365 1.05651 0.23714
-0.25250 1.05172 0.27731
-0.25116 1.04616 0.31779
-0.24963 1.03979 0.35863
-0.24791 1.03260 0.39988
-0.24597 1.02455 0.44159
-0.24382 1.01559 0.48379
-0.24144 1.00567 0.52655
-0.23881 0.99470 0.56988
-0.23590 0.98259 0.61382
-0.23269 0.96922 0.65835
-0.22914 0.95445 0.70346
-0.22522 0.93810 0.74907
-0.22086 0.91996 0.79506
-0.21602 0.89981 0.84125
-0.21064 0.87738 0.88738
-0.20465 0.85241 0.93309
-0.19798 0.82463 0.97796
-0.19057 0.79376 1.02142
-0.18236 0.75959 1.06283
-0.17333 0.72196 1.10146
-0.16344 0.68079 1.13653
-0.15272 0.63614 1.16724
-0.14121 0.58818 1.19282
-0.12898 0.53725 1.21262
-0.11616 0.48383 1.22613
-0.10288 0.42854 1.23306
-0.08932 0.37206 1.23337
-0.07566 0.31515 1.22728
-0.06207 0.25856 1.21526
-0.04873 0.20295 1.19801
-0.03575 0.14892 1.17637
-0.02327 0.09692 1.15129
-0.01134 0.04723 1.12375
-0.00000 0.00000 -1.09472
-0.01434 0.04415 -1.12375
-0.02944 0.09060 -1.15129
-0.04524 0.13922 -1.17637
-0.06165 0.18973 -1.19801
-0.07854 0.24171 -1.21526
-0.09573 0.29462 -1.22728
-0.11301 0.34782 -1.23337
-0.13017 0.40061 -1.23306
-0.14696 0.45230 -1.22613
-0.16319 0.50224 -1.21262
-0.17866 0.54985 -1.19282
-0.19322 0.59468 -1.16724
-0.20679 0.63643 -1.13653
-0.21929 0.67492 -1.10146
-0.23072 0.71010 -1.06283
-0.24110 0.74204 -1.02142
-0.25048 0.77089 -0.97796
-0.25892 0.79687 -0.93309
-0.26650 0.82021 -0.88738
-0.27331 0.84117 -0.84125
-0.27944 0.86001 -0.79506
-0.28494 0.87697 -0.74907
-0.28991 0.89226 -0.70346
-0.29440 0.90607 -0.65835
-0.29846 0.91856 -0.61382
-0.30214 0.92988 -0.56988
-0.30547 0.94014 -0.52655
-0.30848 0.94942 -0.48379
-0.31120 0.95779 -0.44159
-0.31365 0.96532 -0.39988
-0.31583 0.97204 -0.35863
-0.31777 0.97799 -0.31779
-0.31946 0.98319 -0.27731
-0.32091 0.98767 -0.23714
-0.32214 0.99143 -0.19722
-0.32313 0.99450 -0.15753
-0.32390 0.99687 -0.11800
-0.32445 0.99856 -0.07860
-0.32478 0.99958 -0.03928
-0.32489 0.99991 0.00000
-0.32478 0.99958 0.03928
-0.32445 0.99856 0.07860
-0.32390 0.99687 0.11800
-0.32313 0.99450 0.15753
-0.32214 0.99143 0.19722
-0.32091 0.98767 0.23714
-0.31946 0.98319 0.27731
-0.31777 0.97799 0.31779
-0.31583 0.97204 0.35863
-0.31365 0.96532 0.39988
-0.31120 0.95779 0.44159
-0.30848 0.94942 0.48379
-0.30547 0.94014 0.52655
-0.30214 0.92988 0.56988
-0.29846 0.91856 0.61382
-0.29440 0.90607 0.65835
-0.28991 0.89226 0.70346
-0.28494 0.87697 0.74907
-0.27944 0.86001 0.79506
-0.27331 0.84117 0.84125
-0.26650 0.82021 0.88738
-0.25892 0.79687 0.93309
-0.25048 0.77089 0.97796
-0.24110 0.74204 1.02142
-0.23072 0.71010 1.06283
-0.21929 0.67492 1.10146
-0.20679 0.63643 1.13653
-0.19322 0.59468 1.16724
-0.17866 0.54985 1.19282
-0.16319 0.50224 1.21262
-0.14696 0.45230 1.22613
-0.13017 0.40061 1.23306
-0.11301 0.34782 1.23337
-0.09573 0.29462 1.22728
-0.07854 0.24171 1.21526
-0.06165 0.18973 1.19801
-0.04524 0.13922 1.17637
-0.02944 0.09060 1.15129
-0.01434 0.04415 1.12375
-0.00000 0.00000 -1.09472
-0.01723 0.04159 -1.12375
-0.03535 0.08535 -1.15129
-0.05433 0.13115 -1.17637
-0.07404 0.17874 -1.19801
-0.09432 0.22770 -1.21526
-0.11496 0.27755 -1.22728
-0.13572 0.32766 -1.23337
-0.15632 0.37740 -1.23306
-0.17650 0.42610 -1.22613
-0.19598 0.47314 -1.21262
-0.21456 0.51799 -1.19282
-0.23205 0.56023 -1.16724
-0.24834 0.59956 -1.13653
-0.26336 0.63581 -1.10146
-0.27709 0.66895 -1.06283
-0.28955 0.69904 -1.02142
-0.30081 0.72623 -0.97796
-0.31095 0.75070 -0.93309
-0.32006 0.77269 -0.88738
-0.32824 0.79244 -0.84125
-0.33559 0.81018 -0.79506
-0.34221 0.82616 -0.74907
-0.34817 0.84056 -0.70346
-0.35356 0.85357 -0.65835
-0.35844 0.86534 -0.61382
-0.36285 0.87600 -0.56988
-0.36685 0.88566 -0.52655
-0.37048 0.89441 -0.48379
-0.37374 0.90230 -0.44159
-0.37668 0.90939 -0.39988
-0.37930 0.91572 -0.35863
-0.38162 0.92132 -0.31779
-0.38365 0.92622 -0.27731
-0.38540 0.93044 -0.23714
-0.38687 0.93399 -0.19722
-0.38807 0.93687 -0.15753
-0.38899 0.93911 -0.11800
-0.38965 0.94071 -0.07860
-0.39005 0.94166 -0.03928
-0.39018 0.94198 0.00000
-0.39005 0.94166 0.03928
-0.38965 0.94071 0.07860
-0.38899 0.93911 0.11800
-0.38807 0.93687 0.15753
-0.38687 0.93399 0.19722
-0.38540 0.93044 0.23714
-0.38365 0.92622 0.27731
-0.38162 0.92132 0.31779
-0.37930 0.91572 0.35863
-0.37668 0.90939 0.39988
-0.37374 0.90230 0.44159
-0.37048 0.89441 0.48379
-0.36685 0.88566 0.52655
-0.36285 0.87600 0.56988
-0.35844 0.86534 0.61382
-0.35356 0.85357 0.65835
-0.34817 0.84056 0.70346
-0.34221 0.82616 0.74907
-0.33559 0.81018 0.79506
-0.32824 0.79244 0.84125
-0.32006 0.77269 0.88738
-0.31095 0.75070 0.93309
-0.30081 0.72623 0.97796
-0.28955 0.69904 1.02142
-0.27709 0.66895 1.06283
-0.26336 0.63581 1.10146
-0.24834 0.59956 1.13653
-0.23205 0.56023 1.16724
-0.21456 0.51799 1.19282
-0.19598 0.47314 1.21262
-0.17650 0.42610 1.22613
-0.15632 0.37740 1.23306
-0.13572 0.32766 1.23337
-0.11496 0.27755 1.22728
-0.09432 0.22770 1.21526
-0.07404 0.17874 1.19801
-0.05433 0.13115 1.17637
-0.03535 0.08535 1.15129
-0.01723 0.04159 1.12375
-0.00000 0.00000 -1.09472
-0.02011 0.03946 -1.12375
-0.04126 0.08098 -1.15129
-0.06341 0.12444 -1.17637
-0.08641 0.16959 -1.19801
-0.11008 0.21605 -1.21526
-0.13418 0.26334 -1.22728
-0.15841 0.31089 -1.23337
-0.18245 0.35808 -1.23306
-0.20600 0.40429 -1.22613
-0.22874 0.44892 -1.21262
-0.25042 0.49148 -1.19282
-0.27084 0.53155 -1.16724
-0.28985 0.56887 -1.13653
-0.30738 0.60327 -1.10146
-0.32340 0.63471 -1.06283
-0.33795 0.66326 -1.02142
-0.35109 0.68905 -0.97796
-0.36292 0.71227 -0.93309
-0.37355 0.73314 -0.88738
-0.38310 0.75187 -0.84125
-0.39168 0.76871 -0.79506
-0.39940 0.78387 -0.74907
-0.40636 0.79753 -0.70346
-0.41265 0.80988 -0.65835
-0.41834 0.82105 -0.61382
-0.42350 0.83117 -0.56988
-0.42817 0.84033 -0.52655
-0.43240 0.84863 -0.48379
-0.43621 0.85611 -0.44159
-0.43964 0.86284 -0.39988
-0.44270 0.86885 -0.35863
-0.44541 0.87416 -0.31779
-0.44778 0.87881 -0.27731
-0.44982 0.88281 -0.23714
-0.45153 0.88618 -0.19722
-0.45293 0.88892 -0.15753
-0.45401 0.89104 -0.11800
-0.45478 0.89255 -0.07860
-0.45524 0.89346 -0.03928
-0.45539 0.89376 0.00000
-0.45524 0.89346 0.03928
-0.45478 0.89255 0.07860
-0.45401 0.89104 0.11800
-0.45293 0.88892 0.15753
-0.45153 0.88618 0.19722
-0.44982 0.88281 0.23714
-0.44778 0.87881 0.27731
-0.44541 0.87416 0.31779
-0.44270 0.86885 0.35863
-0.43964 0.86284 0.39988
-0.43621 0.85611 0.44159
-0.43240 0.84863 0.48379
-0.42817 0.84033 0.52655
-0.42350 0.83117 0.56988
-0.41834 0.82105 0.61382
-0.41265 0.80988 0.65835
-0.40636 0.79753 0.70346
-0.39940 0.78387 0.74907
-0.39168 0.76871 0.79506
-0.38310 0.75187 0.84125
-0.37355 0.73314 0.88738
-0.36292 0.71227 0.93309
-0.35109 0.68905 0.97796
-0.33795 0.66326 1.02142
-0.32340 0.63471 1.06283
-0.30738 0.60327 1.10146
-0.28985 0.56887 1.13653
-0.27084 0.53155 1.16724
-0.25042 0.49148 1.19282
-0.22874 0.44892 1.21262
-0.20600 0.40429 1.22613
-0.18245 0.35808 1.23306
-0.15841 0.31089 1.23337
-0.13418 0.26334 1.22728
-0.11008 0.21605 1.21526
-0.08641 0.16959 1.19801
-0.06341 0.12444 1.17637
-0.04126 0.08098 1.15129
-0.02011 0.03946 1.12375
-0.00000 0.00000 -1.09472
-0.02309 0.03768 -1.12375
-0.04738 0.07732 -1.15129
-0.07280 0.11881 -1.17637
-0.09922 0.16191 -1.19801
-0.12640 0.20627 -1.21526
-0.15407 0.25142 -1.22728
-0.18189 0.29682 -1.23337
-0.20950 0.34187 -1.23306
-0.23653 0.38598 -1.22613
-0.26265 0.42860 -1.21262
-0.28754 0.46923 -1.19282
-0.31099 0.50749 -1.16724
-0.33282 0.54311 -1.13653
-0.35295 0.57595 -1.10146
-0.37134 0.60598 -1.06283
-0.38805 0.63323 -1.02142
-0.40314 0.65786 -0.97796
-0.41672 0.68003 -0.93309
-0.42893 0.69994 -0.88738
-0.43989 0.71783 -0.84125
-0.44974 0.73391 -0.79506
-0.45861 0.74838 -0.74907
-0.46660 0.76143 -0.70346
-0.47383 0.77321 -0.65835
-0.48036 0.78388 -0.61382
-0.48628 0.79354 -0.56988
-0.49164 0.80229 -0.52655
-0.49649 0.81020 -0.48379
-0.50087 0.81735 -0.44159
-0.50481 0.82377 -0.39988
-0.50832 0.82951 -0.35863
-0.51144 0.83459 -0.31779
-0.51416 0.83903 -0.27731
-0.51650 0.84285 -0.23714
-0.51847 0.84606 -0.19722
-0.52007 0.84868 -0.15753
-0.52131 0.85070 -0.11800
-0.52220 0.85215 -0.07860
-0.52273 0.85301 -0.03928
-0.52290 0.85330 0.00000
-0.52273 0.85301 0.03928
-0.52220 0.85215 0.07860
-0.52131 0.85070 0.11800
-0.52007 0.84868 0.15753
-0.51847 0.84606 0.19722
-0.51650 0.84285 0.23714
-0.51416 0.83903 0.27731
-0.51144 0.83459 0.31779
-0.50832 0.82951 0.35863
-0.50481 0.82377 0.39988
-0.50087 0.81735 0.44159
-0.49649 0.81020 0.48379
-0.49164 0.80229 0.52655
-0.48628 0.79354 0.56988
-0.48036 0.78388 0.61382
-0.47383 0.77321 0.65835
-0.46660 0.76143 0.70346
-0.45861 0.74838 0.74907
-0.44974 0.73391 0.79506
-0.43989 0.71783 0.84125
-0.42893 0.69994 0.88738
-0.41672 0.68003 0.93309
-0.40314 0.65786 0.97796
-0.38805 0.63323 1.02142
-0.37134 0.60598 1.06283
-0.35295 0.57595 1.10146
-0.33282 0.54311 1.13653
-0.31099 0.50749 1.16724
-0.28754 0.46923 1.19282
-0.26265 0.42860 1.21262
-0.23653 0.38598 1.22613
-0.20950 0.34187 1.23306
-0.18189 0.29682 1.23337
-0.15407 0.25142 1.22728
-0.12640 0.20627 1.21526
-0.09922 0.16191 1.19801
-0.07280 0.11881 1.17637
-0.04738 0.07732 1.15129
-0.02309 0.03768 1.12375
-0.00000 0.00000 -1.09472
-0.02628 0.03617 -1.12375
-0.05392 0.07422 -1.15129
-0.08286 0.11405 -1.17637
-0.11292 0.15542 -1.19801
-0.14386 0.19800 -1.21526
-0.17535 0.24134 -1.22728
-0.20701 0.28492 -1.23337
-0.23843 0.32817 -1.23306
-0.26920 0.37052 -1.22613
-0.29892 0.41142 -1.21262
-0.32725 0.45042 -1.19282
-0.35393 0.48715 -1.16724
-0.37878 0.52135 -1.13653
-0.40169 0.55287 -1.10146
-0.42262 0.58169 -1.06283
-0.44163 0.60786 -1.02142
-0.45881 0.63149 -0.97796
-0.47427 0.65277 -0.93309
-0.48816 0.67189 -0.88738
-0.50064 0.68907 -0.84125
-0.51185 0.70450 -0.79506
-0.52194 0.71839 -0.74907
-0.53104 0.73091 -0.70346
-0.53926 0.74223 -0.65835
-0.54670 0.75246 -0.61382
-0.55343 0.76173 -0.56988
-0.55954 0.77013 -0.52655
-0.56506 0.77774 -0.48379
-0.57004 0.78460 -0.44159
-0.57452 0.79076 -0.39988
-0.57852 0.79627 -0.35863
-0.58206 0.80114 -0.31779
-0.58516 0.80540 -0.27731
-0.58782 0.80907 -0.23714
-0.59006 0.81215 -0.19722
-0.59189 0.81466 -0.15753
-0.59330 0.81661 -0.11800
-0.59431 0.81799 -0.07860
-0.59491 0.81882 -0.03928
-0.59511 0.81910 0.00000
-0.59491 0.81882 0.03928
-0.59431 0.81799 0.07860
-0.59330 0.81661 0.11800
-0.59189 0.81466 0.15753
-0.59006 0.81215 0.19722
-0.58782 0.80907 0.23714
-0.58516 0.80540 0.27731
-0.58206 0.80114 0.31779
-0.57852 0.79627 0.35863
-0.57452 0.79076 0.39988
-0.57004 0.78460 0.44159
-0.56506 0.77774 0.48379
-0.55954 0.77013 0.52655
-0.55343 0.76173 0.56988
-0.54670 0.75246 0.61382
-0.53926 0.74223 0.65835
-0.53104 0.73091 0.70346
-0.52194 0.71839 0.74907
-0.51185 0.70450 0.79506
-0.50064 0.68907 0.84125
-0.48816 0.67189 0.88738
-0.47427 0.65277 0.93309
-0.45881 0.63149 0.97796
-0.44163 0.60786 1.02142
-0.42262 0.58169 1.06283
-0.40169 0.55287 1.10146
-0.37878 0.52135 1.13653
-0.35393 0.48715 1.16724
-0.32725 0.45042 1.19282
-0.29892 0.41142 1.21262
-0.26920 0.37052 1.22613
-0.23843 0.32817 1.23306
-0.20701 0.28492 1.23337
-0.17535 0.24134 1.22728
-0.14386 0.19800 1.21526
-0.11292 0.15542 1.19801
-0.08286 0.11405 1.17637
-0.05392 0.07422 1.15129
-0.02628 0.03617 1.12375
-0.00000 0.00000 -1.09472
-0.02979 0.03488 -1.12375
-0.06114 0.07158 -1.15129
-0.09395 0.11000 -1.17637
-0.12803 0.14991 -1.19801
-0.16311 0.19098 -1.21526
-0.19881 0.23278 -1.22728
-0.23471 0.27481 -1.23337
-0.27034 0.31653 -1.23306
-0.30522 0.35737 -1.22613
-0.33892 0.39683 -1.21262
-0.37105 0.43444 -1.19282
-0.40131 0.46987 -1.16724
-0.42948 0.50285 -1.13653
-0.45545 0.53326 -1.10146
-0.47919 0.56106 -1.06283
-0.50074 0.58629 -1.02142
-0.52021 0.60909 -0.97796
-0.53774 0.62962 -0.93309
-0.55349 0.64806 -0.88738
-0.56764 0.66462 -0.84125
-0.58036 0.67951 -0.79506
-0.59180 0.69291 -0.74907
-0.60211 0.70498 -0.70346
-0.61143 0.71590 -0.65835
-0.61987 0.72577 -0.61382
-0.62750 0.73471 -0.56988
-0.63442 0.74281 -0.52655
-0.64069 0.75015 -0.48379
-0.64634 0.75676 -0.44159
-0.65142 0.76271 -0.39988
-0.65595 0.76802 -0.35863
-0.65997 0.77272 -0.31779
-0.66348 0.77683 -0.27731
-0.66650 0.78037 -0.23714
-0.66904 0.78334 -0.19722
-0.67111 0.78576 -0.15753
-0.67271 0.78764 -0.11800
-0.67385 0.78898 -0.07860
-0.67453 0.78978 -0.03928
-0.67476 0.79004 0.00000
-0.67453 0.78978 0.03928
-0.67385 0.78898 0.07860
-0.67271 0.78764 0.11800
-0.67111 0.78576 0.15753
-0.66904 0.78334 0.19722
-0.66650 0.78037 0.23714
-0.66348 0.77683 0.27731
-0.65997 0.77272 0.31779
-0.65595 0.76802 0.35863
-0.65142 0.76271 0.39988
-0.64634 0.75676 0.44159
-0.64069 0.75015 0.48379
-0.63442 0.74281 0.52655
-0.62750 0.73471 0.56988
-0.61987 0.72577 0.61382
-0.61143 0.71590 0.65835
-0.60211 0.70498 0.70346
-0.59180 0.69291 0.74907
-0.58036 0.67951 0.79506
-0.56764 0.66462 0.84125
-0.55349 0.64806 0.88738
-0.53774 0.62962 0.93309
-0.52021 0.60909 0.97796
-0.50074 0.58629 1.02142
-0.47919 0.56106 1.06283
-0.45545 0.53326 1.10146
-0.42948 0.50285 1.13653
-0.40131 0.46987 1.16724
-0.37105 0.43444 1.19282
-0.33892 0.39683 1.21262
-0.30522 0.35737 1.22613
-0.27034 0.31653 1.23306
-0.23471 0.27481 1.23337
-0.19881 0.23278 1.22728
-0.16311 0.19098 1.21526
-0.12803 0.14991 1.19801
-0.09395 0.11000 1.17637
-0.06114 0.07158 1.15129
-0.02979 0.03488 1.12375
-0.00000 0.00000 -1.09472
-0.03378 0.03378 -1.12375
-0.06931 0.06931 -1.15129
-0.10651 0.10651 -1.17637
-0.14515 0.14515 -1.19801
-0.18492 0.18492 -1.21526
-0.22540 0.22540 -1.22728
-0.26610 0.26610 -1.23337
-0.30649 0.30649 -1.23306
-0.34604 0.34604 -1.22613
-0.38424 0.38424 -1.21262
-0.42066 0.42066 -1.19282
-0.45497 0.45497 -1.16724
-0.48690 0.48690 -1.13653
-0.51635 0.51635 -1.10146
-0.54326 0.54326 -1.06283
-0.56770 0.56770 -1.02142
-0.58977 0.58977 -0.97796
-0.60965 0.60965 -0.93309
-0.62750 0.62750 -0.88738
-0.64354 0.64354 -0.84125
-0.65796 0.65796 -0.79506
-0.67093 0.67093 -0.74907
-0.68262 0.68262 -0.70346
-0.69319 0.69319 -0.65835
-0.70275 0.70275 -0.61382
-0.71141 0.71141 -0.56988
-0.71925 0.71925 -0.52655
-0.72635 0.72635 -0.48379
-0.73276 0.73276 -0.44159
-0.73852 0.73852 -0.39988
-0.74366 0.74366 -0.35863
-0.74821 0.74821 -0.31779
-0.75219 0.75219 -0.27731
-0.75562 0.75562 -0.23714
-0.75850 0.75850 -0.19722
-0.76084 0.76084 -0.15753
-0.76266 0.76266 -0.11800
-0.76395 0.76395 -0.07860
-0.76473 0.76473 -0.03928
-0.76499 0.76499 0.00000
-0.76473 0.76473 0.03928
-0.76395 0.76395 0.07860
-0.76266 0.76266 0.11800
-0.76084 0.76084 0.15753
-0.75850 0.75850 0.19722
-0.75562 0.75562 0.23714
-0.75219 0.75219 0.27731
-0.74821 0.74821 0.31779
-0.74366 0.74366 0.35863
-0.73852 0.73852 0.39988
-0.73276 0.73276 0.44159
-0.72635 0.72635 0.48379
-0.71925 0.71925 0.52655
-0.71141 0.71141 0.56988
-0.70275 0.70275 0.61382
-0.69319 0.69319 0.65835
-0.68262 0.68262 0.70346
-0.67093 0.67093 0.74907
-0.65796 0.65796 0.79506
-0.64354 0.64354 0.84125
-0.62750 0.62750 0.88738
-0.60965 0.60965 0.93309
-0.58977 0.58977 0.97796
-0.56770 0.56770 1.02142
-0.54326 0.54326 1.06283
-0.51635 0.51635 1.10146
-0.48690 0.48690 1.13653
-0.45497 0.45497 1.16724
-0.42066 0.42066 1.19282
-0.38424 0.38424 1.21262
-0.34604 0.34604 1.22613
-0.30649 0.30649 1.23306
-0.26610 0.26610 1.23337
-0.22540 0.22540 1.22728
-0.18492 0.18492 1.21526
-0.14515 0.14515 1.19801
-0.10651 0.10651 1.17637
-0.06931 0.06931 1.15129
-0.03378 0.03378 1.12375
-0.00000 0.00000 -1.09472
-0.03834 0.03274 -1.12375
-0.07867 0.06719 -1.15129
-0.12089 0.10325 -1.17637
-0.16476 0.14071 -1.19801
-0.20989 0.17927 -1.21526
-0.25584 0.21851 -1.22728
-0.30203 0.25796 -1.23337
-0.34788 0.29712 -1.23306
-0.39277 0.33546 -1.22613
-0.43613 0.37249 -1.21262
-0.47747 0.40780 -1.19282
-0.51641 0.44105 -1.16724
-0.55266 0.47201 -1.13653
-0.58608 0.50056 -1.10146
-0.61663 0.52665 -1.06283
-0.64436 0.55034 -1.02142
-0.66942 0.57174 -0.97796
-0.69198 0.59100 -0.93309
-0.71225 0.60832 -0.88738
-0.73045 0.62386 -0.84125
-0.74681 0.63784 -0.79506
-0.76154 0.65041 -0.74907
-0.77481 0.66175 -0.70346
-0.78680 0.67199 -0.65835
-0.79765 0.68126 -0.61382
-0.80748 0.68966 -0.56988
-0.81639 0.69726 -0.52655
-0.82445 0.70414 -0.48379
-0.83172 0.71035 -0.44159
-0.83825 0.71594 -0.39988
-0.84409 0.72092 -0.35863
-0.84926 0.72533 -0.31779
-0.85377 0.72919 -0.27731
-0.85766 0.73251 -0.23714
-0.86093 0.73530 -0.19722
-0.86359 0.73758 -0.15753
-0.86565 0.73934 -0.11800
-0.86712 0.74059 -0.07860
-0.86800 0.74134 -0.03928
-0.86830 0.74159 0.00000
-0.86800 0.74134 0.03928
-0.86712 0.74059 0.07860
-0.86565 0.73934 0.11800
-0.86359 0.73758 0.15753
-0.86093 0.73530 0.19722
-0.85766 0.73251 0.23714
-0.85377 0.72919 0.27731
-0.84926 0.72533 0.31779
-0.84409 0.72092 0.35863
-0.83825 0.71594 0.39988
-0.83172 0.71035 0.44159
-0.82445 0.70414 0.48379
-0.81639 0.69726 0.52655
-0.80748 0.68966 0.56988
-0.79765 0.68126 0.61382
-0.78680 0.67199 0.65835
-0.77481 0.66175 0.70346
-0.76154 0.65041 0.74907
-0.74681 0.63784 0.79506
-0.73045 0.62386 0.84125
-0.71225 0.60832 0.88738
-0.69198 0.59100 0.93309
-0.66942 0.57174 0.97796
-0.64436 0.55034 1.02142
-0.61663 0.52665 1.06283
-0.58608 0.50056 1.10146
-0.55266 0.47201 1.13653
-0.51641 0.44105 1.16724
-0.47747 0.40780 1.19282
-0.43613 0.37249 1.21262
-0.39277 0.33546 1.22613
-0.34788 0.29712 1.23306
-0.30203 0.25796 1.23337
-0.25584 0.21851 1.22728
-0.20989 0.17927 1.21526
-0.16476 0.14071 1.19801
-0.12089 0.10325 1.17637
-0.07867 0.06719 1.15129
-0.03834 0.03274 1.12375
-0.00000 0.00000 -1.09472
-0.04339 0.03152 -1.12375
-0.08904 0.06469 -1.15129
-0.13682 0.09941 -1.17637
-0.18646 0.13547 -1.19801
-0.23755 0.17259 -1.21526
-0.28954 0.21037 -1.22728
-0.34183 0.24835 -1.23337
-0.39371 0.28605 -1.23306
-0.44452 0.32296 -1.22613
-0.49359 0.35862 -1.21262
-0.54038 0.39261 -1.19282
-0.58444 0.42462 -1.16724
-0.62547 0.45443 -1.13653
-0.66329 0.48191 -1.10146
-0.69787 0.50703 -1.06283
-0.72926 0.52984 -1.02142
-0.75762 0.55044 -0.97796
-0.78315 0.56899 -0.93309
-0.80608 0.58565 -0.88738
-0.82669 0.60062 -0.84125
-0.84520 0.61408 -0.79506
-0.86187 0.62618 -0.74907
-0.87689 0.63710 -0.70346
-0.89046 0.64696 -0.65835
-0.90274 0.65588 -0.61382
-0.91387 0.66396 -0.56988
-0.92395 0.67129 -0.52655
-0.93307 0.67791 -0.48379
-0.94130 0.68389 -0.44159
-0.94869 0.68927 -0.39988
-0.95530 0.69406 -0.35863
-0.96115 0.69831 -0.31779
-0.96626 0.70203 -0.27731
-0.97066 0.70522 -0.23714
-0.97436 0.70791 -0.19722
-0.97737 0.71010 -0.15753
-0.97970 0.71180 -0.11800
-0.98137 0.71300 -0.07860
-0.98236 0.71373 -0.03928
-0.98269 0.71397 0.00000
-0.98236 0.71373 0.03928
-0.98137 0.71300 0.07860
-0.97970 0.71180 0.11800
-0.97737 0.71010 0.15753
-0.97436 0.70791 0.19722
-0.97066 0.70522 0.23714
-0.96626 0.70203 0.27731
-0.96115 0.69831 0.31779
-0.95530 0.69406 0.35863
-0.94869 0.68927 0.39988
-0.94130 0.68389 0.44159
-0.93307 0.67791 0.48379
-0.92395 0.67129 0.52655
-0.91387 0.66396 0.56988
-0.90274 0.65588 0.61382
-0.89046 0.64696 0.65835
-0.87689 0.63710 0.70346
-0.86187 0.62618 0.74907
-0.84520 0.61408 0.79506
-0.82669 0.60062 0.84125
-0.80608 0.58565 0.88738
-0.78315 0.56899 0.93309
-0.75762 0.55044 0.97796
-0.72926 0.52984 1.02142
-0.69787 0.50703 1.06283
-0.66329 0.48191 1.10146
-0.62547 0.45443 1.13653
-0.58444 0.42462 1.16724
-0.54038 0.39261 1.19282
-0.49359 0.35862 1.21262
-0.44452 0.32296 1.22613
-0.39371 0.28605 1.23306
-0.34183 0.24835 1.23337
-0.28954 0.21037 1.22728
-0.23755 0.17259 1.21526
-0.18646 0.13547 1.19801
-0.13682 0.09941 1.17637
-0.08904 0.06469 1.15129
-0.04339 0.03152 1.12375
-0.00000 0.00000 -1.09472
-0.04830 0.02960 -1.12375
-0.09912 0.06074 -1.15129
-0.15232 0.09334 -1.17637
-0.20758 0.12720 -1.19801
-0.26445 0.16205 -1.21526
-0.32233 0.19753 -1.22728
-0.38053 0.23319 -1.23337
-0.43830 0.26859 -1.23306
-0.49485 0.30325 -1.22613
-0.54949 0.33673 -1.21262
-0.60157 0.36865 -1.19282
-0.65063 0.39870 -1.16724
-0.69630 0.42669 -1.13653
-0.73840 0.45249 -1.10146
-0.77689 0.47608 -1.06283
-0.81184 0.49750 -1.02142
-0.84341 0.51684 -0.97796
-0.87183 0.53426 -0.93309
-0.89737 0.54991 -0.88738
-0.92030 0.56396 -0.84125
-0.94091 0.57659 -0.79506
-0.95946 0.58796 -0.74907
-0.97619 0.59821 -0.70346
-0.99130 0.60747 -0.65835
-1.00497 0.61585 -0.61382
-1.01736 0.62344 -0.56988
-1.02857 0.63031 -0.52655
-1.03873 0.63653 -0.48379
-1.04789 0.64215 -0.44159
-1.05612 0.64719 -0.39988
-1.06348 0.65170 -0.35863
-1.06998 0.65569 -0.31779
-1.07568 0.65918 -0.27731
-1.08057 0.66218 -0.23714
-1.08469 0.66470 -0.19722
-1.08805 0.66676 -0.15753
-1.09064 0.66835 -0.11800
-1.09250 0.66948 -0.07860
-1.09360 0.67016 -0.03928
-1.09397 0.67039 0.00000
-1.09360 0.67016 0.03928
-1.09250 0.66948 0.07860
-1.09064 0.66835 0.11800
-1.08805 0.66676 0.15753
-1.08469 0.66470 0.19722
-1.08057 0.66218 0.23714
-1.07568 0.65918 0.27731
-1.06998 0.65569 0.31779
-1.06348 0.65170 0.35863
-1.05612 0.64719 0.39988
-1.04789 0.64215 0.44159
-1.03873 0.63653 0.48379
-1.02857 0.63031 0.52655
-1.01736 0.62344 0.56988
-1.00497 0.61585 0.61382
-0.99130 0.60747 0.65835
-0.97619 0.59821 0.70346
-0.95946 0.58796 0.74907
-0.94091 0.57659 0.79506
-0.92030 0.56396 0.84125
-0.89737 0.54991 0.88738
-0.87183 0.53426 0.93309
-0.84341 0.51684 0.97796
-0.81184 0.49750 1.02142
-0.77689 0.47608 1.06283
-0.73840 0.45249 1.10146
-0.69630 0.42669 1.13653
-0.65063 0.39870 1.16724
-0.60157 0.36865 1.19282
-0.54949 0.33673 1.21262
-0.49485 0.30325 1.22613
-0.43830 0.26859 1.23306
-0.38053 0.23319 1.23337
-0.32233 0.19753 1.22728
-0.26445 0.16205 1.21526
-0.20758 0.12720 1.19801
-0.15232 0.09334 1.17637
-0.09912 0.06074 1.15129
-0.04830 0.02960 1.12375
-0.00000 0.00000 -1.09472
-0.05168 0.02633 -1.12375
-0.10606 0.05404 -1.15129
-0.16297 0.08304 -1.17637
-0.22209 0.11316 -1.19801
-0.28294 0.14417 -1.21526
-0.34488 0.17572 -1.22728
-0.40715 0.20745 -1.23337
-0.46895 0.23894 -1.23306
-0.52946 0.26977 -1.22613
-0.58792 0.29956 -1.21262
-0.64365 0.32796 -1.19282
-0.69613 0.35470 -1.16724
-0.74500 0.37960 -1.13653
-0.79005 0.40255 -1.10146
-0.83123 0.42353 -1.06283
-0.86862 0.44258 -1.02142
-0.90240 0.45979 -0.97796
-0.93280 0.47529 -0.93309
-0.96013 0.48921 -0.88738
-0.98467 0.50171 -0.84125
-1.00672 0.51295 -0.79506
-1.02657 0.52306 -0.74907
-1.04446 0.53218 -0.70346
-1.06063 0.54042 -0.65835
-1.07526 0.54787 -0.61382
-1.08851 0.55462 -0.56988
-1.10051 0.56074 -0.52655
-1.11137 0.56627 -0.48379
-1.12118 0.57127 -0.44159
-1.12999 0.57576 -0.39988
-1.13786 0.57977 -0.35863
-1.14482 0.58331 -0.31779
-1.15091 0.58642 -0.27731
-1.15615 0.58909 -0.23714
-1.16056 0.59133 -0.19722
-1.16414 0.59316 -0.15753
-1.16692 0.59458 -0.11800
-1.16890 0.59559 -0.07860
-1.17009 0.59619 -0.03928
-1.17049 0.59639 0.00000
-1.17009 0.59619 0.03928
-1.16890 0.59559 0.07860
-1.16692 0.59458 0.11800
-1.16414 0.59316 0.15753
-1.16056 0.59133 0.19722
-1.15615 0.58909 0.23714
-1.15091 0.58642 0.27731
-1.14482 0.58331 0.31779
-1.13786 0.57977 0.35863
-1.12999 0.57576 0.39988
-1.12118 0.57127 0.44159
-1.11137 0.56627 0.48379
-1.10051 0.56074 0.52655
-1.08851 0.55462 0.56988
-1.07526 0.54787 0.61382
-1.06063 0.54042 0.65835
-1.04446 0.53218 0.70346
-1.02657 0.52306 0.74907
-1.00672 0.51295 0.79506
-0.98467 0.50171 0.84125
-0.96013 0.48921 0.88738
-0.93280 0.47529 0.93309
-0.90240 0.45979 0.97796
-0.86862 0.44258 1.02142
-0.83123 0.42353 1.06283
-0.79005 0.40255 1.10146
-0.74500 0.37960 1.13653
-0.69613 0.35470 1.16724
-0.64365 0.32796 1.19282
-0.58792 0.29956 1.21262
-0.52946 0.26977 1.22613
-0.46895 0.23894 1.23306
-0.40715 0.20745 1.23337
-0.34488 0.17572 1.22728
-0.28294 0.14417 1.21526
-0.22209 0.11316 1.19801
-0.16297 0.08304 1.17637
-0.10606 0.05404 1.15129
-0.05168 0.02633 1.12375
-0.00000 0.00000 -1.09472
-0.05203 0.02155 -1.12375
-0.10677 0.04423 -1.15129
-0.16407 0.06796 -1.17637
-0.22360 0.09262 -1.19801
-0.28486 0.11799 -1.21526
-0.34721 0.14382 -1.22728
-0.40990 0.16979 -1.23337
-0.47212 0.19556 -1.23306
-0.53304 0.22079 -1.22613
-0.59189 0.24517 -1.21262
-0.64800 0.26841 -1.19282
-0.70084 0.29030 -1.16724
-0.75004 0.31068 -1.13653
-0.79539 0.32946 -1.10146
-0.83685 0.34664 -1.06283
-0.87450 0.36223 -1.02142
-0.90850 0.37631 -0.97796
-0.93911 0.38899 -0.93309
-0.96662 0.40039 -0.88738
-0.99133 0.41062 -0.84125
-1.01353 0.41982 -0.79506
-1.03351 0.42810 -0.74907
-1.05153 0.43556 -0.70346
-1.06781 0.44230 -0.65835
-1.08253 0.44840 -0.61382
-1.09587 0.45393 -0.56988
-1.10796 0.45893 -0.52655
-1.11889 0.46346 -0.48379
-1.12876 0.46755 -0.44159
-1.13763 0.47122 -0.39988
-1.14555 0.47450 -0.35863
-1.15256 0.47741 -0.31779
-1.15869 0.47995 -0.27731
-1.16397 0.48213 -0.23714
-1.16841 0.48397 -0.19722
-1.17202 0.48547 -0.15753
-1.17482 0.48663 -0.11800
-1.17681 0.48745 -0.07860
-1.17801 0.48795 -0.03928
-1.17840 0.48811 0.00000
-1.17801 0.48795 0.03928
-1.17681 0.48745 0.07860
-1.17482 0.48663 0.11800
-1.17202 0.48547 0.15753
-1.16841 0.48397 0.19722
-1.16397 0.48213 0.23714
-1.15869 0.47995 0.27731
-1.15256 0.47741 0.31779
-1.14555 0.47450 0.35863
-1.13763 0.47122 0.39988
-1.12876 0.46755 0.44159
-1.11889 0.46346 0.48379
-1.10796 0.45893 0.52655
-1.09587 0.45393 0.56988
-1.08253 0.44840 0.61382
-1.06781 0.44230 0.65835
-1.05153 0.43556 0.70346
-1.03351 0.42810 0.74907
-1.01353 0.41982 0.79506
-0.99133 0.41062 0.84125
-0.96662 0.40039 0.88738
-0.93911 0.38899 0.93309
-0.90850 0.37631 0.97796
-0.87450 0.36223 1.02142
-0.83685 0.34664 1.06283
-0.79539 0.32946 1.10146
-0.75004 0.31068 1.13653
-0.70084 0.29030 1.16724
-0.64800 0.26841 1.19282
-0.59189 0.24517 1.21262
-0.53304 0.22079 1.22613
-0.47212 0.19556 1.23306
-0.40990 0.16979 1.23337
-0.34721 0.14382 1.22728
-0.28486 0.11799 1.21526
-0.22360 0.09262 1.19801
-0.16407 0.06796 1.17637
-0.10677 0.04423 1.15129
-0.05203 0.02155 1.12375
-0.00000 0.00000 -1.09472
-0.04933 0.01603 -1.12375
-0.10123 0.03289 -1.15129
-0.15556 0.05054 -1.17637
-0.21200 0.06888 -1.19801
-0.27008 0.08775 -1.21526
-0.32920 0.10696 -1.22728
-0.38864 0.12628 -1.23337
-0.44763 0.14545 -1.23306
-0.50540 0.16421 -1.22613
-0.56119 0.18234 -1.21262
-0.61439 0.19963 -1.19282
-0.66449 0.21590 -1.16724
-0.71113 0.23106 -1.13653
-0.75413 0.24503 -1.10146
-0.79344 0.25781 -1.06283
-0.82914 0.26940 -1.02142
-0.86138 0.27988 -0.97796
-0.89040 0.28931 -0.93309
-0.91648 0.29778 -0.88738
-0.93991 0.30539 -0.84125
-0.96096 0.31223 -0.79506
-0.97991 0.31839 -0.74907
-0.99699 0.32394 -0.70346
-1.01242 0.32895 -0.65835
-1.02638 0.33349 -0.61382
-1.03903 0.33760 -0.56988
-1.05049 0.34132 -0.52655
-1.06086 0.34469 -0.48379
-1.07021 0.34773 -0.44159
-1.07862 0.35047 -0.39988
-1.08613 0.35291 -0.35863
-1.09278 0.35507 -0.31779
-1.09859 0.35695 -0.27731
-1.10359 0.35858 -0.23714
-1.10780 0.35995 -0.19722
-1.11123 0.36106 -0.15753
-1.11388 0.36192 -0.11800
-1.11577 0.36254 -0.07860
-1.11690 0.36290 -0.03928
-1.11728 0.36303 0.00000
-1.11690 0.36290 0.03928
-1.11577 0.36254 0.07860
-1.11388 0.36192 0.11800
-1.11123 0.36106 0.15753
-1.10780 0.35995 0.19722
-1.10359 0.35858 0.23714
-1.09859 0.35695 0.27731
-1.09278 0.35507 0.31779
-1.08613 0.35291 0.35863
-1.07862 0.35047 0.39988
-1.07021 0.34773 0.44159
-1.06086 0.34469 0.48379
-1.05049 0.34132 0.52655
-1.03903 0.33760 0.56988
-1.02638 0.33349 0.61382
-1.01242 0.32895 0.65835
-0.99699 0.32394 0.70346
-0.97991 0.31839 0.74907
-0.96096 0.31223 0.79506
-0.93991 0.30539 0.84125
-0.91648 0.29778 0.88738
-0.89040 0.28931 0.93309
-0.86138 0.27988 0.97796
-0.82914 0.26940 1.02142
-0.79344 0.25781 1.06283
-0.75413 0.24503 1.10146
-0.71113 0.23106 1.13653
-0.66449 0.21590 1.16724
-0.61439 0.19963 1.19282
-0.56119 0.18234 1.21262
-0.50540 0.16421 1.22613
-0.44763 0.14545 1.23306
-0.38864 0.12628 1.23337
-0.32920 0.10696 1.22728
-0.27008 0.08775 1.21526
-0.21200 0.06888 1.19801
-0.15556 0.05054 1.17637
-0.10123 0.03289 1.15129
-0.04933 0.01603 1.12375
-0.00000 0.00000 -1.09472
-0.04537 0.01089 -1.12375
-0.09310 0.02235 -1.15129
-0.14306 0.03435 -1.17637
-0.19496 0.04681 -1.19801
-0.24837 0.05963 -1.21526
-0.30274 0.07268 -1.22728
-0.35740 0.08581 -1.23337
-0.41166 0.09883 -1.23306
-0.46477 0.11158 -1.22613
-0.51609 0.12390 -1.21262
-0.56501 0.13565 -1.19282
-0.61108 0.14671 -1.16724
-0.65398 0.15701 -1.13653
-0.69352 0.16650 -1.10146
-0.72967 0.17518 -1.06283
-0.76249 0.18306 -1.02142
-0.79214 0.19018 -0.97796
-0.81884 0.19658 -0.93309
-0.84282 0.20234 -0.88738
-0.86436 0.20752 -0.84125
-0.88372 0.21216 -0.79506
-0.90114 0.21635 -0.74907
-0.91685 0.22012 -0.70346
-0.93104 0.22352 -0.65835
-0.94389 0.22661 -0.61382
-0.95552 0.22940 -0.56988
-0.96605 0.23193 -0.52655
-0.97559 0.23422 -0.48379
-0.98419 0.23628 -0.44159
-0.99193 0.23814 -0.39988
-0.99883 0.23980 -0.35863
-1.00495 0.24127 -0.31779
-1.01029 0.24255 -0.27731
-1.01489 0.24365 -0.23714
-1.01876 0.24458 -0.19722
-1.02191 0.24534 -0.15753
-1.02435 0.24593 -0.11800
-1.02609 0.24634 -0.07860
-1.02713 0.24659 -0.03928
-1.02748 0.24668 0.00000
-1.02713 0.24659 0.03928
-1.02609 0.24634 0.07860
-1.02435 0.24593 0.11800
-1.02191 0.24534 0.15753
-1.01876 0.24458 0.19722
-1.01489 0.24365 0.23714
-1.01029 0.24255 0.27731
-1.00495 0.24127 0.31779
-0.99883 0.23980 0.35863
-0.99193 0.23814 0.39988
-0.98419 0.23628 0.44159
-0.97559 0.23422 0.48379
-0.96605 0.23193 0.52655
-0.95552 0.22940 0.56988
-0.94389 0.22661 0.61382
-0.93104 0.22352 0.65835
-0.91685 0.22012 0.70346
-0.90114 0.21635 0.74907
-0.88372 0.21216 0.79506
-0.86436 0.20752 0.84125
-0.84282 0.20234 0.88738
-0.81884 0.19658 0.93309
-0.79214 0.19018 0.97796
-0.76249 0.18306 1.02142
-0.72967 0.17518 1.06283
-0.69352 0.16650 1.10146
-0.65398 0.15701 1.13653
-0.61108 0.14671 1.16724
-0.56501 0.13565 1.19282
-0.51609 0.12390 1.21262
-0.46477 0.11158 1.22613
-0.41166 0.09883 1.23306
-0.35740 0.08581 1.23337
-0.30274 0.07268 1.22728
-0.24837 0.05963 1.21526
-0.19496 0.04681 1.19801
-0.14306 0.03435 1.17637
-0.09310 0.02235 1.15129
-0.04537 0.01089 1.12375
-0.00000 0.00000 -1.09472
-0.04223 0.00669 -1.12375
-0.08666 0.01373 -1.15129
-0.13317 0.02109 -1.17637
-0.18149 0.02874 -1.19801
-0.23121 0.03662 -1.21526
-0.28182 0.04464 -1.22728
-0.33270 0.05270 -1.23337
-0.38321 0.06069 -1.23306
-0.43265 0.06853 -1.22613
-0.48042 0.07609 -1.21262
-0.52596 0.08330 -1.19282
-0.56885 0.09010 -1.16724
-0.60878 0.09642 -1.13653
-0.64559 0.10225 -1.10146
-0.67924 0.10758 -1.06283
-0.70980 0.11242 -1.02142
-0.73740 0.11679 -0.97796
-0.76225 0.12073 -0.93309
-0.78457 0.12426 -0.88738
-0.80463 0.12744 -0.84125
-0.82265 0.13029 -0.79506
-0.83887 0.13286 -0.74907
-0.85349 0.13518 -0.70346
-0.86670 0.13727 -0.65835
-0.87865 0.13917 -0.61382
-0.88948 0.14088 -0.56988
-0.89929 0.14243 -0.52655
-0.90817 0.14384 -0.48379
-0.91618 0.14511 -0.44159
-0.92338 0.14625 -0.39988
-0.92981 0.14727 -0.35863
-0.93550 0.14817 -0.31779
-0.94047 0.14896 -0.27731
-0.94475 0.14963 -0.23714
-0.94836 0.15020 -0.19722
-0.95129 0.15067 -0.15753
-0.95356 0.15103 -0.11800
-0.95518 0.15129 -0.07860
-0.95615 0.15144 -0.03928
-0.95647 0.15149 0.00000
-0.95615 0.15144 0.03928
-0.95518 0.15129 0.07860
-0.95356 0.15103 0.11800
-0.95129 0.15067 0.15753
-0.94836 0.15020 0.19722
-0.94475 0.14963 0.23714
-0.94047 0.14896 0.27731
-0.93550 0.14817 0.31779
-0.92981 0.14727 0.35863
-0.92338 0.14625 0.39988
-0.91618 0.14511 0.44159
-0.90817 0.14384 0.48379
-0.89929 0.14243 0.52655
-0.88948 0.14088 0.56988
-0.87865 0.13917 0.61382
-0.86670 0.13727 0.65835
-0.85349 0.13518 0.70346
-0.83887 0.13286 0.74907
-0.82265 0.13029 0.79506
-0.80463 0.12744 0.84125
-0.78457 0.12426 0.88738
-0.76225 0.12073 0.93309
-0.73740 0.11679 0.97796
-0.70980 0.11242 1.02142
-0.67924 0.10758 1.06283
-0.64559 0.10225 1.10146
-0.60878 0.09642 1.13653
-0.56885 0.09010 1.16724
-0.52596 0.08330 1.19282
-0.48042 0.07609 1.21262
-0.43265 0.06853 1.22613
-0.38321 0.06069 1.23306
-0.33270 0.05270 1.23337
-0.28182 0.04464 1.22728
-0.23121 0.03662 1.21526
-0.18149 0.02874 1.19801
-0.13317 0.02109 1.17637
-0.08666 0.01373 1.15129
-0.04223 0.00669 1.12375
-0.00000 0.00000 -1.09472
-0.04139 0.00326 -1.12375
-0.08494 0.00669 -1.15129
-0.13053 0.01027 -1.17637
-0.17788 0.01400 -1.19801
-0.22662 0.01784 -1.21526
-0.27622 0.02174 -1.22728
-0.32610 0.02566 -1.23337
-0.37559 0.02956 -1.23306
-0.42406 0.03337 -1.22613
-0.47088 0.03706 -1.21262
-0.51551 0.04057 -1.19282
-0.55755 0.04388 -1.16724
-0.59669 0.04696 -1.13653
-0.63277 0.04980 -1.10146
-0.66575 0.05240 -1.06283
-0.69570 0.05475 -1.02142
-0.72275 0.05688 -0.97796
-0.74711 0.05880 -0.93309
-0.76899 0.06052 -0.88738
-0.78864 0.06207 -0.84125
-0.80631 0.06346 -0.79506
-0.82220 0.06471 -0.74907
-0.83654 0.06584 -0.70346
-0.84948 0.06686 -0.65835
-0.86120 0.06778 -0.61382
-0.87181 0.06861 -0.56988
-0.88143 0.06937 -0.52655
-0.89013 0.07005 -0.48379
-0.89798 0.07067 -0.44159
-0.90503 0.07123 -0.39988
-0.91134 0.07172 -0.35863
-0.91691 0.07216 -0.31779
-0.92179 0.07255 -0.27731
-0.92599 0.07288 -0.23714
-0.92952 0.07315 -0.19722
-0.93239 0.07338 -0.15753
-0.93462 0.07356 -0.11800
-0.93620 0.07368 -0.07860
-0.93715 0.07376 -0.03928
-0.93747 0.07378 0.00000
-0.93715 0.07376 0.03928
-0.93620 0.07368 0.07860
-0.93462 0.07356 0.11800
-0.93239 0.07338 0.15753
-0.92952 0.07315 0.19722
-0.92599 0.07288 0.23714
-0.92179 0.07255 0.27731
-0.91691 0.07216 0.31779
-0.91134 0.07172 0.35863
-0.90503 0.07123 0.39988
-0.89798 0.07067 0.44159
-0.89013 0.07005 0.48379
-0.88143 0.06937 0.52655
-0.87181 0.06861 0.56988
-0.86120 0.06778 0.61382
-0.84948 0.06686 0.65835
-0.83654 0.06584 0.70346
-0.82220 0.06471 0.74907
-0.80631 0.06346 0.79506
-0.78864 0.06207 0.84125
-0.76899 0.06052 0.88738
-0.74711 0.05880 0.93309
-0.72275 0.05688 0.97796
-0.69570 0.05475 1.02142
-0.66575 0.05240 1.06283
-0.63277 0.04980 1.10146
-0.59669 0.04696 1.13653
-0.55755 0.04388 1.16724
-0.51551 0.04057 1.19282
-0.47088 0.03706 1.21262
-0.42406 0.03337 1.22613
-0.37559 0.02956 1.23306
-0.32610 0.02566 1.23337
-0.27622 0.02174 1.22728
-0.22662 0.01784 1.21526
-0.17788 0.01400 1.19801
-0.13053 0.01027 1.17637
-0.08494 0.00669 1.15129
-0.04139 0.00326 1.12375
3 0 80 81
3 0 81 1
3 1 81 82
3 1 82 2
3 2 82 83
3 2 83 3
3 3 83 84
3 3 84 4
3 4 84 85
3 4 85 5
3 5 85 86
3 5 86 6
3 6 86 87
3 6 87 7
3 7 87 88
3 7 88 8
3 8 88 89
3 8 89 9
3 9 89 90
3 9 90 10
3 10 90 91
3 10 91 11
3 11 91 92
3 11 92 12
3 12 92 93
3 12 93 13
3 13 93 94
3 13 94 14
3 14 94 95
3 14 95 15
3 15 95 96
3 15 96 16
3 16 96 97
3 16 97 17
3 17 97 98
3 17 98 18
3 18 98 99
3 18 99 19
3 19 99 100
3 19 100 20
3 20 100 101
3 20 101 21
3 21 101 102
3 21 102 22
3 22 102 103
3 22 103 23
3 23 103 104
3 23 104 24
3 24 104 105
3 24 105 25
3 25 105 106
3 25 106 26
3 26 106 107
3 26 107 27
3 27 107 108
3 27 108 28
3 28 108 109
3 28 109 29
3 29 109 110
3 29 110 30
3 30 110 111
3 30 111 31
3 31 111 112
3 31 112 32
3 32 112 113
3 32 113 33
3 33 113 114
3 33 114 34
3 34 114 115
3 34 115 35
3 35 115 116
3 35 116 36
3 36 116 117
3 36 117 37
3 37 117 118
3 37 118 38
3 38 118 119
3 38 119 39
3 39 119 120
3 39 120 40
3 40 120 121
3 40 121 41
3 41 121 122
3 41 122 42
3 42 122 123
3 42 123 43
3 43 123 124
3 43 124 44
3 44 124 125
3 44 125 45
3 45 125 126
3 45 126 46
3 46 126 127
3 46 127 47
3 47 127 128
3 47 128 48
3 48 128 129
3 48 129 49
3 49 129 130
3 49 130 50
3 50 130 131
3 50 131 51
3 51 131 132
3 51 132 52
3 52 132 133
3 52 133 53
3 53 133 134
3 53 134 54
3 54 134 135
3 54 135 55
3 55 135 136
3 55 136 56
3 56 136 137
3 56 137 57
3 57 137 138
3 57 138 58
3 58 138 139
3 58 139 59
3 59 139 140
3 59 140 60
3 60 140 141
3 60 141 61
3 61 141 142
3 61 142 62
3 62 142 143
3 62 143 63
3 63 143 144
3 63 144 64
3 64 144 145
3 64 145 65
3 65 145 146
3 65 146 66
3 66 146 147
3 66 147 67
3 67 147 148
3 67 148 68
3 68 148 149
3 68 149 69
3 69 149 150
3 69 150 70
3 70 150 151
3 70 151 71
3 71 151 152
3 71 152 72
3 72 152 153
3 72 153 73
3 73 153 154
3 73 154 74
3 74 154 155
3 74 155 75
3 75 155 156
3 75 156 76
3 76 156 157
3 76 157 77
3 77 157 158
3 77 158 78
3 78 158 159
3 78 159 79
3 79 159 80
3 79 80 0
3 80 160 161
3 80 161 81
3 81 161 162
3 81 162 82
3 82 162 163
3 82 163 83
3 83 163 164
3 83 164 84
3 84 164 165
3 84 165 85
3 85 165 166
3 85 166 86
3 86 166 167
3 86 167 87
3 87 167 168
3 87 168 88
3 88 168 169
3 88 169 89
3 89 169 170
3 89 170 90
3 90 170 171
3 90 171 91
3 91 171 172
3 91 172 92
3 92 172 173
3 92 173 93
3 93 173 174
3 93 174 94
3 94 174 175
3 94 175 95
3 95 175 176
3 95 176 96
3 96 176 177
3 96 177 97
3 97 177 178
3 97 178 98
3 98 178 179
3 98 179 99
3 99 179 180
3 99 180 100
3 100 180 181
3 100 181 101
3 101 181 182
3 101 182 102
3 102 182 183
3 102 183 103
3 103 183 184
3 103 184 104
3 104 184 185
3 104 185 105
3 105 185 186
3 105 186 106
3 106 186 187
3 106 187 107
3 107 187 188
3 107 188 108
3 108 188 189
3 108 189 109
3 109 189 190
3 109 190 110
3 110 190 191
3 110 191 111
3 111 191 192
3 111 192 112
3 112 192 193
3 112 193 113
3 113 193 194
3 113 194 114
3 114 194 195
3 114 195 115
3 115 195 196
3 115 196 116
3 116 196 197
3 116 197 117
3 117 197 198
3 117 198 118
3 118 198 199
3 118 199 119
3 119 199 200
3 119 200 120
3 120 200 201
3 120 201 121
3 121 201 202
3 121 202 122
3 122 202 203
3 122 203 123
3 123 203 204
3 123 204 124
3 124 204 205
3 124 205 125
3 125 205 206
3 125 206 126
3 126 206 207
3 126 207 127
3 127 207 208
3 127 208 128
3 128 208 209
3 128 209 129
3 129 209 210
3 129 210 130
3 130 210 211
3 130 211 131
3 131 211 212
3 131 212 132
3 132 212 213
3 132 213 133
3 133 213 214
3 133 214 134
3 134 214 215
3 134 215 135
3 135 215 216
3 135 216 136
3 136 216 217
3 136 217 137
3 137 217 218
3 137 218 138
3 138 218 219
3 138 219 139
3 139 219 220
3 139 220 140
3 140 220 221
3 140 221 141
3 141 221 222
3 141 222 142
3 142 222 223
3 142 223 143
3 143 223 224
3 143 224 144
3 144 224 225
3 144 225 145
3 145 225 226
3 145 226 146
3 146 226 227
3 146 227 147
3 147 227 228
3 147 228 148
3 148 228 229
3 148 229 149
3 149 229 230
3 149 230 150
3 150 230 231
3 150 231 151
3 151 231 232
3 151 232 152
3 152 232 233
3 152 233 153
3 153 233 234
3 153 234 154
3 154 234 235
3 154 235 155
3 155 235 236
3 155 236 156
3 156 236 237
3 156 237 157
3 157 237 238
3 157 238 158
3 158 238 239
3 158 239 159
3 159 239 160
3 159 160 80
3 160 240 241
3 160 241 161
3 161 241 242
3 161 242 162
3 162 242 243
3 162 243 163
3 163 243 244
3 163 244 164
3 164 244 245
3 164 245 165
3 165 245 246
3 165 246 166
3 166 246 247
3 166 247 167
3 167 247 248
3 167 248 168
3 168 248 249
3 168 249 169
3 169 249 250
3 169 250 170
3 170 250 251
3 170 251 171
3 171 251 252
3 171 252 172
3 172 252 253
3 172 253 173
3 173 253 254
3 173 254 174
3 174 254 255
3 174 255 175
3 175 255 256
3 175 256 176
3 176 256 257
3 176 257 177
3 177 257 258
3 177 258 178
3 178 258 259
3 178 259 179
3 179 259 260
3 179 260 180
3 180 260 261
3 180 261 181
3 181 261 262
3 181 262 182
3 182 262 263
3 182 263 183
3 183 263 264
3 183 264 184
3 184 264 265
3 184 265 185
3 185 265 266
3 185 266 186
3 186 266 267
3 186 267 187
3 187 267 268
3 187 268 188
3 188 268 269
3 188 269 189
3 189 269 270
3 189 270 190
3 190 270 271
3 190 271 191
3 191 271 272
3 191 272 192
3 192 272 273
3 192 273 193
3 193 273 274
3 193 274 194
3 194 274 275
3 194 275 195
3 195 275 276
3 195 276 196
3 196 276 277
3 196 277 197
3 197 277 278
3 197 278 198
3 198 278 279
3 198 279 199
3 199 279 280
3 199 280 200
3 200 280 281
3 200 281 201
3 201 281 282
3 201 282 202
3 202 282 283
3 202 283 203
3 203 283 284
3 203 284 204
3 204 284 285
3 204 285 205
3 205 285 286
3 205 286 206
3 206 286 287
3 206 287 207
3 207 287 288
3 207 288 208
3 208 288 289
3 208 289 209
3 209 289 290
3 209 290 210
3 210 290 291
3 210 291 211
3 211 291 292
3 211 292 212
3 212 292 293
3 212 293 213
3 213 293 294
3 213 294 214
3 214 294 295
3 214 295 215
3 215 295 296
3 215 296 216
3 216 296 297
3 216 297 217
3 217 297 298
3 217 298 218
3 218 298 299
3 218 299 219
3 219 299 300
3 219 300 220
3 220 300 301
3 220 301 221
3 221 301 302
3 221 302 222
3 222 302 303
3 222 303 223
3 223 303 304
3 223 304 224
3 224 304 305
3 224 305 225
3 225 305 306
3 225 306 226
3 226 306 307
3 226 307 227
3 227 307 308
3 227 308 228
3 228 308 309
3 228 309 229
3 229 309 310
3 229 310 230
3 230 310 311
3 230 311 231
3 231 311 312
3 231 312 232
3 232 312 313
3 232 313 233
3 233 313 314
3 233 314 234
3 234 314 315
3 234 315 235
3 235 315 316
3 235 316 236
3 236 316 317
3 236 317 237
3 237 317 318
3 237 318 238
3 238 318 319
3 238 319 239
3 239 319 240
3 239 240 160
3 240 320 321
3 240 321 241
3 241 321 322
3 241 322 242
3 242 322 323
3 242 323 243
3 243 323 324
3 243 324 244
3 244 324 325
3 244 325 245
3 245 325 326
3 245 326 246
3 246 326 327
3 246 327 247
3 247 327 328
3 247 328 248
3 248 328 329
3 248 329 249
3 249 329 330
3 249 330 250
3 250 330 331
3 250 331 251
3 251 331 332
3 251 332 252
3 252 332 333
3 252 333 253
3 253 333 334
3 253 334 254
3 254 334 335
3 254 335 255
3 255 335 336
3 255 336 256
3 256 336 337
3 256 337 257
3 257 337 338
3 257 338 258
3 258 338 339
3 258 339 259
3 259 339 340
3 259 340 260
3 260 340 341
3 260 341 261
3 261 341 342
3 261 342 262
3 262 342 343
3 262 343 263
3 263 343 344
3 263 344 264
3 264 344 345
3 264 345 265
3 265 345 346
3 265 346 266
3 266 346 347
3 266 347 267
3 267 347 348
3 267 348 268
3 268 348 349
3 268 349 269
3 269 349 350
3 269 350 270
3 270 350 351
3 270 351 271
3 271 351 352
3 271 352 272
3 272 352 353
3 272 353 273
3 273 353 354
3 273 354 274
3 274 354 355
3 274 355 275
3 275 355 356
3 275 356 276
3 276 356 357
3 276 357 277
3 277 357 358
3 277 358 278
3 278 358 359
3 278 359 279
3 279 359 360
3 279 360 280
3 280 360 361
3 280 361 281
3 281 361 362
3 281 362 282
3 282 362 363
3 282 363 283
3 283 363 364
3 283 364 284
3 284 364 365
3 284 365 285
3 285 365 366
3 285 366 286
3 286 366 367
3 286 367 287
3 287 367 368
3 287 368 288
3 288 368 369
3 288 369 289
3 289 369 370
3 289 370 290
3 290 370 371
3 290 371 291
3 291 371 372
3 291 372 292
3 292 372 373
3 292 373 293
3 293 373 374
3 293 374 294
3 294 374 375
3 294 375 295
3 295 375 376
3 295 376 296
3 296 376 377
3 296 377 297
3 297 377 378
3 297 378 298
3 298 378 379
3 298 379 299
3 299 379 380
3 299 380 300
3 300 380 381
3 300 381 301
3 301 381 382
3 301 382 302
3 302 382 383
3 302 383 303
3 303 383 384
3 303 384 304
3 304 384 385
3 304 385 305
3 305 385 386
3 305 386 306
3 306 386 387
3 306 387 307
3 307 387 388
3 307 388 308
3 308 388 389
3 308 389 309
3 309 389 390
3 309 390 310
3 310 390 391
3 310 391 311
3 311 391 392
3 311 392 312
3 312 392 393
3 312 393 313
3 313 393 394
3 313 394 314
3 314 394 395
3 314 395 315
3 315 395 396
3 315 396 316
3 316 396 397
3 316 397 317
3 317 397 398
3 317 398 318
3 318 398 399
3 318 399 319
3 319 399 320
3 319 320 240
3 320 400 401
3 320 401 321
3 321 401 402
3 321 402 322
3 322 402 403
3 322 403 323
3 323 403 404
3 323 404 324
3 324 404 405
3 324 405 325
3 325 405 406
3 325 406 326
3 326 406 407
3 326 407 327
3 327 407 408
3 327 408 328
3 328 408 409
3 328 409 329
3 329 409 410
3 329 410 330
3 330 410 411
3 330 411 331
3 331 411 412
3 331 412 332
3 332 412 413
3 332 413 333
3 333 413 414
3 333 414 334
3 334 414 415
3 334 415 335
3 335 415 416
3 335 416 336
3 336 416 417
3 336 417 337
3 337 417 418
3 337 418 338
3 338 418 419
3 338 419 339
3 339 419 420
3 339 420 340
3 340 420 421
3 340 421 341
3 341 421 422
3 341 422 342
3 342 422 423
3 342 423 343
3 343 423 424
3 343 424 344
3 344 424 425
3 344 425 345
3 345 425 426
3 345 426 346
3 346 426 427
3 346 427 347
3 347 427 428
3 347 428 348
3 348 428 429
3 348 429 349
3 349 429 430
3 349 430 350
3 350 430 431
3 350 431 351
3 351 431 432
3 351 432 352
3 352 432 433
3 352 433 353
3 353 433 434
3 353 434 354
3 354 434 435
3 354 435 355
3 355 435 436
3 355 436 356
3 356 436 437
3 356 437 357
3 357 437 438
3 357 438 358
3 358 438 439
3 358 439 359
3 359 439 440
3 359 440 360
3 360 440 441
3 360 441 361
3 361 441 442
3 361 442 362
3 362 442 443
3 362 443 363
3 363 443 444
3 363 444 364
3 364 444 445
3 364 445 365
3 365 445 446
3 365 446 366
3 366 446 447
3 366 447 367
3 367 447 448
3 367 448 368
3 368 448 449
3 368 449 369
3 369 449 450
3 369 450 370
3 370 450 451
3 370 451 371
3 371 451 452
3 371 452 372
3 372 452 453
3 372 453 373
3 373 453 454
3 373 454 374
3 374 454 455
3 374 455 375
3 375 455 456
3 375 456 376
3 376 456 457
3 376 457 377
3 377 457 458
3 377 458 378
3 378 458 459
3 378 459 379
3 379 459 460
3 379 460 380
3 380 460 461
3 380 461 381
3 381 461 462
3 381 462 382
3 382 462 463
3 382 463 383
3 383 463 464
3 383 464 384
3 384 464 465
3 384 465 385
3 385 465 466
3 385 466 386
3 386 466 467
3 386 467 387
3 387 467 468
3 387 468 388
3 388 468 469
3 388 469 389
3 389 469 470
3 389 470 390
3 390 470 471
3 390 471 391
3 391 471 472
3 391 472 392
3 392 472 473
3 392 473 393
3 393 473 474
3 393 474 394
3 394 474 475
3 394 475 395
3 395 475 476
3 395 476 396
3 396 476 477
3 396 477 397
3 397 477 478
3 397 478 398
3 398 478 479
3 398 479 399
3 399 479 400
3 399 400 320
3 400 480 481
3 400 481 401
3 401 481 482
3 401 482 402
3 402 482 483
3 402 483 403
3 403 483 484
3 403 484 404
3 404 484 485
3 404 485 405
3 405 485 486
3 405 486 406
3 406 486 487
3 406 487 407
3 407 487 488
3 407 488 408
3 408 488 489
3 408 489 409
3 409 489 490
3 409 490 410
3 410 490 491
3 410 491 411
3 411 491 492
3 411 492 412
3 412 492 493
3 412 493 413
3 413 493 494
3 413 494 414
3 414 494 495
3 414 495 415
3 415 495 496
3 415 496 416
3 416 496 497
3 416 497 417
3 417 497 498
3 417 498 418
3 418 498 499
3 418 499 419
3 419 499 500
3 419 500 420
3 420 500 501
3 420 501 421
3 421 501 502
3 421 502 422
3 422 502 503
3 422 503 423
3 423 503 504
3 423 504 424
3 424 504 505
3 424 505 425
3 425 505 506
3 425 506 426
3 426 506 507
3 426 507 427
3 427 507 508
3 427 508 428
3 428 508 509
3 428 509 429
3 429 509 510
3 429 510 430
3 430 510 511
3 430 511 431
3 431 511 512
3 431 512 432
3 432 512 513
3 432 513 433
3 433 513 514
3 433 514 434
3 434 514 515
3 434 515 435
3 435 515 516
3 435 516 436
3 436 516 517
3 436 517 437
3 437 517 518
3 437 518 438
3 438 518 519
3 438 519 439
3 439 519 520
3 439 520 440
3 440 520 521
3 440 521 441
3 441 521 522
3 441 522 442
3 442 522 523
3 442 523 443
3 443 523 524
3 443 524 444
3 444 524 525
3 444 525 445
3 445 525 526
3 445 526 446
3 446 526 527
3 446 527 447
3 447 527 528
3 447 528 448
3 448 528 529
3 448 529 449
3 449 529 530
3 449 530 450
3 450 530 531
3 450 531 451
3 451 531 532
3 451 532 452
3 452 532 533
3 452 533 453
3 453 533 534
3 453 534 454
3 454 534 535
3 454 535 455
3 455 535 536
3 455 536 456
3 456 536 537
3 456 537 457
3 457 537 538
3 457 538 458
3 458 538 539
3 458 539 459
3 459 539 540
3 459 540 460
3 460 540 541
3 460 541 461
3 461 541 542
3 461 542 462
3 462 542 543
3 462 543 463
3 463 543 544
3 463 544 464
3 464 544 545
3 464 545 465
3 465 545 546
3 465 546 466
3 466 546 547
3 466 547 467
3 467 547 548
3 467 548 468
3 468 548 549
3 468 549 469
3 469 549 550
3 469 550 470
3 470 550 551
3 470 551 471
3 471 551 552
3 471 552 472
3 472 552 553
3 472 553 473
3 473 553 554
3 473 554 474
3 474 554 555
3 474 555 475
3 475 555 556
3 475 556 476
3 476 556 557
3 476 557 477
3 477 557 558
3 477 558 478
3 478 558 559
3 478 559 479
3 479 559 480
3 479 480 400
3 480 560 561
3 480 561 481
3 481 561 562
3 481 562 482
3 482 562 563
3 482 563 483
3 483 563 564
3 483 564 484
3 484 564 565
3 484 565 485
3 485 565 566
3 485 566 486
3 486 566 567
3 486 567 487
3 487 567 568
3 487 568 488
3 488 568 569
3 488 569 489
3 489 569 570
3 489 570 490
3 490 570 571
3 490 571 491
3 491 571 572
3 491 572 492
3 492 572 573
3 492 573 493
3 493 573 574
3 493 574 494
3 494 574 575
3 494 575 495
3 495 575 576
3 495 576 496
3 496 576 577
3 496 577 497
3 497 577 578
3 497 578 498
3 498 578 579
3 498 579 499
3 499 579 580
3 499 580 500
3 500 580 581
3 500 581 501
3 501 581 582
3 501 582 502
3 502 582 583
3 502 583 503
3 503 583 584
3 503 584 504
3 504 584 585
3 504 585 505
3 505 585 586
3 505 586 506
3 506 586 587
3 506 587 507
3 507 587 588
3 507 588 508
3 508 588 589
3 508 589 509
3 509 589 590
3 509 590 510
3 510 590 591
3 510 591 511
3 511 591 592
3 511 592 512
3 512 592 593
3 512 593 513
3 513 593 594
3 513 594 514
3 514 594 595
3 514 595 515
3 515 595 596
3 515 596 516
3 516 596 597
3 516 597 517
3 517 597 598
3 517 598 518
3 518 598 599
3 518 599 519
3 519 599 600
3 519 600 520
3 520 600 601
3 520 601 521
3 521 601 602
3 521 602 522
3 522 602 603
3 522 603 523
3 523 603 604
3 523 604 524
3 524 604 605
3 524 605 525
3 525 605 606
3 525 606 526
3 526 606 607
3 526 607 527
3 527 607 608
3 527 608 528
3 528 608 609
3 528 609 529
3 529 609 610
3 529 610 530
3 530 610 611
3 530 611 531
3 531 611 612
3 531 612 532
3 532 612 613
3 532 613 533
3 533 613 614
3 533 614 534
3 534 614 615
3 534 615 535
3 535 615 616
3 535 616 536
3 536 616 617
3 536 617 537
3 537 617 618
3 537 618 538
3 538 618 619
3 538 619 539
3 539 619 620
3 539 620 540
3 540 620 621
3 540 621 541
3 541 621 622
3 541 622 542
3 542 622 623
3 542 623 543
3 543 623 624
3 543 624 544
3 544 624 625
3 544 625 545
3 545 625 626
3 545 626 546
3 546 626 627
3 546 627 547
3 547 627 628
3 547 628 548
3 548 628 629
3 548 629 549
3 549 629 630
3 549 630 550
3 550 630 631
3 550 631 551
3 551 631 632
3 551 632 552
3 552 632 633
3 552 633 553
3 553 633 634
3 553 634 554
3 554 634 635
3 554 635 555
3 555 635 636
3 555 636 556
3 556 636 637
3 556 637 557
3 557 637 638
3 557 638 558
3 558 638 639
3 558 639 559
3 559 639 560
3 559 560 480
3 560 640 641
3 560 641 561
3 561 641 642
3 561 642 562
3 562 642 643
3 562 643 563
3 563 643 644
3 563 644 564
3 564 644 645
3 564 645 565
3 565 645 646
3 565 646 566
3 566 646 647
3 566 647 567
3 567 647 648
3 567 648 568
3 568 648 649
3 568 649 569
3 569 649 650
3 569 650 570
3 570 650 651
3 570 651 571
3 571 651 652
3 571 652 572
3 572 652 653
3 572 653 573
3 573 653 654
3 573 654 574
3 574 654 655
3 574 655 575
3 575 655 656
3 575 656 576
3 576 656 657
3 576 657 577
3 577 657 658
3 577 658 578
3 578 658 659
3 578 659 579
3 579 659 660
3 579 660 580
3 580 660 661
3 580 661 581
3 581 661 662
3 581 662 582
3 582 662 663
3 582 663 583
3 583 663 664
3 583 664 584
3 584 664 665
3 584 665 585
3 585 665 666
3 585 666 586
3 586 666 667
3 586 667 587
3 587 667 668
3 587 668 588
3 588 668 669
3 588 669 589
3 589 669 670
3 589 670 590
3 590 670 671
3 590 671 591
3 591 671 672
3 591 672 592
3 592 672 673
3 592 673 593
3 593 673 674
3 593 674 594
3 594 674 675
3 594 675 595
3 595 675 676
3 595 676 596
3 596 676 677
3 596 677 597
3 597 677 678
3 597 678 598
3 598 678 679
3 598 679 599
3 599 679 680
3 599 680 600
3 600 680 681
3 600 681 601
3 601 681 682
3 601 682 602
3 602 682 683
3 602 683 603
3 603 683 684
3 603 684 604
3 604 684 685
3 604 685 605
3 605 685 686
3 605 686 606
3 606 686 687
3 606 687 607
3 607 687 688
3 607 688 608
3 608 688 689
3 608 689 609
3 609 689 690
3 609 690 610
3 610 690 691
3 610 691 611
3 611 691 692
3 611 692 612
3 612 692 693
3 612 693 613
3 613 693 694
3 613 694 614
3 614 694 695
3 614 695 615
3 615 695 696
3 615 696 616
3 616 696 697
3 616 697 617
3 617 697 698
3 617 698 618
3 618 698 699
3 618 699 619
3 619 699 700
3 619 700 620
3 620 700 701
3 620 701 621
3 621 701 702
3 621 702 622
3 622 702 703
3 622 703 623
3 623 703 704
3 623 704 624
3 624 704 705
3 624 705 625
3 625 705 706
3 625 706 626
3 626 706 707
3 626 707 627
3 627 707 708
3 627 708 628
3 628 708 709
3 628 709 629
3 629 709 710
3 629 710 630
3 630 710 711
3 630 711 631
3 631 711 712
3 631 712 632
3 632 712 713
3 632 713 633
3 633 713 714
3 633 714 634
3 634 714 715
3 634 715 635
3 635 715 716
3 635 716 636
3 636 716 717
3 636 717 637
3 637 717 718
3 637 718 638
3 638 718 719
3 638 719 639
3 639 719 640
3 639 640 560
3 640 720 721
3 640 721 641
3 641 721 722
3 641 722 642
3 642 722 723
3 642 723 643
3 643 723 724
3 643 724 644
3 644 724 725
3 644 725 645
3 645 725 726
3 645 726 646
3 646 726 727
3 646 727 647
3 647 727 728
3 647 728 648
3 648 728 729
3 648 729 649
3 649 729 730
3 649 730 650
3 650 730 731
3 650 731 651
3 651 731 732
3 651 732 652
3 652 732 733
3 652 733 653
3 653 733 734
3 653 734 654
3 654 734 735
3 654 735 655
3 655 735 736
3 655 736 656
3 656 736 737
3 656 737 657
3 657 737 738
3 657 738 658
3 658 738 739
3 658 739 659
3 659 739 740
3 659 740 660
3 660 740 741
3 660 741 661
3 661 741 742
3 661 742 662
3 662 742 743
3 662 743 663
3 663 743 744
3 663 744 664
3 664 744 745
3 664 745 665
3 665 745 746
3 665 746 666
3 666 746 747
3 666 747 667
3 667 747 748
3 667 748 668
3 668 748 749
3 668 749 669
3 669 749 750
3 669 750 670
3 670 750 751
3 670 751 671
3 671 751 752
3 671 752 672
3 672 752 753
3 672 753 673
3 673 753 754
3 673 754 674
3 674 754 755
3 674 755 675
3 675 755 756
3 675 756 676
3 676 756 757
3 676 757 677
3 677 757 758
3 677 758 678
3 678 758 759
3 678 759 679
3 679 759 760
3 679 760 680
3 680 760 761
3 680 761 681
3 681 761 762
3 681 762 682
3 682 762 763
3 682 763 683
3 683 763 764
3 683 764 684
3 684 764 765
3 684 765 685
3 685 765 766
3 685 766 686
3 686 766 767
3 686 767 687
3 687 767 768
3 687 768 688
3 688 768 769
3 688 769 689
3 689 769 770
3 689 770 690
3 690 770 771
3 690 771 691
3 691 771 772
3 691 772 692
3 692 772 773
3 692 773 693
3 693 773 774
3 693 774 694
3 694 774 775
3 694 775 695
3 695 775 776
3 695 776 696
3 696 776 777
3 696 777 697
3 697 777 778
3 697 778 698
3 698 778 779
3 698 779 699
3 699 779 780
3 699 780 700
3 700 780 781
3 700 781 701
3 701 781 782
3 701 782 702
3 702 782 783
3 702 783 703
3 703 783 784
3 703 784 704
3 704 784 785
3 704 785 705
3 705 785 786
3 705 786 706
3 706 786 787
3 706 787 707
3 707 787 788
3 707 788 708
3 708 788 789
3 708 789 709
3 709 789 790
3 709 790 710
3 710 790 791
3 710 791 711
3 711 791 792
3 711 792 712
3 712 792 793
3 712 793 713
3 713 793 794
3 713 794 714
3 714 794 795
3 714 795 715
3 715 795 796
3 715 796 716
3 716 796 797
3 716 797 717
3 717 797 798
3 717 798 718
3 718 798 799
3 718 799 719
3 719 799 720
3 719 720 640
3 720 800 801
3 720 801 721
3 721 801 802
3 721 802 722
3 722 802 803
3 722 803 723
3 723 803 804
3 723 804 724
3 724 804 805
3 724 805 725
3 725 805 806
3 725 806 726
3 726 806 807
3 726 807 727
3 727 807 808
3 727 808 728
3 728 808 809
3 728 809 729
3 729 809 810
3 729 810 730
3 730 810 811
3 730 811 731
3 731 811 812
3 731 812 732
3 732 812 813
3 732 813 733
3 733 813 814
3 733 814 734
3 734 814 815
3 734 815 735
3 735 815 816
3 735 816 736
3 736 816 817
3 736 817 737
3 737 817 818
3 737 818 738
3 738 818 819
3 738 819 739
3 739 819 820
3 739 820 740
3 740 820 821
3 740 821 741
3 741 821 822
3 741 822 742
3 742 822 823
3 742 823 743
3 743 823 824
3 743 824 744
3 744 824 825
3 744 825 745
3 745 825 826
3 745 826 746
3 746 826 827
3 746 827 747
3 747 827 828
3 747 828 748
3 748 828 829
3 748 829 749
3 749 829 830
3 749 830 750
3 750 830 831
3 750 831 751
3 751 831 832
3 751 832 752
3 752 832 833
3 752 833 753
3 753 833 834
3 753 834 754
3 754 834 835
3 754 835 755
3 755 835 836
3 755 836 756
3 756 836 837
3 756 837 757
3 757 837 838
3 757 838 758
3 758 838 839
3 758 839 759
3 759 839 840
3 759 840 760
3 760 840 841
3 760 841 761
3 761 841 842
3 761 842 762
3 762 842 843
3 762 843 763
3 763 843 844
3 763 844 764
3 764 844 845
3 764 845 765
3 765 845 846
3 765 846 766
3 766 846 847
3 766 847 767
3 767 847 848
3 767 848 768
3 768 848 849
3 768 849 769
3 769 849 850
3 769 850 770
3 770 850 851
3 770 851 771
3 771 851 852
3 771 852 772
3 772 852 853
3 772 853 773
3 773 853 854
3 773 854 774
3 774 854 855
3 774 855 775
3 775 855 856
3 775 856 776
3 776 856 857
3 776 857 777
3 777 857 858
3 777 858 778
3 778 858 859
3 778 859 779
3 779 859 860
3 779 860 780
3 780 860 861
3 780 861 781
3 781 861 862
3 781 862 782
3 782 862 863
3 782 863 783
3 783 863 864
3 783 864 784
3 784 864 865
3 784 865 785
3 785 865 866
3 785 866 786
3 786 866 867
3 786 867 787
3 787 867 868
3 787 868 788
3 788 868 869
3 788 869 789
3 789 869 870
3 789 870 790
3 790 870 871
3 790 871 791
3 791 871 872
3 791 872 792
3 792 872 873
3 792 873 793
3 793 873 874
3 793 874 794
3 794 874 875
3 794 875 795
3 795 875 876
3 795 876 796
3 796 876 877
3 796 877 797
3 797 877 878
3 797 878 798
3 798 878 879
3 798 879 799
3 799 879 800
3 799 800 720
3 800 880 881
3 800 881 801
3 801 881 882
3 801 882 802
3 802 882 883
3 802 883 803
3 803 883 884
3 803 884 804
3 804 884 885
3 804 885 805
3 805 885 886
3 805 886 806
3 806 886 887
3 806 887 807
3 807 887 888
3 807 888 808
3 808 888 889
3 808 889 809
3 809 889 890
3 809 890 810
3 810 890 891
3 810 891 811
3 811 891 892
3 811 892 812
3 812 892 893
3 812 893 813
3 813 893 894
3 813 894 814
3 814 894 895
3 814 895 815
3 815 895 896
3 815 896 816
3 816 896 897
3 816 897 817
3 817 897 898
3 817 898 818
3 818 898 899
3 818 899 819
3 819 899 900
3 819 900 820
3 820 900 901
3 820 901 821
3 821 901 902
3 821 902 822
3 822 902 903
3 822 903 823
3 823 903 904
3 823 904 824
3 824 904 905
3 824 905 825
3 825 905 906
3 825 906 826
3 826 906 907
3 826 907 827
3 827 907 908
3 827 908 828
3 828 908 909
3 828 909 829
3 829 909 910
3 829 910 830
3 830 910 911
3 830 911 831
3 831 911 912
3 831 912 832
3 832 912 913
3 832 913 833
3 833 913 914
3 833 914 834
3 834 914 915
3 834 915 835
3 835 915 916
3 835 916 836
3 836 916 917
3 836 917 837
3 837 917 918
3 837 918 838
3 838 918 919
3 838 919 839
3 839 919 920
3 839 920 840
3 840 920 921
3 840 921 841
3 841 921 922
3 841 922 842
3 842 922 923
3 842 923 843
3 843 923 924
3 843 924 844
3 844 924 925
3 844 925 845
3 845 925 926
3 845 926 846
3 846 926 927
3 846 927 847
3 847 927 928
3 847 928 848
3 848 928 929
3 848 929 849
3 849 929 930
3 849 930 850
3 850 930 931
3 850 931 851
3 851 931 932
3 851 932 852
3 852 932 933
3 852 933 853
3 853 933 934
3 853 934 854
3 854 934 935
3 854 935 855
3 855 935 936
3 855 936 856
3 856 936 937
3 856 937 857
3 857 937 938
3 857 938 858
3 858 938 939
3 858 939 859
3 859 939 940
3 859 940 860
3 860 940 941
3 860 941 861
3 861 941 942
3 861 942 862
3 862 942 943
3 862 943 863
3 863 943 944
3 863 944 864
3 864 944 945
3 864 945 865
3 865 945 946
3 865 946 866
3 866 946 947
3 866 947 867
3 867 947 948
3 867 948 868
3 868 948 949
3 868 949 869
3 869 949 950
3 869 950 870
3 870 950 951
3 870 951 871
3 871 951 952
3 871 952 872
3 872 952 953
3 872 953 873
3 873 953 954
3 873 954 874
3 874 954 955
3 874 955 875
3 875 955 956
3 875 956 876
3 876 956 957
3 876 957 877
3 877 957 958
3 877 958 878
3 878 958 959
3 878 959 879
3 879 959 880
3 879 880 800
3 880 960 961
3 880 961 881
3 881 961 962
3 881 962 882
3 882 962 963
3 882 963 883
3 883 963 964
3 883 964 884
3 884 964 965
3 884 965 885
3 885 965 966
3 885 966 886
3 886 966 967
3 886 967 887
3 887 967 968
3 887 968 888
3 888 968 969
3 888 969 889
3 889 969 970
3 889 970 890
3 890 970 971
3 890 971 891
3 891 971 972
3 891 972 892
3 892 972 973
3 892 973 893
3 893 973 974
3 893 974 894
3 894 974 975
3 894 975 895
3 895 975 976
3 895 976 896
3 896 976 977
3 896 977 897
3 897 977 978
3 897 978 898
3 898 978 979
3 898 979 899
3 899 979 980
3 899 980 900
3 900 980 981
3 900 981 901
3 901 981 982
3 901 982 902
3 902 982 983
3 902 983 903
3 903 983 984
3 903 984 904
3 904 984 985
3 904 985 905
3 905 985 986
3 905 986 906
3 906 986 987
3 906 987 907
3 907 987 988
3 907 988 908
3 908 988 989
3 908 989 909
3 909 989 990
3 909 990 910
3 910 990 991
3 910 991 911
3 911 991 992
3 911 992 912
3 912 992 993
3 912 993 913
3 913 993 994
3 913 994 914
3 914 994 995
3 914 995 915
3 915 995 996
3 915 996 916
3 916 996 997
3 916 997 917
3 917 997 998
3 917 998 918
3 918 998 999
3 918 999 919
3 919 999 1000
3 919 1000 920
3 920 1000 1001
3 920 1001 921
3 921 1001 1002
3 921 1002 922
3 922 1002 1003
3 922 1003 923
3 923 1003 1004
3 923 1004 924
3 924 1004 1005
3 924 1005 925
3 925 1005 1006
3 925 1006 926
3 926 1006 1007
3 926 1007 927
3 927 1007 1008
3 927 1008 928
3 928 1008 1009
3 928 1009 929
3 929 1009 1010
3 929 1010 930
3 930 1010 1011
3 930 1011 931
3 931 1011 1012
3 931 1012 932
3 932 1012 1013
3 932 1013 933
3 933 1013 1014
3 933 1014 934
3 934 1014 1015
3 934 1015 935
3 935 1015 1016
3 935 1016 936
3 936 1016 1017
3 936 1017 937
3 937 1017 1018
3 937 1018 938
3 938 1018 1019
3 938 1019 939
3 939 1019 1020
3 939 1020 940
3 940 1020 1021
3 940 1021 941
3 941 1021 1022
3 941 1022 942
3 942 1022 1023
3 942 1023 943
3 943 1023 1024
3 943 1024 944
3 944 1024 1025
3 944 1025 945
3 945 1025 1026
3 945 1026 946
3 946 1026 1027
3 946 1027 947
3 947 1027 1028
3 947 1028 948
3 948 1028 1029
3 948 1029 949
3 949 1029 1030
3 949 1030 950
3 950 1030 1031
3 950 1031 951
3 951 1031 1032
3 951 1032 952
3 952 1032 1033
3 952 1033 953
3 953 1033 1034
3 953 1034 954
3 954 1034 1035
3 954 1035 955
3 955 1035 1036
3 955 1036 956
3 956 1036 1037
3 956 1037 957
3 957 1037 1038
3 957 1038 958
3 958 1038 1039
3 958 1039 959
3 959 1039 960
3 959 960 880
3 960 1040 1041
3 960 1041 961
3 961 1041 1042
3 961 1042 962
3 962 1042 1043
3 962 1043 963
3 963 1043 1044
3 963 1044 964
3 964 1044 1045
3 964 1045 965
3 965 1045 1046
3 965 1046 966
3 966 1046 1047
3 966 1047 967
3 967 1047 1048
3 967 1048 968
3 968 1048 1049
3 968 1049 969
3 969 1049 1050
3 969 1050 970
3 970 1050 1051
3 970 1051 971
3 971 1051 1052
3 971 1052 972
3 972 1052 1053
3 972 1053 973
3 973 1053 1054
3 973 1054 974
3 974 1054 1055
3 974 1055 975
3 975 1055 1056
3 975 1056 976
3 976 1056 1057
3 976 1057 977
3 977 1057 1058
3 977 1058 978
3 978 1058 1059
3 978 1059 979
3 979 1059 1060
3 979 1060 980
3 980 1060 1061
3 980 1061 981
3 981 1061 1062
3 981 1062 982
3 982 1062 1063
3 982 1063 983
3 983 1063 1064
3 983 1064 984
3 984 1064 1065
3 984 1065 985
3 985 1065 1066
3 985 1066 986
3 986 1066 1067
3 986 1067 987
3 987 1067 1068
3 987 1068 988
3 988 1068 1069
3 988 1069 989
3 989 1069 1070
3 989 1070 990
3 990 1070 1071
3 990 1071 991
3 991 1071 1072
3 991 1072 992
3 992 1072 1073
3 992 1073 993
3 993 1073 1074
3 993 1074 994
3 994 1074 1075
3 994 1075 995
3 995 1075 1076
3 995 1076 996
3 996 1076 1077
3 996 1077 997
3 997 1077 1078
3 997 1078 998
3 998 1078 1079
3 998 1079 999
3 999 1079 1080
3 999 1080 1000
3 1000 1080 1081
3 1000 1081 1001
3 1001 1081 1082
3 1001 1082 1002
3 1002 1082 1083
3 1002 1083 1003
3 1003 1083 1084
3 1003 1084 1004
3 1004 1084 1085
3 1004 1085 1005
3 1005 1085 1086
3 1005 1086 1006
3 1006 1086 1087
3 1006 1087 1007
3 1007 1087 1088
3 1007 1088 1008
3 1008 1088 1089
3 1008 1089 1009
3 1009 1089 1090
3 1009 1090 1010
3 1010 1090 1091
3 1010 1091 1011
3 1011 1091 1092
3 1011 1092 1012
3 1012 1092 1093
3 1012 1093 1013
3 1013 1093 1094
3 1013 1094 1014
3 1014 1094 1095
3 1014 1095 1015
3 1015 1095 1096
3 1015 1096 1016
3 1016 1096 1097
3 1016 1097 1017
3 1017 1097 1098
3 1017 1098 1018
3 1018 1098 1099
3 1018 1099 1019
3 1019 1099 1100
3 1019 1100 1020
3 1020 1100 1101
3 1020 1101 1021
3 1021 1101 1102
3 1021 1102 1022
3 1022 1102 1103
3 1022 1103 1023
3 1023 1103 1104
3 1023 1104 1024
3 1024 1104 1105
3 1024 1105 1025
3 1025 1105 1106
3 1025 1106 1026
3 1026 1106 1107
3 1026 1107 1027
3 1027 1107 1108
3 1027 1108 1028
3 1028 1108 1109
3 1028 1109 1029
3 1029 1109 1110
3 1029 1110 1030
3 1030 1110 1111
3 1030 1111 1031
3 1031 1111 1112
3 1031 1112 1032
3 1032 1112 1113
3 1032 1113 1033
3 1033 1113 1114
3 1033 1114 1034
3 1034 1114 1115
3 1034 1115 1035
3 1035 1115 1116
3 1035 1116 1036
3 1036 1116 1117
3 1036 1117 1037
3 1037 1117 1118
3 1037 1118 1038
3 1038 1118 1119
3 1038 1119 1039
3 1039 1119 1040
3 1039 1040 960
3 1040 1120 1121
3 1040 1121 1041
3 1041 1121 1122
3 1041 1122 1042
3 1042 1122 1123
3 1042 1123 1043
3 1043 1123 1124
3 1043 1124 1044
3 1044 1124 1125
3 1044 1125 1045
3 1045 1125 1126
3 1045 1126 1046
3 1046 1126 1127
3 1046 1127 1047
3 1047 1127 1128
3 1047 1128 1048
3 1048 1128 1129
3 1048 1129 1049
3 1049 1129 1130
3 1049 1130 1050
3 1050 1130 1131
3 1050 1131 1051
3 1051 1131 1132
3 1051 1132 1052
3 1052 1132 1133
3 1052 1133 1053
3 1053 1133 1134
3 1053 1134 1054
3 1054 1134 1135
3 1054 1135 1055
3 1055 1135 1136
3 1055 1136 1056
3 1056 1136 1137
3 1056 1137 1057
3 1057 1137 1138
3 1057 1138 1058
3 1058 1138 1139
3 1058 1139 1059
3 1059 1139 1140
3 1059 1140 1060
3 1060 1140 1141
3 1060 1141 1061
3 1061 1141 1142
3 1061 1142 1062
3 1062 1142 1143
3 1062 1143 1063
3 1063 1143 1144
3 1063 1144 1064
3 1064 1144 1145
3 1064 1145 1065
3 1065 1145 1146
3 1065 1146 1066
3 1066 1146 1147
3 1066 1147 1067
3 1067 1147 1148
3 1067 1148 1068
3 1068 1148 1149
3 1068 1149 1069
3 1069 1149 1150
3 1069 1150 1070
3 1070 1150 1151
3 1070 1151 1071
3 1071 1151 1152
3 1071 1152 1072
3 1072 1152 1153
3 1072 1153 1073
3 1073 1153 1154
3 1073 1154 1074
3 1074 1154 1155
3 1074 1155 1075
3 1075 1155 1156
3 1075 1156 1076
3 1076 1156 1157
3 1076 1157 1077
3 1077 1157 1158
3 1077 1158 1078
3 1078 1158 1159
3 1078 1159 1079
3 1079 1159 1160
3 1079 1160 1080
3 1080 1160 1161
3 1080 1161 1081
3 1081 1161 1162
3 1081 1162 1082
3 1082 1162 1163
3 1082 1163 1083
3 1083 1163 1164
3 1083 1164 1084
3 1084 1164 1165
3 1084 1165 1085
3 1085 1165 1166
3 1085 1166 1086
3 1086 1166 1167
3 1086 1167 1087
3 1087 1167 1168
3 1087 1168 1088
3 1088 1168 1169
3 1088 1169 1089
3 1089 1169 1170
3 1089 1170 1090
3 1090 1170 1171
3 1090 1171 1091
3 1091 1171 1172
3 1091 1172 1092
3 1092 1172 1173
3 1092 1173 1093
3 1093 1173 1174
3 1093 1174 1094
3 1094 1174 1175
3 1094 1175 1095
3 1095 1175 1176
3 1095 1176 1096
3 1096 1176 1177
3 1096 1177 1097
3 1097 1177 1178
3 1097 1178 1098
3 1098 1178 1179
3 1098 1179 1099
3 1099 1179 1180
3 1099 1180 1100
3 1100 1180 1181
3 1100 1181 1101
3 1101 1181 1182
3 1101 1182 1102
3 1102 1182 1183
3 1102 1183 1103
3 1103 1183 1184
3 1103 1184 1104
3 1104 1184 1185
3 1104 1185 1105
3 1105 1185 1186
3 1105 1186 1106
3 1106 1186 1187
3 1106 1187 1107
3 1107 1187 1188
3 1107 1188 1108
3 1108 1188 1189
3 1108 1189 1109
3 1109 1189 1190
3 1109 1190 1110
3 1110 1190 1191
3 1110 1191 1111
3 1111 1191 1192
3 1111 1192 1112
3 1112 1192 1193
3 1112 1193 1113
3 1113 1193 1194
3 1113 1194 1114
3 1114 1194 1195
3 1114 1195 1115
3 1115 1195 1196
3 1115 1196 1116
3 1116 1196 1197
3 1116 1197 1117
3 1117 1197 1198
3 1117 1198 1118
3 1118 1198 1199
3 1118 1199 1119
3 1119 1199 1120
3 1119 1120 1040
3 1120 1200 1201
3 1120 1201 1121
3 1121 1201 1202
3 1121 1202 1122
3 1122 1202 1203
3 1122 1203 1123
3 1123 1203 1204
3 1123 1204 1124
3 1124 1204 1205
3 1124 1205 1125
3 1125 1205 1206
3 1125 1206 1126
3 1126 1206 1207
3 1126 1207 1127
3 1127 1207 1208
3 1127 1208 1128
3 1128 1208 1209
3 1128 1209 1129
3 1129 1209 1210
3 1129 1210 1130
3 1130 1210 1211
3 1130 1211 1131
3 1131 1211 1212
3 1131 1212 1132
3 1132 1212 1213
3 1132 1213 1133
3 1133 1213 1214
3 1133 1214 1134
3 1134 1214 1215
3 1134 1215 1135
3 1135 1215 1216
3 1135 1216 1136
3 1136 1216 1217
3 1136 1217 1137
3 1137 1217 1218
3 1137 1218 1138
3 1138 1218 1219
3 1138 1219 1139
3 1139 1219 1220
3 1139 1220 1140
3 1140 1220 1221
3 1140 1221 1141
3 1141 1221 1222
3 1141 1222 1142
3 1142 1222 1223
3 1142 1223 1143
3 1143 1223 1224
3 1143 1224 1144
3 1144 1224 1225
3 1144 1225 1145
3 1145 1225 1226
3 1145 1226 1146
3 1146 1226 1227
3 1146 1227 1147
3 1147 1227 1228
3 1147 1228 1148
3 1148 1228 1229
3 1148 1229 1149
3 1149 1229 1230
3 1149 1230 1150
3 1150 1230 1231
3 1150 1231 1151
3 1151 1231 1232
3 1151 1232 1152
3 1152 1232 1233
3 1152 1233 1153
3 1153 1233 1234
3 1153 1234 1154
3 1154 1234 1235
3 1154 1235 1155
3 1155 1235 1236
3 1155 1236 1156
3 1156 1236 1237
3 1156 1237 1157
3 1157 1237 1238
3 1157 1238 1158
3 1158 1238 1239
3 1158 1239 1159
3 1159 1239 1240
3 1159 1240 1160
3 1160 1240 1241
3 1160 1241 1161
3 1161 1241 1242
3 1161 1242 1162
3 1162 1242 1243
3 1162 1243 1163
3 1163 1243 1244
3 1163 1244 1164
3 1164 1244 1245
3 1164 1245 1165
3 1165 1245 1246
3 1165 1246 1166
3 1166 1246 1247
3 1166 1247 1167
3 1167 1247 1248
3 1167 1248 1168
3 1168 1248 1249
3 1168 1249 1169
3 1169 1249 1250
3 1169 1250 1170
3 1170 1250 1251
3 1170 1251 1171
3 1171 1251 1252
3 1171 1252 1172
3 1172 1252 1253
3 1172 1253 1173
3 1173 1253 1254
3 1173 1254 1174
3 1174 1254 1255
3 1174 1255 1175
3 1175 1255 1256
3 1175 1256 1176
3 1176 1256 1257
3 1176 1257 1177
3 1177 1257 1258
3 1177 1258 1178
3 1178 1258 1259
3 1178 1259 1179
3 1179 1259 1260
3 1179 1260 1180
3 1180 1260 1261
3 1180 1261 1181
3 1181 1261 1262
3 1181 1262 1182
3 1182 1262 1263
3 1182 1263 1183
3 1183 1263 1264
3 1183 1264 1184
3 1184 1264 1265
3 1184 1265 1185
3 1185 1265 1266
3 1185 1266 1186
3 1186 1266 1267
3 1186 1267 1187
3 1187 1267 1268
3 1187 1268 1188
3 1188 1268 1269
3 1188 1269 1189
3 1189 1269 1270
3 1189 1270 1190
3 1190 1270 1271
3 1190 1271 1191
3 1191 1271 1272
3 1191 1272 1192
3 1192 1272 1273
3 1192 1273 1193
3 1193 1273 1274
3 1193 1274 1194
3 1194 1274 1275
3 1194 1275 1195
3 1195 1275 1276
3 1195 1276 1196
3 1196 1276 1277
3 1196 1277 1197
3 1197 1277 1278
3 1197 1278 1198
3 1198 1278 1279
3 1198 1279 1199
3 1199 1279 1200
3 1199 1200 1120
3 1200 1280 1281
3 1200 1281 1201
3 1201 1281 1282
3 1201 1282 1202
3 1202 1282 1283
3 1202 1283 1203
3 1203 1283 1284
3 1203 1284 1204
3 1204 1284 1285
3 1204 1285 1205
3 1205 1285 1286
3 1205 1286 1206
3 1206 1286 1287
3 1206 1287 1207
3 1207 1287 1288
3 1207 1288 1208
3 1208 1288 1289
3 1208 1289 1209
3 1209 1289 1290
3 1209 1290 1210
3 1210 1290 1291
3 1210 1291 1211
3 1211 1291 1292
3 1211 1292 1212
3 1212 1292 1293
3 1212 1293 1213
3 1213 1293 1294
3 1213 1294 1214
3 1214 1294 1295
3 1214 1295 1215
3 1215 1295 1296
3 1215 1296 1216
3 1216 1296 1297
3 1216 1297 1217
3 1217 1297 1298
3 1217 1298 1218
3 1218 1298 1299
3 1218 1299 1219
3 1219 1299 1300
3 1219 1300 1220
3 1220 1300 1301
3 1220 1301 1221
3 1221 1301 1302
3 1221 1302 1222
3 1222 1302 1303
3 1222 1303 1223
3 1223 1303 1304
3 1223 1304 1224
3 1224 1304 1305
3 1224 1305 1225
3 1225 1305 1306
3 1225 1306 1226
3 1226 1306 1307
3 1226 1307 1227
3 1227 1307 1308
3 1227 1308 1228
3 1228 1308 1309
3 1228 1309 1229
3 1229 1309 1310
3 1229 1310 1230
3 1230 1310 1311
3 1230 1311 1231
3 1231 1311 1312
3 1231 1312 1232
3 1232 1312 1313
3 1232 1313 1233
3 1233 1313 1314
3 1233 1314 1234
3 1234 1314 1315
3 1234 1315 1235
3 1235 1315 1316
3 1235 1316 1236
3 1236 1316 1317
3 1236 1317 1237
3 1237 1317 1318
3 1237 1318 1238
3 1238 1318 1319
3 1238 1319 1239
3 1239 1319 1320
3 1239 1320 1240
3 1240 1320 1321
3 1240 1321 1241
3 1241 1321 1322
3 1241 1322 1242
3 1242 1322 1323
3 1242 1323 1243
3 1243 1323 1324
3 1243 1324 1244
3 1244 1324 1325
3 1244 1325 1245
3 1245 1325 1326
3 1245 1326 1246
3 1246 1326 1327
3 1246 1327 1247
3 1247 1327 1328
3 1247 1328 1248
3 1248 1328 1329
3 1248 1329 1249
3 1249 1329 1330
3 1249 1330 1250
3 1250 1330 1331
3 1250 1331 1251
3 1251 1331 1332
3 1251 1332 1252
3 1252 1332 1333
3 1252 1333 1253
3 1253 1333 1334
3 1253 1334 1254
3 1254 1334 1335
3 1254 1335 1255
3 1255 1335 1336
3 1255 1336 1256
3 1256 1336 1337
3 1256 1337 1257
3 1257 1337 1338
3 1257 1338 1258
3 1258 1338 1339
3 1258 1339 1259
3 1259 1339 1340
3 1259 1340 1260
3 1260 1340 1341
3 1260 1341 1261
3 1261 1341 1342
3 1261 1342 1262
3 1262 1342 1343
3 1262 1343 1263
3 1263 1343 1344
3 1263 1344 1264
3 1264 1344 1345
3 1264 1345 1265
3 1265 1345 1346
3 1265 1346 1266
3 1266 1346 1347
3 1266 1347 1267
3 1267 1347 1348
3 1267 1348 1268
3 1268 1348 1349
3 1268 1349 1269
3 1269 1349 1350
3 1269 1350 1270
3 1270 1350 1351
3 1270 1351 1271
3 1271 1351 1352
3 1271 1352 1272
3 1272 1352 1353
3 1272 1353 1273
3 1273 1353 1354
3 1273 1354 1274
3 1274 1354 1355
3 1274 1355 1275
3 1275 1355 1356
3 1275 1356 1276
3 1276 1356 1357
3 1276 1357 1277
3 1277 1357 1358
3 1277 1358 1278
3 1278 1358 1359
3 1278 1359 1279
3 1279 1359 1280
3 1279 1280 1200
3 1280 1360 1361
3 1280 1361 1281
3 1281 1361 1362
3 1281 1362 1282
3 1282 1362 1363
3 1282 1363 1283
3 1283 1363 1364
3 1283 1364 1284
3 1284 1364 1365
3 1284 1365 1285
3 1285 1365 1366
3 1285 1366 1286
3 1286 1366 1367
3 1286 1367 1287
3 1287 1367 1368
3 1287 1368 1288
3 1288 1368 1369
3 1288 1369 1289
3 1289 1369 1370
3 1289 1370 1290
3 1290 1370 1371
3 1290 1371 1291
3 1291 1371 1372
3 1291 1372 1292
3 1292 1372 1373
3 1292 1373 1293
3 1293 1373 1374
3 1293 1374 1294
3 1294 1374 1375
3 1294 1375 1295
3 1295 1375 1376
3 1295 1376 1296
3 1296 1376 1377
3 1296 1377 1297
3 1297 1377 1378
3 1297 1378 1298
3 1298 1378 1379
3 1298 1379 1299
3 1299 1379 1380
3 1299 1380 1300
3 1300 1380 1381
3 1300 1381 1301
3 1301 1381 1382
3 1301 1382 1302
3 1302 1382 1383
3 1302 1383 1303
3 1303 1383 1384
3 1303 1384 1304
3 1304 1384 1385
3 1304 1385 1305
3 1305 1385 1386
3 1305 1386 1306
3 1306 1386 1387
3 1306 1387 1307
3 1307 1387 1388
3 1307 1388 1308
3 1308 1388 1389
3 1308 1389 1309
3 1309 1389 1390
3 1309 1390 1310
3 1310 1390 1391
3 1310 1391 1311
3 1311 1391 1392
3 1311 1392 1312
3 1312 1392 1393
3 1312 1393 1313
3 1313 1393 1394
3 1313 1394 1314
3 1314 1394 1395
3 1314 1395 1315
3 1315 1395 1396
3 1315 1396 1316
3 1316 1396 1397
3 1316 1397 1317
3 1317 1397 1398
3 1317 1398 1318
3 1318 1398 1399
3 1318 1399 1319
3 1319 1399 1400
3 1319 1400 1320
3 1320 1400 1401
3 1320 1401 1321
3 1321 1401 1402
3 1321 1402 1322
3 1322 1402 1403
3 1322 1403 1323
3 1323 1403 1404
3 1323 1404 1324
3 1324 1404 1405
3 1324 1405 1325
3 1325 1405 1406
3 1325 1406 1326
3 1326 1406 1407
3 1326 1407 1327
3 1327 1407 1408
3 1327 1408 1328
3 1328 1408 1409
3 1328 1409 1329
3 1329 1409 1410
3 1329 1410 1330
3 1330 1410 1411
3 1330 1411 1331
3 1331 1411 1412
3 1331 1412 1332
3 1332 1412 1413
3 1332 1413 1333
3 1333 1413 1414
3 1333 1414 1334
3 1334 1414 1415
3 1334 1415 1335
3 1335 1415 1416
3 1335 1416 1336
3 1336 1416 1417
3 1336 1417 1337
3 1337 1417 1418
3 1337 1418 1338
3 1338 1418 1419
3 1338 1419 1339
3 1339 1419 1420
3 1339 1420 1340
3 1340 1420 1421
3 1340 1421 1341
3 1341 1421 1422
3 1341 1422 1342
3 1342 1422 1423
3 1342 1423 1343
3 1343 1423 1424
3 1343 1424 1344
3 1344 1424 1425
3 1344 1425 1345
3 1345 1425 1426
3 1345 1426 1346
3 1346 1426 1427
3 1346 1427 1347
3 1347 1427 1428
3 1347 1428 1348
3 1348 1428 1429
3 1348 1429 1349
3 1349 1429 1430
3 1349 1430 1350
3 1350 1430 1431
3 1350 1431 1351
3 1351 1431 1432
3 1351 1432 1352
3 1352 1432 1433
3 1352 1433 1353
3 1353 1433 1434
3 1353 1434 1354
3 1354 1434 1435
3 1354 1435 1355
3 1355 1435 1436
3 1355 1436 1356
3 1356 1436 1437
3 1356 1437 1357
3 1357 1437 1438
3 1357 1438 1358
3 1358 1438 1439
3 1358 1439 1359
3 1359 1439 1360
3 1359 1360 1280
3 1360 1440 1441
3 1360 1441 1361
3 1361 1441 1442
3 1361 1442 1362
3 1362 1442 1443
3 1362 1443 1363
3 1363 1443 1444
3 1363 1444 1364
3 1364 1444 1445
3 1364 1445 1365
3 1365 1445 1446
3 1365 1446 1366
3 1366 1446 1447
3 1366 1447 1367
3 1367 1447 1448
3 1367 1448 1368
3 1368 1448 1449
3 1368 1449 1369
3 1369 1449 1450
3 1369 1450 1370
3 1370 1450 1451
3 1370 1451 1371
3 1371 1451 1452
3 1371 1452 1372
3 1372 1452 1453
3 1372 1453 1373
3 1373 1453 1454
3 1373 1454 1374
3 1374 1454 1455
3 1374 1455 1375
3 1375 1455 1456
3 1375 1456 1376
3 1376 1456 1457
3 1376 1457 1377
3 1377 1457 1458
3 1377 1458 1378
3 1378 1458 1459
3 1378 1459 1379
3 1379 1459 1460
3 1379 1460 1380
3 1380 1460 1461
3 1380 1461 1381
3 1381 1461 1462
3 1381 1462 1382
3 1382 1462 1463
3 1382 1463 1383
3 1383 1463 1464
3 1383 1464 1384
3 1384 1464 1465
3 1384 1465 1385
3 1385 1465 1466
3 1385 1466 1386
3 1386 1466 1467
3 1386 1467 1387
3 1387 1467 1468
3 1387 1468 1388
3 1388 1468 1469
3 1388 1469 1389
3 1389 1469 1470
3 1389 1470 1390
3 1390 1470 1471
3 1390 1471 1391
3 1391 1471 1472
3 1391 1472 1392
3 1392 1472 1473
3 1392 1473 1393
3 1393 1473 1474
3 1393 1474 1394
3 1394 1474 1475
3 1394 1475 1395
3 1395 1475 1476
3 1395 1476 1396
3 1396 1476 1477
3 1396 1477 1397
3 1397 1477 1478
3 1397 1478 1398
3 1398 1478 1479
3 1398 1479 1399
3 1399 1479 1480
3 1399 1480 1400
3 1400 1480 1481
3 1400 1481 1401
3 1401 1481 1482
3 1401 1482 1402
3 1402 1482 1483
3 1402 1483 1403
3 1403 1483 1484
3 1403 1484 1404
3 1404 1484 1485
3 1404 1485 1405
3 1405 1485 1486
3 1405 1486 1406
3 1406 1486 1487
3 1406 1487 1407
3 1407 1487 1488
3 1407 1488 1408
3 1408 1488 1489
3 1408 1489 1409
3 1409 1489 1490
3 1409 1490 1410
3 1410 1490 1491
3 1410 1491 1411
3 1411 1491 1492
3 1411 1492 1412
3 1412 1492 1493
3 1412 1493 1413
3 1413 1493 1494
3 1413 1494 1414
3 1414 1494 1495
3 1414 1495 1415
3 1415 1495 1496
3 1415 1496 1416
3 1416 1496 1497
3 1416 1497 1417
3 1417 1497 1498
3 1417 1498 1418
3 1418 1498 1499
3 1418 1499 1419
3 1419 1499 1500
3 1419 1500 1420
3 1420 1500 1501
3 1420 1501 1421
3 1421 1501 1502
3 1421 1502 1422
3 1422 1502 1503
3 1422 1503 1423
3 1423 1503 1504
3 1423 1504 1424
3 1424 1504 1505
3 1424 1505 1425
3 1425 1505 1506
3 1425 1506 1426
3 1426 1506 1507
3 1426 1507 1427
3 1427 1507 1508
3 1427 1508 1428
3 1428 1508 1509
3 1428 1509 1429
3 1429 1509 1510
3 1429 1510 1430
3 1430 1510 1511
3 1430 1511 1431
3 1431 1511 1512
3 1431 1512 1432
3 1432 1512 1513
3 1432 1513 1433
3 1433 1513 1514
3 1433 1514 1434
3 1434 1514 1515
3 1434 1515 1435
3 1435 1515 1516
3 1435 1516 1436
3 1436 1516 1517
3 1436 1517 1437
3 1437 1517 1518
3 1437 1518 1438
3 1438 1518 1519
3 1438 1519 1439
3 1439 1519 1440
3 1439 1440 1360
3 1440 1520 1521
3 1440 1521 1441
3 1441 1521 1522
3 1441 1522 1442
3 1442 1522 1523
3 1442 1523 1443
3 1443 1523 1524
3 1443 1524 1444
3 1444 1524 1525
3 1444 1525 1445
3 1445 1525 1526
3 1445 1526 1446
3 1446 1526 1527
3 1446 1527 1447
3 1447 1527 1528
3 1447 1528 1448
3 1448 1528 1529
3 1448 1529 1449
3 1449 1529 1530
3 1449 1530 1450
3 1450 1530 1531
3 1450 1531 1451
3 1451 1531 1532
3 1451 1532 1452
3 1452 1532 1533
3 1452 1533 1453
3 1453 1533 1534
3 1453 1534 1454
3 1454 1534 1535
3 1454 1535 1455
3 1455 1535 1536
3 1455 1536 1456
3 1456 1536 1537
3 1456 1537 1457
3 1457 1537 1538
3 1457 1538 1458
3 1458 1538 1539
3 1458 1539 1459
3 1459 1539 1540
3 1459 1540 1460
3 1460 1540 1541
3 1460 1541 1461
3 1461 1541 1542
3 1461 1542 1462
3 1462 1542 1543
3 1462 1543 1463
3 1463 1543 1544
3 1463 1544 1464
3 1464 1544 1545
3 1464 1545 1465
3 1465 1545 1546
3 1465 1546 1466
3 1466 1546 1547
3 1466 1547 1467
3 1467 1547 1548
3 1467 1548 1468
3 1468 1548 1549
3 1468 1549 1469
3 1469 1549 1550
3 1469 1550 1470
3 1470 1550 1551
3 1470 1551 1471
3 1471 1551 1552
3 1471 1552 1472
3 1472 1552 1553
3 1472 1553 1473
3 1473 1553 1554
3 1473 1554 1474
3 1474 1554 1555
3 1474 1555 1475
3 1475 1555 1556
3 1475 1556 1476
3 1476 1556 1557
3 1476 1557 1477
3 1477 1557 1558
3 1477 1558 1478
3 1478 1558 1559
3 1478 1559 1479
3 1479 1559 1560
3 1479 1560 1480
3 1480 1560 1561
3 1480 1561 1481
3 1481 1561 1562
3 1481 1562 1482
3 1482 1562 1563
3 1482 1563 1483
3 1483 1563 1564
3 1483 1564 1484
3 1484 1564 1565
3 1484 1565 1485
3 1485 1565 1566
3 1485 1566 1486
3 1486 1566 1567
3 1486 1567 1487
3 1487 1567 1568
3 1487 1568 1488
3 1488 1568 1569
3 1488 1569 1489
3 1489 1569 1570
3 1489 1570 1490
3 1490 1570 1571
3 1490 1571 1491
3 1491 1571 1572
3 1491 1572 1492
3 1492 1572 1573
3 1492 1573 1493
3 1493 1573 1574
3 1493 1574 1494
3 1494 1574 1575
3 1494 1575 1495
3 1495 1575 1576
3 1495 1576 1496
3 1496 1576 1577
3 1496 1577 1497
3 1497 1577 1578
3 1497 1578 1498
3 1498 1578 1579
3 1498 1579 1499
3 1499 1579 1580
3 1499 1580 1500
3 1500 1580 1581
3 1500 1581 1501
3 1501 1581 1582
3 1501 1582 1502
3 1502 1582 1583
3 1502 1583 1503
3 1503 1583 1584
3 1503 1584 1504
3 1504 1584 1585
3 1504 1585 1505
3 1505 1585 1586
3 1505 1586 1506
3 1506 1586 1587
3 1506 1587 1507
3 1507 1587 1588
3 1507 1588 1508
3 1508 1588 1589
3 1508 1589 1509
3 1509 1589 1590
3 1509 1590 1510
3 1510 1590 1591
3 1510 1591 1511
3 1511 1591 1592
3 1511 1592 1512
3 1512 1592 1593
3 1512 1593 1513
3 1513 1593 1594
3 1513 1594 1514
3 1514 1594 1595
3 1514 1595 1515
3 1515 1595 1596
3 1515 1596 1516
3 1516 1596 1597
3 1516 1597 1517
3 1517 1597 1598
3 1517 1598 1518
3 1518 1598 1599
3 1518 1599 1519
3 1519 1599 1520
3 1519 1520 1440
3 1520 1600 1601
3 1520 1601 1521
3 1521 1601 1602
3 1521 1602 1522
3 1522 1602 1603
3 1522 1603 1523
3 1523 1603 1604
3 1523 1604 1524
3 1524 1604 1605
3 1524 1605 1525
3 1525 1605 1606
3 1525 1606 1526
3 1526 1606 1607
3 1526 1607 1527
3 1527 1607 1608
3 1527 1608 1528
3 1528 1608 1609
3 1528 1609 1529
3 1529 1609 1610
3 1529 1610 1530
3 1530 1610 1611
3 1530 1611 1531
3 1531 1611 1612
3 1531 1612 1532
3 1532 1612 1613
3 1532 1613 1533
3 1533 1613 1614
3 1533 1614 1534
3 1534 1614 1615
3 1534 1615 1535
3 1535 1615 1616
3 1535 1616 1536
3 1536 1616 1617
3 1536 1617 1537
3 1537 1617 1618
3 1537 1618 1538
3 1538 1618 1619
3 1538 1619 1539
3 1539 1619 1620
3 1539 1620 1540
3 1540 1620 1621
3 1540 1621 1541
3 1541 1621 1622
3 1541 1622 1542
3 1542 1622 1623
3 1542 1623 1543
3 1543 1623 1624
3 1543 1624 1544
3 1544 1624 1625
3 1544 1625 1545
3 1545 1625 1626
3 1545 1626 1546
3 1546 1626 1627
3 1546 1627 1547
3 1547 1627 1628
3 1547 1628 1548
3 1548 1628 1629
3 1548 1629 1549
3 1549 1629 1630
3 1549 1630 1550
3 1550 1630 1631
3 1550 1631 1551
3 1551 1631 1632
3 1551 1632 1552
3 1552 1632 1633
3 1552 1633 1553
3 1553 1633 1634
3 1553 1634 1554
3 1554 1634 1635
3 1554 1635 1555
3 1555 1635 1636
3 1555 1636 1556
3 1556 1636 1637
3 1556 1637 1557
3 1557 1637 1638
3 1557 1638 1558
3 1558 1638 1639
3 1558 1639 1559
3 1559 1639 1640
3 1559 1640 1560
3 1560 1640 1641
3 1560 1641 1561
3 1561 1641 1642
3 1561 1642 1562
3 1562 1642 1643
3 1562 1643 1563
3 1563 1643 1644
3 1563 1644 1564
3 1564 1644 1645
3 1564 1645 1565
3 1565 1645 1646
3 1565 1646 1566
3 1566 1646 1647
3 1566 1647 1567
3 1567 1647 1648
3 1567 1648 1568
3 1568 1648 1649
3 1568 1649 1569
3 1569 1649 1650
3 1569 1650 1570
3 1570 1650 1651
3 1570 1651 1571
3 1571 1651 1652
3 1571 1652 1572
3 1572 1652 1653
3 1572 1653 1573
3 1573 1653 1654
3 1573 1654 1574
3 1574 1654 1655
3 1574 1655 1575
3 1575 1655 1656
3 1575 1656 1576
3 1576 1656 1657
3 1576 1657 1577
3 1577 1657 1658
3 1577 1658 1578
3 1578 1658 1659
3 1578 1659 1579
3 1579 1659 1660
3 1579 1660 1580
3 1580 1660 1661
3 1580 1661 1581
3 1581 1661 1662
3 1581 1662 1582
3 1582 1662 1663
3 1582 1663 1583
3 1583 1663 1664
3 1583 1664 1584
3 1584 1664 1665
3 1584 1665 1585
3 1585 1665 1666
3 1585 1666 1586
3 1586 1666 1667
3 1586 1667 1587
3 1587 1667 1668
3 1587 1668 1588
3 1588 1668 1669
3 1588 1669 1589
3 1589 1669 1670
3 1589 1670 1590
3 1590 1670 1671
3 1590 1671 1591
3 1591 1671 1672
3 1591 1672 1592
3 1592 1672 1673
3 1592 1673 1593
3 1593 1673 1674
3 1593 1674 1594
3 1594 1674 1675
3 1594 1675 1595
3 1595 1675 1676
3 1595 1676 1596
3 1596 1676 1677
3 1596 1677 1597
3 1597 1677 1678
3 1597 1678 1598
3 1598 1678 1679
3 1598 1679 1599
3 1599 1679 1600
3 1599 1600 1520
3 1600 1680 1681
3 1600 1681 1601
3 1601 1681 1682
3 1601 1682 1602
3 1602 1682 1683
3 1602 1683 1603
3 1603 1683 1684
3 1603 1684 1604
3 1604 1684 1685
3 1604 1685 1605
3 1605 1685 1686
3 1605 1686 1606
3 1606 1686 1687
3 1606 1687 1607
3 1607 1687 1688
3 1607 1688 1608
3 1608 1688 1689
3 1608 1689 1609
3 1609 1689 1690
3 1609 1690 1610
3 1610 1690 1691
3 1610 1691 1611
3 1611 1691 1692
3 1611 1692 1612
3 1612 1692 1693
3 1612 1693 1613
3 1613 1693 1694
3 1613 1694 1614
3 1614 1694 1695
3 1614 1695 1615
3 1615 1695 1696
3 1615 1696 1616
3 1616 1696 1697
3 1616 1697 1617
3 1617 1697 1698
3 1617 1698 1618
3 1618 1698 1699
3 1618 1699 1619
3 1619 1699 1700
3 1619 1700 1620
3 1620 1700 1701
3 1620 1701 1621
3 1621 1701 1702
3 1621 1702 1622
3 1622 1702 1703
3 1622 1703 1623
3 1623 1703 1704
3 1623 1704 1624
3 1624 1704 1705
3 1624 1705 1625
3 1625 1705 1706
3 1625 1706 1626
3 1626 1706 1707
3 1626 1707 1627
3 1627 1707 1708
3 1627 1708 1628
3 1628 1708 1709
3 1628 1709 1629
3 1629 1709 1710
3 1629 1710 1630
3 1630 1710 1711
3 1630 1711 1631
3 1631 1711 1712
3 1631 1712 1632
3 1632 1712 1713
3 1632 1713 1633
3 1633 1713 1714
3 1633 1714 1634
3 1634 1714 1715
3 1634 1715 1635
3 1635 1715 1716
3 1635 1716 1636
3 1636 1716 1717
3 1636 1717 1637
3 1637 1717 1718
3 1637 1718 1638
3 1638 1718 1719
3 1638 1719 1639
3 1639 1719 1720
3 1639 1720 1640
3 1640 1720 1721
3 1640 1721 1641
3 1641 1721 1722
3 1641 1722 1642
3 1642 1722 1723
3 1642 1723 1643
3 1643 1723 1724
3 1643 1724 1644
3 1644 1724 1725
3 1644 1725 1645
3 1645 1725 1726
3 1645 1726 1646
3 1646 1726 1727
3 1646 1727 1647
3 1647 1727 1728
3 1647 1728 1648
3 1648 1728 1729
3 1648 1729 1649
3 1649 1729 1730
3 1649 1730 1650
3 1650 1730 1731
3 1650 1731 1651
3 1651 1731 1732
3 1651 1732 1652
3 1652 1732 1733
3 1652 1733 1653
3 1653 1733 1734
3 1653 1734 1654
3 1654 1734 1735
3 1654 1735 1655
3 1655 1735 1736
3 1655 1736 1656
3 1656 1736 1737
3 1656 1737 1657
3 1657 1737 1738
3 1657 1738 1658
3 1658 1738 1739
3 1658 1739 1659
3 1659 1739 1740
3 1659 1740 1660
3 1660 1740 1741
3 1660 1741 1661
3 1661 1741 1742
3 1661 1742 1662
3 1662 1742 1743
3 1662 1743 1663
3 1663 1743 1744
3 1663 1744 1664
3 1664 1744 1745
3 1664 1745 1665
3 1665 1745 1746
3 1665 1746 1666
3 1666 1746 1747
3 1666 1747 1667
3 1667 1747 1748
3 1667 1748 1668
3 1668 1748 1749
3 1668 1749 1669
3 1669 1749 1750
3 1669 1750 1670
3 1670 1750 1751
3 1670 1751 1671
3 1671 1751 1752
3 1671 1752 1672
3 1672 1752 1753
3 1672 1753 1673
3 1673 1753 1754
3 1673 1754 1674
3 1674 1754 1755
3 1674 1755 1675
3 1675 1755 1756
3 1675 1756 1676
3 1676 1756 1757
3 1676 1757 1677
3 1677 1757 1758
3 1677 1758 1678
3 1678 1758 1759
3 1678 1759 1679
3 1679 1759 1680
3 1679 1680 1600
3 1680 1760 1761
3 1680 1761 1681
3 1681 1761 1762
3 1681 1762 1682
3 1682 1762 1763
3 1682 1763 1683
3 1683 1763 1764
3 1683 1764 1684
3 1684 1764 1765
3 1684 1765 1685
3 1685 1765 1766
3 1685 1766 1686
3 1686 1766 1767
3 1686 1767 1687
3 1687 1767 1768
3 1687 1768 1688
3 1688 1768 1769
3 1688 1769 1689
3 1689 1769 1770
3 1689 1770 1690
3 1690 1770 1771
3 1690 1771 1691
3 1691 1771 1772
3 1691 1772 1692
3 1692 1772 1773
3 1692 1773 1693
3 1693 1773 1774
3 1693 1774 1694
3 1694 1774 1775
3 1694 1775 1695
3 1695 1775 1776
3 1695 1776 1696
3 1696 1776 1777
3 1696 1777 1697
3 1697 1777 1778
3 1697 1778 1698
3 1698 1778 1779
3 1698 1779 1699
3 1699 1779 1780
3 1699 1780 1700
3 1700 1780 1781
3 1700 1781 1701
3 1701 1781 1782
3 1701 1782 1702
3 1702 1782 1783
3 1702 1783 1703
3 1703 1783 1784
3 1703 1784 1704
3 1704 1784 1785
3 1704 1785 1705
3 1705 1785 1786
3 1705 1786 1706
3 1706 1786 1787
3 1706 1787 1707
3 1707 1787 1788
3 1707 1788 1708
3 1708 1788 1789
3 1708 1789 1709
3 1709 1789 1790
3 1709 1790 1710
3 1710 1790 1791
3 1710 1791 1711
3 1711 1791 1792
3 1711 1792 1712
3 1712 1792 1793
3 1712 1793 1713
3 1713 1793 1794
3 1713 1794 1714
3 1714 1794 1795
3 1714 1795 1715
3 1715 1795 1796
3 1715 1796 1716
3 1716 1796 1797
3 1716 1797 1717
3 1717 1797 1798
3 1717 1798 1718
3 1718 1798 1799
3 1718 1799 1719
3 1719 1799 1800
3 1719 1800 1720
3 1720 1800 1801
3 1720 1801 1721
3 1721 1801 1802
3 1721 1802 1722
3 1722 1802 1803
3 1722 1803 1723
3 1723 1803 1804
3 1723 1804 1724
3 1724 1804 1805
3 1724 1805 1725
3 1725 1805 1806
3 1725 1806 1726
3 1726 1806 1807
3 1726 1807 1727
3 1727 1807 1808
3 1727 1808 1728
3 1728 1808 1809
3 1728 1809 1729
3 1729 1809 1810
3 1729 1810 1730
3 1730 1810 1811
3 1730 1811 1731
3 1731 1811 1812
3 1731 1812 1732
3 1732 1812 1813
3 1732 1813 1733
3 1733 1813 1814
3 1733 1814 1734
3 1734 1814 1815
3 1734 1815 1735
3 1735 1815 1816
3 1735 1816 1736
3 1736 1816 1817
3 1736 1817 1737
3 1737 1817 1818
3 1737 1818 1738
3 1738 1818 1819
3 1738 1819 1739
3 1739 1819 1820
3 1739 1820 1740
3 1740 1820 1821
3 1740 1821 1741
3 1741 1821 1822
3 1741 1822 1742
3 1742 1822 1823
3 1742 1823 1743
3 1743 1823 1824
3 1743 1824 1744
3 1744 1824 1825
3 1744 1825 1745
3 1745 1825 1826
3 1745 1826 1746
3 1746 1826 1827
3 1746 1827 1747
3 1747 1827 1828
3 1747 1828 1748
3 1748 1828 1829
3 1748 1829 1749
3 1749 1829 1830
3 1749 1830 1750
3 1750 1830 1831
3 1750 1831 1751
3 1751 1831 1832
3 1751 1832 1752
3 1752 1832 1833
3 1752 1833 1753
3 1753 1833 1834
3 1753 1834 1754
3 1754 1834 1835
3 1754 1835 1755
3 1755 1835 1836
3 1755 1836 1756
3 1756 1836 1837
3 1756 1837 1757
3 1757 1837 1838
3 1757 1838 1758
3 1758 1838 1839
3 1758 1839 1759
3 1759 1839 1760
3 1759 1760 1680
3 1760 1840 1841
3 1760 1841 1761
3 1761 1841 1842
3 1761 1842 1762
3 1762 1842 1843
3 1762 1843 1763
3 1763 1843 1844
3 1763 1844 1764
3 1764 1844 1845
3 1764 1845 1765
3 1765 1845 1846
3 1765 1846 1766
3 1766 1846 1847
3 1766 1847 1767
3 1767 1847 1848
3 1767 1848 1768
3 1768 1848 1849
3 1768 1849 1769
3 1769 1849 1850
3 1769 1850 1770
3 1770 1850 1851
3 1770 1851 1771
3 1771 1851 1852
3 1771 1852 1772
3 1772 1852 1853
3 1772 1853 1773
3 1773 1853 1854
3 1773 1854 1774
3 1774 1854 1855
3 1774 1855 1775
3 1775 1855 1856
3 1775 1856 1776
3 1776 1856 1857
3 1776 1857 1777
3 1777 1857 1858
3 1777 1858 1778
3 1778 1858 1859
3 1778 1859 1779
3 1779 1859 1860
3 1779 1860 1780
3 1780 1860 1861
3 1780 1861 1781
3 1781 1861 1862
3 1781 1862 1782
3 1782 1862 1863
3 1782 1863 1783
3 1783 1863 1864
3 1783 1864 1784
3 1784 1864 1865
3 1784 1865 1785
3 1785 1865 1866
3 1785 1866 1786
3 1786 1866 1867
3 1786 1867 1787
3 1787 1867 1868
3 1787 1868 1788
3 1788 1868 1869
3 1788 1869 1789
3 1789 1869 1870
3 1789 1870 1790
3 1790 1870 1871
3 1790 1871 1791
3 1791 1871 1872
3 1791 1872 1792
3 1792 1872 1873
3 1792 1873 1793
3 1793 1873 1874
3 1793 1874 1794
3 1794 1874 1875
3 1794 1875 1795
3 1795 1875 1876
3 1795 1876 1796
3 1796 1876 1877
3 1796 1877 1797
3 1797 1877 1878
3 1797 1878 1798
3 1798 1878 1879
3 1798 1879 1799
3 1799 1879 1880
3 1799 1880 1800
3 1800 1880 1881
3 1800 1881 1801
3 1801 1881 1882
3 1801 1882 1802
3 1802 1882 1883
3 1802 1883 1803
3 1803 1883 1884
3 1803 1884 1804
3 1804 1884 1885
3 1804 1885 1805
3 1805 1885 1886
3 1805 1886 1806
3 1806 1886 1887
3 1806 1887 1807
3 1807 1887 1888
3 1807 1888 1808
3 1808 1888 1889
3 1808 1889 1809
3 1809 1889 1890
3 1809 1890 1810
3 1810 1890 1891
3 1810 1891 1811
3 1811 1891 1892
3 1811 1892 1812
3 1812 1892 1893
3 1812 1893 1813
3 1813 1893 1894
3 1813 1894 1814
3 1814 1894 1895
3 1814 1895 1815
3 1815 1895 1896
3 1815 1896 1816
3 1816 1896 1897
3 1816 1897 1817
3 1817 1897 1898
3 1817 1898 1818
3 1818 1898 1899
3 1818 1899 1819
3 1819 1899 1900
3 1819 1900 1820
3 1820 1900 1901
3 1820 1901 1821
3 1821 1901 1902
3 1821 1902 1822
3 1822 1902 1903
3 1822 1903 1823
3 1823 1903 1904
3 1823 1904 1824
3 1824 1904 1905
3 1824 1905 1825
3 1825 1905 1906
3 1825 1906 1826
3 1826 1906 1907
3 1826 1907 1827
3 1827 1907 1908
3 1827 1908 1828
3 1828 1908 1909
3 1828 1909 1829
3 1829 1909 1910
3 1829 1910 1830
3 1830 1910 1911
3 1830 1911 1831
3 1831 1911 1912
3 1831 1912 1832
3 1832 1912 1913
3 1832 1913 1833
3 1833 1913 1914
3 1833 1914 1834
3 1834 1914 1915
3 1834 1915 1835
3 1835 1915 1916
3 1835 1916 1836
3 1836 1916 1917
3 1836 1917 1837
3 1837 1917 1918
3 1837 1918 1838
3 1838 1918 1919
3 1838 1919 1839
3 1839 1919 1840
3 1839 1840 1760
3 1840 1920 1921
3 1840 1921 1841
3 1841 1921 1922
3 1841 1922 1842
3 1842 1922 1923
3 1842 1923 1843
3 1843 1923 1924
3 1843 1924 1844
3 1844 1924 1925
3 1844 1925 1845
3 1845 1925 1926
3 1845 1926 1846
3 1846 1926 1927
3 1846 1927 1847
3 1847 1927 1928
3 1847 1928 1848
3 1848 1928 1929
3 1848 1929 1849
3 1849 1929 1930
3 1849 1930 1850
3 1850 1930 1931
3 1850 1931 1851
3 1851 1931 1932
3 1851 1932 1852
3 1852 1932 1933
3 1852 1933 1853
3 1853 1933 1934
3 1853 1934 1854
3 1854 1934 1935
3 1854 1935 1855
3 1855 1935 1936
3 1855 1936 1856
3 1856 1936 1937
3 1856 1937 1857
3 1857 1937 1938
3 1857 1938 1858
3 1858 1938 1939
3 1858 1939 1859
3 1859 1939 1940
3 1859 1940 1860
3 1860 1940 1941
3 1860 1941 1861
3 1861 1941 1942
3 1861 1942 1862
3 1862 1942 1943
3 1862 1943 1863
3 1863 1943 1944
3 1863 1944 1864
3 1864 1944 1945
3 1864 1945 1865
3 1865 1945 1946
3 1865 1946 1866
3 1866 1946 1947
3 1866 1947 1867
3 1867 1947 1948
3 1867 1948 1868
3 1868 1948 1949
3 1868 1949 1869
3 1869 1949 1950
3 1869 1950 1870
3 1870 1950 1951
3 1870 1951 1871
3 1871 1951 1952
3 1871 1952 1872
3 1872 1952 1953
3 1872 1953 1873
3 1873 1953 1954
3 1873 1954 1874
3 1874 1954 1955
3 1874 1955 1875
3 1875 1955 1956
3 1875 1956 1876
3 1876 1956 1957
3 1876 1957 1877
3 1877 1957 1958
3 1877 1958 1878
3 1878 1958 1959
3 1878 1959 1879
3 1879 1959 1960
3 1879 1960 1880
3 1880 1960 1961
3 1880 1961 1881
3 1881 1961 1962
3 1881 1962 1882
3 1882 1962 1963
3 1882 1963 1883
3 1883 1963 1964
3 1883 1964 1884
3 1884 1964 1965
3 1884 1965 1885
3 1885 1965 1966
3 1885 1966 1886
3 1886 1966 1967
3 1886 1967 1887
3 1887 1967 1968
3 1887 1968 1888
3 1888 1968 1969
3 1888 1969 1889
3 1889 1969 1970
3 1889 1970 1890
3 1890 1970 1971
3 1890 1971 1891
3 1891 1971 1972
3 1891 1972 1892
3 1892 1972 1973
3 1892 1973 1893
3 1893 1973 1974
3 1893 1974 1894
3 1894 1974 1975
3 1894 1975 1895
3 1895 1975 1976
3 1895 1976 1896
3 1896 1976 1977
3 1896 1977 1897
3 1897 1977 1978
3 1897 1978 1898
3 1898 1978 1979
3 1898 1979 1899
3 1899 1979 1980
3 1899 1980 1900
3 1900 1980 1981
3 1900 1981 1901
3 1901 1981 1982
3 1901 1982 1902
3 1902 1982 1983
3 1902 1983 1903
3 1903 1983 1984
3 1903 1984 1904
3 1904 1984 1985
3 1904 1985 1905
3 1905 1985 1986
3 1905 1986 1906
3 1906 1986 1987
3 1906 1987 1907
3 1907 1987 1988
3 1907 1988 1908
3 1908 1988 1989
3 1908 1989 1909
3 1909 1989 1990
3 1909 1990 1910
3 1910 1990 1991
3 1910 1991 1911
3 1911 1991 1992
3 1911 1992 1912
3 1912 1992 1993
3 1912 1993 1913
3 1913 1993 1994
3 1913 1994 1914
3 1914 1994 1995
3 1914 1995 1915
3 1915 1995 1996
3 1915 1996 1916
3 1916 1996 1997
3 1916 1997 1917
3 1917 1997 1998
3 1917 1998 1918
3 1918 1998 1999
3 1918 1999 1919
3 1919 1999 1920
3 1919 1920 1840
3 1920 2000 2001
3 1920 2001 1921
3 1921 2001 2002
3 1921 2002 1922
3 1922 2002 2003
3 1922 2003 1923
3 1923 2003 2004
3 1923 2004 1924
3 1924 2004 2005
3 1924 2005 1925
3 1925 2005 2006
3 1925 2006 1926
3 1926 2006 2007
3 1926 2007 1927
3 1927 2007 2008
3 1927 2008 1928
3 1928 2008 2009
3 1928 2009 1929
3 1929 2009 2010
3 1929 2010 1930
3 1930 2010 2011
3 1930 2011 1931
3 1931 2011 2012
3 1931 2012 1932
3 1932 2012 2013
3 1932 2013 1933
3 1933 2013 2014
3 1933 2014 1934
3 1934 2014 2015
3 1934 2015 1935
3 1935 2015 2016
3 1935 2016 1936
3 1936 2016 2017
3 1936 2017 1937
3 1937 2017 2018
3 1937 2018 1938
3 1938 2018 2019
3 1938 2019 1939
3 1939 2019 2020
3 1939 2020 1940
3 1940 2020 2021
3 1940 2021 1941
3 1941 2021 2022
3 1941 2022 1942
3 1942 2022 2023
3 1942 2023 1943
3 1943 2023 2024
3 1943 2024 1944
3 1944 2024 2025
3 1944 2025 1945
3 1945 2025 2026
3 1945 2026 1946
3 1946 2026 2027
3 1946 2027 1947
3 1947 2027 2028
3 1947 2028 1948
3 1948 2028 2029
3 1948 2029 1949
3 1949 2029 2030
3 1949 2030 1950
3 1950 2030 2031
3 1950 2031 1951
3 1951 2031 2032
3 1951 2032 1952
3 1952 2032 2033
3 1952 2033 1953
3 1953 2033 2034
3 1953 2034 1954
3 1954 2034 2035
3 1954 2035 1955
3 1955 2035 2036
3 1955 2036 1956
3 1956 2036 2037
3 1956 2037 1957
3 1957 2037 2038
3 1957 2038 1958
3 1958 2038 2039
3 1958 2039 1959
3 1959 2039 2040
3 1959 2040 1960
3 1960 2040 2041
3 1960 2041 1961
3 1961 2041 2042
3 1961 2042 1962
3 1962 2042 2043
3 1962 2043 1963
3 1963 2043 2044
3 1963 2044 1964
3 1964 2044 2045
3 1964 2045 1965
3 1965 2045 2046
3 1965 2046 1966
3 1966 2046 2047
3 1966 2047 1967
3 1967 2047 2048
3 1967 2048 1968
3 1968 2048 2049
3 1968 2049 1969
3 1969 2049 2050
3 1969 2050 1970
3 1970 2050 2051
3 1970 2051 1971
3 1971 2051 2052
3 1971 2052 1972
3 1972 2052 2053
3 1972 2053 1973
3 1973 2053 2054
3 1973 2054 1974
3 1974 2054 2055
3 1974 2055 1975
3 1975 2055 2056
3 1975 2056 1976
3 1976 2056 2057
3 1976 2057 1977
3 1977 2057 2058
3 1977 2058 1978
3 1978 2058 2059
3 1978 2059 1979
3 1979 2059 2060
3 1979 2060 1980
3 1980 2060 2061
3 1980 2061 1981
3 1981 2061 2062
3 1981 2062 1982
3 1982 2062 2063
3 1982 2063 1983
3 1983 2063 2064
3 1983 2064 1984
3 1984 2064 2065
3 1984 2065 1985
3 1985 2065 2066
3 1985 2066 1986
3 1986 2066 2067
3 1986 2067 1987
3 1987 2067 2068
3 1987 2068 1988
3 1988 2068 2069
3 1988 2069 1989
3 1989 2069 2070
3 1989 2070 1990
3 1990 2070 2071
3 1990 2071 1991
3 1991 2071 2072
3 1991 2072 1992
3 1992 2072 2073
3 1992 2073 1993
3 1993 2073 2074
3 1993 2074 1994
3 1994 2074 2075
3 1994 2075 1995
3 1995 2075 2076
3 1995 2076 1996
3 1996 2076 2077
3 1996 2077 1997
3 1997 2077 2078
3 1997 2078 1998
3 1998 2078 2079
3 1998 2079 1999
3 1999 2079 2000
3 1999 2000 1920
3 2000 2080 2081
3 2000 2081 2001
3 2001 2081 2082
3 2001 2082 2002
3 2002 2082 2083
3 2002 2083 2003
3 2003 2083 2084
3 2003 2084 2004
3 2004 2084 2085
3 2004 2085 2005
3 2005 2085 2086
3 2005 2086 2006
3 2006 2086 2087
3 2006 2087 2007
3 2007 2087 2088
3 2007 2088 2008
3 2008 2088 2089
3 2008 2089 2009
3 2009 2089 2090
3 2009 2090 2010
3 2010 2090 2091
3 2010 2091 2011
3 2011 2091 2092
3 2011 2092 2012
3 2012 2092 2093
3 2012 2093 2013
3 2013 2093 2094
3 2013 2094 2014
3 2014 2094 2095
3 2014 2095 2015
3 2015 2095 2096
3 2015 2096 2016
3 2016 2096 2097
3 2016 2097 2017
3 2017 2097 2098
3 2017 2098 2018
3 2018 2098 2099
3 2018 2099 2019
3 2019 2099 2100
3 2019 2100 2020
3 2020 2100 2101
3 2020 2101 2021
3 2021 2101 2102
3 2021 2102 2022
3 2022 2102 2103
3 2022 2103 2023
3 2023 2103 2104
3 2023 2104 2024
3 2024 2104 2105
3 2024 2105 2025
3 2025 2105 2106
3 2025 2106 2026
3 2026 2106 2107
3 2026 2107 2027
3 2027 2107 2108
3 2027 2108 2028
3 2028 2108 2109
3 2028 2109 2029
3 2029 2109 2110
3 2029 2110 2030
3 2030 2110 2111
3 2030 2111 2031
3 2031 2111 2112
3 2031 2112 2032
3 2032 2112 2113
3 2032 2113 2033
3 2033 2113 2114
3 2033 2114 2034
3 2034 2114 2115
3 2034 2115 2035
3 2035 2115 2116
3 2035 2116 2036
3 2036 2116 2117
3 2036 2117 2037
3 2037 2117 2118
3 2037 2118 2038
3 2038 2118 2119
3 2038 2119 2039
3 2039 2119 2120
3 2039 2120 2040
3 2040 2120 2121
3 2040 2121 2041
3 2041 2121 2122
3 2041 2122 2042
3 2042 2122 2123
3 2042 2123 2043
3 2043 2123 2124
3 2043 2124 2044
3 2044 2124 2125
3 2044 2125 2045
3 2045 2125 2126
3 2045 2126 2046
3 2046 2126 2127
3 2046 2127 2047
3 2047 2127 2128
3 2047 2128 2048
3 2048 2128 2129
3 2048 2129 2049
3 2049 2129 2130
3 2049 2130 2050
3 2050 2130 2131
3 2050 2131 2051
3 2051 2131 2132
3 2051 2132 2052
3 2052 2132 2133
3 2052 2133 2053
3 2053 2133 2134
3 2053 2134 2054
3 2054 2134 2135
3 2054 2135 2055
3 2055 2135 2136
3 2055 2136 2056
3 2056 2136 2137
3 2056 2137 2057
3 2057 2137 2138
3 2057 2138 2058
3 2058 2138 2139
3 2058 2139 2059
3 2059 2139 2140
3 2059 2140 2060
3 2060 2140 2141
3 2060 2141 2061
3 2061 2141 2142
3 2061 2142 2062
3 2062 2142 2143
3 2062 2143 2063
3 2063 2143 2144
3 2063 2144 2064
3 2064 2144 2145
3 2064 2145 2065
3 2065 2145 2146
3 2065 2146 2066
3 2066 2146 2147
3 2066 2147 2067
3 2067 2147 2148
3 2067 2148 2068
3 2068 2148 2149
3 2068 2149 2069
3 2069 2149 2150
3 2069 2150 2070
3 2070 2150 2151
3 2070 2151 2071
3 2071 2151 2152
3 2071 2152 2072
3 2072 2152 2153
3 2072 2153 2073
3 2073 2153 2154
3 2073 2154 2074
3 2074 2154 2155
3 2074 2155 2075
3 2075 2155 2156
3 2075 2156 2076
3 2076 2156 2157
3 2076 2157 2077
3 2077 2157 2158
3 2077 2158 2078
3 2078 2158 2159
3 2078 2159 2079
3 2079 2159 2080
3 2079 2080 2000
3 2080 2160 2161
3 2080 2161 2081
3 2081 2161 2162
3 2081 2162 2082
3 2082 2162 2163
3 2082 2163 2083
3 2083 2163 2164
3 2083 2164 2084
3 2084 2164 2165
3 2084 2165 2085
3 2085 2165 2166
3 2085 2166 2086
3 2086 2166 2167
3 2086 2167 2087
3 2087 2167 2168
3 2087 2168 2088
3 2088 2168 2169
3 2088 2169 2089
3 2089 2169 2170
3 2089 2170 2090
3 2090 2170 2171
3 2090 2171 2091
3 2091 2171 2172
3 2091 2172 2092
3 2092 2172 2173
3 2092 2173 2093
3 2093 2173 2174
3 2093 2174 2094
3 2094 2174 2175
3 2094 2175 2095
3 2095 2175 2176
3 2095 2176 2096
3 2096 2176 2177
3 2096 2177 2097
3 2097 2177 2178
3 2097 2178 2098
3 2098 2178 2179
3 2098 2179 2099
3 2099 2179 2180
3 2099 2180 2100
3 2100 2180 2181
3 2100 2181 2101
3 2101 2181 2182
3 2101 2182 2102
3 2102 2182 2183
3 2102 2183 2103
3 2103 2183 2184
3 2103 2184 2104
3 2104 2184 2185
3 2104 2185 2105
3 2105 2185 2186
3 2105 2186 2106
3 2106 2186 2187
3 2106 2187 2107
3 2107 2187 2188
3 2107 2188 2108
3 2108 2188 2189
3 2108 2189 2109
3 2109 2189 2190
3 2109 2190 2110
3 2110 2190 2191
3 2110 2191 2111
3 2111 2191 2192
3 2111 2192 2112
3 2112 2192 2193
3 2112 2193 2113
3 2113 2193 2194
3 2113 2194 2114
3 2114 2194 2195
3 2114 2195 2115
3 2115 2195 2196
3 2115 2196 2116
3 2116 2196 2197
3 2116 2197 2117
3 2117 2197 2198
3 2117 2198 2118
3 2118 2198 2199
3 2118 2199 2119
3 2119 2199 2200
3 2119 2200 2120
3 2120 2200 2201
3 2120 2201 2121
3 2121 2201 2202
3 2121 2202 2122
3 2122 2202 2203
3 2122 2203 2123
3 2123 2203 2204
3 2123 2204 2124
3 2124 2204 2205
3 2124 2205 2125
3 2125 2205 2206
3 2125 2206 2126
3 2126 2206 2207
3 2126 2207 2127
3 2127 2207 2208
3 2127 2208 2128
3 2128 2208 2209
3 2128 2209 2129
3 2129 2209 2210
3 2129 2210 2130
3 2130 2210 2211
3 2130 2211 2131
3 2131 2211 2212
3 2131 2212 2132
3 2132 2212 2213
3 2132 2213 2133
3 2133 2213 2214
3 2133 2214 2134
3 2134 2214 2215
3 2134 2215 2135
3 2135 2215 2216
3 2135 2216 2136
3 2136 2216 2217
3 2136 2217 2137
3 2137 2217 2218
3 2137 2218 2138
3 2138 2218 2219
3 2138 2219 2139
3 2139 2219 2220
3 2139 2220 2140
3 2140 2220 2221
3 2140 2221 2141
3 2141 2221 2222
3 2141 2222 2142
3 2142 2222 2223
3 2142 2223 2143
3 2143 2223 2224
3 2143 2224 2144
3 2144 2224 2225
3 2144 2225 2145
3 2145 2225 2226
3 2145 2226 2146
3 2146 2226 2227
3 2146 2227 2147
3 2147 2227 2228
3 2147 2228 2148
3 2148 2228 2229
3 2148 2229 2149
3 2149 2229 2230
3 2149 2230 2150
3 2150 2230 2231
3 2150 2231 2151
3 2151 2231 2232
3 2151 2232 2152
3 2152 2232 2233
3 2152 2233 2153
3 2153 2233 2234
3 2153 2234 2154
3 2154 2234 2235
3 2154 2235 2155
3 2155 2235 2236
3 2155 2236 2156
3 2156 2236 2237
3 2156 2237 2157
3 2157 2237 2238
3 2157 2238 2158
3 2158 2238 2239
3 2158 2239 2159
3 2159 2239 2160
3 2159 2160 2080
3 2160 2240 2241
3 2160 2241 2161
3 2161 2241 2242
3 2161 2242 2162
3 2162 2242 2243
3 2162 2243 2163
3 2163 2243 2244
3 2163 2244 2164
3 2164 2244 2245
3 2164 2245 2165
3 2165 2245 2246
3 2165 2246 2166
3 2166 2246 2247
3 2166 2247 2167
3 2167 2247 2248
3 2167 2248 2168
3 2168 2248 2249
3 2168 2249 2169
3 2169 2249 2250
3 2169 2250 2170
3 2170 2250 2251
3 2170 2251 2171
3 2171 2251 2252
3 2171 2252 2172
3 2172 2252 2253
3 2172 2253 2173
3 2173 2253 2254
3 2173 2254 2174
3 2174 2254 2255
3 2174 2255 2175
3 2175 2255 2256
3 2175 2256 2176
3 2176 2256 2257
3 2176 2257 2177
3 2177 2257 2258
3 2177 2258 2178
3 2178 2258 2259
3 2178 2259 2179
3 2179 2259 2260
3 2179 2260 2180
3 2180 2260 2261
3 2180 2261 2181
3 2181 2261 2262
3 2181 2262 2182
3 2182 2262 2263
3 2182 2263 2183
3 2183 2263 2264
3 2183 2264 2184
3 2184 2264 2265
3 2184 2265 2185
3 2185 2265 2266
3 2185 2266 2186
3 2186 2266 2267
3 2186 2267 2187
3 2187 2267 2268
3 2187 2268 2188
3 2188 2268 2269
3 2188 2269 2189
3 2189 2269 2270
3 2189 2270 2190
3 2190 2270 2271
3 2190 2271 2191
3 2191 2271 2272
3 2191 2272 2192
3 2192 2272 2273
3 2192 2273 2193
3 2193 2273 2274
3 2193 2274 2194
3 2194 2274 2275
3 2194 2275 2195
3 2195 2275 2276
3 2195 2276 2196
3 2196 2276 2277
3 2196 2277 2197
3 2197 2277 2278
3 2197 2278 2198
3 2198 2278 2279
3 2198 2279 2199
3 2199 2279 2280
3 2199 2280 2200
3 2200 2280 2281
3 2200 2281 2201
3 2201 2281 2282
3 2201 2282 2202
3 2202 2282 2283
3 2202 2283 2203
3 2203 2283 2284
3 2203 2284 2204
3 2204 2284 2285
3 2204 2285 2205
3 2205 2285 2286
3 2205 2286 2206
3 2206 2286 2287
3 2206 2287 2207
3 2207 2287 2288
3 2207 2288 2208
3 2208 2288 2289
3 2208 2289 2209
3 2209 2289 2290
3 2209 2290 2210
3 2210 2290 2291
3 2210 2291 2211
3 2211 2291 2292
3 2211 2292 2212
3 2212 2292 2293
3 2212 2293 2213
3 2213 2293 2294
3 2213 2294 2214
3 2214 2294 2295
3 2214 2295 2215
3 2215 2295 2296
3 2215 2296 2216
3 2216 2296 2297
3 2216 2297 2217
3 2217 2297 2298
3 2217 2298 2218
3 2218 2298 2299
3 2218 2299 2219
3 2219 2299 2300
3 2219 2300 2220
3 2220 2300 2301
3 2220 2301 2221
3 2221 2301 2302
3 2221 2302 2222
3 2222 2302 2303
3 2222 2303 2223
3 2223 2303 2304
3 2223 2304 2224
3 2224 2304 2305
3 2224 2305 2225
3 2225 2305 2306
3 2225 2306 2226
3 2226 2306 2307
3 2226 2307 2227
3 2227 2307 2308
3 2227 2308 2228
3 2228 2308 2309
3 2228 2309 2229
3 2229 2309 2310
3 2229 2310 2230
3 2230 2310 2311
3 2230 2311 2231
3 2231 2311 2312
3 2231 2312 2232
3 2232 2312 2313
3 2232 2313 2233
3 2233 2313 2314
3 2233 2314 2234
3 2234 2314 2315
3 2234 2315 2235
3 2235 2315 2316
3 2235 2316 2236
3 2236 2316 2317
3 2236 2317 2237
3 2237 2317 2318
3 2237 2318 2238
3 2238 2318 2319
3 2238 2319 2239
3 2239 2319 2240
3 2239 2240 2160
3 2240 2320 2321
3 2240 2321 2241
3 2241 2321 2322
3 2241 2322 2242
3 2242 2322 2323
3 2242 2323 2243
3 2243 2323 2324
3 2243 2324 2244
3 2244 2324 2325
3 2244 2325 2245
3 2245 2325 2326
3 2245 2326 2246
3 2246 2326 2327
3 2246 2327 2247
3 2247 2327 2328
3 2247 2328 2248
3 2248 2328 2329
3 2248 2329 2249
3 2249 2329 2330
3 2249 2330 2250
3 2250 2330 2331
3 2250 2331 2251
3 2251 2331 2332
3 2251 2332 2252
3 2252 2332 2333
3 2252 2333 2253
3 2253 2333 2334
3 2253 2334 2254
3 2254 2334 2335
3 2254 2335 2255
3 2255 2335 2336
3 2255 2336 2256
3 2256 2336 2337
3 2256 2337 2257
3 2257 2337 2338
3 2257 2338 2258
3 2258 2338 2339
3 2258 2339 2259
3 2259 2339 2340
3 2259 2340 2260
3 2260 2340 2341
3 2260 2341 2261
3 2261 2341 2342
3 2261 2342 2262
3 2262 2342 2343
3 2262 2343 2263
3 2263 2343 2344
3 2263 2344 2264
3 2264 2344 2345
3 2264 2345 2265
3 2265 2345 2346
3 2265 2346 2266
3 2266 2346 2347
3 2266 2347 2267
3 2267 2347 2348
3 2267 2348 2268
3 2268 2348 2349
3 2268 2349 2269
3 2269 2349 2350
3 2269 2350 2270
3 2270 2350 2351
3 2270 2351 2271
3 2271 2351 2352
3 2271 2352 2272
3 2272 2352 2353
3 2272 2353 2273
3 2273 2353 2354
3 2273 2354 2274
3 2274 2354 2355
3 2274 2355 2275
3 2275 2355 2356
3 2275 2356 2276
3 2276 2356 2357
3 2276 2357 2277
3 2277 2357 2358
3 2277 2358 2278
3 2278 2358 2359
3 2278 2359 2279
3 2279 2359 2360
3 2279 2360 2280
3 2280 2360 2361
3 2280 2361 2281
3 2281 2361 2362
3 2281 2362 2282
3 2282 2362 2363
3 2282 2363 2283
3 2283 2363 2364
3 2283 2364 2284
3 2284 2364 2365
3 2284 2365 2285
3 2285 2365 2366
3 2285 2366 2286
3 2286 2366 2367
3 2286 2367 2287
3 2287 2367 2368
3 2287 2368 2288
3 2288 2368 2369
3 2288 2369 2289
3 2289 2369 2370
3 2289 2370 2290
3 2290 2370 2371
3 2290 2371 2291
3 2291 2371 2372
3 2291 2372 2292
3 2292 2372 2373
3 2292 2373 2293
3 2293 2373 2374
3 2293 2374 2294
3 2294 2374 2375
3 2294 2375 2295
3 2295 2375 2376
3 2295 2376 2296
3 2296 2376 2377
3 2296 2377 2297
3 2297 2377 2378
3 2297 2378 2298
3 2298 2378 2379
3 2298 2379 2299
3 2299 2379 2380
3 2299 2380 2300
3 2300 2380 2381
3 2300 2381 2301
3 2301 2381 2382
3 2301 2382 2302
3 2302 2382 2383
3 2302 2383 2303
3 2303 2383 2384
3 2303 2384 2304
3 2304 2384 2385
3 2304 2385 2305
3 2305 2385 2386
3 2305 2386 2306
3 2306 2386 2387
3 2306 2387 2307
3 2307 2387 2388
3 2307 2388 2308
3 2308 2388 2389
3 2308 2389 2309
3 2309 2389 2390
3 2309 2390 2310
3 2310 2390 2391
3 2310 2391 2311
3 2311 2391 2392
3 2311 2392 2312
3 2312 2392 2393
3 2312 2393 2313
3 2313 2393 2394
3 2313 2394 2314
3 2314 2394 2395
3 2314 2395 2315
3 2315 2395 2396
3 2315 2396 2316
3 2316 2396 2397
3 2316 2397 2317
3 2317 2397 2398
3 2317 2398 2318
3 2318 2398 2399
3 2318 2399 2319
3 2319 2399 2320
3 2319 2320 2240
3 2320 2400 2401
3 2320 2401 2321
3 2321 2401 2402
3 2321 2402 2322
3 2322 2402 2403
3 2322 2403 2323
3 2323 2403 2404
3 2323 2404 2324
3 2324 2404 2405
3 2324 2405 2325
3 2325 2405 2406
3 2325 2406 2326
3 2326 2406 2407
3 2326 2407 2327
3 2327 2407 2408
3 2327 2408 2328
3 2328 2408 2409
3 2328 2409 2329
3 2329 2409 2410
3 2329 2410 2330
3 2330 2410 2411
3 2330 2411 2331
3 2331 2411 2412
3 2331 2412 2332
3 2332 2412 2413
3 2332 2413 2333
3 2333 2413 2414
3 2333 2414 2334
3 2334 2414 2415
3 2334 2415 2335
3 2335 2415 2416
3 2335 2416 2336
3 2336 2416 2417
3 2336 2417 2337
3 2337 2417 2418
3 2337 2418 2338
3 2338 2418 2419
3 2338 2419 2339
3 2339 2419 2420
3 2339 2420 2340
3 2340 2420 2421
3 2340 2421 2341
3 2341 2421 2422
3 2341 2422 2342
3 2342 2422 2423
3 2342 2423 2343
3 2343 2423 2424
3 2343 2424 2344
3 2344 2424 2425
3 2344 2425 2345
3 2345 2425 2426
3 2345 2426 2346
3 2346 2426 2427
3 2346 2427 2347
3 2347 2427 2428
3 2347 2428 2348
3 2348 2428 2429
3 2348 2429 2349
3 2349 2429 2430
3 2349 2430 2350
3 2350 2430 2431
3 2350 2431 2351
3 2351 2431 2432
3 2351 2432 2352
3 2352 2432 2433
3 2352 2433 2353
3 2353 2433 2434
3 2353 2434 2354
3 2354 2434 2435
3 2354 2435 2355
3 2355 2435 2436
3 2355 2436 2356
3 2356 2436 2437
3 2356 2437 2357
3 2357 2437 2438
3 2357 2438 2358
3 2358 2438 2439
3 2358 2439 2359
3 2359 2439 2440
3 2359 2440 2360
3 2360 2440 2441
3 2360 2441 2361
3 2361 2441 2442
3 2361 2442 2362
3 2362 2442 2443
3 2362 2443 2363
3 2363 2443 2444
3 2363 2444 2364
3 2364 2444 2445
3 2364 2445 2365
3 2365 2445 2446
3 2365 2446 2366
3 2366 2446 2447
3 2366 2447 2367
3 2367 2447 2448
3 2367 2448 2368
3 2368 2448 2449
3 2368 2449 2369
3 2369 2449 2450
3 2369 2450 2370
3 2370 2450 2451
3 2370 2451 2371
3 2371 2451 2452
3 2371 2452 2372
3 2372 2452 2453
3 2372 2453 2373
3 2373 2453 2454
3 2373 2454 2374
3 2374 2454 2455
3 2374 2455 2375
3 2375 2455 2456
3 2375 2456 2376
3 2376 2456 2457
3 2376 2457 2377
3 2377 2457 2458
3 2377 2458 2378
3 2378 2458 2459
3 2378 2459 2379
3 2379 2459 2460
3 2379 2460 2380
3 2380 2460 2461
3 2380 2461 2381
3 2381 2461 2462
3 2381 2462 2382
3 2382 2462 2463
3 2382 2463 2383
3 2383 2463 2464
3 2383 2464 2384
3 2384 2464 2465
3 2384 2465 2385
3 2385 2465 2466
3 2385 2466 2386
3 2386 2466 2467
3 2386 2467 2387
3 2387 2467 2468
3 2387 2468 2388
3 2388 2468 2469
3 2388 2469 2389
3 2389 2469 2470
3 2389 2470 2390
3 2390 2470 2471
3 2390 2471 2391
3 2391 2471 2472
3 2391 2472 2392
3 2392 2472 2473
3 2392 2473 2393
3 2393 2473 2474
3 2393 2474 2394
3 2394 2474 2475
3 2394 2475 2395
3 2395 2475 2476
3 2395 2476 2396
3 2396 2476 2477
3 2396 2477 2397
3 2397 2477 2478
3 2397 2478 2398
3 2398 2478 2479
3 2398 2479 2399
3 2399 2479 2400
3 2399 2400 2320
3 2400 2480 2481
3 2400 2481 2401
3 2401 2481 2482
3 2401 2482 2402
3 2402 2482 2483
3 2402 2483 2403
3 2403 2483 2484
3 2403 2484 2404
3 2404 2484 2485
3 2404 2485 2405
3 2405 2485 2486
3 2405 2486 2406
3 2406 2486 2487
3 2406 2487 2407
3 2407 2487 2488
3 2407 2488 2408
3 2408 2488 2489
3 2408 2489 2409
3 2409 2489 2490
3 2409 2490 2410
3 2410 2490 2491
3 2410 2491 2411
3 2411 2491 2492
3 2411 2492 2412
3 2412 2492 2493
3 2412 2493 2413
3 2413 2493 2494
3 2413 2494 2414
3 2414 2494 2495
3 2414 2495 2415
3 2415 2495 2496
3 2415 2496 2416
3 2416 2496 2497
3 2416 2497 2417
3 2417 2497 2498
3 2417 2498 2418
3 2418 2498 2499
3 2418 2499 2419
3 2419 2499 2500
3 2419 2500 2420
3 2420 2500 2501
3 2420 2501 2421
3 2421 2501 2502
3 2421 2502 2422
3 2422 2502 2503
3 2422 2503 2423
3 2423 2503 2504
3 2423 2504 2424
3 2424 2504 2505
3 2424 2505 2425
3 2425 2505 2506
3 2425 2506 2426
3 2426 2506 2507
3 2426 2507 2427
3 2427 2507 2508
3 2427 2508 2428
3 2428 2508 2509
3 2428 2509 2429
3 2429 2509 2510
3 2429 2510 2430
3 2430 2510 2511
3 2430 2511 2431
3 2431 2511 2512
3 2431 2512 2432
3 2432 2512 2513
3 2432 2513 2433
3 2433 2513 2514
3 2433 2514 2434
3 2434 2514 2515
3 2434 2515 2435
3 2435 2515 2516
3 2435 2516 2436
3 2436 2516 2517
3 2436 2517 2437
3 2437 2517 2518
3 2437 2518 2438
3 2438 2518 2519
3 2438 2519 2439
3 2439 2519 2520
3 2439 2520 2440
3 2440 2520 2521
3 2440 2521 2441
3 2441 2521 2522
3 2441 2522 2442
3 2442 2522 2523
3 2442 2523 2443
3 2443 2523 2524
3 2443 2524 2444
3 2444 2524 2525
3 2444 2525 2445
3 2445 2525 2526
3 2445 2526 2446
3 2446 2526 2527
3 2446 2527 2447
3 2447 2527 2528
3 2447 2528 2448
3 2448 2528 2529
3 2448 2529 2449
3 2449 2529 2530
3 2449 2530 2450
3 2450 2530 2531
3 2450 2531 2451
3 2451 2531 2532
3 2451 2532 2452
3 2452 2532 2533
3 2452 2533 2453
3 2453 2533 2534
3 2453 2534 2454
3 2454 2534 2535
3 2454 2535 2455
3 2455 2535 2536
3 2455 2536 2456
3 2456 2536 2537
3 2456 2537 2457
3 2457 2537 2538
3 2457 2538 2458
3 2458 2538 2539
3 2458 2539 2459
3 2459 2539 2540
3 2459 2540 2460
3 2460 2540 2541
3 2460 2541 2461
3 2461 2541 2542
3 2461 2542 2462
3 2462 2542 2543
3 2462 2543 2463
3 2463 2543 2544
3 2463 2544 2464
3 2464 2544 2545
3 2464 2545 2465
3 2465 2545 2546
3 2465 2546 2466
3 2466 2546 2547
3 2466 2547 2467
3 2467 2547 2548
3 2467 2548 2468
3 2468 2548 2549
3 2468 2549 2469
3 2469 2549 2550
3 2469 2550 2470
3 2470 2550 2551
3 2470 2551 2471
3 2471 2551 2552
3 2471 2552 2472
3 2472 2552 2553
3 2472 2553 2473
3 2473 2553 2554
3 2473 2554 2474
3 2474 2554 2555
3 2474 2555 2475
3 2475 2555 2556
3 2475 2556 2476
3 2476 2556 2557
3 2476 2557 2477
3 2477 2557 2558
3 2477 2558 2478
3 2478 2558 2559
3 2478 2559 2479
3 2479 2559 2480
3 2479 2480 2400
3 2480 2560 2561
3 2480 2561 2481
3 2481 2561 2562
3 2481 2562 2482
3 2482 2562 2563
3 2482 2563 2483
3 2483 2563 2564
3 2483 2564 2484
3 2484 2564 2565
3 2484 2565 2485
3 2485 2565 2566
3 2485 2566 2486
3 2486 2566 2567
3 2486 2567 2487
3 2487 2567 2568
3 2487 2568 2488
3 2488 2568 2569
3 2488 2569 2489
3 2489 2569 2570
3 2489 2570 2490
3 2490 2570 2571
3 2490 2571 2491
3 2491 2571 2572
3 2491 2572 2492
3 2492 2572 2573
3 2492 2573 2493
3 2493 2573 2574
3 2493 2574 2494
3 2494 2574 2575
3 2494 2575 2495
3 2495 2575 2576
3 2495 2576 2496
3 2496 2576 2577
3 2496 2577 2497
3 2497 2577 2578
3 2497 2578 2498
3 2498 2578 2579
3 2498 2579 2499
3 2499 2579 2580
3 2499 2580 2500
3 2500 2580 2581
3 2500 2581 2501
3 2501 2581 2582
3 2501 2582 2502
3 2502 2582 2583
3 2502 2583 2503
3 2503 2583 2584
3 2503 2584 2504
3 2504 2584 2585
3 2504 2585 2505
3 2505 2585 2586
3 2505 2586 2506
3 2506 2586 2587
3 2506 2587 2507
3 2507 2587 2588
3 2507 2588 2508
3 2508 2588 2589
3 2508 2589 2509
3 2509 2589 2590
3 2509 2590 2510
3 2510 2590 2591
3 2510 2591 2511
3 2511 2591 2592
3 2511 2592 2512
3 2512 2592 2593
3 2512 2593 2513
3 2513 2593 2594
3 2513 2594 2514
3 2514 2594 2595
3 2514 2595 2515
3 2515 2595 2596
3 2515 2596 2516
3 2516 2596 2597
3 2516 2597 2517
3 2517 2597 2598
3 2517 2598 2518
3 2518 2598 2599
3 2518 2599 2519
3 2519 2599 2600
3 2519 2600 2520
3 2520 2600 2601
3 2520 2601 2521
3 2521 2601 2602
3 2521 2602 2522
3 2522 2602 2603
3 2522 2603 2523
3 2523 2603 2604
3 2523 2604 2524
3 2524 2604 2605
3 2524 2605 2525
3 2525 2605 2606
3 2525 2606 2526
3 2526 2606 2607
3 2526 2607 2527
3 2527 2607 2608
3 2527 2608 2528
3 2528 2608 2609
3 2528 2609 2529
3 2529 2609 2610
3 2529 2610 2530
3 2530 2610 2611
3 2530 2611 2531
3 2531 2611 2612
3 2531 2612 2532
3 2532 2612 2613
3 2532 2613 2533
3 2533 2613 2614
3 2533 2614 2534
3 2534 2614 2615
3 2534 2615 2535
3 2535 2615 2616
3 2535 2616 2536
3 2536 2616 2617
3 2536 2617 2537
3 2537 2617 2618
3 2537 2618 2538
3 2538 2618 2619
3 2538 2619 2539
3 2539 2619 2620
3 2539 2620 2540
3 2540 2620 2621
3 2540 2621 2541
3 2541 2621 2622
3 2541 2622 2542
3 2542 2622 2623
3 2542 2623 2543
3 2543 2623 2624
3 2543 2624 2544
3 2544 2624 2625
3 2544 2625 2545
3 2545 2625 2626
3 2545 2626 2546
3 2546 2626 2627
3 2546 2627 2547
3 2547 2627 2628
3 2547 2628 2548
3 2548 2628 2629
3 2548 2629 2549
3 2549 2629 2630
3 2549 2630 2550
3 2550 2630 2631
3 2550 2631 2551
3 2551 2631 2632
3 2551 2632 2552
3 2552 2632 2633
3 2552 2633 2553
3 2553 2633 2634
3 2553 2634 2554
3 2554 2634 2635
3 2554 2635 2555
3 2555 2635 2636
3 2555 2636 2556
3 2556 2636 2637
3 2556 2637 2557
3 2557 2637 2638
3 2557 2638 2558
3 2558 2638 2639
3 2558 2639 2559
3 2559 2639 2560
3 2559 2560 2480
3 2560 2640 2641
3 2560 2641 2561
3 2561 2641 2642
3 2561 2642 2562
3 2562 2642 2643
3 2562 2643 2563
3 2563 2643 2644
3 2563 2644 2564
3 2564 2644 2645
3 2564 2645 2565
3 2565 2645 2646
3 2565 2646 2566
3 2566 2646 2647
3 2566 2647 2567
3 2567 2647 2648
3 2567 2648 2568
3 2568 2648 2649
3 2568 2649 2569
3 2569 2649 2650
3 2569 2650 2570
3 2570 2650 2651
3 2570 2651 2571
3 2571 2651 2652
3 2571 2652 2572
3 2572 2652 2653
3 2572 2653 2573
3 2573 2653 2654
3 2573 2654 2574
3 2574 2654 2655
3 2574 2655 2575
3 2575 2655 2656
3 2575 2656 2576
3 2576 2656 2657
3 2576 2657 2577
3 2577 2657 2658
3 2577 2658 2578
3 2578 2658 2659
3 2578 2659 2579
3 2579 2659 2660
3 2579 2660 2580
3 2580 2660 2661
3 2580 2661 2581
3 2581 2661 2662
3 2581 2662 2582
3 2582 2662 2663
3 2582 2663 2583
3 2583 2663 2664
3 2583 2664 2584
3 2584 2664 2665
3 2584 2665 2585
3 2585 2665 2666
3 2585 2666 2586
3 2586 2666 2667
3 2586 2667 2587
3 2587 2667 2668
3 2587 2668 2588
3 2588 2668 2669
3 2588 2669 2589
3 2589 2669 2670
3 2589 2670 2590
3 2590 2670 2671
3 2590 2671 2591
3 2591 2671 2672
3 2591 2672 2592
3 2592 2672 2673
3 2592 2673 2593
3 2593 2673 2674
3 2593 2674 2594
3 2594 2674 2675
3 2594 2675 2595
3 2595 2675 2676
3 2595 2676 2596
3 2596 2676 2677
3 2596 2677 2597
3 2597 2677 2678
3 2597 2678 2598
3 2598 2678 2679
3 2598 2679 2599
3 2599 2679 2680
3 2599 2680 2600
3 2600 2680 2681
3 2600 2681 2601
3 2601 2681 2682
3 2601 2682 2602
3 2602 2682 2683
3 2602 2683 2603
3 2603 2683 2684
3 2603 2684 2604
3 2604 2684 2685
3 2604 2685 2605
3 2605 2685 2686
3 2605 2686 2606
3 2606 2686 2687
3 2606 2687 2607
3 2607 2687 2688
3 2607 2688 2608
3 2608 2688 2689
3 2608 2689 2609
3 2609 2689 2690
3 2609 2690 2610
3 2610 2690 2691
3 2610 2691 2611
3 2611 2691 2692
3 2611 2692 2612
3 2612 2692 2693
3 2612 2693 2613
3 2613 2693 2694
3 2613 2694 2614
3 2614 2694 2695
3 2614 2695 2615
3 2615 2695 2696
3 2615 2696 2616
3 2616 2696 2697
3 2616 2697 2617
3 2617 2697 2698
3 2617 2698 2618
3 2618 2698 2699
3 2618 2699 2619
3 2619 2699 2700
3 2619 2700 2620
3 2620 2700 2701
3 2620 2701 2621
3 2621 2701 2702
3 2621 2702 2622
3 2622 2702 2703
3 2622 2703 2623
3 2623 2703 2704
3 2623 2704 2624
3 2624 2704 2705
3 2624 2705 2625
3 2625 2705 2706
3 2625 2706 2626
3 2626 2706 2707
3 2626 2707 2627
3 2627 2707 2708
3 2627 2708 2628
3 2628 2708 2709
3 2628 2709 2629
3 2629 2709 2710
3 2629 2710 2630
3 2630 2710 2711
3 2630 2711 2631
3 2631 2711 2712
3 2631 2712 2632
3 2632 2712 2713
3 2632 2713 2633
3 2633 2713 2714
3 2633 2714 2634
3 2634 2714 2715
3 2634 2715 2635
3 2635 2715 2716
3 2635 2716 2636
3 2636 2716 2717
3 2636 2717 2637
3 2637 2717 2718
3 2637 2718 2638
3 2638 2718 2719
3 2638 2719 2639
3 2639 2719 2640
3 2639 2640 2560
3 2640 2720 2721
3 2640 2721 2641
3 2641 2721 2722
3 2641 2722 2642
3 2642 2722 2723
3 2642 2723 2643
3 2643 2723 2724
3 2643 2724 2644
3 2644 2724 2725
3 2644 2725 2645
3 2645 2725 2726
3 2645 2726 2646
3 2646 2726 2727
3 2646 2727 2647
3 2647 2727 2728
3 2647 2728 2648
3 2648 2728 2729
3 2648 2729 2649
3 2649 2729 2730
3 2649 2730 2650
3 2650 2730 2731
3 2650 2731 2651
3 2651 2731 2732
3 2651 2732 2652
3 2652 2732 2733
3 2652 2733 2653
3 2653 2733 2734
3 2653 2734 2654
3 2654 2734 2735
3 2654 2735 2655
3 2655 2735 2736
3 2655 2736 2656
3 2656 2736 2737
3 2656 2737 2657
3 2657 2737 2738
3 2657 2738 2658
3 2658 2738 2739
3 2658 2739 2659
3 2659 2739 2740
3 2659 2740 2660
3 2660 2740 2741
3 2660 2741 2661
3 2661 2741 2742
3 2661 2742 2662
3 2662 2742 2743
3 2662 2743 2663
3 2663 2743 2744
3 2663 2744 2664
3 2664 2744 2745
3 2664 2745 2665
3 2665 2745 2746
3 2665 2746 2666
3 2666 2746 2747
3 2666 2747 2667
3 2667 2747 2748
3 2667 2748 2668
3 2668 2748 2749
3 2668 2749 2669
3 2669 2749 2750
3 2669 2750 2670
3 2670 2750 2751
3 2670 2751 2671
3 2671 2751 2752
3 2671 2752 2672
3 2672 2752 2753
3 2672 2753 2673
3 2673 2753 2754
3 2673 2754 2674
3 2674 2754 2755
3 2674 2755 2675
3 2675 2755 2756
3 2675 2756 2676
3 2676 2756 2757
3 2676 2757 2677
3 2677 2757 2758
3 2677 2758 2678
3 2678 2758 2759
3 2678 2759 2679
3 2679 2759 2760
3 2679 2760 2680
3 2680 2760 2761
3 2680 2761 2681
3 2681 2761 2762
3 2681 2762 2682
3 2682 2762 2763
3 2682 2763 2683
3 2683 2763 2764
3 2683 2764 2684
3 2684 2764 2765
3 2684 2765 2685
3 2685 2765 2766
3 2685 2766 2686
3 2686 2766 2767
3 2686 2767 2687
3 2687 2767 2768
3 2687 2768 2688
3 2688 2768 2769
3 2688 2769 2689
3 2689 2769 2770
3 2689 2770 2690
3 2690 2770 2771
3 2690 2771 2691
3 2691 2771 2772
3 2691 2772 2692
3 2692 2772 2773
3 2692 2773 2693
3 2693 2773 2774
3 2693 2774 2694
3 2694 2774 2775
3 2694 2775 2695
3 2695 2775 2776
3 2695 2776 2696
3 2696 2776 2777
3 2696 2777 2697
3 2697 2777 2778
3 2697 2778 2698
3 2698 2778 2779
3 2698 2779 2699
3 2699 2779 2780
3 2699 2780 2700
3 2700 2780 2781
3 2700 2781 2701
3 2701 2781 2782
3 2701 2782 2702
3 2702 2782 2783
3 2702 2783 2703
3 2703 2783 2784
3 2703 2784 2704
3 2704 2784 2785
3 2704 2785 2705
3 2705 2785 2786
3 2705 2786 2706
3 2706 2786 2787
3 2706 2787 2707
3 2707 2787 2788
3 2707 2788 2708
3 2708 2788 2789
3 2708 2789 2709
3 2709 2789 2790
3 2709 2790 2710
3 2710 2790 2791
3 2710 2791 2711
3 2711 2791 2792
3 2711 2792 2712
3 2712 2792 2793
3 2712 2793 2713
3 2713 2793 2794
3 2713 2794 2714
3 2714 2794 2795
3 2714 2795 2715
3 2715 2795 2796
3 2715 2796 2716
3 2716 2796 2797
3 2716 2797 2717
3 2717 2797 2798
3 2717 2798 2718
3 2718 2798 2799
3 2718 2799 2719
3 2719 2799 2720
3 2719 2720 2640
3 2720 2800 2801
3 2720 2801 2721
3 2721 2801 2802
3 2721 2802 2722
3 2722 2802 2803
3 2722 2803 2723
3 2723 2803 2804
3 2723 2804 2724
3 2724 2804 2805
3 2724 2805 2725
3 2725 2805 2806
3 2725 2806 2726
3 2726 2806 2807
3 2726 2807 2727
3 2727 2807 2808
3 2727 2808 2728
3 2728 2808 2809
3 2728 2809 2729
3 2729 2809 2810
3 2729 2810 2730
3 2730 2810 2811
3 2730 2811 2731
3 2731 2811 2812
3 2731 2812 2732
3 2732 2812 2813
3 2732 2813 2733
3 2733 2813 2814
3 2733 2814 2734
3 2734 2814 2815
3 2734 2815 2735
3 2735 2815 2816
3 2735 2816 2736
3 2736 2816 2817
3 2736 2817 2737
3 2737 2817 2818
3 2737 2818 2738
3 2738 2818 2819
3 2738 2819 2739
3 2739 2819 2820
3 2739 2820 2740
3 2740 2820 2821
3 2740 2821 2741
3 2741 2821 2822
3 2741 2822 2742
3 2742 2822 2823
3 2742 2823 2743
3 2743 2823 2824
3 2743 2824 2744
3 2744 2824 2825
3 2744 2825 2745
3 2745 2825 2826
3 2745 2826 2746
3 2746 2826 2827
3 2746 2827 2747
3 2747 2827 2828
3 2747 2828 2748
3 2748 2828 2829
3 2748 2829 2749
3 2749 2829 2830
3 2749 2830 2750
3 2750 2830 2831
3 2750 2831 2751
3 2751 2831 2832
3 2751 2832 2752
3 2752 2832 2833
3 2752 2833 2753
3 2753 2833 2834
3 2753 2834 2754
3 2754 2834 2835
3 2754 2835 2755
3 2755 2835 2836
3 2755 2836 2756
3 2756 2836 2837
3 2756 2837 2757
3 2757 2837 2838
3 2757 2838 2758
3 2758 2838 2839
3 2758 2839 2759
3 2759 2839 2840
3 2759 2840 2760
3 2760 2840 2841
3 2760 2841 2761
3 2761 2841 2842
3 2761 2842 2762
3 2762 2842 2843
3 2762 2843 2763
3 2763 2843 2844
3 2763 2844 2764
3 2764 2844 2845
3 2764 2845 2765
3 2765 2845 2846
3 2765 2846 2766
3 2766 2846 2847
3 2766 2847 2767
3 2767 2847 2848
3 2767 2848 2768
3 2768 2848 2849
3 2768 2849 2769
3 2769 2849 2850
3 2769 2850 2770
3 2770 2850 2851
3 2770 2851 2771
3 2771 2851 2852
3 2771 2852 2772
3 2772 2852 2853
3 2772 2853 2773
3 2773 2853 2854
3 2773 2854 2774
3 2774 2854 2855
3 2774 2855 2775
3 2775 2855 2856
3 2775 2856 2776
3 2776 2856 2857
3 2776 2857 2777
3 2777 2857 2858
3 2777 2858 2778
3 2778 2858 2859
3 2778 2859 2779
3 2779 2859 2860
3 2779 2860 2780
3 2780 2860 2861
3 2780 2861 2781
3 2781 2861 2862
3 2781 2862 2782
3 2782 2862 2863
3 2782 2863 2783
3 2783 2863 2864
3 2783 2864 2784
3 2784 2864 2865
3 2784 2865 2785
3 2785 2865 2866
3 2785 2866 2786
3 2786 2866 2867
3 2786 2867 2787
3 2787 2867 2868
3 2787 2868 2788
3 2788 2868 2869
3 2788 2869 2789
3 2789 2869 2870
3 2789 2870 2790
3 2790 2870 2871
3 2790 2871 2791
3 2791 2871 2872
3 2791 2872 2792
3 2792 2872 2873
3 2792 2873 2793
3 2793 2873 2874
3 2793 2874 2794
3 2794 2874 2875
3 2794 2875 2795
3 2795 2875 2876
3 2795 2876 2796
3 2796 2876 2877
3 2796 2877 2797
3 2797 2877 2878
3 2797 2878 2798
3 2798 2878 2879
3 2798 2879 2799
3 2799 2879 2800
3 2799 2800 2720
3 2800 2880 2881
3 2800 2881 2801
3 2801 2881 2882
3 2801 2882 2802
3 2802 2882 2883
3 2802 2883 2803
3 2803 2883 2884
3 2803 2884 2804
3 2804 2884 2885
3 2804 2885 2805
3 2805 2885 2886
3 2805 2886 2806
3 2806 2886 2887
3 2806 2887 2807
3 2807 2887 2888
3 2807 2888 2808
3 2808 2888 2889
3 2808 2889 2809
3 2809 2889 2890
3 2809 2890 2810
3 2810 2890 2891
3 2810 2891 2811
3 2811 2891 2892
3 2811 2892 2812
3 2812 2892 2893
3 2812 2893 2813
3 2813 2893 2894
3 2813 2894 2814
3 2814 2894 2895
3 2814 2895 2815
3 2815 2895 2896
3 2815 2896 2816
3 2816 2896 2897
3 2816 2897 2817
3 2817 2897 2898
3 2817 2898 2818
3 2818 2898 2899
3 2818 2899 2819
3 2819 2899 2900
3 2819 2900 2820
3 2820 2900 2901
3 2820 2901 2821
3 2821 2901 2902
3 2821 2902 2822
3 2822 2902 2903
3 2822 2903 2823
3 2823 2903 2904
3 2823 2904 2824
3 2824 2904 2905
3 2824 2905 2825
3 2825 2905 2906
3 2825 2906 2826
3 2826 2906 2907
3 2826 2907 2827
3 2827 2907 2908
3 2827 2908 2828
3 2828 2908 2909
3 2828 2909 2829
3 2829 2909 2910
3 2829 2910 2830
3 2830 2910 2911
3 2830 2911 2831
3 2831 2911 2912
3 2831 2912 2832
3 2832 2912 2913
3 2832 2913 2833
3 2833 2913 2914
3 2833 2914 2834
3 2834 2914 2915
3 2834 2915 2835
3 2835 2915 2916
3 2835 2916 2836
3 2836 2916 2917
3 2836 2917 2837
3 2837 2917 2918
3 2837 2918 2838
3 2838 2918 2919
3 2838 2919 2839
3 2839 2919 2920
3 2839 2920 2840
3 2840 2920 2921
3 2840 2921 2841
3 2841 2921 2922
3 2841 2922 2842
3 2842 2922 2923
3 2842 2923 2843
3 2843 2923 2924
3 2843 2924 2844
3 2844 2924 2925
3 2844 2925 2845
3 2845 2925 2926
3 2845 2926 2846
3 2846 2926 2927
3 2846 2927 2847
3 2847 2927 2928
3 2847 2928 2848
3 2848 2928 2929
3 2848 2929 2849
3 2849 2929 2930
3 2849 2930 2850
3 2850 2930 2931
3 2850 2931 2851
3 2851 2931 2932
3 2851 2932 2852
3 2852 2932 2933
3 2852 2933 2853
3 2853 2933 2934
3 2853 2934 2854
3 2854 2934 2935
3 2854 2935 2855
3 2855 2935 2936
3 2855 2936 2856
3 2856 2936 2937
3 2856 2937 2857
3 2857 2937 2938
3 2857 2938 2858
3 2858 2938 2939
3 2858 2939 2859
3 2859 2939 2940
3 2859 2940 2860
3 2860 2940 2941
3 2860 2941 2861
3 2861 2941 2942
3 2861 2942 2862
3 2862 2942 2943
3 2862 2943 2863
3 2863 2943 2944
3 2863 2944 2864
3 2864 2944 2945
3 2864 2945 2865
3 2865 2945 2946
3 2865 2946 2866
3 2866 2946 2947
3 2866 2947 2867
3 2867 2947 2948
3 2867 2948 2868
3 2868 2948 2949
3 2868 2949 2869
3 2869 2949 2950
3 2869 2950 2870
3 2870 2950 2951
3 2870 2951 2871
3 2871 2951 2952
3 2871 2952 2872
3 2872 2952 2953
3 2872 2953 2873
3 2873 2953 2954
3 2873 2954 2874
3 2874 2954 2955
3 2874 2955 2875
3 2875 2955 2956
3 2875 2956 2876
3 2876 2956 2957
3 2876 2957 2877
3 2877 2957 2958
3 2877 2958 2878
3 2878 2958 2959
3 2878 2959 2879
3 2879 2959 2880
3 2879 2880 2800
3 2880 2960 2961
3 2880 2961 2881
3 2881 2961 2962
3 2881 2962 2882
3 2882 2962 2963
3 2882 2963 2883
3 2883 2963 2964
3 2883 2964 2884
3 2884 2964 2965
3 2884 2965 2885
3 2885 2965 2966
3 2885 2966 2886
3 2886 2966 2967
3 2886 2967 2887
3 2887 2967 2968
3 2887 2968 2888
3 2888 2968 2969
3 2888 2969 2889
3 2889 2969 2970
3 2889 2970 2890
3 2890 2970 2971
3 2890 2971 2891
3 2891 2971 2972
3 2891 2972 2892
3 2892 2972 2973
3 2892 2973 2893
3 2893 2973 2974
3 2893 2974 2894
3 2894 2974 2975
3 2894 2975 2895
3 2895 2975 2976
3 2895 2976 2896
3 2896 2976 2977
3 2896 2977 2897
3 2897 2977 2978
3 2897 2978 2898
3 2898 2978 2979
3 2898 2979 2899
3 2899 2979 2980
3 2899 2980 2900
3 2900 2980 2981
3 2900 2981 2901
3 2901 2981 2982
3 2901 2982 2902
3 2902 2982 2983
3 2902 2983 2903
3 2903 2983 2984
3 2903 2984 2904
3 2904 2984 2985
3 2904 2985 2905
3 2905 2985 2986
3 2905 2986 2906
3 2906 2986 2987
3 2906 2987 2907
3 2907 2987 2988
3 2907 2988 2908
3 2908 2988 2989
3 2908 2989 2909
3 2909 2989 2990
3 2909 2990 2910
3 2910 2990 2991
3 2910 2991 2911
3 2911 2991 2992
3 2911 2992 2912
3 2912 2992 2993
3 2912 2993 2913
3 2913 2993 2994
3 2913 2994 2914
3 2914 2994 2995
3 2914 2995 2915
3 2915 2995 2996
3 2915 2996 2916
3 2916 2996 2997
3 2916 2997 2917
3 2917 2997 2998
3 2917 2998 2918
3 2918 2998 2999
3 2918 2999 2919
3 2919 2999 3000
3 2919 3000 2920
3 2920 3000 3001
3 2920 3001 2921
3 2921 3001 3002
3 2921 3002 2922
3 2922 3002 3003
3 2922 3003 2923
3 2923 3003 3004
3 2923 3004 2924
3 2924 3004 3005
3 2924 3005 2925
3 2925 3005 3006
3 2925 3006 2926
3 2926 3006 3007
3 2926 3007 2927
3 2927 3007 3008
3 2927 3008 2928
3 2928 3008 3009
3 2928 3009 2929
3 2929 3009 3010
3 2929 3010 2930
3 2930 3010 3011
3 2930 3011 2931
3 2931 3011 3012
3 2931 3012 2932
3 2932 3012 3013
3 2932 3013 2933
3 2933 3013 3014
3 2933 3014 2934
3 2934 3014 3015
3 2934 3015 2935
3 2935 3015 3016
3 2935 3016 2936
3 2936 3016 3017
3 2936 3017 2937
3 2937 3017 3018
3 2937 3018 2938
3 2938 3018 3019
3 2938 3019 2939
3 2939 3019 3020
3 2939 3020 2940
3 2940 3020 3021
3 2940 3021 2941
3 2941 3021 3022
3 2941 3022 2942
3 2942 3022 3023
3 2942 3023 2943
3 2943 3023 3024
3 2943 3024 2944
3 2944 3024 3025
3 2944 3025 2945
3 2945 3025 3026
3 2945 3026 2946
3 2946 3026 3027
3 2946 3027 2947
3 2947 3027 3028
3 2947 3028 2948
3 2948 3028 3029
3 2948 3029 2949
3 2949 3029 3030
3 2949 3030 2950
3 2950 3030 3031
3 2950 3031 2951
3 2951 3031 3032
3 2951 3032 2952
3 2952 3032 3033
3 2952 3033 2953
3 2953 3033 3034
3 2953 3034 2954
3 2954 3034 3035
3 2954 3035 2955
3 2955 3035 3036
3 2955 3036 2956
3 2956 3036 3037
3 2956 3037 2957
3 2957 3037 3038
3 2957 3038 2958
3 2958 3038 3039
3 2958 3039 2959
3 2959 3039 2960
3 2959 2960 2880
3 2960 3040 3041
3 2960 3041 2961
3 2961 3041 3042
3 2961 3042 2962
3 2962 3042 3043
3 2962 3043 2963
3 2963 3043 3044
3 2963 3044 2964
3 2964 3044 3045
3 2964 3045 2965
3 2965 3045 3046
3 2965 3046 2966
3 2966 3046 3047
3 2966 3047 2967
3 2967 3047 3048
3 2967 3048 2968
3 2968 3048 3049
3 2968 3049 2969
3 2969 3049 3050
3 2969 3050 2970
3 2970 3050 3051
3 2970 3051 2971
3 2971 3051 3052
3 2971 3052 2972
3 2972 3052 3053
3 2972 3053 2973
3 2973 3053 3054
3 2973 3054 2974
3 2974 3054 3055
3 2974 3055 2975
3 2975 3055 3056
3 2975 3056 2976
3 2976 3056 3057
3 2976 3057 2977
3 2977 3057 3058
3 2977 3058 2978
3 2978 3058 3059
3 2978 3059 2979
3 2979 3059 3060
3 2979 3060 2980
3 2980 3060 3061
3 2980 3061 2981
3 2981 3061 3062
3 2981 3062 2982
3 2982 3062 3063
3 2982 3063 2983
3 2983 3063 3064
3 2983 3064 2984
3 2984 3064 3065
3 2984 3065 2985
3 2985 3065 3066
3 2985 3066 2986
3 2986 3066 3067
3 2986 3067 2987
3 2987 3067 3068
3 2987 3068 2988
3 2988 3068 3069
3 2988 3069 2989
3 2989 3069 3070
3 2989 3070 2990
3 2990 3070 3071
3 2990 3071 2991
3 2991 3071 3072
3 2991 3072 2992
3 2992 3072 3073
3 2992 3073 2993
3 2993 3073 3074
3 2993 3074 2994
3 2994 3074 3075
3 2994 3075 2995
3 2995 3075 3076
3 2995 3076 2996
3 2996 3076 3077
3 2996 3077 2997
3 2997 3077 3078
3 2997 3078 2998
3 2998 3078 3079
3 2998 3079 2999
3 2999 3079 3080
3 2999 3080 3000
3 3000 3080 3081
3 3000 3081 3001
3 3001 3081 3082
3 3001 3082 3002
3 3002 3082 3083
3 3002 3083 3003
3 3003 3083 3084
3 3003 3084 3004
3 3004 3084 3085
3 3004 3085 3005
3 3005 3085 3086
3 3005 3086 3006
3 3006 3086 3087
3 3006 3087 3007
3 3007 3087 3088
3 3007 3088 3008
3 3008 3088 3089
3 3008 3089 3009
3 3009 3089 3090
3 3009 3090 3010
3 3010 3090 3091
3 3010 3091 3011
3 3011 3091 3092
3 3011 3092 3012
3 3012 3092 3093
3 3012 3093 3013
3 3013 3093 3094
3 3013 3094 3014
3 3014 3094 3095
3 3014 3095 3015
3 3015 3095 3096
3 3015 3096 3016
3 3016 3096 3097
3 3016 3097 3017
3 3017 3097 3098
3 3017 3098 3018
3 3018 3098 3099
3 3018 3099 3019
3 3019 3099 3100
3 3019 3100 3020
3 3020 3100 3101
3 3020 3101 3021
3 3021 3101 3102
3 3021 3102 3022
3 3022 3102 3103
3 3022 3103 3023
3 3023 3103 3104
3 3023 3104 3024
3 3024 3104 3105
3 3024 3105 3025
3 3025 3105 3106
3 3025 3106 3026
3 3026 3106 3107
3 3026 3107 3027
3 3027 3107 3108
3 3027 3108 3028
3 3028 3108 3109
3 3028 3109 3029
3 3029 3109 3110
3 3029 3110 3030
3 3030 3110 3111
3 3030 3111 3031
3 3031 3111 3112
3 3031 3112 3032
3 3032 3112 3113
3 3032 3113 3033
3 3033 3113 3114
3 3033 3114 3034
3 3034 3114 3115
3 3034 3115 3035
3 3035 3115 3116
3 3035 3116 3036
3 3036 3116 3117
3 3036 3117 3037
3 3037 3117 3118
3 3037 3118 3038
3 3038 3118 3119
3 3038 3119 3039
3 3039 3119 3040
3 3039 3040 2960
3 3040 3120 3121
3 3040 3121 3041
3 3041 3121 3122
3 3041 3122 3042
3 3042 3122 3123
3 3042 3123 3043
3 3043 3123 3124
3 3043 3124 3044
3 3044 3124 3125
3 3044 3125 3045
3 3045 3125 3126
3 3045 3126 3046
3 3046 3126 3127
3 3046 3127 3047
3 3047 3127 3128
3 3047 3128 3048
3 3048 3128 3129
3 3048 3129 3049
3 3049 3129 3130
3 3049 3130 3050
3 3050 3130 3131
3 3050 3131 3051
3 3051 3131 3132
3 3051 3132 3052
3 3052 3132 3133
3 3052 3133 3053
3 3053 3133 3134
3 3053 3134 3054
3 3054 3134 3135
3 3054 3135 3055
3 3055 3135 3136
3 3055 3136 3056
3 3056 3136 3137
3 3056 3137 3057
3 3057 3137 3138
3 3057 3138 3058
3 3058 3138 3139
3 3058 3139 3059
3 3059 3139 3140
3 3059 3140 3060
3 3060 3140 3141
3 3060 3141 3061
3 3061 3141 3142
3 3061 3142 3062
3 3062 3142 3143
3 3062 3143 3063
3 3063 3143 3144
3 3063 3144 3064
3 3064 3144 3145
3 3064 3145 3065
3 3065 3145 3146
3 3065 3146 3066
3 3066 3146 3147
3 3066 3147 3067
3 3067 3147 3148
3 3067 3148 3068
3 3068 3148 3149
3 3068 3149 3069
3 3069 3149 3150
3 3069 3150 3070
3 3070 3150 3151
3 3070 3151 3071
3 3071 3151 3152
3 3071 3152 3072
3 3072 3152 3153
3 3072 3153 3073
3 3073 3153 3154
3 3073 3154 3074
3 3074 3154 3155
3 3074 3155 3075
3 3075 3155 3156
3 3075 3156 3076
3 3076 3156 3157
3 3076 3157 3077
3 3077 3157 3158
3 3077 3158 3078
3 3078 3158 3159
3 3078 3159 3079
3 3079 3159 3160
3 3079 3160 3080
3 3080 3160 3161
3 3080 3161 3081
3 3081 3161 3162
3 3081 3162 3082
3 3082 3162 3163
3 3082 3163 3083
3 3083 3163 3164
3 3083 3164 3084
3 3084 3164 3165
3 3084 3165 3085
3 3085 3165 3166
3 3085 3166 3086
3 3086 3166 3167
3 3086 3167 3087
3 3087 3167 3168
3 3087 3168 3088
3 3088 3168 3169
3 3088 3169 3089
3 3089 3169 3170
3 3089 3170 3090
3 3090 3170 3171
3 3090 3171 3091
3 3091 3171 3172
3 3091 3172 3092
3 3092 3172 3173
3 3092 3173 3093
3 3093 3173 3174
3 3093 3174 3094
3 3094 3174 3175
3 3094 3175 3095
3 3095 3175 3176
3 3095 3176 3096
3 3096 3176 3177
3 3096 3177 3097
3 3097 3177 3178
3 3097 3178 3098
3 3098 3178 3179
3 3098 3179 3099
3 3099 3179 3180
3 3099 3180 3100
3 3100 3180 3181
3 3100 3181 3101
3 3101 3181 3182
3 3101 3182 3102
3 3102 3182 3183
3 3102 3183 3103
3 3103 3183 3184
3 3103 3184 3104
3 3104 3184 3185
3 3104 3185 3105
3 3105 3185 3186
3 3105 3186 3106
3 3106 3186 3187
3 3106 3187 3107
3 3107 3187 3188
3 3107 3188 3108
3 3108 3188 3189
3 3108 3189 3109
3 3109 3189 3190
3 3109 3190 3110
3 3110 3190 3191
3 3110 3191 3111
3 3111 3191 3192
3 3111 3192 3112
3 3112 3192 3193
3 3112 3193 3113
3 3113 3193 3194
3 3113 3194 3114
3 3114 3194 3195
3 3114 3195 3115
3 3115 3195 3196
3 3115 3196 3116
3 3116 3196 3197
3 3116 3197 3117
3 3117 3197 3198
3 3117 3198 3118
3 3118 3198 3199
3 3118 3199 3119
3 3119 3199 3120
3 3119 3120 3040
3 3120 3200 3201
3 3120 3201 3121
3 3121 3201 3202
3 3121 3202 3122
3 3122 3202 3203
3 3122 3203 3123
3 3123 3203 3204
3 3123 3204 3124
3 3124 3204 3205
3 3124 3205 3125
3 3125 3205 3206
3 3125 3206 3126
3 3126 3206 3207
3 3126 3207 3127
3 3127 3207 3208
3 3127 3208 3128
3 3128 3208 3209
3 3128 3209 3129
3 3129 3209 3210
3 3129 3210 3130
3 3130 3210 3211
3 3130 3211 3131
3 3131 3211 3212
3 3131 3212 3132
3 3132 3212 3213
3 3132 3213 3133
3 3133 3213 3214
3 3133 3214 3134
3 3134 3214 3215
3 3134 3215 3135
3 3135 3215 3216
3 3135 3216 3136
3 3136 3216 3217
3 3136 3217 3137
3 3137 3217 3218
3 3137 3218 3138
3 3138 3218 3219
3 3138 3219 3139
3 3139 3219 3220
3 3139 3220 3140
3 3140 3220 3221
3 3140 3221 3141
3 3141 3221 3222
3 3141 3222 3142
3 3142 3222 3223
3 3142 3223 3143
3 3143 3223 3224
3 3143 3224 3144
3 3144 3224 3225
3 3144 3225 3145
3 3145 3225 3226
3 3145 3226 3146
3 3146 3226 3227
3 3146 3227 3147
3 3147 3227 3228
3 3147 3228 3148
3 3148 3228 3229
3 3148 3229 3149
3 3149 3229 3230
3 3149 3230 3150
3 3150 3230 3231
3 3150 3231 3151
3 3151 3231 3232
3 3151 3232 3152
3 3152 3232 3233
3 3152 3233 3153
3 3153 3233 3234
3 3153 3234 3154
3 3154 3234 3235
3 3154 3235 3155
3 3155 3235 3236
3 3155 3236 3156
3 3156 3236 3237
3 3156 3237 3157
3 3157 3237 3238
3 3157 3238 3158
3 3158 3238 3239
3 3158 3239 3159
3 3159 3239 3240
3 3159 3240 3160
3 3160 3240 3241
3 3160 3241 3161
3 3161 3241 3242
3 3161 3242 3162
3 3162 3242 3243
3 3162 3243 3163
3 3163 3243 3244
3 3163 3244 3164
3 3164 3244 3245
3 3164 3245 3165
3 3165 3245 3246
3 3165 3246 3166
3 3166 3246 3247
3 3166 3247 3167
3 3167 3247 3248
3 3167 3248 3168
3 3168 3248 3249
3 3168 3249 3169
3 3169 3249 3250
3 3169 3250 3170
3 3170 3250 3251
3 3170 3251 3171
3 3171 3251 3252
3 3171 3252 3172
3 3172 3252 3253
3 3172 3253 3173
3 3173 3253 3254
3 3173 3254 3174
3 3174 3254 3255
3 3174 3255 3175
3 3175 3255 3256
3 3175 3256 3176
3 3176 3256 3257
3 3176 3257 3177
3 3177 3257 3258
3 3177 3258 3178
3 3178 3258 3259
3 3178 3259 3179
3 3179 3259 3260
3 3179 3260 3180
3 3180 3260 3261
3 3180 3261 3181
3 3181 3261 3262
3 3181 3262 3182
3 3182 3262 3263
3 3182 3263 3183
3 3183 3263 3264
3 3183 3264 3184
3 3184 3264 3265
3 3184 3265 3185
3 3185 3265 3266
3 3185 3266 3186
3 3186 3266 3267
3 3186 3267 3187
3 3187 3267 3268
3 3187 3268 3188
3 3188 3268 3269
3 3188 3269 3189
3 3189 3269 3270
3 3189 3270 3190
3 3190 3270 3271
3 3190 3271 3191
3 3191 3271 3272
3 3191 3272 3192
3 3192 3272 3273
3 3192 3273 3193
3 3193 3273 3274
3 3193 3274 3194
3 3194 3274 3275
3 3194 3275 3195
3 3195 3275 3276
3 3195 3276 3196
3 3196 3276 3277
3 3196 3277 3197
3 3197 3277 3278
3 3197 3278 3198
3 3198 3278 3279
3 3198 3279 3199
3 3199 3279 3200
3 3199 3200 3120
3 3200 3280 3281
3 3200 3281 3201
3 3201 3281 3282
3 3201 3282 3202
3 3202 3282 3283
3 3202 3283 3203
3 3203 3283 3284
3 3203 3284 3204
3 3204 3284 3285
3 3204 3285 3205
3 3205 3285 3286
3 3205 3286 3206
3 3206 3286 3287
3 3206 3287 3207
3 3207 3287 3288
3 3207 3288 3208
3 3208 3288 3289
3 3208 3289 3209
3 3209 3289 3290
3 3209 3290 3210
3 3210 3290 3291
3 3210 3291 3211
3 3211 3291 3292
3 3211 3292 3212
3 3212 3292 3293
3 3212 3293 3213
3 3213 3293 3294
3 3213 3294 3214
3 3214 3294 3295
3 3214 3295 3215
3 3215 3295 3296
3 3215 3296 3216
3 3216 3296 3297
3 3216 3297 3217
3 3217 3297 3298
3 3217 3298 3218
3 3218 3298 3299
3 3218 3299 3219
3 3219 3299 3300
3 3219 3300 3220
3 3220 3300 3301
3 3220 3301 3221
3 3221 3301 3302
3 3221 3302 3222
3 3222 3302 3303
3 3222 3303 3223
3 3223 3303 3304
3 3223 3304 3224
3 3224 3304 3305
3 3224 3305 3225
3 3225 3305 3306
3 3225 3306 3226
3 3226 3306 3307
3 3226 3307 3227
3 3227 3307 3308
3 3227 3308 3228
3 3228 3308 3309
3 3228 3309 3229
3 3229 3309 3310
3 3229 3310 3230
3 3230 3310 3311
3 3230 3311 3231
3 3231 3311 3312
3 3231 3312 3232
3 3232 3312 3313
3 3232 3313 3233
3 3233 3313 3314
3 3233 3314 3234
3 3234 3314 3315
3 3234 3315 3235
3 3235 3315 3316
3 3235 3316 3236
3 3236 3316 3317
3 3236 3317 3237
3 3237 3317 3318
3 3237 3318 3238
3 3238 3318 3319
3 3238 3319 3239
3 3239 3319 3320
3 3239 3320 3240
3 3240 3320 3321
3 3240 3321 3241
3 3241 3321 3322
3 3241 3322 3242
3 3242 3322 3323
3 3242 3323 3243
3 3243 3323 3324
3 3243 3324 3244
3 3244 3324 3325
3 3244 3325 3245
3 3245 3325 3326
3 3245 3326 3246
3 3246 3326 3327
3 3246 3327 3247
3 3247 3327 3328
3 3247 3328 3248
3 3248 3328 3329
3 3248 3329 3249
3 3249 3329 3330
3 3249 3330 3250
3 3250 3330 3331
3 3250 3331 3251
3 3251 3331 3332
3 3251 3332 3252
3 3252 3332 3333
3 3252 3333 3253
3 3253 3333 3334
3 3253 3334 3254
3 3254 3334 3335
3 3254 3335 3255
3 3255 3335 3336
3 3255 3336 3256
3 3256 3336 3337
3 3256 3337 3257
3 3257 3337 3338
3 3257 3338 3258
3 3258 3338 3339
3 3258 3339 3259
3 3259 3339 3340
3 3259 3340 3260
3 3260 3340 3341
3 3260 3341 3261
3 3261 3341 3342
3 3261 3342 3262
3 3262 3342 3343
3 3262 3343 3263
3 3263 3343 3344
3 3263 3344 3264
3 3264 3344 3345
3 3264 3345 3265
3 3265 3345 3346
3 3265 3346 3266
3 3266 3346 3347
3 3266 3347 3267
3 3267 3347 3348
3 3267 3348 3268
3 3268 3348 3349
3 3268 3349 3269
3 3269 3349 3350
3 3269 3350 3270
3 3270 3350 3351
3 3270 3351 3271
3 3271 3351 3352
3 3271 3352 3272
3 3272 3352 3353
3 3272 3353 3273
3 3273 3353 3354
3 3273 3354 3274
3 3274 3354 3355
3 3274 3355 3275
3 3275 3355 3356
3 3275 3356 3276
3 3276 3356 3357
3 3276 3357 3277
3 3277 3357 3358
3 3277 3358 3278
3 3278 3358 3359
3 3278 3359 3279
3 3279 3359 3280
3 3279 3280 3200
3 3280 3360 3361
3 3280 3361 3281
3 3281 3361 3362
3 3281 3362 3282
3 3282 3362 3363
3 3282 3363 3283
3 3283 3363 3364
3 3283 3364 3284
3 3284 3364 3365
3 3284 3365 3285
3 3285 3365 3366
3 3285 3366 3286
3 3286 3366 3367
3 3286 3367 3287
3 3287 3367 3368
3 3287 3368 3288
3 3288 3368 3369
3 3288 3369 3289
3 3289 3369 3370
3 3289 3370 3290
3 3290 3370 3371
3 3290 3371 3291
3 3291 3371 3372
3 3291 3372 3292
3 3292 3372 3373
3 3292 3373 3293
3 3293 3373 3374
3 3293 3374 3294
3 3294 3374 3375
3 3294 3375 3295
3 3295 3375 3376
3 3295 3376 3296
3 3296 3376 3377
3 3296 3377 3297
3 3297 3377 3378
3 3297 3378 3298
3 3298 3378 3379
3 3298 3379 3299
3 3299 3379 3380
3 3299 3380 3300
3 3300 3380 3381
3 3300 3381 3301
3 3301 3381 3382
3 3301 3382 3302
3 3302 3382 3383
3 3302 3383 3303
3 3303 3383 3384
3 3303 3384 3304
3 3304 3384 3385
3 3304 3385 3305
3 3305 3385 3386
3 3305 3386 3306
3 3306 3386 3387
3 3306 3387 3307
3 3307 3387 3388
3 3307 3388 3308
3 3308 3388 3389
3 3308 3389 3309
3 3309 3389 3390
3 3309 3390 3310
3 3310 3390 3391
3 3310 3391 3311
3 3311 3391 3392
3 3311 3392 3312
3 3312 3392 3393
3 3312 3393 3313
3 3313 3393 3394
3 3313 3394 3314
3 3314 3394 3395
3 3314 3395 3315
3 3315 3395 3396
3 3315 3396 3316
3 3316 3396 3397
3 3316 3397 3317
3 3317 3397 3398
3 3317 3398 3318
3 3318 3398 3399
3 3318 3399 3319
3 3319 3399 3400
3 3319 3400 3320
3 3320 3400 3401
3 3320 3401 3321
3 3321 3401 3402
3 3321 3402 3322
3 3322 3402 3403
3 3322 3403 3323
3 3323 3403 3404
3 3323 3404 3324
3 3324 3404 3405
3 3324 3405 3325
3 3325 3405 3406
3 3325 3406 3326
3 3326 3406 3407
3 3326 3407 3327
3 3327 3407 3408
3 3327 3408 3328
3 3328 3408 3409
3 3328 3409 3329
3 3329 3409 3410
3 3329 3410 3330
3 3330 3410 3411
3 3330 3411 3331
3 3331 3411 3412
3 3331 3412 3332
3 3332 3412 3413
3 3332 3413 3333
3 3333 3413 3414
3 3333 3414 3334
3 3334 3414 3415
3 3334 3415 3335
3 3335 3415 3416
3 3335 3416 3336
3 3336 3416 3417
3 3336 3417 3337
3 3337 3417 3418
3 3337 3418 3338
3 3338 3418 3419
3 3338 3419 3339
3 3339 3419 3420
3 3339 3420 3340
3 3340 3420 3421
3 3340 3421 3341
3 3341 3421 3422
3 3341 3422 3342
3 3342 3422 3423
3 3342 3423 3343
3 3343 3423 3424
3 3343 3424 3344
3 3344 3424 3425
3 3344 3425 3345
3 3345 3425 3426
3 3345 3426 3346
3 3346 3426 3427
3 3346 3427 3347
3 3347 3427 3428
3 3347 3428 3348
3 3348 3428 3429
3 3348 3429 3349
3 3349 3429 3430
3 3349 3430 3350
3 3350 3430 3431
3 3350 3431 3351
3 3351 3431 3432
3 3351 3432 3352
3 3352 3432 3433
3 3352 3433 3353
3 3353 3433 3434
3 3353 3434 3354
3 3354 3434 3435
3 3354 3435 3355
3 3355 3435 3436
3 3355 3436 3356
3 3356 3436 3437
3 3356 3437 3357
3 3357 3437 3438
3 3357 3438 3358
3 3358 3438 3439
3 3358 3439 3359
3 3359 3439 3360
3 3359 3360 3280
3 3360 3440 3441
3 3360 3441 3361
3 3361 3441 3442
3 3361 3442 3362
3 3362 3442 3443
3 3362 3443 3363
3 3363 3443 3444
3 3363 3444 3364
3 3364 3444 3445
3 3364 3445 3365
3 3365 3445 3446
3 3365 3446 3366
3 3366 3446 3447
3 3366 3447 3367
3 3367 3447 3448
3 3367 3448 3368
3 3368 3448 3449
3 3368 3449 3369
3 3369 3449 3450
3 3369 3450 3370
3 3370 3450 3451
3 3370 3451 3371
3 3371 3451 3452
3 3371 3452 3372
3 3372 3452 3453
3 3372 3453 3373
3 3373 3453 3454
3 3373 3454 3374
3 3374 3454 3455
3 3374 3455 3375
3 3375 3455 3456
3 3375 3456 3376
3 3376 3456 3457
3 3376 3457 3377
3 3377 3457 3458
3 3377 3458 3378
3 3378 3458 3459
3 3378 3459 3379
3 3379 3459 3460
3 3379 3460 3380
3 3380 3460 3461
3 3380 3461 3381
3 3381 3461 3462
3 3381 3462 3382
3 3382 3462 3463
3 3382 3463 3383
3 3383 3463 3464
3 3383 3464 3384
3 3384 3464 3465
3 3384 3465 3385
3 3385 3465 3466
3 3385 3466 3386
3 3386 3466 3467
3 3386 3467 3387
3 3387 3467 3468
3 3387 3468 3388
3 3388 3468 3469
3 3388 3469 3389
3 3389 3469 3470
3 3389 3470 3390
3 3390 3470 3471
3 3390 3471 3391
3 3391 3471 3472
3 3391 3472 3392
3 3392 3472 3473
3 3392 3473 3393
3 3393 3473 3474
3 3393 3474 3394
3 3394 3474 3475
3 3394 3475 3395
3 3395 3475 3476
3 3395 3476 3396
3 3396 3476 3477
3 3396 3477 3397
3 3397 3477 3478
3 3397 3478 3398
3 3398 3478 3479
3 3398 3479 3399
3 3399 3479 3480
3 3399 3480 3400
3 3400 3480 3481
3 3400 3481 3401
3 3401 3481 3482
3 3401 3482 3402
3 3402 3482 3483
3 3402 3483 3403
3 3403 3483 3484
3 3403 3484 3404
3 3404 3484 3485
3 3404 3485 3405
3 3405 3485 3486
3 3405 3486 3406
3 3406 3486 3487
3 3406 3487 3407
3 3407 3487 3488
3 3407 3488 3408
3 3408 3488 3489
3 3408 3489 3409
3 3409 3489 3490
3 3409 3490 3410
3 3410 3490 3491
3 3410 3491 3411
3 3411 3491 3492
3 3411 3492 3412
3 3412 3492 3493
3 3412 3493 3413
3 3413 3493 3494
3 3413 3494 3414
3 3414 3494 3495
3 3414 3495 3415
3 3415 3495 3496
3 3415 3496 3416
3 3416 3496 3497
3 3416 3497 3417
3 3417 3497 3498
3 3417 3498 3418
3 3418 3498 3499
3 3418 3499 3419
3 3419 3499 3500
3 3419 3500 3420
3 3420 3500 3501
3 3420 3501 3421
3 3421 3501 3502
3 3421 3502 3422
3 3422 3502 3503
3 3422 3503 3423
3 3423 3503 3504
3 3423 3504 3424
3 3424 3504 3505
3 3424 3505 3425
3 3425 3505 3506
3 3425 3506 3426
3 3426 3506 3507
3 3426 3507 3427
3 3427 3507 3508
3 3427 3508 3428
3 3428 3508 3509
3 3428 3509 3429
3 3429 3509 3510
3 3429 3510 3430
3 3430 3510 3511
3 3430 3511 3431
3 3431 3511 3512
3 3431 3512 3432
3 3432 3512 3513
3 3432 3513 3433
3 3433 3513 3514
3 3433 3514 3434
3 3434 3514 3515
3 3434 3515 3435
3 3435 3515 3516
3 3435 3516 3436
3 3436 3516 3517
3 3436 3517 3437
3 3437 3517 3518
3 3437 3518 3438
3 3438 3518 3519
3 3438 3519 3439
3 3439 3519 3440
3 3439 3440 3360
3 3440 3520 3521
3 3440 3521 3441
3 3441 3521 3522
3 3441 3522 3442
3 3442 3522 3523
3 3442 3523 3443
3 3443 3523 3524
3 3443 3524 3444
3 3444 3524 3525
3 3444 3525 3445
3 3445 3525 3526
3 3445 3526 3446
3 3446 3526 3527
3 3446 3527 3447
3 3447 3527 3528
3 3447 3528 3448
3 3448 3528 3529
3 3448 3529 3449
3 3449 3529 3530
3 3449 3530 3450
3 3450 3530 3531
3 3450 3531 3451
3 3451 3531 3532
3 3451 3532 3452
3 3452 3532 3533
3 3452 3533 3453
3 3453 3533 3534
3 3453 3534 3454
3 3454 3534 3535
3 3454 3535 3455
3 3455 3535 3536
3 3455 3536 3456
3 3456 3536 3537
3 3456 3537 3457
3 3457 3537 3538
3 3457 3538 3458
3 3458 3538 3539
3 3458 3539 3459
3 3459 3539 3540
3 3459 3540 3460
3 3460 3540 3541
3 3460 3541 3461
3 3461 3541 3542
3 3461 3542 3462
3 3462 3542 3543
3 3462 3543 3463
3 3463 3543 3544
3 3463 3544 3464
3 3464 3544 3545
3 3464 3545 3465
3 3465 3545 3546
3 3465 3546 3466
3 3466 3546 3547
3 3466 3547 3467
3 3467 3547 3548
3 3467 3548 3468
3 3468 3548 3549
3 3468 3549 3469
3 3469 3549 3550
3 3469 3550 3470
3 3470 3550 3551
3 3470 3551 3471
3 3471 3551 3552
3 3471 3552 3472
3 3472 3552 3553
3 3472 3553 3473
3 3473 3553 3554
3 3473 3554 3474
3 3474 3554 3555
3 3474 3555 3475
3 3475 3555 3556
3 3475 3556 3476
3 3476 3556 3557
3 3476 3557 3477
3 3477 3557 3558
3 3477 3558 3478
3 3478 3558 3559
3 3478 3559 3479
3 3479 3559 3560
3 3479 3560 3480
3 3480 3560 3561
3 3480 3561 3481
3 3481 3561 3562
3 3481 3562 3482
3 3482 3562 3563
3 3482 3563 3483
3 3483 3563 3564
3 3483 3564 3484
3 3484 3564 3565
3 3484 3565 3485
3 3485 3565 3566
3 3485 3566 3486
3 3486 3566 3567
3 3486 3567 3487
3 3487 3567 3568
3 3487 3568 3488
3 3488 3568 3569
3 3488 3569 3489
3 3489 3569 3570
3 3489 3570 3490
3 3490 3570 3571
3 3490 3571 3491
3 3491 3571 3572
3 3491 3572 3492
3 3492 3572 3573
3 3492 3573 3493
3 3493 3573 3574
3 3493 3574 3494
3 3494 3574 3575
3 3494 3575 3495
3 3495 3575 3576
3 3495 3576 3496
3 3496 3576 3577
3 3496 3577 3497
3 3497 3577 3578
3 3497 3578 3498
3 3498 3578 3579
3 3498 3579 3499
3 3499 3579 3580
3 3499 3580 3500
3 3500 3580 3581
3 3500 3581 3501
3 3501 3581 3582
3 3501 3582 3502
3 3502 3582 3583
3 3502 3583 3503
3 3503 3583 3584
3 3503 3584 3504
3 3504 3584 3585
3 3504 3585 3505
3 3505 3585 3586
3 3505 3586 3506
3 3506 3586 3587
3 3506 3587 3507
3 3507 3587 3588
3 3507 3588 3508
3 3508 3588 3589
3 3508 3589 3509
3 3509 3589 3590
3 3509 3590 3510
3 3510 3590 3591
3 3510 3591 3511
3 3511 3591 3592
3 3511 3592 3512
3 3512 3592 3593
3 3512 3593 3513
3 3513 3593 3594
3 3513 3594 3514
3 3514 3594 3595
3 3514 3595 3515
3 3515 3595 3596
3 3515 3596 3516
3 3516 3596 3597
3 3516 3597 3517
3 3517 3597 3598
3 3517 3598 3518
3 3518 3598 3599
3 3518 3599 3519
3 3519 3599 3520
3 3519 3520 3440
3 3520 3600 3601
3 3520 3601 3521
3 3521 3601 3602
3 3521 3602 3522
3 3522 3602 3603
3 3522 3603 3523
3 3523 3603 3604
3 3523 3604 3524
3 3524 3604 3605
3 3524 3605 3525
3 3525 3605 3606
3 3525 3606 3526
3 3526 3606 3607
3 3526 3607 3527
3 3527 3607 3608
3 3527 3608 3528
3 3528 3608 3609
3 3528 3609 3529
3 3529 3609 3610
3 3529 3610 3530
3 3530 3610 3611
3 3530 3611 3531
3 3531 3611 3612
3 3531 3612 3532
3 3532 3612 3613
3 3532 3613 3533
3 3533 3613 3614
3 3533 3614 3534
3 3534 3614 3615
3 3534 3615 3535
3 3535 3615 3616
3 3535 3616 3536
3 3536 3616 3617
3 3536 3617 3537
3 3537 3617 3618
3 3537 3618 3538
3 3538 3618 3619
3 3538 3619 3539
3 3539 3619 3620
3 3539 3620 3540
3 3540 3620 3621
3 3540 3621 3541
3 3541 3621 3622
3 3541 3622 3542
3 3542 3622 3623
3 3542 3623 3543
3 3543 3623 3624
3 3543 3624 3544
3 3544 3624 3625
3 3544 3625 3545
3 3545 3625 3626
3 3545 3626 3546
3 3546 3626 3627
3 3546 3627 3547
3 3547 3627 3628
3 3547 3628 3548
3 3548 3628 3629
3 3548 3629 3549
3 3549 3629 3630
3 3549 3630 3550
3 3550 3630 3631
3 3550 3631 3551
3 3551 3631 3632
3 3551 3632 3552
3 3552 3632 3633
3 3552 3633 3553
3 3553 3633 3634
3 3553 3634 3554
3 3554 3634 3635
3 3554 3635 3555
3 3555 3635 3636
3 3555 3636 3556
3 3556 3636 3637
3 3556 3637 3557
3 3557 3637 3638
3 3557 3638 3558
3 3558 3638 3639
3 3558 3639 3559
3 3559 3639 3640
3 3559 3640 3560
3 3560 3640 3641
3 3560 3641 3561
3 3561 3641 3642
3 3561 3642 3562
3 3562 3642 3643
3 3562 3643 3563
3 3563 3643 3644
3 3563 3644 3564
3 3564 3644 3645
3 3564 3645 3565
3 3565 3645 3646
3 3565 3646 3566
3 3566 3646 3647
3 3566 3647 3567
3 3567 3647 3648
3 3567 3648 3568
3 3568 3648 3649
3 3568 3649 3569
3 3569 3649 3650
3 3569 3650 3570
3 3570 3650 3651
3 3570 3651 3571
3 3571 3651 3652
3 3571 3652 3572
3 3572 3652 3653
3 3572 3653 3573
3 3573 3653 3654
3 3573 3654 3574
3 3574 3654 3655
3 3574 3655 3575
3 3575 3655 3656
3 3575 3656 3576
3 3576 3656 3657
3 3576 3657 3577
3 3577 3657 3658
3 3577 3658 3578
3 3578 3658 3659
3 3578 3659 3579
3 3579 3659 3660
3 3579 3660 3580
3 3580 3660 3661
3 3580 3661 3581
3 3581 3661 3662
3 3581 3662 3582
3 3582 3662 3663
3 3582 3663 3583
3 3583 3663 3664
3 3583 3664 3584
3 3584 3664 3665
3 3584 3665 3585
3 3585 3665 3666
3 3585 3666 3586
3 3586 3666 3667
3 3586 3667 3587
3 3587 3667 3668
3 3587 3668 3588
3 3588 3668 3669
3 3588 3669 3589
3 3589 3669 3670
3 3589 3670 3590
3 3590 3670 3671
3 3590 3671 3591
3 3591 3671 3672
3 3591 3672 3592
3 3592 3672 3673
3 3592 3673 3593
3 3593 3673 3674
3 3593 3674 3594
3 3594 3674 3675
3 3594 3675 3595
3 3595 3675 3676
3 3595 3676 3596
3 3596 3676 3677
3 3596 3677 3597
3 3597 3677 3678
3 3597 3678 3598
3 3598 3678 3679
3 3598 3679 3599
3 3599 3679 3600
3 3599 3600 3520
3 3600 3680 3681
3 3600 3681 3601
3 3601 3681 3682
3 3601 3682 3602
3 3602 3682 3683
3 3602 3683 3603
3 3603 3683 3684
3 3603 3684 3604
3 3604 3684 3685
3 3604 3685 3605
3 3605 3685 3686
3 3605 3686 3606
3 3606 3686 3687
3 3606 3687 3607
3 3607 3687 3688
3 3607 3688 3608
3 3608 3688 3689
3 3608 3689 3609
3 3609 3689 3690
3 3609 3690 3610
3 3610 3690 3691
3 3610 3691 3611
3 3611 3691 3692
3 3611 3692 3612
3 3612 3692 3693
3 3612 3693 3613
3 3613 3693 3694
3 3613 3694 3614
3 3614 3694 3695
3 3614 3695 3615
3 3615 3695 3696
3 3615 3696 3616
3 3616 3696 3697
3 3616 3697 3617
3 3617 3697 3698
3 3617 3698 3618
3 3618 3698 3699
3 3618 3699 3619
3 3619 3699 3700
3 3619 3700 3620
3 3620 3700 3701
3 3620 3701 3621
3 3621 3701 3702
3 3621 3702 3622
3 3622 3702 3703
3 3622 3703 3623
3 3623 3703 3704
3 3623 3704 3624
3 3624 3704 3705
3 3624 3705 3625
3 3625 3705 3706
3 3625 3706 3626
3 3626 3706 3707
3 3626 3707 3627
3 3627 3707 3708
3 3627 3708 3628
3 3628 3708 3709
3 3628 3709 3629
3 3629 3709 3710
3 3629 3710 3630
3 3630 3710 3711
3 3630 3711 3631
3 3631 3711 3712
3 3631 3712 3632
3 3632 3712 3713
3 3632 3713 3633
3 3633 3713 3714
3 3633 3714 3634
3 3634 3714 3715
3 3634 3715 3635
3 3635 3715 3716
3 3635 3716 3636
3 3636 3716 3717
3 3636 3717 3637
3 3637 3717 3718
3 3637 3718 3638
3 3638 3718 3719
3 3638 3719 3639
3 3639 3719 3720
3 3639 3720 3640
3 3640 3720 3721
3 3640 3721 3641
3 3641 3721 3722
3 3641 3722 3642
3 3642 3722 3723
3 3642 3723 3643
3 3643 3723 3724
3 3643 3724 3644
3 3644 3724 3725
3 3644 3725 3645
3 3645 3725 3726
3 3645 3726 3646
3 3646 3726 3727
3 3646 3727 3647
3 3647 3727 3728
3 3647 3728 3648
3 3648 3728 3729
3 3648 3729 3649
3 3649 3729 3730
3 3649 3730 3650
3 3650 3730 3731
3 3650 3731 3651
3 3651 3731 3732
3 3651 3732 3652
3 3652 3732 3733
3 3652 3733 3653
3 3653 3733 3734
3 3653 3734 3654
3 3654 3734 3735
3 3654 3735 3655
3 3655 3735 3736
3 3655 3736 3656
3 3656 3736 3737
3 3656 3737 3657
3 3657 3737 3738
3 3657 3738 3658
3 3658 3738 3739
3 3658 3739 3659
3 3659 3739 3740
3 3659 3740 3660
3 3660 3740 3741
3 3660 3741 3661
3 3661 3741 3742
3 3661 3742 3662
3 3662 3742 3743
3 3662 3743 3663
3 3663 3743 3744
3 3663 3744 3664
3 3664 3744 3745
3 3664 3745 3665
3 3665 3745 3746
3 3665 3746 3666
3 3666 3746 3747
3 3666 3747 3667
3 3667 3747 3748
3 3667 3748 3668
3 3668 3748 3749
3 3668 3749 3669
3 3669 3749 3750
3 3669 3750 3670
3 3670 3750 3751
3 3670 3751 3671
3 3671 3751 3752
3 3671 3752 3672
3 3672 3752 3753
3 3672 3753 3673
3 3673 3753 3754
3 3673 3754 3674
3 3674 3754 3755
3 3674 3755 3675
3 3675 3755 3756
3 3675 3756 3676
3 3676 3756 3757
3 3676 3757 3677
3 3677 3757 3758
3 3677 3758 3678
3 3678 3758 3759
3 3678 3759 3679
3 3679 3759 3680
3 3679 3680 3600
3 3680 3760 3761
3 3680 3761 3681
3 3681 3761 3762
3 3681 3762 3682
3 3682 3762 3763
3 3682 3763 3683
3 3683 3763 3764
3 3683 3764 3684
3 3684 3764 3765
3 3684 3765 3685
3 3685 3765 3766
3 3685 3766 3686
3 3686 3766 3767
3 3686 3767 3687
3 3687 3767 3768
3 3687 3768 3688
3 3688 3768 3769
3 3688 3769 3689
3 3689 3769 3770
3 3689 3770 3690
3 3690 3770 3771
3 3690 3771 3691
3 3691 3771 3772
3 3691 3772 3692
3 3692 3772 3773
3 3692 3773 3693
3 3693 3773 3774
3 3693 3774 3694
3 3694 3774 3775
3 3694 3775 3695
3 3695 3775 3776
3 3695 3776 3696
3 3696 3776 3777
3 3696 3777 3697
3 3697 3777 3778
3 3697 3778 3698
3 3698 3778 3779
3 3698 3779 3699
3 3699 3779 3780
3 3699 3780 3700
3 3700 3780 3781
3 3700 3781 3701
3 3701 3781 3782
3 3701 3782 3702
3 3702 3782 3783
3 3702 3783 3703
3 3703 3783 3784
3 3703 3784 3704
3 3704 3784 3785
3 3704 3785 3705
3 3705 3785 3786
3 3705 3786 3706
3 3706 3786 3787
3 3706 3787 3707
3 3707 3787 3788
3 3707 3788 3708
3 3708 3788 3789
3 3708 3789 3709
3 3709 3789 3790
3 3709 3790 3710
3 3710 3790 3791
3 3710 3791 3711
3 3711 3791 3792
3 3711 3792 3712
3 3712 3792 3793
3 3712 3793 3713
3 3713 3793 3794
3 3713 3794 3714
3 3714 3794 3795
3 3714 3795 3715
3 3715 3795 3796
3 3715 3796 3716
3 3716 3796 3797
3 3716 3797 3717
3 3717 3797 3798
3 3717 3798 3718
3 3718 3798 3799
3 3718 3799 3719
3 3719 3799 3800
3 3719 3800 3720
3 3720 3800 3801
3 3720 3801 3721
3 3721 3801 3802
3 3721 3802 3722
3 3722 3802 3803
3 3722 3803 3723
3 3723 3803 3804
3 3723 3804 3724
3 3724 3804 3805
3 3724 3805 3725
3 3725 3805 3806
3 3725 3806 3726
3 3726 3806 3807
3 3726 3807 3727
3 3727 3807 3808
3 3727 3808 3728
3 3728 3808 3809
3 3728 3809 3729
3 3729 3809 3810
3 3729 3810 3730
3 3730 3810 3811
3 3730 3811 3731
3 3731 3811 3812
3 3731 3812 3732
3 3732 3812 3813
3 3732 3813 3733
3 3733 3813 3814
3 3733 3814 3734
3 3734 3814 3815
3 3734 3815 3735
3 3735 3815 3816
3 3735 3816 3736
3 3736 3816 3817
3 3736 3817 3737
3 3737 3817 3818
3 3737 3818 3738
3 3738 3818 3819
3 3738 3819 3739
3 3739 3819 3820
3 3739 3820 3740
3 3740 3820 3821
3 3740 3821 3741
3 3741 3821 3822
3 3741 3822 3742
3 3742 3822 3823
3 3742 3823 3743
3 3743 3823 3824
3 3743 3824 3744
3 3744 3824 3825
3 3744 3825 3745
3 3745 3825 3826
3 3745 3826 3746
3 3746 3826 3827
3 3746 3827 3747
3 3747 3827 3828
3 3747 3828 3748
3 3748 3828 3829
3 3748 3829 3749
3 3749 3829 3830
3 3749 3830 3750
3 3750 3830 3831
3 3750 3831 3751
3 3751 3831 3832
3 3751 3832 3752
3 3752 3832 3833
3 3752 3833 3753
3 3753 3833 3834
3 3753 3834 3754
3 3754 3834 3835
3 3754 3835 3755
3 3755 3835 3836
3 3755 3836 3756
3 3756 3836 3837
3 3756 3837 3757
3 3757 3837 3838
3 3757 3838 3758
3 3758 3838 3839
3 3758 3839 3759
3 3759 3839 3760
3 3759 3760 3680
3 3760 3840 3841
3 3760 3841 3761
3 3761 3841 3842
3 3761 3842 3762
3 3762 3842 3843
3 3762 3843 3763
3 3763 3843 3844
3 3763 3844 3764
3 3764 3844 3845
3 3764 3845 3765
3 3765 3845 3846
3 3765 3846 3766
3 3766 3846 3847
3 3766 3847 3767
3 3767 3847 3848
3 3767 3848 3768
3 3768 3848 3849
3 3768 3849 3769
3 3769 3849 3850
3 3769 3850 3770
3 3770 3850 3851
3 3770 3851 3771
3 3771 3851 3852
3 3771 3852 3772
3 3772 3852 3853
3 3772 3853 3773
3 3773 3853 3854
3 3773 3854 3774
3 3774 3854 3855
3 3774 3855 3775
3 3775 3855 3856
3 3775 3856 3776
3 3776 3856 3857
3 3776 3857 3777
3 3777 3857 3858
3 3777 3858 3778
3 3778 3858 3859
3 3778 3859 3779
3 3779 3859 3860
3 3779 3860 3780
3 3780 3860 3861
3 3780 3861 3781
3 3781 3861 3862
3 3781 3862 3782
3 3782 3862 3863
3 3782 3863 3783
3 3783 3863 3864
3 3783 3864 3784
3 3784 3864 3865
3 3784 3865 3785
3 3785 3865 3866
3 3785 3866 3786
3 3786 3866 3867
3 3786 3867 3787
3 3787 3867 3868
3 3787 3868 3788
3 3788 3868 3869
3 3788 3869 3789
3 3789 3869 3870
3 3789 3870 3790
3 3790 3870 3871
3 3790 3871 3791
3 3791 3871 3872
3 3791 3872 3792
3 3792 3872 3873
3 3792 3873 3793
3 3793 3873 3874
3 3793 3874 3794
3 3794 3874 3875
3 3794 3875 3795
3 3795 3875 3876
3 3795 3876 3796
3 3796 3876 3877
3 3796 3877 3797
3 3797 3877 3878
3 3797 3878 3798
3 3798 3878 3879
3 3798 3879 3799
3 3799 3879 3880
3 3799 3880 3800
3 3800 3880 3881
3 3800 3881 3801
3 3801 3881 3882
3 3801 3882 3802
3 3802 3882 3883
3 3802 3883 3803
3 3803 3883 3884
3 3803 3884 3804
3 3804 3884 3885
3 3804 3885 3805
3 3805 3885 3886
3 3805 3886 3806
3 3806 3886 3887
3 3806 3887 3807
3 3807 3887 3888
3 3807 3888 3808
3 3808 3888 3889
3 3808 3889 3809
3 3809 3889 3890
3 3809 3890 3810
3 3810 3890 3891
3 3810 3891 3811
3 3811 3891 3892
3 3811 3892 3812
3 3812 3892 3893
3 3812 3893 3813
3 3813 3893 3894
3 3813 3894 3814
3 3814 3894 3895
3 3814 3895 3815
3 3815 3895 3896
3 3815 3896 3816
3 3816 3896 3897
3 3816 3897 3817
3 3817 3897 3898
3 3817 3898 3818
3 3818 3898 3899
3 3818 3899 3819
3 3819 3899 3900
3 3819 3900 3820
3 3820 3900 3901
3 3820 3901 3821
3 3821 3901 3902
3 3821 3902 3822
3 3822 3902 3903
3 3822 3903 3823
3 3823 3903 3904
3 3823 3904 3824
3 3824 3904 3905
3 3824 3905 3825
3 3825 3905 3906
3 3825 3906 3826
3 3826 3906 3907
3 3826 3907 3827
3 3827 3907 3908
3 3827 3908 3828
3 3828 3908 3909
3 3828 3909 3829
3 3829 3909 3910
3 3829 3910 3830
3 3830 3910 3911
3 3830 3911 3831
3 3831 3911 3912
3 3831 3912 3832
3 3832 3912 3913
3 3832 3913 3833
3 3833 3913 3914
3 3833 3914 3834
3 3834 3914 3915
3 3834 3915 3835
3 3835 3915 3916
3 3835 3916 3836
3 3836 3916 3917
3 3836 3917 3837
3 3837 3917 3918
3 3837 3918 3838
3 3838 3918 3919
3 3838 3919 3839
3 3839 3919 3840
3 3839 3840 3760
3 3840 3920 3921
3 3840 3921 3841
3 3841 3921 3922
3 3841 3922 3842
3 3842 3922 3923
3 3842 3923 3843
3 3843 3923 3924
3 3843 3924 3844
3 3844 3924 3925
3 3844 3925 3845
3 3845 3925 3926
3 3845 3926 3846
3 3846 3926 3927
3 3846 3927 3847
3 3847 3927 3928
3 3847 3928 3848
3 3848 3928 3929
3 3848 3929 3849
3 3849 3929 3930
3 3849 3930 3850
3 3850 3930 3931
3 3850 3931 3851
3 3851 3931 3932
3 3851 3932 3852
3 3852 3932 3933
3 3852 3933 3853
3 3853 3933 3934
3 3853 3934 3854
3 3854 3934 3935
3 3854 3935 3855
3 3855 3935 3936
3 3855 3936 3856
3 3856 3936 3937
3 3856 3937 3857
3 3857 3937 3938
3 3857 3938 3858
3 3858 3938 3939
3 3858 3939 3859
3 3859 3939 3940
3 3859 3940 3860
3 3860 3940 3941
3 3860 3941 3861
3 3861 3941 3942
3 3861 3942 3862
3 3862 3942 3943
3 3862 3943 3863
3 3863 3943 3944
3 3863 3944 3864
3 3864 3944 3945
3 3864 3945 3865
3 3865 3945 3946
3 3865 3946 3866
3 3866 3946 3947
3 3866 3947 3867
3 3867 3947 3948
3 3867 3948 3868
3 3868 3948 3949
3 3868 3949 3869
3 3869 3949 3950
3 3869 3950 3870
3 3870 3950 3951
3 3870 3951 3871
3 3871 3951 3952
3 3871 3952 3872
3 3872 3952 3953
3 3872 3953 3873
3 3873 3953 3954
3 3873 3954 3874
3 3874 3954 3955
3 3874 3955 3875
3 3875 3955 3956
3 3875 3956 3876
3 3876 3956 3957
3 3876 3957 3877
3 3877 3957 3958
3 3877 3958 3878
3 3878 3958 3959
3 3878 3959 3879
3 3879 3959 3960
3 3879 3960 3880
3 3880 3960 3961
3 3880 3961 3881
3 3881 3961 3962
3 3881 3962 3882
3 3882 3962 3963
3 3882 3963 3883
3 3883 3963 3964
3 3883 3964 3884
3 3884 3964 3965
3 3884 3965 3885
3 3885 3965 3966
3 3885 3966 3886
3 3886 3966 3967
3 3886 3967 3887
3 3887 3967 3968
3 3887 3968 3888
3 3888 3968 3969
3 3888 3969 3889
3 3889 3969 3970
3 3889 3970 3890
3 3890 3970 3971
3 3890 3971 3891
3 3891 3971 3972
3 3891 3972 3892
3 3892 3972 3973
3 3892 3973 3893
3 3893 3973 3974
3 3893 3974 3894
3 3894 3974 3975
3 3894 3975 3895
3 3895 3975 3976
3 3895 3976 3896
3 3896 3976 3977
3 3896 3977 3897
3 3897 3977 3978
3 3897 3978 3898
3 3898 3978 3979
3 3898 3979 3899
3 3899 3979 3980
3 3899 3980 3900
3 3900 3980 3981
3 3900 3981 3901
3 3901 3981 3982
3 3901 3982 3902
3 3902 3982 3983
3 3902 3983 3903
3 3903 3983 3984
3 3903 3984 3904
3 3904 3984 3985
3 3904 3985 3905
3 3905 3985 3986
3 3905 3986 3906
3 3906 3986 3987
3 3906 3987 3907
3 3907 3987 3988
3 3907 3988 3908
3 3908 3988 3989
3 3908 3989 3909
3 3909 3989 3990
3 3909 3990 3910
3 3910 3990 3991
3 3910 3991 3911
3 3911 3991 3992
3 3911 3992 3912
3 3912 3992 3993
3 3912 3993 3913
3 3913 3993 3994
3 3913 3994 3914
3 3914 3994 3995
3 3914 3995 3915
3 3915 3995 3996
3 3915 3996 3916
3 3916 3996 3997
3 3916 3997 3917
3 3917 3997 3998
3 3917 3998 3918
3 3918 3998 3999
3 3918 3999 3919
3 3919 3999 3920
3 3919 3920 3840
3 3920 4000 4001
3 3920 4001 3921
3 3921 4001 4002
3 3921 4002 3922
3 3922 4002 4003
3 3922 4003 3923
3 3923 4003 4004
3 3923 4004 3924
3 3924 4004 4005
3 3924 4005 3925
3 3925 4005 4006
3 3925 4006 3926
3 3926 4006 4007
3 3926 4007 3927
3 3927 4007 4008
3 3927 4008 3928
3 3928 4008 4009
3 3928 4009 3929
3 3929 4009 4010
3 3929 4010 3930
3 3930 4010 4011
3 3930 4011 3931
3 3931 4011 4012
3 3931 4012 3932
3 3932 4012 4013
3 3932 4013 3933
3 3933 4013 4014
3 3933 4014 3934
3 3934 4014 4015
3 3934 4015 3935
3 3935 4015 4016
3 3935 4016 3936
3 3936 4016 4017
3 3936 4017 3937
3 3937 4017 4018
3 3937 4018 3938
3 3938 4018 4019
3 3938 4019 3939
3 3939 4019 4020
3 3939 4020 3940
3 3940 4020 4021
3 3940 4021 3941
3 3941 4021 4022
3 3941 4022 3942
3 3942 4022 4023
3 3942 4023 3943
3 3943 4023 4024
3 3943 4024 3944
3 3944 4024 4025
3 3944 4025 3945
3 3945 4025 4026
3 3945 4026 3946
3 3946 4026 4027
3 3946 4027 3947
3 3947 4027 4028
3 3947 4028 3948
3 3948 4028 4029
3 3948 4029 3949
3 3949 4029 4030
3 3949 4030 3950
3 3950 4030 4031
3 3950 4031 3951
3 3951 4031 4032
3 3951 4032 3952
3 3952 4032 4033
3 3952 4033 3953
3 3953 4033 4034
3 3953 4034 3954
3 3954 4034 4035
3 3954 4035 3955
3 3955 4035 4036
3 3955 4036 3956
3 3956 4036 4037
3 3956 4037 3957
3 3957 4037 4038
3 3957 4038 3958
3 3958 4038 4039
3 3958 4039 3959
3 3959 4039 4040
3 3959 4040 3960
3 3960 4040 4041
3 3960 4041 3961
3 3961 4041 4042
3 3961 4042 3962
3 3962 4042 4043
3 3962 4043 3963
3 3963 4043 4044
3 3963 4044 3964
3 3964 4044 4045
3 3964 4045 3965
3 3965 4045 4046
3 3965 4046 3966
3 3966 4046 4047
3 3966 4047 3967
3 3967 4047 4048
3 3967 4048 3968
3 3968 4048 4049
3 3968 4049 3969
3 3969 4049 4050
3 3969 4050 3970
3 3970 4050 4051
3 3970 4051 3971
3 3971 4051 4052
3 3971 4052 3972
3 3972 4052 4053
3 3972 4053 3973
3 3973 4053 4054
3 3973 4054 3974
3 3974 4054 4055
3 3974 4055 3975
3 3975 4055 4056
3 3975 4056 3976
3 3976 4056 4057
3 3976 4057 3977
3 3977 4057 4058
3 3977 4058 3978
3 3978 4058 4059
3 3978 4059 3979
3 3979 4059 4060
3 3979 4060 3980
3 3980 4060 4061
3 3980 4061 3981
3 3981 4061 4062
3 3981 4062 3982
3 3982 4062 4063
3 3982 4063 3983
3 3983 4063 4064
3 3983 4064 3984
3 3984 4064 4065
3 3984 4065 3985
3 3985 4065 4066
3 3985 4066 3986
3 3986 4066 4067
3 3986 4067 3987
3 3987 4067 4068
3 3987 4068 3988
3 3988 4068 4069
3 3988 4069 3989
3 3989 4069 4070
3 3989 4070 3990
3 3990 4070 4071
3 3990 4071 3991
3 3991 4071 4072
3 3991 4072 3992
3 3992 4072 4073
3 3992 4073 3993
3 3993 4073 4074
3 3993 4074 3994
3 3994 4074 4075
3 3994 4075 3995
3 3995 4075 4076
3 3995 4076 3996
3 3996 4076 4077
3 3996 4077 3997
3 3997 4077 4078
3 3997 4078 3998
3 3998 4078 4079
3 3998 4079 3999
3 3999 4079 4000
3 3999 4000 3920
3 4000 4080 4081
3 4000 4081 4001
3 4001 4081 4082
3 4001 4082 4002
3 4002 4082 4083
3 4002 4083 4003
3 4003 4083 4084
3 4003 4084 4004
3 4004 4084 4085
3 4004 4085 4005
3 4005 4085 4086
3 4005 4086 4006
3 4006 4086 4087
3 4006 4087 4007
3 4007 4087 4088
3 4007 4088 4008
3 4008 4088 4089
3 4008 4089 4009
3 4009 4089 4090
3 4009 4090 4010
3 4010 4090 4091
3 4010 4091 4011
3 4011 4091 4092
3 4011 4092 4012
3 4012 4092 4093
3 4012 4093 4013
3 4013 4093 4094
3 4013 4094 4014
3 4014 4094 4095
3 4014 4095 4015
3 4015 4095 4096
3 4015 4096 4016
3 4016 4096 4097
3 4016 4097 4017
3 4017 4097 4098
3 4017 4098 4018
3 4018 4098 4099
3 4018 4099 4019
3 4019 4099 4100
3 4019 4100 4020
3 4020 4100 4101
3 4020 4101 4021
3 4021 4101 4102
3 4021 4102 4022
3 4022 4102 4103
3 4022 4103 4023
3 4023 4103 4104
3 4023 4104 4024
3 4024 4104 4105
3 4024 4105 4025
3 4025 4105 4106
3 4025 4106 4026
3 4026 4106 4107
3 4026 4107 4027
3 4027 4107 4108
3 4027 4108 4028
3 4028 4108 4109
3 4028 4109 4029
3 4029 4109 4110
3 4029 4110 4030
3 4030 4110 4111
3 4030 4111 4031
3 4031 4111 4112
3 4031 4112 4032
3 4032 4112 4113
3 4032 4113 4033
3 4033 4113 4114
3 4033 4114 4034
3 4034 4114 4115
3 4034 4115 4035
3 4035 4115 4116
3 4035 4116 4036
3 4036 4116 4117
3 4036 4117 4037
3 4037 4117 4118
3 4037 4118 4038
3 4038 4118 4119
3 4038 4119 4039
3 4039 4119 4120
3 4039 4120 4040
3 4040 4120 4121
3 4040 4121 4041
3 4041 4121 4122
3 4041 4122 4042
3 4042 4122 4123
3 4042 4123 4043
3 4043 4123 4124
3 4043 4124 4044
3 4044 4124 4125
3 4044 4125 4045
3 4045 4125 4126
3 4045 4126 4046
3 4046 4126 4127
3 4046 4127 4047
3 4047 4127 4128
3 4047 4128 4048
3 4048 4128 4129
3 4048 4129 4049
3 4049 4129 4130
3 4049 4130 4050
3 4050 4130 4131
3 4050 4131 4051
3 4051 4131 4132
3 4051 4132 4052
3 4052 4132 4133
3 4052 4133 4053
3 4053 4133 4134
3 4053 4134 4054
3 4054 4134 4135
3 4054 4135 4055
3 4055 4135 4136
3 4055 4136 4056
3 4056 4136 4137
3 4056 4137 4057
3 4057 4137 4138
3 4057 4138 4058
3 4058 4138 4139
3 4058 4139 4059
3 4059 4139 4140
3 4059 4140 4060
3 4060 4140 4141
3 4060 4141 4061
3 4061 4141 4142
3 4061 4142 4062
3 4062 4142 4143
3 4062 4143 4063
3 4063 4143 4144
3 4063 4144 4064
3 4064 4144 4145
3 4064 4145 4065
3 4065 4145 4146
3 4065 4146 4066
3 4066 4146 4147
3 4066 4147 4067
3 4067 4147 4148
3 4067 4148 4068
3 4068 4148 4149
3 4068 4149 4069
3 4069 4149 4150
3 4069 4150 4070
3 4070 4150 4151
3 4070 4151 4071
3 4071 4151 4152
3 4071 4152 4072
3 4072 4152 4153
3 4072 4153 4073
3 4073 4153 4154
3 4073 4154 4074
3 4074 4154 4155
3 4074 4155 4075
3 4075 4155 4156
3 4075 4156 4076
3 4076 4156 4157
3 4076 4157 4077
3 4077 4157 4158
3 4077 4158 4078
3 4078 4158 4159
3 4078 4159 4079
3 4079 4159 4080
3 4079 4080 4000
3 4080 4160 4161
3 4080 4161 4081
3 4081 4161 4162
3 4081 4162 4082
3 4082 4162 4163
3 4082 4163 4083
3 4083 4163 4164
3 4083 4164 4084
3 4084 4164 4165
3 4084 4165 4085
3 4085 4165 4166
3 4085 4166 4086
3 4086 4166 4167
3 4086 4167 4087
3 4087 4167 4168
3 4087 4168 4088
3 4088 4168 4169
3 4088 4169 4089
3 4089 4169 4170
3 4089 4170 4090
3 4090 4170 4171
3 4090 4171 4091
3 4091 4171 4172
3 4091 4172 4092
3 4092 4172 4173
3 4092 4173 4093
3 4093 4173 4174
3 4093 4174 4094
3 4094 4174 4175
3 4094 4175 4095
3 4095 4175 4176
3 4095 4176 4096
3 4096 4176 4177
3 4096 4177 4097
3 4097 4177 4178
3 4097 4178 4098
3 4098 4178 4179
3 4098 4179 4099
3 4099 4179 4180
3 4099 4180 4100
3 4100 4180 4181
3 4100 4181 4101
3 4101 4181 4182
3 4101 4182 4102
3 4102 4182 4183
3 4102 4183 4103
3 4103 4183 4184
3 4103 4184 4104
3 4104 4184 4185
3 4104 4185 4105
3 4105 4185 4186
3 4105 4186 4106
3 4106 4186 4187
3 4106 4187 4107
3 4107 4187 4188
3 4107 4188 4108
3 4108 4188 4189
3 4108 4189 4109
3 4109 4189 4190
3 4109 4190 4110
3 4110 4190 4191
3 4110 4191 4111
3 4111 4191 4192
3 4111 4192 4112
3 4112 4192 4193
3 4112 4193 4113
3 4113 4193 4194
3 4113 4194 4114
3 4114 4194 4195
3 4114 4195 4115
3 4115 4195 4196
3 4115 4196 4116
3 4116 4196 4197
3 4116 4197 4117
3 4117 4197 4198
3 4117 4198 4118
3 4118 4198 4199
3 4118 4199 4119
3 4119 4199 4200
3 4119 4200 4120
3 4120 4200 4201
3 4120 4201 4121
3 4121 4201 4202
3 4121 4202 4122
3 4122 4202 4203
3 4122 4203 4123
3 4123 4203 4204
3 4123 4204 4124
3 4124 4204 4205
3 4124 4205 4125
3 4125 4205 4206
3 4125 4206 4126
3 4126 4206 4207
3 4126 4207 4127
3 4127 4207 4208
3 4127 4208 4128
3 4128 4208 4209
3 4128 4209 4129
3 4129 4209 4210
3 4129 4210 4130
3 4130 4210 4211
3 4130 4211 4131
3 4131 4211 4212
3 4131 4212 4132
3 4132 4212 4213
3 4132 4213 4133
3 4133 4213 4214
3 4133 4214 4134
3 4134 4214 4215
3 4134 4215 4135
3 4135 4215 4216
3 4135 4216 4136
3 4136 4216 4217
3 4136 4217 4137
3 4137 4217 4218
3 4137 4218 4138
3 4138 4218 4219
3 4138 4219 4139
3 4139 4219 4220
3 4139 4220 4140
3 4140 4220 4221
3 4140 4221 4141
3 4141 4221 4222
3 4141 4222 4142
3 4142 4222 4223
3 4142 4223 4143
3 4143 4223 4224
3 4143 4224 4144
3 4144 4224 4225
3 4144 4225 4145
3 4145 4225 4226
3 4145 4226 4146
3 4146 4226 4227
3 4146 4227 4147
3 4147 4227 4228
3 4147 4228 4148
3 4148 4228 4229
3 4148 4229 4149
3 4149 4229 4230
3 4149 4230 4150
3 4150 4230 4231
3 4150 4231 4151
3 4151 4231 4232
3 4151 4232 4152
3 4152 4232 4233
3 4152 4233 4153
3 4153 4233 4234
3 4153 4234 4154
3 4154 4234 4235
3 4154 4235 4155
3 4155 4235 4236
3 4155 4236 4156
3 4156 4236 4237
3 4156 4237 4157
3 4157 4237 4238
3 4157 4238 4158
3 4158 4238 4239
3 4158 4239 4159
3 4159 4239 4160
3 4159 4160 4080
3 4160 4240 4241
3 4160 4241 4161
3 4161 4241 4242
3 4161 4242 4162
3 4162 4242 4243
3 4162 4243 4163
3 4163 4243 4244
3 4163 4244 4164
3 4164 4244 4245
3 4164 4245 4165
3 4165 4245 4246
3 4165 4246 4166
3 4166 4246 4247
3 4166 4247 4167
3 4167 4247 4248
3 4167 4248 4168
3 4168 4248 4249
3 4168 4249 4169
3 4169 4249 4250
3 4169 4250 4170
3 4170 4250 4251
3 4170 4251 4171
3 4171 4251 4252
3 4171 4252 4172
3 4172 4252 4253
3 4172 4253 4173
3 4173 4253 4254
3 4173 4254 4174
3 4174 4254 4255
3 4174 4255 4175
3 4175 4255 4256
3 4175 4256 4176
3 4176 4256 4257
3 4176 4257 4177
3 4177 4257 4258
3 4177 4258 4178
3 4178 4258 4259
3 4178 4259 4179
3 4179 4259 4260
3 4179 4260 4180
3 4180 4260 4261
3 4180 4261 4181
3 4181 4261 4262
3 4181 4262 4182
3 4182 4262 4263
3 4182 4263 4183
3 4183 4263 4264
3 4183 4264 4184
3 4184 4264 4265
3 4184 4265 4185
3 4185 4265 4266
3 4185 4266 4186
3 4186 4266 4267
3 4186 4267 4187
3 4187 4267 4268
3 4187 4268 4188
3 4188 4268 4269
3 4188 4269 4189
3 4189 4269 4270
3 4189 4270 4190
3 4190 4270 4271
3 4190 4271 4191
3 4191 4271 4272
3 4191 4272 4192
3 4192 4272 4273
3 4192 4273 4193
3 4193 4273 4274
3 4193 4274 4194
3 4194 4274 4275
3 4194 4275 4195
3 4195 4275 4276
3 4195 4276 4196
3 4196 4276 4277
3 4196 4277 4197
3 4197 4277 4278
3 4197 4278 4198
3 4198 4278 4279
3 4198 4279 4199
3 4199 4279 4280
3 4199 4280 4200
3 4200 4280 4281
3 4200 4281 4201
3 4201 4281 4282
3 4201 4282 4202
3 4202 4282 4283
3 4202 4283 4203
3 4203 4283 4284
3 4203 4284 4204
3 4204 4284 4285
3 4204 4285 4205
3 4205 4285 4286
3 4205 4286 4206
3 4206 4286 4287
3 4206 4287 4207
3 4207 4287 4288
3 4207 4288 4208
3 4208 4288 4289
3 4208 4289 4209
3 4209 4289 4290
3 4209 4290 4210
3 4210 4290 4291
3 4210 4291 4211
3 4211 4291 4292
3 4211 4292 4212
3 4212 4292 4293
3 4212 4293 4213
3 4213 4293 4294
3 4213 4294 4214
3 4214 4294 4295
3 4214 4295 4215
3 4215 4295 4296
3 4215 4296 4216
3 4216 4296 4297
3 4216 4297 4217
3 4217 4297 4298
3 4217 4298 4218
3 4218 4298 4299
3 4218 4299 4219
3 4219 4299 4300
3 4219 4300 4220
3 4220 4300 4301
3 4220 4301 4221
3 4221 4301 4302
3 4221 4302 4222
3 4222 4302 4303
3 4222 4303 4223
3 4223 4303 4304
3 4223 4304 4224
3 4224 4304 4305
3 4224 4305 4225
3 4225 4305 4306
3 4225 4306 4226
3 4226 4306 4307
3 4226 4307 4227
3 4227 4307 4308
3 4227 4308 4228
3 4228 4308 4309
3 4228 4309 4229
3 4229 4309 4310
3 4229 4310 4230
3 4230 4310 4311
3 4230 4311 4231
3 4231 4311 4312
3 4231 4312 4232
3 4232 4312 4313
3 4232 4313 4233
3 4233 4313 4314
3 4233 4314 4234
3 4234 4314 4315
3 4234 4315 4235
3 4235 4315 4316
3 4235 4316 4236
3 4236 4316 4317
3 4236 4317 4237
3 4237 4317 4318
3 4237 4318 4238
3 4238 4318 4319
3 4238 4319 4239
3 4239 4319 4240
3 4239 4240 4160
3 4240 4320 4321
3 4240 4321 4241
3 4241 4321 4322
3 4241 4322 4242
3 4242 4322 4323
3 4242 4323 4243
3 4243 4323 4324
3 4243 4324 4244
3 4244 4324 4325
3 4244 4325 4245
3 4245 4325 4326
3 4245 4326 4246
3 4246 4326 4327
3 4246 4327 4247
3 4247 4327 4328
3 4247 4328 4248
3 4248 4328 4329
3 4248 4329 4249
3 4249 4329 4330
3 4249 4330 4250
3 4250 4330 4331
3 4250 4331 4251
3 4251 4331 4332
3 4251 4332 4252
3 4252 4332 4333
3 4252 4333 4253
3 4253 4333 4334
3 4253 4334 4254
3 4254 4334 4335
3 4254 4335 4255
3 4255 4335 4336
3 4255 4336 4256
3 4256 4336 4337
3 4256 4337 4257
3 4257 4337 4338
3 4257 4338 4258
3 4258 4338 4339
3 4258 4339 4259
3 4259 4339 4340
3 4259 4340 4260
3 4260 4340 4341
3 4260 4341 4261
3 4261 4341 4342
3 4261 4342 4262
3 4262 4342 4343
3 4262 4343 4263
3 4263 4343 4344
3 4263 4344 4264
3 4264 4344 4345
3 4264 4345 4265
3 4265 4345 4346
3 4265 4346 4266
3 4266 4346 4347
3 4266 4347 4267
3 4267 4347 4348
3 4267 4348 4268
3 4268 4348 4349
3 4268 4349 4269
3 4269 4349 4350
3 4269 4350 4270
3 4270 4350 4351
3 4270 4351 4271
3 4271 4351 4352
3 4271 4352 4272
3 4272 4352 4353
3 4272 4353 4273
3 4273 4353 4354
3 4273 4354 4274
3 4274 4354 4355
3 4274 4355 4275
3 4275 4355 4356
3 4275 4356 4276
3 4276 4356 4357
3 4276 4357 4277
3 4277 4357 4358
3 4277 4358 4278
3 4278 4358 4359
3 4278 4359 4279
3 4279 4359 4360
3 4279 4360 4280
3 4280 4360 4361
3 4280 4361 4281
3 4281 4361 4362
3 4281 4362 4282
3 4282 4362 4363
3 4282 4363 4283
3 4283 4363 4364
3 4283 4364 4284
3 4284 4364 4365
3 4284 4365 4285
3 4285 4365 4366
3 4285 4366 4286
3 4286 4366 4367
3 4286 4367 4287
3 4287 4367 4368
3 4287 4368 4288
3 4288 4368 4369
3 4288 4369 4289
3 4289 4369 4370
3 4289 4370 4290
3 4290 4370 4371
3 4290 4371 4291
3 4291 4371 4372
3 4291 4372 4292
3 4292 4372 4373
3 4292 4373 4293
3 4293 4373 4374
3 4293 4374 4294
3 4294 4374 4375
3 4294 4375 4295
3 4295 4375 4376
3 4295 4376 4296
3 4296 4376 4377
3 4296 4377 4297
3 4297 4377 4378
3 4297 4378 4298
3 4298 4378 4379
3 4298 4379 4299
3 4299 4379 4380
3 4299 4380 4300
3 4300 4380 4381
3 4300 4381 4301
3 4301 4381 4382
3 4301 4382 4302
3 4302 4382 4383
3 4302 4383 4303
3 4303 4383 4384
3 4303 4384 4304
3 4304 4384 4385
3 4304 4385 4305
3 4305 4385 4386
3 4305 4386 4306
3 4306 4386 4387
3 4306 4387 4307
3 4307 4387 4388
3 4307 4388 4308
3 4308 4388 4389
3 4308 4389 4309
3 4309 4389 4390
3 4309 4390 4310
3 4310 4390 4391
3 4310 4391 4311
3 4311 4391 4392
3 4311 4392 4312
3 4312 4392 4393
3 4312 4393 4313
3 4313 4393 4394
3 4313 4394 4314
3 4314 4394 4395
3 4314 4395 4315
3 4315 4395 4396
3 4315 4396 4316
3 4316 4396 4397
3 4316 4397 4317
3 4317 4397 4398
3 4317 4398 4318
3 4318 4398 4399
3 4318 4399 4319
3 4319 4399 4320
3 4319 4320 4240
3 4320 4400 4401
3 4320 4401 4321
3 4321 4401 4402
3 4321 4402 4322
3 4322 4402 4403
3 4322 4403 4323
3 4323 4403 4404
3 4323 4404 4324
3 4324 4404 4405
3 4324 4405 4325
3 4325 4405 4406
3 4325 4406 4326
3 4326 4406 4407
3 4326 4407 4327
3 4327 4407 4408
3 4327 4408 4328
3 4328 4408 4409
3 4328 4409 4329
3 4329 4409 4410
3 4329 4410 4330
3 4330 4410 4411
3 4330 4411 4331
3 4331 4411 4412
3 4331 4412 4332
3 4332 4412 4413
3 4332 4413 4333
3 4333 4413 4414
3 4333 4414 4334
3 4334 4414 4415
3 4334 4415 4335
3 4335 4415 4416
3 4335 4416 4336
3 4336 4416 4417
3 4336 4417 4337
3 4337 4417 4418
3 4337 4418 4338
3 4338 4418 4419
3 4338 4419 4339
3 4339 4419 4420
3 4339 4420 4340
3 4340 4420 4421
3 4340 4421 4341
3 4341 4421 4422
3 4341 4422 4342
3 4342 4422 4423
3 4342 4423 4343
3 4343 4423 4424
3 4343 4424 4344
3 4344 4424 4425
3 4344 4425 4345
3 4345 4425 4426
3 4345 4426 4346
3 4346 4426 4427
3 4346 4427 4347
3 4347 4427 4428
3 4347 4428 4348
3 4348 4428 4429
3 4348 4429 4349
3 4349 4429 4430
3 4349 4430 4350
3 4350 4430 4431
3 4350 4431 4351
3 4351 4431 4432
3 4351 4432 4352
3 4352 4432 4433
3 4352 4433 4353
3 4353 4433 4434
3 4353 4434 4354
3 4354 4434 4435
3 4354 4435 4355
3 4355 4435 4436
3 4355 4436 4356
3 4356 4436 4437
3 4356 4437 4357
3 4357 4437 4438
3 4357 4438 4358
3 4358 4438 4439
3 4358 4439 4359
3 4359 4439 4440
3 4359 4440 4360
3 4360 4440 4441
3 4360 4441 4361
3 4361 4441 4442
3 4361 4442 4362
3 4362 4442 4443
3 4362 4443 4363
3 4363 4443 4444
3 4363 4444 4364
3 4364 4444 4445
3 4364 4445 4365
3 4365 4445 4446
3 4365 4446 4366
3 4366 4446 4447
3 4366 4447 4367
3 4367 4447 4448
3 4367 4448 4368
3 4368 4448 4449
3 4368 4449 4369
3 4369 4449 4450
3 4369 4450 4370
3 4370 4450 4451
3 4370 4451 4371
3 4371 4451 4452
3 4371 4452 4372
3 4372 4452 4453
3 4372 4453 4373
3 4373 4453 4454
3 4373 4454 4374
3 4374 4454 4455
3 4374 4455 4375
3 4375 4455 4456
3 4375 4456 4376
3 4376 4456 4457
3 4376 4457 4377
3 4377 4457 4458
3 4377 4458 4378
3 4378 4458 4459
3 4378 4459 4379
3 4379 4459 4460
3 4379 4460 4380
3 4380 4460 4461
3 4380 4461 4381
3 4381 4461 4462
3 4381 4462 4382
3 4382 4462 4463
3 4382 4463 4383
3 4383 4463 4464
3 4383 4464 4384
3 4384 4464 4465
3 4384 4465 4385
3 4385 4465 4466
3 4385 4466 4386
3 4386 4466 4467
3 4386 4467 4387
3 4387 4467 4468
3 4387 4468 4388
3 4388 4468 4469
3 4388 4469 4389
3 4389 4469 4470
3 4389 4470 4390
3 4390 4470 4471
3 4390 4471 4391
3 4391 4471 4472
3 4391 4472 4392
3 4392 4472 4473
3 4392 4473 4393
3 4393 4473 4474
3 4393 4474 4394
3 4394 4474 4475
3 4394 4475 4395
3 4395 4475 4476
3 4395 4476 4396
3 4396 4476 4477
3 4396 4477 4397
3 4397 4477 4478
3 4397 4478 4398
3 4398 4478 4479
3 4398 4479 4399
3 4399 4479 4400
3 4399 4400 4320
3 4400 4480 4481
3 4400 4481 4401
3 4401 4481 4482
3 4401 4482 4402
3 4402 4482 4483
3 4402 4483 4403
3 4403 4483 4484
3 4403 4484 4404
3 4404 4484 4485
3 4404 4485 4405
3 4405 4485 4486
3 4405 4486 4406
3 4406 4486 4487
3 4406 4487 4407
3 4407 4487 4488
3 4407 4488 4408
3 4408 4488 4489
3 4408 4489 4409
3 4409 4489 4490
3 4409 4490 4410
3 4410 4490 4491
3 4410 4491 4411
3 4411 4491 4492
3 4411 4492 4412
3 4412 4492 4493
3 4412 4493 4413
3 4413 4493 4494
3 4413 4494 4414
3 4414 4494 4495
3 4414 4495 4415
3 4415 4495 4496
3 4415 4496 4416
3 4416 4496 4497
3 4416 4497 4417
3 4417 4497 4498
3 4417 4498 4418
3 4418 4498 4499
3 4418 4499 4419
3 4419 4499 4500
3 4419 4500 4420
3 4420 4500 4501
3 4420 4501 4421
3 4421 4501 4502
3 4421 4502 4422
3 4422 4502 4503
3 4422 4503 4423
3 4423 4503 4504
3 4423 4504 4424
3 4424 4504 4505
3 4424 4505 4425
3 4425 4505 4506
3 4425 4506 4426
3 4426 4506 4507
3 4426 4507 4427
3 4427 4507 4508
3 4427 4508 4428
3 4428 4508 4509
3 4428 4509 4429
3 4429 4509 4510
3 4429 4510 4430
3 4430 4510 4511
3 4430 4511 4431
3 4431 4511 4512
3 4431 4512 4432
3 4432 4512 4513
3 4432 4513 4433
3 4433 4513 4514
3 4433 4514 4434
3 4434 4514 4515
3 4434 4515 4435
3 4435 4515 4516
3 4435 4516 4436
3 4436 4516 4517
3 4436 4517 4437
3 4437 4517 4518
3 4437 4518 4438
3 4438 4518 4519
3 4438 4519 4439
3 4439 4519 4520
3 4439 4520 4440
3 4440 4520 4521
3 4440 4521 4441
3 4441 4521 4522
3 4441 4522 4442
3 4442 4522 4523
3 4442 4523 4443
3 4443 4523 4524
3 4443 4524 4444
3 4444 4524 4525
3 4444 4525 4445
3 4445 4525 4526
3 4445 4526 4446
3 4446 4526 4527
3 4446 4527 4447
3 4447 4527 4528
3 4447 4528 4448
3 4448 4528 4529
3 4448 4529 4449
3 4449 4529 4530
3 4449 4530 4450
3 4450 4530 4531
3 4450 4531 4451
3 4451 4531 4532
3 4451 4532 4452
3 4452 4532 4533
3 4452 4533 4453
3 4453 4533 4534
3 4453 4534 4454
3 4454 4534 4535
3 4454 4535 4455
3 4455 4535 4536
3 4455 4536 4456
3 4456 4536 4537
3 4456 4537 4457
3 4457 4537 4538
3 4457 4538 4458
3 4458 4538 4539
3 4458 4539 4459
3 4459 4539 4540
3 4459 4540 4460
3 4460 4540 4541
3 4460 4541 4461
3 4461 4541 4542
3 4461 4542 4462
3 4462 4542 4543
3 4462 4543 4463
3 4463 4543 4544
3 4463 4544 4464
3 4464 4544 4545
3 4464 4545 4465
3 4465 4545 4546
3 4465 4546 4466
3 4466 4546 4547
3 4466 4547 4467
3 4467 4547 4548
3 4467 4548 4468
3 4468 4548 4549
3 4468 4549 4469
3 4469 4549 4550
3 4469 4550 4470
3 4470 4550 4551
3 4470 4551 4471
3 4471 4551 4552
3 4471 4552 4472
3 4472 4552 4553
3 4472 4553 4473
3 4473 4553 4554
3 4473 4554 4474
3 4474 4554 4555
3 4474 4555 4475
3 4475 4555 4556
3 4475 4556 4476
3 4476 4556 4557
3 4476 4557 4477
3 4477 4557 4558
3 4477 4558 4478
3 4478 4558 4559
3 4478 4559 4479
3 4479 4559 4480
3 4479 4480 4400
3 4480 4560 4561
3 4480 4561 4481
3 4481 4561 4562
3 4481 4562 4482
3 4482 4562 4563
3 4482 4563 4483
3 4483 4563 4564
3 4483 4564 4484
3 4484 4564 4565
3 4484 4565 4485
3 4485 4565 4566
3 4485 4566 4486
3 4486 4566 4567
3 4486 4567 4487
3 4487 4567 4568
3 4487 4568 4488
3 4488 4568 4569
3 4488 4569 4489
3 4489 4569 4570
3 4489 4570 4490
3 4490 4570 4571
3 4490 4571 4491
3 4491 4571 4572
3 4491 4572 4492
3 4492 4572 4573
3 4492 4573 4493
3 4493 4573 4574
3 4493 4574 4494
3 4494 4574 4575
3 4494 4575 4495
3 4495 4575 4576
3 4495 4576 4496
3 4496 4576 4577
3 4496 4577 4497
3 4497 4577 4578
3 4497 4578 4498
3 4498 4578 4579
3 4498 4579 4499
3 4499 4579 4580
3 4499 4580 4500
3 4500 4580 4581
3 4500 4581 4501
3 4501 4581 4582
3 4501 4582 4502
3 4502 4582 4583
3 4502 4583 4503
3 4503 4583 4584
3 4503 4584 4504
3 4504 4584 4585
3 4504 4585 4505
3 4505 4585 4586
3 4505 4586 4506
3 4506 4586 4587
3 4506 4587 4507
3 4507 4587 4588
3 4507 4588 4508
3 4508 4588 4589
3 4508 4589 4509
3 4509 4589 4590
3 4509 4590 4510
3 4510 4590 4591
3 4510 4591 4511
3 4511 4591 4592
3 4511 4592 4512
3 4512 4592 4593
3 4512 4593 4513
3 4513 4593 4594
3 4513 4594 4514
3 4514 4594 4595
3 4514 4595 4515
3 4515 4595 4596
3 4515 4596 4516
3 4516 4596 4597
3 4516 4597 4517
3 4517 4597 4598
3 4517 4598 4518
3 4518 4598 4599
3 4518 4599 4519
3 4519 4599 4600
3 4519 4600 4520
3 4520 4600 4601
3 4520 4601 4521
3 4521 4601 4602
3 4521 4602 4522
3 4522 4602 4603
3 4522 4603 4523
3 4523 4603 4604
3 4523 4604 4524
3 4524 4604 4605
3 4524 4605 4525
3 4525 4605 4606
3 4525 4606 4526
3 4526 4606 4607
3 4526 4607 4527
3 4527 4607 4608
3 4527 4608 4528
3 4528 4608 4609
3 4528 4609 4529
3 4529 4609 4610
3 4529 4610 4530
3 4530 4610 4611
3 4530 4611 4531
3 4531 4611 4612
3 4531 4612 4532
3 4532 4612 4613
3 4532 4613 4533
3 4533 4613 4614
3 4533 4614 4534
3 4534 4614 4615
3 4534 4615 4535
3 4535 4615 4616
3 4535 4616 4536
3 4536 4616 4617
3 4536 4617 4537
3 4537 4617 4618
3 4537 4618 4538
3 4538 4618 4619
3 4538 4619 4539
3 4539 4619 4620
3 4539 4620 4540
3 4540 4620 4621
3 4540 4621 4541
3 4541 4621 4622
3 4541 4622 4542
3 4542 4622 4623
3 4542 4623 4543
3 4543 4623 4624
3 4543 4624 4544
3 4544 4624 4625
3 4544 4625 4545
3 4545 4625 4626
3 4545 4626 4546
3 4546 4626 4627
3 4546 4627 4547
3 4547 4627 4628
3 4547 4628 4548
3 4548 4628 4629
3 4548 4629 4549
3 4549 4629 4630
3 4549 4630 4550
3 4550 4630 4631
3 4550 4631 4551
3 4551 4631 4632
3 4551 4632 4552
3 4552 4632 4633
3 4552 4633 4553
3 4553 4633 4634
3 4553 4634 4554
3 4554 4634 4635
3 4554 4635 4555
3 4555 4635 4636
3 4555 4636 4556
3 4556 4636 4637
3 4556 4637 4557
3 4557 4637 4638
3 4557 4638 4558
3 4558 4638 4639
3 4558 4639 4559
3 4559 4639 4560
3 4559 4560 4480
3 4560 4640 4641
3 4560 4641 4561
3 4561 4641 4642
3 4561 4642 4562
3 4562 4642 4643
3 4562 4643 4563
3 4563 4643 4644
3 4563 4644 4564
3 4564 4644 4645
3 4564 4645 4565
3 4565 4645 4646
3 4565 4646 4566
3 4566 4646 4647
3 4566 4647 4567
3 4567 4647 4648
3 4567 4648 4568
3 4568 4648 4649
3 4568 4649 4569
3 4569 4649 4650
3 4569 4650 4570
3 4570 4650 4651
3 4570 4651 4571
3 4571 4651 4652
3 4571 4652 4572
3 4572 4652 4653
3 4572 4653 4573
3 4573 4653 4654
3 4573 4654 4574
3 4574 4654 4655
3 4574 4655 4575
3 4575 4655 4656
3 4575 4656 4576
3 4576 4656 4657
3 4576 4657 4577
3 4577 4657 4658
3 4577 4658 4578
3 4578 4658 4659
3 4578 4659 4579
3 4579 4659 4660
3 4579 4660 4580
3 4580 4660 4661
3 4580 4661 4581
3 4581 4661 4662
3 4581 4662 4582
3 4582 4662 4663
3 4582 4663 4583
3 4583 4663 4664
3 4583 4664 4584
3 4584 4664 4665
3 4584 4665 4585
3 4585 4665 4666
3 4585 4666 4586
3 4586 4666 4667
3 4586 4667 4587
3 4587 4667 4668
3 4587 4668 4588
3 4588 4668 4669
3 4588 4669 4589
3 4589 4669 4670
3 4589 4670 4590
3 4590 4670 4671
3 4590 4671 4591
3 4591 4671 4672
3 4591 4672 4592
3 4592 4672 4673
3 4592 4673 4593
3 4593 4673 4674
3 4593 4674 4594
3 4594 4674 4675
3 4594 4675 4595
3 4595 4675 4676
3 4595 4676 4596
3 4596 4676 4677
3 4596 4677 4597
3 4597 4677 4678
3 4597 4678 4598
3 4598 4678 4679
3 4598 4679 4599
3 4599 4679 4680
3 4599 4680 4600
3 4600 4680 4681
3 4600 4681 4601
3 4601 4681 4682
3 4601 4682 4602
3 4602 4682 4683
3 4602 4683 4603
3 4603 4683 4684
3 4603 4684 4604
3 4604 4684 4685
3 4604 4685 4605
3 4605 4685 4686
3 4605 4686 4606
3 4606 4686 4687
3 4606 4687 4607
3 4607 4687 4688
3 4607 4688 4608
3 4608 4688 4689
3 4608 4689 4609
3 4609 4689 4690
3 4609 4690 4610
3 4610 4690 4691
3 4610 4691 4611
3 4611 4691 4692
3 4611 4692 4612
3 4612 4692 4693
3 4612 4693 4613
3 4613 4693 4694
3 4613 4694 4614
3 4614 4694 4695
3 4614 4695 4615
3 4615 4695 4696
3 4615 4696 4616
3 4616 4696 4697
3 4616 4697 4617
3 4617 4697 4698
3 4617 4698 4618
3 4618 4698 4699
3 4618 4699 4619
3 4619 4699 4700
3 4619 4700 4620
3 4620 4700 4701
3 4620 4701 4621
3 4621 4701 4702
3 4621 4702 4622
3 4622 4702 4703
3 4622 4703 4623
3 4623 4703 4704
3 4623 4704 4624
3 4624 4704 4705
3 4624 4705 4625
3 4625 4705 4706
3 4625 4706 4626
3 4626 4706 4707
3 4626 4707 4627
3 4627 4707 4708
3 4627 4708 4628
3 4628 4708 4709
3 4628 4709 4629
3 4629 4709 4710
3 4629 4710 4630
3 4630 4710 4711
3 4630 4711 4631
3 4631 4711 4712
3 4631 4712 4632
3 4632 4712 4713
3 4632 4713 4633
3 4633 4713 4714
3 4633 4714 4634
3 4634 4714 4715
3 4634 4715 4635
3 4635 4715 4716
3 4635 4716 4636
3 4636 4716 4717
3 4636 4717 4637
3 4637 4717 4718
3 4637 4718 4638
3 4638 4718 4719
3 4638 4719 4639
3 4639 4719 4640
3 4639 4640 4560
3 4640 4720 4721
3 4640 4721 4641
3 4641 4721 4722
3 4641 4722 4642
3 4642 4722 4723
3 4642 4723 4643
3 4643 4723 4724
3 4643 4724 4644
3 4644 4724 4725
3 4644 4725 4645
3 4645 4725 4726
3 4645 4726 4646
3 4646 4726 4727
3 4646 4727 4647
3 4647 4727 4728
3 4647 4728 4648
3 4648 4728 4729
3 4648 4729 4649
3 4649 4729 4730
3 4649 4730 4650
3 4650 4730 4731
3 4650 4731 4651
3 4651 4731 4732
3 4651 4732 4652
3 4652 4732 4733
3 4652 4733 4653
3 4653 4733 4734
3 4653 4734 4654
3 4654 4734 4735
3 4654 4735 4655
3 4655 4735 4736
3 4655 4736 4656
3 4656 4736 4737
3 4656 4737 4657
3 4657 4737 4738
3 4657 4738 4658
3 4658 4738 4739
3 4658 4739 4659
3 4659 4739 4740
3 4659 4740 4660
3 4660 4740 4741
3 4660 4741 4661
3 4661 4741 4742
3 4661 4742 4662
3 4662 4742 4743
3 4662 4743 4663
3 4663 4743 4744
3 4663 4744 4664
3 4664 4744 4745
3 4664 4745 4665
3 4665 4745 4746
3 4665 4746 4666
3 4666 4746 4747
3 4666 4747 4667
3 4667 4747 4748
3 4667 4748 4668
3 4668 4748 4749
3 4668 4749 4669
3 4669 4749 4750
3 4669 4750 4670
3 4670 4750 4751
3 4670 4751 4671
3 4671 4751 4752
3 4671 4752 4672
3 4672 4752 4753
3 4672 4753 4673
3 4673 4753 4754
3 4673 4754 4674
3 4674 4754 4755
3 4674 4755 4675
3 4675 4755 4756
3 4675 4756 4676
3 4676 4756 4757
3 4676 4757 4677
3 4677 4757 4758
3 4677 4758 4678
3 4678 4758 4759
3 4678 4759 4679
3 4679 4759 4760
3 4679 4760 4680
3 4680 4760 4761
3 4680 4761 4681
3 4681 4761 4762
3 4681 4762 4682
3 4682 4762 4763
3 4682 4763 4683
3 4683 4763 4764
3 4683 4764 4684
3 4684 4764 4765
3 4684 4765 4685
3 4685 4765 4766
3 4685 4766 4686
3 4686 4766 4767
3 4686 4767 4687
3 4687 4767 4768
3 4687 4768 4688
3 4688 4768 4769
3 4688 4769 4689
3 4689 4769 4770
3 4689 4770 4690
3 4690 4770 4771
3 4690 4771 4691
3 4691 4771 4772
3 4691 4772 4692
3 4692 4772 4773
3 4692 4773 4693
3 4693 4773 4774
3 4693 4774 4694
3 4694 4774 4775
3 4694 4775 4695
3 4695 4775 4776
3 4695 4776 4696
3 4696 4776 4777
3 4696 4777 4697
3 4697 4777 4778
3 4697 4778 4698
3 4698 4778 4779
3 4698 4779 4699
3 4699 4779 4780
3 4699 4780 4700
3 4700 4780 4781
3 4700 4781 4701
3 4701 4781 4782
3 4701 4782 4702
3 4702 4782 4783
3 4702 4783 4703
3 4703 4783 4784
3 4703 4784 4704
3 4704 4784 4785
3 4704 4785 4705
3 4705 4785 4786
3 4705 4786 4706
3 4706 4786 4787
3 4706 4787 4707
3 4707 4787 4788
3 4707 4788 4708
3 4708 4788 4789
3 4708 4789 4709
3 4709 4789 4790
3 4709 4790 4710
3 4710 4790 4791
3 4710 4791 4711
3 4711 4791 4792
3 4711 4792 4712
3 4712 4792 4793
3 4712 4793 4713
3 4713 4793 4794
3 4713 4794 4714
3 4714 4794 4795
3 4714 4795 4715
3 4715 4795 4796
3 4715 4796 4716
3 4716 4796 4797
3 4716 4797 4717
3 4717 4797 4798
3 4717 4798 4718
3 4718 4798 4799
3 4718 4799 4719
3 4719 4799 4720
3 4719 4720 4640
3 4720 4800 4801
3 4720 4801 4721
3 4721 4801 4802
3 4721 4802 4722
3 4722 4802 4803
3 4722 4803 4723
3 4723 4803 4804
3 4723 4804 4724
3 4724 4804 4805
3 4724 4805 4725
3 4725 4805 4806
3 4725 4806 4726
3 4726 4806 4807
3 4726 4807 4727
3 4727 4807 4808
3 4727 4808 4728
3 4728 4808 4809
3 4728 4809 4729
3 4729 4809 4810
3 4729 4810 4730
3 4730 4810 4811
3 4730 4811 4731
3 4731 4811 4812
3 4731 4812 4732
3 4732 4812 4813
3 4732 4813 4733
3 4733 4813 4814
3 4733 4814 4734
3 4734 4814 4815
3 4734 4815 4735
3 4735 4815 4816
3 4735 4816 4736
3 4736 4816 4817
3 4736 4817 4737
3 4737 4817 4818
3 4737 4818 4738
3 4738 4818 4819
3 4738 4819 4739
3 4739 4819 4820
3 4739 4820 4740
3 4740 4820 4821
3 4740 4821 4741
3 4741 4821 4822
3 4741 4822 4742
3 4742 4822 4823
3 4742 4823 4743
3 4743 4823 4824
3 4743 4824 4744
3 4744 4824 4825
3 4744 4825 4745
3 4745 4825 4826
3 4745 4826 4746
3 4746 4826 4827
3 4746 4827 4747
3 4747 4827 4828
3 4747 4828 4748
3 4748 4828 4829
3 4748 4829 4749
3 4749 4829 4830
3 4749 4830 4750
3 4750 4830 4831
3 4750 4831 4751
3 4751 4831 4832
3 4751 4832 4752
3 4752 4832 4833
3 4752 4833 4753
3 4753 4833 4834
3 4753 4834 4754
3 4754 4834 4835
3 4754 4835 4755
3 4755 4835 4836
3 4755 4836 4756
3 4756 4836 4837
3 4756 4837 4757
3 4757 4837 4838
3 4757 4838 4758
3 4758 4838 4839
3 4758 4839 4759
3 4759 4839 4840
3 4759 4840 4760
3 4760 4840 4841
3 4760 4841 4761
3 4761 4841 4842
3 4761 4842 4762
3 4762 4842 4843
3 4762 4843 4763
3 4763 4843 4844
3 4763 4844 4764
3 4764 4844 4845
3 4764 4845 4765
3 4765 4845 4846
3 4765 4846 4766
3 4766 4846 4847
3 4766 4847 4767
3 4767 4847 4848
3 4767 4848 4768
3 4768 4848 4849
3 4768 4849 4769
3 4769 4849 4850
3 4769 4850 4770
3 4770 4850 4851
3 4770 4851 4771
3 4771 4851 4852
3 4771 4852 4772
3 4772 4852 4853
3 4772 4853 4773
3 4773 4853 4854
3 4773 4854 4774
3 4774 4854 4855
3 4774 4855 4775
3 4775 4855 4856
3 4775 4856 4776
3 4776 4856 4857
3 4776 4857 4777
3 4777 4857 4858
3 4777 4858 4778
3 4778 4858 4859
3 4778 4859 4779
3 4779 4859 4860
3 4779 4860 4780
3 4780 4860 4861
3 4780 4861 4781
3 4781 4861 4862
3 4781 4862 4782
3 4782 4862 4863
3 4782 4863 4783
3 4783 4863 4864
3 4783 4864 4784
3 4784 4864 4865
3 4784 4865 4785
3 4785 4865 4866
3 4785 4866 4786
3 4786 4866 4867
3 4786 4867 4787
3 4787 4867 4868
3 4787 4868 4788
3 4788 4868 4869
3 4788 4869 4789
3 4789 4869 4870
3 4789 4870 4790
3 4790 4870 4871
3 4790 4871 4791
3 4791 4871 4872
3 4791 4872 4792
3 4792 4872 4873
3 4792 4873 4793
3 4793 4873 4874
3 4793 4874 4794
3 4794 4874 4875
3 4794 4875 4795
3 4795 4875 4876
3 4795 4876 4796
3 4796 4876 4877
3 4796 4877 4797
3 4797 4877 4878
3 4797 4878 4798
3 4798 4878 4879
3 4798 4879 4799
3 4799 4879 4800
3 4799 4800 4720
3 4800 4880 4881
3 4800 4881 4801
3 4801 4881 4882
3 4801 4882 4802
3 4802 4882 4883
3 4802 4883 4803
3 4803 4883 4884
3 4803 4884 4804
3 4804 4884 4885
3 4804 4885 4805
3 4805 4885 4886
3 4805 4886 4806
3 4806 4886 4887
3 4806 4887 4807
3 4807 4887 4888
3 4807 4888 4808
3 4808 4888 4889
3 4808 4889 4809
3 4809 4889 4890
3 4809 4890 4810
3 4810 4890 4891
3 4810 4891 4811
3 4811 4891 4892
3 4811 4892 4812
3 4812 4892 4893
3 4812 4893 4813
3 4813 4893 4894
3 4813 4894 4814
3 4814 4894 4895
3 4814 4895 4815
3 4815 4895 4896
3 4815 4896 4816
3 4816 4896 4897
3 4816 4897 4817
3 4817 4897 4898
3 4817 4898 4818
3 4818 4898 4899
3 4818 4899 4819
3 4819 4899 4900
3 4819 4900 4820
3 4820 4900 4901
3 4820 4901 4821
3 4821 4901 4902
3 4821 4902 4822
3 4822 4902 4903
3 4822 4903 4823
3 4823 4903 4904
3 4823 4904 4824
3 4824 4904 4905
3 4824 4905 4825
3 4825 4905 4906
3 4825 4906 4826
3 4826 4906 4907
3 4826 4907 4827
3 4827 4907 4908
3 4827 4908 4828
3 4828 4908 4909
3 4828 4909 4829
3 4829 4909 4910
3 4829 4910 4830
3 4830 4910 4911
3 4830 4911 4831
3 4831 4911 4912
3 4831 4912 4832
3 4832 4912 4913
3 4832 4913 4833
3 4833 4913 4914
3 4833 4914 4834
3 4834 4914 4915
3 4834 4915 4835
3 4835 4915 4916
3 4835 4916 4836
3 4836 4916 4917
3 4836 4917 4837
3 4837 4917 4918
3 4837 4918 4838
3 4838 4918 4919
3 4838 4919 4839
3 4839 4919 4920
3 4839 4920 4840
3 4840 4920 4921
3 4840 4921 4841
3 4841 4921 4922
3 4841 4922 4842
3 4842 4922 4923
3 4842 4923 4843
3 4843 4923 4924
3 4843 4924 4844
3 4844 4924 4925
3 4844 4925 4845
3 4845 4925 4926
3 4845 4926 4846
3 4846 4926 4927
3 4846 4927 4847
3 4847 4927 4928
3 4847 4928 4848
3 4848 4928 4929
3 4848 4929 4849
3 4849 4929 4930
3 4849 4930 4850
3 4850 4930 4931
3 4850 4931 4851
3 4851 4931 4932
3 4851 4932 4852
3 4852 4932 4933
3 4852 4933 4853
3 4853 4933 4934
3 4853 4934 4854
3 4854 4934 4935
3 4854 4935 4855
3 4855 4935 4936
3 4855 4936 4856
3 4856 4936 4937
3 4856 4937 4857
3 4857 4937 4938
3 4857 4938 4858
3 4858 4938 4939
3 4858 4939 4859
3 4859 4939 4940
3 4859 4940 4860
3 4860 4940 4941
3 4860 4941 4861
3 4861 4941 4942
3 4861 4942 4862
3 4862 4942 4943
3 4862 4943 4863
3 4863 4943 4944
3 4863 4944 4864
3 4864 4944 4945
3 4864 4945 4865
3 4865 4945 4946
3 4865 4946 4866
3 4866 4946 4947
3 4866 4947 4867
3 4867 4947 4948
3 4867 4948 4868
3 4868 4948 4949
3 4868 4949 4869
3 4869 4949 4950
3 4869 4950 4870
3 4870 4950 4951
3 4870 4951 4871
3 4871 4951 4952
3 4871 4952 4872
3 4872 4952 4953
3 4872 4953 4873
3 4873 4953 4954
3 4873 4954 4874
3 4874 4954 4955
3 4874 4955 4875
3 4875 4955 4956
3 4875 4956 4876
3 4876 4956 4957
3 4876 4957 4877
3 4877 4957 4958
3 4877 4958 4878
3 4878 4958 4959
3 4878 4959 4879
3 4879 4959 4880
3 4879 4880 4800
3 4880 4960 4961
3 4880 4961 4881
3 4881 4961 4962
3 4881 4962 4882
3 4882 4962 4963
3 4882 4963 4883
3 4883 4963 4964
3 4883 4964 4884
3 4884 4964 4965
3 4884 4965 4885
3 4885 4965 4966
3 4885 4966 4886
3 4886 4966 4967
3 4886 4967 4887
3 4887 4967 4968
3 4887 4968 4888
3 4888 4968 4969
3 4888 4969 4889
3 4889 4969 4970
3 4889 4970 4890
3 4890 4970 4971
3 4890 4971 4891
3 4891 4971 4972
3 4891 4972 4892
3 4892 4972 4973
3 4892 4973 4893
3 4893 4973 4974
3 4893 4974 4894
3 4894 4974 4975
3 4894 4975 4895
3 4895 4975 4976
3 4895 4976 4896
3 4896 4976 4977
3 4896 4977 4897
3 4897 4977 4978
3 4897 4978 4898
3 4898 4978 4979
3 4898 4979 4899
3 4899 4979 4980
3 4899 4980 4900
3 4900 4980 4981
3 4900 4981 4901
3 4901 4981 4982
3 4901 4982 4902
3 4902 4982 4983
3 4902 4983 4903
3 4903 4983 4984
3 4903 4984 4904
3 4904 4984 4985
3 4904 4985 4905
3 4905 4985 4986
3 4905 4986 4906
3 4906 4986 4987
3 4906 4987 4907
3 4907 4987 4988
3 4907 4988 4908
3 4908 4988 4989
3 4908 4989 4909
3 4909 4989 4990
3 4909 4990 4910
3 4910 4990 4991
3 4910 4991 4911
3 4911 4991 4992
3 4911 4992 4912
3 4912 4992 4993
3 4912 4993 4913
3 4913 4993 4994
3 4913 4994 4914
3 4914 4994 4995
3 4914 4995 4915
3 4915 4995 4996
3 4915 4996 4916
3 4916 4996 4997
3 4916 4997 4917
3 4917 4997 4998
3 4917 4998 4918
3 4918 4998 4999
3 4918 4999 4919
3 4919 4999 5000
3 4919 5000 4920
3 4920 5000 5001
3 4920 5001 4921
3 4921 5001 5002
3 4921 5002 4922
3 4922 5002 5003
3 4922 5003 4923
3 4923 5003 5004
3 4923 5004 4924
3 4924 5004 5005
3 4924 5005 4925
3 4925 5005 5006
3 4925 5006 4926
3 4926 5006 5007
3 4926 5007 4927
3 4927 5007 5008
3 4927 5008 4928
3 4928 5008 5009
3 4928 5009 4929
3 4929 5009 5010
3 4929 5010 4930
3 4930 5010 5011
3 4930 5011 4931
3 4931 5011 5012
3 4931 5012 4932
3 4932 5012 5013
3 4932 5013 4933
3 4933 5013 5014
3 4933 5014 4934
3 4934 5014 5015
3 4934 5015 4935
3 4935 5015 5016
3 4935 5016 4936
3 4936 5016 5017
3 4936 5017 4937
3 4937 5017 5018
3 4937 5018 4938
3 4938 5018 5019
3 4938 5019 4939
3 4939 5019 5020
3 4939 5020 4940
3 4940 5020 5021
3 4940 5021 4941
3 4941 5021 5022
3 4941 5022 4942
3 4942 5022 5023
3 4942 5023 4943
3 4943 5023 5024
3 4943 5024 4944
3 4944 5024 5025
3 4944 5025 4945
3 4945 5025 5026
3 4945 5026 4946
3 4946 5026 5027
3 4946 5027 4947
3 4947 5027 5028
3 4947 5028 4948
3 4948 5028 5029
3 4948 5029 4949
3 4949 5029 5030
3 4949 5030 4950
3 4950 5030 5031
3 4950 5031 4951
3 4951 5031 5032
3 4951 5032 4952
3 4952 5032 5033
3 4952 5033 4953
3 4953 5033 5034
3 4953 5034 4954
3 4954 5034 5035
3 4954 5035 4955
3 4955 5035 5036
3 4955 5036 4956
3 4956 5036 5037
3 4956 5037 4957
3 4957 5037 5038
3 4957 5038 4958
3 4958 5038 5039
3 4958 5039 4959
3 4959 5039 4960
3 4959 4960 4880
3 4960 5040 5041
3 4960 5041 4961
3 4961 5041 5042
3 4961 5042 4962
3 4962 5042 5043
3 4962 5043 4963
3 4963 5043 5044
3 4963 5044 4964
3 4964 5044 5045
3 4964 5045 4965
3 4965 5045 5046
3 4965 5046 4966
3 4966 5046 5047
3 4966 5047 4967
3 4967 5047 5048
3 4967 5048 4968
3 4968 5048 5049
3 4968 5049 4969
3 4969 5049 5050
3 4969 5050 4970
3 4970 5050 5051
3 4970 5051 4971
3 4971 5051 5052
3 4971 5052 4972
3 4972 5052 5053
3 4972 5053 4973
3 4973 5053 5054
3 4973 5054 4974
3 4974 5054 5055
3 4974 5055 4975
3 4975 5055 5056
3 4975 5056 4976
3 4976 5056 5057
3 4976 5057 4977
3 4977 5057 5058
3 4977 5058 4978
3 4978 5058 5059
3 4978 5059 4979
3 4979 5059 5060
3 4979 5060 4980
3 4980 5060 5061
3 4980 5061 4981
3 4981 5061 5062
3 4981 5062 4982
3 4982 5062 5063
3 4982 5063 4983
3 4983 5063 5064
3 4983 5064 4984
3 4984 5064 5065
3 4984 5065 4985
3 4985 5065 5066
3 4985 5066 4986
3 4986 5066 5067
3 4986 5067 4987
3 4987 5067 5068
3 4987 5068 4988
3 4988 5068 5069
3 4988 5069 4989
3 4989 5069 5070
3 4989 5070 4990
3 4990 5070 5071
3 4990 5071 4991
3 4991 5071 5072
3 4991 5072 4992
3 4992 5072 5073
3 4992 5073 4993
3 4993 5073 5074
3 4993 5074 4994
3 4994 5074 5075
3 4994 5075 4995
3 4995 5075 5076
3 4995 5076 4996
3 4996 5076 5077
3 4996 5077 4997
3 4997 5077 5078
3 4997 5078 4998
3 4998 5078 5079
3 4998 5079 4999
3 4999 5079 5080
3 4999 5080 5000
3 5000 5080 5081
3 5000 5081 5001
3 5001 5081 5082
3 5001 5082 5002
3 5002 5082 5083
3 5002 5083 5003
3 5003 5083 5084
3 5003 5084 5004
3 5004 5084 5085
3 5004 5085 5005
3 5005 5085 5086
3 5005 5086 5006
3 5006 5086 5087
3 5006 5087 5007
3 5007 5087 5088
3 5007 5088 5008
3 5008 5088 5089
3 5008 5089 5009
3 5009 5089 5090
3 5009 5090 5010
3 5010 5090 5091
3 5010 5091 5011
3 5011 5091 5092
3 5011 5092 5012
3 5012 5092 5093
3 5012 5093 5013
3 5013 5093 5094
3 5013 5094 5014
3 5014 5094 5095
3 5014 5095 5015
3 5015 5095 5096
3 5015 5096 5016
3 5016 5096 5097
3 5016 5097 5017
3 5017 5097 5098
3 5017 5098 5018
3 5018 5098 5099
3 5018 5099 5019
3 5019 5099 5100
3 5019 5100 5020
3 5020 5100 5101
3 5020 5101 5021
3 5021 5101 5102
3 5021 5102 5022
3 5022 5102 5103
3 5022 5103 5023
3 5023 5103 5104
3 5023 5104 5024
3 5024 5104 5105
3 5024 5105 5025
3 5025 5105 5106
3 5025 5106 5026
3 5026 5106 5107
3 5026 5107 5027
3 5027 5107 5108
3 5027 5108 5028
3 5028 5108 5109
3 5028 5109 5029
3 5029 5109 5110
3 5029 5110 5030
3 5030 5110 5111
3 5030 5111 5031
3 5031 5111 5112
3 5031 5112 5032
3 5032 5112 5113
3 5032 5113 5033
3 5033 5113 5114
3 5033 5114 5034
3 5034 5114 5115
3 5034 5115 5035
3 5035 5115 5116
3 5035 5116 5036
3 5036 5116 5117
3 5036 5117 5037
3 5037 5117 5118
3 5037 5118 5038
3 5038 5118 5119
3 5038 5119 5039
3 5039 5119 5040
3 5039 5040 4960
3 5040 5120 5121
3 5040 5121 5041
3 5041 5121 5122
3 5041 5122 5042
3 5042 5122 5123
3 5042 5123 5043
3 5043 5123 5124
3 5043 5124 5044
3 5044 5124 5125
3 5044 5125 5045
3 5045 5125 5126
3 5045 5126 5046
3 5046 5126 5127
3 5046 5127 5047
3 5047 5127 5128
3 5047 5128 5048
3 5048 5128 5129
3 5048 5129 5049
3 5049 5129 5130
3 5049 5130 5050
3 5050 5130 5131
3 5050 5131 5051
3 5051 5131 5132
3 5051 5132 5052
3 5052 5132 5133
3 5052 5133 5053
3 5053 5133 5134
3 5053 5134 5054
3 5054 5134 5135
3 5054 5135 5055
3 5055 5135 5136
3 5055 5136 5056
3 5056 5136 5137
3 5056 5137 5057
3 5057 5137 5138
3 5057 5138 5058
3 5058 5138 5139
3 5058 5139 5059
3 5059 5139 5140
3 5059 5140 5060
3 5060 5140 5141
3 5060 5141 5061
3 5061 5141 5142
3 5061 5142 5062
3 5062 5142 5143
3 5062 5143 5063
3 5063 5143 5144
3 5063 5144 5064
3 5064 5144 5145
3 5064 5145 5065
3 5065 5145 5146
3 5065 5146 5066
3 5066 5146 5147
3 5066 5147 5067
3 5067 5147 5148
3 5067 5148 5068
3 5068 5148 5149
3 5068 5149 5069
3 5069 5149 5150
3 5069 5150 5070
3 5070 5150 5151
3 5070 5151 5071
3 5071 5151 5152
3 5071 5152 5072
3 5072 5152 5153
3 5072 5153 5073
3 5073 5153 5154
3 5073 5154 5074
3 5074 5154 5155
3 5074 5155 5075
3 5075 5155 5156
3 5075 5156 5076
3 5076 5156 5157
3 5076 5157 5077
3 5077 5157 5158
3 5077 5158 5078
3 5078 5158 5159
3 5078 5159 5079
3 5079 5159 5160
3 5079 5160 5080
3 5080 5160 5161
3 5080 5161 5081
3 5081 5161 5162
3 5081 5162 5082
3 5082 5162 5163
3 5082 5163 5083
3 5083 5163 5164
3 5083 5164 5084
3 5084 5164 5165
3 5084 5165 5085
3 5085 5165 5166
3 5085 5166 5086
3 5086 5166 5167
3 5086 5167 5087
3 5087 5167 5168
3 5087 5168 5088
3 5088 5168 5169
3 5088 5169 5089
3 5089 5169 5170
3 5089 5170 5090
3 5090 5170 5171
3 5090 5171 5091
3 5091 5171 5172
3 5091 5172 5092
3 5092 5172 5173
3 5092 5173 5093
3 5093 5173 5174
3 5093 5174 5094
3 5094 5174 5175
3 5094 5175 5095
3 5095 5175 5176
3 5095 5176 5096
3 5096 5176 5177
3 5096 5177 5097
3 5097 5177 5178
3 5097 5178 5098
3 5098 5178 5179
3 5098 5179 5099
3 5099 5179 5180
3 5099 5180 5100
3 5100 5180 5181
3 5100 5181 5101
3 5101 5181 5182
3 5101 5182 5102
3 5102 5182 5183
3 5102 5183 5103
3 5103 5183 5184
3 5103 5184 5104
3 5104 5184 5185
3 5104 5185 5105
3 5105 5185 5186
3 5105 5186 5106
3 5106 5186 5187
3 5106 5187 5107
3 5107 5187 5188
3 5107 5188 5108
3 5108 5188 5189
3 5108 5189 5109
3 5109 5189 5190
3 5109 5190 5110
3 5110 5190 5191
3 5110 5191 5111
3 5111 5191 5192
3 5111 5192 5112
3 5112 5192 5193
3 5112 5193 5113
3 5113 5193 5194
3 5113 5194 5114
3 5114 5194 5195
3 5114 5195 5115
3 5115 5195 5196
3 5115 5196 5116
3 5116 5196 5197
3 5116 5197 5117
3 5117 5197 5198
3 5117 5198 5118
3 5118 5198 5199
3 5118 5199 5119
3 5119 5199 5120
3 5119 5120 5040
3 5120 5200 5201
3 5120 5201 5121
3 5121 5201 5202
3 5121 5202 5122
3 5122 5202 5203
3 5122 5203 5123
3 5123 5203 5204
3 5123 5204 5124
3 5124 5204 5205
3 5124 5205 5125
3 5125 5205 5206
3 5125 5206 5126
3 5126 5206 5207
3 5126 5207 5127
3 5127 5207 5208
3 5127 5208 5128
3 5128 5208 5209
3 5128 5209 5129
3 5129 5209 5210
3 5129 5210 5130
3 5130 5210 5211
3 5130 5211 5131
3 5131 5211 5212
3 5131 5212 5132
3 5132 5212 5213
3 5132 5213 5133
3 5133 5213 5214
3 5133 5214 5134
3 5134 5214 5215
3 5134 5215 5135
3 5135 5215 5216
3 5135 5216 5136
3 5136 5216 5217
3 5136 5217 5137
3 5137 5217 5218
3 5137 5218 5138
3 5138 5218 5219
3 5138 5219 5139
3 5139 5219 5220
3 5139 5220 5140
3 5140 5220 5221
3 5140 5221 5141
3 5141 5221 5222
3 5141 5222 5142
3 5142 5222 5223
3 5142 5223 5143
3 5143 5223 5224
3 5143 5224 5144
3 5144 5224 5225
3 5144 5225 5145
3 5145 5225 5226
3 5145 5226 5146
3 5146 5226 5227
3 5146 5227 5147
3 5147 5227 5228
3 5147 5228 5148
3 5148 5228 5229
3 5148 5229 5149
3 5149 5229 5230
3 5149 5230 5150
3 5150 5230 5231
3 5150 5231 5151
3 5151 5231 5232
3 5151 5232 5152
3 5152 5232 5233
3 5152 5233 5153
3 5153 5233 5234
3 5153 5234 5154
3 5154 5234 5235
3 5154 5235 5155
3 5155 5235 5236
3 5155 5236 5156
3 5156 5236 5237
3 5156 5237 5157
3 5157 5237 5238
3 5157 5238 5158
3 5158 5238 5239
3 5158 5239 5159
3 5159 5239 5240
3 5159 5240 5160
3 5160 5240 5241
3 5160 5241 5161
3 5161 5241 5242
3 5161 5242 5162
3 5162 5242 5243
3 5162 5243 5163
3 5163 5243 5244
3 5163 5244 5164
3 5164 5244 5245
3 5164 5245 5165
3 5165 5245 5246
3 5165 5246 5166
3 5166 5246 5247
3 5166 5247 5167
3 5167 5247 5248
3 5167 5248 5168
3 5168 5248 5249
3 5168 5249 5169
3 5169 5249 5250
3 5169 5250 5170
3 5170 5250 5251
3 5170 5251 5171
3 5171 5251 5252
3 5171 5252 5172
3 5172 5252 5253
3 5172 5253 5173
3 5173 5253 5254
3 5173 5254 5174
3 5174 5254 5255
3 5174 5255 5175
3 5175 5255 5256
3 5175 5256 5176
3 5176 5256 5257
3 5176 5257 5177
3 5177 5257 5258
3 5177 5258 5178
3 5178 5258 5259
3 5178 5259 5179
3 5179 5259 5260
3 5179 5260 5180
3 5180 5260 5261
3 5180 5261 5181
3 5181 5261 5262
3 5181 5262 5182
3 5182 5262 5263
3 5182 5263 5183
3 5183 5263 5264
3 5183 5264 5184
3 5184 5264 5265
3 5184 5265 5185
3 5185 5265 5266
3 5185 5266 5186
3 5186 5266 5267
3 5186 5267 5187
3 5187 5267 5268
3 5187 5268 5188
3 5188 5268 5269
3 5188 5269 5189
3 5189 5269 5270
3 5189 5270 5190
3 5190 5270 5271
3 5190 5271 5191
3 5191 5271 5272
3 5191 5272 5192
3 5192 5272 5273
3 5192 5273 5193
3 5193 5273 5274
3 5193 5274 5194
3 5194 5274 5275
3 5194 5275 5195
3 5195 5275 5276
3 5195 5276 5196
3 5196 5276 5277
3 5196 5277 5197
3 5197 5277 5278
3 5197 5278 5198
3 5198 5278 5279
3 5198 5279 5199
3 5199 5279 5200
3 5199 5200 5120
3 5200 5280 5281
3 5200 5281 5201
3 5201 5281 5282
3 5201 5282 5202
3 5202 5282 5283
3 5202 5283 5203
3 5203 5283 5284
3 5203 5284 5204
3 5204 5284 5285
3 5204 5285 5205
3 5205 5285 5286
3 5205 5286 5206
3 5206 5286 5287
3 5206 5287 5207
3 5207 5287 5288
3 5207 5288 5208
3 5208 5288 5289
3 5208 5289 5209
3 5209 5289 5290
3 5209 5290 5210
3 5210 5290 5291
3 5210 5291 5211
3 5211 5291 5292
3 5211 5292 5212
3 5212 5292 5293
3 5212 5293 5213
3 5213 5293 5294
3 5213 5294 5214
3 5214 5294 5295
3 5214 5295 5215
3 5215 5295 5296
3 5215 5296 5216
3 5216 5296 5297
3 5216 5297 5217
3 5217 5297 5298
3 5217 5298 5218
3 5218 5298 5299
3 5218 5299 5219
3 5219 5299 5300
3 5219 5300 5220
3 5220 5300 5301
3 5220 5301 5221
3 5221 5301 5302
3 5221 5302 5222
3 5222 5302 5303
3 5222 5303 5223
3 5223 5303 5304
3 5223 5304 5224
3 5224 5304 5305
3 5224 5305 5225
3 5225 5305 5306
3 5225 5306 5226
3 5226 5306 5307
3 5226 5307 5227
3 5227 5307 5308
3 5227 5308 5228
3 5228 5308 5309
3 5228 5309 5229
3 5229 5309 5310
3 5229 5310 5230
3 5230 5310 5311
3 5230 5311 5231
3 5231 5311 5312
3 5231 5312 5232
3 5232 5312 5313
3 5232 5313 5233
3 5233 5313 5314
3 5233 5314 5234
3 5234 5314 5315
3 5234 5315 5235
3 5235 5315 5316
3 5235 5316 5236
3 5236 5316 5317
3 5236 5317 5237
3 5237 5317 5318
3 5237 5318 5238
3 5238 5318 5319
3 5238 5319 5239
3 5239 5319 5320
3 5239 5320 5240
3 5240 5320 5321
3 5240 5321 5241
3 5241 5321 5322
3 5241 5322 5242
3 5242 5322 5323
3 5242 5323 5243
3 5243 5323 5324
3 5243 5324 5244
3 5244 5324 5325
3 5244 5325 5245
3 5245 5325 5326
3 5245 5326 5246
3 5246 5326 5327
3 5246 5327 5247
3 5247 5327 5328
3 5247 5328 5248
3 5248 5328 5329
3 5248 5329 5249
3 5249 5329 5330
3 5249 5330 5250
3 5250 5330 5331
3 5250 5331 5251
3 5251 5331 5332
3 5251 5332 5252
3 5252 5332 5333
3 5252 5333 5253
3 5253 5333 5334
3 5253 5334 5254
3 5254 5334 5335
3 5254 5335 5255
3 5255 5335 5336
3 5255 5336 5256
3 5256 5336 5337
3 5256 5337 5257
3 5257 5337 5338
3 5257 5338 5258
3 5258 5338 5339
3 5258 5339 5259
3 5259 5339 5340
3 5259 5340 5260
3 5260 5340 5341
3 5260 5341 5261
3 5261 5341 5342
3 5261 5342 5262
3 5262 5342 5343
3 5262 5343 5263
3 5263 5343 5344
3 5263 5344 5264
3 5264 5344 5345
3 5264 5345 5265
3 5265 5345 5346
3 5265 5346 5266
3 5266 5346 5347
3 5266 5347 5267
3 5267 5347 5348
3 5267 5348 5268
3 5268 5348 5349
3 5268 5349 5269
3 5269 5349 5350
3 5269 5350 5270
3 5270 5350 5351
3 5270 5351 5271
3 5271 5351 5352
3 5271 5352 5272
3 5272 5352 5353
3 5272 5353 5273
3 5273 5353 5354
3 5273 5354 5274
3 5274 5354 5355
3 5274 5355 5275
3 5275 5355 5356
3 5275 5356 5276
3 5276 5356 5357
3 5276 5357 5277
3 5277 5357 5358
3 5277 5358 5278
3 5278 5358 5359
3 5278 5359 5279
3 5279 5359 5280
3 5279 5280 5200
3 5280 5360 5361
3 5280 5361 5281
3 5281 5361 5362
3 5281 5362 5282
3 5282 5362 5363
3 5282 5363 5283
3 5283 5363 5364
3 5283 5364 5284
3 5284 5364 5365
3 5284 5365 5285
3 5285 5365 5366
3 5285 5366 5286
3 5286 5366 5367
3 5286 5367 5287
3 5287 5367 5368
3 5287 5368 5288
3 5288 5368 5369
3 5288 5369 5289
3 5289 5369 5370
3 5289 5370 5290
3 5290 5370 5371
3 5290 5371 5291
3 5291 5371 5372
3 5291 5372 5292
3 5292 5372 5373
3 5292 5373 5293
3 5293 5373 5374
3 5293 5374 5294
3 5294 5374 5375
3 5294 5375 5295
3 5295 5375 5376
3 5295 5376 5296
3 5296 5376 5377
3 5296 5377 5297
3 5297 5377 5378
3 5297 5378 5298
3 5298 5378 5379
3 5298 5379 5299
3 5299 5379 5380
3 5299 5380 5300
3 5300 5380 5381
3 5300 5381 5301
3 5301 5381 5382
3 5301 5382 5302
3 5302 5382 5383
3 5302 5383 5303
3 5303 5383 5384
3 5303 5384 5304
3 5304 5384 5385
3 5304 5385 5305
3 5305 5385 5386
3 5305 5386 5306
3 5306 5386 5387
3 5306 5387 5307
3 5307 5387 5388
3 5307 5388 5308
3 5308 5388 5389
3 5308 5389 5309
3 5309 5389 5390
3 5309 5390 5310
3 5310 5390 5391
3 5310 5391 5311
3 5311 5391 5392
3 5311 5392 5312
3 5312 5392 5393
3 5312 5393 5313
3 5313 5393 5394
3 5313 5394 5314
3 5314 5394 5395
3 5314 5395 5315
3 5315 5395 5396
3 5315 5396 5316
3 5316 5396 5397
3 5316 5397 5317
3 5317 5397 5398
3 5317 5398 5318
3 5318 5398 5399
3 5318 5399 5319
3 5319 5399 5400
3 5319 5400 5320
3 5320 5400 5401
3 5320 5401 5321
3 5321 5401 5402
3 5321 5402 5322
3 5322 5402 5403
3 5322 5403 5323
3 5323 5403 5404
3 5323 5404 5324
3 5324 5404 5405
3 5324 5405 5325
3 5325 5405 5406
3 5325 5406 5326
3 5326 5406 5407
3 5326 5407 5327
3 5327 5407 5408
3 5327 5408 5328
3 5328 5408 5409
3 5328 5409 5329
3 5329 5409 5410
3 5329 5410 5330
3 5330 5410 5411
3 5330 5411 5331
3 5331 5411 5412
3 5331 5412 5332
3 5332 5412 5413
3 5332 5413 5333
3 5333 5413 5414
3 5333 5414 5334
3 5334 5414 5415
3 5334 5415 5335
3 5335 5415 5416
3 5335 5416 5336
3 5336 5416 5417
3 5336 5417 5337
3 5337 5417 5418
3 5337 5418 5338
3 5338 5418 5419
3 5338 5419 5339
3 5339 5419 5420
3 5339 5420 5340
3 5340 5420 5421
3 5340 5421 5341
3 5341 5421 5422
3 5341 5422 5342
3 5342 5422 5423
3 5342 5423 5343
3 5343 5423 5424
3 5343 5424 5344
3 5344 5424 5425
3 5344 5425 5345
3 5345 5425 5426
3 5345 5426 5346
3 5346 5426 5427
3 5346 5427 5347
3 5347 5427 5428
3 5347 5428 5348
3 5348 5428 5429
3 5348 5429 5349
3 5349 5429 5430
3 5349 5430 5350
3 5350 5430 5431
3 5350 5431 5351
3 5351 5431 5432
3 5351 5432 5352
3 5352 5432 5433
3 5352 5433 5353
3 5353 5433 5434
3 5353 5434 5354
3 5354 5434 5435
3 5354 5435 5355
3 5355 5435 5436
3 5355 5436 5356
3 5356 5436 5437
3 5356 5437 5357
3 5357 5437 5438
3 5357 5438 5358
3 5358 5438 5439
3 5358 5439 5359
3 5359 5439 5360
3 5359 5360 5280
3 5360 5440 5441
3 5360 5441 5361
3 5361 5441 5442
3 5361 5442 5362
3 5362 5442 5443
3 5362 5443 5363
3 5363 5443 5444
3 5363 5444 5364
3 5364 5444 5445
3 5364 5445 5365
3 5365 5445 5446
3 5365 5446 5366
3 5366 5446 5447
3 5366 5447 5367
3 5367 5447 5448
3 5367 5448 5368
3 5368 5448 5449
3 5368 5449 5369
3 5369 5449 5450
3 5369 5450 5370
3 5370 5450 5451
3 5370 5451 5371
3 5371 5451 5452
3 5371 5452 5372
3 5372 5452 5453
3 5372 5453 5373
3 5373 5453 5454
3 5373 5454 5374
3 5374 5454 5455
3 5374 5455 5375
3 5375 5455 5456
3 5375 5456 5376
3 5376 5456 5457
3 5376 5457 5377
3 5377 5457 5458
3 5377 5458 5378
3 5378 5458 5459
3 5378 5459 5379
3 5379 5459 5460
3 5379 5460 5380
3 5380 5460 5461
3 5380 5461 5381
3 5381 5461 5462
3 5381 5462 5382
3 5382 5462 5463
3 5382 5463 5383
3 5383 5463 5464
3 5383 5464 5384
3 5384 5464 5465
3 5384 5465 5385
3 5385 5465 5466
3 5385 5466 5386
3 5386 5466 5467
3 5386 5467 5387
3 5387 5467 5468
3 5387 5468 5388
3 5388 5468 5469
3 5388 5469 5389
3 5389 5469 5470
3 5389 5470 5390
3 5390 5470 5471
3 5390 5471 5391
3 5391 5471 5472
3 5391 5472 5392
3 5392 5472 5473
3 5392 5473 5393
3 5393 5473 5474
3 5393 5474 5394
3 5394 5474 5475
3 5394 5475 5395
3 5395 5475 5476
3 5395 5476 5396
3 5396 5476 5477
3 5396 5477 5397
3 5397 5477 5478
3 5397 5478 5398
3 5398 5478 5479
3 5398 5479 5399
3 5399 5479 5480
3 5399 5480 5400
3 5400 5480 5481
3 5400 5481 5401
3 5401 5481 5482
3 5401 5482 5402
3 5402 5482 5483
3 5402 5483 5403
3 5403 5483 5484
3 5403 5484 5404
3 5404 5484 5485
3 5404 5485 5405
3 5405 5485 5486
3 5405 5486 5406
3 5406 5486 5487
3 5406 5487 5407
3 5407 5487 5488
3 5407 5488 5408
3 5408 5488 5489
3 5408 5489 5409
3 5409 5489 5490
3 5409 5490 5410
3 5410 5490 5491
3 5410 5491 5411
3 5411 5491 5492
3 5411 5492 5412
3 5412 5492 5493
3 5412 5493 5413
3 5413 5493 5494
3 5413 5494 5414
3 5414 5494 5495
3 5414 5495 5415
3 5415 5495 5496
3 5415 5496 5416
3 5416 5496 5497
3 5416 5497 5417
3 5417 5497 5498
3 5417 5498 5418
3 5418 5498 5499
3 5418 5499 5419
3 5419 5499 5500
3 5419 5500 5420
3 5420 5500 5501
3 5420 5501 5421
3 5421 5501 5502
3 5421 5502 5422
3 5422 5502 5503
3 5422 5503 5423
3 5423 5503 5504
3 5423 5504 5424
3 5424 5504 5505
3 5424 5505 5425
3 5425 5505 5506
3 5425 5506 5426
3 5426 5506 5507
3 5426 5507 5427
3 5427 5507 5508
3 5427 5508 5428
3 5428 5508 5509
3 5428 5509 5429
3 5429 5509 5510
3 5429 5510 5430
3 5430 5510 5511
3 5430 5511 5431
3 5431 5511 5512
3 5431 5512 5432
3 5432 5512 5513
3 5432 5513 5433
3 5433 5513 5514
3 5433 5514 5434
3 5434 5514 5515
3 5434 5515 5435
3 5435 5515 5516
3 5435 5516 5436
3 5436 5516 5517
3 5436 5517 5437
3 5437 5517 5518
3 5437 5518 5438
3 5438 5518 5519
3 5438 5519 5439
3 5439 5519 5440
3 5439 5440 5360
3 5440 5520 5521
3 5440 5521 5441
3 5441 5521 5522
3 5441 5522 5442
3 5442 5522 5523
3 5442 5523 5443
3 5443 5523 5524
3 5443 5524 5444
3 5444 5524 5525
3 5444 5525 5445
3 5445 5525 5526
3 5445 5526 5446
3 5446 5526 5527
3 5446 5527 5447
3 5447 5527 5528
3 5447 5528 5448
3 5448 5528 5529
3 5448 5529 5449
3 5449 5529 5530
3 5449 5530 5450
3 5450 5530 5531
3 5450 5531 5451
3 5451 5531 5532
3 5451 5532 5452
3 5452 5532 5533
3 5452 5533 5453
3 5453 5533 5534
3 5453 5534 5454
3 5454 5534 5535
3 5454 5535 5455
3 5455 5535 5536
3 5455 5536 5456
3 5456 5536 5537
3 5456 5537 5457
3 5457 5537 5538
3 5457 5538 5458
3 5458 5538 5539
3 5458 5539 5459
3 5459 5539 5540
3 5459 5540 5460
3 5460 5540 5541
3 5460 5541 5461
3 5461 5541 5542
3 5461 5542 5462
3 5462 5542 5543
3 5462 5543 5463
3 5463 5543 5544
3 5463 5544 5464
3 5464 5544 5545
3 5464 5545 5465
3 5465 5545 5546
3 5465 5546 5466
3 5466 5546 5547
3 5466 5547 5467
3 5467 5547 5548
3 5467 5548 5468
3 5468 5548 5549
3 5468 5549 5469
3 5469 5549 5550
3 5469 5550 5470
3 5470 5550 5551
3 5470 5551 5471
3 5471 5551 5552
3 5471 5552 5472
3 5472 5552 5553
3 5472 5553 5473
3 5473 5553 5554
3 5473 5554 5474
3 5474 5554 5555
3 5474 5555 5475
3 5475 5555 5556
3 5475 5556 5476
3 5476 5556 5557
3 5476 5557 5477
3 5477 5557 5558
3 5477 5558 5478
3 5478 5558 5559
3 5478 5559 5479
3 5479 5559 5560
3 5479 5560 5480
3 5480 5560 5561
3 5480 5561 5481
3 5481 5561 5562
3 5481 5562 5482
3 5482 5562 5563
3 5482 5563 5483
3 5483 5563 5564
3 5483 5564 5484
3 5484 5564 5565
3 5484 5565 5485
3 5485 5565 5566
3 5485 5566 5486
3 5486 5566 5567
3 5486 5567 5487
3 5487 5567 5568
3 5487 5568 5488
3 5488 5568 5569
3 5488 5569 5489
3 5489 5569 5570
3 5489 5570 5490
3 5490 5570 5571
3 5490 5571 5491
3 5491 5571 5572
3 5491 5572 5492
3 5492 5572 5573
3 5492 5573 5493
3 5493 5573 5574
3 5493 5574 5494
3 5494 5574 5575
3 5494 5575 5495
3 5495 5575 5576
3 5495 5576 5496
3 5496 5576 5577
3 5496 5577 5497
3 5497 5577 5578
3 5497 5578 5498
3 5498 5578 5579
3 5498 5579 5499
3 5499 5579 5580
3 5499 5580 5500
3 5500 5580 5581
3 5500 5581 5501
3 5501 5581 5582
3 5501 5582 5502
3 5502 5582 5583
3 5502 5583 5503
3 5503 5583 5584
3 5503 5584 5504
3 5504 5584 5585
3 5504 5585 5505
3 5505 5585 5586
3 5505 5586 5506
3 5506 5586 5587
3 5506 5587 5507
3 5507 5587 5588
3 5507 5588 5508
3 5508 5588 5589
3 5508 5589 5509
3 5509 5589 5590
3 5509 5590 5510
3 5510 5590 5591
3 5510 5591 5511
3 5511 5591 5592
3 5511 5592 5512
3 5512 5592 5593
3 5512 5593 5513
3 5513 5593 5594
3 5513 5594 5514
3 5514 5594 5595
3 5514 5595 5515
3 5515 5595 5596
3 5515 5596 5516
3 5516 5596 5597
3 5516 5597 5517
3 5517 5597 5598
3 5517 5598 5518
3 5518 5598 5599
3 5518 5599 5519
3 5519 5599 5520
3 5519 5520 5440
3 5520 5600 5601
3 5520 5601 5521
3 5521 5601 5602
3 5521 5602 5522
3 5522 5602 5603
3 5522 5603 5523
3 5523 5603 5604
3 5523 5604 5524
3 5524 5604 5605
3 5524 5605 5525
3 5525 5605 5606
3 5525 5606 5526
3 5526 5606 5607
3 5526 5607 5527
3 5527 5607 5608
3 5527 5608 5528
3 5528 5608 5609
3 5528 5609 5529
3 5529 5609 5610
3 5529 5610 5530
3 5530 5610 5611
3 5530 5611 5531
3 5531 5611 5612
3 5531 5612 5532
3 5532 5612 5613
3 5532 5613 5533
3 5533 5613 5614
3 5533 5614 5534
3 5534 5614 5615
3 5534 5615 5535
3 5535 5615 5616
3 5535 5616 5536
3 5536 5616 5617
3 5536 5617 5537
3 5537 5617 5618
3 5537 5618 5538
3 5538 5618 5619
3 5538 5619 5539
3 5539 5619 5620
3 5539 5620 5540
3 5540 5620 5621
3 5540 5621 5541
3 5541 5621 5622
3 5541 5622 5542
3 5542 5622 5623
3 5542 5623 5543
3 5543 5623 5624
3 5543 5624 5544
3 5544 5624 5625
3 5544 5625 5545
3 5545 5625 5626
3 5545 5626 5546
3 5546 5626 5627
3 5546 5627 5547
3 5547 5627 5628
3 5547 5628 5548
3 5548 5628 5629
3 5548 5629 5549
3 5549 5629 5630
3 5549 5630 5550
3 5550 5630 5631
3 5550 5631 5551
3 5551 5631 5632
3 5551 5632 5552
3 5552 5632 5633
3 5552 5633 5553
3 5553 5633 5634
3 5553 5634 5554
3 5554 5634 5635
3 5554 5635 5555
3 5555 5635 5636
3 5555 5636 5556
3 5556 5636 5637
3 5556 5637 5557
3 5557 5637 5638
3 5557 5638 5558
3 5558 5638 5639
3 5558 5639 5559
3 5559 5639 5640
3 5559 5640 5560
3 5560 5640 5641
3 5560 5641 5561
3 5561 5641 5642
3 5561 5642 5562
3 5562 5642 5643
3 5562 5643 5563
3 5563 5643 5644
3 5563 5644 5564
3 5564 5644 5645
3 5564 5645 5565
3 5565 5645 5646
3 5565 5646 5566
3 5566 5646 5647
3 5566 5647 5567
3 5567 5647 5648
3 5567 5648 5568
3 5568 5648 5649
3 5568 5649 5569
3 5569 5649 5650
3 5569 5650 5570
3 5570 5650 5651
3 5570 5651 5571
3 5571 5651 5652
3 5571 5652 5572
3 5572 5652 5653
3 5572 5653 5573
3 5573 5653 5654
3 5573 5654 5574
3 5574 5654 5655
3 5574 5655 5575
3 5575 5655 5656
3 5575 5656 5576
3 5576 5656 5657
3 5576 5657 5577
3 5577 5657 5658
3 5577 5658 5578
3 5578 5658 5659
3 5578 5659 5579
3 5579 5659 5660
3 5579 5660 5580
3 5580 5660 5661
3 5580 5661 5581
3 5581 5661 5662
3 5581 5662 5582
3 5582 5662 5663
3 5582 5663 5583
3 5583 5663 5664
3 5583 5664 5584
3 5584 5664 5665
3 5584 5665 5585
3 5585 5665 5666
3 5585 5666 5586
3 5586 5666 5667
3 5586 5667 5587
3 5587 5667 5668
3 5587 5668 5588
3 5588 5668 5669
3 5588 5669 5589
3 5589 5669 5670
3 5589 5670 5590
3 5590 5670 5671
3 5590 5671 5591
3 5591 5671 5672
3 5591 5672 5592
3 5592 5672 5673
3 5592 5673 5593
3 5593 5673 5674
3 5593 5674 5594
3 5594 5674 5675
3 5594 5675 5595
3 5595 5675 5676
3 5595 5676 5596
3 5596 5676 5677
3 5596 5677 5597
3 5597 5677 5678
3 5597 5678 5598
3 5598 5678 5679
3 5598 5679 5599
3 5599 5679 5600
3 5599 5600 5520
3 5600 5680 5681
3 5600 5681 5601
3 5601 5681 5682
3 5601 5682 5602
3 5602 5682 5683
3 5602 5683 5603
3 5603 5683 5684
3 5603 5684 5604
3 5604 5684 5685
3 5604 5685 5605
3 5605 5685 5686
3 5605 5686 5606
3 5606 5686 5687
3 5606 5687 5607
3 5607 5687 5688
3 5607 5688 5608
3 5608 5688 5689
3 5608 5689 5609
3 5609 5689 5690
3 5609 5690 5610
3 5610 5690 5691
3 5610 5691 5611
3 5611 5691 5692
3 5611 5692 5612
3 5612 5692 5693
3 5612 5693 5613
3 5613 5693 5694
3 5613 5694 5614
3 5614 5694 5695
3 5614 5695 5615
3 5615 5695 5696
3 5615 5696 5616
3 5616 5696 5697
3 5616 5697 5617
3 5617 5697 5698
3 5617 5698 5618
3 5618 5698 5699
3 5618 5699 5619
3 5619 5699 5700
3 5619 5700 5620
3 5620 5700 5701
3 5620 5701 5621
3 5621 5701 5702
3 5621 5702 5622
3 5622 5702 5703
3 5622 5703 5623
3 5623 5703 5704
3 5623 5704 5624
3 5624 5704 5705
3 5624 5705 5625
3 5625 5705 5706
3 5625 5706 5626
3 5626 5706 5707
3 5626 5707 5627
3 5627 5707 5708
3 5627 5708 5628
3 5628 5708 5709
3 5628 5709 5629
3 5629 5709 5710
3 5629 5710 5630
3 5630 5710 5711
3 5630 5711 5631
3 5631 5711 5712
3 5631 5712 5632
3 5632 5712 5713
3 5632 5713 5633
3 5633 5713 5714
3 5633 5714 5634
3 5634 5714 5715
3 5634 5715 5635
3 5635 5715 5716
3 5635 5716 5636
3 5636 5716 5717
3 5636 5717 5637
3 5637 5717 5718
3 5637 5718 5638
3 5638 5718 5719
3 5638 5719 5639
3 5639 5719 5720
3 5639 5720 5640
3 5640 5720 5721
3 5640 5721 5641
3 5641 5721 5722
3 5641 5722 5642
3 5642 5722 5723
3 5642 5723 5643
3 5643 5723 5724
3 5643 5724 5644
3 5644 5724 5725
3 5644 5725 5645
3 5645 5725 5726
3 5645 5726 5646
3 5646 5726 5727
3 5646 5727 5647
3 5647 5727 5728
3 5647 5728 5648
3 5648 5728 5729
3 5648 5729 5649
3 5649 5729 5730
3 5649 5730 5650
3 5650 5730 5731
3 5650 5731 5651
3 5651 5731 5732
3 5651 5732 5652
3 5652 5732 5733
3 5652 5733 5653
3 5653 5733 5734
3 5653 5734 5654
3 5654 5734 5735
3 5654 5735 5655
3 5655 5735 5736
3 5655 5736 5656
3 5656 5736 5737
3 5656 5737 5657
3 5657 5737 5738
3 5657 5738 5658
3 5658 5738 5739
3 5658 5739 5659
3 5659 5739 5740
3 5659 5740 5660
3 5660 5740 5741
3 5660 5741 5661
3 5661 5741 5742
3 5661 5742 5662
3 5662 5742 5743
3 5662 5743 5663
3 5663 5743 5744
3 5663 5744 5664
3 5664 5744 5745
3 5664 5745 5665
3 5665 5745 5746
3 5665 5746 5666
3 5666 5746 5747
3 5666 5747 5667
3 5667 5747 5748
3 5667 5748 5668
3 5668 5748 5749
3 5668 5749 5669
3 5669 5749 5750
3 5669 5750 5670
3 5670 5750 5751
3 5670 5751 5671
3 5671 5751 5752
3 5671 5752 5672
3 5672 5752 5753
3 5672 5753 5673
3 5673 5753 5754
3 5673 5754 5674
3 5674 5754 5755
3 5674 5755 5675
3 5675 5755 5756
3 5675 5756 5676
3 5676 5756 5757
3 5676 5757 5677
3 5677 5757 5758
3 5677 5758 5678
3 5678 5758 5759
3 5678 5759 5679
3 5679 5759 5680
3 5679 5680 5600
3 5680 5760 5761
3 5680 5761 5681
3 5681 5761 5762
3 5681 5762 5682
3 5682 5762 5763
3 5682 5763 5683
3 5683 5763 5764
3 5683 5764 5684
3 5684 5764 5765
3 5684 5765 5685
3 5685 5765 5766
3 5685 5766 5686
3 5686 5766 5767
3 5686 5767 5687
3 5687 5767 5768
3 5687 5768 5688
3 5688 5768 5769
3 5688 5769 5689
3 5689 5769 5770
3 5689 5770 5690
3 5690 5770 5771
3 5690 5771 5691
3 5691 5771 5772
3 5691 5772 5692
3 5692 5772 5773
3 5692 5773 5693
3 5693 5773 5774
3 5693 5774 5694
3 5694 5774 5775
3 5694 5775 5695
3 5695 5775 5776
3 5695 5776 5696
3 5696 5776 5777
3 5696 5777 5697
3 5697 5777 5778
3 5697 5778 5698
3 5698 5778 5779
3 5698 5779 5699
3 5699 5779 5780
3 5699 5780 5700
3 5700 5780 5781
3 5700 5781 5701
3 5701 5781 5782
3 5701 5782 5702
3 5702 5782 5783
3 5702 5783 5703
3 5703 5783 5784
3 5703 5784 5704
3 5704 5784 5785
3 5704 5785 5705
3 5705 5785 5786
3 5705 5786 5706
3 5706 5786 5787
3 5706 5787 5707
3 5707 5787 5788
3 5707 5788 5708
3 5708 5788 5789
3 5708 5789 5709
3 5709 5789 5790
3 5709 5790 5710
3 5710 5790 5791
3 5710 5791 5711
3 5711 5791 5792
3 5711 5792 5712
3 5712 5792 5793
3 5712 5793 5713
3 5713 5793 5794
3 5713 5794 5714
3 5714 5794 5795
3 5714 5795 5715
3 5715 5795 5796
3 5715 5796 5716
3 5716 5796 5797
3 5716 5797 5717
3 5717 5797 5798
3 5717 5798 5718
3 5718 5798 5799
3 5718 5799 5719
3 5719 5799 5800
3 5719 5800 5720
3 5720 5800 5801
3 5720 5801 5721
3 5721 5801 5802
3 5721 5802 5722
3 5722 5802 5803
3 5722 5803 5723
3 5723 5803 5804
3 5723 5804 5724
3 5724 5804 5805
3 5724 5805 5725
3 5725 5805 5806
3 5725 5806 5726
3 5726 5806 5807
3 5726 5807 5727
3 5727 5807 5808
3 5727 5808 5728
3 5728 5808 5809
3 5728 5809 5729
3 5729 5809 5810
3 5729 5810 5730
3 5730 5810 5811
3 5730 5811 5731
3 5731 5811 5812
3 5731 5812 5732
3 5732 5812 5813
3 5732 5813 5733
3 5733 5813 5814
3 5733 5814 5734
3 5734 5814 5815
3 5734 5815 5735
3 5735 5815 5816
3 5735 5816 5736
3 5736 5816 5817
3 5736 5817 5737
3 5737 5817 5818
3 5737 5818 5738
3 5738 5818 5819
3 5738 5819 5739
3 5739 5819 5820
3 5739 5820 5740
3 5740 5820 5821
3 5740 5821 5741
3 5741 5821 5822
3 5741 5822 5742
3 5742 5822 5823
3 5742 5823 5743
3 5743 5823 5824
3 5743 5824 5744
3 5744 5824 5825
3 5744 5825 5745
3 5745 5825 5826
3 5745 5826 5746
3 5746 5826 5827
3 5746 5827 5747
3 5747 5827 5828
3 5747 5828 5748
3 5748 5828 5829
3 5748 5829 5749
3 5749 5829 5830
3 5749 5830 5750
3 5750 5830 5831
3 5750 5831 5751
3 5751 5831 5832
3 5751 5832 5752
3 5752 5832 5833
3 5752 5833 5753
3 5753 5833 5834
3 5753 5834 5754
3 5754 5834 5835
3 5754 5835 5755
3 5755 5835 5836
3 5755 5836 5756
3 5756 5836 5837
3 5756 5837 5757
3 5757 5837 5838
3 5757 5838 5758
3 5758 5838 5839
3 5758 5839 5759
3 5759 5839 5760
3 5759 5760 5680
3 5760 5840 5841
3 5760 5841 5761
3 5761 5841 5842
3 5761 5842 5762
3 5762 5842 5843
3 5762 5843 5763
3 5763 5843 5844
3 5763 5844 5764
3 5764 5844 5845
3 5764 5845 5765
3 5765 5845 5846
3 5765 5846 5766
3 5766 5846 5847
3 5766 5847 5767
3 5767 5847 5848
3 5767 5848 5768
3 5768 5848 5849
3 5768 5849 5769
3 5769 5849 5850
3 5769 5850 5770
3 5770 5850 5851
3 5770 5851 5771
3 5771 5851 5852
3 5771 5852 5772
3 5772 5852 5853
3 5772 5853 5773
3 5773 5853 5854
3 5773 5854 5774
3 5774 5854 5855
3 5774 5855 5775
3 5775 5855 5856
3 5775 5856 5776
3 5776 5856 5857
3 5776 5857 5777
3 5777 5857 5858
3 5777 5858 5778
3 5778 5858 5859
3 5778 5859 5779
3 5779 5859 5860
3 5779 5860 5780
3 5780 5860 5861
3 5780 5861 5781
3 5781 5861 5862
3 5781 5862 5782
3 5782 5862 5863
3 5782 5863 5783
3 5783 5863 5864
3 5783 5864 5784
3 5784 5864 5865
3 5784 5865 5785
3 5785 5865 5866
3 5785 5866 5786
3 5786 5866 5867
3 5786 5867 5787
3 5787 5867 5868
3 5787 5868 5788
3 5788 5868 5869
3 5788 5869 5789
3 5789 5869 5870
3 5789 5870 5790
3 5790 5870 5871
3 5790 5871 5791
3 5791 5871 5872
3 5791 5872 5792
3 5792 5872 5873
3 5792 5873 5793
3 5793 5873 5874
3 5793 5874 5794
3 5794 5874 5875
3 5794 5875 5795
3 5795 5875 5876
3 5795 5876 5796
3 5796 5876 5877
3 5796 5877 5797
3 5797 5877 5878
3 5797 5878 5798
3 5798 5878 5879
3 5798 5879 5799
3 5799 5879 5880
3 5799 5880 5800
3 5800 5880 5881
3 5800 5881 5801
3 5801 5881 5882
3 5801 5882 5802
3 5802 5882 5883
3 5802 5883 5803
3 5803 5883 5884
3 5803 5884 5804
3 5804 5884 5885
3 5804 5885 5805
3 5805 5885 5886
3 5805 5886 5806
3 5806 5886 5887
3 5806 5887 5807
3 5807 5887 5888
3 5807 5888 5808
3 5808 5888 5889
3 5808 5889 5809
3 5809 5889 5890
3 5809 5890 5810
3 5810 5890 5891
3 5810 5891 5811
3 5811 5891 5892
3 5811 5892 5812
3 5812 5892 5893
3 5812 5893 5813
3 5813 5893 5894
3 5813 5894 5814
3 5814 5894 5895
3 5814 5895 5815
3 5815 5895 5896
3 5815 5896 5816
3 5816 5896 5897
3 5816 5897 5817
3 5817 5897 5898
3 5817 5898 5818
3 5818 5898 5899
3 5818 5899 5819
3 5819 5899 5900
3 5819 5900 5820
3 5820 5900 5901
3 5820 5901 5821
3 5821 5901 5902
3 5821 5902 5822
3 5822 5902 5903
3 5822 5903 5823
3 5823 5903 5904
3 5823 5904 5824
3 5824 5904 5905
3 5824 5905 5825
3 5825 5905 5906
3 5825 5906 5826
3 5826 5906 5907
3 5826 5907 5827
3 5827 5907 5908
3 5827 5908 5828
3 5828 5908 5909
3 5828 5909 5829
3 5829 5909 5910
3 5829 5910 5830
3 5830 5910 5911
3 5830 5911 5831
3 5831 5911 5912
3 5831 5912 5832
3 5832 5912 5913
3 5832 5913 5833
3 5833 5913 5914
3 5833 5914 5834
3 5834 5914 5915
3 5834 5915 5835
3 5835 5915 5916
3 5835 5916 5836
3 5836 5916 5917
3 5836 5917 5837
3 5837 5917 5918
3 5837 5918 5838
3 5838 5918 5919
3 5838 5919 5839
3 5839 5919 5840
3 5839 5840 5760
3 5840 5920 5921
3 5840 5921 5841
3 5841 5921 5922
3 5841 5922 5842
3 5842 5922 5923
3 5842 5923 5843
3 5843 5923 5924
3 5843 5924 5844
3 5844 5924 5925
3 5844 5925 5845
3 5845 5925 5926
3 5845 5926 5846
3 5846 5926 5927
3 5846 5927 5847
3 5847 5927 5928
3 5847 5928 5848
3 5848 5928 5929
3 5848 5929 5849
3 5849 5929 5930
3 5849 5930 5850
3 5850 5930 5931
3 5850 5931 5851
3 5851 5931 5932
3 5851 5932 5852
3 5852 5932 5933
3 5852 5933 5853
3 5853 5933 5934
3 5853 5934 5854
3 5854 5934 5935
3 5854 5935 5855
3 5855 5935 5936
3 5855 5936 5856
3 5856 5936 5937
3 5856 5937 5857
3 5857 5937 5938
3 5857 5938 5858
3 5858 5938 5939
3 5858 5939 5859
3 5859 5939 5940
3 5859 5940 5860
3 5860 5940 5941
3 5860 5941 5861
3 5861 5941 5942
3 5861 5942 5862
3 5862 5942 5943
3 5862 5943 5863
3 5863 5943 5944
3 5863 5944 5864
3 5864 5944 5945
3 5864 5945 5865
3 5865 5945 5946
3 5865 5946 5866
3 5866 5946 5947
3 5866 5947 5867
3 5867 5947 5948
3 5867 5948 5868
3 5868 5948 5949
3 5868 5949 5869
3 5869 5949 5950
3 5869 5950 5870
3 5870 5950 5951
3 5870 5951 5871
3 5871 5951 5952
3 5871 5952 5872
3 5872 5952 5953
3 5872 5953 5873
3 5873 5953 5954
3 5873 5954 5874
3 5874 5954 5955
3 5874 5955 5875
3 5875 5955 5956
3 5875 5956 5876
3 5876 5956 5957
3 5876 5957 5877
3 5877 5957 5958
3 5877 5958 5878
3 5878 5958 5959
3 5878 5959 5879
3 5879 5959 5960
3 5879 5960 5880
3 5880 5960 5961
3 5880 5961 5881
3 5881 5961 5962
3 5881 5962 5882
3 5882 5962 5963
3 5882 5963 5883
3 5883 5963 5964
3 5883 5964 5884
3 5884 5964 5965
3 5884 5965 5885
3 5885 5965 5966
3 5885 5966 5886
3 5886 5966 5967
3 5886 5967 5887
3 5887 5967 5968
3 5887 5968 5888
3 5888 5968 5969
3 5888 5969 5889
3 5889 5969 5970
3 5889 5970 5890
3 5890 5970 5971
3 5890 5971 5891
3 5891 5971 5972
3 5891 5972 5892
3 5892 5972 5973
3 5892 5973 5893
3 5893 5973 5974
3 5893 5974 5894
3 5894 5974 5975
3 5894 5975 5895
3 5895 5975 5976
3 5895 5976 5896
3 5896 5976 5977
3 5896 5977 5897
3 5897 5977 5978
3 5897 5978 5898
3 5898 5978 5979
3 5898 5979 5899
3 5899 5979 5980
3 5899 5980 5900
3 5900 5980 5981
3 5900 5981 5901
3 5901 5981 5982
3 5901 5982 5902
3 5902 5982 5983
3 5902 5983 5903
3 5903 5983 5984
3 5903 5984 5904
3 5904 5984 5985
3 5904 5985 5905
3 5905 5985 5986
3 5905 5986 5906
3 5906 5986 5987
3 5906 5987 5907
3 5907 5987 5988
3 5907 5988 5908
3 5908 5988 5989
3 5908 5989 5909
3 5909 5989 5990
3 5909 5990 5910
3 5910 5990 5991
3 5910 5991 5911
3 5911 5991 5992
3 5911 5992 5912
3 5912 5992 5993
3 5912 5993 5913
3 5913 5993 5994
3 5913 5994 5914
3 5914 5994 5995
3 5914 5995 5915
3 5915 5995 5996
3 5915 5996 5916
3 5916 5996 5997
3 5916 5997 5917
3 5917 5997 5998
3 5917 5998 5918
3 5918 5998 5999
3 5918 5999 5919
3 5919 5999 5920
3 5919 5920 5840
3 5920 6000 6001
3 5920 6001 5921
3 5921 6001 6002
3 5921 6002 5922
3 5922 6002 6003
3 5922 6003 5923
3 5923 6003 6004
3 5923 6004 5924
3 5924 6004 6005
3 5924 6005 5925
3 5925 6005 6006
3 5925 6006 5926
3 5926 6006 6007
3 5926 6007 5927
3 5927 6007 6008
3 5927 6008 5928
3 5928 6008 6009
3 5928 6009 5929
3 5929 6009 6010
3 5929 6010 5930
3 5930 6010 6011
3 5930 6011 5931
3 5931 6011 6012
3 5931 6012 5932
3 5932 6012 6013
3 5932 6013 5933
3 5933 6013 6014
3 5933 6014 5934
3 5934 6014 6015
3 5934 6015 5935
3 5935 6015 6016
3 5935 6016 5936
3 5936 6016 6017
3 5936 6017 5937
3 5937 6017 6018
3 5937 6018 5938
3 5938 6018 6019
3 5938 6019 5939
3 5939 6019 6020
3 5939 6020 5940
3 5940 6020 6021
3 5940 6021 5941
3 5941 6021 6022
3 5941 6022 5942
3 5942 6022 6023
3 5942 6023 5943
3 5943 6023 6024
3 5943 6024 5944
3 5944 6024 6025
3 5944 6025 5945
3 5945 6025 6026
3 5945 6026 5946
3 5946 6026 6027
3 5946 6027 5947
3 5947 6027 6028
3 5947 6028 5948
3 5948 6028 6029
3 5948 6029 5949
3 5949 6029 6030
3 5949 6030 5950
3 5950 6030 6031
3 5950 6031 5951
3 5951 6031 6032
3 5951 6032 5952
3 5952 6032 6033
3 5952 6033 5953
3 5953 6033 6034
3 5953 6034 5954
3 5954 6034 6035
3 5954 6035 5955
3 5955 6035 6036
3 5955 6036 5956
3 5956 6036 6037
3 5956 6037 5957
3 5957 6037 6038
3 5957 6038 5958
3 5958 6038 6039
3 5958 6039 5959
3 5959 6039 6040
3 5959 6040 5960
3 5960 6040 6041
3 5960 6041 5961
3 5961 6041 6042
3 5961 6042 5962
3 5962 6042 6043
3 5962 6043 5963
3 5963 6043 6044
3 5963 6044 5964
3 5964 6044 6045
3 5964 6045 5965
3 5965 6045 6046
3 5965 6046 5966
3 5966 6046 6047
3 5966 6047 5967
3 5967 6047 6048
3 5967 6048 5968
3 5968 6048 6049
3 5968 6049 5969
3 5969 6049 6050
3 5969 6050 5970
3 5970 6050 6051
3 5970 6051 5971
3 5971 6051 6052
3 5971 6052 5972
3 5972 6052 6053
3 5972 6053 5973
3 5973 6053 6054
3 5973 6054 5974
3 5974 6054 6055
3 5974 6055 5975
3 5975 6055 6056
3 5975 6056 5976
3 5976 6056 6057
3 5976 6057 5977
3 5977 6057 6058
3 5977 6058 5978
3 5978 6058 6059
3 5978 6059 5979
3 5979 6059 6060
3 5979 6060 5980
3 5980 6060 6061
3 5980 6061 5981
3 5981 6061 6062
3 5981 6062 5982
3 5982 6062 6063
3 5982 6063 5983
3 5983 6063 6064
3 5983 6064 5984
3 5984 6064 6065
3 5984 6065 5985
3 5985 6065 6066
3 5985 6066 5986
3 5986 6066 6067
3 5986 6067 5987
3 5987 6067 6068
3 5987 6068 5988
3 5988 6068 6069
3 5988 6069 5989
3 5989 6069 6070
3 5989 6070 5990
3 5990 6070 6071
3 5990 6071 5991
3 5991 6071 6072
3 5991 6072 5992
3 5992 6072 6073
3 5992 6073 5993
3 5993 6073 6074
3 5993 6074 5994
3 5994 6074 6075
3 5994 6075 5995
3 5995 6075 6076
3 5995 6076 5996
3 5996 6076 6077
3 5996 6077 5997
3 5997 6077 6078
3 5997 6078 5998
3 5998 6078 6079
3 5998 6079 5999
3 5999 6079 6000
3 5999 6000 5920
3 6000 6080 6081
3 6000 6081 6001
3 6001 6081 6082
3 6001 6082 6002
3 6002 6082 6083
3 6002 6083 6003
3 6003 6083 6084
3 6003 6084 6004
3 6004 6084 6085
3 6004 6085 6005
3 6005 6085 6086
3 6005 6086 6006
3 6006 6086 6087
3 6006 6087 6007
3 6007 6087 6088
3 6007 6088 6008
3 6008 6088 6089
3 6008 6089 6009
3 6009 6089 6090
3 6009 6090 6010
3 6010 6090 6091
3 6010 6091 6011
3 6011 6091 6092
3 6011 6092 6012
3 6012 6092 6093
3 6012 6093 6013
3 6013 6093 6094
3 6013 6094 6014
3 6014 6094 6095
3 6014 6095 6015
3 6015 6095 6096
3 6015 6096 6016
3 6016 6096 6097
3 6016 6097 6017
3 6017 6097 6098
3 6017 6098 6018
3 6018 6098 6099
3 6018 6099 6019
3 6019 6099 6100
3 6019 6100 6020
3 6020 6100 6101
3 6020 6101 6021
3 6021 6101 6102
3 6021 6102 6022
3 6022 6102 6103
3 6022 6103 6023
3 6023 6103 6104
3 6023 6104 6024
3 6024 6104 6105
3 6024 6105 6025
3 6025 6105 6106
3 6025 6106 6026
3 6026 6106 6107
3 6026 6107 6027
3 6027 6107 6108
3 6027 6108 6028
3 6028 6108 6109
3 6028 6109 6029
3 6029 6109 6110
3 6029 6110 6030
3 6030 6110 6111
3 6030 6111 6031
3 6031 6111 6112
3 6031 6112 6032
3 6032 6112 6113
3 6032 6113 6033
3 6033 6113 6114
3 6033 6114 6034
3 6034 6114 6115
3 6034 6115 6035
3 6035 6115 6116
3 6035 6116 6036
3 6036 6116 6117
3 6036 6117 6037
3 6037 6117 6118
3 6037 6118 6038
3 6038 6118 6119
3 6038 6119 6039
3 6039 6119 6120
3 6039 6120 6040
3 6040 6120 6121
3 6040 6121 6041
3 6041 6121 6122
3 6041 6122 6042
3 6042 6122 6123
3 6042 6123 6043
3 6043 6123 6124
3 6043 6124 6044
3 6044 6124 6125
3 6044 6125 6045
3 6045 6125 6126
3 6045 6126 6046
3 6046 6126 6127
3 6046 6127 6047
3 6047 6127 6128
3 6047 6128 6048
3 6048 6128 6129
3 6048 6129 6049
3 6049 6129 6130
3 6049 6130 6050
3 6050 6130 6131
3 6050 6131 6051
3 6051 6131 6132
3 6051 6132 6052
3 6052 6132 6133
3 6052 6133 6053
3 6053 6133 6134
3 6053 6134 6054
3 6054 6134 6135
3 6054 6135 6055
3 6055 6135 6136
3 6055 6136 6056
3 6056 6136 6137
3 6056 6137 6057
3 6057 6137 6138
3 6057 6138 6058
3 6058 6138 6139
3 6058 6139 6059
3 6059 6139 6140
3 6059 6140 6060
3 6060 6140 6141
3 6060 6141 6061
3 6061 6141 6142
3 6061 6142 6062
3 6062 6142 6143
3 6062 6143 6063
3 6063 6143 6144
3 6063 6144 6064
3 6064 6144 6145
3 6064 6145 6065
3 6065 6145 6146
3 6065 6146 6066
3 6066 6146 6147
3 6066 6147 6067
3 6067 6147 6148
3 6067 6148 6068
3 6068 6148 6149
3 6068 6149 6069
3 6069 6149 6150
3 6069 6150 6070
3 6070 6150 6151
3 6070 6151 6071
3 6071 6151 6152
3 6071 6152 6072
3 6072 6152 6153
3 6072 6153 6073
3 6073 6153 6154
3 6073 6154 6074
3 6074 6154 6155
3 6074 6155 6075
3 6075 6155 6156
3 6075 6156 6076
3 6076 6156 6157
3 6076 6157 6077
3 6077 6157 6158
3 6077 6158 6078
3 6078 6158 6159
3 6078 6159 6079
3 6079 6159 6080
3 6079 6080 6000
3 6080 6160 6161
3 6080 6161 6081
3 6081 6161 6162
3 6081 6162 6082
3 6082 6162 6163
3 6082 6163 6083
3 6083 6163 6164
3 6083 6164 6084
3 6084 6164 6165
3 6084 6165 6085
3 6085 6165 6166
3 6085 6166 6086
3 6086 6166 6167
3 6086 6167 6087
3 6087 6167 6168
3 6087 6168 6088
3 6088 6168 6169
3 6088 6169 6089
3 6089 6169 6170
3 6089 6170 6090
3 6090 6170 6171
3 6090 6171 6091
3 6091 6171 6172
3 6091 6172 6092
3 6092 6172 6173
3 6092 6173 6093
3 6093 6173 6174
3 6093 6174 6094
3 6094 6174 6175
3 6094 6175 6095
3 6095 6175 6176
3 6095 6176 6096
3 6096 6176 6177
3 6096 6177 6097
3 6097 6177 6178
3 6097 6178 6098
3 6098 6178 6179
3 6098 6179 6099
3 6099 6179 6180
3 6099 6180 6100
3 6100 6180 6181
3 6100 6181 6101
3 6101 6181 6182
3 6101 6182 6102
3 6102 6182 6183
3 6102 6183 6103
3 6103 6183 6184
3 6103 6184 6104
3 6104 6184 6185
3 6104 6185 6105
3 6105 6185 6186
3 6105 6186 6106
3 6106 6186 6187
3 6106 6187 6107
3 6107 6187 6188
3 6107 6188 6108
3 6108 6188 6189
3 6108 6189 6109
3 6109 6189 6190
3 6109 6190 6110
3 6110 6190 6191
3 6110 6191 6111
3 6111 6191 6192
3 6111 6192 6112
3 6112 6192 6193
3 6112 6193 6113
3 6113 6193 6194
3 6113 6194 6114
3 6114 6194 6195
3 6114 6195 6115
3 6115 6195 6196
3 6115 6196 6116
3 6116 6196 6197
3 6116 6197 6117
3 6117 6197 6198
3 6117 6198 6118
3 6118 6198 6199
3 6118 6199 6119
3 6119 6199 6200
3 6119 6200 6120
3 6120 6200 6201
3 6120 6201 6121
3 6121 6201 6202
3 6121 6202 6122
3 6122 6202 6203
3 6122 6203 6123
3 6123 6203 6204
3 6123 6204 6124
3 6124 6204 6205
3 6124 6205 6125
3 6125 6205 6206
3 6125 6206 6126
3 6126 6206 6207
3 6126 6207 6127
3 6127 6207 6208
3 6127 6208 6128
3 6128 6208 6209
3 6128 6209 6129
3 6129 6209 6210
3 6129 6210 6130
3 6130 6210 6211
3 6130 6211 6131
3 6131 6211 6212
3 6131 6212 6132
3 6132 6212 6213
3 6132 6213 6133
3 6133 6213 6214
3 6133 6214 6134
3 6134 6214 6215
3 6134 6215 6135
3 6135 6215 6216
3 6135 6216 6136
3 6136 6216 6217
3 6136 6217 6137
3 6137 6217 6218
3 6137 6218 6138
3 6138 6218 6219
3 6138 6219 6139
3 6139 6219 6220
3 6139 6220 6140
3 6140 6220 6221
3 6140 6221 6141
3 6141 6221 6222
3 6141 6222 6142
3 6142 6222 6223
3 6142 6223 6143
3 6143 6223 6224
3 6143 6224 6144
3 6144 6224 6225
3 6144 6225 6145
3 6145 6225 6226
3 6145 6226 6146
3 6146 6226 6227
3 6146 6227 6147
3 6147 6227 6228
3 6147 6228 6148
3 6148 6228 6229
3 6148 6229 6149
3 6149 6229 6230
3 6149 6230 6150
3 6150 6230 6231
3 6150 6231 6151
3 6151 6231 6232
3 6151 6232 6152
3 6152 6232 6233
3 6152 6233 6153
3 6153 6233 6234
3 6153 6234 6154
3 6154 6234 6235
3 6154 6235 6155
3 6155 6235 6236
3 6155 6236 6156
3 6156 6236 6237
3 6156 6237 6157
3 6157 6237 6238
3 6157 6238 6158
3 6158 6238 6239
3 6158 6239 6159
3 6159 6239 6160
3 6159 6160 6080
3 6160 6240 6241
3 6160 6241 6161
3 6161 6241 6242
3 6161 6242 6162
3 6162 6242 6243
3 6162 6243 6163
3 6163 6243 6244
3 6163 6244 6164
3 6164 6244 6245
3 6164 6245 6165
3 6165 6245 6246
3 6165 6246 6166
3 6166 6246 6247
3 6166 6247 6167
3 6167 6247 6248
3 6167 6248 6168
3 6168 6248 6249
3 6168 6249 6169
3 6169 6249 6250
3 6169 6250 6170
3 6170 6250 6251
3 6170 6251 6171
3 6171 6251 6252
3 6171 6252 6172
3 6172 6252 6253
3 6172 6253 6173
3 6173 6253 6254
3 6173 6254 6174
3 6174 6254 6255
3 6174 6255 6175
3 6175 6255 6256
3 6175 6256 6176
3 6176 6256 6257
3 6176 6257 6177
3 6177 6257 6258
3 6177 6258 6178
3 6178 6258 6259
3 6178 6259 6179
3 6179 6259 6260
3 6179 6260 6180
3 6180 6260 6261
3 6180 6261 6181
3 6181 6261 6262
3 6181 6262 6182
3 6182 6262 6263
3 6182 6263 6183
3 6183 6263 6264
3 6183 6264 6184
3 6184 6264 6265
3 6184 6265 6185
3 6185 6265 6266
3 6185 6266 6186
3 6186 6266 6267
3 6186 6267 6187
3 6187 6267 6268
3 6187 6268 6188
3 6188 6268 6269
3 6188 6269 6189
3 6189 6269 6270
3 6189 6270 6190
3 6190 6270 6271
3 6190 6271 6191
3 6191 6271 6272
3 6191 6272 6192
3 6192 6272 6273
3 6192 6273 6193
3 6193 6273 6274
3 6193 6274 6194
3 6194 6274 6275
3 6194 6275 6195
3 6195 6275 6276
3 6195 6276 6196
3 6196 6276 6277
3 6196 6277 6197
3 6197 6277 6278
3 6197 6278 6198
3 6198 6278 6279
3 6198 6279 6199
3 6199 6279 6280
3 6199 6280 6200
3 6200 6280 6281
3 6200 6281 6201
3 6201 6281 6282
3 6201 6282 6202
3 6202 6282 6283
3 6202 6283 6203
3 6203 6283 6284
3 6203 6284 6204
3 6204 6284 6285
3 6204 6285 6205
3 6205 6285 6286
3 6205 6286 6206
3 6206 6286 6287
3 6206 6287 6207
3 6207 6287 6288
3 6207 6288 6208
3 6208 6288 6289
3 6208 6289 6209
3 6209 6289 6290
3 6209 6290 6210
3 6210 6290 6291
3 6210 6291 6211
3 6211 6291 6292
3 6211 6292 6212
3 6212 6292 6293
3 6212 6293 6213
3 6213 6293 6294
3 6213 6294 6214
3 6214 6294 6295
3 6214 6295 6215
3 6215 6295 6296
3 6215 6296 6216
3 6216 6296 6297
3 6216 6297 6217
3 6217 6297 6298
3 6217 6298 6218
3 6218 6298 6299
3 6218 6299 6219
3 6219 6299 6300
3 6219 6300 6220
3 6220 6300 6301
3 6220 6301 6221
3 6221 6301 6302
3 6221 6302 6222
3 6222 6302 6303
3 6222 6303 6223
3 6223 6303 6304
3 6223 6304 6224
3 6224 6304 6305
3 6224 6305 6225
3 6225 6305 6306
3 6225 6306 6226
3 6226 6306 6307
3 6226 6307 6227
3 6227 6307 6308
3 6227 6308 6228
3 6228 6308 6309
3 6228 6309 6229
3 6229 6309 6310
3 6229 6310 6230
3 6230 6310 6311
3 6230 6311 6231
3 6231 6311 6312
3 6231 6312 6232
3 6232 6312 6313
3 6232 6313 6233
3 6233 6313 6314
3 6233 6314 6234
3 6234 6314 6315
3 6234 6315 6235
3 6235 6315 6316
3 6235 6316 6236
3 6236 6316 6317
3 6236 6317 6237
3 6237 6317 6318
3 6237 6318 6238
3 6238 6318 6319
3 6238 6319 6239
3 6239 6319 6240
3 6239 6240 6160
3 6240 6320 6321
3 6240 6321 6241
3 6241 6321 6322
3 6241 6322 6242
3 6242 6322 6323
3 6242 6323 6243
3 6243 6323 6324
3 6243 6324 6244
3 6244 6324 6325
3 6244 6325 6245
3 6245 6325 6326
3 6245 6326 6246
3 6246 6326 6327
3 6246 6327 6247
3 6247 6327 6328
3 6247 6328 6248
3 6248 6328 6329
3 6248 6329 6249
3 6249 6329 6330
3 6249 6330 6250
3 6250 6330 6331
3 6250 6331 6251
3 6251 6331 6332
3 6251 6332 6252
3 6252 6332 6333
3 6252 6333 6253
3 6253 6333 6334
3 6253 6334 6254
3 6254 6334 6335
3 6254 6335 6255
3 6255 6335 6336
3 6255 6336 6256
3 6256 6336 6337
3 6256 6337 6257
3 6257 6337 6338
3 6257 6338 6258
3 6258 6338 6339
3 6258 6339 6259
3 6259 6339 6340
3 6259 6340 6260
3 6260 6340 6341
3 6260 6341 6261
3 6261 6341 6342
3 6261 6342 6262
3 6262 6342 6343
3 6262 6343 6263
3 6263 6343 6344
3 6263 6344 6264
3 6264 6344 6345
3 6264 6345 6265
3 6265 6345 6346
3 6265 6346 6266
3 6266 6346 6347
3 6266 6347 6267
3 6267 6347 6348
3 6267 6348 6268
3 6268 6348 6349
3 6268 6349 6269
3 6269 6349 6350
3 6269 6350 6270
3 6270 6350 6351
3 6270 6351 6271
3 6271 6351 6352
3 6271 6352 6272
3 6272 6352 6353
3 6272 6353 6273
3 6273 6353 6354
3 6273 6354 6274
3 6274 6354 6355
3 6274 6355 6275
3 6275 6355 6356
3 6275 6356 6276
3 6276 6356 6357
3 6276 6357 6277
3 6277 6357 6358
3 6277 6358 6278
3 6278 6358 6359
3 6278 6359 6279
3 6279 6359 6360
3 6279 6360 6280
3 6280 6360 6361
3 6280 6361 6281
3 6281 6361 6362
3 6281 6362 6282
3 6282 6362 6363
3 6282 6363 6283
3 6283 6363 6364
3 6283 6364 6284
3 6284 6364 6365
3 6284 6365 6285
3 6285 6365 6366
3 6285 6366 6286
3 6286 6366 6367
3 6286 6367 6287
3 6287 6367 6368
3 6287 6368 6288
3 6288 6368 6369
3 6288 6369 6289
3 6289 6369 6370
3 6289 6370 6290
3 6290 6370 6371
3 6290 6371 6291
3 6291 6371 6372
3 6291 6372 6292
3 6292 6372 6373
3 6292 6373 6293
3 6293 6373 6374
3 6293 6374 6294
3 6294 6374 6375
3 6294 6375 6295
3 6295 6375 6376
3 6295 6376 6296
3 6296 6376 6377
3 6296 6377 6297
3 6297 6377 6378
3 6297 6378 6298
3 6298 6378 6379
3 6298 6379 6299
3 6299 6379 6380
3 6299 6380 6300
3 6300 6380 6381
3 6300 6381 6301
3 6301 6381 6382
3 6301 6382 6302
3 6302 6382 6383
3 6302 6383 6303
3 6303 6383 6384
3 6303 6384 6304
3 6304 6384 6385
3 6304 6385 6305
3 6305 6385 6386
3 6305 6386 6306
3 6306 6386 6387
3 6306 6387 6307
3 6307 6387 6388
3 6307 6388 6308
3 6308 6388 6389
3 6308 6389 6309
3 6309 6389 6390
3 6309 6390 6310
3 6310 6390 6391
3 6310 6391 6311
3 6311 6391 6392
3 6311 6392 6312
3 6312 6392 6393
3 6312 6393 6313
3 6313 6393 6394
3 6313 6394 6314
3 6314 6394 6395
3 6314 6395 6315
3 6315 6395 6396
3 6315 6396 6316
3 6316 6396 6397
3 6316 6397 6317
3 6317 6397 6398
3 6317 6398 6318
3 6318 6398 6399
3 6318 6399 6319
3 6319 6399 6320
3 6319 6320 6240
3 6320 0 1
3 6320 1 6321
3 6321 1 2
3 6321 2 6322
3 6322 2 3
3 6322 3 6323
3 6323 3 4
3 6323 4 6324
3 6324 4 5
3 6324 5 6325
3 6325 5 6
3 6325 6 6326
3 6326 6 7
3 6326 7 6327
3 6327 7 8
3 6327 8 6328
3 6328 8 9
3 6328 9 6329
3 6329 9 10
3 6329 10 6330
3 6330 10 11
3 6330 11 6331
3 6331 11 12
3 6331 12 6332
3 6332 12 13
3 6332 13 6333
3 6333 13 14
3 6333 14 6334
3 6334 14 15
3 6334 15 6335
3 6335 15 16
3 6335 16 6336
3 6336 16 17
3 6336 17 6337
3 6337 17 18
3 6337 18 6338
3 6338 18 19
3 6338 19 6339
3 6339 19 20
3 6339 20 6340
3 6340 20 21
3 6340 21 6341
3 6341 21 22
3 6341 22 6342
3 6342 22 23
3 6342 23 6343
3 6343 23 24
3 6343 24 6344
3 6344 24 25
3 6344 25 6345
3 6345 25 26
3 6345 26 6346
3 6346 26 27
3 6346 27 6347
3 6347 27 28
3 6347 28 6348
3 6348 28 29
3 6348 29 6349
3 6349 29 30
3 6349 30 6350
3 6350 30 31
3 6350 31 6351
3 6351 31 32
3 6351 32 6352
3 6352 32 33
3 6352 33 6353
3 6353 33 34
3 6353 34 6354
3 6354 34 35
3 6354 35 6355
3 6355 35 36
3 6355 36 6356
3 6356 36 37
3 6356 37 6357
3 6357 37 38
3 6357 38 6358
3 6358 38 39
3 6358 39 6359
3 6359 39 40
3 6359 40 6360
3 6360 40 41
3 6360 41 6361
3 6361 41 42
3 6361 42 6362
3 6362 42 43
3 6362 43 6363
3 6363 43 44
3 6363 44 6364
3 6364 44 45
3 6364 45 6365
3 6365 45 46
3 6365 46 6366
3 6366 46 47
3 6366 47 6367
3 6367 47 48
3 6367 48 6368
3 6368 48 49
3 6368 49 6369
3 6369 49 50
3 6369 50 6370
3 6370 50 51
3 6370 51 6371
3 6371 51 52
3 6371 52 6372
3 6372 52 53
3 6372 53 6373
3 6373 53 54
3 6373 54 6374
3 6374 54 55
3 6374 55 6375
3 6375 55 56
3 6375 56 6376
3 6376 56 57
3 6376 57 6377
3 6377 57 58
3 6377 58 6378
3 6378 58 59
3 6378 59 6379
3 6379 59 60
3 6379 60 6380
3 6380 60 61
3 6380 61 6381
3 6381 61 62
3 6381 62 6382
3 6382 62 63
3 6382 63 6383
3 6383 63 64
3 6383 64 6384
3 6384 64 65
3 6384 65 6385
3 6385 65 66
3 6385 66 6386
3 6386 66 67
3 6386 67 6387
3 6387 67 68
3 6387 68 6388
3 6388 68 69
3 6388 69 6389
3 6389 69 70
3 6389 70 6390
3 6390 70 71
3 6390 71 6391
3 6391 71 72
3 6391 72 6392
3 6392 72 73
3 6392 73 6393
3 6393 73 74
3 6393 74 6394
3 6394 74 75
3 6394 75 6395
3 6395 75 76
3 6395 76 6396
3 6396 76 77
3 6396 77 6397
3 6397 77 78
3 6397 78 6398
3 6398 78 79
3 6398 79 6399
3 6399 79 0
3 6399 0 6320
