ply
format ascii 1.0
element vertex 2400
property float x
property float y
property float z
element face 4800
property list uchar int vertex_indices
end_header
3.44932 0.02472 -0.00000
3.39465 -0.07899 -0.20128
3.23423 -0.16154 -0.34863
3.01105 -0.20080 -0.40256
2.78491 -0.18626 -0.34863
2.61640 -0.12181 -0.20128
2.55068 -0.02472 -0.00000
2.60535 0.07899 0.20128
2.76577 0.16154 0.34863
2.98895 0.20080 0.40256
3.21509 0.18626 0.34863
3.38360 0.12181 0.20128
3.43355 0.26191 -0.09411
3.39047 0.15348 -0.29572
3.23999 0.05432 -0.44330
3.02243 -0.00900 -0.49732
2.79608 -0.01950 -0.44330
2.62161 0.02562 -0.29572
2.54575 0.11427 -0.09411
2.58883 0.22271 0.10750
2.73931 0.32187 0.25509
2.95687 0.38518 0.30911
3.18322 0.39569 0.25509
3.35769 0.35057 0.10750
3.39195 0.49568 -0.18738
3.36062 0.38445 -0.38964
3.22161 0.27036 -0.53770
3.01218 0.18399 -0.59189
2.78844 0.14847 -0.53770
2.61033 0.17332 -0.38964
2.52560 0.25188 -0.18738
2.55693 0.36311 0.01487
2.69593 0.47720 0.16293
2.90536 0.56357 0.21713
3.12911 0.59909 0.16293
3.30721 0.57424 0.01487
3.32520 0.72300 -0.27899
3.30542 0.61087 -0.48220
3.17910 0.48368 -0.63096
2.98011 0.37553 -0.68541
2.76176 0.31539 -0.63096
2.58255 0.31937 -0.48220
2.49051 0.38641 -0.27899
2.51030 0.49854 -0.07578
2.63661 0.62573 0.07298
2.83561 0.73388 0.12743
3.05396 0.79402 0.07298
3.23316 0.79004 -0.07578
3.23444 0.94102 -0.36812
3.22563 0.82975 -0.57258
3.11289 0.69138 -0.72225
2.92641 0.56299 -0.77703
2.71617 0.47897 -0.72225
2.53851 0.46184 -0.57258
2.44102 0.51619 -0.36812
2.44983 0.62746 -0.16367
2.56258 0.76583 -0.01400
2.74905 0.89422 0.04078
2.95929 0.97824 -0.01400
3.13695 0.99537 -0.16367
3.12117 1.14708 -0.45399
3.12244 1.03829 -0.65995
3.02379 0.89066 -0.81073
2.85164 0.74376 -0.86592
2.65213 0.63695 -0.81073
2.47871 0.59884 -0.65995
2.37785 0.63966 -0.45399
2.37658 0.74845 -0.24803
2.47523 0.89608 -0.09725
2.64738 1.04298 -0.04206
2.84689 1.14979 -0.09725
3.02031 1.18790 -0.24803
2.98723 1.33879 -0.53583
2.99740 1.23384 -0.74353
2.91304 1.07885 -0.89559
2.75674 0.91534 -0.95124
2.57040 0.78713 -0.89559
2.40393 0.72857 -0.74353
2.30195 0.75535 -0.53583
2.29178 0.86030 -0.32812
2.37614 1.01529 -0.17607
2.53244 1.17880 -0.12041
2.71878 1.30701 -0.17607
2.88524 1.36557 -0.32812
2.83476 1.51404 -0.61291
2.85240 1.41405 -0.82255
2.78221 1.25348 -0.97602
2.64300 1.07537 -1.03219
2.47206 0.92744 -0.97602
2.31520 0.84932 -0.82255
2.21446 0.86194 -0.61291
2.19681 0.96193 -0.40326
2.26700 1.12250 -0.24979
2.40622 1.30061 -0.19362
2.57715 1.44854 -0.24979
2.73401 1.52666 -0.40326
2.66615 1.67109 -0.68455
2.68965 1.57685 -0.89627
2.63323 1.41237 -1.05127
2.51202 1.22172 -1.10800
2.35849 1.05598 -1.05127
2.21378 0.95956 -0.89627
2.11667 0.95830 -0.68455
2.09318 1.05253 -0.47282
2.14960 1.21701 -0.31783
2.27081 1.40766 -0.26110
2.42434 1.57340 -0.31783
2.56904 1.66982 -0.47282
2.48399 1.80855 -0.75011
2.51158 1.72054 -0.96401
2.46828 1.55361 -1.12060
2.36570 1.35249 -1.17791
2.23131 1.17106 -1.12060
2.10113 1.05795 -0.96401
2.01005 1.04345 -0.75011
1.98246 1.13146 -0.53621
2.02576 1.29839 -0.37963
2.12834 1.49952 -0.32231
2.26273 1.68094 -0.37963
2.39291 1.79406 -0.53621
2.29097 1.92545 -0.80902
2.32083 1.84378 -1.02512
2.28979 1.67565 -1.18331
2.20617 1.46609 -1.24122
2.09238 1.27126 -1.18331
1.97890 1.14337 -1.02512
1.89615 1.11668 -0.80902
1.86629 1.19834 -0.59292
1.89733 1.36648 -0.43472
1.98095 1.57604 -0.37682
2.09474 1.77086 -0.43472
2.20822 1.89876 -0.59292
2.08988 2.02118 -0.86074
2.12017 1.94563 -1.07899
2.10037 1.77728 -1.23877
2.03579 1.56125 -1.29725
1.94374 1.35542 -1.23877
1.84887 1.21495 -1.07899
1.77662 1.17746 -0.86074
1.74633 1.25302 -0.64249
1.76613 1.42136 -0.48272
1.83071 1.63739 -0.42424
1.92276 1.84322 -0.48272
2.01763 1.98370 -0.64249
1.88349 2.09557 -0.90483
1.91241 2.02555 -1.12510
1.90272 1.85773 -1.28635
1.85702 1.63708 -1.34537
1.78754 1.42272 -1.28635
1.71292 1.27209 -1.12510
1.65314 1.22555 -0.90483
1.62422 1.29557 -0.68455
1.63391 1.46339 -0.52330
1.67962 1.68404 -0.46428
1.74909 1.89840 -0.52330
1.82371 2.04903 -0.68455
1.67455 2.14881 -0.94088
1.70042 2.08341 -1.16295
1.69964 1.91658 -1.32551
1.67242 1.69303 -1.38502
1.62606 1.47264 -1.32551
1.57298 1.31448 -1.16295
1.52740 1.26092 -0.94088
1.50153 1.32632 -0.71881
1.50231 1.49315 -0.55625
1.52953 1.71671 -0.49675
1.57589 1.93709 -0.55625
1.62897 2.09525 -0.71881
1.46570 2.18148 -0.96858
1.48699 2.11950 -1.19211
1.49390 1.95387 -1.35575
1.48460 1.72895 -1.41564
1.46157 1.50503 -1.35575
1.43099 1.34210 -1.19211
1.40104 1.28381 -0.96858
1.37975 1.34579 -0.74505
1.37283 1.51142 -0.58142
1.38214 1.73634 -0.52152
1.40516 1.96026 -0.58142
1.43575 2.12319 -0.74505
1.25942 2.19452 -0.98769
1.27481 2.13450 -1.21223
1.28825 1.97000 -1.37661
1.29613 1.74511 -1.43678
1.29635 1.52007 -1.37661
1.28884 1.35520 -1.21223
1.27562 1.29467 -0.98769
1.26023 1.35469 -0.76314
1.24679 1.51918 -0.59877
1.23891 1.74408 -0.53860
1.23869 1.96911 -0.59877
1.24620 2.13398 -0.76314
1.05801 2.18918 -0.99803
1.06644 2.12945 -1.22302
1.08529 1.96581 -1.38772
1.10950 1.74212 -1.44801
1.13258 1.51830 -1.38772
1.14835 1.35434 -1.22302
1.15259 1.29416 -0.99803
1.14416 1.35390 -0.77304
1.12531 1.51753 -0.60833
1.10110 1.74123 -0.54805
1.07802 1.96504 -0.60833
1.06224 2.12900 -0.77304
0.86351 2.16701 -0.99951
0.86421 2.10576 -1.22424
0.88747 1.94250 -1.38876
0.92704 1.72099 -1.44898
0.97233 1.50058 -1.38876
1.01120 1.34032 -1.22424
1.03324 1.28316 -0.99951
1.03254 1.34442 -0.77477
1.00928 1.50767 -0.61025
0.96971 1.72919 -0.55003
0.92442 1.94960 -0.61025
0.88555 2.10986 -0.77477
0.67773 2.12983 -0.99211
0.67023 2.06517 -1.21577
0.69701 1.90166 -1.37950
0.75091 1.68311 -1.43943
0.81747 1.46808 -1.37950
0.87887 1.31419 -1.21577
0.91865 1.26267 -0.99211
0.92616 1.32733 -0.76846
0.89938 1.49084 -0.60473
0.84548 1.70939 -0.54480
0.77892 1.92442 -0.60473
0.71752 2.07831 -0.76846
0.50217 2.07964 -0.97592
0.48629 2.00971 -1.19754
0.51587 1.84521 -1.35979
0.58299 1.63020 -1.41917
0.66965 1.42230 -1.35979
0.75264 1.27721 -1.19754
0.80972 1.23382 -0.97592
0.82560 1.30374 -0.75429
0.79602 1.46825 -0.59205
0.72890 1.68326 -0.53266
0.64224 1.89116 -0.59205
0.55925 2.03624 -0.75429
0.33800 2.01864 -0.95106
0.31387 1.94169 -1.16959
0.34566 1.77539 -1.32957
0.42485 1.56429 -1.38812
0.53021 1.36497 -1.32957
0.63352 1.23082 -1.16959
0.70709 1.19780 -0.95106
0.73121 1.27475 -0.73252
0.69942 1.44105 -0.57255
0.62024 1.65215 -0.51399
0.51488 1.85147 -0.57255
0.41157 1.98562 -0.73252
0.18610 1.94915 -0.91775
0.15410 1.86362 -1.13204
0.18762 1.69471 -1.28891
0.27767 1.48770 -1.34633
0.40013 1.29805 -1.28891
0.52218 1.17658 -1.13204
0.61113 1.15584 -0.91775
0.64312 1.24138 -0.70347
0.60961 1.41028 -0.54660
0.51955 1.61729 -0.48918
0.39709 1.80694 -0.54660
0.27504 1.92841 -0.70347
0.04703 1.87360 -0.87631
0.00771 1.77820 -1.08514
0.04255 1.60594 -1.23802
0.14222 1.40297 -1.29398
0.28001 1.22369 -1.23802
0.41900 1.11613 -1.08514
0.52195 1.10911 -0.87631
0.56127 1.20451 -0.66747
0.52643 1.37677 -0.51460
0.42676 1.57974 -0.45864
0.28897 1.75902 -0.51460
0.14998 1.86658 -0.66747
-0.07895 1.79445 -0.82708
-0.12497 1.68828 -1.02925
-0.08921 1.51200 -1.17724
0.01875 1.31282 -1.23141
0.16997 1.14412 -1.17724
0.32393 1.05111 -1.02925
0.43939 1.05871 -0.82708
0.48540 1.16487 -0.62491
0.44964 1.34116 -0.47692
0.34169 1.54034 -0.42275
0.19047 1.70903 -0.47692
0.03651 1.80204 -0.62491
-0.19188 1.71419 -0.77051
-0.24399 1.59681 -0.96485
-0.20780 1.41595 -1.10711
-0.09300 1.22007 -1.15919
0.06963 1.06165 -1.10711
0.23654 0.98314 -0.96485
0.36299 1.00558 -0.77051
0.41510 1.12296 -0.57618
0.37891 1.30382 -0.43391
0.26412 1.49971 -0.38184
0.10148 1.65813 -0.43391
-0.06543 1.73663 -0.57618
-0.29199 1.63530 -0.70711
-0.34980 1.50677 -0.89258
-0.31387 1.32094 -1.02835
-0.19385 1.12759 -1.07804
-0.02189 0.97853 -1.02835
0.15594 0.91371 -0.89258
0.29199 0.95049 -0.70711
0.34980 1.07901 -0.52164
0.31387 1.26485 -0.38587
0.19385 1.45820 -0.33617
0.02189 1.60726 -0.38587
-0.15594 1.67208 -0.52164
-0.37972 1.56020 -0.63742
-0.44317 1.42115 -0.81320
-0.40855 1.23009 -0.94188
-0.28515 1.03822 -0.98899
-0.10603 0.89695 -0.94188
0.08081 0.84413 -0.81320
0.22532 0.89392 -0.63742
0.28877 1.03297 -0.46164
0.25415 1.22403 -0.33296
0.13075 1.41590 -0.28586
-0.04837 1.55717 -0.33296
-0.23521 1.60999 -0.46164
-0.45560 1.49119 -0.56208
-0.52513 1.34285 -0.72767
-0.49334 1.14649 -0.84889
-0.36875 0.95474 -0.89326
-0.18474 0.81897 -0.84889
0.00937 0.77557 -0.72767
0.16159 0.83615 -0.56208
0.23112 0.98449 -0.39649
0.19933 1.18085 -0.27528
0.07474 1.37260 -0.23091
-0.10927 1.50837 -0.27528
-0.30339 1.55178 -0.39649
-0.52017 1.43035 -0.48175
-0.59682 1.27460 -0.63708
-0.56997 1.07308 -0.75079
-0.44682 0.87979 -0.79241
-0.26036 0.74652 -0.75079
-0.06055 0.70898 -0.63708
0.09906 0.77723 -0.48175
0.17570 0.93298 -0.32643
0.14885 1.13450 -0.21272
0.02570 1.32779 -0.17110
-0.16076 1.46106 -0.21272
-0.36056 1.49860 -0.32643
-0.57396 1.37929 -0.39715
-0.65934 1.21871 -0.54270
-0.64018 1.01246 -0.64925
-0.52159 0.81580 -0.68825
-0.33536 0.68142 -0.64925
-0.13139 0.64533 -0.54270
0.03567 0.71720 -0.39715
0.12106 0.87778 -0.25160
0.10189 1.08403 -0.14505
-0.01670 1.28069 -0.10605
-0.20292 1.41507 -0.14505
-0.40690 1.45116 -0.25160
-0.61751 1.33883 -0.30902
-0.71359 1.17672 -0.44595
-0.70531 0.96662 -0.54618
-0.59491 0.76482 -0.58287
-0.41195 0.62539 -0.54618
-0.20546 0.58570 -0.44595
-0.03078 0.65638 -0.30902
0.06530 0.81849 -0.17209
0.05703 1.02859 -0.07185
-0.05338 1.23039 -0.03516
-0.23634 1.36982 -0.07185
-0.44282 1.40951 -0.17209
-0.65176 1.30854 -0.21814
-0.76028 1.14874 -0.34834
-0.76609 0.93628 -0.44365
-0.66764 0.72807 -0.47853
-0.49131 0.57991 -0.44365
-0.28435 0.53149 -0.34834
-0.10222 0.59580 -0.21814
0.00629 0.75559 -0.08795
0.01211 0.96806 0.00736
-0.08634 1.17627 0.04225
-0.26267 1.32443 0.00736
-0.46963 1.37284 -0.08795
-0.67868 1.28643 -0.12533
-0.80035 1.13290 -0.25138
-0.82255 0.92017 -0.34365
-0.73933 0.70525 -0.37742
-0.57300 0.54571 -0.34365
-0.36812 0.48431 -0.25138
-0.17959 0.53749 -0.12533
-0.05792 0.69102 0.00071
-0.03573 0.90375 0.09298
-0.11894 1.11868 0.12675
-0.28527 1.27822 0.09298
-0.49015 1.33962 0.00071
-0.70189 1.26935 -0.03141
-0.83567 1.12532 -0.15638
-0.87469 0.91468 -0.24786
-0.80848 0.69388 -0.28134
-0.65479 0.52207 -0.24786
-0.45480 0.44530 -0.15638
-0.26209 0.48413 -0.03141
-0.12831 0.62816 0.09356
-0.08929 0.83880 0.18504
-0.15550 1.05960 0.21852
-0.30919 1.23141 0.18504
-0.50919 1.30818 0.09356
-0.72652 1.25408 0.06279
-0.86949 1.12117 -0.06431
-0.92333 0.91452 -0.15736
-0.87362 0.68951 -0.19142
-0.73369 0.50643 -0.15736
-0.54102 0.41434 -0.06431
-0.34724 0.43790 0.06279
-0.20428 0.57082 0.18989
-0.15044 0.77747 0.28294
-0.20015 1.00248 0.31700
-0.34008 1.18556 0.28294
-0.53275 1.27765 0.18989
-0.75800 1.23843 0.15643
-0.90588 1.11629 0.02425
-0.97047 0.91448 -0.07251
-0.93445 0.68709 -0.10793
-0.80749 0.49503 -0.07251
-0.62359 0.38978 0.02425
-0.43204 0.39953 0.15643
-0.28416 0.52167 0.28862
-0.21957 0.72347 0.38538
-0.25559 0.95087 0.42080
-0.38255 1.14292 0.38538
-0.56645 1.24818 0.28862
-0.80051 1.22137 0.24869
-0.94862 1.10812 0.10906
-1.01872 0.91090 0.00684
-0.99201 0.68254 -0.03057
-0.87566 0.48424 0.00684
-0.70084 0.36914 0.10906
-0.51439 0.36807 0.24869
-0.36628 0.48132 0.38832
-0.29618 0.67854 0.49054
-0.32289 0.90690 0.52795
-0.43924 1.10520 0.49054
-0.61406 1.22030 0.38832
-0.85631 1.20249 0.33874
-1.00021 1.09556 0.19002
-1.07039 0.90195 0.08115
-1.04801 0.67354 0.04131
-0.93910 0.47153 0.08115
-0.77282 0.35005 0.19002
-0.59373 0.34164 0.33874
-0.44982 0.44857 0.48745
-0.37965 0.64218 0.59632
-0.40202 0.87059 0.63617
-0.51094 1.07260 0.59632
-0.67722 1.19408 0.48745
-0.92599 1.18121 0.42578
-1.06182 1.07817 0.26706
-1.12704 0.88710 0.15086
-1.10419 0.65922 0.10833
-0.99939 0.45559 0.15086
-0.84072 0.33076 0.26706
-0.67070 0.31818 0.42578
-0.53488 0.42123 0.58450
-0.46965 0.61229 0.70070
-0.49250 0.84017 0.74323
-0.59730 1.04381 0.70070
-0.75597 1.16864 0.58450
-1.00912 1.15661 0.50904
-1.13358 1.05561 0.34002
-1.18952 0.86634 0.21629
-1.16193 0.63952 0.17101
-1.05821 0.43592 0.21629
-0.90615 0.31010 0.34002
-0.74651 0.29577 0.50904
-0.62204 0.39678 0.67806
-0.56611 0.58604 0.80179
-0.59370 0.81286 0.84708
-0.69742 1.01646 0.80179
-0.84947 1.14228 0.67806
-1.10466 1.12734 0.58779
-1.21509 1.02737 0.40870
-1.25812 0.83970 0.27760
-1.22221 0.61460 0.22962
-1.11698 0.41240 0.27760
-0.97064 0.28727 0.40870
-0.82239 0.27275 0.58779
-0.71196 0.37271 0.76687
-0.66893 0.56039 0.89797
-0.70485 0.78548 0.94595
-0.81007 0.98768 0.89797
-0.95641 1.11281 0.76687
-1.21129 1.09183 0.66131
-1.30559 0.99271 0.47278
-1.33283 0.80705 0.33477
-1.28571 0.58459 0.28425
-1.17685 0.38494 0.33477
-1.03543 0.26160 0.47278
-0.89934 0.24762 0.66131
-0.80504 0.34674 0.84984
-0.77780 0.53240 0.98785
-0.82492 0.75486 1.03837
-0.93378 0.95450 0.98785
-1.07520 1.07784 0.84984
-1.32750 1.04840 0.72897
-1.40414 0.95068 0.53190
-1.41342 0.76803 0.38763
-1.35285 0.54939 0.33483
-1.23866 0.35335 0.38763
-1.10145 0.23244 0.53190
-0.97798 0.21904 0.72897
-0.90134 0.31677 0.92604
-0.89206 0.49942 1.07030
-0.95263 0.71806 1.12311
-1.06682 0.91410 1.07030
-1.20403 1.03501 0.92604
-1.45162 0.99541 0.79016
-1.50965 0.90021 0.58563
-1.49948 0.72205 0.43591
-1.42381 0.50867 0.38111
-1.30294 0.31724 0.43591
-1.16924 0.19906 0.58563
-1.05854 0.18578 0.79016
-1.00050 0.28098 0.99468
-1.01068 0.45914 1.14440
-1.08634 0.67252 1.19920
-1.20722 0.86395 1.14440
-1.34092 0.98213 0.99468
-1.58183 0.93129 0.84433
-1.62090 0.84017 0.63354
-1.59042 0.66836 0.47923
-1.49857 0.46188 0.42275
-1.36995 0.27607 0.47923
-1.23902 0.16071 0.63354
-1.14088 0.14671 0.84433
-1.10181 0.23783 1.05512
-1.13228 0.40964 1.20942
-1.22414 0.61612 1.26590
-1.35276 0.80193 1.20942
-1.48369 0.91729 1.05512
-1.71616 0.85467 0.89101
-1.73647 0.76944 0.67517
-1.68547 0.60606 0.51717
-1.57683 0.40830 0.45934
-1.43965 0.22914 0.51717
-1.31070 0.11659 0.67517
-1.22452 0.10082 0.89101
-1.20421 0.18604 1.10684
-1.25521 0.34942 1.26484
-1.36386 0.54719 1.32268
-1.50103 0.72635 1.26484
-1.62999 0.83889 1.10684
-1.85250 0.76440 0.92978
-1.85480 0.68700 0.71009
-1.78363 0.53426 0.54927
-1.65806 0.34710 0.49040
-1.51174 0.17568 0.54927
-1.38387 0.06593 0.71009
-1.30872 0.04726 0.92978
-1.30642 0.12466 1.14946
-1.37758 0.27741 1.31029
-1.50315 0.46456 1.36915
-1.64948 0.63598 1.31029
-1.77734 0.74573 1.14946
-1.98858 0.65962 0.96029
-1.97412 0.59194 0.73788
-1.88367 0.45205 0.57506
-1.74147 0.27745 0.51546
-1.58561 0.11491 0.57506
-1.45787 0.00800 0.73788
-1.39247 -0.01465 0.96029
-1.40693 0.05303 1.18271
-1.49738 0.19292 1.34553
-1.63958 0.36752 1.40513
-1.79544 0.53006 1.34553
-1.92318 0.63697 1.18271
-2.12205 0.53975 0.98229
-2.09251 0.48356 0.75817
-1.98414 0.35866 0.59410
-1.82598 0.19854 0.53405
-1.66041 0.04609 0.59410
-1.53180 -0.05784 0.75817
-1.47460 -0.08539 0.98229
-1.50414 -0.02919 1.20640
-1.61251 0.09570 1.37047
-1.77067 0.25582 1.43052
-1.93624 0.40827 1.37047
-2.06485 0.51220 1.20640
-2.25047 0.40455 0.99556
-2.20789 0.36139 0.77065
-2.08338 0.25346 0.60601
-1.91031 0.10968 0.54575
-1.73504 -0.03142 0.60601
-1.60454 -0.13204 0.77065
-1.55379 -0.16521 0.99556
-1.59637 -0.12204 1.22047
-1.72088 -0.01411 1.38511
-1.89396 0.12967 1.44538
-2.06922 0.27077 1.38511
-2.19972 0.37138 1.22047
-2.37138 0.25413 1.00000
-2.31808 0.22525 0.77509
-2.17956 0.13602 0.61044
-1.99292 0.01034 0.55017
-1.80818 -0.11811 0.61044
-1.67484 -0.21491 0.77509
-1.62862 -0.25413 1.00000
-1.68192 -0.22525 1.22491
-1.82044 -0.13602 1.38956
-2.00708 -0.01034 1.44983
-2.19182 0.11811 1.38956
-2.32516 0.21491 1.22491
-2.48229 0.08894 0.99556
-2.42082 0.07527 0.77130
-2.27070 0.00620 0.60713
-2.07215 -0.09977 0.54704
-1.87838 -0.21423 0.60713
-1.74131 -0.30653 0.77130
-1.69766 -0.35192 0.99556
-1.75913 -0.33825 1.21983
-1.90925 -0.26918 1.38400
-2.10780 -0.16321 1.44409
-2.30157 -0.04875 1.38400
-2.43864 0.04355 1.21983
-2.58081 -0.09018 0.98229
-2.51381 -0.08810 0.75920
-2.35473 -0.13587 0.59589
-2.14619 -0.22070 0.53612
-1.94406 -0.31984 0.59589
-1.80250 -0.40675 0.75920
-1.75946 -0.45812 0.98229
-1.82645 -0.46020 1.20537
-1.98553 -0.41243 1.36868
-2.19408 -0.32761 1.42846
-2.39621 -0.22846 1.36868
-2.53776 -0.14155 1.20537
-2.66462 -0.28204 0.96029
-2.59481 -0.26405 0.73879
-2.42956 -0.28973 0.57664
-2.21315 -0.35220 0.51729
-2.00356 -0.43473 0.57664
-1.85696 -0.51519 0.73879
-1.81262 -0.57204 0.96029
-1.88243 -0.59003 1.18179
-2.04768 -0.56435 1.34394
-2.26410 -0.50188 1.40330
-2.47368 -0.41935 1.34394
-2.62029 -0.33889 1.18179
-2.73159 -0.48513 0.92978
-2.66164 -0.45144 0.71016
-2.49312 -0.45460 0.54938
-2.27116 -0.49375 0.49054
-2.05525 -0.55840 0.54938
-1.90324 -0.63123 0.71016
-1.85586 -0.69273 0.92978
-1.92581 -0.72641 1.14940
-2.09433 -0.72326 1.31017
-2.31629 -0.68411 1.36902
-2.53220 -0.61946 1.31017
-2.68421 -0.54662 1.14940
-2.77976 -0.69757 0.89101
-2.71227 -0.64880 0.67346
-2.54339 -0.62937 0.51421
-2.31837 -0.64450 0.45592
-2.09751 -0.69013 0.51421
-1.93999 -0.75403 0.67346
-1.88800 -0.81908 0.89101
-1.95549 -0.86785 1.10855
-2.12437 -0.88728 1.26781
-2.34939 -0.87215 1.32610
-2.57025 -0.82652 1.26781
-2.72778 -0.76262 1.10855
-2.80746 -0.91723 0.84433
-2.74485 -0.85432 0.62896
-2.57853 -0.81263 0.47130
-2.35304 -0.80333 0.41359
-2.12882 -0.82890 0.47130
-1.96594 -0.88250 0.62896
-1.90805 -0.94977 0.84433
-1.97065 -1.01268 1.05970
-2.13698 -1.05437 1.21736
-2.36246 -1.06367 1.27506
-2.58668 -1.03810 1.21736
-2.74956 -0.98450 1.05970
-2.81328 -1.14169 0.79016
-2.75779 -1.06593 0.57699
-2.59684 -1.00266 0.42094
-2.37356 -0.96882 0.36382
-2.14779 -0.97349 0.42094
-1.98000 -1.01541 0.57699
-1.91518 -1.08335 0.79016
-1.97067 -1.15911 1.00332
-2.13162 -1.22238 1.15937
-2.35489 -1.25622 1.21649
-2.58067 -1.25155 1.15937
-2.74845 -1.20963 1.00332
-2.79619 -1.36833 0.72897
-2.74976 -1.28129 0.51795
-2.59689 -1.19747 0.36347
-2.37853 -1.13932 0.30693
-2.15319 -1.12243 0.36347
-1.98125 -1.15132 0.51795
-1.90879 -1.21825 0.72897
-1.95521 -1.30529 0.93999
-2.10809 -1.38911 1.09446
-2.32645 -1.44726 1.15101
-2.55179 -1.46415 1.09446
-2.72372 -1.43526 0.93999
-2.75549 -1.59435 0.66131
-2.71979 -1.49784 0.45233
-2.57750 -1.39484 0.29935
-2.36675 -1.31293 0.24335
-2.14401 -1.27407 0.29935
-1.96896 -1.28867 0.45233
-1.88850 -1.35282 0.66131
-1.92420 -1.44932 0.87029
-2.06649 -1.55233 1.02327
-2.27724 -1.63423 1.07927
-2.49998 -1.67309 1.02327
-2.67503 -1.65849 0.87029
-2.69091 -1.81684 0.58779
-2.66725 -1.71288 0.38068
-2.53783 -1.59236 0.22907
-2.33732 -1.48758 0.17358
-2.11946 -1.42662 0.22907
-1.94262 -1.42580 0.38068
-1.85418 -1.48535 0.58779
-1.87784 -1.58932 0.79489
-2.00726 -1.70984 0.94650
-2.20776 -1.81462 1.00199
-2.42562 -1.87558 0.94650
-2.60247 -1.87640 0.79489
-2.60257 -2.03286 0.50904
-2.59190 -1.92358 0.30361
-2.47736 -1.78748 0.15322
-2.28963 -1.66103 0.09817
-2.07902 -1.57812 0.15322
-1.90197 -1.56096 0.30361
-1.80590 -1.61415 0.50904
-1.81658 -1.72344 0.71447
-1.93112 -1.85953 0.86486
-2.11885 -1.98598 0.91991
-2.32946 -2.06889 0.86486
-2.50651 -2.08605 0.71447
-2.49105 -2.23945 0.42578
-2.49393 -2.12706 0.22177
-2.39595 -1.97754 0.07243
-2.22337 -1.83095 0.01776
-2.02243 -1.72658 0.07243
-1.84697 -1.69238 0.22177
-1.74401 -1.73753 0.42578
-1.74113 -1.84992 0.62979
-1.83910 -1.99944 0.77913
-2.01168 -2.14603 0.83380
-2.21262 -2.25040 0.77913
-2.38808 -2.28460 0.62979
-2.35731 -2.43376 0.33874
-2.37392 -2.32048 0.13588
-2.29386 -2.15986 -0.01262
-2.13860 -1.99494 -0.06698
-1.94973 -1.86991 -0.01262
-1.77786 -1.81827 0.13588
-1.66904 -1.85386 0.33874
-1.65243 -1.96714 0.54160
-1.73248 -2.12776 0.69010
-1.88774 -2.29268 0.74445
-2.07661 -2.41771 0.69010
-2.24849 -2.46935 0.54160
-2.20273 -2.61306 0.24869
-2.23286 -2.50105 0.04669
-2.17173 -2.33177 -0.10119
-2.03570 -2.15059 -0.15532
-1.86124 -2.00605 -0.10119
-1.69508 -1.93687 0.04669
-1.58176 -1.96161 0.24869
-1.55163 -2.07362 0.45069
-1.61277 -2.24289 0.59857
-1.74879 -2.42408 0.65270
-1.92325 -2.56862 0.59857
-2.08941 -2.63779 0.45069
-2.02910 -2.77484 0.15643
-2.07218 -2.66613 -0.04503
-2.03057 -2.49069 -0.19251
-1.91542 -2.29554 -0.24649
-1.75759 -2.13295 -0.19251
-1.59936 -2.04650 -0.04503
-1.48314 -2.05935 0.15643
-1.44006 -2.16805 0.35790
-1.48167 -2.34349 0.50538
-1.59682 -2.53865 0.55936
-1.75465 -2.70123 0.50538
-1.91288 -2.78768 0.35790
-1.83853 -2.91684 0.06279
-1.89364 -2.81329 -0.13845
-1.87179 -2.63418 -0.28577
-1.77884 -2.42751 -0.33970
-1.63969 -2.24866 -0.28577
-1.49163 -2.14554 -0.13845
-1.37432 -2.14579 0.06279
-1.31921 -2.24935 0.26403
-1.34105 -2.42845 0.41136
-1.43400 -2.63512 0.46528
-1.57316 -2.81398 0.41136
-1.72122 -2.91709 0.26403
-1.63343 -3.03715 -0.03141
-1.69938 -2.94036 -0.23276
-1.69716 -2.76000 -0.38016
-1.62739 -2.54441 -0.43412
-1.50875 -2.35134 -0.38016
-1.37304 -2.23254 -0.23276
-1.25661 -2.21983 -0.03141
-1.19067 -2.31662 0.16994
-1.19288 -2.49697 0.31734
-1.26266 -2.71257 0.37130
-1.38129 -2.90563 0.31734
-1.51701 -3.02444 0.16994
-1.41650 -3.13418 -0.12533
-1.49181 -3.04547 -0.32712
-1.50876 -2.86617 -0.47484
-1.46280 -2.64430 -0.52891
-1.36624 -2.43933 -0.47484
-1.24497 -2.30617 -0.32712
-1.13146 -2.28051 -0.12533
-1.05615 -2.36922 0.07645
-1.03920 -2.54853 0.22417
-1.08516 -2.77039 0.27824
-1.18172 -2.97536 0.22417
-1.30300 -3.10852 0.07645
-1.19059 -3.20678 -0.21814
-1.27363 -3.12715 -0.42068
-1.30895 -2.95100 -0.56895
-1.28707 -2.72553 -0.62322
-1.21387 -2.51116 -0.56895
-1.10895 -2.36532 -0.42068
-1.00043 -2.32710 -0.21814
-0.91739 -2.40673 -0.01560
-0.88207 -2.58288 0.13266
-0.90394 -2.80835 0.18693
-0.97715 -3.02272 0.13266
-1.08207 -3.16856 -0.01560
-0.95869 -3.25419 -0.30902
-1.04769 -3.18427 -0.51261
-1.10031 -3.01316 -0.66165
-1.10246 -2.78671 -0.71620
-1.05355 -2.56560 -0.66165
-0.96669 -2.40907 -0.51261
-0.86516 -2.35906 -0.30902
-0.77616 -2.42897 -0.10542
-0.72354 -2.60008 0.04362
-0.72139 -2.82653 0.09817
-0.77030 -3.04764 0.04362
-0.85716 -3.20418 -0.10542
-0.72386 -3.27608 -0.39715
-0.81699 -3.21616 -0.60208
-0.88563 -3.05171 -0.75210
-0.91140 -2.82681 -0.80701
-0.88739 -2.60172 -0.75210
-0.82003 -2.43674 -0.60208
-0.72737 -2.37609 -0.39715
-0.63425 -2.43602 -0.19222
-0.56560 -2.60046 -0.04220
-0.53984 -2.82536 0.01271
-0.56385 -3.05046 -0.04220
-0.63120 -3.21543 -0.19222
-0.48914 -3.27259 -0.48175
-0.58456 -3.22256 -0.68827
-0.66777 -3.06610 -0.83946
-0.71646 -2.84513 -0.89480
-0.71760 -2.61887 -0.83946
-0.67087 -2.44793 -0.68827
-0.58879 -2.37813 -0.48175
-0.49337 -2.42816 -0.27523
-0.41016 -2.58462 -0.12405
-0.36147 -2.80558 -0.06871
-0.36034 -3.03185 -0.12405
-0.40707 -3.20279 -0.27523
-0.25750 -3.24425 -0.56208
-0.35346 -3.20366 -0.77042
-0.44966 -3.05619 -0.92293
-0.52031 -2.84136 -0.97875
-0.54649 -2.61673 -0.92293
-0.52118 -2.44249 -0.77042
-0.45116 -2.36533 -0.56208
-0.35519 -2.40592 -0.35375
-0.25899 -2.55339 -0.20124
-0.18834 -2.76821 -0.14542
-0.16216 -2.99284 -0.20124
-0.18748 -3.16708 -0.35375
-0.03177 -3.19199 -0.63742
-0.12665 -3.16005 -0.84775
-0.23421 -3.02227 -1.00172
-0.32563 -2.81556 -1.05807
-0.37641 -2.59532 -1.00172
-0.37294 -2.42056 -0.84775
-0.31616 -2.33810 -0.63742
-0.22127 -2.37005 -0.42710
-0.11371 -2.50783 -0.27313
-0.02229 -2.71453 -0.21678
0.02849 -2.93477 -0.27313
0.02502 -3.10953 -0.42710
0.18541 -3.11713 -0.70711
0.09304 -3.09274 -0.91955
-0.02426 -2.96501 -1.07507
-0.13506 -2.76818 -1.13199
-0.20967 -2.55499 -1.07507
-0.22810 -2.38255 -0.91955
-0.18541 -2.29708 -0.70711
-0.09304 -2.32148 -0.49466
0.02426 -2.44920 -0.33914
0.13506 -2.64603 -0.28222
0.20967 -2.85923 -0.33914
0.22810 -3.03166 -0.49466
0.39165 -3.02133 -0.77051
0.30299 -3.00311 -0.98515
0.17752 -2.88551 -1.14227
0.04886 -2.70004 -1.19978
-0.04852 -2.49640 -1.14227
-0.08853 -2.32915 -0.98515
-0.06044 -2.24311 -0.77051
0.02822 -2.26133 -0.55588
0.15369 -2.37893 -0.39876
0.28235 -2.56440 -0.34125
0.37973 -2.76804 -0.39876
0.41974 -2.93529 -0.55588
0.58482 -2.90651 -0.82708
0.50080 -2.89288 -1.04391
0.36863 -2.78519 -1.20264
0.22373 -2.61231 -1.26073
0.10492 -2.42056 -1.20264
0.04404 -2.26132 -1.04391
0.05740 -2.17725 -0.82708
0.14143 -2.19088 -0.61025
0.27360 -2.29857 -0.45153
0.41850 -2.47145 -0.39343
0.53731 -2.66320 -0.45153
0.59819 -2.82245 -0.61025
0.76316 -2.77488 -0.87631
0.68438 -2.76406 -1.09525
0.54683 -2.66583 -1.25553
0.38736 -2.50649 -1.31420
0.24871 -2.32875 -1.25553
0.16802 -2.18022 -1.09525
0.16691 -2.10071 -0.87631
0.24569 -2.11153 -0.65736
0.38324 -2.20976 -0.49708
0.54271 -2.36910 -0.43842
0.68136 -2.54684 -0.49708
0.76205 -2.69537 -0.65736
0.92520 -2.62879 -0.91775
0.85196 -2.61893 -1.13866
0.71017 -2.52946 -1.30037
0.53782 -2.38436 -1.35956
0.38111 -2.22250 -1.30037
0.28201 -2.08727 -1.13866
0.26709 -2.01488 -0.91775
0.34033 -2.02475 -0.69685
0.48213 -2.11421 -0.53514
0.65447 -2.25932 -0.47595
0.81118 -2.42117 -0.53514
0.91028 -2.55641 -0.69685
1.06990 -2.47077 -0.95106
1.00213 -2.45993 -1.17365
0.85703 -2.37837 -1.33661
0.67348 -2.24795 -1.39625
0.50065 -2.10361 -1.33661
0.38487 -1.98402 -1.17365
0.35715 -1.92124 -0.95106
0.42492 -1.93208 -0.72846
0.57002 -2.01364 -0.56551
0.75358 -2.14406 -0.50586
0.92640 -2.28840 -0.56551
1.04218 -2.40799 -0.72846
1.19656 -2.30341 -0.97592
1.13387 -2.28969 -1.19984
0.98616 -2.21505 -1.36376
0.79300 -2.09951 -1.42376
0.60616 -1.97402 -1.36376
0.47569 -1.87220 -1.19984
0.43655 -1.82134 -0.97592
0.49924 -1.83507 -0.75199
0.64695 -1.90970 -0.58807
0.84010 -2.02525 -0.52807
1.02695 -2.15074 -0.58807
1.15742 -2.25256 -0.75199
1.30486 -2.12934 -0.99211
1.24654 -2.11089 -1.21688
1.09669 -2.04210 -1.38142
0.89545 -1.94142 -1.44164
0.69675 -1.83582 -1.38142
0.55383 -1.75360 -1.21688
0.50499 -1.71678 -0.99211
0.56331 -1.73523 -0.76735
0.71316 -1.80401 -0.60281
0.91439 -1.90470 -0.54259
1.11309 -2.01030 -0.60281
1.25601 -2.09252 -0.76735
1.39488 -1.95116 -0.99951
1.33992 -1.92627 -1.22450
1.18816 -1.86223 -1.38920
0.98026 -1.77620 -1.44949
0.77192 -1.69122 -1.38920
0.61898 -1.63006 -1.22450
0.56240 -1.60912 -0.99951
0.61736 -1.63401 -0.77452
0.76912 -1.69805 -0.60981
0.97702 -1.78408 -0.54953
1.18536 -1.86906 -0.60981
1.33830 -1.93021 -0.77452
1.46705 -1.77138 -0.99803
1.41420 -1.73856 -1.22250
1.26055 -1.67817 -1.38683
1.04727 -1.60637 -1.44698
0.83151 -1.54242 -1.38683
0.67108 -1.50345 -1.22250
0.60897 -1.49990 -0.99803
0.66182 -1.53272 -0.77355
0.81547 -1.59311 -0.60922
1.02875 -1.66491 -0.54907
1.24451 -1.72886 -0.60922
1.40494 -1.76783 -0.77355
1.52215 -1.59243 -0.98769
1.46996 -1.55042 -1.21078
1.31425 -1.49261 -1.37410
1.09674 -1.43449 -1.43387
0.87572 -1.39165 -1.37410
0.71040 -1.37555 -1.21078
0.64509 -1.39052 -0.98769
0.69728 -1.43254 -0.76460
0.85300 -1.49035 -0.60128
1.07050 -1.54846 -0.54150
1.29152 -1.59130 -0.60128
1.45684 -1.60740 -0.76460
1.56129 -1.41655 -0.96858
1.50819 -1.36436 -1.18930
1.35010 -1.30816 -1.35088
1.12936 -1.26302 -1.41002
0.90514 -1.24102 -1.35088
0.73750 -1.24806 -1.18930
0.67136 -1.28226 -0.96858
0.72446 -1.33445 -0.74786
0.88256 -1.39065 -0.58629
1.10329 -1.43580 -0.52715
1.32752 -1.45780 -0.58629
1.49516 -1.45075 -0.74786
1.58586 -1.24581 -0.94088
1.53028 -1.18277 -1.15813
1.36938 -1.12730 -1.31717
1.14627 -1.09426 -1.37538
0.92073 -1.09250 -1.31717
0.75320 -1.12250 -1.15813
0.68856 -1.17621 -0.94088
0.74414 -1.23924 -0.72363
0.90504 -1.29471 -0.56459
1.12816 -1.32775 -0.50638
1.35370 -1.32951 -0.56459
1.52123 -1.29952 -0.72363
1.59754 -1.08203 -0.90483
1.53797 -1.00780 -1.11743
1.37380 -0.95227 -1.27307
1.14900 -0.93034 -1.33004
0.92382 -0.94787 -1.27307
0.75859 -1.00017 -1.11743
0.69758 -1.07322 -0.90483
0.75714 -1.14746 -0.69222
0.92132 -1.20298 -0.53658
1.14612 -1.22492 -0.47962
1.37130 -1.20739 -0.53658
1.53653 -1.15509 -0.69222
1.59819 -0.92685 -0.86074
1.53334 -0.84134 -1.06749
1.36546 -0.78505 -1.21884
1.13952 -0.77306 -1.27423
0.91607 -0.80858 -1.21884
0.75498 -0.88209 -1.06749
0.69942 -0.97390 -0.86074
0.76427 -1.05940 -0.65400
0.93215 -1.11569 -0.50265
1.15809 -1.12768 -0.44725
1.38153 -1.09217 -0.50265
1.54262 -1.01865 -0.65400
1.58989 -0.78163 -0.80902
1.51879 -0.68503 -1.00870
1.34686 -0.62729 -1.15487
1.12018 -0.62390 -1.20838
0.89948 -0.67575 -1.15487
0.74389 -0.76895 -1.00870
0.69512 -0.87853 -0.80902
0.76623 -0.97513 -0.60934
0.93815 -1.03287 -0.46316
1.16484 -1.03626 -0.40965
1.38554 -0.98441 -0.46316
1.54112 -0.89121 -0.60934
1.57485 -0.64752 -0.75011
1.49697 -0.54016 -0.94160
1.32084 -0.48026 -1.08178
1.09365 -0.48388 -1.13308
0.87628 -0.55004 -1.08178
0.72697 -0.66102 -0.94160
0.68574 -0.78709 -0.75011
0.76361 -0.89445 -0.55862
0.93974 -0.95435 -0.41845
1.16693 -0.95073 -0.36714
1.38430 -0.88457 -0.41845
1.53361 -0.77359 -0.55862
1.55536 -0.52550 -0.68455
1.47076 -0.40776 -0.86686
1.29052 -0.34483 -1.00033
1.06293 -0.35357 -1.04918
0.84898 -0.43165 -1.00033
0.70598 -0.55814 -0.86686
0.67227 -0.69915 -0.68455
0.75687 -0.81689 -0.50223
0.93711 -0.87982 -0.36876
1.16469 -0.87108 -0.31991
1.37865 -0.79300 -0.36876
1.52164 -0.66651 -0.50223
1.53372 -0.41634 -0.61291
1.44317 -0.28854 -0.78533
1.25924 -0.22146 -0.91155
1.03123 -0.23307 -0.95775
0.82022 -0.32025 -0.91155
0.68276 -0.45965 -0.78533
0.65568 -0.61392 -0.61291
0.74623 -0.74171 -0.44049
0.93016 -0.80879 -0.31427
1.15817 -0.79718 -0.26807
1.36918 -0.71000 -0.31427
1.50664 -0.57060 -0.44049
1.51216 -0.32069 -0.53583
1.41722 -0.18302 -0.69798
1.23045 -0.11030 -0.81668
1.00190 -0.12203 -0.86013
0.79281 -0.21505 -0.81668
0.65920 -0.36444 -0.69798
0.63688 -0.53018 -0.53583
0.73182 -0.66784 -0.37368
0.91858 -0.74056 -0.25497
1.14713 -0.72884 -0.21152
1.35622 -0.63582 -0.25497
1.48983 -0.48642 -0.37368
1.49262 -0.23906 -0.45399
1.39574 -0.09150 -0.60597
1.20749 -0.01124 -0.71723
0.97830 -0.01980 -0.75796
0.76958 -0.11488 -0.71723
0.63727 -0.27100 -0.60597
0.61681 -0.44633 -0.45399
0.71369 -0.59390 -0.30201
0.90194 -0.67415 -0.19075
1.13113 -0.66560 -0.15002
1.33985 -0.57052 -0.19075
1.47216 -0.41440 -0.30201
1.47658 -0.17172 -0.36812
1.38110 -0.01414 -0.51064
1.19330 0.07592 -0.61496
0.96352 0.07432 -0.65315
0.75332 -0.01851 -0.61496
0.61903 -0.17770 -0.51064
0.59662 -0.36059 -0.36812
0.69210 -0.51817 -0.22561
0.87990 -0.60823 -0.12128
1.10968 -0.60662 -0.08310
1.31988 -0.51379 -0.12128
1.45417 -0.35461 -0.22561
1.46474 -0.11833 -0.27899
1.37466 0.04921 -0.41343
1.18990 0.15137 -0.51184
0.95996 0.16077 -0.54787
0.74645 0.07489 -0.51184
0.60658 -0.08327 -0.41343
0.57784 -0.27131 -0.27899
0.66792 -0.43886 -0.14455
0.85268 -0.54102 -0.04614
1.08262 -0.55041 -0.01012
1.29613 -0.46453 -0.04614
1.43600 -0.30638 -0.14455
1.45688 -0.07740 -0.18738
1.37639 0.09943 -0.31587
1.19763 0.21544 -0.40994
0.96852 0.23955 -0.44437
0.75044 0.16529 -0.40994
0.60182 0.01256 -0.31587
0.56249 -0.17771 -0.18738
0.64299 -0.35454 -0.05889
0.82174 -0.47055 0.03518
1.05086 -0.49465 0.06960
1.26894 -0.42040 0.03518
1.41756 -0.26767 -0.05889
1.45212 -0.04556 -0.09411
1.38460 0.13882 -0.21944
1.21469 0.26910 -0.31118
0.98791 0.31038 -0.34476
0.76503 0.25159 -0.31118
0.60577 0.10849 -0.21944
0.55280 -0.08058 -0.09411
0.62031 -0.26496 0.03122
0.79022 -0.39524 0.12296
1.01700 -0.43651 0.15655
1.23988 -0.37773 0.12296
1.39914 -0.23463 0.03122
1.44966 -0.01751 -0.00000
1.39669 0.17156 -0.12533
1.23742 0.31466 -0.21707
1.01454 0.37345 -0.25065
0.78776 0.33217 -0.21707
0.61785 0.20189 -0.12533
0.55034 0.01751 -0.00000
0.60331 -0.17156 0.12533
0.76258 -0.31466 0.21707
0.98546 -0.37345 0.25065
1.21224 -0.33217 0.21707
1.38215 -0.20189 0.12533
1.44965 0.01292 0.09411
1.41032 0.20319 -0.03438
1.26171 0.35591 -0.12845
1.04363 0.43017 -0.16288
0.81451 0.40606 -0.12845
0.63576 0.29005 -0.03438
0.55526 0.11322 0.09411
0.59459 -0.07705 0.22260
0.74320 -0.22977 0.31666
0.96129 -0.30403 0.35109
1.19040 -0.27993 0.31666
1.36915 -0.16391 0.22260
1.45314 0.05107 0.18738
1.42439 0.23911 0.05294
1.28453 0.39726 -0.04547
1.07102 0.48314 -0.08149
0.84108 0.47375 -0.04547
0.65631 0.37159 0.05294
0.56624 0.20404 0.18738
0.59498 0.01600 0.32182
0.73485 -0.14215 0.42023
0.94836 -0.22804 0.45626
1.17830 -0.21864 0.42023
1.36306 -0.11648 0.32182
1.46127 0.10039 0.27899
1.43886 0.28327 0.13648
1.30457 0.44246 0.03215
1.09437 0.53529 -0.00603
0.86459 0.53689 0.03215
0.67679 0.44684 0.13648
0.58131 0.28926 0.27899
0.60372 0.10637 0.42150
0.73801 -0.05282 0.52583
0.94821 -0.14565 0.56402
1.17799 -0.14725 0.52583
1.36579 -0.05720 0.42150
1.47450 0.16252 0.36812
1.45405 0.33785 0.21614
1.32173 0.49398 0.10488
1.11302 0.58905 0.06416
0.88383 0.59761 0.10488
0.69557 0.51735 0.21614
0.59870 0.36979 0.36812
0.61916 0.19445 0.52011
0.75147 0.03833 0.63137
0.96018 -0.05675 0.67209
1.18937 -0.06530 0.63137
1.37763 0.01495 0.52011
1.49236 0.23795 0.45399
1.47003 0.40369 0.29184
1.33642 0.55308 0.17314
1.12733 0.64610 0.12969
0.89878 0.65783 0.17314
0.71202 0.58511 0.29184
0.61708 0.44744 0.45399
0.63940 0.28171 0.61614
0.77301 0.13231 0.73484
0.98210 0.03929 0.77829
1.21065 0.02757 0.73484
1.39741 0.10028 0.61614
1.51354 0.32664 0.53583
1.48646 0.48090 0.36341
1.34899 0.62030 0.23719
1.13799 0.70749 0.19099
0.90997 0.71910 0.23719
0.72605 0.65202 0.36341
0.63549 0.52422 0.53583
0.66258 0.36996 0.70825
0.80004 0.23056 0.83447
1.01105 0.14337 0.88067
1.23906 0.13177 0.83447
1.42299 0.19885 0.70825
1.53624 0.42830 0.61291
1.50253 0.56931 0.43059
1.35954 0.69580 0.29712
1.14558 0.77388 0.24827
0.91799 0.78263 0.29712
0.73775 0.71970 0.43059
0.65316 0.60195 0.61291
0.68687 0.46094 0.79522
0.82986 0.33445 0.92869
1.04382 0.25637 0.97754
1.27141 0.24763 0.92869
1.45165 0.31056 0.79522
1.55837 0.54254 0.68455
1.51713 0.66861 0.49306
1.36782 0.77959 0.35288
1.15045 0.84575 0.30157
0.92327 0.84937 0.35288
0.74714 0.78947 0.49306
0.66926 0.68210 0.68455
0.71050 0.55604 0.87603
0.85980 0.44506 1.01621
1.07717 0.37890 1.06752
1.30436 0.37528 1.01621
1.48049 0.43518 0.87603
1.57768 0.66885 0.75011
1.52890 0.77843 0.55043
1.37332 0.87164 0.40425
1.15262 0.92349 0.35075
0.92594 0.92009 0.40425
0.75401 0.86236 0.55043
0.68291 0.76576 0.75011
0.73168 0.65618 0.94979
0.88726 0.56297 1.09597
1.10796 0.51112 1.14947
1.33464 0.51452 1.09597
1.50657 0.57225 0.94979
1.59189 0.80655 0.80902
1.53633 0.89836 0.60227
1.37524 0.97187 0.45092
1.15179 1.00739 0.39553
0.92585 0.99540 0.45092
0.75797 0.93911 0.60227
0.69312 0.85361 0.80902
0.74869 0.76180 1.01576
0.90977 0.68829 1.16711
1.13322 0.65277 1.22251
1.35916 0.66476 1.16711
1.52704 0.72105 1.01576
1.59878 0.95478 0.86074
1.53778 1.02783 0.64814
1.37254 1.08013 0.49250
1.14736 1.09766 0.43553
0.92257 1.07573 0.49250
0.75839 1.02020 0.64814
0.69882 0.94597 0.86074
0.75983 0.87291 1.07335
0.92506 0.82061 1.22898
1.15025 0.80308 1.28595
1.37504 0.82502 1.22898
1.53922 0.88054 1.07335
1.59621 1.11243 0.90483
1.53157 1.16614 0.68758
1.36404 1.19613 0.52854
1.13850 1.19437 0.47033
0.91539 1.16133 0.52854
0.75449 1.10586 0.68758
0.69891 1.04283 0.90483
0.76354 0.98912 1.12208
0.93107 0.95912 1.28111
1.15661 0.96088 1.33932
1.37973 0.99392 1.28111
1.54063 1.04939 1.12208
1.58217 1.27815 0.94088
1.51604 1.31235 0.72016
1.34840 1.31940 0.55859
1.12418 1.29740 0.49944
0.90344 1.25225 0.55859
0.74535 1.19605 0.72016
0.69225 1.14386 0.94088
0.75838 1.10966 1.16160
0.92602 1.10262 1.32318
1.15025 1.12462 1.38232
1.37098 1.16976 1.32318
1.52908 1.22596 1.16160
1.55486 1.45036 0.96858
1.48955 1.46533 0.74549
1.32423 1.44923 0.58218
1.10321 1.40639 0.52240
0.88570 1.34828 0.58218
0.72999 1.29047 0.74549
0.67780 1.24845 0.96858
0.74311 1.23349 1.19168
0.90842 1.24958 1.35499
1.12945 1.29243 1.41477
1.34695 1.35054 1.35499
1.50266 1.40835 1.19168
1.51266 1.62722 0.98769
1.45055 1.62367 0.76321
1.29012 1.58469 0.59888
1.07436 1.52074 0.53874
0.86108 1.44895 0.59888
0.70743 1.38855 0.76321
0.65458 1.35573 0.98769
0.71669 1.35929 1.21216
0.87712 1.39826 1.37649
1.09288 1.46221 1.43664
1.30616 1.53400 1.37649
1.45981 1.59440 1.21216
1.45425 1.80666 0.99803
1.39767 1.78572 0.77304
1.24472 1.72456 0.60833
1.03639 1.63958 0.54805
0.82849 1.55355 0.60833
0.67673 1.48951 0.77304
0.62177 1.46462 0.99803
0.67835 1.48556 1.22302
0.83129 1.54672 1.38772
1.03963 1.63170 1.44801
1.24753 1.71773 1.38772
1.39929 1.78177 1.22302
1.37857 1.98642 0.99951
1.32973 1.94960 0.77474
1.18681 1.86738 0.61021
0.98811 1.76177 0.54998
0.78688 1.66109 0.61021
0.63702 1.59231 0.77474
0.57870 1.57386 0.99951
0.62755 1.61068 1.22427
0.77047 1.69290 1.38881
0.96917 1.79850 1.44903
1.17040 1.89918 1.38881
1.32026 1.96797 1.22427
1.28493 2.16409 0.99211
1.24579 2.11324 0.76819
1.11532 2.01142 0.60427
0.92847 1.88593 0.54427
0.73532 1.77039 0.60427
0.58761 1.69575 0.76819
0.52492 1.68202 0.99211
0.56406 1.73288 1.21604
0.69453 1.83470 1.37996
0.88137 1.96019 1.43996
1.07453 2.07573 1.37996
1.22224 2.15037 1.21604
1.17293 2.33714 0.97592
1.14521 2.27436 0.75332
1.02943 2.15477 0.59037
0.85660 2.01043 0.53072
0.67305 1.88001 0.59037
0.52795 1.79845 0.75332
0.46018 1.78761 0.97592
0.48790 1.85040 1.19851
0.60368 1.96998 1.36147
0.77650 2.11432 1.42111
0.96006 2.24475 1.36147
1.10516 2.32630 1.19851
1.04258 2.50296 0.95106
1.02766 2.43058 0.73016
0.92856 2.29534 0.56844
0.77185 2.13348 0.50925
0.59950 1.98838 0.56844
0.45771 1.89891 0.73016
0.38447 1.88905 0.95106
0.39939 1.96144 1.17196
0.49849 2.09667 1.33367
0.65520 2.25853 1.39286
0.82755 2.40363 1.33367
0.96934 2.49310 1.17196
0.89427 2.65892 0.91775
0.89316 2.57941 0.69881
0.81247 2.43089 0.53853
0.67382 2.25314 0.47986
0.51435 2.09380 0.53853
0.37680 1.99557 0.69881
0.29803 1.98476 0.91775
0.29913 2.06426 1.13670
0.37982 2.21279 1.29698
0.51847 2.39053 1.35564
0.67794 2.54987 1.29698
0.81549 2.64811 1.13670
0.72874 2.80243 0.87631
0.74211 2.71836 0.65948
0.68123 2.55912 0.50075
0.56242 2.36736 0.44265
0.41752 2.19448 0.50075
0.28535 2.08680 0.65948
0.20132 2.07316 0.87631
0.18796 2.15723 1.09313
0.24884 2.31647 1.25186
0.36765 2.50823 1.30996
0.51255 2.68111 1.25186
0.64472 2.78879 1.09313
0.54716 2.93099 0.82708
0.57525 2.84495 0.61245
0.53524 2.67770 0.45532
0.43786 2.47406 0.39781
0.30920 2.28859 0.45532
0.18373 2.17099 0.61245
0.09507 2.15277 0.82708
0.06698 2.23881 1.04171
0.10699 2.40606 1.19884
0.20437 2.60970 1.25635
0.33303 2.79517 1.19884
0.45850 2.91277 1.04171
0.35102 3.04225 0.77051
0.39371 2.95678 0.55807
0.37528 2.78434 0.40255
0.30067 2.57114 0.34563
0.18986 2.37431 0.40255
0.07256 2.24659 0.55807
-0.01981 2.22219 0.77051
-0.06250 2.30766 0.98296
-0.04407 2.48010 1.13848
0.03054 2.69329 1.19540
0.14135 2.89013 1.13848
0.25865 3.01785 0.98296
0.14220 3.13405 0.70711
0.19898 3.05159 0.49678
0.20245 2.87683 0.34282
0.15167 2.65659 0.28646
0.06025 2.44989 0.34282
-0.04731 2.31211 0.49678
-0.14220 2.28016 0.70711
-0.19898 2.36262 0.91743
-0.20245 2.53738 1.07140
-0.15167 2.75762 1.12775
-0.06025 2.96433 1.07140
0.04731 3.10211 0.91743
-0.07713 3.20450 0.63742
-0.00711 3.12734 0.42909
0.01820 2.95310 0.27658
-0.00797 2.72847 0.22076
-0.07863 2.51364 0.27658
-0.17483 2.36618 0.42909
-0.27079 2.32559 0.63742
-0.34081 2.40275 0.84576
-0.36613 2.57699 0.99827
-0.33995 2.80162 1.05409
-0.26930 3.01645 0.99827
-0.17310 3.16392 0.84576
-0.30450 3.25202 0.56208
-0.22243 3.18222 0.35556
-0.17570 3.01128 0.20438
-0.17683 2.78501 0.14904
-0.22552 2.56405 0.20438
-0.30873 2.40759 0.35556
-0.40415 2.35756 0.56208
-0.48623 2.42736 0.76860
-0.53296 2.59830 0.91979
-0.53182 2.82456 0.97513
-0.48313 3.04553 0.91979
-0.39992 3.20199 0.76860
-0.53721 3.27536 0.48175
-0.44455 3.21471 0.27682
-0.37720 3.04973 0.12680
-0.35319 2.82463 0.07189
-0.37895 2.59973 0.12680
-0.44760 2.43529 0.27682
-0.54072 2.37536 0.48175
-0.63338 2.43601 0.68668
-0.70074 2.60099 0.83670
-0.72475 2.82608 0.89161
-0.69898 3.05099 0.83670
-0.63034 3.21543 0.68668
-0.77238 3.27365 0.39715
-0.67085 3.22364 0.19355
-0.58399 3.06711 0.04451
-0.53508 2.84600 -0.01004
-0.53723 2.61955 0.04451
-0.58985 2.44844 0.19355
-0.67885 2.37852 0.39715
-0.78038 2.42853 0.60074
-0.86724 2.58507 0.74978
-0.91615 2.80618 0.80433
-0.91400 3.03263 0.74978
-0.86138 3.20374 0.60074
-1.00701 3.24646 0.30902
-0.89849 3.20824 0.10648
-0.79357 3.06240 -0.04179
-0.72036 2.84803 -0.09606
-0.69849 2.62256 -0.04179
-0.73380 2.44641 0.10648
-0.81685 2.36678 0.30902
-0.92537 2.40500 0.51156
-1.03029 2.55084 0.65982
-1.10349 2.76521 0.71410
-1.12537 2.99068 0.65982
-1.09005 3.16683 0.51156
-1.23803 3.19377 0.21814
-1.12452 3.16811 0.01636
-1.00325 3.03495 -0.13136
-0.90669 2.82998 -0.18543
-0.86073 2.60812 -0.13136
-0.87767 2.42881 0.01636
-0.95299 2.34010 0.21814
-1.06649 2.36576 0.41993
-1.18777 2.49892 0.56765
-1.28433 2.70389 0.62172
-1.33029 2.92576 0.56765
-1.31334 3.10507 0.41993
-1.46239 3.11600 0.12533
-1.34596 3.10329 -0.07602
-1.21025 2.98449 -0.22342
-1.09161 2.79143 -0.27737
-1.02184 2.57583 -0.22342
-1.01963 2.39548 -0.07602
-1.08557 2.29869 0.12533
-1.20200 2.31140 0.32669
-1.33771 2.43020 0.47409
-1.45635 2.62327 0.52804
-1.52612 2.83886 0.47409
-1.52833 3.01921 0.32669
-1.67713 3.01401 0.03141
-1.55982 3.01426 -0.16983
-1.41176 2.91115 -0.31715
-1.27260 2.73229 -0.37108
-1.17965 2.52562 -0.31715
-1.15781 2.34652 -0.16983
-1.21292 2.24296 0.03141
-1.33023 2.24271 0.23265
-1.47829 2.34583 0.37998
-1.61744 2.52468 0.43390
-1.71039 2.73135 0.37998
-1.73224 2.91046 0.23265
-1.87940 2.88906 -0.06279
-1.76318 2.90191 -0.26425
-1.60496 2.81546 -0.41173
-1.44712 2.65287 -0.46571
-1.33198 2.45772 -0.41173
-1.29036 2.28228 -0.26425
-1.33344 2.17357 -0.06279
-1.44966 2.16072 0.13867
-1.60789 2.24718 0.28615
-1.76572 2.40976 0.34013
-1.88087 2.60492 0.28615
-1.92248 2.78036 0.13867
-2.06661 2.74282 -0.15643
-1.95328 2.76755 -0.35844
-1.78713 2.69838 -0.50631
-1.61266 2.55383 -0.56044
-1.47664 2.37265 -0.50631
-1.41550 2.20338 -0.35844
-1.44563 2.09136 -0.15643
-1.55896 2.06663 0.04557
-1.72511 2.13580 0.19345
-1.89957 2.28035 0.24757
-2.03560 2.46153 0.19345
-2.09674 2.63081 0.04557
-2.23638 2.57728 -0.24869
-2.12756 2.61287 -0.45155
-1.95569 2.56123 -0.60005
-1.76682 2.43620 -0.65441
-1.61155 2.27128 -0.60005
-1.53150 2.11066 -0.45155
-1.54811 1.99738 -0.24869
-1.65693 1.96179 -0.04583
-1.82880 2.01343 0.10267
-2.01768 2.13846 0.15703
-2.17294 2.30338 0.10267
-2.25299 2.46400 -0.04583
-2.38669 2.39477 -0.33874
-2.28373 2.43992 -0.54275
-2.10827 2.40572 -0.69209
-1.90732 2.30135 -0.74676
-1.73474 2.15476 -0.69209
-1.63677 2.00524 -0.54275
-1.63965 1.89285 -0.33874
-1.74262 1.84770 -0.13473
-1.91808 1.88190 0.01462
-2.11902 1.98627 0.06928
-2.29160 2.13286 0.01462
-2.38957 2.28238 -0.13473
-2.51586 2.19785 -0.42578
-2.41980 2.25103 -0.63121
-2.24275 2.23387 -0.78160
-2.03214 2.15096 -0.83665
-1.84441 2.02452 -0.78160
-1.72986 1.88842 -0.63121
-1.71919 1.77914 -0.42578
-1.81525 1.72595 -0.22035
-1.99231 1.74311 -0.06996
-2.20292 1.82602 -0.01491
-2.39065 1.95246 -0.06996
-2.50519 2.08856 -0.22035
-2.62260 1.98925 -0.50904
-2.53416 2.04880 -0.71614
-2.35732 2.04799 -0.86775
-2.13946 1.98702 -0.92325
-1.93896 1.88224 -0.86775
-1.80954 1.76172 -0.71614
-1.78588 1.65776 -0.50904
-1.87432 1.59821 -0.30194
-2.05116 1.59902 -0.15033
-2.26902 1.65999 -0.09484
-2.46952 1.76477 -0.15033
-2.59894 1.88529 -0.30194
-2.70604 1.77186 -0.58779
-2.62558 1.83601 -0.79676
-2.45053 1.85061 -0.94975
-2.22779 1.81175 -1.00574
-2.01704 1.72984 -0.94975
-1.87475 1.62684 -0.79676
-1.83905 1.53033 -0.58779
-1.91950 1.46619 -0.37881
-2.09455 1.45159 -0.22582
-2.31730 1.49045 -0.16983
-2.52805 1.57235 -0.22582
-2.67034 1.67536 -0.37881
-2.76570 1.54862 -0.66131
-2.69323 1.61555 -0.87233
-2.52129 1.64444 -1.02681
-2.29596 1.62755 -1.08335
-2.07760 1.56941 -1.02681
-1.92472 1.48558 -0.87233
-1.87830 1.39855 -0.66131
-1.95076 1.33161 -0.45029
-2.12270 1.30272 -0.29582
-2.34803 1.31961 -0.23927
-2.56640 1.37776 -0.29582
-2.71927 1.46158 -0.45029
-2.80154 1.32246 -0.72897
-2.73671 1.39040 -0.94214
-2.56893 1.43232 -1.09819
-2.34315 1.43699 -1.15531
-2.11988 1.40315 -1.09819
-1.95893 1.33988 -0.94214
-1.90343 1.26412 -0.72897
-1.96826 1.19618 -0.51580
-2.13604 1.15426 -0.35975
-2.36182 1.14959 -0.30263
-2.58510 1.18343 -0.35975
-2.74605 1.24670 -0.51580
-2.81393 1.09625 -0.79016
-2.75604 1.16352 -1.00552
-2.59316 1.21712 -1.16318
-2.36894 1.24269 -1.22089
-2.14345 1.23339 -1.16318
-1.97713 1.19170 -1.00552
-1.91452 1.12879 -0.79016
-1.97242 1.06153 -0.57479
-2.13530 1.00792 -0.41713
-2.35952 0.98235 -0.35942
-2.58500 0.99165 -0.41713
-2.75133 1.03335 -0.57479
-2.80363 0.87275 -0.84433
-2.75165 0.93780 -1.06187
-2.59412 1.00170 -1.22113
-2.37326 1.04732 -1.27942
-2.14824 1.06245 -1.22113
-1.97936 1.04303 -1.06187
-1.91187 0.99425 -0.84433
-1.96385 0.92920 -0.62678
-2.12138 0.86530 -0.46753
-2.34224 0.81968 -0.40924
-2.56726 0.80455 -0.46753
-2.73614 0.82397 -0.62678
-2.77175 0.65452 -0.89101
-2.72437 0.71602 -1.11063
-2.57236 0.78885 -1.27140
-2.35645 0.85351 -1.33025
-2.13449 0.89265 -1.27140
-1.96596 0.89581 -1.11063
-1.89602 0.86213 -0.89101
-1.94340 0.80063 -0.67139
-2.09541 0.72780 -0.51061
-2.31132 0.66314 -0.45177
-2.53327 0.62399 -0.51061
-2.70180 0.62084 -0.67139
-2.71973 0.44393 -0.92978
-2.67539 0.50078 -1.15128
-2.52879 0.58124 -1.31343
-2.31920 0.66377 -1.37278
-2.10279 0.72624 -1.31343
-1.93754 0.75192 -1.15128
-1.86773 0.73393 -0.92978
-1.91206 0.67708 -0.70828
-2.05867 0.59661 -0.54613
-2.26825 0.51409 -0.48678
-2.48467 0.45162 -0.54613
-2.64992 0.42594 -0.70828
-2.64930 0.24307 -0.96029
-2.60625 0.29444 -1.18338
-2.46470 0.38135 -1.34669
-2.26257 0.48050 -1.40647
-2.05403 0.56532 -1.34669
-1.89494 0.61309 -1.18338
-1.82795 0.61101 -0.96029
-1.87100 0.55964 -0.73721
-2.01255 0.47273 -0.57390
-2.21468 0.37358 -0.51412
-2.42322 0.28876 -0.57390
-2.58231 0.24099 -0.73721
-2.56245 0.05372 -0.98229
-2.51880 0.09911 -1.20655
-2.38173 0.19141 -1.37072
-2.18796 0.30587 -1.43081
-1.98941 0.41184 -1.37072
-1.83929 0.48091 -1.20655
-1.77782 0.49458 -0.98229
-1.82147 0.44919 -0.75802
-1.95854 0.35689 -0.59385
-2.15231 0.24243 -0.53376
-2.35086 0.13647 -0.59385
-2.50098 0.06739 -0.75802
-2.46135 -0.12264 -0.99556
-2.41514 -0.08342 -1.22047
-2.28179 0.01338 -1.38512
-2.09705 0.14183 -1.44539
-1.91042 0.26751 -1.38512
-1.77189 0.35674 -1.22047
-1.71860 0.38562 -0.99556
-1.76482 0.34640 -0.77065
-1.89816 0.24960 -0.60600
-2.08290 0.12115 -0.54574
-2.26954 -0.00453 -0.60600
-2.40806 -0.09376 -0.77065
-2.34834 -0.28488 -1.00000
-2.29759 -0.25171 -1.22491
-2.16709 -0.15110 -1.38955
-1.99183 -0.01000 -1.44981
-1.81875 0.13378 -1.38955
-1.69424 0.24172 -1.22491
-1.65166 0.28488 -1.00000
-1.70241 0.25171 -0.77509
-1.83291 0.15110 -0.61045
-2.00817 0.01000 -0.55019
-2.18125 -0.13378 -0.61045
-2.30576 -0.24172 -0.77509
-2.22586 -0.43224 -0.99556
-2.16866 -0.40469 -1.21968
-2.04004 -0.30076 -1.38374
-1.87447 -0.14831 -1.44380
-1.71632 0.01181 -1.38374
-1.60795 0.13670 -1.21968
-1.57840 0.19290 -0.99556
-1.63560 0.16534 -0.77144
-1.76422 0.06142 -0.60738
-1.92979 -0.09103 -0.54733
-2.08794 -0.25115 -0.60738
-2.19631 -0.37605 -0.77144
-2.09638 -0.56432 -0.98229
-2.03098 -0.54167 -1.20470
-1.90324 -0.43475 -1.36752
-1.74738 -0.27222 -1.42712
-1.60518 -0.09761 -1.36752
-1.51473 0.04227 -1.20470
-1.50027 0.10996 -0.98229
-1.56567 0.08731 -0.75987
-1.69341 -0.01961 -0.59705
-1.84927 -0.18215 -0.53745
-1.99147 -0.35675 -0.59705
-2.08192 -0.49663 -0.75987
-1.96242 -0.68106 -0.96029
-1.88726 -0.66238 -1.17998
-1.75939 -0.55263 -1.34080
-1.61307 -0.38122 -1.39967
-1.48750 -0.19406 -1.34080
-1.41633 -0.04132 -1.17998
-1.41863 0.03609 -0.96029
-1.49379 0.01741 -0.74061
-1.62166 -0.09234 -0.57978
-1.76798 -0.26375 -0.52092
-1.89355 -0.45091 -0.57978
-1.96472 -0.60365 -0.74061
-1.82643 -0.78275 -0.92978
-1.74025 -0.76698 -1.14561
-1.61130 -0.65444 -1.30361
-1.47412 -0.47528 -1.36145
-1.36548 -0.27751 -1.30361
-1.31448 -0.11413 -1.14561
-1.33479 -0.02891 -0.92978
-1.42096 -0.04468 -0.71394
-1.54992 -0.15723 -0.55594
-1.68709 -0.33638 -0.49811
-1.79574 -0.53415 -0.55594
-1.84674 -0.69753 -0.71394
-1.69082 -0.87003 -0.89101
-1.59268 -0.85603 -1.10179
-1.46175 -0.74067 -1.25610
-1.33313 -0.55486 -1.31258
-1.24127 -0.34839 -1.25610
-1.21080 -0.17657 -1.10179
-1.24986 -0.08546 -0.89101
-1.34801 -0.09945 -0.68022
-1.47893 -0.21481 -0.52591
-1.60756 -0.40063 -0.46943
-1.69941 -0.60710 -0.52591
-1.72989 -0.77892 -0.68022
-1.55789 -0.94381 -0.84433
-1.44720 -0.93054 -1.04885
-1.31350 -0.81235 -1.19857
-1.19262 -0.62092 -1.25337
-1.11696 -0.40754 -1.19857
-1.10678 -0.22938 -1.04885
-1.16481 -0.13419 -0.84433
-1.27551 -0.14746 -0.63981
-1.40921 -0.26565 -0.49008
-1.53009 -0.45708 -0.43528
-1.60575 -0.67046 -0.49008
-1.61593 -0.84861 -0.63981
-1.42984 -1.00528 -0.79016
-1.30637 -0.99188 -0.98722
-1.16916 -0.87097 -1.13149
-1.05497 -0.67493 -1.18429
-0.99440 -0.45629 -1.13149
-1.00368 -0.27364 -0.98722
-1.08032 -0.17592 -0.79016
-1.20379 -0.18931 -0.59309
-1.34100 -0.31022 -0.44882
-1.45519 -0.50626 -0.39602
-1.51576 -0.72490 -0.44882
-1.50648 -0.90755 -0.59309
-1.30871 -1.05583 -0.72897
-1.17262 -1.04184 -0.91750
-1.03120 -0.91850 -1.05551
-0.92235 -0.71886 -1.10603
-0.87523 -0.49640 -1.05551
-0.90247 -0.31074 -0.91750
-0.99677 -0.21162 -0.72897
-1.13286 -0.22560 -0.54044
-1.27428 -0.34894 -0.40243
-1.38313 -0.54859 -0.35191
-1.43025 -0.77105 -0.40243
-1.40301 -0.95671 -0.54044
-1.19645 -1.09702 -0.66131
-1.04820 -1.08249 -0.84040
-0.90186 -0.95737 -0.97149
-0.79664 -0.75517 -1.01948
-0.76073 -0.53007 -0.97149
-0.80375 -0.34240 -0.84040
-0.91418 -0.24243 -0.66131
-1.06243 -0.25695 -0.48223
-1.20877 -0.38208 -0.35113
-1.31400 -0.58428 -0.30314
-1.34991 -0.80938 -0.35113
-1.30688 -0.99705 -0.48223
-1.09483 -1.13046 -0.58779
-0.93518 -1.11613 -0.75680
-0.78313 -0.99031 -0.88053
-0.67941 -0.78672 -0.92582
-0.65182 -0.55990 -0.88053
-0.70775 -0.37063 -0.75680
-0.83222 -0.26963 -0.58779
-0.99187 -0.28395 -0.41877
-1.14392 -0.40977 -0.29504
-1.24764 -0.61337 -0.24975
-1.27523 -0.84019 -0.29504
-1.21930 -1.02946 -0.41877
-1.00546 -1.15771 -0.50904
-0.83544 -1.14513 -0.66777
-0.67677 -1.02030 -0.78396
-0.57197 -0.81666 -0.82649
-0.54912 -0.58878 -0.78396
-0.61434 -0.39772 -0.66777
-0.75017 -0.29467 -0.50904
-0.92019 -0.30725 -0.35032
-1.07886 -0.43208 -0.23412
-1.18366 -0.63572 -0.19159
-1.20651 -0.86360 -0.23412
-1.14128 -1.05466 -0.35032
-0.92964 -1.18012 -0.42578
-0.75055 -1.17171 -0.57450
-0.58427 -1.05023 -0.68336
-0.47535 -0.84822 -0.72321
-0.45298 -0.61981 -0.68336
-0.52315 -0.42620 -0.57450
-0.66706 -0.31928 -0.42578
-0.84615 -0.32768 -0.27706
-1.01243 -0.44916 -0.16819
-1.12134 -0.65118 -0.12835
-1.14371 -0.87959 -0.16819
-1.07354 -1.07319 -0.27706
-0.86808 -1.19872 -0.33874
-0.68163 -1.19765 -0.47837
-0.50681 -1.08254 -0.58058
-0.39046 -0.88424 -0.61800
-0.36375 -0.65589 -0.58058
-0.43384 -0.45866 -0.47837
-0.58196 -0.34541 -0.33874
-0.76840 -0.34648 -0.19911
-0.94322 -0.46159 -0.09689
-1.05958 -0.65989 -0.05948
-1.08628 -0.88824 -0.09689
-1.01619 -1.08547 -0.19911
-0.82043 -1.21417 -0.24869
-0.62888 -1.22392 -0.38087
-0.44498 -1.11866 -0.47764
-0.31802 -0.92661 -0.51306
-0.28200 -0.69922 -0.47764
-0.34659 -0.49741 -0.38087
-0.49447 -0.37527 -0.24869
-0.68602 -0.36552 -0.11651
-0.86992 -0.47078 -0.01974
-0.99688 -0.66283 0.01568
-1.03290 -0.89022 -0.01974
-0.96831 -1.09203 -0.11651
-0.78466 -1.22707 -0.15643
-0.59089 -1.25063 -0.28354
-0.39822 -1.15854 -0.37658
-0.25828 -0.97546 -0.41064
-0.20858 -0.75045 -0.37658
-0.26242 -0.54380 -0.28354
-0.40538 -0.41089 -0.15643
-0.59916 -0.38732 -0.02933
-0.79183 -0.47941 0.06371
-0.93176 -0.66249 0.09777
-0.98147 -0.88750 0.06371
-0.92762 -1.09415 -0.02933
-0.75678 -1.23861 -0.06279
-0.56408 -1.27744 -0.18776
-0.36409 -1.20066 -0.27924
-0.21040 -1.02886 -0.31272
-0.14419 -0.80805 -0.27924
-0.18320 -0.59741 -0.18776
-0.31698 -0.45338 -0.06279
-0.50969 -0.41455 0.06218
-0.70968 -0.49132 0.15366
-0.86337 -0.66313 0.18714
-0.92958 -0.88394 0.15366
-0.89057 -1.09457 0.06218
-0.73154 -1.25121 0.03141
-0.54301 -1.30440 -0.09463
-0.33813 -1.24299 -0.18690
-0.17180 -1.08346 -0.22067
-0.08858 -0.86853 -0.18690
-0.11078 -0.65580 -0.09463
-0.23244 -0.50227 0.03141
-0.42097 -0.44908 0.15745
-0.62585 -0.51048 0.24972
-0.79219 -0.67002 0.28350
-0.87540 -0.88495 0.24972
-0.85320 -1.09768 0.15745
-0.70391 -1.26833 0.12533
-0.52177 -1.33264 -0.00486
-0.31481 -1.28422 -0.10017
-0.13849 -1.13606 -0.13506
-0.04004 -0.92785 -0.10017
-0.04585 -0.71539 -0.00486
-0.15436 -0.55559 0.12533
-0.33650 -0.49129 0.25553
-0.54346 -0.53970 0.35084
-0.71979 -0.68786 0.38572
-0.81823 -0.89607 0.35084
-0.81242 -1.10854 0.25553
-0.67036 -1.29340 0.21814
-0.49567 -1.36407 0.08121
-0.28918 -1.32438 -0.01902
-0.10623 -1.18495 -0.05571
0.00418 -0.98315 -0.01902
0.01245 -0.77305 0.08121
-0.08362 -0.61094 0.21814
-0.25831 -0.54026 0.35507
-0.46480 -0.57996 0.45531
-0.64775 -0.71938 0.49200
-0.75816 -0.92118 0.45531
-0.76643 -1.13129 0.35507
-0.62895 -1.32865 0.30902
-0.46189 -1.40052 0.16347
-0.25792 -1.36443 0.05692
-0.07169 -1.23005 0.01792
0.04689 -1.03339 0.05692
0.06606 -0.82714 0.16347
-0.01933 -0.66656 0.30902
-0.18639 -0.59469 0.45457
-0.39036 -0.63078 0.56112
-0.57659 -0.76516 0.60012
-0.69517 -0.96182 0.56112
-0.71434 -1.16807 0.45457
-0.57876 -1.37480 0.39715
-0.41915 -1.44305 0.24182
-0.21935 -1.40551 0.12811
-0.03289 -1.27225 0.08649
0.09027 -1.07896 0.12811
0.11712 -0.87744 0.24182
0.04047 -0.72169 0.39715
-0.11914 -0.65344 0.55247
-0.31894 -0.69098 0.66618
-0.50540 -0.82424 0.70780
-0.62856 -1.01753 0.66618
-0.65541 -1.21905 0.55247
-0.51915 -1.43131 0.48175
-0.36694 -1.49190 0.31616
-0.17282 -1.44849 0.19495
0.01118 -1.31272 0.15058
0.13577 -1.12097 0.19495
0.16756 -0.92461 0.31616
0.09804 -0.77627 0.48175
-0.05418 -0.71568 0.64734
-0.24830 -0.75909 0.76856
-0.43230 -0.89486 0.81293
-0.55689 -1.08661 0.76856
-0.58868 -1.28297 0.64734
-0.44953 -1.49681 0.56208
-0.30502 -1.54660 0.38630
-0.11817 -1.49378 0.25762
0.06095 -1.35251 0.21052
0.18435 -1.16064 0.25762
0.21896 -0.96958 0.38630
0.15551 -0.83053 0.56208
0.01101 -0.78074 0.73786
-0.17584 -0.83356 0.86654
-0.35496 -0.97483 0.91364
-0.47836 -1.16670 0.86654
-0.51297 -1.35776 0.73786
-0.36919 -1.56947 0.63742
-0.23314 -1.60625 0.45196
-0.05531 -1.54142 0.31618
0.11665 -1.39237 0.26649
0.23667 -1.19902 0.31618
0.27260 -1.01318 0.45196
0.21479 -0.88465 0.63742
0.07874 -0.84787 0.82289
-0.09909 -0.91270 0.95867
-0.27105 -1.06175 1.00836
-0.39107 -1.25510 0.95867
-0.42700 -1.44094 0.82289
-0.27743 -1.64720 0.70711
-0.15098 -1.66964 0.51277
0.01592 -1.59113 0.37051
0.17856 -1.43271 0.31843
0.29336 -1.23683 0.37051
0.32954 -1.05597 0.51277
0.27743 -0.93859 0.70711
0.15098 -0.91615 0.90144
-0.01592 -0.99465 1.04371
-0.17856 -1.15307 1.09578
-0.29336 -1.34896 1.04371
-0.32954 -1.52982 0.90144
-0.17362 -1.72776 0.77051
-0.05816 -1.73535 0.56835
0.09581 -1.64234 0.42035
0.24703 -1.47365 0.36618
0.35498 -1.27447 0.42035
0.39074 -1.09818 0.56835
0.34473 -0.99202 0.77051
0.22927 -0.98442 0.97268
0.07530 -1.07743 1.12068
-0.07592 -1.24613 1.17485
-0.18387 -1.44530 1.12068
-0.21963 -1.62159 0.97268
-0.05724 -1.80883 0.82708
0.04571 -1.80181 0.61825
0.18470 -1.69424 0.46537
0.32249 -1.51496 0.40941
0.42216 -1.31200 0.46537
0.45700 -1.13973 0.61825
0.41768 -1.04433 0.82708
0.31473 -1.05135 1.03591
0.17574 -1.15891 1.18879
0.03795 -1.33820 1.24475
-0.06172 -1.54116 1.18879
-0.09656 -1.71342 1.03591
0.07198 -1.88801 0.87631
0.16092 -1.86727 0.66202
0.28297 -1.74580 0.50515
0.40543 -1.55615 0.44773
0.49548 -1.34914 0.50515
0.52900 -1.18023 0.66202
0.49700 -1.09469 0.87631
0.40806 -1.11544 1.09059
0.28601 -1.23691 1.24746
0.16355 -1.42656 1.30488
0.07350 -1.63357 1.24746
0.03998 -1.80247 1.09059
0.21407 -1.96291 0.91775
0.28764 -1.92989 0.69922
0.39095 -1.79575 0.53924
0.49631 -1.59642 0.48069
0.57549 -1.38533 0.53924
0.60728 -1.21903 0.69922
0.58316 -1.14208 0.91775
0.50959 -1.17510 1.13629
0.40628 -1.30924 1.29626
0.30092 -1.50857 1.35482
0.22173 -1.71966 1.29626
0.18995 -1.88596 1.13629
0.36876 -2.03113 0.95106
0.42584 -1.98773 0.72943
0.50883 -1.84265 0.56719
0.59550 -1.63475 0.50780
0.66261 -1.41974 0.56719
0.69220 -1.25523 0.72943
0.67632 -1.18531 0.95106
0.61924 -1.22871 1.17268
0.53625 -1.37379 1.33493
0.44959 -1.58169 1.39431
0.38247 -1.79670 1.33493
0.35289 -1.96121 1.17268
0.53549 -2.09031 0.97592
0.57527 -2.03879 0.75226
0.63667 -1.88489 0.58853
0.70323 -1.66987 0.52860
0.75713 -1.45132 0.58853
0.78391 -1.28781 0.75226
0.77640 -1.22315 0.97592
0.73662 -1.27467 1.19957
0.67522 -1.42856 1.36330
0.60866 -1.64359 1.42323
0.55476 -1.86214 1.36330
0.52798 -2.02565 1.19957
0.71333 -2.13818 0.99211
0.73537 -2.08102 0.76738
0.77424 -1.92076 0.60286
0.81953 -1.70035 0.54264
0.85910 -1.47883 0.60286
0.88235 -1.31558 0.76738
0.88306 -1.25432 0.99211
0.86102 -1.31148 1.21685
0.82215 -1.47174 1.38137
0.77686 -1.69215 1.44159
0.73729 -1.91366 1.38137
0.71403 -2.07692 1.21685
0.90108 -2.17260 0.99951
0.90532 -2.11242 0.77452
0.92109 -1.94846 0.60981
0.94418 -1.72464 0.54953
0.96839 -1.50095 0.60981
0.98723 -1.33731 0.77452
0.99567 -1.27758 0.99951
0.99143 -1.33776 1.22450
0.97566 -1.50172 1.38920
0.95257 -1.72553 1.44949
0.92836 -1.94923 1.38920
0.90952 -2.11286 1.22450
1.09720 -2.19160 0.99803
1.08398 -2.13106 0.77348
1.07647 -1.96619 0.60910
1.07669 -1.74116 0.54894
1.08457 -1.51626 0.60910
1.09801 -1.35177 0.77348
1.11340 -1.29174 0.99803
1.12662 -1.35228 1.22257
1.13413 -1.51715 1.38695
1.13391 -1.74219 1.44712
1.12603 -1.96708 1.38695
1.11259 -2.13158 1.22257
1.29985 -2.19343 0.98769
1.26990 -2.13514 0.76416
1.23932 -1.97221 0.60052
1.21629 -1.74828 0.54063
1.20698 -1.52337 0.60052
1.21390 -1.35773 0.76416
1.23519 -1.29576 0.98769
1.26514 -1.35404 1.21122
1.29572 -1.51698 1.37485
1.31875 -1.74090 1.43475
1.32806 -1.96581 1.37485
1.32114 -2.13145 1.21122
1.50695 -2.17659 0.96858
1.46137 -2.12303 0.74652
1.40828 -1.96487 0.58395
1.36192 -1.74449 0.52445
1.33471 -1.52093 0.58395
1.33393 -1.35410 0.74652
1.35979 -1.28870 0.96858
1.40537 -1.34226 1.19065
1.45845 -1.50042 1.35321
1.50481 -1.72080 1.41272
1.53203 -1.94436 1.35321
1.53281 -2.11119 1.19065
1.71615 -2.13988 0.94088
1.65637 -2.09334 0.72061
1.58175 -1.94271 0.55936
1.51228 -1.72835 0.50033
1.46657 -1.50770 0.55936
1.45688 -1.33988 0.72061
1.48580 -1.26986 0.94088
1.54558 -1.31639 1.16115
1.62020 -1.46702 1.32241
1.68967 -1.68138 1.38143
1.73538 -1.90203 1.32241
1.74507 -2.06985 1.16115
1.92495 -2.08242 0.90483
1.85269 -2.04494 0.68657
1.75783 -1.90446 0.52680
1.66578 -1.69863 0.46832
1.60120 -1.48260 0.52680
1.58140 -1.31425 0.68657
1.61169 -1.23870 0.90483
1.68394 -1.27618 1.12308
1.77880 -1.41666 1.28285
1.87086 -1.62249 1.34133
1.93543 -1.83852 1.28285
1.95523 -2.00687 1.12308
2.13066 -2.00371 0.86074
2.04791 -1.97702 0.64464
1.93443 -1.84913 0.48645
1.82064 -1.65430 0.42854
1.73702 -1.44474 0.48645
1.70598 -1.27660 0.64464
1.73584 -1.19494 0.86074
1.81859 -1.22163 1.07684
1.93207 -1.34952 1.23504
2.04586 -1.54435 1.29294
2.12948 -1.75391 1.23504
2.16052 -1.92204 1.07684
2.33053 -1.90361 0.80902
2.23945 -1.88912 0.59512
2.10927 -1.77600 0.43853
1.97489 -1.59458 0.38122
1.87230 -1.39345 0.43853
1.82900 -1.22652 0.59512
1.85659 -1.13851 0.80902
1.94768 -1.15301 1.02292
2.07785 -1.26612 1.17950
2.21224 -1.44755 1.23682
2.31482 -1.64867 1.17950
2.35812 -1.81560 1.02292
2.52176 -1.78240 0.75011
2.42465 -1.78114 0.53839
2.27995 -1.68472 0.38339
2.12642 -1.51897 0.32666
2.00520 -1.32832 0.38339
1.94879 -1.16384 0.53839
1.97228 -1.06961 0.75011
2.06939 -1.07087 0.96184
2.21409 -1.16729 1.11683
2.36762 -1.33303 1.17356
2.48884 -1.52368 1.11683
2.54525 -1.68816 0.96184
2.70156 -1.64074 0.68455
2.60082 -1.65336 0.47490
2.44396 -1.57524 0.32143
2.27302 -1.42731 0.26526
2.13381 -1.24920 0.32143
2.06362 -1.08863 0.47490
2.08126 -0.98864 0.68455
2.18201 -0.97602 0.89419
2.33887 -1.05414 1.04766
2.50980 -1.20207 1.10383
2.64902 -1.38018 1.04766
2.71921 -1.54075 0.89419
2.86724 -1.47971 0.61291
2.76526 -1.50649 0.40520
2.59880 -1.44793 0.25315
2.41245 -1.31972 0.19749
2.25616 -1.15621 0.25315
2.17180 -1.00122 0.40520
2.18197 -0.89627 0.61291
2.28395 -0.86949 0.82061
2.45042 -0.92805 0.97267
2.63676 -1.05626 1.02832
2.79305 -1.21977 0.97267
2.87742 -1.37476 0.82061
3.01625 -1.30078 0.53583
2.91539 -1.34159 0.32986
2.74197 -1.30349 0.17909
2.54246 -1.19668 0.12390
2.37031 -1.04978 0.17909
2.27166 -0.90215 0.32986
2.27293 -0.79335 0.53583
2.37379 -0.75254 0.74179
2.54721 -0.79064 0.89257
2.74672 -0.89746 0.94776
2.91887 -1.04436 0.89257
3.01752 -1.19198 0.74179
3.14622 -1.10579 0.45399
3.04873 -1.16014 0.24954
2.87107 -1.14301 0.09986
2.66083 -1.05899 0.04508
2.47436 -0.93059 0.09986
2.36161 -0.79222 0.24954
2.35280 -0.68095 0.45399
2.45029 -0.62660 0.65845
2.62795 -0.64373 0.80812
2.83819 -0.72775 0.86290
3.02466 -0.85615 0.80812
3.13741 -0.99452 0.65845
3.25508 -0.89690 0.36812
3.16304 -0.96394 0.16492
2.98383 -0.96792 0.01616
2.76548 -0.90778 -0.03829
2.56649 -0.79963 0.01616
2.44017 -0.67244 0.16492
2.42039 -0.56031 0.36812
2.51243 -0.49327 0.57133
2.69163 -0.48929 0.72009
2.90998 -0.54943 0.77454
3.10898 -0.65758 0.72009
3.23529 -0.78477 0.57133
3.34103 -0.67660 0.27899
3.25630 -0.75516 0.07674
3.07819 -0.78002 -0.07132
2.85445 -0.74450 -0.12552
2.64502 -0.65812 -0.07132
2.50601 -0.54403 0.07674
2.47468 -0.43281 0.27899
2.55942 -0.35424 0.48125
2.73752 -0.32939 0.62931
2.96127 -0.36491 0.68350
3.17070 -0.45129 0.62931
3.30970 -0.56537 0.48125
3.40267 -0.44760 0.18738
3.32681 -0.53626 -0.01423
3.15234 -0.58137 -0.16181
2.92599 -0.57087 -0.21583
2.70843 -0.50755 -0.16181
2.55795 -0.40839 -0.01423
2.51487 -0.29996 0.18738
2.59073 -0.21130 0.38899
2.76520 -0.16618 0.53657
2.99155 -0.17669 0.59060
3.20911 -0.24001 0.53657
3.35959 -0.33917 0.38899
3.43897 -0.21282 0.09411
3.37325 -0.30991 -0.10717
3.20474 -0.37436 -0.25452
2.97860 -0.38890 -0.30845
2.75542 -0.34963 -0.25452
2.59500 -0.26709 -0.10717
2.54033 -0.16337 0.09411
2.60605 -0.06628 0.29539
2.77456 -0.00183 0.44274
3.00070 0.01271 0.49667
3.22388 -0.02655 0.44274
3.38430 -0.10910 0.29539
3 0 12 13
3 0 13 1
3 1 13 14
3 1 14 2
3 2 14 15
3 2 15 3
3 3 15 16
3 3 16 4
3 4 16 17
3 4 17 5
3 5 17 18
3 5 18 6
3 6 18 19
3 6 19 7
3 7 19 20
3 7 20 8
3 8 20 21
3 8 21 9
3 9 21 22
3 9 22 10
3 10 22 23
3 10 23 11
3 11 23 12
3 11 12 0
3 12 24 25
3 12 25 13
3 13 25 26
3 13 26 14
3 14 26 27
3 14 27 15
3 15 27 28
3 15 28 16
3 16 28 29
3 16 29 17
3 17 29 30
3 17 30 18
3 18 30 31
3 18 31 19
3 19 31 32
3 19 32 20
3 20 32 33
3 20 33 21
3 21 33 34
3 21 34 22
3 22 34 35
3 22 35 23
3 23 35 24
3 23 24 12
3 24 36 37
3 24 37 25
3 25 37 38
3 25 38 26
3 26 38 39
3 26 39 27
3 27 39 40
3 27 40 28
3 28 40 41
3 28 41 29
3 29 41 42
3 29 42 30
3 30 42 43
3 30 43 31
3 31 43 44
3 31 44 32
3 32 44 45
3 32 45 33
3 33 45 46
3 33 46 34
3 34 46 47
3 34 47 35
3 35 47 36
3 35 36 24
3 36 48 49
3 36 49 37
3 37 49 50
3 37 50 38
3 38 50 51
3 38 51 39
3 39 51 52
3 39 52 40
3 40 52 53
3 40 53 41
3 41 53 54
3 41 54 42
3 42 54 55
3 42 55 43
3 43 55 56
3 43 56 44
3 44 56 57
3 44 57 45
3 45 57 58
3 45 58 46
3 46 58 59
3 46 59 47
3 47 59 48
3 47 48 36
3 48 60 61
3 48 61 49
3 49 61 62
3 49 62 50
3 50 62 63
3 50 63 51
3 51 63 64
3 51 64 52
3 52 64 65
3 52 65 53
3 53 65 66
3 53 66 54
3 54 66 67
3 54 67 55
3 55 67 68
3 55 68 56
3 56 68 69
3 56 69 57
3 57 69 70
3 57 70 58
3 58 70 71
3 58 71 59
3 59 71 60
3 59 60 48
3 60 72 73
3 60 73 61
3 61 73 74
3 61 74 62
3 62 74 75
3 62 75 63
3 63 75 76
3 63 76 64
3 64 76 77
3 64 77 65
3 65 77 78
3 65 78 66
3 66 78 79
3 66 79 67
3 67 79 80
3 67 80 68
3 68 80 81
3 68 81 69
3 69 81 82
3 69 82 70
3 70 82 83
3 70 83 71
3 71 83 72
3 71 72 60
3 72 84 85
3 72 85 73
3 73 85 86
3 73 86 74
3 74 86 87
3 74 87 75
3 75 87 88
3 75 88 76
3 76 88 89
3 76 89 77
3 77 89 90
3 77 90 78
3 78 90 91
3 78 91 79
3 79 91 92
3 79 92 80
3 80 92 93
3 80 93 81
3 81 93 94
3 81 94 82
3 82 94 95
3 82 95 83
3 83 95 84
3 83 84 72
3 84 96 97
3 84 97 85
3 85 97 98
3 85 98 86
3 86 98 99
3 86 99 87
3 87 99 100
3 87 100 88
3 88 100 101
3 88 101 89
3 89 101 102
3 89 102 90
3 90 102 103
3 90 103 91
3 91 103 104
3 91 104 92
3 92 104 105
3 92 105 93
3 93 105 106
3 93 106 94
3 94 106 107
3 94 107 95
3 95 107 96
3 95 96 84
3 96 108 109
3 96 109 97
3 97 109 110
3 97 110 98
3 98 110 111
3 98 111 99
3 99 111 112
3 99 112 100
3 100 112 113
3 100 113 101
3 101 113 114
3 101 114 102
3 102 114 115
3 102 115 103
3 103 115 116
3 103 116 104
3 104 116 117
3 104 117 105
3 105 117 118
3 105 118 106
3 106 118 119
3 106 119 107
3 107 119 108
3 107 108 96
3 108 120 121
3 108 121 109
3 109 121 122
3 109 122 110
3 110 122 123
3 110 123 111
3 111 123 124
3 111 124 112
3 112 124 125
3 112 125 113
3 113 125 126
3 113 126 114
3 114 126 127
3 114 127 115
3 115 127 128
3 115 128 116
3 116 128 129
3 116 129 117
3 117 129 130
3 117 130 118
3 118 130 131
3 118 131 119
3 119 131 120
3 119 120 108
3 120 132 133
3 120 133 121
3 121 133 134
3 121 134 122
3 122 134 135
3 122 135 123
3 123 135 136
3 123 136 124
3 124 136 137
3 124 137 125
3 125 137 138
3 125 138 126
3 126 138 139
3 126 139 127
3 127 139 140
3 127 140 128
3 128 140 141
3 128 141 129
3 129 141 142
3 129 142 130
3 130 142 143
3 130 143 131
3 131 143 132
3 131 132 120
3 132 144 145
3 132 145 133
3 133 145 146
3 133 146 134
3 134 146 147
3 134 147 135
3 135 147 148
3 135 148 136
3 136 148 149
3 136 149 137
3 137 149 150
3 137 150 138
3 138 150 151
3 138 151 139
3 139 151 152
3 139 152 140
3 140 152 153
3 140 153 141
3 141 153 154
3 141 154 142
3 142 154 155
3 142 155 143
3 143 155 144
3 143 144 132
3 144 156 157
3 144 157 145
3 145 157 158
3 145 158 146
3 146 158 159
3 146 159 147
3 147 159 160
3 147 160 148
3 148 160 161
3 148 161 149
3 149 161 162
3 149 162 150
3 150 162 163
3 150 163 151
3 151 163 164
3 151 164 152
3 152 164 165
3 152 165 153
3 153 165 166
3 153 166 154
3 154 166 167
3 154 167 155
3 155 167 156
3 155 156 144
3 156 168 169
3 156 169 157
3 157 169 170
3 157 170 158
3 158 170 171
3 158 171 159
3 159 171 172
3 159 172 160
3 160 172 173
3 160 173 161
3 161 173 174
3 161 174 162
3 162 174 175
3 162 175 163
3 163 175 176
3 163 176 164
3 164 176 177
3 164 177 165
3 165 177 178
3 165 178 166
3 166 178 179
3 166 179 167
3 167 179 168
3 167 168 156
3 168 180 181
3 168 181 169
3 169 181 182
3 169 182 170
3 170 182 183
3 170 183 171
3 171 183 184
3 171 184 172
3 172 184 185
3 172 185 173
3 173 185 186
3 173 186 174
3 174 186 187
3 174 187 175
3 175 187 188
3 175 188 176
3 176 188 189
3 176 189 177
3 177 189 190
3 177 190 178
3 178 190 191
3 178 191 179
3 179 191 180
3 179 180 168
3 180 192 193
3 180 193 181
3 181 193 194
3 181 194 182
3 182 194 195
3 182 195 183
3 183 195 196
3 183 196 184
3 184 196 197
3 184 197 185
3 185 197 198
3 185 198 186
3 186 198 199
3 186 199 187
3 187 199 200
3 187 200 188
3 188 200 201
3 188 201 189
3 189 201 202
3 189 202 190
3 190 202 203
3 190 203 191
3 191 203 192
3 191 192 180
3 192 204 205
3 192 205 193
3 193 205 206
3 193 206 194
3 194 206 207
3 194 207 195
3 195 207 208
3 195 208 196
3 196 208 209
3 196 209 197
3 197 209 210
3 197 210 198
3 198 210 211
3 198 211 199
3 199 211 212
3 199 212 200
3 200 212 213
3 200 213 201
3 201 213 214
3 201 214 202
3 202 214 215
3 202 215 203
3 203 215 204
3 203 204 192
3 204 216 217
3 204 217 205
3 205 217 218
3 205 218 206
3 206 218 219
3 206 219 207
3 207 219 220
3 207 220 208
3 208 220 221
3 208 221 209
3 209 221 222
3 209 222 210
3 210 222 223
3 210 223 211
3 211 223 224
3 211 224 212
3 212 224 225
3 212 225 213
3 213 225 226
3 213 226 214
3 214 226 227
3 214 227 215
3 215 227 216
3 215 216 204
3 216 228 229
3 216 229 217
3 217 229 230
3 217 230 218
3 218 230 231
3 218 231 219
3 219 231 232
3 219 232 220
3 220 232 233
3 220 233 221
3 221 233 234
3 221 234 222
3 222 234 235
3 222 235 223
3 223 235 236
3 223 236 224
3 224 236 237
3 224 237 225
3 225 237 238
3 225 238 226
3 226 238 239
3 226 239 227
3 227 239 228
3 227 228 216
3 228 240 241
3 228 241 229
3 229 241 242
3 229 242 230
3 230 242 243
3 230 243 231
3 231 243 244
3 231 244 232
3 232 244 245
3 232 245 233
3 233 245 246
3 233 246 234
3 234 246 247
3 234 247 235
3 235 247 248
3 235 248 236
3 236 248 249
3 236 249 237
3 237 249 250
3 237 250 238
3 238 250 251
3 238 251 239
3 239 251 240
3 239 240 228
3 240 252 253
3 240 253 241
3 241 253 254
3 241 254 242
3 242 254 255
3 242 255 243
3 243 255 256
3 243 256 244
3 244 256 257
3 244 257 245
3 245 257 258
3 245 258 246
3 246 258 259
3 246 259 247
3 247 259 260
3 247 260 248
3 248 260 261
3 248 261 249
3 249 261 262
3 249 262 250
3 250 262 263
3 250 263 251
3 251 263 252
3 251 252 240
3 252 264 265
3 252 265 253
3 253 265 266
3 253 266 254
3 254 266 267
3 254 267 255
3 255 267 268
3 255 268 256
3 256 268 269
3 256 269 257
3 257 269 270
3 257 270 258
3 258 270 271
3 258 271 259
3 259 271 272
3 259 272 260
3 260 272 273
3 260 273 261
3 261 273 274
3 261 274 262
3 262 274 275
3 262 275 263
3 263 275 264
3 263 264 252
3 264 276 277
3 264 277 265
3 265 277 278
3 265 278 266
3 266 278 279
3 266 279 267
3 267 279 280
3 267 280 268
3 268 280 281
3 268 281 269
3 269 281 282
3 269 282 270
3 270 282 283
3 270 283 271
3 271 283 284
3 271 284 272
3 272 284 285
3 272 285 273
3 273 285 286
3 273 286 274
3 274 286 287
3 274 287 275
3 275 287 276
3 275 276 264
3 276 288 289
3 276 289 277
3 277 289 290
3 277 290 278
3 278 290 291
3 278 291 279
3 279 291 292
3 279 292 280
3 280 292 293
3 280 293 281
3 281 293 294
3 281 294 282
3 282 294 295
3 282 295 283
3 283 295 296
3 283 296 284
3 284 296 297
3 284 297 285
3 285 297 298
3 285 298 286
3 286 298 299
3 286 299 287
3 287 299 288
3 287 288 276
3 288 300 301
3 288 301 289
3 289 301 302
3 289 302 290
3 290 302 303
3 290 303 291
3 291 303 304
3 291 304 292
3 292 304 305
3 292 305 293
3 293 305 306
3 293 306 294
3 294 306 307
3 294 307 295
3 295 307 308
3 295 308 296
3 296 308 309
3 296 309 297
3 297 309 310
3 297 310 298
3 298 310 311
3 298 311 299
3 299 311 300
3 299 300 288
3 300 312 313
3 300 313 301
3 301 313 314
3 301 314 302
3 302 314 315
3 302 315 303
3 303 315 316
3 303 316 304
3 304 316 317
3 304 317 305
3 305 317 318
3 305 318 306
3 306 318 319
3 306 319 307
3 307 319 320
3 307 320 308
3 308 320 321
3 308 321 309
3 309 321 322
3 309 322 310
3 310 322 323
3 310 323 311
3 311 323 312
3 311 312 300
3 312 324 325
3 312 325 313
3 313 325 326
3 313 326 314
3 314 326 327
3 314 327 315
3 315 327 328
3 315 328 316
3 316 328 329
3 316 329 317
3 317 329 330
3 317 330 318
3 318 330 331
3 318 331 319
3 319 331 332
3 319 332 320
3 320 332 333
3 320 333 321
3 321 333 334
3 321 334 322
3 322 334 335
3 322 335 323
3 323 335 324
3 323 324 312
3 324 336 337
3 324 337 325
3 325 337 338
3 325 338 326
3 326 338 339
3 326 339 327
3 327 339 340
3 327 340 328
3 328 340 341
3 328 341 329
3 329 341 342
3 329 342 330
3 330 342 343
3 330 343 331
3 331 343 344
3 331 344 332
3 332 344 345
3 332 345 333
3 333 345 346
3 333 346 334
3 334 346 347
3 334 347 335
3 335 347 336
3 335 336 324
3 336 348 349
3 336 349 337
3 337 349 350
3 337 350 338
3 338 350 351
3 338 351 339
3 339 351 352
3 339 352 340
3 340 352 353
3 340 353 341
3 341 353 354
3 341 354 342
3 342 354 355
3 342 355 343
3 343 355 356
3 343 356 344
3 344 356 357
3 344 357 345
3 345 357 358
3 345 358 346
3 346 358 359
3 346 359 347
3 347 359 348
3 347 348 336
3 348 360 361
3 348 361 349
3 349 361 362
3 349 362 350
3 350 362 363
3 350 363 351
3 351 363 364
3 351 364 352
3 352 364 365
3 352 365 353
3 353 365 366
3 353 366 354
3 354 366 367
3 354 367 355
3 355 367 368
3 355 368 356
3 356 368 369
3 356 369 357
3 357 369 370
3 357 370 358
3 358 370 371
3 358 371 359
3 359 371 360
3 359 360 348
3 360 372 373
3 360 373 361
3 361 373 374
3 361 374 362
3 362 374 375
3 362 375 363
3 363 375 376
3 363 376 364
3 364 376 377
3 364 377 365
3 365 377 378
3 365 378 366
3 366 378 379
3 366 379 367
3 367 379 380
3 367 380 368
3 368 380 381
3 368 381 369
3 369 381 382
3 369 382 370
3 370 382 383
3 370 383 371
3 371 383 372
3 371 372 360
3 372 384 385
3 372 385 373
3 373 385 386
3 373 386 374
3 374 386 387
3 374 387 375
3 375 387 388
3 375 388 376
3 376 388 389
3 376 389 377
3 377 389 390
3 377 390 378
3 378 390 391
3 378 391 379
3 379 391 392
3 379 392 380
3 380 392 393
3 380 393 381
3 381 393 394
3 381 394 382
3 382 394 395
3 382 395 383
3 383 395 384
3 383 384 372
3 384 396 397
3 384 397 385
3 385 397 398
3 385 398 386
3 386 398 399
3 386 399 387
3 387 399 400
3 387 400 388
3 388 400 401
3 388 401 389
3 389 401 402
3 389 402 390
3 390 402 403
3 390 403 391
3 391 403 404
3 391 404 392
3 392 404 405
3 392 405 393
3 393 405 406
3 393 406 394
3 394 406 407
3 394 407 395
3 395 407 396
3 395 396 384
3 396 408 409
3 396 409 397
3 397 409 410
3 397 410 398
3 398 410 411
3 398 411 399
3 399 411 412
3 399 412 400
3 400 412 413
3 400 413 401
3 401 413 414
3 401 414 402
3 402 414 415
3 402 415 403
3 403 415 416
3 403 416 404
3 404 416 417
3 404 417 405
3 405 417 418
3 405 418 406
3 406 418 419
3 406 419 407
3 407 419 408
3 407 408 396
3 408 420 421
3 408 421 409
3 409 421 422
3 409 422 410
3 410 422 423
3 410 423 411
3 411 423 424
3 411 424 412
3 412 424 425
3 412 425 413
3 413 425 426
3 413 426 414
3 414 426 427
3 414 427 415
3 415 427 428
3 415 428 416
3 416 428 429
3 416 429 417
3 417 429 430
3 417 430 418
3 418 430 431
3 418 431 419
3 419 431 420
3 419 420 408
3 420 432 433
3 420 433 421
3 421 433 434
3 421 434 422
3 422 434 435
3 422 435 423
3 423 435 436
3 423 436 424
3 424 436 437
3 424 437 425
3 425 437 438
3 425 438 426
3 426 438 439
3 426 439 427
3 427 439 440
3 427 440 428
3 428 440 441
3 428 441 429
3 429 441 442
3 429 442 430
3 430 442 443
3 430 443 431
3 431 443 432
3 431 432 420
3 432 444 445
3 432 445 433
3 433 445 446
3 433 446 434
3 434 446 447
3 434 447 435
3 435 447 448
3 435 448 436
3 436 448 449
3 436 449 437
3 437 449 450
3 437 450 438
3 438 450 451
3 438 451 439
3 439 451 452
3 439 452 440
3 440 452 453
3 440 453 441
3 441 453 454
3 441 454 442
3 442 454 455
3 442 455 443
3 443 455 444
3 443 444 432
3 444 456 457
3 444 457 445
3 445 457 458
3 445 458 446
3 446 458 459
3 446 459 447
3 447 459 460
3 447 460 448
3 448 460 461
3 448 461 449
3 449 461 462
3 449 462 450
3 450 462 463
3 450 463 451
3 451 463 464
3 451 464 452
3 452 464 465
3 452 465 453
3 453 465 466
3 453 466 454
3 454 466 467
3 454 467 455
3 455 467 456
3 455 456 444
3 456 468 469
3 456 469 457
3 457 469 470
3 457 470 458
3 458 470 471
3 458 471 459
3 459 471 472
3 459 472 460
3 460 472 473
3 460 473 461
3 461 473 474
3 461 474 462
3 462 474 475
3 462 475 463
3 463 475 476
3 463 476 464
3 464 476 477
3 464 477 465
3 465 477 478
3 465 478 466
3 466 478 479
3 466 479 467
3 467 479 468
3 467 468 456
3 468 480 481
3 468 481 469
3 469 481 482
3 469 482 470
3 470 482 483
3 470 483 471
3 471 483 484
3 471 484 472
3 472 484 485
3 472 485 473
3 473 485 486
3 473 486 474
3 474 486 487
3 474 487 475
3 475 487 488
3 475 488 476
3 476 488 489
3 476 489 477
3 477 489 490
3 477 490 478
3 478 490 491
3 478 491 479
3 479 491 480
3 479 480 468
3 480 492 493
3 480 493 481
3 481 493 494
3 481 494 482
3 482 494 495
3 482 495 483
3 483 495 496
3 483 496 484
3 484 496 497
3 484 497 485
3 485 497 498
3 485 498 486
3 486 498 499
3 486 499 487
3 487 499 500
3 487 500 488
3 488 500 501
3 488 501 489
3 489 501 502
3 489 502 490
3 490 502 503
3 490 503 491
3 491 503 492
3 491 492 480
3 492 504 505
3 492 505 493
3 493 505 506
3 493 506 494
3 494 506 507
3 494 507 495
3 495 507 508
3 495 508 496
3 496 508 509
3 496 509 497
3 497 509 510
3 497 510 498
3 498 510 511
3 498 511 499
3 499 511 512
3 499 512 500
3 500 512 513
3 500 513 501
3 501 513 514
3 501 514 502
3 502 514 515
3 502 515 503
3 503 515 504
3 503 504 492
3 504 516 517
3 504 517 505
3 505 517 518
3 505 518 506
3 506 518 519
3 506 519 507
3 507 519 520
3 507 520 508
3 508 520 521
3 508 521 509
3 509 521 522
3 509 522 510
3 510 522 523
3 510 523 511
3 511 523 524
3 511 524 512
3 512 524 525
3 512 525 513
3 513 525 526
3 513 526 514
3 514 526 527
3 514 527 515
3 515 527 516
3 515 516 504
3 516 528 529
3 516 529 517
3 517 529 530
3 517 530 518
3 518 530 531
3 518 531 519
3 519 531 532
3 519 532 520
3 520 532 533
3 520 533 521
3 521 533 534
3 521 534 522
3 522 534 535
3 522 535 523
3 523 535 536
3 523 536 524
3 524 536 537
3 524 537 525
3 525 537 538
3 525 538 526
3 526 538 539
3 526 539 527
3 527 539 528
3 527 528 516
3 528 540 541
3 528 541 529
3 529 541 542
3 529 542 530
3 530 542 543
3 530 543 531
3 531 543 544
3 531 544 532
3 532 544 545
3 532 545 533
3 533 545 546
3 533 546 534
3 534 546 547
3 534 547 535
3 535 547 548
3 535 548 536
3 536 548 549
3 536 549 537
3 537 549 550
3 537 550 538
3 538 550 551
3 538 551 539
3 539 551 540
3 539 540 528
3 540 552 553
3 540 553 541
3 541 553 554
3 541 554 542
3 542 554 555
3 542 555 543
3 543 555 556
3 543 556 544
3 544 556 557
3 544 557 545
3 545 557 558
3 545 558 546
3 546 558 559
3 546 559 547
3 547 559 560
3 547 560 548
3 548 560 561
3 548 561 549
3 549 561 562
3 549 562 550
3 550 562 563
3 550 563 551
3 551 563 552
3 551 552 540
3 552 564 565
3 552 565 553
3 553 565 566
3 553 566 554
3 554 566 567
3 554 567 555
3 555 567 568
3 555 568 556
3 556 568 569
3 556 569 557
3 557 569 570
3 557 570 558
3 558 570 571
3 558 571 559
3 559 571 572
3 559 572 560
3 560 572 573
3 560 573 561
3 561 573 574
3 561 574 562
3 562 574 575
3 562 575 563
3 563 575 564
3 563 564 552
3 564 576 577
3 564 577 565
3 565 577 578
3 565 578 566
3 566 578 579
3 566 579 567
3 567 579 580
3 567 580 568
3 568 580 581
3 568 581 569
3 569 581 582
3 569 582 570
3 570 582 583
3 570 583 571
3 571 583 584
3 571 584 572
3 572 584 585
3 572 585 573
3 573 585 586
3 573 586 574
3 574 586 587
3 574 587 575
3 575 587 576
3 575 576 564
3 576 588 589
3 576 589 577
3 577 589 590
3 577 590 578
3 578 590 591
3 578 591 579
3 579 591 592
3 579 592 580
3 580 592 593
3 580 593 581
3 581 593 594
3 581 594 582
3 582 594 595
3 582 595 583
3 583 595 596
3 583 596 584
3 584 596 597
3 584 597 585
3 585 597 598
3 585 598 586
3 586 598 599
3 586 599 587
3 587 599 588
3 587 588 576
3 588 600 601
3 588 601 589
3 589 601 602
3 589 602 590
3 590 602 603
3 590 603 591
3 591 603 604
3 591 604 592
3 592 604 605
3 592 605 593
3 593 605 606
3 593 606 594
3 594 606 607
3 594 607 595
3 595 607 608
3 595 608 596
3 596 608 609
3 596 609 597
3 597 609 610
3 597 610 598
3 598 610 611
3 598 611 599
3 599 611 600
3 599 600 588
3 600 612 613
3 600 613 601
3 601 613 614
3 601 614 602
3 602 614 615
3 602 615 603
3 603 615 616
3 603 616 604
3 604 616 617
3 604 617 605
3 605 617 618
3 605 618 606
3 606 618 619
3 606 619 607
3 607 619 620
3 607 620 608
3 608 620 621
3 608 621 609
3 609 621 622
3 609 622 610
3 610 622 623
3 610 623 611
3 611 623 612
3 611 612 600
3 612 624 625
3 612 625 613
3 613 625 626
3 613 626 614
3 614 626 627
3 614 627 615
3 615 627 628
3 615 628 616
3 616 628 629
3 616 629 617
3 617 629 630
3 617 630 618
3 618 630 631
3 618 631 619
3 619 631 632
3 619 632 620
3 620 632 633
3 620 633 621
3 621 633 634
3 621 634 622
3 622 634 635
3 622 635 623
3 623 635 624
3 623 624 612
3 624 636 637
3 624 637 625
3 625 637 638
3 625 638 626
3 626 638 639
3 626 639 627
3 627 639 640
3 627 640 628
3 628 640 641
3 628 641 629
3 629 641 642
3 629 642 630
3 630 642 643
3 630 643 631
3 631 643 644
3 631 644 632
3 632 644 645
3 632 645 633
3 633 645 646
3 633 646 634
3 634 646 647
3 634 647 635
3 635 647 636
3 635 636 624
3 636 648 649
3 636 649 637
3 637 649 650
3 637 650 638
3 638 650 651
3 638 651 639
3 639 651 652
3 639 652 640
3 640 652 653
3 640 653 641
3 641 653 654
3 641 654 642
3 642 654 655
3 642 655 643
3 643 655 656
3 643 656 644
3 644 656 657
3 644 657 645
3 645 657 658
3 645 658 646
3 646 658 659
3 646 659 647
3 647 659 648
3 647 648 636
3 648 660 661
3 648 661 649
3 649 661 662
3 649 662 650
3 650 662 663
3 650 663 651
3 651 663 664
3 651 664 652
3 652 664 665
3 652 665 653
3 653 665 666
3 653 666 654
3 654 666 667
3 654 667 655
3 655 667 668
3 655 668 656
3 656 668 669
3 656 669 657
3 657 669 670
3 657 670 658
3 658 670 671
3 658 671 659
3 659 671 660
3 659 660 648
3 660 672 673
3 660 673 661
3 661 673 674
3 661 674 662
3 662 674 675
3 662 675 663
3 663 675 676
3 663 676 664
3 664 676 677
3 664 677 665
3 665 677 678
3 665 678 666
3 666 678 679
3 666 679 667
3 667 679 680
3 667 680 668
3 668 680 681
3 668 681 669
3 669 681 682
3 669 682 670
3 670 682 683
3 670 683 671
3 671 683 672
3 671 672 660
3 672 684 685
3 672 685 673
3 673 685 686
3 673 686 674
3 674 686 687
3 674 687 675
3 675 687 688
3 675 688 676
3 676 688 689
3 676 689 677
3 677 689 690
3 677 690 678
3 678 690 691
3 678 691 679
3 679 691 692
3 679 692 680
3 680 692 693
3 680 693 681
3 681 693 694
3 681 694 682
3 682 694 695
3 682 695 683
3 683 695 684
3 683 684 672
3 684 696 697
3 684 697 685
3 685 697 698
3 685 698 686
3 686 698 699
3 686 699 687
3 687 699 700
3 687 700 688
3 688 700 701
3 688 701 689
3 689 701 702
3 689 702 690
3 690 702 703
3 690 703 691
3 691 703 704
3 691 704 692
3 692 704 705
3 692 705 693
3 693 705 706
3 693 706 694
3 694 706 707
3 694 707 695
3 695 707 696
3 695 696 684
3 696 708 709
3 696 709 697
3 697 709 710
3 697 710 698
3 698 710 711
3 698 711 699
3 699 711 712
3 699 712 700
3 700 712 713
3 700 713 701
3 701 713 714
3 701 714 702
3 702 714 715
3 702 715 703
3 703 715 716
3 703 716 704
3 704 716 717
3 704 717 705
3 705 717 718
3 705 718 706
3 706 718 719
3 706 719 707
3 707 719 708
3 707 708 696
3 708 720 721
3 708 721 709
3 709 721 722
3 709 722 710
3 710 722 723
3 710 723 711
3 711 723 724
3 711 724 712
3 712 724 725
3 712 725 713
3 713 725 726
3 713 726 714
3 714 726 727
3 714 727 715
3 715 727 728
3 715 728 716
3 716 728 729
3 716 729 717
3 717 729 730
3 717 730 718
3 718 730 731
3 718 731 719
3 719 731 720
3 719 720 708
3 720 732 733
3 720 733 721
3 721 733 734
3 721 734 722
3 722 734 735
3 722 735 723
3 723 735 736
3 723 736 724
3 724 736 737
3 724 737 725
3 725 737 738
3 725 738 726
3 726 738 739
3 726 739 727
3 727 739 740
3 727 740 728
3 728 740 741
3 728 741 729
3 729 741 742
3 729 742 730
3 730 742 743
3 730 743 731
3 731 743 732
3 731 732 720
3 732 744 745
3 732 745 733
3 733 745 746
3 733 746 734
3 734 746 747
3 734 747 735
3 735 747 748
3 735 748 736
3 736 748 749
3 736 749 737
3 737 749 750
3 737 750 738
3 738 750 751
3 738 751 739
3 739 751 752
3 739 752 740
3 740 752 753
3 740 753 741
3 741 753 754
3 741 754 742
3 742 754 755
3 742 755 743
3 743 755 744
3 743 744 732
3 744 756 757
3 744 757 745
3 745 757 758
3 745 758 746
3 746 758 759
3 746 759 747
3 747 759 760
3 747 760 748
3 748 760 761
3 748 761 749
3 749 761 762
3 749 762 750
3 750 762 763
3 750 763 751
3 751 763 764
3 751 764 752
3 752 764 765
3 752 765 753
3 753 765 766
3 753 766 754
3 754 766 767
3 754 767 755
3 755 767 756
3 755 756 744
3 756 768 769
3 756 769 757
3 757 769 770
3 757 770 758
3 758 770 771
3 758 771 759
3 759 771 772
3 759 772 760
3 760 772 773
3 760 773 761
3 761 773 774
3 761 774 762
3 762 774 775
3 762 775 763
3 763 775 776
3 763 776 764
3 764 776 777
3 764 777 765
3 765 777 778
3 765 778 766
3 766 778 779
3 766 779 767
3 767 779 768
3 767 768 756
3 768 780 781
3 768 781 769
3 769 781 782
3 769 782 770
3 770 782 783
3 770 783 771
3 771 783 784
3 771 784 772
3 772 784 785
3 772 785 773
3 773 785 786
3 773 786 774
3 774 786 787
3 774 787 775
3 775 787 788
3 775 788 776
3 776 788 789
3 776 789 777
3 777 789 790
3 777 790 778
3 778 790 791
3 778 791 779
3 779 791 780
3 779 780 768
3 780 792 793
3 780 793 781
3 781 793 794
3 781 794 782
3 782 794 795
3 782 795 783
3 783 795 796
3 783 796 784
3 784 796 797
3 784 797 785
3 785 797 798
3 785 798 786
3 786 798 799
3 786 799 787
3 787 799 800
3 787 800 788
3 788 800 801
3 788 801 789
3 789 801 802
3 789 802 790
3 790 802 803
3 790 803 791
3 791 803 792
3 791 792 780
3 792 804 805
3 792 805 793
3 793 805 806
3 793 806 794
3 794 806 807
3 794 807 795
3 795 807 808
3 795 808 796
3 796 808 809
3 796 809 797
3 797 809 810
3 797 810 798
3 798 810 811
3 798 811 799
3 799 811 812
3 799 812 800
3 800 812 813
3 800 813 801
3 801 813 814
3 801 814 802
3 802 814 815
3 802 815 803
3 803 815 804
3 803 804 792
3 804 816 817
3 804 817 805
3 805 817 818
3 805 818 806
3 806 818 819
3 806 819 807
3 807 819 820
3 807 820 808
3 808 820 821
3 808 821 809
3 809 821 822
3 809 822 810
3 810 822 823
3 810 823 811
3 811 823 824
3 811 824 812
3 812 824 825
3 812 825 813
3 813 825 826
3 813 826 814
3 814 826 827
3 814 827 815
3 815 827 816
3 815 816 804
3 816 828 829
3 816 829 817
3 817 829 830
3 817 830 818
3 818 830 831
3 818 831 819
3 819 831 832
3 819 832 820
3 820 832 833
3 820 833 821
3 821 833 834
3 821 834 822
3 822 834 835
3 822 835 823
3 823 835 836
3 823 836 824
3 824 836 837
3 824 837 825
3 825 837 838
3 825 838 826
3 826 838 839
3 826 839 827
3 827 839 828
3 827 828 816
3 828 840 841
3 828 841 829
3 829 841 842
3 829 842 830
3 830 842 843
3 830 843 831
3 831 843 844
3 831 844 832
3 832 844 845
3 832 845 833
3 833 845 846
3 833 846 834
3 834 846 847
3 834 847 835
3 835 847 848
3 835 848 836
3 836 848 849
3 836 849 837
3 837 849 850
3 837 850 838
3 838 850 851
3 838 851 839
3 839 851 840
3 839 840 828
3 840 852 853
3 840 853 841
3 841 853 854
3 841 854 842
3 842 854 855
3 842 855 843
3 843 855 856
3 843 856 844
3 844 856 857
3 844 857 845
3 845 857 858
3 845 858 846
3 846 858 859
3 846 859 847
3 847 859 860
3 847 860 848
3 848 860 861
3 848 861 849
3 849 861 862
3 849 862 850
3 850 862 863
3 850 863 851
3 851 863 852
3 851 852 840
3 852 864 865
3 852 865 853
3 853 865 866
3 853 866 854
3 854 866 867
3 854 867 855
3 855 867 868
3 855 868 856
3 856 868 869
3 856 869 857
3 857 869 870
3 857 870 858
3 858 870 871
3 858 871 859
3 859 871 872
3 859 872 860
3 860 872 873
3 860 873 861
3 861 873 874
3 861 874 862
3 862 874 875
3 862 875 863
3 863 875 864
3 863 864 852
3 864 876 877
3 864 877 865
3 865 877 878
3 865 878 866
3 866 878 879
3 866 879 867
3 867 879 880
3 867 880 868
3 868 880 881
3 868 881 869
3 869 881 882
3 869 882 870
3 870 882 883
3 870 883 871
3 871 883 884
3 871 884 872
3 872 884 885
3 872 885 873
3 873 885 886
3 873 886 874
3 874 886 887
3 874 887 875
3 875 887 876
3 875 876 864
3 876 888 889
3 876 889 877
3 877 889 890
3 877 890 878
3 878 890 891
3 878 891 879
3 879 891 892
3 879 892 880
3 880 892 893
3 880 893 881
3 881 893 894
3 881 894 882
3 882 894 895
3 882 895 883
3 883 895 896
3 883 896 884
3 884 896 897
3 884 897 885
3 885 897 898
3 885 898 886
3 886 898 899
3 886 899 887
3 887 899 888
3 887 888 876
3 888 900 901
3 888 901 889
3 889 901 902
3 889 902 890
3 890 902 903
3 890 903 891
3 891 903 904
3 891 904 892
3 892 904 905
3 892 905 893
3 893 905 906
3 893 906 894
3 894 906 907
3 894 907 895
3 895 907 908
3 895 908 896
3 896 908 909
3 896 909 897
3 897 909 910
3 897 910 898
3 898 910 911
3 898 911 899
3 899 911 900
3 899 900 888
3 900 912 913
3 900 913 901
3 901 913 914
3 901 914 902
3 902 914 915
3 902 915 903
3 903 915 916
3 903 916 904
3 904 916 917
3 904 917 905
3 905 917 918
3 905 918 906
3 906 918 919
3 906 919 907
3 907 919 920
3 907 920 908
3 908 920 921
3 908 921 909
3 909 921 922
3 909 922 910
3 910 922 923
3 910 923 911
3 911 923 912
3 911 912 900
3 912 924 925
3 912 925 913
3 913 925 926
3 913 926 914
3 914 926 927
3 914 927 915
3 915 927 928
3 915 928 916
3 916 928 929
3 916 929 917
3 917 929 930
3 917 930 918
3 918 930 931
3 918 931 919
3 919 931 932
3 919 932 920
3 920 932 933
3 920 933 921
3 921 933 934
3 921 934 922
3 922 934 935
3 922 935 923
3 923 935 924
3 923 924 912
3 924 936 937
3 924 937 925
3 925 937 938
3 925 938 926
3 926 938 939
3 926 939 927
3 927 939 940
3 927 940 928
3 928 940 941
3 928 941 929
3 929 941 942
3 929 942 930
3 930 942 943
3 930 943 931
3 931 943 944
3 931 944 932
3 932 944 945
3 932 945 933
3 933 945 946
3 933 946 934
3 934 946 947
3 934 947 935
3 935 947 936
3 935 936 924
3 936 948 949
3 936 949 937
3 937 949 950
3 937 950 938
3 938 950 951
3 938 951 939
3 939 951 952
3 939 952 940
3 940 952 953
3 940 953 941
3 941 953 954
3 941 954 942
3 942 954 955
3 942 955 943
3 943 955 956
3 943 956 944
3 944 956 957
3 944 957 945
3 945 957 958
3 945 958 946
3 946 958 959
3 946 959 947
3 947 959 948
3 947 948 936
3 948 960 961
3 948 961 949
3 949 961 962
3 949 962 950
3 950 962 963
3 950 963 951
3 951 963 964
3 951 964 952
3 952 964 965
3 952 965 953
3 953 965 966
3 953 966 954
3 954 966 967
3 954 967 955
3 955 967 968
3 955 968 956
3 956 968 969
3 956 969 957
3 957 969 970
3 957 970 958
3 958 970 971
3 958 971 959
3 959 971 960
3 959 960 948
3 960 972 973
3 960 973 961
3 961 973 974
3 961 974 962
3 962 974 975
3 962 975 963
3 963 975 976
3 963 976 964
3 964 976 977
3 964 977 965
3 965 977 978
3 965 978 966
3 966 978 979
3 966 979 967
3 967 979 980
3 967 980 968
3 968 980 981
3 968 981 969
3 969 981 982
3 969 982 970
3 970 982 983
3 970 983 971
3 971 983 972
3 971 972 960
3 972 984 985
3 972 985 973
3 973 985 986
3 973 986 974
3 974 986 987
3 974 987 975
3 975 987 988
3 975 988 976
3 976 988 989
3 976 989 977
3 977 989 990
3 977 990 978
3 978 990 991
3 978 991 979
3 979 991 992
3 979 992 980
3 980 992 993
3 980 993 981
3 981 993 994
3 981 994 982
3 982 994 995
3 982 995 983
3 983 995 984
3 983 984 972
3 984 996 997
3 984 997 985
3 985 997 998
3 985 998 986
3 986 998 999
3 986 999 987
3 987 999 1000
3 987 1000 988
3 988 1000 1001
3 988 1001 989
3 989 1001 1002
3 989 1002 990
3 990 1002 1003
3 990 1003 991
3 991 1003 1004
3 991 1004 992
3 992 1004 1005
3 992 1005 993
3 993 1005 1006
3 993 1006 994
3 994 1006 1007
3 994 1007 995
3 995 1007 996
3 995 996 984
3 996 1008 1009
3 996 1009 997
3 997 1009 1010
3 997 1010 998
3 998 1010 1011
3 998 1011 999
3 999 1011 1012
3 999 1012 1000
3 1000 1012 1013
3 1000 1013 1001
3 1001 1013 1014
3 1001 1014 1002
3 1002 1014 1015
3 1002 1015 1003
3 1003 1015 1016
3 1003 1016 1004
3 1004 1016 1017
3 1004 1017 1005
3 1005 1017 1018
3 1005 1018 1006
3 1006 1018 1019
3 1006 1019 1007
3 1007 1019 1008
3 1007 1008 996
3 1008 1020 1021
3 1008 1021 1009
3 1009 1021 1022
3 1009 1022 1010
3 1010 1022 1023
3 1010 1023 1011
3 1011 1023 1024
3 1011 1024 1012
3 1012 1024 1025
3 1012 1025 1013
3 1013 1025 1026
3 1013 1026 1014
3 1014 1026 1027
3 1014 1027 1015
3 1015 1027 1028
3 1015 1028 1016
3 1016 1028 1029
3 1016 1029 1017
3 1017 1029 1030
3 1017 1030 1018
3 1018 1030 1031
3 1018 1031 1019
3 1019 1031 1020
3 1019 1020 1008
3 1020 1032 1033
3 1020 1033 1021
3 1021 1033 1034
3 1021 1034 1022
3 1022 1034 1035
3 1022 1035 1023
3 1023 1035 1036
3 1023 1036 1024
3 1024 1036 1037
3 1024 1037 1025
3 1025 1037 1038
3 1025 1038 1026
3 1026 1038 1039
3 1026 1039 1027
3 1027 1039 1040
3 1027 1040 1028
3 1028 1040 1041
3 1028 1041 1029
3 1029 1041 1042
3 1029 1042 1030
3 1030 1042 1043
3 1030 1043 1031
3 1031 1043 1032
3 1031 1032 1020
3 1032 1044 1045
3 1032 1045 1033
3 1033 1045 1046
3 1033 1046 1034
3 1034 1046 1047
3 1034 1047 1035
3 1035 1047 1048
3 1035 1048 1036
3 1036 1048 1049
3 1036 1049 1037
3 1037 1049 1050
3 1037 1050 1038
3 1038 1050 1051
3 1038 1051 1039
3 1039 1051 1052
3 1039 1052 1040
3 1040 1052 1053
3 1040 1053 1041
3 1041 1053 1054
3 1041 1054 1042
3 1042 1054 1055
3 1042 1055 1043
3 1043 1055 1044
3 1043 1044 1032
3 1044 1056 1057
3 1044 1057 1045
3 1045 1057 1058
3 1045 1058 1046
3 1046 1058 1059
3 1046 1059 1047
3 1047 1059 1060
3 1047 1060 1048
3 1048 1060 1061
3 1048 1061 1049
3 1049 1061 1062
3 1049 1062 1050
3 1050 1062 1063
3 1050 1063 1051
3 1051 1063 1064
3 1051 1064 1052
3 1052 1064 1065
3 1052 1065 1053
3 1053 1065 1066
3 1053 1066 1054
3 1054 1066 1067
3 1054 1067 1055
3 1055 1067 1056
3 1055 1056 1044
3 1056 1068 1069
3 1056 1069 1057
3 1057 1069 1070
3 1057 1070 1058
3 1058 1070 1071
3 1058 1071 1059
3 1059 1071 1072
3 1059 1072 1060
3 1060 1072 1073
3 1060 1073 1061
3 1061 1073 1074
3 1061 1074 1062
3 1062 1074 1075
3 1062 1075 1063
3 1063 1075 1076
3 1063 1076 1064
3 1064 1076 1077
3 1064 1077 1065
3 1065 1077 1078
3 1065 1078 1066
3 1066 1078 1079
3 1066 1079 1067
3 1067 1079 1068
3 1067 1068 1056
3 1068 1080 1081
3 1068 1081 1069
3 1069 1081 1082
3 1069 1082 1070
3 1070 1082 1083
3 1070 1083 1071
3 1071 1083 1084
3 1071 1084 1072
3 1072 1084 1085
3 1072 1085 1073
3 1073 1085 1086
3 1073 1086 1074
3 1074 1086 1087
3 1074 1087 1075
3 1075 1087 1088
3 1075 1088 1076
3 1076 1088 1089
3 1076 1089 1077
3 1077 1089 1090
3 1077 1090 1078
3 1078 1090 1091
3 1078 1091 1079
3 1079 1091 1080
3 1079 1080 1068
3 1080 1092 1093
3 1080 1093 1081
3 1081 1093 1094
3 1081 1094 1082
3 1082 1094 1095
3 1082 1095 1083
3 1083 1095 1096
3 1083 1096 1084
3 1084 1096 1097
3 1084 1097 1085
3 1085 1097 1098
3 1085 1098 1086
3 1086 1098 1099
3 1086 1099 1087
3 1087 1099 1100
3 1087 1100 1088
3 1088 1100 1101
3 1088 1101 1089
3 1089 1101 1102
3 1089 1102 1090
3 1090 1102 1103
3 1090 1103 1091
3 1091 1103 1092
3 1091 1092 1080
3 1092 1104 1105
3 1092 1105 1093
3 1093 1105 1106
3 1093 1106 1094
3 1094 1106 1107
3 1094 1107 1095
3 1095 1107 1108
3 1095 1108 1096
3 1096 1108 1109
3 1096 1109 1097
3 1097 1109 1110
3 1097 1110 1098
3 1098 1110 1111
3 1098 1111 1099
3 1099 1111 1112
3 1099 1112 1100
3 1100 1112 1113
3 1100 1113 1101
3 1101 1113 1114
3 1101 1114 1102
3 1102 1114 1115
3 1102 1115 1103
3 1103 1115 1104
3 1103 1104 1092
3 1104 1116 1117
3 1104 1117 1105
3 1105 1117 1118
3 1105 1118 1106
3 1106 1118 1119
3 1106 1119 1107
3 1107 1119 1120
3 1107 1120 1108
3 1108 1120 1121
3 1108 1121 1109
3 1109 1121 1122
3 1109 1122 1110
3 1110 1122 1123
3 1110 1123 1111
3 1111 1123 1124
3 1111 1124 1112
3 1112 1124 1125
3 1112 1125 1113
3 1113 1125 1126
3 1113 1126 1114
3 1114 1126 1127
3 1114 1127 1115
3 1115 1127 1116
3 1115 1116 1104
3 1116 1128 1129
3 1116 1129 1117
3 1117 1129 1130
3 1117 1130 1118
3 1118 1130 1131
3 1118 1131 1119
3 1119 1131 1132
3 1119 1132 1120
3 1120 1132 1133
3 1120 1133 1121
3 1121 1133 1134
3 1121 1134 1122
3 1122 1134 1135
3 1122 1135 1123
3 1123 1135 1136
3 1123 1136 1124
3 1124 1136 1137
3 1124 1137 1125
3 1125 1137 1138
3 1125 1138 1126
3 1126 1138 1139
3 1126 1139 1127
3 1127 1139 1128
3 1127 1128 1116
3 1128 1140 1141
3 1128 1141 1129
3 1129 1141 1142
3 1129 1142 1130
3 1130 1142 1143
3 1130 1143 1131
3 1131 1143 1144
3 1131 1144 1132
3 1132 1144 1145
3 1132 1145 1133
3 1133 1145 1146
3 1133 1146 1134
3 1134 1146 1147
3 1134 1147 1135
3 1135 1147 1148
3 1135 1148 1136
3 1136 1148 1149
3 1136 1149 1137
3 1137 1149 1150
3 1137 1150 1138
3 1138 1150 1151
3 1138 1151 1139
3 1139 1151 1140
3 1139 1140 1128
3 1140 1152 1153
3 1140 1153 1141
3 1141 1153 1154
3 1141 1154 1142
3 1142 1154 1155
3 1142 1155 1143
3 1143 1155 1156
3 1143 1156 1144
3 1144 1156 1157
3 1144 1157 1145
3 1145 1157 1158
3 1145 1158 1146
3 1146 1158 1159
3 1146 1159 1147
3 1147 1159 1160
3 1147 1160 1148
3 1148 1160 1161
3 1148 1161 1149
3 1149 1161 1162
3 1149 1162 1150
3 1150 1162 1163
3 1150 1163 1151
3 1151 1163 1152
3 1151 1152 1140
3 1152 1164 1165
3 1152 1165 1153
3 1153 1165 1166
3 1153 1166 1154
3 1154 1166 1167
3 1154 1167 1155
3 1155 1167 1168
3 1155 1168 1156
3 1156 1168 1169
3 1156 1169 1157
3 1157 1169 1170
3 1157 1170 1158
3 1158 1170 1171
3 1158 1171 1159
3 1159 1171 1172
3 1159 1172 1160
3 1160 1172 1173
3 1160 1173 1161
3 1161 1173 1174
3 1161 1174 1162
3 1162 1174 1175
3 1162 1175 1163
3 1163 1175 1164
3 1163 1164 1152
3 1164 1176 1177
3 1164 1177 1165
3 1165 1177 1178
3 1165 1178 1166
3 1166 1178 1179
3 1166 1179 1167
3 1167 1179 1180
3 1167 1180 1168
3 1168 1180 1181
3 1168 1181 1169
3 1169 1181 1182
3 1169 1182 1170
3 1170 1182 1183
3 1170 1183 1171
3 1171 1183 1184
3 1171 1184 1172
3 1172 1184 1185
3 1172 1185 1173
3 1173 1185 1186
3 1173 1186 1174
3 1174 1186 1187
3 1174 1187 1175
3 1175 1187 1176
3 1175 1176 1164
3 1176 1188 1189
3 1176 1189 1177
3 1177 1189 1190
3 1177 1190 1178
3 1178 1190 1191
3 1178 1191 1179
3 1179 1191 1192
3 1179 1192 1180
3 1180 1192 1193
3 1180 1193 1181
3 1181 1193 1194
3 1181 1194 1182
3 1182 1194 1195
3 1182 1195 1183
3 1183 1195 1196
3 1183 1196 1184
3 1184 1196 1197
3 1184 1197 1185
3 1185 1197 1198
3 1185 1198 1186
3 1186 1198 1199
3 1186 1199 1187
3 1187 1199 1188
3 1187 1188 1176
3 1188 1200 1201
3 1188 1201 1189
3 1189 1201 1202
3 1189 1202 1190
3 1190 1202 1203
3 1190 1203 1191
3 1191 1203 1204
3 1191 1204 1192
3 1192 1204 1205
3 1192 1205 1193
3 1193 1205 1206
3 1193 1206 1194
3 1194 1206 1207
3 1194 1207 1195
3 1195 1207 1208
3 1195 1208 1196
3 1196 1208 1209
3 1196 1209 1197
3 1197 1209 1210
3 1197 1210 1198
3 1198 1210 1211
3 1198 1211 1199
3 1199 1211 1200
3 1199 1200 1188
3 1200 1212 1213
3 1200 1213 1201
3 1201 1213 1214
3 1201 1214 1202
3 1202 1214 1215
3 1202 1215 1203
3 1203 1215 1216
3 1203 1216 1204
3 1204 1216 1217
3 1204 1217 1205
3 1205 1217 1218
3 1205 1218 1206
3 1206 1218 1219
3 1206 1219 1207
3 1207 1219 1220
3 1207 1220 1208
3 1208 1220 1221
3 1208 1221 1209
3 1209 1221 1222
3 1209 1222 1210
3 1210 1222 1223
3 1210 1223 1211
3 1211 1223 1212
3 1211 1212 1200
3 1212 1224 1225
3 1212 1225 1213
3 1213 1225 1226
3 1213 1226 1214
3 1214 1226 1227
3 1214 1227 1215
3 1215 1227 1228
3 1215 1228 1216
3 1216 1228 1229
3 1216 1229 1217
3 1217 1229 1230
3 1217 1230 1218
3 1218 1230 1231
3 1218 1231 1219
3 1219 1231 1232
3 1219 1232 1220
3 1220 1232 1233
3 1220 1233 1221
3 1221 1233 1234
3 1221 1234 1222
3 1222 1234 1235
3 1222 1235 1223
3 1223 1235 1224
3 1223 1224 1212
3 1224 1236 1237
3 1224 1237 1225
3 1225 1237 1238
3 1225 1238 1226
3 1226 1238 1239
3 1226 1239 1227
3 1227 1239 1240
3 1227 1240 1228
3 1228 1240 1241
3 1228 1241 1229
3 1229 1241 1242
3 1229 1242 1230
3 1230 1242 1243
3 1230 1243 1231
3 1231 1243 1244
3 1231 1244 1232
3 1232 1244 1245
3 1232 1245 1233
3 1233 1245 1246
3 1233 1246 1234
3 1234 1246 1247
3 1234 1247 1235
3 1235 1247 1236
3 1235 1236 1224
3 1236 1248 1249
3 1236 1249 1237
3 1237 1249 1250
3 1237 1250 1238
3 1238 1250 1251
3 1238 1251 1239
3 1239 1251 1252
3 1239 1252 1240
3 1240 1252 1253
3 1240 1253 1241
3 1241 1253 1254
3 1241 1254 1242
3 1242 1254 1255
3 1242 1255 1243
3 1243 1255 1256
3 1243 1256 1244
3 1244 1256 1257
3 1244 1257 1245
3 1245 1257 1258
3 1245 1258 1246
3 1246 1258 1259
3 1246 1259 1247
3 1247 1259 1248
3 1247 1248 1236
3 1248 1260 1261
3 1248 1261 1249
3 1249 1261 1262
3 1249 1262 1250
3 1250 1262 1263
3 1250 1263 1251
3 1251 1263 1264
3 1251 1264 1252
3 1252 1264 1265
3 1252 1265 1253
3 1253 1265 1266
3 1253 1266 1254
3 1254 1266 1267
3 1254 1267 1255
3 1255 1267 1268
3 1255 1268 1256
3 1256 1268 1269
3 1256 1269 1257
3 1257 1269 1270
3 1257 1270 1258
3 1258 1270 1271
3 1258 1271 1259
3 1259 1271 1260
3 1259 1260 1248
3 1260 1272 1273
3 1260 1273 1261
3 1261 1273 1274
3 1261 1274 1262
3 1262 1274 1275
3 1262 1275 1263
3 1263 1275 1276
3 1263 1276 1264
3 1264 1276 1277
3 1264 1277 1265
3 1265 1277 1278
3 1265 1278 1266
3 1266 1278 1279
3 1266 1279 1267
3 1267 1279 1280
3 1267 1280 1268
3 1268 1280 1281
3 1268 1281 1269
3 1269 1281 1282
3 1269 1282 1270
3 1270 1282 1283
3 1270 1283 1271
3 1271 1283 1272
3 1271 1272 1260
3 1272 1284 1285
3 1272 1285 1273
3 1273 1285 1286
3 1273 1286 1274
3 1274 1286 1287
3 1274 1287 1275
3 1275 1287 1288
3 1275 1288 1276
3 1276 1288 1289
3 1276 1289 1277
3 1277 1289 1290
3 1277 1290 1278
3 1278 1290 1291
3 1278 1291 1279
3 1279 1291 1292
3 1279 1292 1280
3 1280 1292 1293
3 1280 1293 1281
3 1281 1293 1294
3 1281 1294 1282
3 1282 1294 1295
3 1282 1295 1283
3 1283 1295 1284
3 1283 1284 1272
3 1284 1296 1297
3 1284 1297 1285
3 1285 1297 1298
3 1285 1298 1286
3 1286 1298 1299
3 1286 1299 1287
3 1287 1299 1300
3 1287 1300 1288
3 1288 1300 1301
3 1288 1301 1289
3 1289 1301 1302
3 1289 1302 1290
3 1290 1302 1303
3 1290 1303 1291
3 1291 1303 1304
3 1291 1304 1292
3 1292 1304 1305
3 1292 1305 1293
3 1293 1305 1306
3 1293 1306 1294
3 1294 1306 1307
3 1294 1307 1295
3 1295 1307 1296
3 1295 1296 1284
3 1296 1308 1309
3 1296 1309 1297
3 1297 1309 1310
3 1297 1310 1298
3 1298 1310 1311
3 1298 1311 1299
3 1299 1311 1312
3 1299 1312 1300
3 1300 1312 1313
3 1300 1313 1301
3 1301 1313 1314
3 1301 1314 1302
3 1302 1314 1315
3 1302 1315 1303
3 1303 1315 1316
3 1303 1316 1304
3 1304 1316 1317
3 1304 1317 1305
3 1305 1317 1318
3 1305 1318 1306
3 1306 1318 1319
3 1306 1319 1307
3 1307 1319 1308
3 1307 1308 1296
3 1308 1320 1321
3 1308 1321 1309
3 1309 1321 1322
3 1309 1322 1310
3 1310 1322 1323
3 1310 1323 1311
3 1311 1323 1324
3 1311 1324 1312
3 1312 1324 1325
3 1312 1325 1313
3 1313 1325 1326
3 1313 1326 1314
3 1314 1326 1327
3 1314 1327 1315
3 1315 1327 1328
3 1315 1328 1316
3 1316 1328 1329
3 1316 1329 1317
3 1317 1329 1330
3 1317 1330 1318
3 1318 1330 1331
3 1318 1331 1319
3 1319 1331 1320
3 1319 1320 1308
3 1320 1332 1333
3 1320 1333 1321
3 1321 1333 1334
3 1321 1334 1322
3 1322 1334 1335
3 1322 1335 1323
3 1323 1335 1336
3 1323 1336 1324
3 1324 1336 1337
3 1324 1337 1325
3 1325 1337 1338
3 1325 1338 1326
3 1326 1338 1339
3 1326 1339 1327
3 1327 1339 1340
3 1327 1340 1328
3 1328 1340 1341
3 1328 1341 1329
3 1329 1341 1342
3 1329 1342 1330
3 1330 1342 1343
3 1330 1343 1331
3 1331 1343 1332
3 1331 1332 1320
3 1332 1344 1345
3 1332 1345 1333
3 1333 1345 1346
3 1333 1346 1334
3 1334 1346 1347
3 1334 1347 1335
3 1335 1347 1348
3 1335 1348 1336
3 1336 1348 1349
3 1336 1349 1337
3 1337 1349 1350
3 1337 1350 1338
3 1338 1350 1351
3 1338 1351 1339
3 1339 1351 1352
3 1339 1352 1340
3 1340 1352 1353
3 1340 1353 1341
3 1341 1353 1354
3 1341 1354 1342
3 1342 1354 1355
3 1342 1355 1343
3 1343 1355 1344
3 1343 1344 1332
3 1344 1356 1357
3 1344 1357 1345
3 1345 1357 1358
3 1345 1358 1346
3 1346 1358 1359
3 1346 1359 1347
3 1347 1359 1360
3 1347 1360 1348
3 1348 1360 1361
3 1348 1361 1349
3 1349 1361 1362
3 1349 1362 1350
3 1350 1362 1363
3 1350 1363 1351
3 1351 1363 1364
3 1351 1364 1352
3 1352 1364 1365
3 1352 1365 1353
3 1353 1365 1366
3 1353 1366 1354
3 1354 1366 1367
3 1354 1367 1355
3 1355 1367 1356
3 1355 1356 1344
3 1356 1368 1369
3 1356 1369 1357
3 1357 1369 1370
3 1357 1370 1358
3 1358 1370 1371
3 1358 1371 1359
3 1359 1371 1372
3 1359 1372 1360
3 1360 1372 1373
3 1360 1373 1361
3 1361 1373 1374
3 1361 1374 1362
3 1362 1374 1375
3 1362 1375 1363
3 1363 1375 1376
3 1363 1376 1364
3 1364 1376 1377
3 1364 1377 1365
3 1365 1377 1378
3 1365 1378 1366
3 1366 1378 1379
3 1366 1379 1367
3 1367 1379 1368
3 1367 1368 1356
3 1368 1380 1381
3 1368 1381 1369
3 1369 1381 1382
3 1369 1382 1370
3 1370 1382 1383
3 1370 1383 1371
3 1371 1383 1384
3 1371 1384 1372
3 1372 1384 1385
3 1372 1385 1373
3 1373 1385 1386
3 1373 1386 1374
3 1374 1386 1387
3 1374 1387 1375
3 1375 1387 1388
3 1375 1388 1376
3 1376 1388 1389
3 1376 1389 1377
3 1377 1389 1390
3 1377 1390 1378
3 1378 1390 1391
3 1378 1391 1379
3 1379 1391 1380
3 1379 1380 1368
3 1380 1392 1393
3 1380 1393 1381
3 1381 1393 1394
3 1381 1394 1382
3 1382 1394 1395
3 1382 1395 1383
3 1383 1395 1396
3 1383 1396 1384
3 1384 1396 1397
3 1384 1397 1385
3 1385 1397 1398
3 1385 1398 1386
3 1386 1398 1399
3 1386 1399 1387
3 1387 1399 1400
3 1387 1400 1388
3 1388 1400 1401
3 1388 1401 1389
3 1389 1401 1402
3 1389 1402 1390
3 1390 1402 1403
3 1390 1403 1391
3 1391 1403 1392
3 1391 1392 1380
3 1392 1404 1405
3 1392 1405 1393
3 1393 1405 1406
3 1393 1406 1394
3 1394 1406 1407
3 1394 1407 1395
3 1395 1407 1408
3 1395 1408 1396
3 1396 1408 1409
3 1396 1409 1397
3 1397 1409 1410
3 1397 1410 1398
3 1398 1410 1411
3 1398 1411 1399
3 1399 1411 1412
3 1399 1412 1400
3 1400 1412 1413
3 1400 1413 1401
3 1401 1413 1414
3 1401 1414 1402
3 1402 1414 1415
3 1402 1415 1403
3 1403 1415 1404
3 1403 1404 1392
3 1404 1416 1417
3 1404 1417 1405
3 1405 1417 1418
3 1405 1418 1406
3 1406 1418 1419
3 1406 1419 1407
3 1407 1419 1420
3 1407 1420 1408
3 1408 1420 1421
3 1408 1421 1409
3 1409 1421 1422
3 1409 1422 1410
3 1410 1422 1423
3 1410 1423 1411
3 1411 1423 1424
3 1411 1424 1412
3 1412 1424 1425
3 1412 1425 1413
3 1413 1425 1426
3 1413 1426 1414
3 1414 1426 1427
3 1414 1427 1415
3 1415 1427 1416
3 1415 1416 1404
3 1416 1428 1429
3 1416 1429 1417
3 1417 1429 1430
3 1417 1430 1418
3 1418 1430 1431
3 1418 1431 1419
3 1419 1431 1432
3 1419 1432 1420
3 1420 1432 1433
3 1420 1433 1421
3 1421 1433 1434
3 1421 1434 1422
3 1422 1434 1435
3 1422 1435 1423
3 1423 1435 1436
3 1423 1436 1424
3 1424 1436 1437
3 1424 1437 1425
3 1425 1437 1438
3 1425 1438 1426
3 1426 1438 1439
3 1426 1439 1427
3 1427 1439 1428
3 1427 1428 1416
3 1428 1440 1441
3 1428 1441 1429
3 1429 1441 1442
3 1429 1442 1430
3 1430 1442 1443
3 1430 1443 1431
3 1431 1443 1444
3 1431 1444 1432
3 1432 1444 1445
3 1432 1445 1433
3 1433 1445 1446
3 1433 1446 1434
3 1434 1446 1447
3 1434 1447 1435
3 1435 1447 1448
3 1435 1448 1436
3 1436 1448 1449
3 1436 1449 1437
3 1437 1449 1450
3 1437 1450 1438
3 1438 1450 1451
3 1438 1451 1439
3 1439 1451 1440
3 1439 1440 1428
3 1440 1452 1453
3 1440 1453 1441
3 1441 1453 1454
3 1441 1454 1442
3 1442 1454 1455
3 1442 1455 1443
3 1443 1455 1456
3 1443 1456 1444
3 1444 1456 1457
3 1444 1457 1445
3 1445 1457 1458
3 1445 1458 1446
3 1446 1458 1459
3 1446 1459 1447
3 1447 1459 1460
3 1447 1460 1448
3 1448 1460 1461
3 1448 1461 1449
3 1449 1461 1462
3 1449 1462 1450
3 1450 1462 1463
3 1450 1463 1451
3 1451 1463 1452
3 1451 1452 1440
3 1452 1464 1465
3 1452 1465 1453
3 1453 1465 1466
3 1453 1466 1454
3 1454 1466 1467
3 1454 1467 1455
3 1455 1467 1468
3 1455 1468 1456
3 1456 1468 1469
3 1456 1469 1457
3 1457 1469 1470
3 1457 1470 1458
3 1458 1470 1471
3 1458 1471 1459
3 1459 1471 1472
3 1459 1472 1460
3 1460 1472 1473
3 1460 1473 1461
3 1461 1473 1474
3 1461 1474 1462
3 1462 1474 1475
3 1462 1475 1463
3 1463 1475 1464
3 1463 1464 1452
3 1464 1476 1477
3 1464 1477 1465
3 1465 1477 1478
3 1465 1478 1466
3 1466 1478 1479
3 1466 1479 1467
3 1467 1479 1480
3 1467 1480 1468
3 1468 1480 1481
3 1468 1481 1469
3 1469 1481 1482
3 1469 1482 1470
3 1470 1482 1483
3 1470 1483 1471
3 1471 1483 1484
3 1471 1484 1472
3 1472 1484 1485
3 1472 1485 1473
3 1473 1485 1486
3 1473 1486 1474
3 1474 1486 1487
3 1474 1487 1475
3 1475 1487 1476
3 1475 1476 1464
3 1476 1488 1489
3 1476 1489 1477
3 1477 1489 1490
3 1477 1490 1478
3 1478 1490 1491
3 1478 1491 1479
3 1479 1491 1492
3 1479 1492 1480
3 1480 1492 1493
3 1480 1493 1481
3 1481 1493 1494
3 1481 1494 1482
3 1482 1494 1495
3 1482 1495 1483
3 1483 1495 1496
3 1483 1496 1484
3 1484 1496 1497
3 1484 1497 1485
3 1485 1497 1498
3 1485 1498 1486
3 1486 1498 1499
3 1486 1499 1487
3 1487 1499 1488
3 1487 1488 1476
3 1488 1500 1501
3 1488 1501 1489
3 1489 1501 1502
3 1489 1502 1490
3 1490 1502 1503
3 1490 1503 1491
3 1491 1503 1504
3 1491 1504 1492
3 1492 1504 1505
3 1492 1505 1493
3 1493 1505 1506
3 1493 1506 1494
3 1494 1506 1507
3 1494 1507 1495
3 1495 1507 1508
3 1495 1508 1496
3 1496 1508 1509
3 1496 1509 1497
3 1497 1509 1510
3 1497 1510 1498
3 1498 1510 1511
3 1498 1511 1499
3 1499 1511 1500
3 1499 1500 1488
3 1500 1512 1513
3 1500 1513 1501
3 1501 1513 1514
3 1501 1514 1502
3 1502 1514 1515
3 1502 1515 1503
3 1503 1515 1516
3 1503 1516 1504
3 1504 1516 1517
3 1504 1517 1505
3 1505 1517 1518
3 1505 1518 1506
3 1506 1518 1519
3 1506 1519 1507
3 1507 1519 1520
3 1507 1520 1508
3 1508 1520 1521
3 1508 1521 1509
3 1509 1521 1522
3 1509 1522 1510
3 1510 1522 1523
3 1510 1523 1511
3 1511 1523 1512
3 1511 1512 1500
3 1512 1524 1525
3 1512 1525 1513
3 1513 1525 1526
3 1513 1526 1514
3 1514 1526 1527
3 1514 1527 1515
3 1515 1527 1528
3 1515 1528 1516
3 1516 1528 1529
3 1516 1529 1517
3 1517 1529 1530
3 1517 1530 1518
3 1518 1530 1531
3 1518 1531 1519
3 1519 1531 1532
3 1519 1532 1520
3 1520 1532 1533
3 1520 1533 1521
3 1521 1533 1534
3 1521 1534 1522
3 1522 1534 1535
3 1522 1535 1523
3 1523 1535 1524
3 1523 1524 1512
3 1524 1536 1537
3 1524 1537 1525
3 1525 1537 1538
3 1525 1538 1526
3 1526 1538 1539
3 1526 1539 1527
3 1527 1539 1540
3 1527 1540 1528
3 1528 1540 1541
3 1528 1541 1529
3 1529 1541 1542
3 1529 1542 1530
3 1530 1542 1543
3 1530 1543 1531
3 1531 1543 1544
3 1531 1544 1532
3 1532 1544 1545
3 1532 1545 1533
3 1533 1545 1546
3 1533 1546 1534
3 1534 1546 1547
3 1534 1547 1535
3 1535 1547 1536
3 1535 1536 1524
3 1536 1548 1549
3 1536 1549 1537
3 1537 1549 1550
3 1537 1550 1538
3 1538 1550 1551
3 1538 1551 1539
3 1539 1551 1552
3 1539 1552 1540
3 1540 1552 1553
3 1540 1553 1541
3 1541 1553 1554
3 1541 1554 1542
3 1542 1554 1555
3 1542 1555 1543
3 1543 1555 1556
3 1543 1556 1544
3 1544 1556 1557
3 1544 1557 1545
3 1545 1557 1558
3 1545 1558 1546
3 1546 1558 1559
3 1546 1559 1547
3 1547 1559 1548
3 1547 1548 1536
3 1548 1560 1561
3 1548 1561 1549
3 1549 1561 1562
3 1549 1562 1550
3 1550 1562 1563
3 1550 1563 1551
3 1551 1563 1564
3 1551 1564 1552
3 1552 1564 1565
3 1552 1565 1553
3 1553 1565 1566
3 1553 1566 1554
3 1554 1566 1567
3 1554 1567 1555
3 1555 1567 1568
3 1555 1568 1556
3 1556 1568 1569
3 1556 1569 1557
3 1557 1569 1570
3 1557 1570 1558
3 1558 1570 1571
3 1558 1571 1559
3 1559 1571 1560
3 1559 1560 1548
3 1560 1572 1573
3 1560 1573 1561
3 1561 1573 1574
3 1561 1574 1562
3 1562 1574 1575
3 1562 1575 1563
3 1563 1575 1576
3 1563 1576 1564
3 1564 1576 1577
3 1564 1577 1565
3 1565 1577 1578
3 1565 1578 1566
3 1566 1578 1579
3 1566 1579 1567
3 1567 1579 1580
3 1567 1580 1568
3 1568 1580 1581
3 1568 1581 1569
3 1569 1581 1582
3 1569 1582 1570
3 1570 1582 1583
3 1570 1583 1571
3 1571 1583 1572
3 1571 1572 1560
3 1572 1584 1585
3 1572 1585 1573
3 1573 1585 1586
3 1573 1586 1574
3 1574 1586 1587
3 1574 1587 1575
3 1575 1587 1588
3 1575 1588 1576
3 1576 1588 1589
3 1576 1589 1577
3 1577 1589 1590
3 1577 1590 1578
3 1578 1590 1591
3 1578 1591 1579
3 1579 1591 1592
3 1579 1592 1580
3 1580 1592 1593
3 1580 1593 1581
3 1581 1593 1594
3 1581 1594 1582
3 1582 1594 1595
3 1582 1595 1583
3 1583 1595 1584
3 1583 1584 1572
3 1584 1596 1597
3 1584 1597 1585
3 1585 1597 1598
3 1585 1598 1586
3 1586 1598 1599
3 1586 1599 1587
3 1587 1599 1600
3 1587 1600 1588
3 1588 1600 1601
3 1588 1601 1589
3 1589 1601 1602
3 1589 1602 1590
3 1590 1602 1603
3 1590 1603 1591
3 1591 1603 1604
3 1591 1604 1592
3 1592 1604 1605
3 1592 1605 1593
3 1593 1605 1606
3 1593 1606 1594
3 1594 1606 1607
3 1594 1607 1595
3 1595 1607 1596
3 1595 1596 1584
3 1596 1608 1609
3 1596 1609 1597
3 1597 1609 1610
3 1597 1610 1598
3 1598 1610 1611
3 1598 1611 1599
3 1599 1611 1612
3 1599 1612 1600
3 1600 1612 1613
3 1600 1613 1601
3 1601 1613 1614
3 1601 1614 1602
3 1602 1614 1615
3 1602 1615 1603
3 1603 1615 1616
3 1603 1616 1604
3 1604 1616 1617
3 1604 1617 1605
3 1605 1617 1618
3 1605 1618 1606
3 1606 1618 1619
3 1606 1619 1607
3 1607 1619 1608
3 1607 1608 1596
3 1608 1620 1621
3 1608 1621 1609
3 1609 1621 1622
3 1609 1622 1610
3 1610 1622 1623
3 1610 1623 1611
3 1611 1623 1624
3 1611 1624 1612
3 1612 1624 1625
3 1612 1625 1613
3 1613 1625 1626
3 1613 1626 1614
3 1614 1626 1627
3 1614 1627 1615
3 1615 1627 1628
3 1615 1628 1616
3 1616 1628 1629
3 1616 1629 1617
3 1617 1629 1630
3 1617 1630 1618
3 1618 1630 1631
3 1618 1631 1619
3 1619 1631 1620
3 1619 1620 1608
3 1620 1632 1633
3 1620 1633 1621
3 1621 1633 1634
3 1621 1634 1622
3 1622 1634 1635
3 1622 1635 1623
3 1623 1635 1636
3 1623 1636 1624
3 1624 1636 1637
3 1624 1637 1625
3 1625 1637 1638
3 1625 1638 1626
3 1626 1638 1639
3 1626 1639 1627
3 1627 1639 1640
3 1627 1640 1628
3 1628 1640 1641
3 1628 1641 1629
3 1629 1641 1642
3 1629 1642 1630
3 1630 1642 1643
3 1630 1643 1631
3 1631 1643 1632
3 1631 1632 1620
3 1632 1644 1645
3 1632 1645 1633
3 1633 1645 1646
3 1633 1646 1634
3 1634 1646 1647
3 1634 1647 1635
3 1635 1647 1648
3 1635 1648 1636
3 1636 1648 1649
3 1636 1649 1637
3 1637 1649 1650
3 1637 1650 1638
3 1638 1650 1651
3 1638 1651 1639
3 1639 1651 1652
3 1639 1652 1640
3 1640 1652 1653
3 1640 1653 1641
3 1641 1653 1654
3 1641 1654 1642
3 1642 1654 1655
3 1642 1655 1643
3 1643 1655 1644
3 1643 1644 1632
3 1644 1656 1657
3 1644 1657 1645
3 1645 1657 1658
3 1645 1658 1646
3 1646 1658 1659
3 1646 1659 1647
3 1647 1659 1660
3 1647 1660 1648
3 1648 1660 1661
3 1648 1661 1649
3 1649 1661 1662
3 1649 1662 1650
3 1650 1662 1663
3 1650 1663 1651
3 1651 1663 1664
3 1651 1664 1652
3 1652 1664 1665
3 1652 1665 1653
3 1653 1665 1666
3 1653 1666 1654
3 1654 1666 1667
3 1654 1667 1655
3 1655 1667 1656
3 1655 1656 1644
3 1656 1668 1669
3 1656 1669 1657
3 1657 1669 1670
3 1657 1670 1658
3 1658 1670 1671
3 1658 1671 1659
3 1659 1671 1672
3 1659 1672 1660
3 1660 1672 1673
3 1660 1673 1661
3 1661 1673 1674
3 1661 1674 1662
3 1662 1674 1675
3 1662 1675 1663
3 1663 1675 1676
3 1663 1676 1664
3 1664 1676 1677
3 1664 1677 1665
3 1665 1677 1678
3 1665 1678 1666
3 1666 1678 1679
3 1666 1679 1667
3 1667 1679 1668
3 1667 1668 1656
3 1668 1680 1681
3 1668 1681 1669
3 1669 1681 1682
3 1669 1682 1670
3 1670 1682 1683
3 1670 1683 1671
3 1671 1683 1684
3 1671 1684 1672
3 1672 1684 1685
3 1672 1685 1673
3 1673 1685 1686
3 1673 1686 1674
3 1674 1686 1687
3 1674 1687 1675
3 1675 1687 1688
3 1675 1688 1676
3 1676 1688 1689
3 1676 1689 1677
3 1677 1689 1690
3 1677 1690 1678
3 1678 1690 1691
3 1678 1691 1679
3 1679 1691 1680
3 1679 1680 1668
3 1680 1692 1693
3 1680 1693 1681
3 1681 1693 1694
3 1681 1694 1682
3 1682 1694 1695
3 1682 1695 1683
3 1683 1695 1696
3 1683 1696 1684
3 1684 1696 1697
3 1684 1697 1685
3 1685 1697 1698
3 1685 1698 1686
3 1686 1698 1699
3 1686 1699 1687
3 1687 1699 1700
3 1687 1700 1688
3 1688 1700 1701
3 1688 1701 1689
3 1689 1701 1702
3 1689 1702 1690
3 1690 1702 1703
3 1690 1703 1691
3 1691 1703 1692
3 1691 1692 1680
3 1692 1704 1705
3 1692 1705 1693
3 1693 1705 1706
3 1693 1706 1694
3 1694 1706 1707
3 1694 1707 1695
3 1695 1707 1708
3 1695 1708 1696
3 1696 1708 1709
3 1696 1709 1697
3 1697 1709 1710
3 1697 1710 1698
3 1698 1710 1711
3 1698 1711 1699
3 1699 1711 1712
3 1699 1712 1700
3 1700 1712 1713
3 1700 1713 1701
3 1701 1713 1714
3 1701 1714 1702
3 1702 1714 1715
3 1702 1715 1703
3 1703 1715 1704
3 1703 1704 1692
3 1704 1716 1717
3 1704 1717 1705
3 1705 1717 1718
3 1705 1718 1706
3 1706 1718 1719
3 1706 1719 1707
3 1707 1719 1720
3 1707 1720 1708
3 1708 1720 1721
3 1708 1721 1709
3 1709 1721 1722
3 1709 1722 1710
3 1710 1722 1723
3 1710 1723 1711
3 1711 1723 1724
3 1711 1724 1712
3 1712 1724 1725
3 1712 1725 1713
3 1713 1725 1726
3 1713 1726 1714
3 1714 1726 1727
3 1714 1727 1715
3 1715 1727 1716
3 1715 1716 1704
3 1716 1728 1729
3 1716 1729 1717
3 1717 1729 1730
3 1717 1730 1718
3 1718 1730 1731
3 1718 1731 1719
3 1719 1731 1732
3 1719 1732 1720
3 1720 1732 1733
3 1720 1733 1721
3 1721 1733 1734
3 1721 1734 1722
3 1722 1734 1735
3 1722 1735 1723
3 1723 1735 1736
3 1723 1736 1724
3 1724 1736 1737
3 1724 1737 1725
3 1725 1737 1738
3 1725 1738 1726
3 1726 1738 1739
3 1726 1739 1727
3 1727 1739 1728
3 1727 1728 1716
3 1728 1740 1741
3 1728 1741 1729
3 1729 1741 1742
3 1729 1742 1730
3 1730 1742 1743
3 1730 1743 1731
3 1731 1743 1744
3 1731 1744 1732
3 1732 1744 1745
3 1732 1745 1733
3 1733 1745 1746
3 1733 1746 1734
3 1734 1746 1747
3 1734 1747 1735
3 1735 1747 1748
3 1735 1748 1736
3 1736 1748 1749
3 1736 1749 1737
3 1737 1749 1750
3 1737 1750 1738
3 1738 1750 1751
3 1738 1751 1739
3 1739 1751 1740
3 1739 1740 1728
3 1740 1752 1753
3 1740 1753 1741
3 1741 1753 1754
3 1741 1754 1742
3 1742 1754 1755
3 1742 1755 1743
3 1743 1755 1756
3 1743 1756 1744
3 1744 1756 1757
3 1744 1757 1745
3 1745 1757 1758
3 1745 1758 1746
3 1746 1758 1759
3 1746 1759 1747
3 1747 1759 1760
3 1747 1760 1748
3 1748 1760 1761
3 1748 1761 1749
3 1749 1761 1762
3 1749 1762 1750
3 1750 1762 1763
3 1750 1763 1751
3 1751 1763 1752
3 1751 1752 1740
3 1752 1764 1765
3 1752 1765 1753
3 1753 1765 1766
3 1753 1766 1754
3 1754 1766 1767
3 1754 1767 1755
3 1755 1767 1768
3 1755 1768 1756
3 1756 1768 1769
3 1756 1769 1757
3 1757 1769 1770
3 1757 1770 1758
3 1758 1770 1771
3 1758 1771 1759
3 1759 1771 1772
3 1759 1772 1760
3 1760 1772 1773
3 1760 1773 1761
3 1761 1773 1774
3 1761 1774 1762
3 1762 1774 1775
3 1762 1775 1763
3 1763 1775 1764
3 1763 1764 1752
3 1764 1776 1777
3 1764 1777 1765
3 1765 1777 1778
3 1765 1778 1766
3 1766 1778 1779
3 1766 1779 1767
3 1767 1779 1780
3 1767 1780 1768
3 1768 1780 1781
3 1768 1781 1769
3 1769 1781 1782
3 1769 1782 1770
3 1770 1782 1783
3 1770 1783 1771
3 1771 1783 1784
3 1771 1784 1772
3 1772 1784 1785
3 1772 1785 1773
3 1773 1785 1786
3 1773 1786 1774
3 1774 1786 1787
3 1774 1787 1775
3 1775 1787 1776
3 1775 1776 1764
3 1776 1788 1789
3 1776 1789 1777
3 1777 1789 1790
3 1777 1790 1778
3 1778 1790 1791
3 1778 1791 1779
3 1779 1791 1792
3 1779 1792 1780
3 1780 1792 1793
3 1780 1793 1781
3 1781 1793 1794
3 1781 1794 1782
3 1782 1794 1795
3 1782 1795 1783
3 1783 1795 1796
3 1783 1796 1784
3 1784 1796 1797
3 1784 1797 1785
3 1785 1797 1798
3 1785 1798 1786
3 1786 1798 1799
3 1786 1799 1787
3 1787 1799 1788
3 1787 1788 1776
3 1788 1800 1801
3 1788 1801 1789
3 1789 1801 1802
3 1789 1802 1790
3 1790 1802 1803
3 1790 1803 1791
3 1791 1803 1804
3 1791 1804 1792
3 1792 1804 1805
3 1792 1805 1793
3 1793 1805 1806
3 1793 1806 1794
3 1794 1806 1807
3 1794 1807 1795
3 1795 1807 1808
3 1795 1808 1796
3 1796 1808 1809
3 1796 1809 1797
3 1797 1809 1810
3 1797 1810 1798
3 1798 1810 1811
3 1798 1811 1799
3 1799 1811 1800
3 1799 1800 1788
3 1800 1812 1813
3 1800 1813 1801
3 1801 1813 1814
3 1801 1814 1802
3 1802 1814 1815
3 1802 1815 1803
3 1803 1815 1816
3 1803 1816 1804
3 1804 1816 1817
3 1804 1817 1805
3 1805 1817 1818
3 1805 1818 1806
3 1806 1818 1819
3 1806 1819 1807
3 1807 1819 1820
3 1807 1820 1808
3 1808 1820 1821
3 1808 1821 1809
3 1809 1821 1822
3 1809 1822 1810
3 1810 1822 1823
3 1810 1823 1811
3 1811 1823 1812
3 1811 1812 1800
3 1812 1824 1825
3 1812 1825 1813
3 1813 1825 1826
3 1813 1826 1814
3 1814 1826 1827
3 1814 1827 1815
3 1815 1827 1828
3 1815 1828 1816
3 1816 1828 1829
3 1816 1829 1817
3 1817 1829 1830
3 1817 1830 1818
3 1818 1830 1831
3 1818 1831 1819
3 1819 1831 1832
3 1819 1832 1820
3 1820 1832 1833
3 1820 1833 1821
3 1821 1833 1834
3 1821 1834 1822
3 1822 1834 1835
3 1822 1835 1823
3 1823 1835 1824
3 1823 1824 1812
3 1824 1836 1837
3 1824 1837 1825
3 1825 1837 1838
3 1825 1838 1826
3 1826 1838 1839
3 1826 1839 1827
3 1827 1839 1840
3 1827 1840 1828
3 1828 1840 1841
3 1828 1841 1829
3 1829 1841 1842
3 1829 1842 1830
3 1830 1842 1843
3 1830 1843 1831
3 1831 1843 1844
3 1831 1844 1832
3 1832 1844 1845
3 1832 1845 1833
3 1833 1845 1846
3 1833 1846 1834
3 1834 1846 1847
3 1834 1847 1835
3 1835 1847 1836
3 1835 1836 1824
3 1836 1848 1849
3 1836 1849 1837
3 1837 1849 1850
3 1837 1850 1838
3 1838 1850 1851
3 1838 1851 1839
3 1839 1851 1852
3 1839 1852 1840
3 1840 1852 1853
3 1840 1853 1841
3 1841 1853 1854
3 1841 1854 1842
3 1842 1854 1855
3 1842 1855 1843
3 1843 1855 1856
3 1843 1856 1844
3 1844 1856 1857
3 1844 1857 1845
3 1845 1857 1858
3 1845 1858 1846
3 1846 1858 1859
3 1846 1859 1847
3 1847 1859 1848
3 1847 1848 1836
3 1848 1860 1861
3 1848 1861 1849
3 1849 1861 1862
3 1849 1862 1850
3 1850 1862 1863
3 1850 1863 1851
3 1851 1863 1864
3 1851 1864 1852
3 1852 1864 1865
3 1852 1865 1853
3 1853 1865 1866
3 1853 1866 1854
3 1854 1866 1867
3 1854 1867 1855
3 1855 1867 1868
3 1855 1868 1856
3 1856 1868 1869
3 1856 1869 1857
3 1857 1869 1870
3 1857 1870 1858
3 1858 1870 1871
3 1858 1871 1859
3 1859 1871 1860
3 1859 1860 1848
3 1860 1872 1873
3 1860 1873 1861
3 1861 1873 1874
3 1861 1874 1862
3 1862 1874 1875
3 1862 1875 1863
3 1863 1875 1876
3 1863 1876 1864
3 1864 1876 1877
3 1864 1877 1865
3 1865 1877 1878
3 1865 1878 1866
3 1866 1878 1879
3 1866 1879 1867
3 1867 1879 1880
3 1867 1880 1868
3 1868 1880 1881
3 1868 1881 1869
3 1869 1881 1882
3 1869 1882 1870
3 1870 1882 1883
3 1870 1883 1871
3 1871 1883 1872
3 1871 1872 1860
3 1872 1884 1885
3 1872 1885 1873
3 1873 1885 1886
3 1873 1886 1874
3 1874 1886 1887
3 1874 1887 1875
3 1875 1887 1888
3 1875 1888 1876
3 1876 1888 1889
3 1876 1889 1877
3 1877 1889 1890
3 1877 1890 1878
3 1878 1890 1891
3 1878 1891 1879
3 1879 1891 1892
3 1879 1892 1880
3 1880 1892 1893
3 1880 1893 1881
3 1881 1893 1894
3 1881 1894 1882
3 1882 1894 1895
3 1882 1895 1883
3 1883 1895 1884
3 1883 1884 1872
3 1884 1896 1897
3 1884 1897 1885
3 1885 1897 1898
3 1885 1898 1886
3 1886 1898 1899
3 1886 1899 1887
3 1887 1899 1900
3 1887 1900 1888
3 1888 1900 1901
3 1888 1901 1889
3 1889 1901 1902
3 1889 1902 1890
3 1890 1902 1903
3 1890 1903 1891
3 1891 1903 1904
3 1891 1904 1892
3 1892 1904 1905
3 1892 1905 1893
3 1893 1905 1906
3 1893 1906 1894
3 1894 1906 1907
3 1894 1907 1895
3 1895 1907 1896
3 1895 1896 1884
3 1896 1908 1909
3 1896 1909 1897
3 1897 1909 1910
3 1897 1910 1898
3 1898 1910 1911
3 1898 1911 1899
3 1899 1911 1912
3 1899 1912 1900
3 1900 1912 1913
3 1900 1913 1901
3 1901 1913 1914
3 1901 1914 1902
3 1902 1914 1915
3 1902 1915 1903
3 1903 1915 1916
3 1903 1916 1904
3 1904 1916 1917
3 1904 1917 1905
3 1905 1917 1918
3 1905 1918 1906
3 1906 1918 1919
3 1906 1919 1907
3 1907 1919 1908
3 1907 1908 1896
3 1908 1920 1921
3 1908 1921 1909
3 1909 1921 1922
3 1909 1922 1910
3 1910 1922 1923
3 1910 1923 1911
3 1911 1923 1924
3 1911 1924 1912
3 1912 1924 1925
3 1912 1925 1913
3 1913 1925 1926
3 1913 1926 1914
3 1914 1926 1927
3 1914 1927 1915
3 1915 1927 1928
3 1915 1928 1916
3 1916 1928 1929
3 1916 1929 1917
3 1917 1929 1930
3 1917 1930 1918
3 1918 1930 1931
3 1918 1931 1919
3 1919 1931 1920
3 1919 1920 1908
3 1920 1932 1933
3 1920 1933 1921
3 1921 1933 1934
3 1921 1934 1922
3 1922 1934 1935
3 1922 1935 1923
3 1923 1935 1936
3 1923 1936 1924
3 1924 1936 1937
3 1924 1937 1925
3 1925 1937 1938
3 1925 1938 1926
3 1926 1938 1939
3 1926 1939 1927
3 1927 1939 1940
3 1927 1940 1928
3 1928 1940 1941
3 1928 1941 1929
3 1929 1941 1942
3 1929 1942 1930
3 1930 1942 1943
3 1930 1943 1931
3 1931 1943 1932
3 1931 1932 1920
3 1932 1944 1945
3 1932 1945 1933
3 1933 1945 1946
3 1933 1946 1934
3 1934 1946 1947
3 1934 1947 1935
3 1935 1947 1948
3 1935 1948 1936
3 1936 1948 1949
3 1936 1949 1937
3 1937 1949 1950
3 1937 1950 1938
3 1938 1950 1951
3 1938 1951 1939
3 1939 1951 1952
3 1939 1952 1940
3 1940 1952 1953
3 1940 1953 1941
3 1941 1953 1954
3 1941 1954 1942
3 1942 1954 1955
3 1942 1955 1943
3 1943 1955 1944
3 1943 1944 1932
3 1944 1956 1957
3 1944 1957 1945
3 1945 1957 1958
3 1945 1958 1946
3 1946 1958 1959
3 1946 1959 1947
3 1947 1959 1960
3 1947 1960 1948
3 1948 1960 1961
3 1948 1961 1949
3 1949 1961 1962
3 1949 1962 1950
3 1950 1962 1963
3 1950 1963 1951
3 1951 1963 1964
3 1951 1964 1952
3 1952 1964 1965
3 1952 1965 1953
3 1953 1965 1966
3 1953 1966 1954
3 1954 1966 1967
3 1954 1967 1955
3 1955 1967 1956
3 1955 1956 1944
3 1956 1968 1969
3 1956 1969 1957
3 1957 1969 1970
3 1957 1970 1958
3 1958 1970 1971
3 1958 1971 1959
3 1959 1971 1972
3 1959 1972 1960
3 1960 1972 1973
3 1960 1973 1961
3 1961 1973 1974
3 1961 1974 1962
3 1962 1974 1975
3 1962 1975 1963
3 1963 1975 1976
3 1963 1976 1964
3 1964 1976 1977
3 1964 1977 1965
3 1965 1977 1978
3 1965 1978 1966
3 1966 1978 1979
3 1966 1979 1967
3 1967 1979 1968
3 1967 1968 1956
3 1968 1980 1981
3 1968 1981 1969
3 1969 1981 1982
3 1969 1982 1970
3 1970 1982 1983
3 1970 1983 1971
3 1971 1983 1984
3 1971 1984 1972
3 1972 1984 1985
3 1972 1985 1973
3 1973 1985 1986
3 1973 1986 1974
3 1974 1986 1987
3 1974 1987 1975
3 1975 1987 1988
3 1975 1988 1976
3 1976 1988 1989
3 1976 1989 1977
3 1977 1989 1990
3 1977 1990 1978
3 1978 1990 1991
3 1978 1991 1979
3 1979 1991 1980
3 1979 1980 1968
3 1980 1992 1993
3 1980 1993 1981
3 1981 1993 1994
3 1981 1994 1982
3 1982 1994 1995
3 1982 1995 1983
3 1983 1995 1996
3 1983 1996 1984
3 1984 1996 1997
3 1984 1997 1985
3 1985 1997 1998
3 1985 1998 1986
3 1986 1998 1999
3 1986 1999 1987
3 1987 1999 2000
3 1987 2000 1988
3 1988 2000 2001
3 1988 2001 1989
3 1989 2001 2002
3 1989 2002 1990
3 1990 2002 2003
3 1990 2003 1991
3 1991 2003 1992
3 1991 1992 1980
3 1992 2004 2005
3 1992 2005 1993
3 1993 2005 2006
3 1993 2006 1994
3 1994 2006 2007
3 1994 2007 1995
3 1995 2007 2008
3 1995 2008 1996
3 1996 2008 2009
3 1996 2009 1997
3 1997 2009 2010
3 1997 2010 1998
3 1998 2010 2011
3 1998 2011 1999
3 1999 2011 2012
3 1999 2012 2000
3 2000 2012 2013
3 2000 2013 2001
3 2001 2013 2014
3 2001 2014 2002
3 2002 2014 2015
3 2002 2015 2003
3 2003 2015 2004
3 2003 2004 1992
3 2004 2016 2017
3 2004 2017 2005
3 2005 2017 2018
3 2005 2018 2006
3 2006 2018 2019
3 2006 2019 2007
3 2007 2019 2020
3 2007 2020 2008
3 2008 2020 2021
3 2008 2021 2009
3 2009 2021 2022
3 2009 2022 2010
3 2010 2022 2023
3 2010 2023 2011
3 2011 2023 2024
3 2011 2024 2012
3 2012 2024 2025
3 2012 2025 2013
3 2013 2025 2026
3 2013 2026 2014
3 2014 2026 2027
3 2014 2027 2015
3 2015 2027 2016
3 2015 2016 2004
3 2016 2028 2029
3 2016 2029 2017
3 2017 2029 2030
3 2017 2030 2018
3 2018 2030 2031
3 2018 2031 2019
3 2019 2031 2032
3 2019 2032 2020
3 2020 2032 2033
3 2020 2033 2021
3 2021 2033 2034
3 2021 2034 2022
3 2022 2034 2035
3 2022 2035 2023
3 2023 2035 2036
3 2023 2036 2024
3 2024 2036 2037
3 2024 2037 2025
3 2025 2037 2038
3 2025 2038 2026
3 2026 2038 2039
3 2026 2039 2027
3 2027 2039 2028
3 2027 2028 2016
3 2028 2040 2041
3 2028 2041 2029
3 2029 2041 2042
3 2029 2042 2030
3 2030 2042 2043
3 2030 2043 2031
3 2031 2043 2044
3 2031 2044 2032
3 2032 2044 2045
3 2032 2045 2033
3 2033 2045 2046
3 2033 2046 2034
3 2034 2046 2047
3 2034 2047 2035
3 2035 2047 2048
3 2035 2048 2036
3 2036 2048 2049
3 2036 2049 2037
3 2037 2049 2050
3 2037 2050 2038
3 2038 2050 2051
3 2038 2051 2039
3 2039 2051 2040
3 2039 2040 2028
3 2040 2052 2053
3 2040 2053 2041
3 2041 2053 2054
3 2041 2054 2042
3 2042 2054 2055
3 2042 2055 2043
3 2043 2055 2056
3 2043 2056 2044
3 2044 2056 2057
3 2044 2057 2045
3 2045 2057 2058
3 2045 2058 2046
3 2046 2058 2059
3 2046 2059 2047
3 2047 2059 2060
3 2047 2060 2048
3 2048 2060 2061
3 2048 2061 2049
3 2049 2061 2062
3 2049 2062 2050
3 2050 2062 2063
3 2050 2063 2051
3 2051 2063 2052
3 2051 2052 2040
3 2052 2064 2065
3 2052 2065 2053
3 2053 2065 2066
3 2053 2066 2054
3 2054 2066 2067
3 2054 2067 2055
3 2055 2067 2068
3 2055 2068 2056
3 2056 2068 2069
3 2056 2069 2057
3 2057 2069 2070
3 2057 2070 2058
3 2058 2070 2071
3 2058 2071 2059
3 2059 2071 2072
3 2059 2072 2060
3 2060 2072 2073
3 2060 2073 2061
3 2061 2073 2074
3 2061 2074 2062
3 2062 2074 2075
3 2062 2075 2063
3 2063 2075 2064
3 2063 2064 2052
3 2064 2076 2077
3 2064 2077 2065
3 2065 2077 2078
3 2065 2078 2066
3 2066 2078 2079
3 2066 2079 2067
3 2067 2079 2080
3 2067 2080 2068
3 2068 2080 2081
3 2068 2081 2069
3 2069 2081 2082
3 2069 2082 2070
3 2070 2082 2083
3 2070 2083 2071
3 2071 2083 2084
3 2071 2084 2072
3 2072 2084 2085
3 2072 2085 2073
3 2073 2085 2086
3 2073 2086 2074
3 2074 2086 2087
3 2074 2087 2075
3 2075 2087 2076
3 2075 2076 2064
3 2076 2088 2089
3 2076 2089 2077
3 2077 2089 2090
3 2077 2090 2078
3 2078 2090 2091
3 2078 2091 2079
3 2079 2091 2092
3 2079 2092 2080
3 2080 2092 2093
3 2080 2093 2081
3 2081 2093 2094
3 2081 2094 2082
3 2082 2094 2095
3 2082 2095 2083
3 2083 2095 2096
3 2083 2096 2084
3 2084 2096 2097
3 2084 2097 2085
3 2085 2097 2098
3 2085 2098 2086
3 2086 2098 2099
3 2086 2099 2087
3 2087 2099 2088
3 2087 2088 2076
3 2088 2100 2101
3 2088 2101 2089
3 2089 2101 2102
3 2089 2102 2090
3 2090 2102 2103
3 2090 2103 2091
3 2091 2103 2104
3 2091 2104 2092
3 2092 2104 2105
3 2092 2105 2093
3 2093 2105 2106
3 2093 2106 2094
3 2094 2106 2107
3 2094 2107 2095
3 2095 2107 2108
3 2095 2108 2096
3 2096 2108 2109
3 2096 2109 2097
3 2097 2109 2110
3 2097 2110 2098
3 2098 2110 2111
3 2098 2111 2099
3 2099 2111 2100
3 2099 2100 2088
3 2100 2112 2113
3 2100 2113 2101
3 2101 2113 2114
3 2101 2114 2102
3 2102 2114 2115
3 2102 2115 2103
3 2103 2115 2116
3 2103 2116 2104
3 2104 2116 2117
3 2104 2117 2105
3 2105 2117 2118
3 2105 2118 2106
3 2106 2118 2119
3 2106 2119 2107
3 2107 2119 2120
3 2107 2120 2108
3 2108 2120 2121
3 2108 2121 2109
3 2109 2121 2122
3 2109 2122 2110
3 2110 2122 2123
3 2110 2123 2111
3 2111 2123 2112
3 2111 2112 2100
3 2112 2124 2125
3 2112 2125 2113
3 2113 2125 2126
3 2113 2126 2114
3 2114 2126 2127
3 2114 2127 2115
3 2115 2127 2128
3 2115 2128 2116
3 2116 2128 2129
3 2116 2129 2117
3 2117 2129 2130
3 2117 2130 2118
3 2118 2130 2131
3 2118 2131 2119
3 2119 2131 2132
3 2119 2132 2120
3 2120 2132 2133
3 2120 2133 2121
3 2121 2133 2134
3 2121 2134 2122
3 2122 2134 2135
3 2122 2135 2123
3 2123 2135 2124
3 2123 2124 2112
3 2124 2136 2137
3 2124 2137 2125
3 2125 2137 2138
3 2125 2138 2126
3 2126 2138 2139
3 2126 2139 2127
3 2127 2139 2140
3 2127 2140 2128
3 2128 2140 2141
3 2128 2141 2129
3 2129 2141 2142
3 2129 2142 2130
3 2130 2142 2143
3 2130 2143 2131
3 2131 2143 2144
3 2131 2144 2132
3 2132 2144 2145
3 2132 2145 2133
3 2133 2145 2146
3 2133 2146 2134
3 2134 2146 2147
3 2134 2147 2135
3 2135 2147 2136
3 2135 2136 2124
3 2136 2148 2149
3 2136 2149 2137
3 2137 2149 2150
3 2137 2150 2138
3 2138 2150 2151
3 2138 2151 2139
3 2139 2151 2152
3 2139 2152 2140
3 2140 2152 2153
3 2140 2153 2141
3 2141 2153 2154
3 2141 2154 2142
3 2142 2154 2155
3 2142 2155 2143
3 2143 2155 2156
3 2143 2156 2144
3 2144 2156 2157
3 2144 2157 2145
3 2145 2157 2158
3 2145 2158 2146
3 2146 2158 2159
3 2146 2159 2147
3 2147 2159 2148
3 2147 2148 2136
3 2148 2160 2161
3 2148 2161 2149
3 2149 2161 2162
3 2149 2162 2150
3 2150 2162 2163
3 2150 2163 2151
3 2151 2163 2164
3 2151 2164 2152
3 2152 2164 2165
3 2152 2165 2153
3 2153 2165 2166
3 2153 2166 2154
3 2154 2166 2167
3 2154 2167 2155
3 2155 2167 2168
3 2155 2168 2156
3 2156 2168 2169
3 2156 2169 2157
3 2157 2169 2170
3 2157 2170 2158
3 2158 2170 2171
3 2158 2171 2159
3 2159 2171 2160
3 2159 2160 2148
3 2160 2172 2173
3 2160 2173 2161
3 2161 2173 2174
3 2161 2174 2162
3 2162 2174 2175
3 2162 2175 2163
3 2163 2175 2176
3 2163 2176 2164
3 2164 2176 2177
3 2164 2177 2165
3 2165 2177 2178
3 2165 2178 2166
3 2166 2178 2179
3 2166 2179 2167
3 2167 2179 2180
3 2167 2180 2168
3 2168 2180 2181
3 2168 2181 2169
3 2169 2181 2182
3 2169 2182 2170
3 2170 2182 2183
3 2170 2183 2171
3 2171 2183 2172
3 2171 2172 2160
3 2172 2184 2185
3 2172 2185 2173
3 2173 2185 2186
3 2173 2186 2174
3 2174 2186 2187
3 2174 2187 2175
3 2175 2187 2188
3 2175 2188 2176
3 2176 2188 2189
3 2176 2189 2177
3 2177 2189 2190
3 2177 2190 2178
3 2178 2190 2191
3 2178 2191 2179
3 2179 2191 2192
3 2179 2192 2180
3 2180 2192 2193
3 2180 2193 2181
3 2181 2193 2194
3 2181 2194 2182
3 2182 2194 2195
3 2182 2195 2183
3 2183 2195 2184
3 2183 2184 2172
3 2184 2196 2197
3 2184 2197 2185
3 2185 2197 2198
3 2185 2198 2186
3 2186 2198 2199
3 2186 2199 2187
3 2187 2199 2200
3 2187 2200 2188
3 2188 2200 2201
3 2188 2201 2189
3 2189 2201 2202
3 2189 2202 2190
3 2190 2202 2203
3 2190 2203 2191
3 2191 2203 2204
3 2191 2204 2192
3 2192 2204 2205
3 2192 2205 2193
3 2193 2205 2206
3 2193 2206 2194
3 2194 2206 2207
3 2194 2207 2195
3 2195 2207 2196
3 2195 2196 2184
3 2196 2208 2209
3 2196 2209 2197
3 2197 2209 2210
3 2197 2210 2198
3 2198 2210 2211
3 2198 2211 2199
3 2199 2211 2212
3 2199 2212 2200
3 2200 2212 2213
3 2200 2213 2201
3 2201 2213 2214
3 2201 2214 2202
3 2202 2214 2215
3 2202 2215 2203
3 2203 2215 2216
3 2203 2216 2204
3 2204 2216 2217
3 2204 2217 2205
3 2205 2217 2218
3 2205 2218 2206
3 2206 2218 2219
3 2206 2219 2207
3 2207 2219 2208
3 2207 2208 2196
3 2208 2220 2221
3 2208 2221 2209
3 2209 2221 2222
3 2209 2222 2210
3 2210 2222 2223
3 2210 2223 2211
3 2211 2223 2224
3 2211 2224 2212
3 2212 2224 2225
3 2212 2225 2213
3 2213 2225 2226
3 2213 2226 2214
3 2214 2226 2227
3 2214 2227 2215
3 2215 2227 2228
3 2215 2228 2216
3 2216 2228 2229
3 2216 2229 2217
3 2217 2229 2230
3 2217 2230 2218
3 2218 2230 2231
3 2218 2231 2219
3 2219 2231 2220
3 2219 2220 2208
3 2220 2232 2233
3 2220 2233 2221
3 2221 2233 2234
3 2221 2234 2222
3 2222 2234 2235
3 2222 2235 2223
3 2223 2235 2236
3 2223 2236 2224
3 2224 2236 2237
3 2224 2237 2225
3 2225 2237 2238
3 2225 2238 2226
3 2226 2238 2239
3 2226 2239 2227
3 2227 2239 2240
3 2227 2240 2228
3 2228 2240 2241
3 2228 2241 2229
3 2229 2241 2242
3 2229 2242 2230
3 2230 2242 2243
3 2230 2243 2231
3 2231 2243 2232
3 2231 2232 2220
3 2232 2244 2245
3 2232 2245 2233
3 2233 2245 2246
3 2233 2246 2234
3 2234 2246 2247
3 2234 2247 2235
3 2235 2247 2248
3 2235 2248 2236
3 2236 2248 2249
3 2236 2249 2237
3 2237 2249 2250
3 2237 2250 2238
3 2238 2250 2251
3 2238 2251 2239
3 2239 2251 2252
3 2239 2252 2240
3 2240 2252 2253
3 2240 2253 2241
3 2241 2253 2254
3 2241 2254 2242
3 2242 2254 2255
3 2242 2255 2243
3 2243 2255 2244
3 2243 2244 2232
3 2244 2256 2257
3 2244 2257 2245
3 2245 2257 2258
3 2245 2258 2246
3 2246 2258 2259
3 2246 2259 2247
3 2247 2259 2260
3 2247 2260 2248
3 2248 2260 2261
3 2248 2261 2249
3 2249 2261 2262
3 2249 2262 2250
3 2250 2262 2263
3 2250 2263 2251
3 2251 2263 2264
3 2251 2264 2252
3 2252 2264 2265
3 2252 2265 2253
3 2253 2265 2266
3 2253 2266 2254
3 2254 2266 2267
3 2254 2267 2255
3 2255 2267 2256
3 2255 2256 2244
3 2256 2268 2269
3 2256 2269 2257
3 2257 2269 2270
3 2257 2270 2258
3 2258 2270 2271
3 2258 2271 2259
3 2259 2271 2272
3 2259 2272 2260
3 2260 2272 2273
3 2260 2273 2261
3 2261 2273 2274
3 2261 2274 2262
3 2262 2274 2275
3 2262 2275 2263
3 2263 2275 2276
3 2263 2276 2264
3 2264 2276 2277
3 2264 2277 2265
3 2265 2277 2278
3 2265 2278 2266
3 2266 2278 2279
3 2266 2279 2267
3 2267 2279 2268
3 2267 2268 2256
3 2268 2280 2281
3 2268 2281 2269
3 2269 2281 2282
3 2269 2282 2270
3 2270 2282 2283
3 2270 2283 2271
3 2271 2283 2284
3 2271 2284 2272
3 2272 2284 2285
3 2272 2285 2273
3 2273 2285 2286
3 2273 2286 2274
3 2274 2286 2287
3 2274 2287 2275
3 2275 2287 2288
3 2275 2288 2276
3 2276 2288 2289
3 2276 2289 2277
3 2277 2289 2290
3 2277 2290 2278
3 2278 2290 2291
3 2278 2291 2279
3 2279 2291 2280
3 2279 2280 2268
3 2280 2292 2293
3 2280 2293 2281
3 2281 2293 2294
3 2281 2294 2282
3 2282 2294 2295
3 2282 2295 2283
3 2283 2295 2296
3 2283 2296 2284
3 2284 2296 2297
3 2284 2297 2285
3 2285 2297 2298
3 2285 2298 2286
3 2286 2298 2299
3 2286 2299 2287
3 2287 2299 2300
3 2287 2300 2288
3 2288 2300 2301
3 2288 2301 2289
3 2289 2301 2302
3 2289 2302 2290
3 2290 2302 2303
3 2290 2303 2291
3 2291 2303 2292
3 2291 2292 2280
3 2292 2304 2305
3 2292 2305 2293
3 2293 2305 2306
3 2293 2306 2294
3 2294 2306 2307
3 2294 2307 2295
3 2295 2307 2308
3 2295 2308 2296
3 2296 2308 2309
3 2296 2309 2297
3 2297 2309 2310
3 2297 2310 2298
3 2298 2310 2311
3 2298 2311 2299
3 2299 2311 2312
3 2299 2312 2300
3 2300 2312 2313
3 2300 2313 2301
3 2301 2313 2314
3 2301 2314 2302
3 2302 2314 2315
3 2302 2315 2303
3 2303 2315 2304
3 2303 2304 2292
3 2304 2316 2317
3 2304 2317 2305
3 2305 2317 2318
3 2305 2318 2306
3 2306 2318 2319
3 2306 2319 2307
3 2307 2319 2320
3 2307 2320 2308
3 2308 2320 2321
3 2308 2321 2309
3 2309 2321 2322
3 2309 2322 2310
3 2310 2322 2323
3 2310 2323 2311
3 2311 2323 2324
3 2311 2324 2312
3 2312 2324 2325
3 2312 2325 2313
3 2313 2325 2326
3 2313 2326 2314
3 2314 2326 2327
3 2314 2327 2315
3 2315 2327 2316
3 2315 2316 2304
3 2316 2328 2329
3 2316 2329 2317
3 2317 2329 2330
3 2317 2330 2318
3 2318 2330 2331
3 2318 2331 2319
3 2319 2331 2332
3 2319 2332 2320
3 2320 2332 2333
3 2320 2333 2321
3 2321 2333 2334
3 2321 2334 2322
3 2322 2334 2335
3 2322 2335 2323
3 2323 2335 2336
3 2323 2336 2324
3 2324 2336 2337
3 2324 2337 2325
3 2325 2337 2338
3 2325 2338 2326
3 2326 2338 2339
3 2326 2339 2327
3 2327 2339 2328
3 2327 2328 2316
3 2328 2340 2341
3 2328 2341 2329
3 2329 2341 2342
3 2329 2342 2330
3 2330 2342 2343
3 2330 2343 2331
3 2331 2343 2344
3 2331 2344 2332
3 2332 2344 2345
3 2332 2345 2333
3 2333 2345 2346
3 2333 2346 2334
3 2334 2346 2347
3 2334 2347 2335
3 2335 2347 2348
3 2335 2348 2336
3 2336 2348 2349
3 2336 2349 2337
3 2337 2349 2350
3 2337 2350 2338
3 2338 2350 2351
3 2338 2351 2339
3 2339 2351 2340
3 2339 2340 2328
3 2340 2352 2353
3 2340 2353 2341
3 2341 2353 2354
3 2341 2354 2342
3 2342 2354 2355
3 2342 2355 2343
3 2343 2355 2356
3 2343 2356 2344
3 2344 2356 2357
3 2344 2357 2345
3 2345 2357 2358
3 2345 2358 2346
3 2346 2358 2359
3 2346 2359 2347
3 2347 2359 2360
3 2347 2360 2348
3 2348 2360 2361
3 2348 2361 2349
3 2349 2361 2362
3 2349 2362 2350
3 2350 2362 2363
3 2350 2363 2351
3 2351 2363 2352
3 2351 2352 2340
3 2352 2364 2365
3 2352 2365 2353
3 2353 2365 2366
3 2353 2366 2354
3 2354 2366 2367
3 2354 2367 2355
3 2355 2367 2368
3 2355 2368 2356
3 2356 2368 2369
3 2356 2369 2357
3 2357 2369 2370
3 2357 2370 2358
3 2358 2370 2371
3 2358 2371 2359
3 2359 2371 2372
3 2359 2372 2360
3 2360 2372 2373
3 2360 2373 2361
3 2361 2373 2374
3 2361 2374 2362
3 2362 2374 2375
3 2362 2375 2363
3 2363 2375 2364
3 2363 2364 2352
3 2364 2376 2377
3 2364 2377 2365
3 2365 2377 2378
3 2365 2378 2366
3 2366 2378 2379
3 2366 2379 2367
3 2367 2379 2380
3 2367 2380 2368
3 2368 2380 2381
3 2368 2381 2369
3 2369 2381 2382
3 2369 2382 2370
3 2370 2382 2383
3 2370 2383 2371
3 2371 2383 2384
3 2371 2384 2372
3 2372 2384 2385
3 2372 2385 2373
3 2373 2385 2386
3 2373 2386 2374
3 2374 2386 2387
3 2374 2387 2375
3 2375 2387 2376
3 2375 2376 2364
3 2376 2388 2389
3 2376 2389 2377
3 2377 2389 2390
3 2377 2390 2378
3 2378 2390 2391
3 2378 2391 2379
3 2379 2391 2392
3 2379 2392 2380
3 2380 2392 2393
3 2380 2393 2381
3 2381 2393 2394
3 2381 2394 2382
3 2382 2394 2395
3 2382 2395 2383
3 2383 2395 2396
3 2383 2396 2384
3 2384 2396 2397
3 2384 2397 2385
3 2385 2397 2398
3 2385 2398 2386
3 2386 2398 2399
3 2386 2399 2387
3 2387 2399 2388
3 2387 2388 2376
3 2388 0 1
3 2388 1 2389
3 2389 1 2
3 2389 2 2390
3 2390 2 3
3 2390 3 2391
3 2391 3 4
3 2391 4 2392
3 2392 4 5
3 2392 5 2393
3 2393 5 6
3 2393 6 2394
3 2394 6 7
3 2394 7 2395
3 2395 7 8
3 2395 8 2396
3 2396 8 9
3 2396 9 2397
3 2397 9 10
3 2397 10 2398
3 2398 10 11
3 2398 11 2399
3 2399 11 0
3 2399 0 2388
