ply
format ascii 1.0
element vertex 2880
property float x
property float y
property float z
element face 5760
property list uchar int vertex_indices
end_header
2.50000 0.00000 0.00000
2.48296 0.00000 0.07765
2.43301 0.00000 0.15000
2.35355 0.00000 0.21213
2.25000 0.00000 0.25981
2.12941 0.00000 0.28978
2.00000 0.00000 0.30000
1.87059 0.00000 0.28978
1.75000 0.00000 0.25981
1.64645 0.00000 0.21213
1.56699 0.00000 0.15000
1.51704 0.00000 0.07765
1.50000 0.00000 0.00000
1.51704 0.00000 -0.07765
1.56699 0.00000 -0.15000
1.64645 0.00000 -0.21213
1.75000 0.00000 -0.25981
1.87059 0.00000 -0.28978
2.00000 0.00000 -0.30000
2.12941 0.00000 -0.28978
2.25000 0.00000 -0.25981
2.35355 0.00000 -0.21213
2.43301 0.00000 -0.15000
2.48296 0.00000 -0.07765
2.49043 0.13052 0.07822
2.46149 0.12900 0.15224
2.40092 0.12583 0.21589
2.31284 0.12121 0.26483
2.20326 0.11547 0.29572
2.07963 0.10899 0.30645
1.95039 0.10222 0.29631
1.82435 0.09561 0.26597
1.71009 0.08962 0.21750
1.61540 0.08466 0.15421
1.54673 0.08106 0.08042
1.50877 0.07907 0.00114
1.50409 0.07883 -0.07822
1.53303 0.08034 -0.15224
1.59360 0.08352 -0.21589
1.68168 0.08813 -0.26483
1.79126 0.09388 -0.29572
1.91489 0.10035 -0.30645
2.04413 0.10713 -0.29631
2.17017 0.11373 -0.26597
2.28443 0.11972 -0.21750
2.37912 0.12468 -0.15421
2.44779 0.12828 -0.08042
2.48575 0.13027 -0.00114
2.46197 0.25876 0.15451
2.42199 0.25456 0.22309
2.35251 0.24726 0.27647
2.25826 0.23735 0.31100
2.14566 0.22552 0.32435
2.02239 0.21256 0.31558
1.89685 0.19937 0.28532
1.77759 0.18683 0.23561
1.67274 0.17581 0.16984
1.58944 0.16706 0.09250
1.53338 0.16116 0.00885
1.50837 0.15854 -0.07540
1.51612 0.15935 -0.15451
1.55610 0.16355 -0.22309
1.62558 0.17086 -0.27647
1.71983 0.18076 -0.31100
1.83243 0.19260 -0.32435
1.95570 0.20555 -0.31558
2.08124 0.21875 -0.28532
2.20050 0.23128 -0.23561
2.30535 0.24230 -0.16984
2.38864 0.25106 -0.09250
2.44471 0.25695 -0.00885
2.46971 0.25958 0.07540
2.41540 0.38256 0.22700
2.36559 0.37467 0.28844
2.28918 0.36257 0.33023
2.19140 0.34708 0.34952
2.07889 0.32926 0.34499
1.95933 0.31033 0.31694
1.84086 0.29156 0.26730
1.73155 0.27425 0.19944
1.63887 0.25957 0.11799
1.56912 0.24852 0.02850
1.52705 0.24186 -0.06293
1.51554 0.24004 -0.15008
1.53536 0.24318 -0.22700
1.58517 0.25107 -0.28844
1.66157 0.26317 -0.33023
1.75936 0.27865 -0.34952
1.87187 0.29647 -0.34499
1.99143 0.31541 -0.31694
2.10990 0.33417 -0.26730
2.21920 0.35149 -0.19944
2.31188 0.36617 -0.11799
2.38164 0.37721 -0.02850
2.42370 0.38388 0.06293
2.43522 0.38570 0.15008
2.35196 0.49993 0.29389
2.29384 0.48757 0.34670
2.21271 0.47033 0.37587
2.11411 0.44937 0.37943
2.00476 0.42612 0.35714
1.89210 0.40218 0.31050
1.78381 0.37916 0.24271
1.68728 0.35864 0.15837
1.60909 0.34202 0.06324
1.55455 0.33043 -0.03620
1.52739 0.32466 -0.13317
1.52947 0.32510 -0.22106
1.56063 0.33172 -0.29389
1.61875 0.34408 -0.34670
1.69988 0.36132 -0.37587
1.79848 0.38228 -0.37943
1.90783 0.40552 -0.35714
2.02049 0.42947 -0.31050
2.12878 0.45249 -0.24271
2.22531 0.47300 -0.15837
2.30350 0.48962 -0.06324
2.35804 0.50122 0.03620
2.38520 0.50699 0.13317
2.38312 0.50655 0.22106
2.27336 0.60914 0.35355
2.20869 0.59182 0.39641
2.12515 0.56943 0.41225
2.02844 0.54352 0.40000
1.92515 0.51584 0.36049
1.82232 0.48829 0.29641
1.72695 0.46273 0.21213
1.64554 0.44092 0.11340
1.58365 0.42434 0.00694
1.54548 0.41411 -0.10000
1.53365 0.41094 -0.20012
1.54895 0.41504 -0.28660
1.59035 0.42613 -0.35355
1.65501 0.44346 -0.39641
1.73855 0.46584 -0.41225
1.83526 0.49176 -0.40000
1.93855 0.51943 -0.36049
2.04139 0.54699 -0.29641
2.13676 0.57254 -0.21213
2.21816 0.59435 -0.11340
2.28006 0.61094 -0.00694
2.31822 0.62117 0.10000
2.33006 0.62434 0.20012
2.31475 0.62024 0.28660
2.18162 0.70885 0.40451
2.11236 0.68635 0.43636
2.02876 0.65918 0.43848
1.93654 0.62922 0.41072
1.84197 0.59849 0.35497
1.75149 0.56909 0.27502
1.67129 0.54303 0.17634
1.60681 0.52208 0.06563
1.56246 0.50767 -0.04954
1.54125 0.50078 -0.16134
1.54464 0.50188 -0.26215
1.57239 0.51090 -0.34509
1.62260 0.52722 -0.40451
1.69187 0.54972 -0.43636
1.77546 0.57688 -0.43848
1.86769 0.60685 -0.41072
1.96226 0.63758 -0.35497
2.05273 0.66697 -0.27502
2.13294 0.69303 -0.17634
2.19742 0.71398 -0.06563
2.24177 0.72839 0.04954
2.26297 0.73528 0.16134
2.25959 0.73418 0.26215
2.23184 0.72517 0.34509
2.07908 0.79808 0.44550
2.00727 0.77052 0.46557
1.92591 0.73929 0.45392
1.84055 0.70652 0.41132
1.75701 0.67445 0.34070
1.68096 0.64526 0.24686
1.61761 0.62094 0.13620
1.57127 0.60315 0.01625
1.54509 0.59310 -0.10480
1.54085 0.59148 -0.21871
1.55886 0.59839 -0.31772
1.59788 0.61337 -0.39507
1.65524 0.63539 -0.44550
1.72705 0.66295 -0.46557
1.80841 0.69418 -0.45392
1.89377 0.72695 -0.41132
1.97732 0.75902 -0.34070
2.05336 0.78821 -0.24686
2.11671 0.81253 -0.13620
2.16305 0.83032 -0.01625
2.18923 0.84037 0.10480
2.19347 0.84199 0.21871
2.17546 0.83508 0.31772
2.13645 0.82010 0.39507
1.96824 0.87632 0.47553
1.89597 0.84414 0.48332
1.81901 0.80987 0.45817
1.74259 0.77585 0.40180
1.67194 0.74439 0.31805
1.61185 0.71764 0.21262
1.56644 0.69742 0.09271
1.53879 0.68511 -0.03353
1.53079 0.68155 -0.15748
1.54298 0.68698 -0.27070
1.57453 0.70102 -0.36547
1.62329 0.72273 -0.43533
1.68594 0.75063 -0.47553
1.75821 0.78281 -0.48332
1.83518 0.81707 -0.45817
1.91159 0.85109 -0.40180
1.98225 0.88255 -0.31805
2.04233 0.90930 -0.21262
2.08774 0.92952 -0.09271
2.11539 0.94183 0.03353
2.12340 0.94540 0.15748
2.11121 0.93997 0.27070
2.07966 0.92592 0.36547
2.03089 0.90421 0.43533
1.85171 0.94349 0.49384
1.78100 0.90746 0.48916
1.71036 0.87147 0.45115
1.64461 0.83797 0.38239
1.58822 0.80924 0.28756
1.54504 0.78723 0.17315
1.51800 0.77346 0.04693
1.50896 0.76885 -0.08249
1.51853 0.77373 -0.20628
1.54605 0.78775 -0.31602
1.58965 0.80997 -0.40422
1.64636 0.83886 -0.46487
1.71232 0.87247 -0.49384
1.78303 0.90850 -0.48916
1.85366 0.94449 -0.45115
1.91942 0.97799 -0.38239
1.97581 1.00672 -0.28756
2.01899 1.02873 -0.17315
2.04602 1.04250 -0.04693
2.05507 1.04711 0.08249
2.04550 1.04223 0.20628
2.01798 1.02821 0.31602
1.97437 1.00599 0.40422
1.91766 0.97710 0.46487
1.73205 1.00000 0.50000
1.66481 0.96118 0.48296
1.60215 0.92500 0.43301
1.54834 0.89393 0.35355
1.50705 0.87010 0.25000
1.48110 0.85511 0.12941
1.47224 0.85000 0.00000
1.48110 0.85511 -0.12941
1.50705 0.87010 -0.25000
1.54834 0.89393 -0.35355
1.60215 0.92500 -0.43301
1.66481 0.96118 -0.48296
1.73205 1.00000 -0.50000
1.79929 1.03882 -0.48296
1.86195 1.07500 -0.43301
1.91576 1.10607 -0.35355
1.95705 1.12990 -0.25000
1.98301 1.14489 -0.12941
1.99186 1.15000 -0.00000
1.98301 1.14489 0.12941
1.95705 1.12990 0.25000
1.91576 1.10607 0.35355
1.86195 1.07500 0.43301
1.79929 1.03882 0.48296
1.61174 1.04668 0.49384
1.54966 1.00636 0.46487
1.49628 0.97170 0.40422
1.45524 0.94504 0.31602
1.42933 0.92822 0.20628
1.42033 0.92237 0.08249
1.42884 0.92790 -0.04693
1.45428 0.94442 -0.17315
1.49493 0.97082 -0.28756
1.54801 1.00529 -0.38239
1.60990 1.04548 -0.45115
1.67639 1.08866 -0.48916
1.74294 1.13188 -0.49384
1.80502 1.17219 -0.46487
1.85840 1.20686 -0.40422
1.89944 1.23351 -0.31602
1.92535 1.25034 -0.20628
1.93436 1.25618 -0.08249
1.92584 1.25066 0.04693
1.90040 1.23413 0.17315
1.85975 1.20774 0.28756
1.80667 1.17327 0.38239
1.74478 1.13308 0.45115
1.67830 1.08990 0.48916
1.49303 1.08475 0.47553
1.43755 1.04444 0.43533
1.39437 1.01307 0.36547
1.36643 0.99277 0.27070
1.35563 0.98492 0.15748
1.36272 0.99007 0.03353
1.38721 1.00787 -0.09271
1.42743 1.03709 -0.21262
1.48063 1.07574 -0.31805
1.54320 1.12120 -0.40180
1.61087 1.17037 -0.45817
1.67903 1.21989 -0.48332
1.74303 1.26639 -0.47553
1.79852 1.30670 -0.43533
1.84170 1.33807 -0.36547
1.86964 1.35837 -0.27070
1.88044 1.36622 -0.15748
1.87335 1.36107 -0.03353
1.84886 1.34328 0.09271
1.80864 1.31406 0.21262
1.75544 1.27540 0.31805
1.69286 1.22994 0.40180
1.62519 1.18077 0.45817
1.55704 1.13125 0.48332
1.37788 1.11579 0.44550
1.33013 1.07712 0.39507
1.29765 1.05082 0.31772
1.28266 1.03868 0.21871
1.28619 1.04153 0.10480
1.30798 1.05918 -0.01625
1.34656 1.09042 -0.13620
1.39930 1.13313 -0.24686
1.46259 1.18439 -0.34070
1.53214 1.24070 -0.41132
1.60320 1.29825 -0.45392
1.67092 1.35309 -0.46557
1.73070 1.40149 -0.44550
1.77845 1.44016 -0.39507
1.81093 1.46646 -0.31772
1.82592 1.47860 -0.21871
1.82240 1.47575 -0.10480
1.80060 1.45810 0.01625
1.76202 1.42686 0.13620
1.70929 1.38415 0.24686
1.64599 1.33290 0.34070
1.57644 1.27658 0.41132
1.50538 1.21904 0.45392
1.43766 1.16419 0.46557
1.26788 1.14161 0.40451
1.22864 1.10628 0.34509
1.20696 1.08675 0.26215
1.20432 1.08437 0.16134
1.22089 1.09929 0.04954
1.25554 1.13050 -0.06563
1.30592 1.17586 -0.17634
1.36860 1.23229 -0.27502
1.43929 1.29594 -0.35497
1.51319 1.36248 -0.41072
1.58525 1.42737 -0.43848
1.65057 1.48618 -0.43636
1.70469 1.53491 -0.40451
1.74393 1.57025 -0.34509
1.76562 1.58977 -0.26215
1.76826 1.59215 -0.16134
1.75169 1.57723 -0.04954
1.71704 1.54603 0.06563
1.66665 1.50066 0.17634
1.60398 1.44423 0.27502
1.53329 1.38058 0.35497
1.45939 1.31404 0.41072
1.38733 1.24916 0.43848
1.32201 1.19034 0.43636
1.16421 1.16421 0.35355
1.13391 1.13391 0.28660
1.12271 1.12271 0.20012
1.13137 1.13137 0.10000
1.15931 1.15931 -0.00694
1.20462 1.20462 -0.11340
1.26421 1.26421 -0.21213
1.33403 1.33403 -0.29641
1.40931 1.40931 -0.36049
1.48492 1.48492 -0.40000
1.55572 1.55572 -0.41225
1.61687 1.61687 -0.39641
1.66421 1.66421 -0.35355
1.69452 1.69452 -0.28660
1.70572 1.70572 -0.20012
1.69706 1.69706 -0.10000
1.66912 1.66912 0.00694
1.62381 1.62381 0.11340
1.56421 1.56421 0.21213
1.49440 1.49440 0.29641
1.41912 1.41912 0.36049
1.34350 1.34350 0.40000
1.27271 1.27271 0.41225
1.21155 1.21155 0.39641
1.06759 1.18568 0.29389
1.04628 1.16201 0.22106
1.04486 1.16043 0.13317
1.06344 1.18107 0.03620
1.10074 1.22250 -0.06324
1.15424 1.28191 -0.15837
1.22027 1.35525 -0.24271
1.29434 1.43752 -0.31050
1.37141 1.52311 -0.35714
1.44622 1.60619 -0.37943
1.51367 1.68110 -0.37587
1.56917 1.74274 -0.34670
1.60893 1.78690 -0.29389
1.63025 1.81057 -0.22106
1.63166 1.81215 -0.13317
1.61309 1.79151 -0.03620
1.57578 1.75008 0.06324
1.52229 1.69067 0.15837
1.45625 1.61733 0.24271
1.38218 1.53506 0.31050
1.30511 1.44947 0.35714
1.23030 1.36639 0.37943
1.16285 1.29148 0.37587
1.10735 1.22984 0.34670
0.97828 1.20807 0.22700
0.96565 1.19247 0.15008
0.97298 1.20153 0.06293
0.99979 1.23463 -0.02850
1.04423 1.28952 -0.11799
1.10329 1.36244 -0.19944
1.17293 1.44845 -0.26730
1.24841 1.54166 -0.31694
1.32459 1.63574 -0.34499
1.39628 1.72426 -0.34952
1.45859 1.80121 -0.33023
1.50727 1.86132 -0.28844
1.53901 1.90051 -0.22700
1.55164 1.91611 -0.15008
1.54430 1.90705 -0.06293
1.51750 1.87395 0.02850
1.47305 1.81907 0.11799
1.41400 1.74614 0.19944
1.34435 1.66014 0.26730
1.26887 1.56692 0.31694
1.19269 1.47285 0.34499
1.12100 1.38432 0.34952
1.05869 1.30738 0.33023
1.01001 1.24726 0.28844
0.89606 1.23332 0.15451
0.89148 1.22702 0.07540
0.90626 1.24736 -0.00885
0.93940 1.29297 -0.09250
0.98863 1.36073 -0.16984
1.05059 1.44602 -0.23561
1.12108 1.54303 -0.28532
1.19528 1.64516 -0.31558
1.26813 1.74544 -0.32435
1.33468 1.83703 -0.31100
1.39039 1.91370 -0.27647
1.43145 1.97022 -0.22309
1.45508 2.00274 -0.15451
1.45966 2.00905 -0.07540
1.44488 1.98870 0.00885
1.41174 1.94310 0.09250
1.36252 1.87534 0.16984
1.30055 1.79005 0.23561
1.23006 1.69303 0.28532
1.15586 1.59091 0.31558
1.08301 1.49063 0.32435
1.01646 1.39904 0.31100
0.96075 1.32236 0.27647
0.91969 1.26584 0.22309
0.82031 1.26317 0.07822
0.82286 1.26709 -0.00114
0.84357 1.29898 -0.08042
0.88102 1.35665 -0.15421
0.93266 1.43617 -0.21750
0.99498 1.53213 -0.26597
1.06372 1.63798 -0.29631
1.13420 1.74652 -0.30645
1.20163 1.85034 -0.29572
1.26139 1.94237 -0.26483
1.30943 2.01635 -0.21589
1.34246 2.06721 -0.15224
1.35824 2.09151 -0.07822
1.35570 2.08759 0.00114
1.33499 2.05570 0.08042
1.29754 1.99804 0.15421
1.24590 1.91851 0.21750
1.18358 1.82255 0.26597
1.11484 1.71670 0.29631
1.04435 1.60816 0.30645
0.97693 1.50434 0.29572
0.91716 1.41231 0.26483
0.86913 1.33834 0.21589
0.83609 1.28747 0.15224
0.75000 1.29904 0.00000
0.75852 1.31379 -0.07765
0.78349 1.35705 -0.15000
0.82322 1.42586 -0.21213
0.87500 1.51554 -0.25981
0.93530 1.61998 -0.28978
1.00000 1.73205 -0.30000
1.06470 1.84412 -0.28978
1.12500 1.94856 -0.25981
1.17678 2.03824 -0.21213
1.21651 2.10705 -0.15000
1.24148 2.15031 -0.07765
1.25000 2.16506 -0.00000
1.24148 2.15031 0.07765
1.21651 2.10705 0.15000
1.17678 2.03824 0.21213
1.12500 1.94856 0.25981
1.06470 1.84412 0.28978
1.00000 1.73205 0.30000
0.93530 1.61998 0.28978
0.87500 1.51554 0.25981
0.82322 1.42586 0.21213
0.78349 1.35705 0.15000
0.75852 1.31379 0.07765
0.68378 1.34199 -0.07822
0.69693 1.36781 -0.15224
0.72447 1.42185 -0.21589
0.76451 1.50044 -0.26483
0.81433 1.59822 -0.29572
0.87053 1.70852 -0.30645
0.92929 1.82383 -0.29631
0.98659 1.93629 -0.26597
1.03853 2.03824 -0.21750
1.08158 2.12272 -0.15421
1.11280 2.18399 -0.08042
1.13006 2.21786 -0.00114
1.13218 2.22203 0.07822
1.11903 2.19622 0.15224
1.09149 2.14217 0.21589
1.05145 2.06359 0.26483
1.00163 1.96581 0.29572
0.94543 1.85551 0.30645
0.88668 1.74020 0.29631
0.82937 1.62774 0.26597
0.77743 1.52579 0.21750
0.73438 1.44131 0.15421
0.70316 1.38004 0.08042
0.68591 1.34617 0.00114
0.62006 1.39267 -0.15451
0.63641 1.42940 -0.22309
0.66482 1.49322 -0.27647
0.70337 1.57980 -0.31100
0.74942 1.68323 -0.32435
0.79984 1.79646 -0.31558
0.85118 1.91178 -0.28532
0.89995 2.02133 -0.23561
0.94284 2.11764 -0.16984
0.97690 2.19415 -0.09250
0.99983 2.24565 -0.00885
1.01006 2.26862 0.07540
1.00689 2.26151 0.15451
0.99054 2.22479 0.22309
0.96212 2.16096 0.27647
0.92358 2.07438 0.31100
0.87753 1.97096 0.32435
0.82711 1.85772 0.31558
0.77577 1.74240 0.28532
0.72699 1.63285 0.23561
0.68411 1.53654 0.16984
0.65005 1.46003 0.09250
0.62712 1.40853 0.00885
0.61689 1.38556 -0.07540
0.55708 1.45125 -0.22700
0.57515 1.49833 -0.28844
0.60288 1.57055 -0.33023
0.63836 1.66298 -0.34952
0.67918 1.76932 -0.34499
0.72256 1.88233 -0.31694
0.76554 1.99431 -0.26730
0.80520 2.09763 -0.19944
0.83883 2.18523 -0.11799
0.86414 2.25117 -0.02850
0.87940 2.29093 0.06293
0.88358 2.30181 0.15008
0.87639 2.28307 0.22700
0.85832 2.23599 0.28844
0.83060 2.16378 0.33023
0.79512 2.07135 0.34952
0.75429 1.96500 0.34499
0.71091 1.85199 0.31694
0.66793 1.74001 0.26730
0.62827 1.63670 0.19944
0.59464 1.54909 0.11799
0.56933 1.48316 0.02850
0.55407 1.44339 -0.06293
0.54989 1.43251 -0.15008
0.49303 1.51740 -0.29389
0.51140 1.57392 -0.34670
0.53703 1.65280 -0.37587
0.56818 1.74867 -0.37943
0.60272 1.85499 -0.35714
0.63832 1.96453 -0.31050
0.67252 2.06982 -0.24271
0.70302 2.16367 -0.15837
0.72772 2.23971 -0.06324
0.74495 2.29273 0.03620
0.75353 2.31913 0.13317
0.75288 2.31712 0.22106
0.74303 2.28682 0.29389
0.72467 2.23031 0.34670
0.69904 2.15143 0.37587
0.66789 2.05556 0.37943
0.63334 1.94923 0.35714
0.59775 1.83969 0.31050
0.56354 1.73441 0.24271
0.53305 1.64055 0.15837
0.50834 1.56452 0.06324
0.49111 1.51150 -0.03620
0.48254 1.48509 -0.13317
0.48319 1.48711 -0.22106
0.42613 1.59035 -0.35355
0.44346 1.65501 -0.39641
0.46584 1.73855 -0.41225
0.49176 1.83526 -0.40000
0.51943 1.93855 -0.36049
0.54699 2.04139 -0.29641
0.57254 2.13676 -0.21213
0.59435 2.21816 -0.11340
0.61094 2.28006 -0.00694
0.62117 2.31822 0.10000
0.62434 2.33006 0.20012
0.62024 2.31475 0.28660
0.60914 2.27336 0.35355
0.59182 2.20869 0.39641
0.56943 2.12515 0.41225
0.54352 2.02844 0.40000
0.51584 1.92515 0.36049
0.48829 1.82232 0.29641
0.46273 1.72695 0.21213
0.44092 1.64554 0.11340
0.42434 1.58365 0.00694
0.41411 1.54548 -0.10000
0.41094 1.53365 -0.20012
0.41504 1.54895 -0.28660
0.35472 1.66882 -0.40451
0.36986 1.74006 -0.43636
0.38814 1.82604 -0.43848
0.40830 1.92089 -0.41072
0.42897 2.01816 -0.35497
0.44875 2.11120 -0.27502
0.46628 2.19370 -0.17634
0.48038 2.26001 -0.06563
0.49008 2.30563 0.04954
0.49471 2.32744 0.16134
0.49397 2.32395 0.26215
0.48791 2.29541 0.34509
0.47693 2.24377 0.40451
0.46178 2.17253 0.43636
0.44351 2.08655 0.43848
0.42335 1.99170 0.41072
0.40267 1.89443 0.35497
0.38290 1.80139 0.27502
0.36536 1.71889 0.17634
0.35127 1.65258 0.06563
0.34157 1.60696 -0.04954
0.33694 1.58515 -0.16134
0.33768 1.58864 -0.26215
0.34374 1.61718 -0.34509
0.27736 1.75118 -0.44550
0.28939 1.82715 -0.46557
0.30302 1.91322 -0.45392
0.31733 2.00353 -0.41132
0.33133 2.09192 -0.34070
0.34407 2.17236 -0.24686
0.35468 2.23939 -0.13620
0.36245 2.28842 -0.01625
0.36684 2.31612 0.10480
0.36755 2.32059 0.21871
0.36453 2.30155 0.31772
0.35799 2.26027 0.39507
0.34838 2.19958 0.44550
0.33635 2.12361 0.46557
0.32271 2.03753 0.45392
0.30841 1.94723 0.41132
0.29441 1.85884 0.34070
0.28167 1.77839 0.24686
0.27105 1.71137 0.13620
0.26329 1.66233 0.01625
0.25890 1.63464 -0.10480
0.25819 1.63016 -0.21871
0.26121 1.64921 -0.31772
0.26775 1.69048 -0.39507
0.19291 1.83538 -0.47553
0.20118 1.91406 -0.48332
0.20998 1.99785 -0.45817
0.21873 2.08103 -0.40180
0.22681 2.15795 -0.31805
0.23368 2.22336 -0.21262
0.23888 2.27280 -0.09271
0.24204 2.30290 0.03353
0.24296 2.31161 0.15748
0.24157 2.29834 0.27070
0.23796 2.26400 0.36547
0.23238 2.21091 0.43533
0.22521 2.14271 0.47553
0.21694 2.06403 0.48332
0.20813 1.98024 0.45817
0.19939 1.89705 0.40180
0.19130 1.82014 0.31805
0.18443 1.75473 0.21262
0.17923 1.70529 0.09271
0.17607 1.67519 -0.03353
0.17515 1.66647 -0.15748
0.17655 1.67974 -0.27070
0.18016 1.71409 -0.36547
0.18574 1.76718 -0.43533
0.10058 1.91915 -0.49384
0.10473 1.99840 -0.48916
0.10888 2.07756 -0.45115
0.11274 2.15126 -0.38239
0.11606 2.21446 -0.28756
0.11859 2.26286 -0.17315
0.12018 2.29316 -0.04693
0.12071 2.30329 0.08249
0.12015 2.29257 0.20628
0.11853 2.26172 0.31602
0.11597 2.21285 0.40422
0.11264 2.14929 0.46487
0.10877 2.07537 0.49384
0.10461 1.99612 0.48916
0.10046 1.91695 0.45115
0.09660 1.84326 0.38239
0.09329 1.78006 0.28756
0.09075 1.73166 0.17315
0.08916 1.70136 0.04693
0.08863 1.69122 -0.08249
0.08920 1.70195 -0.20628
0.09081 1.73279 -0.31602
0.09337 1.78166 -0.40422
0.09670 1.84523 -0.46487
0.00000 2.00000 -0.50000
0.00000 2.07765 -0.48296
0.00000 2.15000 -0.43301
0.00000 2.21213 -0.35355
0.00000 2.25981 -0.25000
0.00000 2.28978 -0.12941
0.00000 2.30000 -0.00000
0.00000 2.28978 0.12941
0.00000 2.25981 0.25000
0.00000 2.21213 0.35355
0.00000 2.15000 0.43301
0.00000 2.07765 0.48296
0.00000 2.00000 0.50000
0.00000 1.92235 0.48296
0.00000 1.85000 0.43301
0.00000 1.78787 0.35355
0.00000 1.74019 0.25000
0.00000 1.71022 0.12941
0.00000 1.70000 0.00000
0.00000 1.71022 -0.12941
0.00000 1.74019 -0.25000
0.00000 1.78787 -0.35355
0.00000 1.85000 -0.43301
0.00000 1.92235 -0.48296
-0.10877 2.07537 -0.49384
-0.11264 2.14929 -0.46487
-0.11597 2.21285 -0.40422
-0.11853 2.26172 -0.31602
-0.12015 2.29257 -0.20628
-0.12071 2.30329 -0.08249
-0.12018 2.29316 0.04693
-0.11859 2.26286 0.17315
-0.11606 2.21446 0.28756
-0.11274 2.15126 0.38239
-0.10888 2.07756 0.45115
-0.10473 1.99840 0.48916
-0.10058 1.91915 0.49384
-0.09670 1.84523 0.46487
-0.09337 1.78166 0.40422
-0.09081 1.73279 0.31602
-0.08920 1.70195 0.20628
-0.08863 1.69122 0.08249
-0.08916 1.70136 -0.04693
-0.09075 1.73166 -0.17315
-0.09329 1.78006 -0.28756
-0.09660 1.84326 -0.38239
-0.10046 1.91695 -0.45115
-0.10461 1.99612 -0.48916
-0.22521 2.14271 -0.47553
-0.23238 2.21091 -0.43533
-0.23796 2.26400 -0.36547
-0.24157 2.29834 -0.27070
-0.24296 2.31161 -0.15748
-0.24204 2.30290 -0.03353
-0.23888 2.27280 0.09271
-0.23368 2.22336 0.21262
-0.22681 2.15795 0.31805
-0.21873 2.08103 0.40180
-0.20998 1.99785 0.45817
-0.20118 1.91406 0.48332
-0.19291 1.83538 0.47553
-0.18574 1.76718 0.43533
-0.18016 1.71409 0.36547
-0.17655 1.67974 0.27070
-0.17515 1.66647 0.15748
-0.17607 1.67519 0.03353
-0.17923 1.70529 -0.09271
-0.18443 1.75473 -0.21262
-0.19130 1.82014 -0.31805
-0.19939 1.89705 -0.40180
-0.20813 1.98024 -0.45817
-0.21694 2.06403 -0.48332
-0.34838 2.19958 -0.44550
-0.35799 2.26027 -0.39507
-0.36453 2.30155 -0.31772
-0.36755 2.32059 -0.21871
-0.36684 2.31612 -0.10480
-0.36245 2.28842 0.01625
-0.35468 2.23939 0.13620
-0.34407 2.17236 0.24686
-0.33133 2.09192 0.34070
-0.31733 2.00353 0.41132
-0.30302 1.91322 0.45392
-0.28939 1.82715 0.46557
-0.27736 1.75118 0.44550
-0.26775 1.69048 0.39507
-0.26121 1.64921 0.31772
-0.25819 1.63016 0.21871
-0.25890 1.63464 0.10480
-0.26329 1.66233 -0.01625
-0.27105 1.71137 -0.13620
-0.28167 1.77839 -0.24686
-0.29441 1.85884 -0.34070
-0.30841 1.94723 -0.41132
-0.32271 2.03753 -0.45392
-0.33635 2.12361 -0.46557
-0.47693 2.24377 -0.40451
-0.48791 2.29541 -0.34509
-0.49397 2.32395 -0.26215
-0.49471 2.32744 -0.16134
-0.49008 2.30563 -0.04954
-0.48038 2.26001 0.06563
-0.46628 2.19370 0.17634
-0.44875 2.11120 0.27502
-0.42897 2.01816 0.35497
-0.40830 1.92089 0.41072
-0.38814 1.82604 0.43848
-0.36986 1.74006 0.43636
-0.35472 1.66882 0.40451
-0.34374 1.61718 0.34509
-0.33768 1.58864 0.26215
-0.33694 1.58515 0.16134
-0.34157 1.60696 0.04954
-0.35127 1.65258 -0.06563
-0.36536 1.71889 -0.17634
-0.38290 1.80139 -0.27502
-0.40267 1.89443 -0.35497
-0.42335 1.99170 -0.41072
-0.44351 2.08655 -0.43848
-0.46178 2.17253 -0.43636
-0.60914 2.27336 -0.35355
-0.62024 2.31475 -0.28660
-0.62434 2.33006 -0.20012
-0.62117 2.31822 -0.10000
-0.61094 2.28006 0.00694
-0.59435 2.21816 0.11340
-0.57254 2.13676 0.21213
-0.54699 2.04139 0.29641
-0.51943 1.93855 0.36049
-0.49176 1.83526 0.40000
-0.46584 1.73855 0.41225
-0.44346 1.65501 0.39641
-0.42613 1.59035 0.35355
-0.41504 1.54895 0.28660
-0.41094 1.53365 0.20012
-0.41411 1.54548 0.10000
-0.42434 1.58365 -0.00694
-0.44092 1.64554 -0.11340
-0.46273 1.72695 -0.21213
-0.48829 1.82232 -0.29641
-0.51584 1.92515 -0.36049
-0.54352 2.02844 -0.40000
-0.56943 2.12515 -0.41225
-0.59182 2.20869 -0.39641
-0.74303 2.28682 -0.29389
-0.75288 2.31712 -0.22106
-0.75353 2.31913 -0.13317
-0.74495 2.29273 -0.03620
-0.72772 2.23971 0.06324
-0.70302 2.16367 0.15837
-0.67252 2.06982 0.24271
-0.63832 1.96453 0.31050
-0.60272 1.85499 0.35714
-0.56818 1.74867 0.37943
-0.53703 1.65280 0.37587
-0.51140 1.57392 0.34670
-0.49303 1.51740 0.29389
-0.48319 1.48711 0.22106
-0.48254 1.48509 0.13317
-0.49111 1.51150 0.03620
-0.50834 1.56452 -0.06324
-0.53305 1.64055 -0.15837
-0.56354 1.73441 -0.24271
-0.59775 1.83969 -0.31050
-0.63334 1.94923 -0.35714
-0.66789 2.05556 -0.37943
-0.69904 2.15143 -0.37587
-0.72467 2.23031 -0.34670
-0.87639 2.28307 -0.22700
-0.88358 2.30181 -0.15008
-0.87940 2.29093 -0.06293
-0.86414 2.25117 0.02850
-0.83883 2.18523 0.11799
-0.80520 2.09763 0.19944
-0.76554 1.99431 0.26730
-0.72256 1.88233 0.31694
-0.67918 1.76932 0.34499
-0.63836 1.66298 0.34952
-0.60288 1.57055 0.33023
-0.57515 1.49833 0.28844
-0.55708 1.45125 0.22700
-0.54989 1.43251 0.15008
-0.55407 1.44339 0.06293
-0.56933 1.48316 -0.02850
-0.59464 1.54909 -0.11799
-0.62827 1.63670 -0.19944
-0.66793 1.74001 -0.26730
-0.71091 1.85199 -0.31694
-0.75429 1.96500 -0.34499
-0.79512 2.07135 -0.34952
-0.83060 2.16378 -0.33023
-0.85832 2.23599 -0.28844
-1.00689 2.26151 -0.15451
-1.01006 2.26862 -0.07540
-0.99983 2.24565 0.00885
-0.97690 2.19415 0.09250
-0.94284 2.11764 0.16984
-0.89995 2.02133 0.23561
-0.85118 1.91178 0.28532
-0.79984 1.79646 0.31558
-0.74942 1.68323 0.32435
-0.70337 1.57980 0.31100
-0.66482 1.49322 0.27647
-0.63641 1.42940 0.22309
-0.62006 1.39267 0.15451
-0.61689 1.38556 0.07540
-0.62712 1.40853 -0.00885
-0.65005 1.46003 -0.09250
-0.68411 1.53654 -0.16984
-0.72699 1.63285 -0.23561
-0.77577 1.74240 -0.28532
-0.82711 1.85772 -0.31558
-0.87753 1.97096 -0.32435
-0.92358 2.07438 -0.31100
-0.96212 2.16096 -0.27647
-0.99054 2.22479 -0.22309
-1.13218 2.22203 -0.07822
-1.13006 2.21786 0.00114
-1.11280 2.18399 0.08042
-1.08158 2.12272 0.15421
-1.03853 2.03824 0.21750
-0.98659 1.93629 0.26597
-0.92929 1.82383 0.29631
-0.87053 1.70852 0.30645
-0.81433 1.59822 0.29572
-0.76451 1.50044 0.26483
-0.72447 1.42185 0.21589
-0.69693 1.36781 0.15224
-0.68378 1.34199 0.07822
-0.68591 1.34617 -0.00114
-0.70316 1.38004 -0.08042
-0.73438 1.44131 -0.15421
-0.77743 1.52579 -0.21750
-0.82937 1.62774 -0.26597
-0.88668 1.74020 -0.29631
-0.94543 1.85551 -0.30645
-1.00163 1.96581 -0.29572
-1.05145 2.06359 -0.26483
-1.09149 2.14217 -0.21589
-1.11903 2.19622 -0.15224
-1.25000 2.16506 -0.00000
-1.24148 2.15031 0.07765
-1.21651 2.10705 0.15000
-1.17678 2.03824 0.21213
-1.12500 1.94856 0.25981
-1.06470 1.84412 0.28978
-1.00000 1.73205 0.30000
-0.93530 1.61998 0.28978
-0.87500 1.51554 0.25981
-0.82322 1.42586 0.21213
-0.78349 1.35705 0.15000
-0.75852 1.31379 0.07765
-0.75000 1.29904 0.00000
-0.75852 1.31379 -0.07765
-0.78349 1.35705 -0.15000
-0.82322 1.42586 -0.21213
-0.87500 1.51554 -0.25981
-0.93530 1.61998 -0.28978
-1.00000 1.73205 -0.30000
-1.06470 1.84412 -0.28978
-1.12500 1.94856 -0.25981
-1.17678 2.03824 -0.21213
-1.21651 2.10705 -0.15000
-1.24148 2.15031 -0.07765
-1.35824 2.09151 0.07822
-1.34246 2.06721 0.15224
-1.30943 2.01635 0.21589
-1.26139 1.94237 0.26483
-1.20163 1.85034 0.29572
-1.13420 1.74652 0.30645
-1.06372 1.63798 0.29631
-0.99498 1.53213 0.26597
-0.93266 1.43617 0.21750
-0.88102 1.35665 0.15421
-0.84357 1.29898 0.08042
-0.82286 1.26709 0.00114
-0.82031 1.26317 -0.07822
-0.83609 1.28747 -0.15224
-0.86913 1.33834 -0.21589
-0.91716 1.41231 -0.26483
-0.97693 1.50434 -0.29572
-1.04435 1.60816 -0.30645
-1.11484 1.71670 -0.29631
-1.18358 1.82255 -0.26597
-1.24590 1.91851 -0.21750
-1.29754 1.99804 -0.15421
-1.33499 2.05570 -0.08042
-1.35570 2.08759 -0.00114
-1.45508 2.00274 0.15451
-1.43145 1.97022 0.22309
-1.39039 1.91370 0.27647
-1.33468 1.83703 0.31100
-1.26813 1.74544 0.32435
-1.19528 1.64516 0.31558
-1.12108 1.54303 0.28532
-1.05059 1.44602 0.23561
-0.98863 1.36073 0.16984
-0.93940 1.29297 0.09250
-0.90626 1.24736 0.00885
-0.89148 1.22702 -0.07540
-0.89606 1.23332 -0.15451
-0.91969 1.26584 -0.22309
-0.96075 1.32236 -0.27647
-1.01646 1.39904 -0.31100
-1.08301 1.49063 -0.32435
-1.15586 1.59091 -0.31558
-1.23006 1.69303 -0.28532
-1.30055 1.79005 -0.23561
-1.36252 1.87534 -0.16984
-1.41174 1.94310 -0.09250
-1.44488 1.98870 -0.00885
-1.45966 2.00905 0.07540
-1.53901 1.90051 0.22700
-1.50727 1.86132 0.28844
-1.45859 1.80121 0.33023
-1.39628 1.72426 0.34952
-1.32459 1.63574 0.34499
-1.24841 1.54166 0.31694
-1.17293 1.44845 0.26730
-1.10329 1.36244 0.19944
-1.04423 1.28952 0.11799
-0.99979 1.23463 0.02850
-0.97298 1.20153 -0.06293
-0.96565 1.19247 -0.15008
-0.97828 1.20807 -0.22700
-1.01001 1.24726 -0.28844
-1.05869 1.30738 -0.33023
-1.12100 1.38432 -0.34952
-1.19269 1.47285 -0.34499
-1.26887 1.56692 -0.31694
-1.34435 1.66014 -0.26730
-1.41400 1.74614 -0.19944
-1.47305 1.81907 -0.11799
-1.51750 1.87395 -0.02850
-1.54430 1.90705 0.06293
-1.55164 1.91611 0.15008
-1.60893 1.78690 0.29389
-1.56917 1.74274 0.34670
-1.51367 1.68110 0.37587
-1.44622 1.60619 0.37943
-1.37141 1.52311 0.35714
-1.29434 1.43752 0.31050
-1.22027 1.35525 0.24271
-1.15424 1.28191 0.15837
-1.10074 1.22250 0.06324
-1.06344 1.18107 -0.03620
-1.04486 1.16043 -0.13317
-1.04628 1.16201 -0.22106
-1.06759 1.18568 -0.29389
-1.10735 1.22984 -0.34670
-1.16285 1.29148 -0.37587
-1.23030 1.36639 -0.37943
-1.30511 1.44947 -0.35714
-1.38218 1.53506 -0.31050
-1.45625 1.61733 -0.24271
-1.52229 1.69067 -0.15837
-1.57578 1.75008 -0.06324
-1.61309 1.79151 0.03620
-1.63166 1.81215 0.13317
-1.63025 1.81057 0.22106
-1.66421 1.66421 0.35355
-1.61687 1.61687 0.39641
-1.55572 1.55572 0.41225
-1.48492 1.48492 0.40000
-1.40931 1.40931 0.36049
-1.33403 1.33403 0.29641
-1.26421 1.26421 0.21213
-1.20462 1.20462 0.11340
-1.15931 1.15931 0.00694
-1.13137 1.13137 -0.10000
-1.12271 1.12271 -0.20012
-1.13391 1.13391 -0.28660
-1.16421 1.16421 -0.35355
-1.21155 1.21155 -0.39641
-1.27271 1.27271 -0.41225
-1.34350 1.34350 -0.40000
-1.41912 1.41912 -0.36049
-1.49440 1.49440 -0.29641
-1.56421 1.56421 -0.21213
-1.62381 1.62381 -0.11340
-1.66912 1.66912 -0.00694
-1.69706 1.69706 0.10000
-1.70572 1.70572 0.20012
-1.69452 1.69452 0.28660
-1.70469 1.53491 0.40451
-1.65057 1.48618 0.43636
-1.58525 1.42737 0.43848
-1.51319 1.36248 0.41072
-1.43929 1.29594 0.35497
-1.36860 1.23229 0.27502
-1.30592 1.17586 0.17634
-1.25554 1.13050 0.06563
-1.22089 1.09929 -0.04954
-1.20432 1.08437 -0.16134
-1.20696 1.08675 -0.26215
-1.22864 1.10628 -0.34509
-1.26788 1.14161 -0.40451
-1.32201 1.19034 -0.43636
-1.38733 1.24916 -0.43848
-1.45939 1.31404 -0.41072
-1.53329 1.38058 -0.35497
-1.60398 1.44423 -0.27502
-1.66665 1.50066 -0.17634
-1.71704 1.54603 -0.06563
-1.75169 1.57723 0.04954
-1.76826 1.59215 0.16134
-1.76562 1.58977 0.26215
-1.74393 1.57025 0.34509
-1.73070 1.40149 0.44550
-1.67092 1.35309 0.46557
-1.60320 1.29825 0.45392
-1.53214 1.24070 0.41132
-1.46259 1.18439 0.34070
-1.39930 1.13313 0.24686
-1.34656 1.09042 0.13620
-1.30798 1.05918 0.01625
-1.28619 1.04153 -0.10480
-1.28266 1.03868 -0.21871
-1.29765 1.05082 -0.31772
-1.33013 1.07712 -0.39507
-1.37788 1.11579 -0.44550
-1.43766 1.16419 -0.46557
-1.50538 1.21904 -0.45392
-1.57644 1.27658 -0.41132
-1.64599 1.33290 -0.34070
-1.70929 1.38415 -0.24686
-1.76202 1.42686 -0.13620
-1.80060 1.45810 -0.01625
-1.82240 1.47575 0.10480
-1.82592 1.47860 0.21871
-1.81093 1.46646 0.31772
-1.77845 1.44016 0.39507
-1.74303 1.26639 0.47553
-1.67903 1.21989 0.48332
-1.61087 1.17037 0.45817
-1.54320 1.12120 0.40180
-1.48063 1.07574 0.31805
-1.42743 1.03709 0.21262
-1.38721 1.00787 0.09271
-1.36272 0.99007 -0.03353
-1.35563 0.98492 -0.15748
-1.36643 0.99277 -0.27070
-1.39437 1.01307 -0.36547
-1.43755 1.04444 -0.43533
-1.49303 1.08475 -0.47553
-1.55704 1.13125 -0.48332
-1.62519 1.18077 -0.45817
-1.69286 1.22994 -0.40180
-1.75544 1.27540 -0.31805
-1.80864 1.31406 -0.21262
-1.84886 1.34328 -0.09271
-1.87335 1.36107 0.03353
-1.88044 1.36622 0.15748
-1.86964 1.35837 0.27070
-1.84170 1.33807 0.36547
-1.79852 1.30670 0.43533
-1.74294 1.13188 0.49384
-1.67639 1.08866 0.48916
-1.60990 1.04548 0.45115
-1.54801 1.00529 0.38239
-1.49493 0.97082 0.28756
-1.45428 0.94442 0.17315
-1.42884 0.92790 0.04693
-1.42033 0.92237 -0.08249
-1.42933 0.92822 -0.20628
-1.45524 0.94504 -0.31602
-1.49628 0.97170 -0.40422
-1.54966 1.00636 -0.46487
-1.61174 1.04668 -0.49384
-1.67830 1.08990 -0.48916
-1.74478 1.13308 -0.45115
-1.80667 1.17327 -0.38239
-1.85975 1.20774 -0.28756
-1.90040 1.23413 -0.17315
-1.92584 1.25066 -0.04693
-1.93436 1.25618 0.08249
-1.92535 1.25034 0.20628
-1.89944 1.23351 0.31602
-1.85840 1.20686 0.40422
-1.80502 1.17219 0.46487
-1.73205 1.00000 0.50000
-1.66481 0.96118 0.48296
-1.60215 0.92500 0.43301
-1.54834 0.89393 0.35355
-1.50705 0.87010 0.25000
-1.48110 0.85511 0.12941
-1.47224 0.85000 0.00000
-1.48110 0.85511 -0.12941
-1.50705 0.87010 -0.25000
-1.54834 0.89393 -0.35355
-1.60215 0.92500 -0.43301
-1.66481 0.96118 -0.48296
-1.73205 1.00000 -0.50000
-1.79929 1.03882 -0.48296
-1.86195 1.07500 -0.43301
-1.91576 1.10607 -0.35355
-1.95705 1.12990 -0.25000
-1.98301 1.14489 -0.12941
-1.99186 1.15000 -0.00000
-1.98301 1.14489 0.12941
-1.95705 1.12990 0.25000
-1.91576 1.10607 0.35355
-1.86195 1.07500 0.43301
-1.79929 1.03882 0.48296
-1.71232 0.87247 0.49384
-1.64636 0.83886 0.46487
-1.58965 0.80997 0.40422
-1.54605 0.78775 0.31602
-1.51853 0.77373 0.20628
-1.50896 0.76885 0.08249
-1.51800 0.77346 -0.04693
-1.54504 0.78723 -0.17315
-1.58822 0.80924 -0.28756
-1.64461 0.83797 -0.38239
-1.71036 0.87147 -0.45115
-1.78100 0.90746 -0.48916
-1.85171 0.94349 -0.49384
-1.91766 0.97710 -0.46487
-1.97437 1.00599 -0.40422
-2.01798 1.02821 -0.31602
-2.04550 1.04223 -0.20628
-2.05507 1.04711 -0.08249
-2.04602 1.04250 0.04693
-2.01899 1.02873 0.17315
-1.97581 1.00672 0.28756
-1.91942 0.97799 0.38239
-1.85366 0.94449 0.45115
-1.78303 0.90850 0.48916
-1.68594 0.75063 0.47553
-1.62329 0.72273 0.43533
-1.57453 0.70102 0.36547
-1.54298 0.68698 0.27070
-1.53079 0.68155 0.15748
-1.53879 0.68511 0.03353
-1.56644 0.69742 -0.09271
-1.61185 0.71764 -0.21262
-1.67194 0.74439 -0.31805
-1.74259 0.77585 -0.40180
-1.81901 0.80987 -0.45817
-1.89597 0.84414 -0.48332
-1.96824 0.87632 -0.47553
-2.03089 0.90421 -0.43533
-2.07966 0.92592 -0.36547
-2.11121 0.93997 -0.27070
-2.12340 0.94540 -0.15748
-2.11539 0.94183 -0.03353
-2.08774 0.92952 0.09271
-2.04233 0.90930 0.21262
-1.98225 0.88255 0.31805
-1.91159 0.85109 0.40180
-1.83518 0.81707 0.45817
-1.75821 0.78281 0.48332
-1.65524 0.63539 0.44550
-1.59788 0.61337 0.39507
-1.55886 0.59839 0.31772
-1.54085 0.59148 0.21871
-1.54509 0.59310 0.10480
-1.57127 0.60315 -0.01625
-1.61761 0.62094 -0.13620
-1.68096 0.64526 -0.24686
-1.75701 0.67445 -0.34070
-1.84055 0.70652 -0.41132
-1.92591 0.73929 -0.45392
-2.00727 0.77052 -0.46557
-2.07908 0.79808 -0.44550
-2.13645 0.82010 -0.39507
-2.17546 0.83508 -0.31772
-2.19347 0.84199 -0.21871
-2.18923 0.84037 -0.10480
-2.16305 0.83032 0.01625
-2.11671 0.81253 0.13620
-2.05336 0.78821 0.24686
-1.97732 0.75902 0.34070
-1.89377 0.72695 0.41132
-1.80841 0.69418 0.45392
-1.72705 0.66295 0.46557
-1.62260 0.52722 0.40451
-1.57239 0.51090 0.34509
-1.54464 0.50188 0.26215
-1.54125 0.50078 0.16134
-1.56246 0.50767 0.04954
-1.60681 0.52208 -0.06563
-1.67129 0.54303 -0.17634
-1.75149 0.56909 -0.27502
-1.84197 0.59849 -0.35497
-1.93654 0.62922 -0.41072
-2.02876 0.65918 -0.43848
-2.11236 0.68635 -0.43636
-2.18162 0.70885 -0.40451
-2.23184 0.72517 -0.34509
-2.25959 0.73418 -0.26215
-2.26297 0.73528 -0.16134
-2.24177 0.72839 -0.04954
-2.19742 0.71398 0.06563
-2.13294 0.69303 0.17634
-2.05273 0.66697 0.27502
-1.96226 0.63758 0.35497
-1.86769 0.60685 0.41072
-1.77546 0.57688 0.43848
-1.69187 0.54972 0.43636
-1.59035 0.42613 0.35355
-1.54895 0.41504 0.28660
-1.53365 0.41094 0.20012
-1.54548 0.41411 0.10000
-1.58365 0.42434 -0.00694
-1.64554 0.44092 -0.11340
-1.72695 0.46273 -0.21213
-1.82232 0.48829 -0.29641
-1.92515 0.51584 -0.36049
-2.02844 0.54352 -0.40000
-2.12515 0.56943 -0.41225
-2.20869 0.59182 -0.39641
-2.27336 0.60914 -0.35355
-2.31475 0.62024 -0.28660
-2.33006 0.62434 -0.20012
-2.31822 0.62117 -0.10000
-2.28006 0.61094 0.00694
-2.21816 0.59435 0.11340
-2.13676 0.57254 0.21213
-2.04139 0.54699 0.29641
-1.93855 0.51943 0.36049
-1.83526 0.49176 0.40000
-1.73855 0.46584 0.41225
-1.65501 0.44346 0.39641
-1.56063 0.33172 0.29389
-1.52947 0.32510 0.22106
-1.52739 0.32466 0.13317
-1.55455 0.33043 0.03620
-1.60909 0.34202 -0.06324
-1.68728 0.35864 -0.15837
-1.78381 0.37916 -0.24271
-1.89210 0.40218 -0.31050
-2.00476 0.42612 -0.35714
-2.11411 0.44937 -0.37943
-2.21271 0.47033 -0.37587
-2.29384 0.48757 -0.34670
-2.35196 0.49993 -0.29389
-2.38312 0.50655 -0.22106
-2.38520 0.50699 -0.13317
-2.35804 0.50122 -0.03620
-2.30350 0.48962 0.06324
-2.22531 0.47300 0.15837
-2.12878 0.45249 0.24271
-2.02049 0.42947 0.31050
-1.90783 0.40552 0.35714
-1.79848 0.38228 0.37943
-1.69988 0.36132 0.37587
-1.61875 0.34408 0.34670
-1.53536 0.24318 0.22700
-1.51554 0.24004 0.15008
-1.52705 0.24186 0.06293
-1.56912 0.24852 -0.02850
-1.63887 0.25957 -0.11799
-1.73155 0.27425 -0.19944
-1.84086 0.29156 -0.26730
-1.95933 0.31033 -0.31694
-2.07889 0.32926 -0.34499
-2.19140 0.34708 -0.34952
-2.28918 0.36257 -0.33023
-2.36559 0.37467 -0.28844
-2.41540 0.38256 -0.22700
-2.43522 0.38570 -0.15008
-2.42370 0.38388 -0.06293
-2.38164 0.37721 0.02850
-2.31188 0.36617 0.11799
-2.21920 0.35149 0.19944
-2.10990 0.33417 0.26730
-1.99143 0.31541 0.31694
-1.87187 0.29647 0.34499
-1.75936 0.27865 0.34952
-1.66157 0.26317 0.33023
-1.58517 0.25107 0.28844
-1.51612 0.15935 0.15451
-1.50837 0.15854 0.07540
-1.53338 0.16116 -0.00885
-1.58944 0.16706 -0.09250
-1.67274 0.17581 -0.16984
-1.77759 0.18683 -0.23561
-1.89685 0.19937 -0.28532
-2.02239 0.21256 -0.31558
-2.14566 0.22552 -0.32435
-2.25826 0.23735 -0.31100
-2.35251 0.24726 -0.27647
-2.42199 0.25456 -0.22309
-2.46197 0.25876 -0.15451
-2.46971 0.25958 -0.07540
-2.44471 0.25695 0.00885
-2.38864 0.25106 0.09250
-2.30535 0.24230 0.16984
-2.20050 0.23128 0.23561
-2.08124 0.21875 0.28532
-1.95570 0.20555 0.31558
-1.83243 0.19260 0.32435
-1.71983 0.18076 0.31100
-1.62558 0.17086 0.27647
-1.55610 0.16355 0.22309
-1.50409 0.07883 0.07822
-1.50877 0.07907 -0.00114
-1.54673 0.08106 -0.08042
-1.61540 0.08466 -0.15421
-1.71009 0.08962 -0.21750
-1.82435 0.09561 -0.26597
-1.95039 0.10222 -0.29631
-2.07963 0.10899 -0.30645
-2.20326 0.11547 -0.29572
-2.31284 0.12121 -0.26483
-2.40092 0.12583 -0.21589
-2.46149 0.12900 -0.15224
-2.49043 0.13052 -0.07822
-2.48575 0.13027 0.00114
-2.44779 0.12828 0.08042
-2.37912 0.12468 0.15421
-2.28443 0.11972 0.21750
-2.17017 0.11373 0.26597
-2.04413 0.10713 0.29631
-1.91489 0.10035 0.30645
-1.79126 0.09388 0.29572
-1.68168 0.08813 0.26483
-1.59360 0.08352 0.21589
-1.53303 0.08034 0.15224
-1.50000 0.00000 0.00000
-1.51704 0.00000 -0.07765
-1.56699 0.00000 -0.15000
-1.64645 0.00000 -0.21213
-1.75000 0.00000 -0.25981
-1.87059 0.00000 -0.28978
-2.00000 0.00000 -0.30000
-2.12941 0.00000 -0.28978
-2.25000 0.00000 -0.25981
-2.35355 0.00000 -0.21213
-2.43301 0.00000 -0.15000
-2.48296 0.00000 -0.07765
-2.50000 0.00000 -0.00000
-2.48296 0.00000 0.07765
-2.43301 0.00000 0.15000
-2.35355 0.00000 0.21213
-2.25000 0.00000 0.25981
-2.12941 0.00000 0.28978
-2.00000 0.00000 0.30000
-1.87059 0.00000 0.28978
-1.75000 0.00000 0.25981
-1.64645 0.00000 0.21213
-1.56699 0.00000 0.15000
-1.51704 0.00000 0.07765
-1.50409 -0.07883 -0.07822
-1.53303 -0.08034 -0.15224
-1.59360 -0.08352 -0.21589
-1.68168 -0.08813 -0.26483
-1.79126 -0.09388 -0.29572
-1.91489 -0.10035 -0.30645
-2.04413 -0.10713 -0.29631
-2.17017 -0.11373 -0.26597
-2.28443 -0.11972 -0.21750
-2.37912 -0.12468 -0.15421
-2.44779 -0.12828 -0.08042
-2.48575 -0.13027 -0.00114
-2.49043 -0.13052 0.07822
-2.46149 -0.12900 0.15224
-2.40092 -0.12583 0.21589
-2.31284 -0.12121 0.26483
-2.20326 -0.11547 0.29572
-2.07963 -0.10899 0.30645
-1.95039 -0.10222 0.29631
-1.82435 -0.09561 0.26597
-1.71009 -0.08962 0.21750
-1.61540 -0.08466 0.15421
-1.54673 -0.08106 0.08042
-1.50877 -0.07907 0.00114
-1.51612 -0.15935 -0.15451
-1.55610 -0.16355 -0.22309
-1.62558 -0.17086 -0.27647
-1.71983 -0.18076 -0.31100
-1.83243 -0.19260 -0.32435
-1.95570 -0.20555 -0.31558
-2.08124 -0.21875 -0.28532
-2.20050 -0.23128 -0.23561
-2.30535 -0.24230 -0.16984
-2.38864 -0.25106 -0.09250
-2.44471 -0.25695 -0.00885
-2.46971 -0.25958 0.07540
-2.46197 -0.25876 0.15451
-2.42199 -0.25456 0.22309
-2.35251 -0.24726 0.27647
-2.25826 -0.23735 0.31100
-2.14566 -0.22552 0.32435
-2.02239 -0.21256 0.31558
-1.89685 -0.19937 0.28532
-1.77759 -0.18683 0.23561
-1.67274 -0.17581 0.16984
-1.58944 -0.16706 0.09250
-1.53338 -0.16116 0.00885
-1.50837 -0.15854 -0.07540
-1.53536 -0.24318 -0.22700
-1.58517 -0.25107 -0.28844
-1.66157 -0.26317 -0.33023
-1.75936 -0.27865 -0.34952
-1.87187 -0.29647 -0.34499
-1.99143 -0.31541 -0.31694
-2.10990 -0.33417 -0.26730
-2.21920 -0.35149 -0.19944
-2.31188 -0.36617 -0.11799
-2.38164 -0.37721 -0.02850
-2.42370 -0.38388 0.06293
-2.43522 -0.38570 0.15008
-2.41540 -0.38256 0.22700
-2.36559 -0.37467 0.28844
-2.28918 -0.36257 0.33023
-2.19140 -0.34708 0.34952
-2.07889 -0.32926 0.34499
-1.95933 -0.31033 0.31694
-1.84086 -0.29156 0.26730
-1.73155 -0.27425 0.19944
-1.63887 -0.25957 0.11799
-1.56912 -0.24852 0.02850
-1.52705 -0.24186 -0.06293
-1.51554 -0.24004 -0.15008
-1.56063 -0.33172 -0.29389
-1.61875 -0.34408 -0.34670
-1.69988 -0.36132 -0.37587
-1.79848 -0.38228 -0.37943
-1.90783 -0.40552 -0.35714
-2.02049 -0.42947 -0.31050
-2.12878 -0.45249 -0.24271
-2.22531 -0.47300 -0.15837
-2.30350 -0.48962 -0.06324
-2.35804 -0.50122 0.03620
-2.38520 -0.50699 0.13317
-2.38312 -0.50655 0.22106
-2.35196 -0.49993 0.29389
-2.29384 -0.48757 0.34670
-2.21271 -0.47033 0.37587
-2.11411 -0.44937 0.37943
-2.00476 -0.42612 0.35714
-1.89210 -0.40218 0.31050
-1.78381 -0.37916 0.24271
-1.68728 -0.35864 0.15837
-1.60909 -0.34202 0.06324
-1.55455 -0.33043 -0.03620
-1.52739 -0.32466 -0.13317
-1.52947 -0.32510 -0.22106
-1.59035 -0.42613 -0.35355
-1.65501 -0.44346 -0.39641
-1.73855 -0.46584 -0.41225
-1.83526 -0.49176 -0.40000
-1.93855 -0.51943 -0.36049
-2.04139 -0.54699 -0.29641
-2.13676 -0.57254 -0.21213
-2.21816 -0.59435 -0.11340
-2.28006 -0.61094 -0.00694
-2.31822 -0.62117 0.10000
-2.33006 -0.62434 0.20012
-2.31475 -0.62024 0.28660
-2.27336 -0.60914 0.35355
-2.20869 -0.59182 0.39641
-2.12515 -0.56943 0.41225
-2.02844 -0.54352 0.40000
-1.92515 -0.51584 0.36049
-1.82232 -0.48829 0.29641
-1.72695 -0.46273 0.21213
-1.64554 -0.44092 0.11340
-1.58365 -0.42434 0.00694
-1.54548 -0.41411 -0.10000
-1.53365 -0.41094 -0.20012
-1.54895 -0.41504 -0.28660
-1.62260 -0.52722 -0.40451
-1.69187 -0.54972 -0.43636
-1.77546 -0.57688 -0.43848
-1.86769 -0.60685 -0.41072
-1.96226 -0.63758 -0.35497
-2.05273 -0.66697 -0.27502
-2.13294 -0.69303 -0.17634
-2.19742 -0.71398 -0.06563
-2.24177 -0.72839 0.04954
-2.26297 -0.73528 0.16134
-2.25959 -0.73418 0.26215
-2.23184 -0.72517 0.34509
-2.18162 -0.70885 0.40451
-2.11236 -0.68635 0.43636
-2.02876 -0.65918 0.43848
-1.93654 -0.62922 0.41072
-1.84197 -0.59849 0.35497
-1.75149 -0.56909 0.27502
-1.67129 -0.54303 0.17634
-1.60681 -0.52208 0.06563
-1.56246 -0.50767 -0.04954
-1.54125 -0.50078 -0.16134
-1.54464 -0.50188 -0.26215
-1.57239 -0.51090 -0.34509
-1.65524 -0.63539 -0.44550
-1.72705 -0.66295 -0.46557
-1.80841 -0.69418 -0.45392
-1.89377 -0.72695 -0.41132
-1.97732 -0.75902 -0.34070
-2.05336 -0.78821 -0.24686
-2.11671 -0.81253 -0.13620
-2.16305 -0.83032 -0.01625
-2.18923 -0.84037 0.10480
-2.19347 -0.84199 0.21871
-2.17546 -0.83508 0.31772
-2.13645 -0.82010 0.39507
-2.07908 -0.79808 0.44550
-2.00727 -0.77052 0.46557
-1.92591 -0.73929 0.45392
-1.84055 -0.70652 0.41132
-1.75701 -0.67445 0.34070
-1.68096 -0.64526 0.24686
-1.61761 -0.62094 0.13620
-1.57127 -0.60315 0.01625
-1.54509 -0.59310 -0.10480
-1.54085 -0.59148 -0.21871
-1.55886 -0.59839 -0.31772
-1.59788 -0.61337 -0.39507
-1.68594 -0.75063 -0.47553
-1.75821 -0.78281 -0.48332
-1.83518 -0.81707 -0.45817
-1.91159 -0.85109 -0.40180
-1.98225 -0.88255 -0.31805
-2.04233 -0.90930 -0.21262
-2.08774 -0.92952 -0.09271
-2.11539 -0.94183 0.03353
-2.12340 -0.94540 0.15748
-2.11121 -0.93997 0.27070
-2.07966 -0.92592 0.36547
-2.03089 -0.90421 0.43533
-1.96824 -0.87632 0.47553
-1.89597 -0.84414 0.48332
-1.81901 -0.80987 0.45817
-1.74259 -0.77585 0.40180
-1.67194 -0.74439 0.31805
-1.61185 -0.71764 0.21262
-1.56644 -0.69742 0.09271
-1.53879 -0.68511 -0.03353
-1.53079 -0.68155 -0.15748
-1.54298 -0.68698 -0.27070
-1.57453 -0.70102 -0.36547
-1.62329 -0.72273 -0.43533
-1.71232 -0.87247 -0.49384
-1.78303 -0.90850 -0.48916
-1.85366 -0.94449 -0.45115
-1.91942 -0.97799 -0.38239
-1.97581 -1.00672 -0.28756
-2.01899 -1.02873 -0.17315
-2.04602 -1.04250 -0.04693
-2.05507 -1.04711 0.08249
-2.04550 -1.04223 0.20628
-2.01798 -1.02821 0.31602
-1.97437 -1.00599 0.40422
-1.91766 -0.97710 0.46487
-1.85171 -0.94349 0.49384
-1.78100 -0.90746 0.48916
-1.71036 -0.87147 0.45115
-1.64461 -0.83797 0.38239
-1.58822 -0.80924 0.28756
-1.54504 -0.78723 0.17315
-1.51800 -0.77346 0.04693
-1.50896 -0.76885 -0.08249
-1.51853 -0.77373 -0.20628
-1.54605 -0.78775 -0.31602
-1.58965 -0.80997 -0.40422
-1.64636 -0.83886 -0.46487
-1.73205 -1.00000 -0.50000
-1.79929 -1.03882 -0.48296
-1.86195 -1.07500 -0.43301
-1.91576 -1.10607 -0.35355
-1.95705 -1.12990 -0.25000
-1.98301 -1.14489 -0.12941
-1.99186 -1.15000 0.00000
-1.98301 -1.14489 0.12941
-1.95705 -1.12990 0.25000
-1.91576 -1.10607 0.35355
-1.86195 -1.07500 0.43301
-1.79929 -1.03882 0.48296
-1.73205 -1.00000 0.50000
-1.66481 -0.96118 0.48296
-1.60215 -0.92500 0.43301
-1.54834 -0.89393 0.35355
-1.50705 -0.87010 0.25000
-1.48110 -0.85511 0.12941
-1.47224 -0.85000 -0.00000
-1.48110 -0.85511 -0.12941
-1.50705 -0.87010 -0.25000
-1.54834 -0.89393 -0.35355
-1.60215 -0.92500 -0.43301
-1.66481 -0.96118 -0.48296
-1.74294 -1.13188 -0.49384
-1.80502 -1.17219 -0.46487
-1.85840 -1.20686 -0.40422
-1.89944 -1.23351 -0.31602
-1.92535 -1.25034 -0.20628
-1.93436 -1.25618 -0.08249
-1.92584 -1.25066 0.04693
-1.90040 -1.23413 0.17315
-1.85975 -1.20774 0.28756
-1.80667 -1.17327 0.38239
-1.74478 -1.13308 0.45115
-1.67830 -1.08990 0.48916
-1.61174 -1.04668 0.49384
-1.54966 -1.00636 0.46487
-1.49628 -0.97170 0.40422
-1.45524 -0.94504 0.31602
-1.42933 -0.92822 0.20628
-1.42033 -0.92237 0.08249
-1.42884 -0.92790 -0.04693
-1.45428 -0.94442 -0.17315
-1.49493 -0.97082 -0.28756
-1.54801 -1.00529 -0.38239
-1.60990 -1.04548 -0.45115
-1.67639 -1.08866 -0.48916
-1.74303 -1.26639 -0.47553
-1.79852 -1.30670 -0.43533
-1.84170 -1.33807 -0.36547
-1.86964 -1.35837 -0.27070
-1.88044 -1.36622 -0.15748
-1.87335 -1.36107 -0.03353
-1.84886 -1.34328 0.09271
-1.80864 -1.31406 0.21262
-1.75544 -1.27540 0.31805
-1.69286 -1.22994 0.40180
-1.62519 -1.18077 0.45817
-1.55704 -1.13125 0.48332
-1.49303 -1.08475 0.47553
-1.43755 -1.04444 0.43533
-1.39437 -1.01307 0.36547
-1.36643 -0.99277 0.27070
-1.35563 -0.98492 0.15748
-1.36272 -0.99007 0.03353
-1.38721 -1.00787 -0.09271
-1.42743 -1.03709 -0.21262
-1.48063 -1.07574 -0.31805
-1.54320 -1.12120 -0.40180
-1.61087 -1.17037 -0.45817
-1.67903 -1.21989 -0.48332
-1.73070 -1.40149 -0.44550
-1.77845 -1.44016 -0.39507
-1.81093 -1.46646 -0.31772
-1.82592 -1.47860 -0.21871
-1.82240 -1.47575 -0.10480
-1.80060 -1.45810 0.01625
-1.76202 -1.42686 0.13620
-1.70929 -1.38415 0.24686
-1.64599 -1.33290 0.34070
-1.57644 -1.27658 0.41132
-1.50538 -1.21904 0.45392
-1.43766 -1.16419 0.46557
-1.37788 -1.11579 0.44550
-1.33013 -1.07712 0.39507
-1.29765 -1.05082 0.31772
-1.28266 -1.03868 0.21871
-1.28619 -1.04153 0.10480
-1.30798 -1.05918 -0.01625
-1.34656 -1.09042 -0.13620
-1.39930 -1.13313 -0.24686
-1.46259 -1.18439 -0.34070
-1.53214 -1.24070 -0.41132
-1.60320 -1.29825 -0.45392
-1.67092 -1.35309 -0.46557
-1.70469 -1.53491 -0.40451
-1.74393 -1.57025 -0.34509
-1.76562 -1.58977 -0.26215
-1.76826 -1.59215 -0.16134
-1.75169 -1.57723 -0.04954
-1.71704 -1.54603 0.06563
-1.66665 -1.50066 0.17634
-1.60398 -1.44423 0.27502
-1.53329 -1.38058 0.35497
-1.45939 -1.31404 0.41072
-1.38733 -1.24916 0.43848
-1.32201 -1.19034 0.43636
-1.26788 -1.14161 0.40451
-1.22864 -1.10628 0.34509
-1.20696 -1.08675 0.26215
-1.20432 -1.08437 0.16134
-1.22089 -1.09929 0.04954
-1.25554 -1.13050 -0.06563
-1.30592 -1.17586 -0.17634
-1.36860 -1.23229 -0.27502
-1.43929 -1.29594 -0.35497
-1.51319 -1.36248 -0.41072
-1.58525 -1.42737 -0.43848
-1.65057 -1.48618 -0.43636
-1.66421 -1.66421 -0.35355
-1.69452 -1.69452 -0.28660
-1.70572 -1.70572 -0.20012
-1.69706 -1.69706 -0.10000
-1.66912 -1.66912 0.00694
-1.62381 -1.62381 0.11340
-1.56421 -1.56421 0.21213
-1.49440 -1.49440 0.29641
-1.41912 -1.41912 0.36049
-1.34350 -1.34350 0.40000
-1.27271 -1.27271 0.41225
-1.21155 -1.21155 0.39641
-1.16421 -1.16421 0.35355
-1.13391 -1.13391 0.28660
-1.12271 -1.12271 0.20012
-1.13137 -1.13137 0.10000
-1.15931 -1.15931 -0.00694
-1.20462 -1.20462 -0.11340
-1.26421 -1.26421 -0.21213
-1.33403 -1.33403 -0.29641
-1.40931 -1.40931 -0.36049
-1.48492 -1.48492 -0.40000
-1.55572 -1.55572 -0.41225
-1.61687 -1.61687 -0.39641
-1.60893 -1.78690 -0.29389
-1.63025 -1.81057 -0.22106
-1.63166 -1.81215 -0.13317
-1.61309 -1.79151 -0.03620
-1.57578 -1.75008 0.06324
-1.52229 -1.69067 0.15837
-1.45625 -1.61733 0.24271
-1.38218 -1.53506 0.31050
-1.30511 -1.44947 0.35714
-1.23030 -1.36639 0.37943
-1.16285 -1.29148 0.37587
-1.10735 -1.22984 0.34670
-1.06759 -1.18568 0.29389
-1.04628 -1.16201 0.22106
-1.04486 -1.16043 0.13317
-1.06344 -1.18107 0.03620
-1.10074 -1.22250 -0.06324
-1.15424 -1.28191 -0.15837
-1.22027 -1.35525 -0.24271
-1.29434 -1.43752 -0.31050
-1.37141 -1.52311 -0.35714
-1.44622 -1.60619 -0.37943
-1.51367 -1.68110 -0.37587
-1.56917 -1.74274 -0.34670
-1.53901 -1.90051 -0.22700
-1.55164 -1.91611 -0.15008
-1.54430 -1.90705 -0.06293
-1.51750 -1.87395 0.02850
-1.47305 -1.81907 0.11799
-1.41400 -1.74614 0.19944
-1.34435 -1.66014 0.26730
-1.26887 -1.56692 0.31694
-1.19269 -1.47285 0.34499
-1.12100 -1.38432 0.34952
-1.05869 -1.30738 0.33023
-1.01001 -1.24726 0.28844
-0.97828 -1.20807 0.22700
-0.96565 -1.19247 0.15008
-0.97298 -1.20153 0.06293
-0.99979 -1.23463 -0.02850
-1.04423 -1.28952 -0.11799
-1.10329 -1.36244 -0.19944
-1.17293 -1.44845 -0.26730
-1.24841 -1.54166 -0.31694
-1.32459 -1.63574 -0.34499
-1.39628 -1.72426 -0.34952
-1.45859 -1.80121 -0.33023
-1.50727 -1.86132 -0.28844
-1.45508 -2.00274 -0.15451
-1.45966 -2.00905 -0.07540
-1.44488 -1.98870 0.00885
-1.41174 -1.94310 0.09250
-1.36252 -1.87534 0.16984
-1.30055 -1.79005 0.23561
-1.23006 -1.69303 0.28532
-1.15586 -1.59091 0.31558
-1.08301 -1.49063 0.32435
-1.01646 -1.39904 0.31100
-0.96075 -1.32236 0.27647
-0.91969 -1.26584 0.22309
-0.89606 -1.23332 0.15451
-0.89148 -1.22702 0.07540
-0.90626 -1.24736 -0.00885
-0.93940 -1.29297 -0.09250
-0.98863 -1.36073 -0.16984
-1.05059 -1.44602 -0.23561
-1.12108 -1.54303 -0.28532
-1.19528 -1.64516 -0.31558
-1.26813 -1.74544 -0.32435
-1.33468 -1.83703 -0.31100
-1.39039 -1.91370 -0.27647
-1.43145 -1.97022 -0.22309
-1.35824 -2.09151 -0.07822
-1.35570 -2.08759 0.00114
-1.33499 -2.05570 0.08042
-1.29754 -1.99804 0.15421
-1.24590 -1.91851 0.21750
-1.18358 -1.82255 0.26597
-1.11484 -1.71670 0.29631
-1.04435 -1.60816 0.30645
-0.97693 -1.50434 0.29572
-0.91716 -1.41231 0.26483
-0.86913 -1.33834 0.21589
-0.83609 -1.28747 0.15224
-0.82031 -1.26317 0.07822
-0.82286 -1.26709 -0.00114
-0.84357 -1.29898 -0.08042
-0.88102 -1.35665 -0.15421
-0.93266 -1.43617 -0.21750
-0.99498 -1.53213 -0.26597
-1.06372 -1.63798 -0.29631
-1.13420 -1.74652 -0.30645
-1.20163 -1.85034 -0.29572
-1.26139 -1.94237 -0.26483
-1.30943 -2.01635 -0.21589
-1.34246 -2.06721 -0.15224
-1.25000 -2.16506 -0.00000
-1.24148 -2.15031 0.07765
-1.21651 -2.10705 0.15000
-1.17678 -2.03824 0.21213
-1.12500 -1.94856 0.25981
-1.06470 -1.84412 0.28978
-1.00000 -1.73205 0.30000
-0.93530 -1.61998 0.28978
-0.87500 -1.51554 0.25981
-0.82322 -1.42586 0.21213
-0.78349 -1.35705 0.15000
-0.75852 -1.31379 0.07765
-0.75000 -1.29904 0.00000
-0.75852 -1.31379 -0.07765
-0.78349 -1.35705 -0.15000
-0.82322 -1.42586 -0.21213
-0.87500 -1.51554 -0.25981
-0.93530 -1.61998 -0.28978
-1.00000 -1.73205 -0.30000
-1.06470 -1.84412 -0.28978
-1.12500 -1.94856 -0.25981
-1.17678 -2.03824 -0.21213
-1.21651 -2.10705 -0.15000
-1.24148 -2.15031 -0.07765
-1.13218 -2.22203 0.07822
-1.11903 -2.19622 0.15224
-1.09149 -2.14217 0.21589
-1.05145 -2.06359 0.26483
-1.00163 -1.96581 0.29572
-0.94543 -1.85551 0.30645
-0.88668 -1.74020 0.29631
-0.82937 -1.62774 0.26597
-0.77743 -1.52579 0.21750
-0.73438 -1.44131 0.15421
-0.70316 -1.38004 0.08042
-0.68591 -1.34617 0.00114
-0.68378 -1.34199 -0.07822
-0.69693 -1.36781 -0.15224
-0.72447 -1.42185 -0.21589
-0.76451 -1.50044 -0.26483
-0.81433 -1.59822 -0.29572
-0.87053 -1.70852 -0.30645
-0.92929 -1.82383 -0.29631
-0.98659 -1.93629 -0.26597
-1.03853 -2.03824 -0.21750
-1.08158 -2.12272 -0.15421
-1.11280 -2.18399 -0.08042
-1.13006 -2.21786 -0.00114
-1.00689 -2.26151 0.15451
-0.99054 -2.22479 0.22309
-0.96212 -2.16096 0.27647
-0.92358 -2.07438 0.31100
-0.87753 -1.97096 0.32435
-0.82711 -1.85772 0.31558
-0.77577 -1.74240 0.28532
-0.72699 -1.63285 0.23561
-0.68411 -1.53654 0.16984
-0.65005 -1.46003 0.09250
-0.62712 -1.40853 0.00885
-0.61689 -1.38556 -0.07540
-0.62006 -1.39267 -0.15451
-0.63641 -1.42940 -0.22309
-0.66482 -1.49322 -0.27647
-0.70337 -1.57980 -0.31100
-0.74942 -1.68323 -0.32435
-0.79984 -1.79646 -0.31558
-0.85118 -1.91178 -0.28532
-0.89995 -2.02133 -0.23561
-0.94284 -2.11764 -0.16984
-0.97690 -2.19415 -0.09250
-0.99983 -2.24565 -0.00885
-1.01006 -2.26862 0.07540
-0.87639 -2.28307 0.22700
-0.85832 -2.23599 0.28844
-0.83060 -2.16378 0.33023
-0.79512 -2.07135 0.34952
-0.75429 -1.96500 0.34499
-0.71091 -1.85199 0.31694
-0.66793 -1.74001 0.26730
-0.62827 -1.63670 0.19944
-0.59464 -1.54909 0.11799
-0.56933 -1.48316 0.02850
-0.55407 -1.44339 -0.06293
-0.54989 -1.43251 -0.15008
-0.55708 -1.45125 -0.22700
-0.57515 -1.49833 -0.28844
-0.60288 -1.57055 -0.33023
-0.63836 -1.66298 -0.34952
-0.67918 -1.76932 -0.34499
-0.72256 -1.88233 -0.31694
-0.76554 -1.99431 -0.26730
-0.80520 -2.09763 -0.19944
-0.83883 -2.18523 -0.11799
-0.86414 -2.25117 -0.02850
-0.87940 -2.29093 0.06293
-0.88358 -2.30181 0.15008
-0.74303 -2.28682 0.29389
-0.72467 -2.23031 0.34670
-0.69904 -2.15143 0.37587
-0.66789 -2.05556 0.37943
-0.63334 -1.94923 0.35714
-0.59775 -1.83969 0.31050
-0.56354 -1.73441 0.24271
-0.53305 -1.64055 0.15837
-0.50834 -1.56452 0.06324
-0.49111 -1.51150 -0.03620
-0.48254 -1.48509 -0.13317
-0.48319 -1.48711 -0.22106
-0.49303 -1.51740 -0.29389
-0.51140 -1.57392 -0.34670
-0.53703 -1.65280 -0.37587
-0.56818 -1.74867 -0.37943
-0.60272 -1.85499 -0.35714
-0.63832 -1.96453 -0.31050
-0.67252 -2.06982 -0.24271
-0.70302 -2.16367 -0.15837
-0.72772 -2.23971 -0.06324
-0.74495 -2.29273 0.03620
-0.75353 -2.31913 0.13317
-0.75288 -2.31712 0.22106
-0.60914 -2.27336 0.35355
-0.59182 -2.20869 0.39641
-0.56943 -2.12515 0.41225
-0.54352 -2.02844 0.40000
-0.51584 -1.92515 0.36049
-0.48829 -1.82232 0.29641
-0.46273 -1.72695 0.21213
-0.44092 -1.64554 0.11340
-0.42434 -1.58365 0.00694
-0.41411 -1.54548 -0.10000
-0.41094 -1.53365 -0.20012
-0.41504 -1.54895 -0.28660
-0.42613 -1.59035 -0.35355
-0.44346 -1.65501 -0.39641
-0.46584 -1.73855 -0.41225
-0.49176 -1.83526 -0.40000
-0.51943 -1.93855 -0.36049
-0.54699 -2.04139 -0.29641
-0.57254 -2.13676 -0.21213
-0.59435 -2.21816 -0.11340
-0.61094 -2.28006 -0.00694
-0.62117 -2.31822 0.10000
-0.62434 -2.33006 0.20012
-0.62024 -2.31475 0.28660
-0.47693 -2.24377 0.40451
-0.46178 -2.17253 0.43636
-0.44351 -2.08655 0.43848
-0.42335 -1.99170 0.41072
-0.40267 -1.89443 0.35497
-0.38290 -1.80139 0.27502
-0.36536 -1.71889 0.17634
-0.35127 -1.65258 0.06563
-0.34157 -1.60696 -0.04954
-0.33694 -1.58515 -0.16134
-0.33768 -1.58864 -0.26215
-0.34374 -1.61718 -0.34509
-0.35472 -1.66882 -0.40451
-0.36986 -1.74006 -0.43636
-0.38814 -1.82604 -0.43848
-0.40830 -1.92089 -0.41072
-0.42897 -2.01816 -0.35497
-0.44875 -2.11120 -0.27502
-0.46628 -2.19370 -0.17634
-0.48038 -2.26001 -0.06563
-0.49008 -2.30563 0.04954
-0.49471 -2.32744 0.16134
-0.49397 -2.32395 0.26215
-0.48791 -2.29541 0.34509
-0.34838 -2.19958 0.44550
-0.33635 -2.12361 0.46557
-0.32271 -2.03753 0.45392
-0.30841 -1.94723 0.41132
-0.29441 -1.85884 0.34070
-0.28167 -1.77839 0.24686
-0.27105 -1.71137 0.13620
-0.26329 -1.66233 0.01625
-0.25890 -1.63464 -0.10480
-0.25819 -1.63016 -0.21871
-0.26121 -1.64921 -0.31772
-0.26775 -1.69048 -0.39507
-0.27736 -1.75118 -0.44550
-0.28939 -1.82715 -0.46557
-0.30302 -1.91322 -0.45392
-0.31733 -2.00353 -0.41132
-0.33133 -2.09192 -0.34070
-0.34407 -2.17236 -0.24686
-0.35468 -2.23939 -0.13620
-0.36245 -2.28842 -0.01625
-0.36684 -2.31612 0.10480
-0.36755 -2.32059 0.21871
-0.36453 -2.30155 0.31772
-0.35799 -2.26027 0.39507
-0.22521 -2.14271 0.47553
-0.21694 -2.06403 0.48332
-0.20813 -1.98024 0.45817
-0.19939 -1.89705 0.40180
-0.19130 -1.82014 0.31805
-0.18443 -1.75473 0.21262
-0.17923 -1.70529 0.09271
-0.17607 -1.67519 -0.03353
-0.17515 -1.66647 -0.15748
-0.17655 -1.67974 -0.27070
-0.18016 -1.71409 -0.36547
-0.18574 -1.76718 -0.43533
-0.19291 -1.83538 -0.47553
-0.20118 -1.91406 -0.48332
-0.20998 -1.99785 -0.45817
-0.21873 -2.08103 -0.40180
-0.22681 -2.15795 -0.31805
-0.23368 -2.22336 -0.21262
-0.23888 -2.27280 -0.09271
-0.24204 -2.30290 0.03353
-0.24296 -2.31161 0.15748
-0.24157 -2.29834 0.27070
-0.23796 -2.26400 0.36547
-0.23238 -2.21091 0.43533
-0.10877 -2.07537 0.49384
-0.10461 -1.99612 0.48916
-0.10046 -1.91695 0.45115
-0.09660 -1.84326 0.38239
-0.09329 -1.78006 0.28756
-0.09075 -1.73166 0.17315
-0.08916 -1.70136 0.04693
-0.08863 -1.69122 -0.08249
-0.08920 -1.70195 -0.20628
-0.09081 -1.73279 -0.31602
-0.09337 -1.78166 -0.40422
-0.09670 -1.84523 -0.46487
-0.10058 -1.91915 -0.49384
-0.10473 -1.99840 -0.48916
-0.10888 -2.07756 -0.45115
-0.11274 -2.15126 -0.38239
-0.11606 -2.21446 -0.28756
-0.11859 -2.26286 -0.17315
-0.12018 -2.29316 -0.04693
-0.12071 -2.30329 0.08249
-0.12015 -2.29257 0.20628
-0.11853 -2.26172 0.31602
-0.11597 -2.21285 0.40422
-0.11264 -2.14929 0.46487
-0.00000 -2.00000 0.50000
-0.00000 -1.92235 0.48296
-0.00000 -1.85000 0.43301
-0.00000 -1.78787 0.35355
-0.00000 -1.74019 0.25000
-0.00000 -1.71022 0.12941
-0.00000 -1.70000 0.00000
-0.00000 -1.71022 -0.12941
-0.00000 -1.74019 -0.25000
-0.00000 -1.78787 -0.35355
-0.00000 -1.85000 -0.43301
-0.00000 -1.92235 -0.48296
-0.00000 -2.00000 -0.50000
-0.00000 -2.07765 -0.48296
-0.00000 -2.15000 -0.43301
-0.00000 -2.21213 -0.35355
-0.00000 -2.25981 -0.25000
-0.00000 -2.28978 -0.12941
-0.00000 -2.30000 -0.00000
-0.00000 -2.28978 0.12941
-0.00000 -2.25981 0.25000
-0.00000 -2.21213 0.35355
-0.00000 -2.15000 0.43301
-0.00000 -2.07765 0.48296
0.10058 -1.91915 0.49384
0.09670 -1.84523 0.46487
0.09337 -1.78166 0.40422
0.09081 -1.73279 0.31602
0.08920 -1.70195 0.20628
0.08863 -1.69122 0.08249
0.08916 -1.70136 -0.04693
0.09075 -1.73166 -0.17315
0.09329 -1.78006 -0.28756
0.09660 -1.84326 -0.38239
0.10046 -1.91695 -0.45115
0.10461 -1.99612 -0.48916
0.10877 -2.07537 -0.49384
0.11264 -2.14929 -0.46487
0.11597 -2.21285 -0.40422
0.11853 -2.26172 -0.31602
0.12015 -2.29257 -0.20628
0.12071 -2.30329 -0.08249
0.12018 -2.29316 0.04693
0.11859 -2.26286 0.17315
0.11606 -2.21446 0.28756
0.11274 -2.15126 0.38239
0.10888 -2.07756 0.45115
0.10473 -1.99840 0.48916
0.19291 -1.83538 0.47553
0.18574 -1.76718 0.43533
0.18016 -1.71409 0.36547
0.17655 -1.67974 0.27070
0.17515 -1.66647 0.15748
0.17607 -1.67519 0.03353
0.17923 -1.70529 -0.09271
0.18443 -1.75473 -0.21262
0.19130 -1.82014 -0.31805
0.19939 -1.89705 -0.40180
0.20813 -1.98024 -0.45817
0.21694 -2.06403 -0.48332
0.22521 -2.14271 -0.47553
0.23238 -2.21091 -0.43533
0.23796 -2.26400 -0.36547
0.24157 -2.29834 -0.27070
0.24296 -2.31161 -0.15748
0.24204 -2.30290 -0.03353
0.23888 -2.27280 0.09271
0.23368 -2.22336 0.21262
0.22681 -2.15795 0.31805
0.21873 -2.08103 0.40180
0.20998 -1.99785 0.45817
0.20118 -1.91406 0.48332
0.27736 -1.75118 0.44550
0.26775 -1.69048 0.39507
0.26121 -1.64921 0.31772
0.25819 -1.63016 0.21871
0.25890 -1.63464 0.10480
0.26329 -1.66233 -0.01625
0.27105 -1.71137 -0.13620
0.28167 -1.77839 -0.24686
0.29441 -1.85884 -0.34070
0.30841 -1.94723 -0.41132
0.32271 -2.03753 -0.45392
0.33635 -2.12361 -0.46557
0.34838 -2.19958 -0.44550
0.35799 -2.26027 -0.39507
0.36453 -2.30155 -0.31772
0.36755 -2.32059 -0.21871
0.36684 -2.31612 -0.10480
0.36245 -2.28842 0.01625
0.35468 -2.23939 0.13620
0.34407 -2.17236 0.24686
0.33133 -2.09192 0.34070
0.31733 -2.00353 0.41132
0.30302 -1.91322 0.45392
0.28939 -1.82715 0.46557
0.35472 -1.66882 0.40451
0.34374 -1.61718 0.34509
0.33768 -1.58864 0.26215
0.33694 -1.58515 0.16134
0.34157 -1.60696 0.04954
0.35127 -1.65258 -0.06563
0.36536 -1.71889 -0.17634
0.38290 -1.80139 -0.27502
0.40267 -1.89443 -0.35497
0.42335 -1.99170 -0.41072
0.44351 -2.08655 -0.43848
0.46178 -2.17253 -0.43636
0.47693 -2.24377 -0.40451
0.48791 -2.29541 -0.34509
0.49397 -2.32395 -0.26215
0.49471 -2.32744 -0.16134
0.49008 -2.30563 -0.04954
0.48038 -2.26001 0.06563
0.46628 -2.19370 0.17634
0.44875 -2.11120 0.27502
0.42897 -2.01816 0.35497
0.40830 -1.92089 0.41072
0.38814 -1.82604 0.43848
0.36986 -1.74006 0.43636
0.42613 -1.59035 0.35355
0.41504 -1.54895 0.28660
0.41094 -1.53365 0.20012
0.41411 -1.54548 0.10000
0.42434 -1.58365 -0.00694
0.44092 -1.64554 -0.11340
0.46273 -1.72695 -0.21213
0.48829 -1.82232 -0.29641
0.51584 -1.92515 -0.36049
0.54352 -2.02844 -0.40000
0.56943 -2.12515 -0.41225
0.59182 -2.20869 -0.39641
0.60914 -2.27336 -0.35355
0.62024 -2.31475 -0.28660
0.62434 -2.33006 -0.20012
0.62117 -2.31822 -0.10000
0.61094 -2.28006 0.00694
0.59435 -2.21816 0.11340
0.57254 -2.13676 0.21213
0.54699 -2.04139 0.29641
0.51943 -1.93855 0.36049
0.49176 -1.83526 0.40000
0.46584 -1.73855 0.41225
0.44346 -1.65501 0.39641
0.49303 -1.51740 0.29389
0.48319 -1.48711 0.22106
0.48254 -1.48509 0.13317
0.49111 -1.51150 0.03620
0.50834 -1.56452 -0.06324
0.53305 -1.64055 -0.15837
0.56354 -1.73441 -0.24271
0.59775 -1.83969 -0.31050
0.63334 -1.94923 -0.35714
0.66789 -2.05556 -0.37943
0.69904 -2.15143 -0.37587
0.72467 -2.23031 -0.34670
0.74303 -2.28682 -0.29389
0.75288 -2.31712 -0.22106
0.75353 -2.31913 -0.13317
0.74495 -2.29273 -0.03620
0.72772 -2.23971 0.06324
0.70302 -2.16367 0.15837
0.67252 -2.06982 0.24271
0.63832 -1.96453 0.31050
0.60272 -1.85499 0.35714
0.56818 -1.74867 0.37943
0.53703 -1.65280 0.37587
0.51140 -1.57392 0.34670
0.55708 -1.45125 0.22700
0.54989 -1.43251 0.15008
0.55407 -1.44339 0.06293
0.56933 -1.48316 -0.02850
0.59464 -1.54909 -0.11799
0.62827 -1.63670 -0.19944
0.66793 -1.74001 -0.26730
0.71091 -1.85199 -0.31694
0.75429 -1.96500 -0.34499
0.79512 -2.07135 -0.34952
0.83060 -2.16378 -0.33023
0.85832 -2.23599 -0.28844
0.87639 -2.28307 -0.22700
0.88358 -2.30181 -0.15008
0.87940 -2.29093 -0.06293
0.86414 -2.25117 0.02850
0.83883 -2.18523 0.11799
0.80520 -2.09763 0.19944
0.76554 -1.99431 0.26730
0.72256 -1.88233 0.31694
0.67918 -1.76932 0.34499
0.63836 -1.66298 0.34952
0.60288 -1.57055 0.33023
0.57515 -1.49833 0.28844
0.62006 -1.39267 0.15451
0.61689 -1.38556 0.07540
0.62712 -1.40853 -0.00885
0.65005 -1.46003 -0.09250
0.68411 -1.53654 -0.16984
0.72699 -1.63285 -0.23561
0.77577 -1.74240 -0.28532
0.82711 -1.85772 -0.31558
0.87753 -1.97096 -0.32435
0.92358 -2.07438 -0.31100
0.96212 -2.16096 -0.27647
0.99054 -2.22479 -0.22309
1.00689 -2.26151 -0.15451
1.01006 -2.26862 -0.07540
0.99983 -2.24565 0.00885
0.97690 -2.19415 0.09250
0.94284 -2.11764 0.16984
0.89995 -2.02133 0.23561
0.85118 -1.91178 0.28532
0.79984 -1.79646 0.31558
0.74942 -1.68323 0.32435
0.70337 -1.57980 0.31100
0.66482 -1.49322 0.27647
0.63641 -1.42940 0.22309
0.68378 -1.34199 0.07822
0.68591 -1.34617 -0.00114
0.70316 -1.38004 -0.08042
0.73438 -1.44131 -0.15421
0.77743 -1.52579 -0.21750
0.82937 -1.62774 -0.26597
0.88668 -1.74020 -0.29631
0.94543 -1.85551 -0.30645
1.00163 -1.96581 -0.29572
1.05145 -2.06359 -0.26483
1.09149 -2.14217 -0.21589
1.11903 -2.19622 -0.15224
1.13218 -2.22203 -0.07822
1.13006 -2.21786 0.00114
1.11280 -2.18399 0.08042
1.08158 -2.12272 0.15421
1.03853 -2.03824 0.21750
0.98659 -1.93629 0.26597
0.92929 -1.82383 0.29631
0.87053 -1.70852 0.30645
0.81433 -1.59822 0.29572
0.76451 -1.50044 0.26483
0.72447 -1.42185 0.21589
0.69693 -1.36781 0.15224
0.75000 -1.29904 0.00000
0.75852 -1.31379 -0.07765
0.78349 -1.35705 -0.15000
0.82322 -1.42586 -0.21213
0.87500 -1.51554 -0.25981
0.93530 -1.61998 -0.28978
1.00000 -1.73205 -0.30000
1.06470 -1.84412 -0.28978
1.12500 -1.94856 -0.25981
1.17678 -2.03824 -0.21213
1.21651 -2.10705 -0.15000
1.24148 -2.15031 -0.07765
1.25000 -2.16506 -0.00000
1.24148 -2.15031 0.07765
1.21651 -2.10705 0.15000
1.17678 -2.03824 0.21213
1.12500 -1.94856 0.25981
1.06470 -1.84412 0.28978
1.00000 -1.73205 0.30000
0.93530 -1.61998 0.28978
0.87500 -1.51554 0.25981
0.82322 -1.42586 0.21213
0.78349 -1.35705 0.15000
0.75852 -1.31379 0.07765
0.82031 -1.26317 -0.07822
0.83609 -1.28747 -0.15224
0.86913 -1.33834 -0.21589
0.91716 -1.41231 -0.26483
0.97693 -1.50434 -0.29572
1.04435 -1.60816 -0.30645
1.11484 -1.71670 -0.29631
1.18358 -1.82255 -0.26597
1.24590 -1.91851 -0.21750
1.29754 -1.99804 -0.15421
1.33499 -2.05570 -0.08042
1.35570 -2.08759 -0.00114
1.35824 -2.09151 0.07822
1.34246 -2.06721 0.15224
1.30943 -2.01635 0.21589
1.26139 -1.94237 0.26483
1.20163 -1.85034 0.29572
1.13420 -1.74652 0.30645
1.06372 -1.63798 0.29631
0.99498 -1.53213 0.26597
0.93266 -1.43617 0.21750
0.88102 -1.35665 0.15421
0.84357 -1.29898 0.08042
0.82286 -1.26709 0.00114
0.89606 -1.23332 -0.15451
0.91969 -1.26584 -0.22309
0.96075 -1.32236 -0.27647
1.01646 -1.39904 -0.31100
1.08301 -1.49063 -0.32435
1.15586 -1.59091 -0.31558
1.23006 -1.69303 -0.28532
1.30055 -1.79005 -0.23561
1.36252 -1.87534 -0.16984
1.41174 -1.94310 -0.09250
1.44488 -1.98870 -0.00885
1.45966 -2.00905 0.07540
1.45508 -2.00274 0.15451
1.43145 -1.97022 0.22309
1.39039 -1.91370 0.27647
1.33468 -1.83703 0.31100
1.26813 -1.74544 0.32435
1.19528 -1.64516 0.31558
1.12108 -1.54303 0.28532
1.05059 -1.44602 0.23561
0.98863 -1.36073 0.16984
0.93940 -1.29297 0.09250
0.90626 -1.24736 0.00885
0.89148 -1.22702 -0.07540
0.97828 -1.20807 -0.22700
1.01001 -1.24726 -0.28844
1.05869 -1.30738 -0.33023
1.12100 -1.38432 -0.34952
1.19269 -1.47285 -0.34499
1.26887 -1.56692 -0.31694
1.34435 -1.66014 -0.26730
1.41400 -1.74614 -0.19944
1.47305 -1.81907 -0.11799
1.51750 -1.87395 -0.02850
1.54430 -1.90705 0.06293
1.55164 -1.91611 0.15008
1.53901 -1.90051 0.22700
1.50727 -1.86132 0.28844
1.45859 -1.80121 0.33023
1.39628 -1.72426 0.34952
1.32459 -1.63574 0.34499
1.24841 -1.54166 0.31694
1.17293 -1.44845 0.26730
1.10329 -1.36244 0.19944
1.04423 -1.28952 0.11799
0.99979 -1.23463 0.02850
0.97298 -1.20153 -0.06293
0.96565 -1.19247 -0.15008
1.06759 -1.18568 -0.29389
1.10735 -1.22984 -0.34670
1.16285 -1.29148 -0.37587
1.23030 -1.36639 -0.37943
1.30511 -1.44947 -0.35714
1.38218 -1.53506 -0.31050
1.45625 -1.61733 -0.24271
1.52229 -1.69067 -0.15837
1.57578 -1.75008 -0.06324
1.61309 -1.79151 0.03620
1.63166 -1.81215 0.13317
1.63025 -1.81057 0.22106
1.60893 -1.78690 0.29389
1.56917 -1.74274 0.34670
1.51367 -1.68110 0.37587
1.44622 -1.60619 0.37943
1.37141 -1.52311 0.35714
1.29434 -1.43752 0.31050
1.22027 -1.35525 0.24271
1.15424 -1.28191 0.15837
1.10074 -1.22250 0.06324
1.06344 -1.18107 -0.03620
1.04486 -1.16043 -0.13317
1.04628 -1.16201 -0.22106
1.16421 -1.16421 -0.35355
1.21155 -1.21155 -0.39641
1.27271 -1.27271 -0.41225
1.34350 -1.34350 -0.40000
1.41912 -1.41912 -0.36049
1.49440 -1.49440 -0.29641
1.56421 -1.56421 -0.21213
1.62381 -1.62381 -0.11340
1.66912 -1.66912 -0.00694
1.69706 -1.69706 0.10000
1.70572 -1.70572 0.20012
1.69452 -1.69452 0.28660
1.66421 -1.66421 0.35355
1.61687 -1.61687 0.39641
1.55572 -1.55572 0.41225
1.48492 -1.48492 0.40000
1.40931 -1.40931 0.36049
1.33403 -1.33403 0.29641
1.26421 -1.26421 0.21213
1.20462 -1.20462 0.11340
1.15931 -1.15931 0.00694
1.13137 -1.13137 -0.10000
1.12271 -1.12271 -0.20012
1.13391 -1.13391 -0.28660
1.26788 -1.14161 -0.40451
1.32201 -1.19034 -0.43636
1.38733 -1.24916 -0.43848
1.45939 -1.31404 -0.41072
1.53329 -1.38058 -0.35497
1.60398 -1.44423 -0.27502
1.66665 -1.50066 -0.17634
1.71704 -1.54603 -0.06563
1.75169 -1.57723 0.04954
1.76826 -1.59215 0.16134
1.76562 -1.58977 0.26215
1.74393 -1.57025 0.34509
1.70469 -1.53491 0.40451
1.65057 -1.48618 0.43636
1.58525 -1.42737 0.43848
1.51319 -1.36248 0.41072
1.43929 -1.29594 0.35497
1.36860 -1.23229 0.27502
1.30592 -1.17586 0.17634
1.25554 -1.13050 0.06563
1.22089 -1.09929 -0.04954
1.20432 -1.08437 -0.16134
1.20696 -1.08675 -0.26215
1.22864 -1.10628 -0.34509
1.37788 -1.11579 -0.44550
1.43766 -1.16419 -0.46557
1.50538 -1.21904 -0.45392
1.57644 -1.27658 -0.41132
1.64599 -1.33290 -0.34070
1.70929 -1.38415 -0.24686
1.76202 -1.42686 -0.13620
1.80060 -1.45810 -0.01625
1.82240 -1.47575 0.10480
1.82592 -1.47860 0.21871
1.81093 -1.46646 0.31772
1.77845 -1.44016 0.39507
1.73070 -1.40149 0.44550
1.67092 -1.35309 0.46557
1.60320 -1.29825 0.45392
1.53214 -1.24070 0.41132
1.46259 -1.18439 0.34070
1.39930 -1.13313 0.24686
1.34656 -1.09042 0.13620
1.30798 -1.05918 0.01625
1.28619 -1.04153 -0.10480
1.28266 -1.03868 -0.21871
1.29765 -1.05082 -0.31772
1.33013 -1.07712 -0.39507
1.49303 -1.08475 -0.47553
1.55704 -1.13125 -0.48332
1.62519 -1.18077 -0.45817
1.69286 -1.22994 -0.40180
1.75544 -1.27540 -0.31805
1.80864 -1.31406 -0.21262
1.84886 -1.34328 -0.09271
1.87335 -1.36107 0.03353
1.88044 -1.36622 0.15748
1.86964 -1.35837 0.27070
1.84170 -1.33807 0.36547
1.79852 -1.30670 0.43533
1.74303 -1.26639 0.47553
1.67903 -1.21989 0.48332
1.61087 -1.17037 0.45817
1.54320 -1.12120 0.40180
1.48063 -1.07574 0.31805
1.42743 -1.03709 0.21262
1.38721 -1.00787 0.09271
1.36272 -0.99007 -0.03353
1.35563 -0.98492 -0.15748
1.36643 -0.99277 -0.27070
1.39437 -1.01307 -0.36547
1.43755 -1.04444 -0.43533
1.61174 -1.04668 -0.49384
1.67830 -1.08990 -0.48916
1.74478 -1.13308 -0.45115
1.80667 -1.17327 -0.38239
1.85975 -1.20774 -0.28756
1.90040 -1.23413 -0.17315
1.92584 -1.25066 -0.04693
1.93436 -1.25618 0.08249
1.92535 -1.25034 0.20628
1.89944 -1.23351 0.31602
1.85840 -1.20686 0.40422
1.80502 -1.17219 0.46487
1.74294 -1.13188 0.49384
1.67639 -1.08866 0.48916
1.60990 -1.04548 0.45115
1.54801 -1.00529 0.38239
1.49493 -0.97082 0.28756
1.45428 -0.94442 0.17315
1.42884 -0.92790 0.04693
1.42033 -0.92237 -0.08249
1.42933 -0.92822 -0.20628
1.45524 -0.94504 -0.31602
1.49628 -0.97170 -0.40422
1.54966 -1.00636 -0.46487
1.73205 -1.00000 -0.50000
1.79929 -1.03882 -0.48296
1.86195 -1.07500 -0.43301
1.91576 -1.10607 -0.35355
1.95705 -1.12990 -0.25000
1.98301 -1.14489 -0.12941
1.99186 -1.15000 -0.00000
1.98301 -1.14489 0.12941
1.95705 -1.12990 0.25000
1.91576 -1.10607 0.35355
1.86195 -1.07500 0.43301
1.79929 -1.03882 0.48296
1.73205 -1.00000 0.50000
1.66481 -0.96118 0.48296
1.60215 -0.92500 0.43301
1.54834 -0.89393 0.35355
1.50705 -0.87010 0.25000
1.48110 -0.85511 0.12941
1.47224 -0.85000 0.00000
1.48110 -0.85511 -0.12941
1.50705 -0.87010 -0.25000
1.54834 -0.89393 -0.35355
1.60215 -0.92500 -0.43301
1.66481 -0.96118 -0.48296
1.85171 -0.94349 -0.49384
1.91766 -0.97710 -0.46487
1.97437 -1.00599 -0.40422
2.01798 -1.02821 -0.31602
2.04550 -1.04223 -0.20628
2.05507 -1.04711 -0.08249
2.04602 -1.04250 0.04693
2.01899 -1.02873 0.17315
1.97581 -1.00672 0.28756
1.91942 -0.97799 0.38239
1.85366 -0.94449 0.45115
1.78303 -0.90850 0.48916
1.71232 -0.87247 0.49384
1.64636 -0.83886 0.46487
1.58965 -0.80997 0.40422
1.54605 -0.78775 0.31602
1.51853 -0.77373 0.20628
1.50896 -0.76885 0.08249
1.51800 -0.77346 -0.04693
1.54504 -0.78723 -0.17315
1.58822 -0.80924 -0.28756
1.64461 -0.83797 -0.38239
1.71036 -0.87147 -0.45115
1.78100 -0.90746 -0.48916
1.96824 -0.87632 -0.47553
2.03089 -0.90421 -0.43533
2.07966 -0.92592 -0.36547
2.11121 -0.93997 -0.27070
2.12340 -0.94540 -0.15748
2.11539 -0.94183 -0.03353
2.08774 -0.92952 0.09271
2.04233 -0.90930 0.21262
1.98225 -0.88255 0.31805
1.91159 -0.85109 0.40180
1.83518 -0.81707 0.45817
1.75821 -0.78281 0.48332
1.68594 -0.75063 0.47553
1.62329 -0.72273 0.43533
1.57453 -0.70102 0.36547
1.54298 -0.68698 0.27070
1.53079 -0.68155 0.15748
1.53879 -0.68511 0.03353
1.56644 -0.69742 -0.09271
1.61185 -0.71764 -0.21262
1.67194 -0.74439 -0.31805
1.74259 -0.77585 -0.40180
1.81901 -0.80987 -0.45817
1.89597 -0.84414 -0.48332
2.07908 -0.79808 -0.44550
2.13645 -0.82010 -0.39507
2.17546 -0.83508 -0.31772
2.19347 -0.84199 -0.21871
2.18923 -0.84037 -0.10480
2.16305 -0.83032 0.01625
2.11671 -0.81253 0.13620
2.05336 -0.78821 0.24686
1.97732 -0.75902 0.34070
1.89377 -0.72695 0.41132
1.80841 -0.69418 0.45392
1.72705 -0.66295 0.46557
1.65524 -0.63539 0.44550
1.59788 -0.61337 0.39507
1.55886 -0.59839 0.31772
1.54085 -0.59148 0.21871
1.54509 -0.59310 0.10480
1.57127 -0.60315 -0.01625
1.61761 -0.62094 -0.13620
1.68096 -0.64526 -0.24686
1.75701 -0.67445 -0.34070
1.84055 -0.70652 -0.41132
1.92591 -0.73929 -0.45392
2.00727 -0.77052 -0.46557
2.18162 -0.70885 -0.40451
2.23184 -0.72517 -0.34509
2.25959 -0.73418 -0.26215
2.26297 -0.73528 -0.16134
2.24177 -0.72839 -0.04954
2.19742 -0.71398 0.06563
2.13294 -0.69303 0.17634
2.05273 -0.66697 0.27502
1.96226 -0.63758 0.35497
1.86769 -0.60685 0.41072
1.77546 -0.57688 0.43848
1.69187 -0.54972 0.43636
1.62260 -0.52722 0.40451
1.57239 -0.51090 0.34509
1.54464 -0.50188 0.26215
1.54125 -0.50078 0.16134
1.56246 -0.50767 0.04954
1.60681 -0.52208 -0.06563
1.67129 -0.54303 -0.17634
1.75149 -0.56909 -0.27502
1.84197 -0.59849 -0.35497
1.93654 -0.62922 -0.41072
2.02876 -0.65918 -0.43848
2.11236 -0.68635 -0.43636
2.27336 -0.60914 -0.35355
2.31475 -0.62024 -0.28660
2.33006 -0.62434 -0.20012
2.31822 -0.62117 -0.10000
2.28006 -0.61094 0.00694
2.21816 -0.59435 0.11340
2.13676 -0.57254 0.21213
2.04139 -0.54699 0.29641
1.93855 -0.51943 0.36049
1.83526 -0.49176 0.40000
1.73855 -0.46584 0.41225
1.65501 -0.44346 0.39641
1.59035 -0.42613 0.35355
1.54895 -0.41504 0.28660
1.53365 -0.41094 0.20012
1.54548 -0.41411 0.10000
1.58365 -0.42434 -0.00694
1.64554 -0.44092 -0.11340
1.72695 -0.46273 -0.21213
1.82232 -0.48829 -0.29641
1.92515 -0.51584 -0.36049
2.02844 -0.54352 -0.40000
2.12515 -0.56943 -0.41225
2.20869 -0.59182 -0.39641
2.35196 -0.49993 -0.29389
2.38312 -0.50655 -0.22106
2.38520 -0.50699 -0.13317
2.35804 -0.50122 -0.03620
2.30350 -0.48962 0.06324
2.22531 -0.47300 0.15837
2.12878 -0.45249 0.24271
2.02049 -0.42947 0.31050
1.90783 -0.40552 0.35714
1.79848 -0.38228 0.37943
1.69988 -0.36132 0.37587
1.61875 -0.34408 0.34670
1.56063 -0.33172 0.29389
1.52947 -0.32510 0.22106
1.52739 -0.32466 0.13317
1.55455 -0.33043 0.03620
1.60909 -0.34202 -0.06324
1.68728 -0.35864 -0.15837
1.78381 -0.37916 -0.24271
1.89210 -0.40218 -0.31050
2.00476 -0.42612 -0.35714
2.11411 -0.44937 -0.37943
2.21271 -0.47033 -0.37587
2.29384 -0.48757 -0.34670
2.41540 -0.38256 -0.22700
2.43522 -0.38570 -0.15008
2.42370 -0.38388 -0.06293
2.38164 -0.37721 0.02850
2.31188 -0.36617 0.11799
2.21920 -0.35149 0.19944
2.10990 -0.33417 0.26730
1.99143 -0.31541 0.31694
1.87187 -0.29647 0.34499
1.75936 -0.27865 0.34952
1.66157 -0.26317 0.33023
1.58517 -0.25107 0.28844
1.53536 -0.24318 0.22700
1.51554 -0.24004 0.15008
1.52705 -0.24186 0.06293
1.56912 -0.24852 -0.02850
1.63887 -0.25957 -0.11799
1.73155 -0.27425 -0.19944
1.84086 -0.29156 -0.26730
1.95933 -0.31033 -0.31694
2.07889 -0.32926 -0.34499
2.19140 -0.34708 -0.34952
2.28918 -0.36257 -0.33023
2.36559 -0.37467 -0.28844
2.46197 -0.25876 -0.15451
2.46971 -0.25958 -0.07540
2.44471 -0.25695 0.00885
2.38864 -0.25106 0.09250
2.30535 -0.24230 0.16984
2.20050 -0.23128 0.23561
2.08124 -0.21875 0.28532
1.95570 -0.20555 0.31558
1.83243 -0.19260 0.32435
1.71983 -0.18076 0.31100
1.62558 -0.17086 0.27647
1.55610 -0.16355 0.22309
1.51612 -0.15935 0.15451
1.50837 -0.15854 0.07540
1.53338 -0.16116 -0.00885
1.58944 -0.16706 -0.09250
1.67274 -0.17581 -0.16984
1.77759 -0.18683 -0.23561
1.89685 -0.19937 -0.28532
2.02239 -0.21256 -0.31558
2.14566 -0.22552 -0.32435
2.25826 -0.23735 -0.31100
2.35251 -0.24726 -0.27647
2.42199 -0.25456 -0.22309
2.49043 -0.13052 -0.07822
2.48575 -0.13027 0.00114
2.44779 -0.12828 0.08042
2.37912 -0.12468 0.15421
2.28443 -0.11972 0.21750
2.17017 -0.11373 0.26597
2.04413 -0.10713 0.29631
1.91489 -0.10035 0.30645
1.79126 -0.09388 0.29572
1.68168 -0.08813 0.26483
1.59360 -0.08352 0.21589
1.53303 -0.08034 0.15224
1.50409 -0.07883 0.07822
1.50877 -0.07907 -0.00114
1.54673 -0.08106 -0.08042
1.61540 -0.08466 -0.15421
1.71009 -0.08962 -0.21750
1.82435 -0.09561 -0.26597
1.95039 -0.10222 -0.29631
2.07963 -0.10899 -0.30645
2.20326 -0.11547 -0.29572
2.31284 -0.12121 -0.26483
2.40092 -0.12583 -0.21589
2.46149 -0.12900 -0.15224
3 0 24 25
3 0 25 1
3 1 25 26
3 1 26 2
3 2 26 27
3 2 27 3
3 3 27 28
3 3 28 4
3 4 28 29
3 4 29 5
3 5 29 30
3 5 30 6
3 6 30 31
3 6 31 7
3 7 31 32
3 7 32 8
3 8 32 33
3 8 33 9
3 9 33 34
3 9 34 10
3 10 34 35
3 10 35 11
3 11 35 36
3 11 36 12
3 12 36 37
3 12 37 13
3 13 37 38
3 13 38 14
3 14 38 39
3 14 39 15
3 15 39 40
3 15 40 16
3 16 40 41
3 16 41 17
3 17 41 42
3 17 42 18
3 18 42 43
3 18 43 19
3 19 43 44
3 19 44 20
3 20 44 45
3 20 45 21
3 21 45 46
3 21 46 22
3 22 46 47
3 22 47 23
3 23 47 24
3 23 24 0
3 24 48 49
3 24 49 25
3 25 49 50
3 25 50 26
3 26 50 51
3 26 51 27
3 27 51 52
3 27 52 28
3 28 52 53
3 28 53 29
3 29 53 54
3 29 54 30
3 30 54 55
3 30 55 31
3 31 55 56
3 31 56 32
3 32 56 57
3 32 57 33
3 33 57 58
3 33 58 34
3 34 58 59
3 34 59 35
3 35 59 60
3 35 60 36
3 36 60 61
3 36 61 37
3 37 61 62
3 37 62 38
3 38 62 63
3 38 63 39
3 39 63 64
3 39 64 40
3 40 64 65
3 40 65 41
3 41 65 66
3 41 66 42
3 42 66 67
3 42 67 43
3 43 67 68
3 43 68 44
3 44 68 69
3 44 69 45
3 45 69 70
3 45 70 46
3 46 70 71
3 46 71 47
3 47 71 48
3 47 48 24
3 48 72 73
3 48 73 49
3 49 73 74
3 49 74 50
3 50 74 75
3 50 75 51
3 51 75 76
3 51 76 52
3 52 76 77
3 52 77 53
3 53 77 78
3 53 78 54
3 54 78 79
3 54 79 55
3 55 79 80
3 55 80 56
3 56 80 81
3 56 81 57
3 57 81 82
3 57 82 58
3 58 82 83
3 58 83 59
3 59 83 84
3 59 84 60
3 60 84 85
3 60 85 61
3 61 85 86
3 61 86 62
3 62 86 87
3 62 87 63
3 63 87 88
3 63 88 64
3 64 88 89
3 64 89 65
3 65 89 90
3 65 90 66
3 66 90 91
3 66 91 67
3 67 91 92
3 67 92 68
3 68 92 93
3 68 93 69
3 69 93 94
3 69 94 70
3 70 94 95
3 70 95 71
3 71 95 72
3 71 72 48
3 72 96 97
3 72 97 73
3 73 97 98
3 73 98 74
3 74 98 99
3 74 99 75
3 75 99 100
3 75 100 76
3 76 100 101
3 76 101 77
3 77 101 102
3 77 102 78
3 78 102 103
3 78 103 79
3 79 103 104
3 79 104 80
3 80 104 105
3 80 105 81
3 81 105 106
3 81 106 82
3 82 106 107
3 82 107 83
3 83 107 108
3 83 108 84
3 84 108 109
3 84 109 85
3 85 109 110
3 85 110 86
3 86 110 111
3 86 111 87
3 87 111 112
3 87 112 88
3 88 112 113
3 88 113 89
3 89 113 114
3 89 114 90
3 90 114 115
3 90 115 91
3 91 115 116
3 91 116 92
3 92 116 117
3 92 117 93
3 93 117 118
3 93 118 94
3 94 118 119
3 94 119 95
3 95 119 96
3 95 96 72
3 96 120 121
3 96 121 97
3 97 121 122
3 97 122 98
3 98 122 123
3 98 123 99
3 99 123 124
3 99 124 100
3 100 124 125
3 100 125 101
3 101 125 126
3 101 126 102
3 102 126 127
3 102 127 103
3 103 127 128
3 103 128 104
3 104 128 129
3 104 129 105
3 105 129 130
3 105 130 106
3 106 130 131
3 106 131 107
3 107 131 132
3 107 132 108
3 108 132 133
3 108 133 109
3 109 133 134
3 109 134 110
3 110 134 135
3 110 135 111
3 111 135 136
3 111 136 112
3 112 136 137
3 112 137 113
3 113 137 138
3 113 138 114
3 114 138 139
3 114 139 115
3 115 139 140
3 115 140 116
3 116 140 141
3 116 141 117
3 117 141 142
3 117 142 118
3 118 142 143
3 118 143 119
3 119 143 120
3 119 120 96
3 120 144 145
3 120 145 121
3 121 145 146
3 121 146 122
3 122 146 147
3 122 147 123
3 123 147 148
3 123 148 124
3 124 148 149
3 124 149 125
3 125 149 150
3 125 150 126
3 126 150 151
3 126 151 127
3 127 151 152
3 127 152 128
3 128 152 153
3 128 153 129
3 129 153 154
3 129 154 130
3 130 154 155
3 130 155 131
3 131 155 156
3 131 156 132
3 132 156 157
3 132 157 133
3 133 157 158
3 133 158 134
3 134 158 159
3 134 159 135
3 135 159 160
3 135 160 136
3 136 160 161
3 136 161 137
3 137 161 162
3 137 162 138
3 138 162 163
3 138 163 139
3 139 163 164
3 139 164 140
3 140 164 165
3 140 165 141
3 141 165 166
3 141 166 142
3 142 166 167
3 142 167 143
3 143 167 144
3 143 144 120
3 144 168 169
3 144 169 145
3 145 169 170
3 145 170 146
3 146 170 171
3 146 171 147
3 147 171 172
3 147 172 148
3 148 172 173
3 148 173 149
3 149 173 174
3 149 174 150
3 150 174 175
3 150 175 151
3 151 175 176
3 151 176 152
3 152 176 177
3 152 177 153
3 153 177 178
3 153 178 154
3 154 178 179
3 154 179 155
3 155 179 180
3 155 180 156
3 156 180 181
3 156 181 157
3 157 181 182
3 157 182 158
3 158 182 183
3 158 183 159
3 159 183 184
3 159 184 160
3 160 184 185
3 160 185 161
3 161 185 186
3 161 186 162
3 162 186 187
3 162 187 163
3 163 187 188
3 163 188 164
3 164 188 189
3 164 189 165
3 165 189 190
3 165 190 166
3 166 190 191
3 166 191 167
3 167 191 168
3 167 168 144
3 168 192 193
3 168 193 169
3 169 193 194
3 169 194 170
3 170 194 195
3 170 195 171
3 171 195 196
3 171 196 172
3 172 196 197
3 172 197 173
3 173 197 198
3 173 198 174
3 174 198 199
3 174 199 175
3 175 199 200
3 175 200 176
3 176 200 201
3 176 201 177
3 177 201 202
3 177 202 178
3 178 202 203
3 178 203 179
3 179 203 204
3 179 204 180
3 180 204 205
3 180 205 181
3 181 205 206
3 181 206 182
3 182 206 207
3 182 207 183
3 183 207 208
3 183 208 184
3 184 208 209
3 184 209 185
3 185 209 210
3 185 210 186
3 186 210 211
3 186 211 187
3 187 211 212
3 187 212 188
3 188 212 213
3 188 213 189
3 189 213 214
3 189 214 190
3 190 214 215
3 190 215 191
3 191 215 192
3 191 192 168
3 192 216 217
3 192 217 193
3 193 217 218
3 193 218 194
3 194 218 219
3 194 219 195
3 195 219 220
3 195 220 196
3 196 220 221
3 196 221 197
3 197 221 222
3 197 222 198
3 198 222 223
3 198 223 199
3 199 223 224
3 199 224 200
3 200 224 225
3 200 225 201
3 201 225 226
3 201 226 202
3 202 226 227
3 202 227 203
3 203 227 228
3 203 228 204
3 204 228 229
3 204 229 205
3 205 229 230
3 205 230 206
3 206 230 231
3 206 231 207
3 207 231 232
3 207 232 208
3 208 232 233
3 208 233 209
3 209 233 234
3 209 234 210
3 210 234 235
3 210 235 211
3 211 235 236
3 211 236 212
3 212 236 237
3 212 237 213
3 213 237 238
3 213 238 214
3 214 238 239
3 214 239 215
3 215 239 216
3 215 216 192
3 216 240 241
3 216 241 217
3 217 241 242
3 217 242 218
3 218 242 243
3 218 243 219
3 219 243 244
3 219 244 220
3 220 244 245
3 220 245 221
3 221 245 246
3 221 246 222
3 222 246 247
3 222 247 223
3 223 247 248
3 223 248 224
3 224 248 249
3 224 249 225
3 225 249 250
3 225 250 226
3 226 250 251
3 226 251 227
3 227 251 252
3 227 252 228
3 228 252 253
3 228 253 229
3 229 253 254
3 229 254 230
3 230 254 255
3 230 255 231
3 231 255 256
3 231 256 232
3 232 256 257
3 232 257 233
3 233 257 258
3 233 258 234
3 234 258 259
3 234 259 235
3 235 259 260
3 235 260 236
3 236 260 261
3 236 261 237
3 237 261 262
3 237 262 238
3 238 262 263
3 238 263 239
3 239 263 240
3 239 240 216
3 240 264 265
3 240 265 241
3 241 265 266
3 241 266 242
3 242 266 267
3 242 267 243
3 243 267 268
3 243 268 244
3 244 268 269
3 244 269 245
3 245 269 270
3 245 270 246
3 246 270 271
3 246 271 247
3 247 271 272
3 247 272 248
3 248 272 273
3 248 273 249
3 249 273 274
3 249 274 250
3 250 274 275
3 250 275 251
3 251 275 276
3 251 276 252
3 252 276 277
3 252 277 253
3 253 277 278
3 253 278 254
3 254 278 279
3 254 279 255
3 255 279 280
3 255 280 256
3 256 280 281
3 256 281 257
3 257 281 282
3 257 282 258
3 258 282 283
3 258 283 259
3 259 283 284
3 259 284 260
3 260 284 285
3 260 285 261
3 261 285 286
3 261 286 262
3 262 286 287
3 262 287 263
3 263 287 264
3 263 264 240
3 264 288 289
3 264 289 265
3 265 289 290
3 265 290 266
3 266 290 291
3 266 291 267
3 267 291 292
3 267 292 268
3 268 292 293
3 268 293 269
3 269 293 294
3 269 294 270
3 270 294 295
3 270 295 271
3 271 295 296
3 271 296 272
3 272 296 297
3 272 297 273
3 273 297 298
3 273 298 274
3 274 298 299
3 274 299 275
3 275 299 300
3 275 300 276
3 276 300 301
3 276 301 277
3 277 301 302
3 277 302 278
3 278 302 303
3 278 303 279
3 279 303 304
3 279 304 280
3 280 304 305
3 280 305 281
3 281 305 306
3 281 306 282
3 282 306 307
3 282 307 283
3 283 307 308
3 283 308 284
3 284 308 309
3 284 309 285
3 285 309 310
3 285 310 286
3 286 310 311
3 286 311 287
3 287 311 288
3 287 288 264
3 288 312 313
3 288 313 289
3 289 313 314
3 289 314 290
3 290 314 315
3 290 315 291
3 291 315 316
3 291 316 292
3 292 316 317
3 292 317 293
3 293 317 318
3 293 318 294
3 294 318 319
3 294 319 295
3 295 319 320
3 295 320 296
3 296 320 321
3 296 321 297
3 297 321 322
3 297 322 298
3 298 322 323
3 298 323 299
3 299 323 324
3 299 324 300
3 300 324 325
3 300 325 301
3 301 325 326
3 301 326 302
3 302 326 327
3 302 327 303
3 303 327 328
3 303 328 304
3 304 328 329
3 304 329 305
3 305 329 330
3 305 330 306
3 306 330 331
3 306 331 307
3 307 331 332
3 307 332 308
3 308 332 333
3 308 333 309
3 309 333 334
3 309 334 310
3 310 334 335
3 310 335 311
3 311 335 312
3 311 312 288
3 312 336 337
3 312 337 313
3 313 337 338
3 313 338 314
3 314 338 339
3 314 339 315
3 315 339 340
3 315 340 316
3 316 340 341
3 316 341 317
3 317 341 342
3 317 342 318
3 318 342 343
3 318 343 319
3 319 343 344
3 319 344 320
3 320 344 345
3 320 345 321
3 321 345 346
3 321 346 322
3 322 346 347
3 322 347 323
3 323 347 348
3 323 348 324
3 324 348 349
3 324 349 325
3 325 349 350
3 325 350 326
3 326 350 351
3 326 351 327
3 327 351 352
3 327 352 328
3 328 352 353
3 328 353 329
3 329 353 354
3 329 354 330
3 330 354 355
3 330 355 331
3 331 355 356
3 331 356 332
3 332 356 357
3 332 357 333
3 333 357 358
3 333 358 334
3 334 358 359
3 334 359 335
3 335 359 336
3 335 336 312
3 336 360 361
3 336 361 337
3 337 361 362
3 337 362 338
3 338 362 363
3 338 363 339
3 339 363 364
3 339 364 340
3 340 364 365
3 340 365 341
3 341 365 366
3 341 366 342
3 342 366 367
3 342 367 343
3 343 367 368
3 343 368 344
3 344 368 369
3 344 369 345
3 345 369 370
3 345 370 346
3 346 370 371
3 346 371 347
3 347 371 372
3 347 372 348
3 348 372 373
3 348 373 349
3 349 373 374
3 349 374 350
3 350 374 375
3 350 375 351
3 351 375 376
3 351 376 352
3 352 376 377
3 352 377 353
3 353 377 378
3 353 378 354
3 354 378 379
3 354 379 355
3 355 379 380
3 355 380 356
3 356 380 381
3 356 381 357
3 357 381 382
3 357 382 358
3 358 382 383
3 358 383 359
3 359 383 360
3 359 360 336
3 360 384 385
3 360 385 361
3 361 385 386
3 361 386 362
3 362 386 387
3 362 387 363
3 363 387 388
3 363 388 364
3 364 388 389
3 364 389 365
3 365 389 390
3 365 390 366
3 366 390 391
3 366 391 367
3 367 391 392
3 367 392 368
3 368 392 393
3 368 393 369
3 369 393 394
3 369 394 370
3 370 394 395
3 370 395 371
3 371 395 396
3 371 396 372
3 372 396 397
3 372 397 373
3 373 397 398
3 373 398 374
3 374 398 399
3 374 399 375
3 375 399 400
3 375 400 376
3 376 400 401
3 376 401 377
3 377 401 402
3 377 402 378
3 378 402 403
3 378 403 379
3 379 403 404
3 379 404 380
3 380 404 405
3 380 405 381
3 381 405 406
3 381 406 382
3 382 406 407
3 382 407 383
3 383 407 384
3 383 384 360
3 384 408 409
3 384 409 385
3 385 409 410
3 385 410 386
3 386 410 411
3 386 411 387
3 387 411 412
3 387 412 388
3 388 412 413
3 388 413 389
3 389 413 414
3 389 414 390
3 390 414 415
3 390 415 391
3 391 415 416
3 391 416 392
3 392 416 417
3 392 417 393
3 393 417 418
3 393 418 394
3 394 418 419
3 394 419 395
3 395 419 420
3 395 420 396
3 396 420 421
3 396 421 397
3 397 421 422
3 397 422 398
3 398 422 423
3 398 423 399
3 399 423 424
3 399 424 400
3 400 424 425
3 400 425 401
3 401 425 426
3 401 426 402
3 402 426 427
3 402 427 403
3 403 427 428
3 403 428 404
3 404 428 429
3 404 429 405
3 405 429 430
3 405 430 406
3 406 430 431
3 406 431 407
3 407 431 408
3 407 408 384
3 408 432 433
3 408 433 409
3 409 433 434
3 409 434 410
3 410 434 435
3 410 435 411
3 411 435 436
3 411 436 412
3 412 436 437
3 412 437 413
3 413 437 438
3 413 438 414
3 414 438 439
3 414 439 415
3 415 439 440
3 415 440 416
3 416 440 441
3 416 441 417
3 417 441 442
3 417 442 418
3 418 442 443
3 418 443 419
3 419 443 444
3 419 444 420
3 420 444 445
3 420 445 421
3 421 445 446
3 421 446 422
3 422 446 447
3 422 447 423
3 423 447 448
3 423 448 424
3 424 448 449
3 424 449 425
3 425 449 450
3 425 450 426
3 426 450 451
3 426 451 427
3 427 451 452
3 427 452 428
3 428 452 453
3 428 453 429
3 429 453 454
3 429 454 430
3 430 454 455
3 430 455 431
3 431 455 432
3 431 432 408
3 432 456 457
3 432 457 433
3 433 457 458
3 433 458 434
3 434 458 459
3 434 459 435
3 435 459 460
3 435 460 436
3 436 460 461
3 436 461 437
3 437 461 462
3 437 462 438
3 438 462 463
3 438 463 439
3 439 463 464
3 439 464 440
3 440 464 465
3 440 465 441
3 441 465 466
3 441 466 442
3 442 466 467
3 442 467 443
3 443 467 468
3 443 468 444
3 444 468 469
3 444 469 445
3 445 469 470
3 445 470 446
3 446 470 471
3 446 471 447
3 447 471 472
3 447 472 448
3 448 472 473
3 448 473 449
3 449 473 474
3 449 474 450
3 450 474 475
3 450 475 451
3 451 475 476
3 451 476 452
3 452 476 477
3 452 477 453
3 453 477 478
3 453 478 454
3 454 478 479
3 454 479 455
3 455 479 456
3 455 456 432
3 456 480 481
3 456 481 457
3 457 481 482
3 457 482 458
3 458 482 483
3 458 483 459
3 459 483 484
3 459 484 460
3 460 484 485
3 460 485 461
3 461 485 486
3 461 486 462
3 462 486 487
3 462 487 463
3 463 487 488
3 463 488 464
3 464 488 489
3 464 489 465
3 465 489 490
3 465 490 466
3 466 490 491
3 466 491 467
3 467 491 492
3 467 492 468
3 468 492 493
3 468 493 469
3 469 493 494
3 469 494 470
3 470 494 495
3 470 495 471
3 471 495 496
3 471 496 472
3 472 496 497
3 472 497 473
3 473 497 498
3 473 498 474
3 474 498 499
3 474 499 475
3 475 499 500
3 475 500 476
3 476 500 501
3 476 501 477
3 477 501 502
3 477 502 478
3 478 502 503
3 478 503 479
3 479 503 480
3 479 480 456
3 480 504 505
3 480 505 481
3 481 505 506
3 481 506 482
3 482 506 507
3 482 507 483
3 483 507 508
3 483 508 484
3 484 508 509
3 484 509 485
3 485 509 510
3 485 510 486
3 486 510 511
3 486 511 487
3 487 511 512
3 487 512 488
3 488 512 513
3 488 513 489
3 489 513 514
3 489 514 490
3 490 514 515
3 490 515 491
3 491 515 516
3 491 516 492
3 492 516 517
3 492 517 493
3 493 517 518
3 493 518 494
3 494 518 519
3 494 519 495
3 495 519 520
3 495 520 496
3 496 520 521
3 496 521 497
3 497 521 522
3 497 522 498
3 498 522 523
3 498 523 499
3 499 523 524
3 499 524 500
3 500 524 525
3 500 525 501
3 501 525 526
3 501 526 502
3 502 526 527
3 502 527 503
3 503 527 504
3 503 504 480
3 504 528 529
3 504 529 505
3 505 529 530
3 505 530 506
3 506 530 531
3 506 531 507
3 507 531 532
3 507 532 508
3 508 532 533
3 508 533 509
3 509 533 534
3 509 534 510
3 510 534 535
3 510 535 511
3 511 535 536
3 511 536 512
3 512 536 537
3 512 537 513
3 513 537 538
3 513 538 514
3 514 538 539
3 514 539 515
3 515 539 540
3 515 540 516
3 516 540 541
3 516 541 517
3 517 541 542
3 517 542 518
3 518 542 543
3 518 543 519
3 519 543 544
3 519 544 520
3 520 544 545
3 520 545 521
3 521 545 546
3 521 546 522
3 522 546 547
3 522 547 523
3 523 547 548
3 523 548 524
3 524 548 549
3 524 549 525
3 525 549 550
3 525 550 526
3 526 550 551
3 526 551 527
3 527 551 528
3 527 528 504
3 528 552 553
3 528 553 529
3 529 553 554
3 529 554 530
3 530 554 555
3 530 555 531
3 531 555 556
3 531 556 532
3 532 556 557
3 532 557 533
3 533 557 558
3 533 558 534
3 534 558 559
3 534 559 535
3 535 559 560
3 535 560 536
3 536 560 561
3 536 561 537
3 537 561 562
3 537 562 538
3 538 562 563
3 538 563 539
3 539 563 564
3 539 564 540
3 540 564 565
3 540 565 541
3 541 565 566
3 541 566 542
3 542 566 567
3 542 567 543
3 543 567 568
3 543 568 544
3 544 568 569
3 544 569 545
3 545 569 570
3 545 570 546
3 546 570 571
3 546 571 547
3 547 571 572
3 547 572 548
3 548 572 573
3 548 573 549
3 549 573 574
3 549 574 550
3 550 574 575
3 550 575 551
3 551 575 552
3 551 552 528
3 552 576 577
3 552 577 553
3 553 577 578
3 553 578 554
3 554 578 579
3 554 579 555
3 555 579 580
3 555 580 556
3 556 580 581
3 556 581 557
3 557 581 582
3 557 582 558
3 558 582 583
3 558 583 559
3 559 583 584
3 559 584 560
3 560 584 585
3 560 585 561
3 561 585 586
3 561 586 562
3 562 586 587
3 562 587 563
3 563 587 588
3 563 588 564
3 564 588 589
3 564 589 565
3 565 589 590
3 565 590 566
3 566 590 591
3 566 591 567
3 567 591 592
3 567 592 568
3 568 592 593
3 568 593 569
3 569 593 594
3 569 594 570
3 570 594 595
3 570 595 571
3 571 595 596
3 571 596 572
3 572 596 597
3 572 597 573
3 573 597 598
3 573 598 574
3 574 598 599
3 574 599 575
3 575 599 576
3 575 576 552
3 576 600 601
3 576 601 577
3 577 601 602
3 577 602 578
3 578 602 603
3 578 603 579
3 579 603 604
3 579 604 580
3 580 604 605
3 580 605 581
3 581 605 606
3 581 606 582
3 582 606 607
3 582 607 583
3 583 607 608
3 583 608 584
3 584 608 609
3 584 609 585
3 585 609 610
3 585 610 586
3 586 610 611
3 586 611 587
3 587 611 612
3 587 612 588
3 588 612 613
3 588 613 589
3 589 613 614
3 589 614 590
3 590 614 615
3 590 615 591
3 591 615 616
3 591 616 592
3 592 616 617
3 592 617 593
3 593 617 618
3 593 618 594
3 594 618 619
3 594 619 595
3 595 619 620
3 595 620 596
3 596 620 621
3 596 621 597
3 597 621 622
3 597 622 598
3 598 622 623
3 598 623 599
3 599 623 600
3 599 600 576
3 600 624 625
3 600 625 601
3 601 625 626
3 601 626 602
3 602 626 627
3 602 627 603
3 603 627 628
3 603 628 604
3 604 628 629
3 604 629 605
3 605 629 630
3 605 630 606
3 606 630 631
3 606 631 607
3 607 631 632
3 607 632 608
3 608 632 633
3 608 633 609
3 609 633 634
3 609 634 610
3 610 634 635
3 610 635 611
3 611 635 636
3 611 636 612
3 612 636 637
3 612 637 613
3 613 637 638
3 613 638 614
3 614 638 639
3 614 639 615
3 615 639 640
3 615 640 616
3 616 640 641
3 616 641 617
3 617 641 642
3 617 642 618
3 618 642 643
3 618 643 619
3 619 643 644
3 619 644 620
3 620 644 645
3 620 645 621
3 621 645 646
3 621 646 622
3 622 646 647
3 622 647 623
3 623 647 624
3 623 624 600
3 624 648 649
3 624 649 625
3 625 649 650
3 625 650 626
3 626 650 651
3 626 651 627
3 627 651 652
3 627 652 628
3 628 652 653
3 628 653 629
3 629 653 654
3 629 654 630
3 630 654 655
3 630 655 631
3 631 655 656
3 631 656 632
3 632 656 657
3 632 657 633
3 633 657 658
3 633 658 634
3 634 658 659
3 634 659 635
3 635 659 660
3 635 660 636
3 636 660 661
3 636 661 637
3 637 661 662
3 637 662 638
3 638 662 663
3 638 663 639
3 639 663 664
3 639 664 640
3 640 664 665
3 640 665 641
3 641 665 666
3 641 666 642
3 642 666 667
3 642 667 643
3 643 667 668
3 643 668 644
3 644 668 669
3 644 669 645
3 645 669 670
3 645 670 646
3 646 670 671
3 646 671 647
3 647 671 648
3 647 648 624
3 648 672 673
3 648 673 649
3 649 673 674
3 649 674 650
3 650 674 675
3 650 675 651
3 651 675 676
3 651 676 652
3 652 676 677
3 652 677 653
3 653 677 678
3 653 678 654
3 654 678 679
3 654 679 655
3 655 679 680
3 655 680 656
3 656 680 681
3 656 681 657
3 657 681 682
3 657 682 658
3 658 682 683
3 658 683 659
3 659 683 684
3 659 684 660
3 660 684 685
3 660 685 661
3 661 685 686
3 661 686 662
3 662 686 687
3 662 687 663
3 663 687 688
3 663 688 664
3 664 688 689
3 664 689 665
3 665 689 690
3 665 690 666
3 666 690 691
3 666 691 667
3 667 691 692
3 667 692 668
3 668 692 693
3 668 693 669
3 669 693 694
3 669 694 670
3 670 694 695
3 670 695 671
3 671 695 672
3 671 672 648
3 672 696 697
3 672 697 673
3 673 697 698
3 673 698 674
3 674 698 699
3 674 699 675
3 675 699 700
3 675 700 676
3 676 700 701
3 676 701 677
3 677 701 702
3 677 702 678
3 678 702 703
3 678 703 679
3 679 703 704
3 679 704 680
3 680 704 705
3 680 705 681
3 681 705 706
3 681 706 682
3 682 706 707
3 682 707 683
3 683 707 708
3 683 708 684
3 684 708 709
3 684 709 685
3 685 709 710
3 685 710 686
3 686 710 711
3 686 711 687
3 687 711 712
3 687 712 688
3 688 712 713
3 688 713 689
3 689 713 714
3 689 714 690
3 690 714 715
3 690 715 691
3 691 715 716
3 691 716 692
3 692 716 717
3 692 717 693
3 693 717 718
3 693 718 694
3 694 718 719
3 694 719 695
3 695 719 696
3 695 696 672
3 696 720 721
3 696 721 697
3 697 721 722
3 697 722 698
3 698 722 723
3 698 723 699
3 699 723 724
3 699 724 700
3 700 724 725
3 700 725 701
3 701 725 726
3 701 726 702
3 702 726 727
3 702 727 703
3 703 727 728
3 703 728 704
3 704 728 729
3 704 729 705
3 705 729 730
3 705 730 706
3 706 730 731
3 706 731 707
3 707 731 732
3 707 732 708
3 708 732 733
3 708 733 709
3 709 733 734
3 709 734 710
3 710 734 735
3 710 735 711
3 711 735 736
3 711 736 712
3 712 736 737
3 712 737 713
3 713 737 738
3 713 738 714
3 714 738 739
3 714 739 715
3 715 739 740
3 715 740 716
3 716 740 741
3 716 741 717
3 717 741 742
3 717 742 718
3 718 742 743
3 718 743 719
3 719 743 720
3 719 720 696
3 720 744 745
3 720 745 721
3 721 745 746
3 721 746 722
3 722 746 747
3 722 747 723
3 723 747 748
3 723 748 724
3 724 748 749
3 724 749 725
3 725 749 750
3 725 750 726
3 726 750 751
3 726 751 727
3 727 751 752
3 727 752 728
3 728 752 753
3 728 753 729
3 729 753 754
3 729 754 730
3 730 754 755
3 730 755 731
3 731 755 756
3 731 756 732
3 732 756 757
3 732 757 733
3 733 757 758
3 733 758 734
3 734 758 759
3 734 759 735
3 735 759 760
3 735 760 736
3 736 760 761
3 736 761 737
3 737 761 762
3 737 762 738
3 738 762 763
3 738 763 739
3 739 763 764
3 739 764 740
3 740 764 765
3 740 765 741
3 741 765 766
3 741 766 742
3 742 766 767
3 742 767 743
3 743 767 744
3 743 744 720
3 744 768 769
3 744 769 745
3 745 769 770
3 745 770 746
3 746 770 771
3 746 771 747
3 747 771 772
3 747 772 748
3 748 772 773
3 748 773 749
3 749 773 774
3 749 774 750
3 750 774 775
3 750 775 751
3 751 775 776
3 751 776 752
3 752 776 777
3 752 777 753
3 753 777 778
3 753 778 754
3 754 778 779
3 754 779 755
3 755 779 780
3 755 780 756
3 756 780 781
3 756 781 757
3 757 781 782
3 757 782 758
3 758 782 783
3 758 783 759
3 759 783 784
3 759 784 760
3 760 784 785
3 760 785 761
3 761 785 786
3 761 786 762
3 762 786 787
3 762 787 763
3 763 787 788
3 763 788 764
3 764 788 789
3 764 789 765
3 765 789 790
3 765 790 766
3 766 790 791
3 766 791 767
3 767 791 768
3 767 768 744
3 768 792 793
3 768 793 769
3 769 793 794
3 769 794 770
3 770 794 795
3 770 795 771
3 771 795 796
3 771 796 772
3 772 796 797
3 772 797 773
3 773 797 798
3 773 798 774
3 774 798 799
3 774 799 775
3 775 799 800
3 775 800 776
3 776 800 801
3 776 801 777
3 777 801 802
3 777 802 778
3 778 802 803
3 778 803 779
3 779 803 804
3 779 804 780
3 780 804 805
3 780 805 781
3 781 805 806
3 781 806 782
3 782 806 807
3 782 807 783
3 783 807 808
3 783 808 784
3 784 808 809
3 784 809 785
3 785 809 810
3 785 810 786
3 786 810 811
3 786 811 787
3 787 811 812
3 787 812 788
3 788 812 813
3 788 813 789
3 789 813 814
3 789 814 790
3 790 814 815
3 790 815 791
3 791 815 792
3 791 792 768
3 792 816 817
3 792 817 793
3 793 817 818
3 793 818 794
3 794 818 819
3 794 819 795
3 795 819 820
3 795 820 796
3 796 820 821
3 796 821 797
3 797 821 822
3 797 822 798
3 798 822 823
3 798 823 799
3 799 823 824
3 799 824 800
3 800 824 825
3 800 825 801
3 801 825 826
3 801 826 802
3 802 826 827
3 802 827 803
3 803 827 828
3 803 828 804
3 804 828 829
3 804 829 805
3 805 829 830
3 805 830 806
3 806 830 831
3 806 831 807
3 807 831 832
3 807 832 808
3 808 832 833
3 808 833 809
3 809 833 834
3 809 834 810
3 810 834 835
3 810 835 811
3 811 835 836
3 811 836 812
3 812 836 837
3 812 837 813
3 813 837 838
3 813 838 814
3 814 838 839
3 814 839 815
3 815 839 816
3 815 816 792
3 816 840 841
3 816 841 817
3 817 841 842
3 817 842 818
3 818 842 843
3 818 843 819
3 819 843 844
3 819 844 820
3 820 844 845
3 820 845 821
3 821 845 846
3 821 846 822
3 822 846 847
3 822 847 823
3 823 847 848
3 823 848 824
3 824 848 849
3 824 849 825
3 825 849 850
3 825 850 826
3 826 850 851
3 826 851 827
3 827 851 852
3 827 852 828
3 828 852 853
3 828 853 829
3 829 853 854
3 829 854 830
3 830 854 855
3 830 855 831
3 831 855 856
3 831 856 832
3 832 856 857
3 832 857 833
3 833 857 858
3 833 858 834
3 834 858 859
3 834 859 835
3 835 859 860
3 835 860 836
3 836 860 861
3 836 861 837
3 837 861 862
3 837 862 838
3 838 862 863
3 838 863 839
3 839 863 840
3 839 840 816
3 840 864 865
3 840 865 841
3 841 865 866
3 841 866 842
3 842 866 867
3 842 867 843
3 843 867 868
3 843 868 844
3 844 868 869
3 844 869 845
3 845 869 870
3 845 870 846
3 846 870 871
3 846 871 847
3 847 871 872
3 847 872 848
3 848 872 873
3 848 873 849
3 849 873 874
3 849 874 850
3 850 874 875
3 850 875 851
3 851 875 876
3 851 876 852
3 852 876 877
3 852 877 853
3 853 877 878
3 853 878 854
3 854 878 879
3 854 879 855
3 855 879 880
3 855 880 856
3 856 880 881
3 856 881 857
3 857 881 882
3 857 882 858
3 858 882 883
3 858 883 859
3 859 883 884
3 859 884 860
3 860 884 885
3 860 885 861
3 861 885 886
3 861 886 862
3 862 886 887
3 862 887 863
3 863 887 864
3 863 864 840
3 864 888 889
3 864 889 865
3 865 889 890
3 865 890 866
3 866 890 891
3 866 891 867
3 867 891 892
3 867 892 868
3 868 892 893
3 868 893 869
3 869 893 894
3 869 894 870
3 870 894 895
3 870 895 871
3 871 895 896
3 871 896 872
3 872 896 897
3 872 897 873
3 873 897 898
3 873 898 874
3 874 898 899
3 874 899 875
3 875 899 900
3 875 900 876
3 876 900 901
3 876 901 877
3 877 901 902
3 877 902 878
3 878 902 903
3 878 903 879
3 879 903 904
3 879 904 880
3 880 904 905
3 880 905 881
3 881 905 906
3 881 906 882
3 882 906 907
3 882 907 883
3 883 907 908
3 883 908 884
3 884 908 909
3 884 909 885
3 885 909 910
3 885 910 886
3 886 910 911
3 886 911 887
3 887 911 888
3 887 888 864
3 888 912 913
3 888 913 889
3 889 913 914
3 889 914 890
3 890 914 915
3 890 915 891
3 891 915 916
3 891 916 892
3 892 916 917
3 892 917 893
3 893 917 918
3 893 918 894
3 894 918 919
3 894 919 895
3 895 919 920
3 895 920 896
3 896 920 921
3 896 921 897
3 897 921 922
3 897 922 898
3 898 922 923
3 898 923 899
3 899 923 924
3 899 924 900
3 900 924 925
3 900 925 901
3 901 925 926
3 901 926 902
3 902 926 927
3 902 927 903
3 903 927 928
3 903 928 904
3 904 928 929
3 904 929 905
3 905 929 930
3 905 930 906
3 906 930 931
3 906 931 907
3 907 931 932
3 907 932 908
3 908 932 933
3 908 933 909
3 909 933 934
3 909 934 910
3 910 934 935
3 910 935 911
3 911 935 912
3 911 912 888
3 912 936 937
3 912 937 913
3 913 937 938
3 913 938 914
3 914 938 939
3 914 939 915
3 915 939 940
3 915 940 916
3 916 940 941
3 916 941 917
3 917 941 942
3 917 942 918
3 918 942 943
3 918 943 919
3 919 943 944
3 919 944 920
3 920 944 945
3 920 945 921
3 921 945 946
3 921 946 922
3 922 946 947
3 922 947 923
3 923 947 948
3 923 948 924
3 924 948 949
3 924 949 925
3 925 949 950
3 925 950 926
3 926 950 951
3 926 951 927
3 927 951 952
3 927 952 928
3 928 952 953
3 928 953 929
3 929 953 954
3 929 954 930
3 930 954 955
3 930 955 931
3 931 955 956
3 931 956 932
3 932 956 957
3 932 957 933
3 933 957 958
3 933 958 934
3 934 958 959
3 934 959 935
3 935 959 936
3 935 936 912
3 936 960 961
3 936 961 937
3 937 961 962
3 937 962 938
3 938 962 963
3 938 963 939
3 939 963 964
3 939 964 940
3 940 964 965
3 940 965 941
3 941 965 966
3 941 966 942
3 942 966 967
3 942 967 943
3 943 967 968
3 943 968 944
3 944 968 969
3 944 969 945
3 945 969 970
3 945 970 946
3 946 970 971
3 946 971 947
3 947 971 972
3 947 972 948
3 948 972 973
3 948 973 949
3 949 973 974
3 949 974 950
3 950 974 975
3 950 975 951
3 951 975 976
3 951 976 952
3 952 976 977
3 952 977 953
3 953 977 978
3 953 978 954
3 954 978 979
3 954 979 955
3 955 979 980
3 955 980 956
3 956 980 981
3 956 981 957
3 957 981 982
3 957 982 958
3 958 982 983
3 958 983 959
3 959 983 960
3 959 960 936
3 960 984 985
3 960 985 961
3 961 985 986
3 961 986 962
3 962 986 987
3 962 987 963
3 963 987 988
3 963 988 964
3 964 988 989
3 964 989 965
3 965 989 990
3 965 990 966
3 966 990 991
3 966 991 967
3 967 991 992
3 967 992 968
3 968 992 993
3 968 993 969
3 969 993 994
3 969 994 970
3 970 994 995
3 970 995 971
3 971 995 996
3 971 996 972
3 972 996 997
3 972 997 973
3 973 997 998
3 973 998 974
3 974 998 999
3 974 999 975
3 975 999 1000
3 975 1000 976
3 976 1000 1001
3 976 1001 977
3 977 1001 1002
3 977 1002 978
3 978 1002 1003
3 978 1003 979
3 979 1003 1004
3 979 1004 980
3 980 1004 1005
3 980 1005 981
3 981 1005 1006
3 981 1006 982
3 982 1006 1007
3 982 1007 983
3 983 1007 984
3 983 984 960
3 984 1008 1009
3 984 1009 985
3 985 1009 1010
3 985 1010 986
3 986 1010 1011
3 986 1011 987
3 987 1011 1012
3 987 1012 988
3 988 1012 1013
3 988 1013 989
3 989 1013 1014
3 989 1014 990
3 990 1014 1015
3 990 1015 991
3 991 1015 1016
3 991 1016 992
3 992 1016 1017
3 992 1017 993
3 993 1017 1018
3 993 1018 994
3 994 1018 1019
3 994 1019 995
3 995 1019 1020
3 995 1020 996
3 996 1020 1021
3 996 1021 997
3 997 1021 1022
3 997 1022 998
3 998 1022 1023
3 998 1023 999
3 999 1023 1024
3 999 1024 1000
3 1000 1024 1025
3 1000 1025 1001
3 1001 1025 1026
3 1001 1026 1002
3 1002 1026 1027
3 1002 1027 1003
3 1003 1027 1028
3 1003 1028 1004
3 1004 1028 1029
3 1004 1029 1005
3 1005 1029 1030
3 1005 1030 1006
3 1006 1030 1031
3 1006 1031 1007
3 1007 1031 1008
3 1007 1008 984
3 1008 1032 1033
3 1008 1033 1009
3 1009 1033 1034
3 1009 1034 1010
3 1010 1034 1035
3 1010 1035 1011
3 1011 1035 1036
3 1011 1036 1012
3 1012 1036 1037
3 1012 1037 1013
3 1013 1037 1038
3 1013 1038 1014
3 1014 1038 1039
3 1014 1039 1015
3 1015 1039 1040
3 1015 1040 1016
3 1016 1040 1041
3 1016 1041 1017
3 1017 1041 1042
3 1017 1042 1018
3 1018 1042 1043
3 1018 1043 1019
3 1019 1043 1044
3 1019 1044 1020
3 1020 1044 1045
3 1020 1045 1021
3 1021 1045 1046
3 1021 1046 1022
3 1022 1046 1047
3 1022 1047 1023
3 1023 1047 1048
3 1023 1048 1024
3 1024 1048 1049
3 1024 1049 1025
3 1025 1049 1050
3 1025 1050 1026
3 1026 1050 1051
3 1026 1051 1027
3 1027 1051 1052
3 1027 1052 1028
3 1028 1052 1053
3 1028 1053 1029
3 1029 1053 1054
3 1029 1054 1030
3 1030 1054 1055
3 1030 1055 1031
3 1031 1055 1032
3 1031 1032 1008
3 1032 1056 1057
3 1032 1057 1033
3 1033 1057 1058
3 1033 1058 1034
3 1034 1058 1059
3 1034 1059 1035
3 1035 1059 1060
3 1035 1060 1036
3 1036 1060 1061
3 1036 1061 1037
3 1037 1061 1062
3 1037 1062 1038
3 1038 1062 1063
3 1038 1063 1039
3 1039 1063 1064
3 1039 1064 1040
3 1040 1064 1065
3 1040 1065 1041
3 1041 1065 1066
3 1041 1066 1042
3 1042 1066 1067
3 1042 1067 1043
3 1043 1067 1068
3 1043 1068 1044
3 1044 1068 1069
3 1044 1069 1045
3 1045 1069 1070
3 1045 1070 1046
3 1046 1070 1071
3 1046 1071 1047
3 1047 1071 1072
3 1047 1072 1048
3 1048 1072 1073
3 1048 1073 1049
3 1049 1073 1074
3 1049 1074 1050
3 1050 1074 1075
3 1050 1075 1051
3 1051 1075 1076
3 1051 1076 1052
3 1052 1076 1077
3 1052 1077 1053
3 1053 1077 1078
3 1053 1078 1054
3 1054 1078 1079
3 1054 1079 1055
3 1055 1079 1056
3 1055 1056 1032
3 1056 1080 1081
3 1056 1081 1057
3 1057 1081 1082
3 1057 1082 1058
3 1058 1082 1083
3 1058 1083 1059
3 1059 1083 1084
3 1059 1084 1060
3 1060 1084 1085
3 1060 1085 1061
3 1061 1085 1086
3 1061 1086 1062
3 1062 1086 1087
3 1062 1087 1063
3 1063 1087 1088
3 1063 1088 1064
3 1064 1088 1089
3 1064 1089 1065
3 1065 1089 1090
3 1065 1090 1066
3 1066 1090 1091
3 1066 1091 1067
3 1067 1091 1092
3 1067 1092 1068
3 1068 1092 1093
3 1068 1093 1069
3 1069 1093 1094
3 1069 1094 1070
3 1070 1094 1095
3 1070 1095 1071
3 1071 1095 1096
3 1071 1096 1072
3 1072 1096 1097
3 1072 1097 1073
3 1073 1097 1098
3 1073 1098 1074
3 1074 1098 1099
3 1074 1099 1075
3 1075 1099 1100
3 1075 1100 1076
3 1076 1100 1101
3 1076 1101 1077
3 1077 1101 1102
3 1077 1102 1078
3 1078 1102 1103
3 1078 1103 1079
3 1079 1103 1080
3 1079 1080 1056
3 1080 1104 1105
3 1080 1105 1081
3 1081 1105 1106
3 1081 1106 1082
3 1082 1106 1107
3 1082 1107 1083
3 1083 1107 1108
3 1083 1108 1084
3 1084 1108 1109
3 1084 1109 1085
3 1085 1109 1110
3 1085 1110 1086
3 1086 1110 1111
3 1086 1111 1087
3 1087 1111 1112
3 1087 1112 1088
3 1088 1112 1113
3 1088 1113 1089
3 1089 1113 1114
3 1089 1114 1090
3 1090 1114 1115
3 1090 1115 1091
3 1091 1115 1116
3 1091 1116 1092
3 1092 1116 1117
3 1092 1117 1093
3 1093 1117 1118
3 1093 1118 1094
3 1094 1118 1119
3 1094 1119 1095
3 1095 1119 1120
3 1095 1120 1096
3 1096 1120 1121
3 1096 1121 1097
3 1097 1121 1122
3 1097 1122 1098
3 1098 1122 1123
3 1098 1123 1099
3 1099 1123 1124
3 1099 1124 1100
3 1100 1124 1125
3 1100 1125 1101
3 1101 1125 1126
3 1101 1126 1102
3 1102 1126 1127
3 1102 1127 1103
3 1103 1127 1104
3 1103 1104 1080
3 1104 1128 1129
3 1104 1129 1105
3 1105 1129 1130
3 1105 1130 1106
3 1106 1130 1131
3 1106 1131 1107
3 1107 1131 1132
3 1107 1132 1108
3 1108 1132 1133
3 1108 1133 1109
3 1109 1133 1134
3 1109 1134 1110
3 1110 1134 1135
3 1110 1135 1111
3 1111 1135 1136
3 1111 1136 1112
3 1112 1136 1137
3 1112 1137 1113
3 1113 1137 1138
3 1113 1138 1114
3 1114 1138 1139
3 1114 1139 1115
3 1115 1139 1140
3 1115 1140 1116
3 1116 1140 1141
3 1116 1141 1117
3 1117 1141 1142
3 1117 1142 1118
3 1118 1142 1143
3 1118 1143 1119
3 1119 1143 1144
3 1119 1144 1120
3 1120 1144 1145
3 1120 1145 1121
3 1121 1145 1146
3 1121 1146 1122
3 1122 1146 1147
3 1122 1147 1123
3 1123 1147 1148
3 1123 1148 1124
3 1124 1148 1149
3 1124 1149 1125
3 1125 1149 1150
3 1125 1150 1126
3 1126 1150 1151
3 1126 1151 1127
3 1127 1151 1128
3 1127 1128 1104
3 1128 1152 1153
3 1128 1153 1129
3 1129 1153 1154
3 1129 1154 1130
3 1130 1154 1155
3 1130 1155 1131
3 1131 1155 1156
3 1131 1156 1132
3 1132 1156 1157
3 1132 1157 1133
3 1133 1157 1158
3 1133 1158 1134
3 1134 1158 1159
3 1134 1159 1135
3 1135 1159 1160
3 1135 1160 1136
3 1136 1160 1161
3 1136 1161 1137
3 1137 1161 1162
3 1137 1162 1138
3 1138 1162 1163
3 1138 1163 1139
3 1139 1163 1164
3 1139 1164 1140
3 1140 1164 1165
3 1140 1165 1141
3 1141 1165 1166
3 1141 1166 1142
3 1142 1166 1167
3 1142 1167 1143
3 1143 1167 1168
3 1143 1168 1144
3 1144 1168 1169
3 1144 1169 1145
3 1145 1169 1170
3 1145 1170 1146
3 1146 1170 1171
3 1146 1171 1147
3 1147 1171 1172
3 1147 1172 1148
3 1148 1172 1173
3 1148 1173 1149
3 1149 1173 1174
3 1149 1174 1150
3 1150 1174 1175
3 1150 1175 1151
3 1151 1175 1152
3 1151 1152 1128
3 1152 1176 1177
3 1152 1177 1153
3 1153 1177 1178
3 1153 1178 1154
3 1154 1178 1179
3 1154 1179 1155
3 1155 1179 1180
3 1155 1180 1156
3 1156 1180 1181
3 1156 1181 1157
3 1157 1181 1182
3 1157 1182 1158
3 1158 1182 1183
3 1158 1183 1159
3 1159 1183 1184
3 1159 1184 1160
3 1160 1184 1185
3 1160 1185 1161
3 1161 1185 1186
3 1161 1186 1162
3 1162 1186 1187
3 1162 1187 1163
3 1163 1187 1188
3 1163 1188 1164
3 1164 1188 1189
3 1164 1189 1165
3 1165 1189 1190
3 1165 1190 1166
3 1166 1190 1191
3 1166 1191 1167
3 1167 1191 1192
3 1167 1192 1168
3 1168 1192 1193
3 1168 1193 1169
3 1169 1193 1194
3 1169 1194 1170
3 1170 1194 1195
3 1170 1195 1171
3 1171 1195 1196
3 1171 1196 1172
3 1172 1196 1197
3 1172 1197 1173
3 1173 1197 1198
3 1173 1198 1174
3 1174 1198 1199
3 1174 1199 1175
3 1175 1199 1176
3 1175 1176 1152
3 1176 1200 1201
3 1176 1201 1177
3 1177 1201 1202
3 1177 1202 1178
3 1178 1202 1203
3 1178 1203 1179
3 1179 1203 1204
3 1179 1204 1180
3 1180 1204 1205
3 1180 1205 1181
3 1181 1205 1206
3 1181 1206 1182
3 1182 1206 1207
3 1182 1207 1183
3 1183 1207 1208
3 1183 1208 1184
3 1184 1208 1209
3 1184 1209 1185
3 1185 1209 1210
3 1185 1210 1186
3 1186 1210 1211
3 1186 1211 1187
3 1187 1211 1212
3 1187 1212 1188
3 1188 1212 1213
3 1188 1213 1189
3 1189 1213 1214
3 1189 1214 1190
3 1190 1214 1215
3 1190 1215 1191
3 1191 1215 1216
3 1191 1216 1192
3 1192 1216 1217
3 1192 1217 1193
3 1193 1217 1218
3 1193 1218 1194
3 1194 1218 1219
3 1194 1219 1195
3 1195 1219 1220
3 1195 1220 1196
3 1196 1220 1221
3 1196 1221 1197
3 1197 1221 1222
3 1197 1222 1198
3 1198 1222 1223
3 1198 1223 1199
3 1199 1223 1200
3 1199 1200 1176
3 1200 1224 1225
3 1200 1225 1201
3 1201 1225 1226
3 1201 1226 1202
3 1202 1226 1227
3 1202 1227 1203
3 1203 1227 1228
3 1203 1228 1204
3 1204 1228 1229
3 1204 1229 1205
3 1205 1229 1230
3 1205 1230 1206
3 1206 1230 1231
3 1206 1231 1207
3 1207 1231 1232
3 1207 1232 1208
3 1208 1232 1233
3 1208 1233 1209
3 1209 1233 1234
3 1209 1234 1210
3 1210 1234 1235
3 1210 1235 1211
3 1211 1235 1236
3 1211 1236 1212
3 1212 1236 1237
3 1212 1237 1213
3 1213 1237 1238
3 1213 1238 1214
3 1214 1238 1239
3 1214 1239 1215
3 1215 1239 1240
3 1215 1240 1216
3 1216 1240 1241
3 1216 1241 1217
3 1217 1241 1242
3 1217 1242 1218
3 1218 1242 1243
3 1218 1243 1219
3 1219 1243 1244
3 1219 1244 1220
3 1220 1244 1245
3 1220 1245 1221
3 1221 1245 1246
3 1221 1246 1222
3 1222 1246 1247
3 1222 1247 1223
3 1223 1247 1224
3 1223 1224 1200
3 1224 1248 1249
3 1224 1249 1225
3 1225 1249 1250
3 1225 1250 1226
3 1226 1250 1251
3 1226 1251 1227
3 1227 1251 1252
3 1227 1252 1228
3 1228 1252 1253
3 1228 1253 1229
3 1229 1253 1254
3 1229 1254 1230
3 1230 1254 1255
3 1230 1255 1231
3 1231 1255 1256
3 1231 1256 1232
3 1232 1256 1257
3 1232 1257 1233
3 1233 1257 1258
3 1233 1258 1234
3 1234 1258 1259
3 1234 1259 1235
3 1235 1259 1260
3 1235 1260 1236
3 1236 1260 1261
3 1236 1261 1237
3 1237 1261 1262
3 1237 1262 1238
3 1238 1262 1263
3 1238 1263 1239
3 1239 1263 1264
3 1239 1264 1240
3 1240 1264 1265
3 1240 1265 1241
3 1241 1265 1266
3 1241 1266 1242
3 1242 1266 1267
3 1242 1267 1243
3 1243 1267 1268
3 1243 1268 1244
3 1244 1268 1269
3 1244 1269 1245
3 1245 1269 1270
3 1245 1270 1246
3 1246 1270 1271
3 1246 1271 1247
3 1247 1271 1248
3 1247 1248 1224
3 1248 1272 1273
3 1248 1273 1249
3 1249 1273 1274
3 1249 1274 1250
3 1250 1274 1275
3 1250 1275 1251
3 1251 1275 1276
3 1251 1276 1252
3 1252 1276 1277
3 1252 1277 1253
3 1253 1277 1278
3 1253 1278 1254
3 1254 1278 1279
3 1254 1279 1255
3 1255 1279 1280
3 1255 1280 1256
3 1256 1280 1281
3 1256 1281 1257
3 1257 1281 1282
3 1257 1282 1258
3 1258 1282 1283
3 1258 1283 1259
3 1259 1283 1284
3 1259 1284 1260
3 1260 1284 1285
3 1260 1285 1261
3 1261 1285 1286
3 1261 1286 1262
3 1262 1286 1287
3 1262 1287 1263
3 1263 1287 1288
3 1263 1288 1264
3 1264 1288 1289
3 1264 1289 1265
3 1265 1289 1290
3 1265 1290 1266
3 1266 1290 1291
3 1266 1291 1267
3 1267 1291 1292
3 1267 1292 1268
3 1268 1292 1293
3 1268 1293 1269
3 1269 1293 1294
3 1269 1294 1270
3 1270 1294 1295
3 1270 1295 1271
3 1271 1295 1272
3 1271 1272 1248
3 1272 1296 1297
3 1272 1297 1273
3 1273 1297 1298
3 1273 1298 1274
3 1274 1298 1299
3 1274 1299 1275
3 1275 1299 1300
3 1275 1300 1276
3 1276 1300 1301
3 1276 1301 1277
3 1277 1301 1302
3 1277 1302 1278
3 1278 1302 1303
3 1278 1303 1279
3 1279 1303 1304
3 1279 1304 1280
3 1280 1304 1305
3 1280 1305 1281
3 1281 1305 1306
3 1281 1306 1282
3 1282 1306 1307
3 1282 1307 1283
3 1283 1307 1308
3 1283 1308 1284
3 1284 1308 1309
3 1284 1309 1285
3 1285 1309 1310
3 1285 1310 1286
3 1286 1310 1311
3 1286 1311 1287
3 1287 1311 1312
3 1287 1312 1288
3 1288 1312 1313
3 1288 1313 1289
3 1289 1313 1314
3 1289 1314 1290
3 1290 1314 1315
3 1290 1315 1291
3 1291 1315 1316
3 1291 1316 1292
3 1292 1316 1317
3 1292 1317 1293
3 1293 1317 1318
3 1293 1318 1294
3 1294 1318 1319
3 1294 1319 1295
3 1295 1319 1296
3 1295 1296 1272
3 1296 1320 1321
3 1296 1321 1297
3 1297 1321 1322
3 1297 1322 1298
3 1298 1322 1323
3 1298 1323 1299
3 1299 1323 1324
3 1299 1324 1300
3 1300 1324 1325
3 1300 1325 1301
3 1301 1325 1326
3 1301 1326 1302
3 1302 1326 1327
3 1302 1327 1303
3 1303 1327 1328
3 1303 1328 1304
3 1304 1328 1329
3 1304 1329 1305
3 1305 1329 1330
3 1305 1330 1306
3 1306 1330 1331
3 1306 1331 1307
3 1307 1331 1332
3 1307 1332 1308
3 1308 1332 1333
3 1308 1333 1309
3 1309 1333 1334
3 1309 1334 1310
3 1310 1334 1335
3 1310 1335 1311
3 1311 1335 1336
3 1311 1336 1312
3 1312 1336 1337
3 1312 1337 1313
3 1313 1337 1338
3 1313 1338 1314
3 1314 1338 1339
3 1314 1339 1315
3 1315 1339 1340
3 1315 1340 1316
3 1316 1340 1341
3 1316 1341 1317
3 1317 1341 1342
3 1317 1342 1318
3 1318 1342 1343
3 1318 1343 1319
3 1319 1343 1320
3 1319 1320 1296
3 1320 1344 1345
3 1320 1345 1321
3 1321 1345 1346
3 1321 1346 1322
3 1322 1346 1347
3 1322 1347 1323
3 1323 1347 1348
3 1323 1348 1324
3 1324 1348 1349
3 1324 1349 1325
3 1325 1349 1350
3 1325 1350 1326
3 1326 1350 1351
3 1326 1351 1327
3 1327 1351 1352
3 1327 1352 1328
3 1328 1352 1353
3 1328 1353 1329
3 1329 1353 1354
3 1329 1354 1330
3 1330 1354 1355
3 1330 1355 1331
3 1331 1355 1356
3 1331 1356 1332
3 1332 1356 1357
3 1332 1357 1333
3 1333 1357 1358
3 1333 1358 1334
3 1334 1358 1359
3 1334 1359 1335
3 1335 1359 1360
3 1335 1360 1336
3 1336 1360 1361
3 1336 1361 1337
3 1337 1361 1362
3 1337 1362 1338
3 1338 1362 1363
3 1338 1363 1339
3 1339 1363 1364
3 1339 1364 1340
3 1340 1364 1365
3 1340 1365 1341
3 1341 1365 1366
3 1341 1366 1342
3 1342 1366 1367
3 1342 1367 1343
3 1343 1367 1344
3 1343 1344 1320
3 1344 1368 1369
3 1344 1369 1345
3 1345 1369 1370
3 1345 1370 1346
3 1346 1370 1371
3 1346 1371 1347
3 1347 1371 1372
3 1347 1372 1348
3 1348 1372 1373
3 1348 1373 1349
3 1349 1373 1374
3 1349 1374 1350
3 1350 1374 1375
3 1350 1375 1351
3 1351 1375 1376
3 1351 1376 1352
3 1352 1376 1377
3 1352 1377 1353
3 1353 1377 1378
3 1353 1378 1354
3 1354 1378 1379
3 1354 1379 1355
3 1355 1379 1380
3 1355 1380 1356
3 1356 1380 1381
3 1356 1381 1357
3 1357 1381 1382
3 1357 1382 1358
3 1358 1382 1383
3 1358 1383 1359
3 1359 1383 1384
3 1359 1384 1360
3 1360 1384 1385
3 1360 1385 1361
3 1361 1385 1386
3 1361 1386 1362
3 1362 1386 1387
3 1362 1387 1363
3 1363 1387 1388
3 1363 1388 1364
3 1364 1388 1389
3 1364 1389 1365
3 1365 1389 1390
3 1365 1390 1366
3 1366 1390 1391
3 1366 1391 1367
3 1367 1391 1368
3 1367 1368 1344
3 1368 1392 1393
3 1368 1393 1369
3 1369 1393 1394
3 1369 1394 1370
3 1370 1394 1395
3 1370 1395 1371
3 1371 1395 1396
3 1371 1396 1372
3 1372 1396 1397
3 1372 1397 1373
3 1373 1397 1398
3 1373 1398 1374
3 1374 1398 1399
3 1374 1399 1375
3 1375 1399 1400
3 1375 1400 1376
3 1376 1400 1401
3 1376 1401 1377
3 1377 1401 1402
3 1377 1402 1378
3 1378 1402 1403
3 1378 1403 1379
3 1379 1403 1404
3 1379 1404 1380
3 1380 1404 1405
3 1380 1405 1381
3 1381 1405 1406
3 1381 1406 1382
3 1382 1406 1407
3 1382 1407 1383
3 1383 1407 1408
3 1383 1408 1384
3 1384 1408 1409
3 1384 1409 1385
3 1385 1409 1410
3 1385 1410 1386
3 1386 1410 1411
3 1386 1411 1387
3 1387 1411 1412
3 1387 1412 1388
3 1388 1412 1413
3 1388 1413 1389
3 1389 1413 1414
3 1389 1414 1390
3 1390 1414 1415
3 1390 1415 1391
3 1391 1415 1392
3 1391 1392 1368
3 1392 1416 1417
3 1392 1417 1393
3 1393 1417 1418
3 1393 1418 1394
3 1394 1418 1419
3 1394 1419 1395
3 1395 1419 1420
3 1395 1420 1396
3 1396 1420 1421
3 1396 1421 1397
3 1397 1421 1422
3 1397 1422 1398
3 1398 1422 1423
3 1398 1423 1399
3 1399 1423 1424
3 1399 1424 1400
3 1400 1424 1425
3 1400 1425 1401
3 1401 1425 1426
3 1401 1426 1402
3 1402 1426 1427
3 1402 1427 1403
3 1403 1427 1428
3 1403 1428 1404
3 1404 1428 1429
3 1404 1429 1405
3 1405 1429 1430
3 1405 1430 1406
3 1406 1430 1431
3 1406 1431 1407
3 1407 1431 1432
3 1407 1432 1408
3 1408 1432 1433
3 1408 1433 1409
3 1409 1433 1434
3 1409 1434 1410
3 1410 1434 1435
3 1410 1435 1411
3 1411 1435 1436
3 1411 1436 1412
3 1412 1436 1437
3 1412 1437 1413
3 1413 1437 1438
3 1413 1438 1414
3 1414 1438 1439
3 1414 1439 1415
3 1415 1439 1416
3 1415 1416 1392
3 1416 1440 1441
3 1416 1441 1417
3 1417 1441 1442
3 1417 1442 1418
3 1418 1442 1443
3 1418 1443 1419
3 1419 1443 1444
3 1419 1444 1420
3 1420 1444 1445
3 1420 1445 1421
3 1421 1445 1446
3 1421 1446 1422
3 1422 1446 1447
3 1422 1447 1423
3 1423 1447 1448
3 1423 1448 1424
3 1424 1448 1449
3 1424 1449 1425
3 1425 1449 1450
3 1425 1450 1426
3 1426 1450 1451
3 1426 1451 1427
3 1427 1451 1452
3 1427 1452 1428
3 1428 1452 1453
3 1428 1453 1429
3 1429 1453 1454
3 1429 1454 1430
3 1430 1454 1455
3 1430 1455 1431
3 1431 1455 1456
3 1431 1456 1432
3 1432 1456 1457
3 1432 1457 1433
3 1433 1457 1458
3 1433 1458 1434
3 1434 1458 1459
3 1434 1459 1435
3 1435 1459 1460
3 1435 1460 1436
3 1436 1460 1461
3 1436 1461 1437
3 1437 1461 1462
3 1437 1462 1438
3 1438 1462 1463
3 1438 1463 1439
3 1439 1463 1440
3 1439 1440 1416
3 1440 1464 1465
3 1440 1465 1441
3 1441 1465 1466
3 1441 1466 1442
3 1442 1466 1467
3 1442 1467 1443
3 1443 1467 1468
3 1443 1468 1444
3 1444 1468 1469
3 1444 1469 1445
3 1445 1469 1470
3 1445 1470 1446
3 1446 1470 1471
3 1446 1471 1447
3 1447 1471 1472
3 1447 1472 1448
3 1448 1472 1473
3 1448 1473 1449
3 1449 1473 1474
3 1449 1474 1450
3 1450 1474 1475
3 1450 1475 1451
3 1451 1475 1476
3 1451 1476 1452
3 1452 1476 1477
3 1452 1477 1453
3 1453 1477 1478
3 1453 1478 1454
3 1454 1478 1479
3 1454 1479 1455
3 1455 1479 1480
3 1455 1480 1456
3 1456 1480 1481
3 1456 1481 1457
3 1457 1481 1482
3 1457 1482 1458
3 1458 1482 1483
3 1458 1483 1459
3 1459 1483 1484
3 1459 1484 1460
3 1460 1484 1485
3 1460 1485 1461
3 1461 1485 1486
3 1461 1486 1462
3 1462 1486 1487
3 1462 1487 1463
3 1463 1487 1464
3 1463 1464 1440
3 1464 1488 1489
3 1464 1489 1465
3 1465 1489 1490
3 1465 1490 1466
3 1466 1490 1491
3 1466 1491 1467
3 1467 1491 1492
3 1467 1492 1468
3 1468 1492 1493
3 1468 1493 1469
3 1469 1493 1494
3 1469 1494 1470
3 1470 1494 1495
3 1470 1495 1471
3 1471 1495 1496
3 1471 1496 1472
3 1472 1496 1497
3 1472 1497 1473
3 1473 1497 1498
3 1473 1498 1474
3 1474 1498 1499
3 1474 1499 1475
3 1475 1499 1500
3 1475 1500 1476
3 1476 1500 1501
3 1476 1501 1477
3 1477 1501 1502
3 1477 1502 1478
3 1478 1502 1503
3 1478 1503 1479
3 1479 1503 1504
3 1479 1504 1480
3 1480 1504 1505
3 1480 1505 1481
3 1481 1505 1506
3 1481 1506 1482
3 1482 1506 1507
3 1482 1507 1483
3 1483 1507 1508
3 1483 1508 1484
3 1484 1508 1509
3 1484 1509 1485
3 1485 1509 1510
3 1485 1510 1486
3 1486 1510 1511
3 1486 1511 1487
3 1487 1511 1488
3 1487 1488 1464
3 1488 1512 1513
3 1488 1513 1489
3 1489 1513 1514
3 1489 1514 1490
3 1490 1514 1515
3 1490 1515 1491
3 1491 1515 1516
3 1491 1516 1492
3 1492 1516 1517
3 1492 1517 1493
3 1493 1517 1518
3 1493 1518 1494
3 1494 1518 1519
3 1494 1519 1495
3 1495 1519 1520
3 1495 1520 1496
3 1496 1520 1521
3 1496 1521 1497
3 1497 1521 1522
3 1497 1522 1498
3 1498 1522 1523
3 1498 1523 1499
3 1499 1523 1524
3 1499 1524 1500
3 1500 1524 1525
3 1500 1525 1501
3 1501 1525 1526
3 1501 1526 1502
3 1502 1526 1527
3 1502 1527 1503
3 1503 1527 1528
3 1503 1528 1504
3 1504 1528 1529
3 1504 1529 1505
3 1505 1529 1530
3 1505 1530 1506
3 1506 1530 1531
3 1506 1531 1507
3 1507 1531 1532
3 1507 1532 1508
3 1508 1532 1533
3 1508 1533 1509
3 1509 1533 1534
3 1509 1534 1510
3 1510 1534 1535
3 1510 1535 1511
3 1511 1535 1512
3 1511 1512 1488
3 1512 1536 1537
3 1512 1537 1513
3 1513 1537 1538
3 1513 1538 1514
3 1514 1538 1539
3 1514 1539 1515
3 1515 1539 1540
3 1515 1540 1516
3 1516 1540 1541
3 1516 1541 1517
3 1517 1541 1542
3 1517 1542 1518
3 1518 1542 1543
3 1518 1543 1519
3 1519 1543 1544
3 1519 1544 1520
3 1520 1544 1545
3 1520 1545 1521
3 1521 1545 1546
3 1521 1546 1522
3 1522 1546 1547
3 1522 1547 1523
3 1523 1547 1548
3 1523 1548 1524
3 1524 1548 1549
3 1524 1549 1525
3 1525 1549 1550
3 1525 1550 1526
3 1526 1550 1551
3 1526 1551 1527
3 1527 1551 1552
3 1527 1552 1528
3 1528 1552 1553
3 1528 1553 1529
3 1529 1553 1554
3 1529 1554 1530
3 1530 1554 1555
3 1530 1555 1531
3 1531 1555 1556
3 1531 1556 1532
3 1532 1556 1557
3 1532 1557 1533
3 1533 1557 1558
3 1533 1558 1534
3 1534 1558 1559
3 1534 1559 1535
3 1535 1559 1536
3 1535 1536 1512
3 1536 1560 1561
3 1536 1561 1537
3 1537 1561 1562
3 1537 1562 1538
3 1538 1562 1563
3 1538 1563 1539
3 1539 1563 1564
3 1539 1564 1540
3 1540 1564 1565
3 1540 1565 1541
3 1541 1565 1566
3 1541 1566 1542
3 1542 1566 1567
3 1542 1567 1543
3 1543 1567 1568
3 1543 1568 1544
3 1544 1568 1569
3 1544 1569 1545
3 1545 1569 1570
3 1545 1570 1546
3 1546 1570 1571
3 1546 1571 1547
3 1547 1571 1572
3 1547 1572 1548
3 1548 1572 1573
3 1548 1573 1549
3 1549 1573 1574
3 1549 1574 1550
3 1550 1574 1575
3 1550 1575 1551
3 1551 1575 1576
3 1551 1576 1552
3 1552 1576 1577
3 1552 1577 1553
3 1553 1577 1578
3 1553 1578 1554
3 1554 1578 1579
3 1554 1579 1555
3 1555 1579 1580
3 1555 1580 1556
3 1556 1580 1581
3 1556 1581 1557
3 1557 1581 1582
3 1557 1582 1558
3 1558 1582 1583
3 1558 1583 1559
3 1559 1583 1560
3 1559 1560 1536
3 1560 1584 1585
3 1560 1585 1561
3 1561 1585 1586
3 1561 1586 1562
3 1562 1586 1587
3 1562 1587 1563
3 1563 1587 1588
3 1563 1588 1564
3 1564 1588 1589
3 1564 1589 1565
3 1565 1589 1590
3 1565 1590 1566
3 1566 1590 1591
3 1566 1591 1567
3 1567 1591 1592
3 1567 1592 1568
3 1568 1592 1593
3 1568 1593 1569
3 1569 1593 1594
3 1569 1594 1570
3 1570 1594 1595
3 1570 1595 1571
3 1571 1595 1596
3 1571 1596 1572
3 1572 1596 1597
3 1572 1597 1573
3 1573 1597 1598
3 1573 1598 1574
3 1574 1598 1599
3 1574 1599 1575
3 1575 1599 1600
3 1575 1600 1576
3 1576 1600 1601
3 1576 1601 1577
3 1577 1601 1602
3 1577 1602 1578
3 1578 1602 1603
3 1578 1603 1579
3 1579 1603 1604
3 1579 1604 1580
3 1580 1604 1605
3 1580 1605 1581
3 1581 1605 1606
3 1581 1606 1582
3 1582 1606 1607
3 1582 1607 1583
3 1583 1607 1584
3 1583 1584 1560
3 1584 1608 1609
3 1584 1609 1585
3 1585 1609 1610
3 1585 1610 1586
3 1586 1610 1611
3 1586 1611 1587
3 1587 1611 1612
3 1587 1612 1588
3 1588 1612 1613
3 1588 1613 1589
3 1589 1613 1614
3 1589 1614 1590
3 1590 1614 1615
3 1590 1615 1591
3 1591 1615 1616
3 1591 1616 1592
3 1592 1616 1617
3 1592 1617 1593
3 1593 1617 1618
3 1593 1618 1594
3 1594 1618 1619
3 1594 1619 1595
3 1595 1619 1620
3 1595 1620 1596
3 1596 1620 1621
3 1596 1621 1597
3 1597 1621 1622
3 1597 1622 1598
3 1598 1622 1623
3 1598 1623 1599
3 1599 1623 1624
3 1599 1624 1600
3 1600 1624 1625
3 1600 1625 1601
3 1601 1625 1626
3 1601 1626 1602
3 1602 1626 1627
3 1602 1627 1603
3 1603 1627 1628
3 1603 1628 1604
3 1604 1628 1629
3 1604 1629 1605
3 1605 1629 1630
3 1605 1630 1606
3 1606 1630 1631
3 1606 1631 1607
3 1607 1631 1608
3 1607 1608 1584
3 1608 1632 1633
3 1608 1633 1609
3 1609 1633 1634
3 1609 1634 1610
3 1610 1634 1635
3 1610 1635 1611
3 1611 1635 1636
3 1611 1636 1612
3 1612 1636 1637
3 1612 1637 1613
3 1613 1637 1638
3 1613 1638 1614
3 1614 1638 1639
3 1614 1639 1615
3 1615 1639 1640
3 1615 1640 1616
3 1616 1640 1641
3 1616 1641 1617
3 1617 1641 1642
3 1617 1642 1618
3 1618 1642 1643
3 1618 1643 1619
3 1619 1643 1644
3 1619 1644 1620
3 1620 1644 1645
3 1620 1645 1621
3 1621 1645 1646
3 1621 1646 1622
3 1622 1646 1647
3 1622 1647 1623
3 1623 1647 1648
3 1623 1648 1624
3 1624 1648 1649
3 1624 1649 1625
3 1625 1649 1650
3 1625 1650 1626
3 1626 1650 1651
3 1626 1651 1627
3 1627 1651 1652
3 1627 1652 1628
3 1628 1652 1653
3 1628 1653 1629
3 1629 1653 1654
3 1629 1654 1630
3 1630 1654 1655
3 1630 1655 1631
3 1631 1655 1632
3 1631 1632 1608
3 1632 1656 1657
3 1632 1657 1633
3 1633 1657 1658
3 1633 1658 1634
3 1634 1658 1659
3 1634 1659 1635
3 1635 1659 1660
3 1635 1660 1636
3 1636 1660 1661
3 1636 1661 1637
3 1637 1661 1662
3 1637 1662 1638
3 1638 1662 1663
3 1638 1663 1639
3 1639 1663 1664
3 1639 1664 1640
3 1640 1664 1665
3 1640 1665 1641
3 1641 1665 1666
3 1641 1666 1642
3 1642 1666 1667
3 1642 1667 1643
3 1643 1667 1668
3 1643 1668 1644
3 1644 1668 1669
3 1644 1669 1645
3 1645 1669 1670
3 1645 1670 1646
3 1646 1670 1671
3 1646 1671 1647
3 1647 1671 1672
3 1647 1672 1648
3 1648 1672 1673
3 1648 1673 1649
3 1649 1673 1674
3 1649 1674 1650
3 1650 1674 1675
3 1650 1675 1651
3 1651 1675 1676
3 1651 1676 1652
3 1652 1676 1677
3 1652 1677 1653
3 1653 1677 1678
3 1653 1678 1654
3 1654 1678 1679
3 1654 1679 1655
3 1655 1679 1656
3 1655 1656 1632
3 1656 1680 1681
3 1656 1681 1657
3 1657 1681 1682
3 1657 1682 1658
3 1658 1682 1683
3 1658 1683 1659
3 1659 1683 1684
3 1659 1684 1660
3 1660 1684 1685
3 1660 1685 1661
3 1661 1685 1686
3 1661 1686 1662
3 1662 1686 1687
3 1662 1687 1663
3 1663 1687 1688
3 1663 1688 1664
3 1664 1688 1689
3 1664 1689 1665
3 1665 1689 1690
3 1665 1690 1666
3 1666 1690 1691
3 1666 1691 1667
3 1667 1691 1692
3 1667 1692 1668
3 1668 1692 1693
3 1668 1693 1669
3 1669 1693 1694
3 1669 1694 1670
3 1670 1694 1695
3 1670 1695 1671
3 1671 1695 1696
3 1671 1696 1672
3 1672 1696 1697
3 1672 1697 1673
3 1673 1697 1698
3 1673 1698 1674
3 1674 1698 1699
3 1674 1699 1675
3 1675 1699 1700
3 1675 1700 1676
3 1676 1700 1701
3 1676 1701 1677
3 1677 1701 1702
3 1677 1702 1678
3 1678 1702 1703
3 1678 1703 1679
3 1679 1703 1680
3 1679 1680 1656
3 1680 1704 1705
3 1680 1705 1681
3 1681 1705 1706
3 1681 1706 1682
3 1682 1706 1707
3 1682 1707 1683
3 1683 1707 1708
3 1683 1708 1684
3 1684 1708 1709
3 1684 1709 1685
3 1685 1709 1710
3 1685 1710 1686
3 1686 1710 1711
3 1686 1711 1687
3 1687 1711 1712
3 1687 1712 1688
3 1688 1712 1713
3 1688 1713 1689
3 1689 1713 1714
3 1689 1714 1690
3 1690 1714 1715
3 1690 1715 1691
3 1691 1715 1716
3 1691 1716 1692
3 1692 1716 1717
3 1692 1717 1693
3 1693 1717 1718
3 1693 1718 1694
3 1694 1718 1719
3 1694 1719 1695
3 1695 1719 1720
3 1695 1720 1696
3 1696 1720 1721
3 1696 1721 1697
3 1697 1721 1722
3 1697 1722 1698
3 1698 1722 1723
3 1698 1723 1699
3 1699 1723 1724
3 1699 1724 1700
3 1700 1724 1725
3 1700 1725 1701
3 1701 1725 1726
3 1701 1726 1702
3 1702 1726 1727
3 1702 1727 1703
3 1703 1727 1704
3 1703 1704 1680
3 1704 1728 1729
3 1704 1729 1705
3 1705 1729 1730
3 1705 1730 1706
3 1706 1730 1731
3 1706 1731 1707
3 1707 1731 1732
3 1707 1732 1708
3 1708 1732 1733
3 1708 1733 1709
3 1709 1733 1734
3 1709 1734 1710
3 1710 1734 1735
3 1710 1735 1711
3 1711 1735 1736
3 1711 1736 1712
3 1712 1736 1737
3 1712 1737 1713
3 1713 1737 1738
3 1713 1738 1714
3 1714 1738 1739
3 1714 1739 1715
3 1715 1739 1740
3 1715 1740 1716
3 1716 1740 1741
3 1716 1741 1717
3 1717 1741 1742
3 1717 1742 1718
3 1718 1742 1743
3 1718 1743 1719
3 1719 1743 1744
3 1719 1744 1720
3 1720 1744 1745
3 1720 1745 1721
3 1721 1745 1746
3 1721 1746 1722
3 1722 1746 1747
3 1722 1747 1723
3 1723 1747 1748
3 1723 1748 1724
3 1724 1748 1749
3 1724 1749 1725
3 1725 1749 1750
3 1725 1750 1726
3 1726 1750 1751
3 1726 1751 1727
3 1727 1751 1728
3 1727 1728 1704
3 1728 1752 1753
3 1728 1753 1729
3 1729 1753 1754
3 1729 1754 1730
3 1730 1754 1755
3 1730 1755 1731
3 1731 1755 1756
3 1731 1756 1732
3 1732 1756 1757
3 1732 1757 1733
3 1733 1757 1758
3 1733 1758 1734
3 1734 1758 1759
3 1734 1759 1735
3 1735 1759 1760
3 1735 1760 1736
3 1736 1760 1761
3 1736 1761 1737
3 1737 1761 1762
3 1737 1762 1738
3 1738 1762 1763
3 1738 1763 1739
3 1739 1763 1764
3 1739 1764 1740
3 1740 1764 1765
3 1740 1765 1741
3 1741 1765 1766
3 1741 1766 1742
3 1742 1766 1767
3 1742 1767 1743
3 1743 1767 1768
3 1743 1768 1744
3 1744 1768 1769
3 1744 1769 1745
3 1745 1769 1770
3 1745 1770 1746
3 1746 1770 1771
3 1746 1771 1747
3 1747 1771 1772
3 1747 1772 1748
3 1748 1772 1773
3 1748 1773 1749
3 1749 1773 1774
3 1749 1774 1750
3 1750 1774 1775
3 1750 1775 1751
3 1751 1775 1752
3 1751 1752 1728
3 1752 1776 1777
3 1752 1777 1753
3 1753 1777 1778
3 1753 1778 1754
3 1754 1778 1779
3 1754 1779 1755
3 1755 1779 1780
3 1755 1780 1756
3 1756 1780 1781
3 1756 1781 1757
3 1757 1781 1782
3 1757 1782 1758
3 1758 1782 1783
3 1758 1783 1759
3 1759 1783 1784
3 1759 1784 1760
3 1760 1784 1785
3 1760 1785 1761
3 1761 1785 1786
3 1761 1786 1762
3 1762 1786 1787
3 1762 1787 1763
3 1763 1787 1788
3 1763 1788 1764
3 1764 1788 1789
3 1764 1789 1765
3 1765 1789 1790
3 1765 1790 1766
3 1766 1790 1791
3 1766 1791 1767
3 1767 1791 1792
3 1767 1792 1768
3 1768 1792 1793
3 1768 1793 1769
3 1769 1793 1794
3 1769 1794 1770
3 1770 1794 1795
3 1770 1795 1771
3 1771 1795 1796
3 1771 1796 1772
3 1772 1796 1797
3 1772 1797 1773
3 1773 1797 1798
3 1773 1798 1774
3 1774 1798 1799
3 1774 1799 1775
3 1775 1799 1776
3 1775 1776 1752
3 1776 1800 1801
3 1776 1801 1777
3 1777 1801 1802
3 1777 1802 1778
3 1778 1802 1803
3 1778 1803 1779
3 1779 1803 1804
3 1779 1804 1780
3 1780 1804 1805
3 1780 1805 1781
3 1781 1805 1806
3 1781 1806 1782
3 1782 1806 1807
3 1782 1807 1783
3 1783 1807 1808
3 1783 1808 1784
3 1784 1808 1809
3 1784 1809 1785
3 1785 1809 1810
3 1785 1810 1786
3 1786 1810 1811
3 1786 1811 1787
3 1787 1811 1812
3 1787 1812 1788
3 1788 1812 1813
3 1788 1813 1789
3 1789 1813 1814
3 1789 1814 1790
3 1790 1814 1815
3 1790 1815 1791
3 1791 1815 1816
3 1791 1816 1792
3 1792 1816 1817
3 1792 1817 1793
3 1793 1817 1818
3 1793 1818 1794
3 1794 1818 1819
3 1794 1819 1795
3 1795 1819 1820
3 1795 1820 1796
3 1796 1820 1821
3 1796 1821 1797
3 1797 1821 1822
3 1797 1822 1798
3 1798 1822 1823
3 1798 1823 1799
3 1799 1823 1800
3 1799 1800 1776
3 1800 1824 1825
3 1800 1825 1801
3 1801 1825 1826
3 1801 1826 1802
3 1802 1826 1827
3 1802 1827 1803
3 1803 1827 1828
3 1803 1828 1804
3 1804 1828 1829
3 1804 1829 1805
3 1805 1829 1830
3 1805 1830 1806
3 1806 1830 1831
3 1806 1831 1807
3 1807 1831 1832
3 1807 1832 1808
3 1808 1832 1833
3 1808 1833 1809
3 1809 1833 1834
3 1809 1834 1810
3 1810 1834 1835
3 1810 1835 1811
3 1811 1835 1836
3 1811 1836 1812
3 1812 1836 1837
3 1812 1837 1813
3 1813 1837 1838
3 1813 1838 1814
3 1814 1838 1839
3 1814 1839 1815
3 1815 1839 1840
3 1815 1840 1816
3 1816 1840 1841
3 1816 1841 1817
3 1817 1841 1842
3 1817 1842 1818
3 1818 1842 1843
3 1818 1843 1819
3 1819 1843 1844
3 1819 1844 1820
3 1820 1844 1845
3 1820 1845 1821
3 1821 1845 1846
3 1821 1846 1822
3 1822 1846 1847
3 1822 1847 1823
3 1823 1847 1824
3 1823 1824 1800
3 1824 1848 1849
3 1824 1849 1825
3 1825 1849 1850
3 1825 1850 1826
3 1826 1850 1851
3 1826 1851 1827
3 1827 1851 1852
3 1827 1852 1828
3 1828 1852 1853
3 1828 1853 1829
3 1829 1853 1854
3 1829 1854 1830
3 1830 1854 1855
3 1830 1855 1831
3 1831 1855 1856
3 1831 1856 1832
3 1832 1856 1857
3 1832 1857 1833
3 1833 1857 1858
3 1833 1858 1834
3 1834 1858 1859
3 1834 1859 1835
3 1835 1859 1860
3 1835 1860 1836
3 1836 1860 1861
3 1836 1861 1837
3 1837 1861 1862
3 1837 1862 1838
3 1838 1862 1863
3 1838 1863 1839
3 1839 1863 1864
3 1839 1864 1840
3 1840 1864 1865
3 1840 1865 1841
3 1841 1865 1866
3 1841 1866 1842
3 1842 1866 1867
3 1842 1867 1843
3 1843 1867 1868
3 1843 1868 1844
3 1844 1868 1869
3 1844 1869 1845
3 1845 1869 1870
3 1845 1870 1846
3 1846 1870 1871
3 1846 1871 1847
3 1847 1871 1848
3 1847 1848 1824
3 1848 1872 1873
3 1848 1873 1849
3 1849 1873 1874
3 1849 1874 1850
3 1850 1874 1875
3 1850 1875 1851
3 1851 1875 1876
3 1851 1876 1852
3 1852 1876 1877
3 1852 1877 1853
3 1853 1877 1878
3 1853 1878 1854
3 1854 1878 1879
3 1854 1879 1855
3 1855 1879 1880
3 1855 1880 1856
3 1856 1880 1881
3 1856 1881 1857
3 1857 1881 1882
3 1857 1882 1858
3 1858 1882 1883
3 1858 1883 1859
3 1859 1883 1884
3 1859 1884 1860
3 1860 1884 1885
3 1860 1885 1861
3 1861 1885 1886
3 1861 1886 1862
3 1862 1886 1887
3 1862 1887 1863
3 1863 1887 1888
3 1863 1888 1864
3 1864 1888 1889
3 1864 1889 1865
3 1865 1889 1890
3 1865 1890 1866
3 1866 1890 1891
3 1866 1891 1867
3 1867 1891 1892
3 1867 1892 1868
3 1868 1892 1893
3 1868 1893 1869
3 1869 1893 1894
3 1869 1894 1870
3 1870 1894 1895
3 1870 1895 1871
3 1871 1895 1872
3 1871 1872 1848
3 1872 1896 1897
3 1872 1897 1873
3 1873 1897 1898
3 1873 1898 1874
3 1874 1898 1899
3 1874 1899 1875
3 1875 1899 1900
3 1875 1900 1876
3 1876 1900 1901
3 1876 1901 1877
3 1877 1901 1902
3 1877 1902 1878
3 1878 1902 1903
3 1878 1903 1879
3 1879 1903 1904
3 1879 1904 1880
3 1880 1904 1905
3 1880 1905 1881
3 1881 1905 1906
3 1881 1906 1882
3 1882 1906 1907
3 1882 1907 1883
3 1883 1907 1908
3 1883 1908 1884
3 1884 1908 1909
3 1884 1909 1885
3 1885 1909 1910
3 1885 1910 1886
3 1886 1910 1911
3 1886 1911 1887
3 1887 1911 1912
3 1887 1912 1888
3 1888 1912 1913
3 1888 1913 1889
3 1889 1913 1914
3 1889 1914 1890
3 1890 1914 1915
3 1890 1915 1891
3 1891 1915 1916
3 1891 1916 1892
3 1892 1916 1917
3 1892 1917 1893
3 1893 1917 1918
3 1893 1918 1894
3 1894 1918 1919
3 1894 1919 1895
3 1895 1919 1896
3 1895 1896 1872
3 1896 1920 1921
3 1896 1921 1897
3 1897 1921 1922
3 1897 1922 1898
3 1898 1922 1923
3 1898 1923 1899
3 1899 1923 1924
3 1899 1924 1900
3 1900 1924 1925
3 1900 1925 1901
3 1901 1925 1926
3 1901 1926 1902
3 1902 1926 1927
3 1902 1927 1903
3 1903 1927 1928
3 1903 1928 1904
3 1904 1928 1929
3 1904 1929 1905
3 1905 1929 1930
3 1905 1930 1906
3 1906 1930 1931
3 1906 1931 1907
3 1907 1931 1932
3 1907 1932 1908
3 1908 1932 1933
3 1908 1933 1909
3 1909 1933 1934
3 1909 1934 1910
3 1910 1934 1935
3 1910 1935 1911
3 1911 1935 1936
3 1911 1936 1912
3 1912 1936 1937
3 1912 1937 1913
3 1913 1937 1938
3 1913 1938 1914
3 1914 1938 1939
3 1914 1939 1915
3 1915 1939 1940
3 1915 1940 1916
3 1916 1940 1941
3 1916 1941 1917
3 1917 1941 1942
3 1917 1942 1918
3 1918 1942 1943
3 1918 1943 1919
3 1919 1943 1920
3 1919 1920 1896
3 1920 1944 1945
3 1920 1945 1921
3 1921 1945 1946
3 1921 1946 1922
3 1922 1946 1947
3 1922 1947 1923
3 1923 1947 1948
3 1923 1948 1924
3 1924 1948 1949
3 1924 1949 1925
3 1925 1949 1950
3 1925 1950 1926
3 1926 1950 1951
3 1926 1951 1927
3 1927 1951 1952
3 1927 1952 1928
3 1928 1952 1953
3 1928 1953 1929
3 1929 1953 1954
3 1929 1954 1930
3 1930 1954 1955
3 1930 1955 1931
3 1931 1955 1956
3 1931 1956 1932
3 1932 1956 1957
3 1932 1957 1933
3 1933 1957 1958
3 1933 1958 1934
3 1934 1958 1959
3 1934 1959 1935
3 1935 1959 1960
3 1935 1960 1936
3 1936 1960 1961
3 1936 1961 1937
3 1937 1961 1962
3 1937 1962 1938
3 1938 1962 1963
3 1938 1963 1939
3 1939 1963 1964
3 1939 1964 1940
3 1940 1964 1965
3 1940 1965 1941
3 1941 1965 1966
3 1941 1966 1942
3 1942 1966 1967
3 1942 1967 1943
3 1943 1967 1944
3 1943 1944 1920
3 1944 1968 1969
3 1944 1969 1945
3 1945 1969 1970
3 1945 1970 1946
3 1946 1970 1971
3 1946 1971 1947
3 1947 1971 1972
3 1947 1972 1948
3 1948 1972 1973
3 1948 1973 1949
3 1949 1973 1974
3 1949 1974 1950
3 1950 1974 1975
3 1950 1975 1951
3 1951 1975 1976
3 1951 1976 1952
3 1952 1976 1977
3 1952 1977 1953
3 1953 1977 1978
3 1953 1978 1954
3 1954 1978 1979
3 1954 1979 1955
3 1955 1979 1980
3 1955 1980 1956
3 1956 1980 1981
3 1956 1981 1957
3 1957 1981 1982
3 1957 1982 1958
3 1958 1982 1983
3 1958 1983 1959
3 1959 1983 1984
3 1959 1984 1960
3 1960 1984 1985
3 1960 1985 1961
3 1961 1985 1986
3 1961 1986 1962
3 1962 1986 1987
3 1962 1987 1963
3 1963 1987 1988
3 1963 1988 1964
3 1964 1988 1989
3 1964 1989 1965
3 1965 1989 1990
3 1965 1990 1966
3 1966 1990 1991
3 1966 1991 1967
3 1967 1991 1968
3 1967 1968 1944
3 1968 1992 1993
3 1968 1993 1969
3 1969 1993 1994
3 1969 1994 1970
3 1970 1994 1995
3 1970 1995 1971
3 1971 1995 1996
3 1971 1996 1972
3 1972 1996 1997
3 1972 1997 1973
3 1973 1997 1998
3 1973 1998 1974
3 1974 1998 1999
3 1974 1999 1975
3 1975 1999 2000
3 1975 2000 1976
3 1976 2000 2001
3 1976 2001 1977
3 1977 2001 2002
3 1977 2002 1978
3 1978 2002 2003
3 1978 2003 1979
3 1979 2003 2004
3 1979 2004 1980
3 1980 2004 2005
3 1980 2005 1981
3 1981 2005 2006
3 1981 2006 1982
3 1982 2006 2007
3 1982 2007 1983
3 1983 2007 2008
3 1983 2008 1984
3 1984 2008 2009
3 1984 2009 1985
3 1985 2009 2010
3 1985 2010 1986
3 1986 2010 2011
3 1986 2011 1987
3 1987 2011 2012
3 1987 2012 1988
3 1988 2012 2013
3 1988 2013 1989
3 1989 2013 2014
3 1989 2014 1990
3 1990 2014 2015
3 1990 2015 1991
3 1991 2015 1992
3 1991 1992 1968
3 1992 2016 2017
3 1992 2017 1993
3 1993 2017 2018
3 1993 2018 1994
3 1994 2018 2019
3 1994 2019 1995
3 1995 2019 2020
3 1995 2020 1996
3 1996 2020 2021
3 1996 2021 1997
3 1997 2021 2022
3 1997 2022 1998
3 1998 2022 2023
3 1998 2023 1999
3 1999 2023 2024
3 1999 2024 2000
3 2000 2024 2025
3 2000 2025 2001
3 2001 2025 2026
3 2001 2026 2002
3 2002 2026 2027
3 2002 2027 2003
3 2003 2027 2028
3 2003 2028 2004
3 2004 2028 2029
3 2004 2029 2005
3 2005 2029 2030
3 2005 2030 2006
3 2006 2030 2031
3 2006 2031 2007
3 2007 2031 2032
3 2007 2032 2008
3 2008 2032 2033
3 2008 2033 2009
3 2009 2033 2034
3 2009 2034 2010
3 2010 2034 2035
3 2010 2035 2011
3 2011 2035 2036
3 2011 2036 2012
3 2012 2036 2037
3 2012 2037 2013
3 2013 2037 2038
3 2013 2038 2014
3 2014 2038 2039
3 2014 2039 2015
3 2015 2039 2016
3 2015 2016 1992
3 2016 2040 2041
3 2016 2041 2017
3 2017 2041 2042
3 2017 2042 2018
3 2018 2042 2043
3 2018 2043 2019
3 2019 2043 2044
3 2019 2044 2020
3 2020 2044 2045
3 2020 2045 2021
3 2021 2045 2046
3 2021 2046 2022
3 2022 2046 2047
3 2022 2047 2023
3 2023 2047 2048
3 2023 2048 2024
3 2024 2048 2049
3 2024 2049 2025
3 2025 2049 2050
3 2025 2050 2026
3 2026 2050 2051
3 2026 2051 2027
3 2027 2051 2052
3 2027 2052 2028
3 2028 2052 2053
3 2028 2053 2029
3 2029 2053 2054
3 2029 2054 2030
3 2030 2054 2055
3 2030 2055 2031
3 2031 2055 2056
3 2031 2056 2032
3 2032 2056 2057
3 2032 2057 2033
3 2033 2057 2058
3 2033 2058 2034
3 2034 2058 2059
3 2034 2059 2035
3 2035 2059 2060
3 2035 2060 2036
3 2036 2060 2061
3 2036 2061 2037
3 2037 2061 2062
3 2037 2062 2038
3 2038 2062 2063
3 2038 2063 2039
3 2039 2063 2040
3 2039 2040 2016
3 2040 2064 2065
3 2040 2065 2041
3 2041 2065 2066
3 2041 2066 2042
3 2042 2066 2067
3 2042 2067 2043
3 2043 2067 2068
3 2043 2068 2044
3 2044 2068 2069
3 2044 2069 2045
3 2045 2069 2070
3 2045 2070 2046
3 2046 2070 2071
3 2046 2071 2047
3 2047 2071 2072
3 2047 2072 2048
3 2048 2072 2073
3 2048 2073 2049
3 2049 2073 2074
3 2049 2074 2050
3 2050 2074 2075
3 2050 2075 2051
3 2051 2075 2076
3 2051 2076 2052
3 2052 2076 2077
3 2052 2077 2053
3 2053 2077 2078
3 2053 2078 2054
3 2054 2078 2079
3 2054 2079 2055
3 2055 2079 2080
3 2055 2080 2056
3 2056 2080 2081
3 2056 2081 2057
3 2057 2081 2082
3 2057 2082 2058
3 2058 2082 2083
3 2058 2083 2059
3 2059 2083 2084
3 2059 2084 2060
3 2060 2084 2085
3 2060 2085 2061
3 2061 2085 2086
3 2061 2086 2062
3 2062 2086 2087
3 2062 2087 2063
3 2063 2087 2064
3 2063 2064 2040
3 2064 2088 2089
3 2064 2089 2065
3 2065 2089 2090
3 2065 2090 2066
3 2066 2090 2091
3 2066 2091 2067
3 2067 2091 2092
3 2067 2092 2068
3 2068 2092 2093
3 2068 2093 2069
3 2069 2093 2094
3 2069 2094 2070
3 2070 2094 2095
3 2070 2095 2071
3 2071 2095 2096
3 2071 2096 2072
3 2072 2096 2097
3 2072 2097 2073
3 2073 2097 2098
3 2073 2098 2074
3 2074 2098 2099
3 2074 2099 2075
3 2075 2099 2100
3 2075 2100 2076
3 2076 2100 2101
3 2076 2101 2077
3 2077 2101 2102
3 2077 2102 2078
3 2078 2102 2103
3 2078 2103 2079
3 2079 2103 2104
3 2079 2104 2080
3 2080 2104 2105
3 2080 2105 2081
3 2081 2105 2106
3 2081 2106 2082
3 2082 2106 2107
3 2082 2107 2083
3 2083 2107 2108
3 2083 2108 2084
3 2084 2108 2109
3 2084 2109 2085
3 2085 2109 2110
3 2085 2110 2086
3 2086 2110 2111
3 2086 2111 2087
3 2087 2111 2088
3 2087 2088 2064
3 2088 2112 2113
3 2088 2113 2089
3 2089 2113 2114
3 2089 2114 2090
3 2090 2114 2115
3 2090 2115 2091
3 2091 2115 2116
3 2091 2116 2092
3 2092 2116 2117
3 2092 2117 2093
3 2093 2117 2118
3 2093 2118 2094
3 2094 2118 2119
3 2094 2119 2095
3 2095 2119 2120
3 2095 2120 2096
3 2096 2120 2121
3 2096 2121 2097
3 2097 2121 2122
3 2097 2122 2098
3 2098 2122 2123
3 2098 2123 2099
3 2099 2123 2124
3 2099 2124 2100
3 2100 2124 2125
3 2100 2125 2101
3 2101 2125 2126
3 2101 2126 2102
3 2102 2126 2127
3 2102 2127 2103
3 2103 2127 2128
3 2103 2128 2104
3 2104 2128 2129
3 2104 2129 2105
3 2105 2129 2130
3 2105 2130 2106
3 2106 2130 2131
3 2106 2131 2107
3 2107 2131 2132
3 2107 2132 2108
3 2108 2132 2133
3 2108 2133 2109
3 2109 2133 2134
3 2109 2134 2110
3 2110 2134 2135
3 2110 2135 2111
3 2111 2135 2112
3 2111 2112 2088
3 2112 2136 2137
3 2112 2137 2113
3 2113 2137 2138
3 2113 2138 2114
3 2114 2138 2139
3 2114 2139 2115
3 2115 2139 2140
3 2115 2140 2116
3 2116 2140 2141
3 2116 2141 2117
3 2117 2141 2142
3 2117 2142 2118
3 2118 2142 2143
3 2118 2143 2119
3 2119 2143 2144
3 2119 2144 2120
3 2120 2144 2145
3 2120 2145 2121
3 2121 2145 2146
3 2121 2146 2122
3 2122 2146 2147
3 2122 2147 2123
3 2123 2147 2148
3 2123 2148 2124
3 2124 2148 2149
3 2124 2149 2125
3 2125 2149 2150
3 2125 2150 2126
3 2126 2150 2151
3 2126 2151 2127
3 2127 2151 2152
3 2127 2152 2128
3 2128 2152 2153
3 2128 2153 2129
3 2129 2153 2154
3 2129 2154 2130
3 2130 2154 2155
3 2130 2155 2131
3 2131 2155 2156
3 2131 2156 2132
3 2132 2156 2157
3 2132 2157 2133
3 2133 2157 2158
3 2133 2158 2134
3 2134 2158 2159
3 2134 2159 2135
3 2135 2159 2136
3 2135 2136 2112
3 2136 2160 2161
3 2136 2161 2137
3 2137 2161 2162
3 2137 2162 2138
3 2138 2162 2163
3 2138 2163 2139
3 2139 2163 2164
3 2139 2164 2140
3 2140 2164 2165
3 2140 2165 2141
3 2141 2165 2166
3 2141 2166 2142
3 2142 2166 2167
3 2142 2167 2143
3 2143 2167 2168
3 2143 2168 2144
3 2144 2168 2169
3 2144 2169 2145
3 2145 2169 2170
3 2145 2170 2146
3 2146 2170 2171
3 2146 2171 2147
3 2147 2171 2172
3 2147 2172 2148
3 2148 2172 2173
3 2148 2173 2149
3 2149 2173 2174
3 2149 2174 2150
3 2150 2174 2175
3 2150 2175 2151
3 2151 2175 2176
3 2151 2176 2152
3 2152 2176 2177
3 2152 2177 2153
3 2153 2177 2178
3 2153 2178 2154
3 2154 2178 2179
3 2154 2179 2155
3 2155 2179 2180
3 2155 2180 2156
3 2156 2180 2181
3 2156 2181 2157
3 2157 2181 2182
3 2157 2182 2158
3 2158 2182 2183
3 2158 2183 2159
3 2159 2183 2160
3 2159 2160 2136
3 2160 2184 2185
3 2160 2185 2161
3 2161 2185 2186
3 2161 2186 2162
3 2162 2186 2187
3 2162 2187 2163
3 2163 2187 2188
3 2163 2188 2164
3 2164 2188 2189
3 2164 2189 2165
3 2165 2189 2190
3 2165 2190 2166
3 2166 2190 2191
3 2166 2191 2167
3 2167 2191 2192
3 2167 2192 2168
3 2168 2192 2193
3 2168 2193 2169
3 2169 2193 2194
3 2169 2194 2170
3 2170 2194 2195
3 2170 2195 2171
3 2171 2195 2196
3 2171 2196 2172
3 2172 2196 2197
3 2172 2197 2173
3 2173 2197 2198
3 2173 2198 2174
3 2174 2198 2199
3 2174 2199 2175
3 2175 2199 2200
3 2175 2200 2176
3 2176 2200 2201
3 2176 2201 2177
3 2177 2201 2202
3 2177 2202 2178
3 2178 2202 2203
3 2178 2203 2179
3 2179 2203 2204
3 2179 2204 2180
3 2180 2204 2205
3 2180 2205 2181
3 2181 2205 2206
3 2181 2206 2182
3 2182 2206 2207
3 2182 2207 2183
3 2183 2207 2184
3 2183 2184 2160
3 2184 2208 2209
3 2184 2209 2185
3 2185 2209 2210
3 2185 2210 2186
3 2186 2210 2211
3 2186 2211 2187
3 2187 2211 2212
3 2187 2212 2188
3 2188 2212 2213
3 2188 2213 2189
3 2189 2213 2214
3 2189 2214 2190
3 2190 2214 2215
3 2190 2215 2191
3 2191 2215 2216
3 2191 2216 2192
3 2192 2216 2217
3 2192 2217 2193
3 2193 2217 2218
3 2193 2218 2194
3 2194 2218 2219
3 2194 2219 2195
3 2195 2219 2220
3 2195 2220 2196
3 2196 2220 2221
3 2196 2221 2197
3 2197 2221 2222
3 2197 2222 2198
3 2198 2222 2223
3 2198 2223 2199
3 2199 2223 2224
3 2199 2224 2200
3 2200 2224 2225
3 2200 2225 2201
3 2201 2225 2226
3 2201 2226 2202
3 2202 2226 2227
3 2202 2227 2203
3 2203 2227 2228
3 2203 2228 2204
3 2204 2228 2229
3 2204 2229 2205
3 2205 2229 2230
3 2205 2230 2206
3 2206 2230 2231
3 2206 2231 2207
3 2207 2231 2208
3 2207 2208 2184
3 2208 2232 2233
3 2208 2233 2209
3 2209 2233 2234
3 2209 2234 2210
3 2210 2234 2235
3 2210 2235 2211
3 2211 2235 2236
3 2211 2236 2212
3 2212 2236 2237
3 2212 2237 2213
3 2213 2237 2238
3 2213 2238 2214
3 2214 2238 2239
3 2214 2239 2215
3 2215 2239 2240
3 2215 2240 2216
3 2216 2240 2241
3 2216 2241 2217
3 2217 2241 2242
3 2217 2242 2218
3 2218 2242 2243
3 2218 2243 2219
3 2219 2243 2244
3 2219 2244 2220
3 2220 2244 2245
3 2220 2245 2221
3 2221 2245 2246
3 2221 2246 2222
3 2222 2246 2247
3 2222 2247 2223
3 2223 2247 2248
3 2223 2248 2224
3 2224 2248 2249
3 2224 2249 2225
3 2225 2249 2250
3 2225 2250 2226
3 2226 2250 2251
3 2226 2251 2227
3 2227 2251 2252
3 2227 2252 2228
3 2228 2252 2253
3 2228 2253 2229
3 2229 2253 2254
3 2229 2254 2230
3 2230 2254 2255
3 2230 2255 2231
3 2231 2255 2232
3 2231 2232 2208
3 2232 2256 2257
3 2232 2257 2233
3 2233 2257 2258
3 2233 2258 2234
3 2234 2258 2259
3 2234 2259 2235
3 2235 2259 2260
3 2235 2260 2236
3 2236 2260 2261
3 2236 2261 2237
3 2237 2261 2262
3 2237 2262 2238
3 2238 2262 2263
3 2238 2263 2239
3 2239 2263 2264
3 2239 2264 2240
3 2240 2264 2265
3 2240 2265 2241
3 2241 2265 2266
3 2241 2266 2242
3 2242 2266 2267
3 2242 2267 2243
3 2243 2267 2268
3 2243 2268 2244
3 2244 2268 2269
3 2244 2269 2245
3 2245 2269 2270
3 2245 2270 2246
3 2246 2270 2271
3 2246 2271 2247
3 2247 2271 2272
3 2247 2272 2248
3 2248 2272 2273
3 2248 2273 2249
3 2249 2273 2274
3 2249 2274 2250
3 2250 2274 2275
3 2250 2275 2251
3 2251 2275 2276
3 2251 2276 2252
3 2252 2276 2277
3 2252 2277 2253
3 2253 2277 2278
3 2253 2278 2254
3 2254 2278 2279
3 2254 2279 2255
3 2255 2279 2256
3 2255 2256 2232
3 2256 2280 2281
3 2256 2281 2257
3 2257 2281 2282
3 2257 2282 2258
3 2258 2282 2283
3 2258 2283 2259
3 2259 2283 2284
3 2259 2284 2260
3 2260 2284 2285
3 2260 2285 2261
3 2261 2285 2286
3 2261 2286 2262
3 2262 2286 2287
3 2262 2287 2263
3 2263 2287 2288
3 2263 2288 2264
3 2264 2288 2289
3 2264 2289 2265
3 2265 2289 2290
3 2265 2290 2266
3 2266 2290 2291
3 2266 2291 2267
3 2267 2291 2292
3 2267 2292 2268
3 2268 2292 2293
3 2268 2293 2269
3 2269 2293 2294
3 2269 2294 2270
3 2270 2294 2295
3 2270 2295 2271
3 2271 2295 2296
3 2271 2296 2272
3 2272 2296 2297
3 2272 2297 2273
3 2273 2297 2298
3 2273 2298 2274
3 2274 2298 2299
3 2274 2299 2275
3 2275 2299 2300
3 2275 2300 2276
3 2276 2300 2301
3 2276 2301 2277
3 2277 2301 2302
3 2277 2302 2278
3 2278 2302 2303
3 2278 2303 2279
3 2279 2303 2280
3 2279 2280 2256
3 2280 2304 2305
3 2280 2305 2281
3 2281 2305 2306
3 2281 2306 2282
3 2282 2306 2307
3 2282 2307 2283
3 2283 2307 2308
3 2283 2308 2284
3 2284 2308 2309
3 2284 2309 2285
3 2285 2309 2310
3 2285 2310 2286
3 2286 2310 2311
3 2286 2311 2287
3 2287 2311 2312
3 2287 2312 2288
3 2288 2312 2313
3 2288 2313 2289
3 2289 2313 2314
3 2289 2314 2290
3 2290 2314 2315
3 2290 2315 2291
3 2291 2315 2316
3 2291 2316 2292
3 2292 2316 2317
3 2292 2317 2293
3 2293 2317 2318
3 2293 2318 2294
3 2294 2318 2319
3 2294 2319 2295
3 2295 2319 2320
3 2295 2320 2296
3 2296 2320 2321
3 2296 2321 2297
3 2297 2321 2322
3 2297 2322 2298
3 2298 2322 2323
3 2298 2323 2299
3 2299 2323 2324
3 2299 2324 2300
3 2300 2324 2325
3 2300 2325 2301
3 2301 2325 2326
3 2301 2326 2302
3 2302 2326 2327
3 2302 2327 2303
3 2303 2327 2304
3 2303 2304 2280
3 2304 2328 2329
3 2304 2329 2305
3 2305 2329 2330
3 2305 2330 2306
3 2306 2330 2331
3 2306 2331 2307
3 2307 2331 2332
3 2307 2332 2308
3 2308 2332 2333
3 2308 2333 2309
3 2309 2333 2334
3 2309 2334 2310
3 2310 2334 2335
3 2310 2335 2311
3 2311 2335 2336
3 2311 2336 2312
3 2312 2336 2337
3 2312 2337 2313
3 2313 2337 2338
3 2313 2338 2314
3 2314 2338 2339
3 2314 2339 2315
3 2315 2339 2340
3 2315 2340 2316
3 2316 2340 2341
3 2316 2341 2317
3 2317 2341 2342
3 2317 2342 2318
3 2318 2342 2343
3 2318 2343 2319
3 2319 2343 2344
3 2319 2344 2320
3 2320 2344 2345
3 2320 2345 2321
3 2321 2345 2346
3 2321 2346 2322
3 2322 2346 2347
3 2322 2347 2323
3 2323 2347 2348
3 2323 2348 2324
3 2324 2348 2349
3 2324 2349 2325
3 2325 2349 2350
3 2325 2350 2326
3 2326 2350 2351
3 2326 2351 2327
3 2327 2351 2328
3 2327 2328 2304
3 2328 2352 2353
3 2328 2353 2329
3 2329 2353 2354
3 2329 2354 2330
3 2330 2354 2355
3 2330 2355 2331
3 2331 2355 2356
3 2331 2356 2332
3 2332 2356 2357
3 2332 2357 2333
3 2333 2357 2358
3 2333 2358 2334
3 2334 2358 2359
3 2334 2359 2335
3 2335 2359 2360
3 2335 2360 2336
3 2336 2360 2361
3 2336 2361 2337
3 2337 2361 2362
3 2337 2362 2338
3 2338 2362 2363
3 2338 2363 2339
3 2339 2363 2364
3 2339 2364 2340
3 2340 2364 2365
3 2340 2365 2341
3 2341 2365 2366
3 2341 2366 2342
3 2342 2366 2367
3 2342 2367 2343
3 2343 2367 2368
3 2343 2368 2344
3 2344 2368 2369
3 2344 2369 2345
3 2345 2369 2370
3 2345 2370 2346
3 2346 2370 2371
3 2346 2371 2347
3 2347 2371 2372
3 2347 2372 2348
3 2348 2372 2373
3 2348 2373 2349
3 2349 2373 2374
3 2349 2374 2350
3 2350 2374 2375
3 2350 2375 2351
3 2351 2375 2352
3 2351 2352 2328
3 2352 2376 2377
3 2352 2377 2353
3 2353 2377 2378
3 2353 2378 2354
3 2354 2378 2379
3 2354 2379 2355
3 2355 2379 2380
3 2355 2380 2356
3 2356 2380 2381
3 2356 2381 2357
3 2357 2381 2382
3 2357 2382 2358
3 2358 2382 2383
3 2358 2383 2359
3 2359 2383 2384
3 2359 2384 2360
3 2360 2384 2385
3 2360 2385 2361
3 2361 2385 2386
3 2361 2386 2362
3 2362 2386 2387
3 2362 2387 2363
3 2363 2387 2388
3 2363 2388 2364
3 2364 2388 2389
3 2364 2389 2365
3 2365 2389 2390
3 2365 2390 2366
3 2366 2390 2391
3 2366 2391 2367
3 2367 2391 2392
3 2367 2392 2368
3 2368 2392 2393
3 2368 2393 2369
3 2369 2393 2394
3 2369 2394 2370
3 2370 2394 2395
3 2370 2395 2371
3 2371 2395 2396
3 2371 2396 2372
3 2372 2396 2397
3 2372 2397 2373
3 2373 2397 2398
3 2373 2398 2374
3 2374 2398 2399
3 2374 2399 2375
3 2375 2399 2376
3 2375 2376 2352
3 2376 2400 2401
3 2376 2401 2377
3 2377 2401 2402
3 2377 2402 2378
3 2378 2402 2403
3 2378 2403 2379
3 2379 2403 2404
3 2379 2404 2380
3 2380 2404 2405
3 2380 2405 2381
3 2381 2405 2406
3 2381 2406 2382
3 2382 2406 2407
3 2382 2407 2383
3 2383 2407 2408
3 2383 2408 2384
3 2384 2408 2409
3 2384 2409 2385
3 2385 2409 2410
3 2385 2410 2386
3 2386 2410 2411
3 2386 2411 2387
3 2387 2411 2412
3 2387 2412 2388
3 2388 2412 2413
3 2388 2413 2389
3 2389 2413 2414
3 2389 2414 2390
3 2390 2414 2415
3 2390 2415 2391
3 2391 2415 2416
3 2391 2416 2392
3 2392 2416 2417
3 2392 2417 2393
3 2393 2417 2418
3 2393 2418 2394
3 2394 2418 2419
3 2394 2419 2395
3 2395 2419 2420
3 2395 2420 2396
3 2396 2420 2421
3 2396 2421 2397
3 2397 2421 2422
3 2397 2422 2398
3 2398 2422 2423
3 2398 2423 2399
3 2399 2423 2400
3 2399 2400 2376
3 2400 2424 2425
3 2400 2425 2401
3 2401 2425 2426
3 2401 2426 2402
3 2402 2426 2427
3 2402 2427 2403
3 2403 2427 2428
3 2403 2428 2404
3 2404 2428 2429
3 2404 2429 2405
3 2405 2429 2430
3 2405 2430 2406
3 2406 2430 2431
3 2406 2431 2407
3 2407 2431 2432
3 2407 2432 2408
3 2408 2432 2433
3 2408 2433 2409
3 2409 2433 2434
3 2409 2434 2410
3 2410 2434 2435
3 2410 2435 2411
3 2411 2435 2436
3 2411 2436 2412
3 2412 2436 2437
3 2412 2437 2413
3 2413 2437 2438
3 2413 2438 2414
3 2414 2438 2439
3 2414 2439 2415
3 2415 2439 2440
3 2415 2440 2416
3 2416 2440 2441
3 2416 2441 2417
3 2417 2441 2442
3 2417 2442 2418
3 2418 2442 2443
3 2418 2443 2419
3 2419 2443 2444
3 2419 2444 2420
3 2420 2444 2445
3 2420 2445 2421
3 2421 2445 2446
3 2421 2446 2422
3 2422 2446 2447
3 2422 2447 2423
3 2423 2447 2424
3 2423 2424 2400
3 2424 2448 2449
3 2424 2449 2425
3 2425 2449 2450
3 2425 2450 2426
3 2426 2450 2451
3 2426 2451 2427
3 2427 2451 2452
3 2427 2452 2428
3 2428 2452 2453
3 2428 2453 2429
3 2429 2453 2454
3 2429 2454 2430
3 2430 2454 2455
3 2430 2455 2431
3 2431 2455 2456
3 2431 2456 2432
3 2432 2456 2457
3 2432 2457 2433
3 2433 2457 2458
3 2433 2458 2434
3 2434 2458 2459
3 2434 2459 2435
3 2435 2459 2460
3 2435 2460 2436
3 2436 2460 2461
3 2436 2461 2437
3 2437 2461 2462
3 2437 2462 2438
3 2438 2462 2463
3 2438 2463 2439
3 2439 2463 2464
3 2439 2464 2440
3 2440 2464 2465
3 2440 2465 2441
3 2441 2465 2466
3 2441 2466 2442
3 2442 2466 2467
3 2442 2467 2443
3 2443 2467 2468
3 2443 2468 2444
3 2444 2468 2469
3 2444 2469 2445
3 2445 2469 2470
3 2445 2470 2446
3 2446 2470 2471
3 2446 2471 2447
3 2447 2471 2448
3 2447 2448 2424
3 2448 2472 2473
3 2448 2473 2449
3 2449 2473 2474
3 2449 2474 2450
3 2450 2474 2475
3 2450 2475 2451
3 2451 2475 2476
3 2451 2476 2452
3 2452 2476 2477
3 2452 2477 2453
3 2453 2477 2478
3 2453 2478 2454
3 2454 2478 2479
3 2454 2479 2455
3 2455 2479 2480
3 2455 2480 2456
3 2456 2480 2481
3 2456 2481 2457
3 2457 2481 2482
3 2457 2482 2458
3 2458 2482 2483
3 2458 2483 2459
3 2459 2483 2484
3 2459 2484 2460
3 2460 2484 2485
3 2460 2485 2461
3 2461 2485 2486
3 2461 2486 2462
3 2462 2486 2487
3 2462 2487 2463
3 2463 2487 2488
3 2463 2488 2464
3 2464 2488 2489
3 2464 2489 2465
3 2465 2489 2490
3 2465 2490 2466
3 2466 2490 2491
3 2466 2491 2467
3 2467 2491 2492
3 2467 2492 2468
3 2468 2492 2493
3 2468 2493 2469
3 2469 2493 2494
3 2469 2494 2470
3 2470 2494 2495
3 2470 2495 2471
3 2471 2495 2472
3 2471 2472 2448
3 2472 2496 2497
3 2472 2497 2473
3 2473 2497 2498
3 2473 2498 2474
3 2474 2498 2499
3 2474 2499 2475
3 2475 2499 2500
3 2475 2500 2476
3 2476 2500 2501
3 2476 2501 2477
3 2477 2501 2502
3 2477 2502 2478
3 2478 2502 2503
3 2478 2503 2479
3 2479 2503 2504
3 2479 2504 2480
3 2480 2504 2505
3 2480 2505 2481
3 2481 2505 2506
3 2481 2506 2482
3 2482 2506 2507
3 2482 2507 2483
3 2483 2507 2508
3 2483 2508 2484
3 2484 2508 2509
3 2484 2509 2485
3 2485 2509 2510
3 2485 2510 2486
3 2486 2510 2511
3 2486 2511 2487
3 2487 2511 2512
3 2487 2512 2488
3 2488 2512 2513
3 2488 2513 2489
3 2489 2513 2514
3 2489 2514 2490
3 2490 2514 2515
3 2490 2515 2491
3 2491 2515 2516
3 2491 2516 2492
3 2492 2516 2517
3 2492 2517 2493
3 2493 2517 2518
3 2493 2518 2494
3 2494 2518 2519
3 2494 2519 2495
3 2495 2519 2496
3 2495 2496 2472
3 2496 2520 2521
3 2496 2521 2497
3 2497 2521 2522
3 2497 2522 2498
3 2498 2522 2523
3 2498 2523 2499
3 2499 2523 2524
3 2499 2524 2500
3 2500 2524 2525
3 2500 2525 2501
3 2501 2525 2526
3 2501 2526 2502
3 2502 2526 2527
3 2502 2527 2503
3 2503 2527 2528
3 2503 2528 2504
3 2504 2528 2529
3 2504 2529 2505
3 2505 2529 2530
3 2505 2530 2506
3 2506 2530 2531
3 2506 2531 2507
3 2507 2531 2532
3 2507 2532 2508
3 2508 2532 2533
3 2508 2533 2509
3 2509 2533 2534
3 2509 2534 2510
3 2510 2534 2535
3 2510 2535 2511
3 2511 2535 2536
3 2511 2536 2512
3 2512 2536 2537
3 2512 2537 2513
3 2513 2537 2538
3 2513 2538 2514
3 2514 2538 2539
3 2514 2539 2515
3 2515 2539 2540
3 2515 2540 2516
3 2516 2540 2541
3 2516 2541 2517
3 2517 2541 2542
3 2517 2542 2518
3 2518 2542 2543
3 2518 2543 2519
3 2519 2543 2520
3 2519 2520 2496
3 2520 2544 2545
3 2520 2545 2521
3 2521 2545 2546
3 2521 2546 2522
3 2522 2546 2547
3 2522 2547 2523
3 2523 2547 2548
3 2523 2548 2524
3 2524 2548 2549
3 2524 2549 2525
3 2525 2549 2550
3 2525 2550 2526
3 2526 2550 2551
3 2526 2551 2527
3 2527 2551 2552
3 2527 2552 2528
3 2528 2552 2553
3 2528 2553 2529
3 2529 2553 2554
3 2529 2554 2530
3 2530 2554 2555
3 2530 2555 2531
3 2531 2555 2556
3 2531 2556 2532
3 2532 2556 2557
3 2532 2557 2533
3 2533 2557 2558
3 2533 2558 2534
3 2534 2558 2559
3 2534 2559 2535
3 2535 2559 2560
3 2535 2560 2536
3 2536 2560 2561
3 2536 2561 2537
3 2537 2561 2562
3 2537 2562 2538
3 2538 2562 2563
3 2538 2563 2539
3 2539 2563 2564
3 2539 2564 2540
3 2540 2564 2565
3 2540 2565 2541
3 2541 2565 2566
3 2541 2566 2542
3 2542 2566 2567
3 2542 2567 2543
3 2543 2567 2544
3 2543 2544 2520
3 2544 2568 2569
3 2544 2569 2545
3 2545 2569 2570
3 2545 2570 2546
3 2546 2570 2571
3 2546 2571 2547
3 2547 2571 2572
3 2547 2572 2548
3 2548 2572 2573
3 2548 2573 2549
3 2549 2573 2574
3 2549 2574 2550
3 2550 2574 2575
3 2550 2575 2551
3 2551 2575 2576
3 2551 2576 2552
3 2552 2576 2577
3 2552 2577 2553
3 2553 2577 2578
3 2553 2578 2554
3 2554 2578 2579
3 2554 2579 2555
3 2555 2579 2580
3 2555 2580 2556
3 2556 2580 2581
3 2556 2581 2557
3 2557 2581 2582
3 2557 2582 2558
3 2558 2582 2583
3 2558 2583 2559
3 2559 2583 2584
3 2559 2584 2560
3 2560 2584 2585
3 2560 2585 2561
3 2561 2585 2586
3 2561 2586 2562
3 2562 2586 2587
3 2562 2587 2563
3 2563 2587 2588
3 2563 2588 2564
3 2564 2588 2589
3 2564 2589 2565
3 2565 2589 2590
3 2565 2590 2566
3 2566 2590 2591
3 2566 2591 2567
3 2567 2591 2568
3 2567 2568 2544
3 2568 2592 2593
3 2568 2593 2569
3 2569 2593 2594
3 2569 2594 2570
3 2570 2594 2595
3 2570 2595 2571
3 2571 2595 2596
3 2571 2596 2572
3 2572 2596 2597
3 2572 2597 2573
3 2573 2597 2598
3 2573 2598 2574
3 2574 2598 2599
3 2574 2599 2575
3 2575 2599 2600
3 2575 2600 2576
3 2576 2600 2601
3 2576 2601 2577
3 2577 2601 2602
3 2577 2602 2578
3 2578 2602 2603
3 2578 2603 2579
3 2579 2603 2604
3 2579 2604 2580
3 2580 2604 2605
3 2580 2605 2581
3 2581 2605 2606
3 2581 2606 2582
3 2582 2606 2607
3 2582 2607 2583
3 2583 2607 2608
3 2583 2608 2584
3 2584 2608 2609
3 2584 2609 2585
3 2585 2609 2610
3 2585 2610 2586
3 2586 2610 2611
3 2586 2611 2587
3 2587 2611 2612
3 2587 2612 2588
3 2588 2612 2613
3 2588 2613 2589
3 2589 2613 2614
3 2589 2614 2590
3 2590 2614 2615
3 2590 2615 2591
3 2591 2615 2592
3 2591 2592 2568
3 2592 2616 2617
3 2592 2617 2593
3 2593 2617 2618
3 2593 2618 2594
3 2594 2618 2619
3 2594 2619 2595
3 2595 2619 2620
3 2595 2620 2596
3 2596 2620 2621
3 2596 2621 2597
3 2597 2621 2622
3 2597 2622 2598
3 2598 2622 2623
3 2598 2623 2599
3 2599 2623 2624
3 2599 2624 2600
3 2600 2624 2625
3 2600 2625 2601
3 2601 2625 2626
3 2601 2626 2602
3 2602 2626 2627
3 2602 2627 2603
3 2603 2627 2628
3 2603 2628 2604
3 2604 2628 2629
3 2604 2629 2605
3 2605 2629 2630
3 2605 2630 2606
3 2606 2630 2631
3 2606 2631 2607
3 2607 2631 2632
3 2607 2632 2608
3 2608 2632 2633
3 2608 2633 2609
3 2609 2633 2634
3 2609 2634 2610
3 2610 2634 2635
3 2610 2635 2611
3 2611 2635 2636
3 2611 2636 2612
3 2612 2636 2637
3 2612 2637 2613
3 2613 2637 2638
3 2613 2638 2614
3 2614 2638 2639
3 2614 2639 2615
3 2615 2639 2616
3 2615 2616 2592
3 2616 2640 2641
3 2616 2641 2617
3 2617 2641 2642
3 2617 2642 2618
3 2618 2642 2643
3 2618 2643 2619
3 2619 2643 2644
3 2619 2644 2620
3 2620 2644 2645
3 2620 2645 2621
3 2621 2645 2646
3 2621 2646 2622
3 2622 2646 2647
3 2622 2647 2623
3 2623 2647 2648
3 2623 2648 2624
3 2624 2648 2649
3 2624 2649 2625
3 2625 2649 2650
3 2625 2650 2626
3 2626 2650 2651
3 2626 2651 2627
3 2627 2651 2652
3 2627 2652 2628
3 2628 2652 2653
3 2628 2653 2629
3 2629 2653 2654
3 2629 2654 2630
3 2630 2654 2655
3 2630 2655 2631
3 2631 2655 2656
3 2631 2656 2632
3 2632 2656 2657
3 2632 2657 2633
3 2633 2657 2658
3 2633 2658 2634
3 2634 2658 2659
3 2634 2659 2635
3 2635 2659 2660
3 2635 2660 2636
3 2636 2660 2661
3 2636 2661 2637
3 2637 2661 2662
3 2637 2662 2638
3 2638 2662 2663
3 2638 2663 2639
3 2639 2663 2640
3 2639 2640 2616
3 2640 2664 2665
3 2640 2665 2641
3 2641 2665 2666
3 2641 2666 2642
3 2642 2666 2667
3 2642 2667 2643
3 2643 2667 2668
3 2643 2668 2644
3 2644 2668 2669
3 2644 2669 2645
3 2645 2669 2670
3 2645 2670 2646
3 2646 2670 2671
3 2646 2671 2647
3 2647 2671 2672
3 2647 2672 2648
3 2648 2672 2673
3 2648 2673 2649
3 2649 2673 2674
3 2649 2674 2650
3 2650 2674 2675
3 2650 2675 2651
3 2651 2675 2676
3 2651 2676 2652
3 2652 2676 2677
3 2652 2677 2653
3 2653 2677 2678
3 2653 2678 2654
3 2654 2678 2679
3 2654 2679 2655
3 2655 2679 2680
3 2655 2680 2656
3 2656 2680 2681
3 2656 2681 2657
3 2657 2681 2682
3 2657 2682 2658
3 2658 2682 2683
3 2658 2683 2659
3 2659 2683 2684
3 2659 2684 2660
3 2660 2684 2685
3 2660 2685 2661
3 2661 2685 2686
3 2661 2686 2662
3 2662 2686 2687
3 2662 2687 2663
3 2663 2687 2664
3 2663 2664 2640
3 2664 2688 2689
3 2664 2689 2665
3 2665 2689 2690
3 2665 2690 2666
3 2666 2690 2691
3 2666 2691 2667
3 2667 2691 2692
3 2667 2692 2668
3 2668 2692 2693
3 2668 2693 2669
3 2669 2693 2694
3 2669 2694 2670
3 2670 2694 2695
3 2670 2695 2671
3 2671 2695 2696
3 2671 2696 2672
3 2672 2696 2697
3 2672 2697 2673
3 2673 2697 2698
3 2673 2698 2674
3 2674 2698 2699
3 2674 2699 2675
3 2675 2699 2700
3 2675 2700 2676
3 2676 2700 2701
3 2676 2701 2677
3 2677 2701 2702
3 2677 2702 2678
3 2678 2702 2703
3 2678 2703 2679
3 2679 2703 2704
3 2679 2704 2680
3 2680 2704 2705
3 2680 2705 2681
3 2681 2705 2706
3 2681 2706 2682
3 2682 2706 2707
3 2682 2707 2683
3 2683 2707 2708
3 2683 2708 2684
3 2684 2708 2709
3 2684 2709 2685
3 2685 2709 2710
3 2685 2710 2686
3 2686 2710 2711
3 2686 2711 2687
3 2687 2711 2688
3 2687 2688 2664
3 2688 2712 2713
3 2688 2713 2689
3 2689 2713 2714
3 2689 2714 2690
3 2690 2714 2715
3 2690 2715 2691
3 2691 2715 2716
3 2691 2716 2692
3 2692 2716 2717
3 2692 2717 2693
3 2693 2717 2718
3 2693 2718 2694
3 2694 2718 2719
3 2694 2719 2695
3 2695 2719 2720
3 2695 2720 2696
3 2696 2720 2721
3 2696 2721 2697
3 2697 2721 2722
3 2697 2722 2698
3 2698 2722 2723
3 2698 2723 2699
3 2699 2723 2724
3 2699 2724 2700
3 2700 2724 2725
3 2700 2725 2701
3 2701 2725 2726
3 2701 2726 2702
3 2702 2726 2727
3 2702 2727 2703
3 2703 2727 2728
3 2703 2728 2704
3 2704 2728 2729
3 2704 2729 2705
3 2705 2729 2730
3 2705 2730 2706
3 2706 2730 2731
3 2706 2731 2707
3 2707 2731 2732
3 2707 2732 2708
3 2708 2732 2733
3 2708 2733 2709
3 2709 2733 2734
3 2709 2734 2710
3 2710 2734 2735
3 2710 2735 2711
3 2711 2735 2712
3 2711 2712 2688
3 2712 2736 2737
3 2712 2737 2713
3 2713 2737 2738
3 2713 2738 2714
3 2714 2738 2739
3 2714 2739 2715
3 2715 2739 2740
3 2715 2740 2716
3 2716 2740 2741
3 2716 2741 2717
3 2717 2741 2742
3 2717 2742 2718
3 2718 2742 2743
3 2718 2743 2719
3 2719 2743 2744
3 2719 2744 2720
3 2720 2744 2745
3 2720 2745 2721
3 2721 2745 2746
3 2721 2746 2722
3 2722 2746 2747
3 2722 2747 2723
3 2723 2747 2748
3 2723 2748 2724
3 2724 2748 2749
3 2724 2749 2725
3 2725 2749 2750
3 2725 2750 2726
3 2726 2750 2751
3 2726 2751 2727
3 2727 2751 2752
3 2727 2752 2728
3 2728 2752 2753
3 2728 2753 2729
3 2729 2753 2754
3 2729 2754 2730
3 2730 2754 2755
3 2730 2755 2731
3 2731 2755 2756
3 2731 2756 2732
3 2732 2756 2757
3 2732 2757 2733
3 2733 2757 2758
3 2733 2758 2734
3 2734 2758 2759
3 2734 2759 2735
3 2735 2759 2736
3 2735 2736 2712
3 2736 2760 2761
3 2736 2761 2737
3 2737 2761 2762
3 2737 2762 2738
3 2738 2762 2763
3 2738 2763 2739
3 2739 2763 2764
3 2739 2764 2740
3 2740 2764 2765
3 2740 2765 2741
3 2741 2765 2766
3 2741 2766 2742
3 2742 2766 2767
3 2742 2767 2743
3 2743 2767 2768
3 2743 2768 2744
3 2744 2768 2769
3 2744 2769 2745
3 2745 2769 2770
3 2745 2770 2746
3 2746 2770 2771
3 2746 2771 2747
3 2747 2771 2772
3 2747 2772 2748
3 2748 2772 2773
3 2748 2773 2749
3 2749 2773 2774
3 2749 2774 2750
3 2750 2774 2775
3 2750 2775 2751
3 2751 2775 2776
3 2751 2776 2752
3 2752 2776 2777
3 2752 2777 2753
3 2753 2777 2778
3 2753 2778 2754
3 2754 2778 2779
3 2754 2779 2755
3 2755 2779 2780
3 2755 2780 2756
3 2756 2780 2781
3 2756 2781 2757
3 2757 2781 2782
3 2757 2782 2758
3 2758 2782 2783
3 2758 2783 2759
3 2759 2783 2760
3 2759 2760 2736
3 2760 2784 2785
3 2760 2785 2761
3 2761 2785 2786
3 2761 2786 2762
3 2762 2786 2787
3 2762 2787 2763
3 2763 2787 2788
3 2763 2788 2764
3 2764 2788 2789
3 2764 2789 2765
3 2765 2789 2790
3 2765 2790 2766
3 2766 2790 2791
3 2766 2791 2767
3 2767 2791 2792
3 2767 2792 2768
3 2768 2792 2793
3 2768 2793 2769
3 2769 2793 2794
3 2769 2794 2770
3 2770 2794 2795
3 2770 2795 2771
3 2771 2795 2796
3 2771 2796 2772
3 2772 2796 2797
3 2772 2797 2773
3 2773 2797 2798
3 2773 2798 2774
3 2774 2798 2799
3 2774 2799 2775
3 2775 2799 2800
3 2775 2800 2776
3 2776 2800 2801
3 2776 2801 2777
3 2777 2801 2802
3 2777 2802 2778
3 2778 2802 2803
3 2778 2803 2779
3 2779 2803 2804
3 2779 2804 2780
3 2780 2804 2805
3 2780 2805 2781
3 2781 2805 2806
3 2781 2806 2782
3 2782 2806 2807
3 2782 2807 2783
3 2783 2807 2784
3 2783 2784 2760
3 2784 2808 2809
3 2784 2809 2785
3 2785 2809 2810
3 2785 2810 2786
3 2786 2810 2811
3 2786 2811 2787
3 2787 2811 2812
3 2787 2812 2788
3 2788 2812 2813
3 2788 2813 2789
3 2789 2813 2814
3 2789 2814 2790
3 2790 2814 2815
3 2790 2815 2791
3 2791 2815 2816
3 2791 2816 2792
3 2792 2816 2817
3 2792 2817 2793
3 2793 2817 2818
3 2793 2818 2794
3 2794 2818 2819
3 2794 2819 2795
3 2795 2819 2820
3 2795 2820 2796
3 2796 2820 2821
3 2796 2821 2797
3 2797 2821 2822
3 2797 2822 2798
3 2798 2822 2823
3 2798 2823 2799
3 2799 2823 2824
3 2799 2824 2800
3 2800 2824 2825
3 2800 2825 2801
3 2801 2825 2826
3 2801 2826 2802
3 2802 2826 2827
3 2802 2827 2803
3 2803 2827 2828
3 2803 2828 2804
3 2804 2828 2829
3 2804 2829 2805
3 2805 2829 2830
3 2805 2830 2806
3 2806 2830 2831
3 2806 2831 2807
3 2807 2831 2808
3 2807 2808 2784
3 2808 2832 2833
3 2808 2833 2809
3 2809 2833 2834
3 2809 2834 2810
3 2810 2834 2835
3 2810 2835 2811
3 2811 2835 2836
3 2811 2836 2812
3 2812 2836 2837
3 2812 2837 2813
3 2813 2837 2838
3 2813 2838 2814
3 2814 2838 2839
3 2814 2839 2815
3 2815 2839 2840
3 2815 2840 2816
3 2816 2840 2841
3 2816 2841 2817
3 2817 2841 2842
3 2817 2842 2818
3 2818 2842 2843
3 2818 2843 2819
3 2819 2843 2844
3 2819 2844 2820
3 2820 2844 2845
3 2820 2845 2821
3 2821 2845 2846
3 2821 2846 2822
3 2822 2846 2847
3 2822 2847 2823
3 2823 2847 2848
3 2823 2848 2824
3 2824 2848 2849
3 2824 2849 2825
3 2825 2849 2850
3 2825 2850 2826
3 2826 2850 2851
3 2826 2851 2827
3 2827 2851 2852
3 2827 2852 2828
3 2828 2852 2853
3 2828 2853 2829
3 2829 2853 2854
3 2829 2854 2830
3 2830 2854 2855
3 2830 2855 2831
3 2831 2855 2832
3 2831 2832 2808
3 2832 2856 2857
3 2832 2857 2833
3 2833 2857 2858
3 2833 2858 2834
3 2834 2858 2859
3 2834 2859 2835
3 2835 2859 2860
3 2835 2860 2836
3 2836 2860 2861
3 2836 2861 2837
3 2837 2861 2862
3 2837 2862 2838
3 2838 2862 2863
3 2838 2863 2839
3 2839 2863 2864
3 2839 2864 2840
3 2840 2864 2865
3 2840 2865 2841
3 2841 2865 2866
3 2841 2866 2842
3 2842 2866 2867
3 2842 2867 2843
3 2843 2867 2868
3 2843 2868 2844
3 2844 2868 2869
3 2844 2869 2845
3 2845 2869 2870
3 2845 2870 2846
3 2846 2870 2871
3 2846 2871 2847
3 2847 2871 2872
3 2847 2872 2848
3 2848 2872 2873
3 2848 2873 2849
3 2849 2873 2874
3 2849 2874 2850
3 2850 2874 2875
3 2850 2875 2851
3 2851 2875 2876
3 2851 2876 2852
3 2852 2876 2877
3 2852 2877 2853
3 2853 2877 2878
3 2853 2878 2854
3 2854 2878 2879
3 2854 2879 2855
3 2855 2879 2856
3 2855 2856 2832
3 2856 0 1
3 2856 1 2857
3 2857 1 2
3 2857 2 2858
3 2858 2 3
3 2858 3 2859
3 2859 3 4
3 2859 4 2860
3 2860 4 5
3 2860 5 2861
3 2861 5 6
3 2861 6 2862
3 2862 6 7
3 2862 7 2863
3 2863 7 8
3 2863 8 2864
3 2864 8 9
3 2864 9 2865
3 2865 9 10
3 2865 10 2866
3 2866 10 11
3 2866 11 2867
3 2867 11 12
3 2867 12 2868
3 2868 12 13
3 2868 13 2869
3 2869 13 14
3 2869 14 2870
3 2870 14 15
3 2870 15 2871
3 2871 15 16
3 2871 16 2872
3 2872 16 17
3 2872 17 2873
3 2873 17 18
3 2873 18 2874
3 2874 18 19
3 2874 19 2875
3 2875 19 20
3 2875 20 2876
3 2876 20 21
3 2876 21 2877
3 2877 21 22
3 2877 22 2878
3 2878 22 23
3 2878 23 2879
3 2879 23 0
3 2879 0 2856
